"canonical_locality_id","arabic_name","source_id","source_record_id","source_path","source_sha256","match_method","review_status","review_reference"
"LB-LOC-10110","عين المريسه","SRC-NATIONAL-VILLAGE-MANIFEST","10110","C:\APEX\UL2A_AR_FINALIZER_V1_0_0\APEX_WATANYBOT_UL2A_AR_NATIONAL_MANIFEST_FINALIZER_V1_0_0_PACKAGE\village_manifest.csv","a8c810368436869531bd825a16fb42b9c9680e415648decad6d53bfa012e9760","exact-adm3-pcode","accepted","UL2A-AR-NATIONAL-MANIFEST-1.0.2"
"LB-LOC-10150","راس بيروت","SRC-NATIONAL-VILLAGE-MANIFEST","10150","C:\APEX\UL2A_AR_FINALIZER_V1_0_0\APEX_WATANYBOT_UL2A_AR_NATIONAL_MANIFEST_FINALIZER_V1_0_0_PACKAGE\village_manifest.csv","a8c810368436869531bd825a16fb42b9c9680e415648decad6d53bfa012e9760","exact-adm3-pcode","accepted","UL2A-AR-NATIONAL-MANIFEST-1.0.2"
"LB-LOC-10210","مصيطبة","SRC-NATIONAL-VILLAGE-MANIFEST","10210","C:\APEX\UL2A_AR_FINALIZER_V1_0_0\APEX_WATANYBOT_UL2A_AR_NATIONAL_MANIFEST_FINALIZER_V1_0_0_PACKAGE\village_manifest.csv","a8c810368436869531bd825a16fb42b9c9680e415648decad6d53bfa012e9760","exact-adm3-pcode","accepted","UL2A-AR-NATIONAL-MANIFEST-1.0.2"
"LB-LOC-10250","مينا الحصن","SRC-NATIONAL-VILLAGE-MANIFEST","10250","C:\APEX\UL2A_AR_FINALIZER_V1_0_0\APEX_WATANYBOT_UL2A_AR_NATIONAL_MANIFEST_FINALIZER_V1_0_0_PACKAGE\village_manifest.csv","a8c810368436869531bd825a16fb42b9c9680e415648decad6d53bfa012e9760","exact-adm3-pcode","accepted","UL2A-AR-NATIONAL-MANIFEST-1.0.2"
"LB-LOC-10310","المزرعة","SRC-NATIONAL-VILLAGE-MANIFEST","10310","C:\APEX\UL2A_AR_FINALIZER_V1_0_0\APEX_WATANYBOT_UL2A_AR_NATIONAL_MANIFEST_FINALIZER_V1_0_0_PACKAGE\village_manifest.csv","a8c810368436869531bd825a16fb42b9c9680e415648decad6d53bfa012e9760","exact-adm3-pcode","accepted","UL2A-AR-NATIONAL-MANIFEST-1.0.2"
"LB-LOC-10350","باشورة","SRC-NATIONAL-VILLAGE-MANIFEST","10350","C:\APEX\UL2A_AR_FINALIZER_V1_0_0\APEX_WATANYBOT_UL2A_AR_NATIONAL_MANIFEST_FINALIZER_V1_0_0_PACKAGE\village_manifest.csv","a8c810368436869531bd825a16fb42b9c9680e415648decad6d53bfa012e9760","exact-adm3-pcode","accepted","UL2A-AR-NATIONAL-MANIFEST-1.0.2"
"LB-LOC-10410","زقاق البلاط","SRC-NATIONAL-VILLAGE-MANIFEST","10410","C:\APEX\UL2A_AR_FINALIZER_V1_0_0\APEX_WATANYBOT_UL2A_AR_NATIONAL_MANIFEST_FINALIZER_V1_0_0_PACKAGE\village_manifest.csv","a8c810368436869531bd825a16fb42b9c9680e415648decad6d53bfa012e9760","exact-adm3-pcode","accepted","UL2A-AR-NATIONAL-MANIFEST-1.0.2"
"LB-LOC-10450","مرفأ","SRC-NATIONAL-VILLAGE-MANIFEST","10450","C:\APEX\UL2A_AR_FINALIZER_V1_0_0\APEX_WATANYBOT_UL2A_AR_NATIONAL_MANIFEST_FINALIZER_V1_0_0_PACKAGE\village_manifest.csv","a8c810368436869531bd825a16fb42b9c9680e415648decad6d53bfa012e9760","exact-adm3-pcode","accepted","UL2A-AR-NATIONAL-MANIFEST-1.0.2"
"LB-LOC-10510","صيفي","SRC-NATIONAL-VILLAGE-MANIFEST","10510","C:\APEX\UL2A_AR_FINALIZER_V1_0_0\APEX_WATANYBOT_UL2A_AR_NATIONAL_MANIFEST_FINALIZER_V1_0_0_PACKAGE\village_manifest.csv","a8c810368436869531bd825a16fb42b9c9680e415648decad6d53bfa012e9760","exact-adm3-pcode","accepted","UL2A-AR-NATIONAL-MANIFEST-1.0.2"
"LB-LOC-10550","رميل","SRC-NATIONAL-VILLAGE-MANIFEST","10550","C:\APEX\UL2A_AR_FINALIZER_V1_0_0\APEX_WATANYBOT_UL2A_AR_NATIONAL_MANIFEST_FINALIZER_V1_0_0_PACKAGE\village_manifest.csv","a8c810368436869531bd825a16fb42b9c9680e415648decad6d53bfa012e9760","exact-adm3-pcode","accepted","UL2A-AR-NATIONAL-MANIFEST-1.0.2"
"LB-LOC-10610","مدور","SRC-NATIONAL-VILLAGE-MANIFEST","10610","C:\APEX\UL2A_AR_FINALIZER_V1_0_0\APEX_WATANYBOT_UL2A_AR_NATIONAL_MANIFEST_FINALIZER_V1_0_0_PACKAGE\village_manifest.csv","a8c810368436869531bd825a16fb42b9c9680e415648decad6d53bfa012e9760","exact-adm3-pcode","accepted","UL2A-AR-NATIONAL-MANIFEST-1.0.2"
"LB-LOC-10650","الاشرفية","SRC-NATIONAL-VILLAGE-MANIFEST","10650","C:\APEX\UL2A_AR_FINALIZER_V1_0_0\APEX_WATANYBOT_UL2A_AR_NATIONAL_MANIFEST_FINALIZER_V1_0_0_PACKAGE\village_manifest.csv","a8c810368436869531bd825a16fb42b9c9680e415648decad6d53bfa012e9760","exact-adm3-pcode","accepted","UL2A-AR-NATIONAL-MANIFEST-1.0.2"
"LB-LOC-10999","وسط بيروت","SRC-NATIONAL-VILLAGE-MANIFEST","10999","C:\APEX\UL2A_AR_FINALIZER_V1_0_0\APEX_WATANYBOT_UL2A_AR_NATIONAL_MANIFEST_FINALIZER_V1_0_0_PACKAGE\village_manifest.csv","a8c810368436869531bd825a16fb42b9c9680e415648decad6d53bfa012e9760","exact-adm3-pcode","accepted","UL2A-AR-NATIONAL-MANIFEST-1.0.2"
"LB-LOC-21111","شياح","SRC-NATIONAL-VILLAGE-MANIFEST","21111","C:\APEX\UL2A_AR_FINALIZER_V1_0_0\APEX_WATANYBOT_UL2A_AR_NATIONAL_MANIFEST_FINALIZER_V1_0_0_PACKAGE\village_manifest.csv","a8c810368436869531bd825a16fb42b9c9680e415648decad6d53bfa012e9760","exact-adm3-pcode","accepted","UL2A-AR-NATIONAL-MANIFEST-1.0.2"
"LB-LOC-21133","فرن الشباك","SRC-NATIONAL-VILLAGE-MANIFEST","21133","C:\APEX\UL2A_AR_FINALIZER_V1_0_0\APEX_WATANYBOT_UL2A_AR_NATIONAL_MANIFEST_FINALIZER_V1_0_0_PACKAGE\village_manifest.csv","a8c810368436869531bd825a16fb42b9c9680e415648decad6d53bfa012e9760","exact-adm3-pcode","accepted","UL2A-AR-NATIONAL-MANIFEST-1.0.2"
"LB-LOC-21144","حارة حريك","SRC-NATIONAL-VILLAGE-MANIFEST","21144","C:\APEX\UL2A_AR_FINALIZER_V1_0_0\APEX_WATANYBOT_UL2A_AR_NATIONAL_MANIFEST_FINALIZER_V1_0_0_PACKAGE\village_manifest.csv","a8c810368436869531bd825a16fb42b9c9680e415648decad6d53bfa012e9760","exact-adm3-pcode","accepted","UL2A-AR-NATIONAL-MANIFEST-1.0.2"
"LB-LOC-21166","ليلكي","SRC-NATIONAL-VILLAGE-MANIFEST","21166","C:\APEX\UL2A_AR_FINALIZER_V1_0_0\APEX_WATANYBOT_UL2A_AR_NATIONAL_MANIFEST_FINALIZER_V1_0_0_PACKAGE\village_manifest.csv","a8c810368436869531bd825a16fb42b9c9680e415648decad6d53bfa012e9760","exact-adm3-pcode","accepted","UL2A-AR-NATIONAL-MANIFEST-1.0.2"
"LB-LOC-21177","برج البراجنة","SRC-NATIONAL-VILLAGE-MANIFEST","21177","C:\APEX\UL2A_AR_FINALIZER_V1_0_0\APEX_WATANYBOT_UL2A_AR_NATIONAL_MANIFEST_FINALIZER_V1_0_0_PACKAGE\village_manifest.csv","a8c810368436869531bd825a16fb42b9c9680e415648decad6d53bfa012e9760","exact-adm3-pcode","accepted","UL2A-AR-NATIONAL-MANIFEST-1.0.2"
"LB-LOC-21188","تحويطة الغدير","SRC-NATIONAL-VILLAGE-MANIFEST","21188","C:\APEX\UL2A_AR_FINALIZER_V1_0_0\APEX_WATANYBOT_UL2A_AR_NATIONAL_MANIFEST_FINALIZER_V1_0_0_PACKAGE\village_manifest.csv","a8c810368436869531bd825a16fb42b9c9680e415648decad6d53bfa012e9760","exact-adm3-pcode","accepted","UL2A-AR-NATIONAL-MANIFEST-1.0.2"
"LB-LOC-21211","بعبدا","SRC-NATIONAL-VILLAGE-MANIFEST","21211","C:\APEX\UL2A_AR_FINALIZER_V1_0_0\APEX_WATANYBOT_UL2A_AR_NATIONAL_MANIFEST_FINALIZER_V1_0_0_PACKAGE\village_manifest.csv","a8c810368436869531bd825a16fb42b9c9680e415648decad6d53bfa012e9760","exact-adm3-pcode","accepted","UL2A-AR-NATIONAL-MANIFEST-1.0.2"
"LB-LOC-21219","حدث","SRC-NATIONAL-VILLAGE-MANIFEST","21219","C:\APEX\UL2A_AR_FINALIZER_V1_0_0\APEX_WATANYBOT_UL2A_AR_NATIONAL_MANIFEST_FINALIZER_V1_0_0_PACKAGE\village_manifest.csv","a8c810368436869531bd825a16fb42b9c9680e415648decad6d53bfa012e9760","exact-adm3-pcode","accepted","UL2A-AR-NATIONAL-MANIFEST-1.0.2"
"LB-LOC-21227","بطشيه","SRC-NATIONAL-VILLAGE-MANIFEST","21227","C:\APEX\UL2A_AR_FINALIZER_V1_0_0\APEX_WATANYBOT_UL2A_AR_NATIONAL_MANIFEST_FINALIZER_V1_0_0_PACKAGE\village_manifest.csv","a8c810368436869531bd825a16fb42b9c9680e415648decad6d53bfa012e9760","exact-adm3-pcode","accepted","UL2A-AR-NATIONAL-MANIFEST-1.0.2"
"LB-LOC-21235","مرداشة","SRC-NATIONAL-VILLAGE-MANIFEST","21235","C:\APEX\UL2A_AR_FINALIZER_V1_0_0\APEX_WATANYBOT_UL2A_AR_NATIONAL_MANIFEST_FINALIZER_V1_0_0_PACKAGE\village_manifest.csv","a8c810368436869531bd825a16fb42b9c9680e415648decad6d53bfa012e9760","exact-adm3-pcode","accepted","UL2A-AR-NATIONAL-MANIFEST-1.0.2"
"LB-LOC-21243","لويزة","SRC-NATIONAL-VILLAGE-MANIFEST","21243","C:\APEX\UL2A_AR_FINALIZER_V1_0_0\APEX_WATANYBOT_UL2A_AR_NATIONAL_MANIFEST_FINALIZER_V1_0_0_PACKAGE\village_manifest.csv","a8c810368436869531bd825a16fb42b9c9680e415648decad6d53bfa012e9760","exact-adm3-pcode","accepted","UL2A-AR-NATIONAL-MANIFEST-1.0.2"
"LB-LOC-21251","كفرشيما","SRC-NATIONAL-VILLAGE-MANIFEST","21251","C:\APEX\UL2A_AR_FINALIZER_V1_0_0\APEX_WATANYBOT_UL2A_AR_NATIONAL_MANIFEST_FINALIZER_V1_0_0_PACKAGE\village_manifest.csv","a8c810368436869531bd825a16fb42b9c9680e415648decad6d53bfa012e9760","exact-adm3-pcode","accepted","UL2A-AR-NATIONAL-MANIFEST-1.0.2"
"LB-LOC-21259","وادي شحرور السفلى","SRC-NATIONAL-VILLAGE-MANIFEST","21259","C:\APEX\UL2A_AR_FINALIZER_V1_0_0\APEX_WATANYBOT_UL2A_AR_NATIONAL_MANIFEST_FINALIZER_V1_0_0_PACKAGE\village_manifest.csv","a8c810368436869531bd825a16fb42b9c9680e415648decad6d53bfa012e9760","exact-adm3-pcode","accepted","UL2A-AR-NATIONAL-MANIFEST-1.0.2"
"LB-LOC-21267","وادي شحرور العليا","SRC-NATIONAL-VILLAGE-MANIFEST","21267","C:\APEX\UL2A_AR_FINALIZER_V1_0_0\APEX_WATANYBOT_UL2A_AR_NATIONAL_MANIFEST_FINALIZER_V1_0_0_PACKAGE\village_manifest.csv","a8c810368436869531bd825a16fb42b9c9680e415648decad6d53bfa012e9760","exact-adm3-pcode","accepted","UL2A-AR-NATIONAL-MANIFEST-1.0.2"
"LB-LOC-21275","حارة الست","SRC-NATIONAL-VILLAGE-MANIFEST","21275","C:\APEX\UL2A_AR_FINALIZER_V1_0_0\APEX_WATANYBOT_UL2A_AR_NATIONAL_MANIFEST_FINALIZER_V1_0_0_PACKAGE\village_manifest.csv","a8c810368436869531bd825a16fb42b9c9680e415648decad6d53bfa012e9760","exact-adm3-pcode","accepted","UL2A-AR-NATIONAL-MANIFEST-1.0.2"
"LB-LOC-21283","بسابا وادي الدلب","SRC-NATIONAL-VILLAGE-MANIFEST","21283","C:\APEX\UL2A_AR_FINALIZER_V1_0_0\APEX_WATANYBOT_UL2A_AR_NATIONAL_MANIFEST_FINALIZER_V1_0_0_PACKAGE\village_manifest.csv","a8c810368436869531bd825a16fb42b9c9680e415648decad6d53bfa012e9760","exact-adm3-pcode","accepted","UL2A-AR-NATIONAL-MANIFEST-1.0.2"
"LB-LOC-21311","بعلشميه","SRC-NATIONAL-VILLAGE-MANIFEST","21311","C:\APEX\UL2A_AR_FINALIZER_V1_0_0\APEX_WATANYBOT_UL2A_AR_NATIONAL_MANIFEST_FINALIZER_V1_0_0_PACKAGE\village_manifest.csv","a8c810368436869531bd825a16fb42b9c9680e415648decad6d53bfa012e9760","exact-adm3-pcode","accepted","UL2A-AR-NATIONAL-MANIFEST-1.0.2"
"LB-LOC-21314","عين موفق","SRC-NATIONAL-VILLAGE-MANIFEST","21314","C:\APEX\UL2A_AR_FINALIZER_V1_0_0\APEX_WATANYBOT_UL2A_AR_NATIONAL_MANIFEST_FINALIZER_V1_0_0_PACKAGE\village_manifest.csv","a8c810368436869531bd825a16fb42b9c9680e415648decad6d53bfa012e9760","exact-adm3-pcode","accepted","UL2A-AR-NATIONAL-MANIFEST-1.0.2"
"LB-LOC-21317","رويسة البلوط","SRC-NATIONAL-VILLAGE-MANIFEST","21317","C:\APEX\UL2A_AR_FINALIZER_V1_0_0\APEX_WATANYBOT_UL2A_AR_NATIONAL_MANIFEST_FINALIZER_V1_0_0_PACKAGE\village_manifest.csv","a8c810368436869531bd825a16fb42b9c9680e415648decad6d53bfa012e9760","exact-adm3-pcode","accepted","UL2A-AR-NATIONAL-MANIFEST-1.0.2"
"LB-LOC-21321","مزيرعة بعبدا","SRC-NATIONAL-VILLAGE-MANIFEST","21321","C:\APEX\UL2A_AR_FINALIZER_V1_0_0\APEX_WATANYBOT_UL2A_AR_NATIONAL_MANIFEST_FINALIZER_V1_0_0_PACKAGE\village_manifest.csv","a8c810368436869531bd825a16fb42b9c9680e415648decad6d53bfa012e9760","exact-adm3-pcode","accepted","UL2A-AR-NATIONAL-MANIFEST-1.0.2"
"LB-LOC-21324","هلالية","SRC-NATIONAL-VILLAGE-MANIFEST","21324","C:\APEX\UL2A_AR_FINALIZER_V1_0_0\APEX_WATANYBOT_UL2A_AR_NATIONAL_MANIFEST_FINALIZER_V1_0_0_PACKAGE\village_manifest.csv","a8c810368436869531bd825a16fb42b9c9680e415648decad6d53bfa012e9760","exact-adm3-pcode","accepted","UL2A-AR-NATIONAL-MANIFEST-1.0.2"
"LB-LOC-21327","حارة حمزة","SRC-NATIONAL-VILLAGE-MANIFEST","21327","C:\APEX\UL2A_AR_FINALIZER_V1_0_0\APEX_WATANYBOT_UL2A_AR_NATIONAL_MANIFEST_FINALIZER_V1_0_0_PACKAGE\village_manifest.csv","a8c810368436869531bd825a16fb42b9c9680e415648decad6d53bfa012e9760","exact-adm3-pcode","accepted","UL2A-AR-NATIONAL-MANIFEST-1.0.2"
"LB-LOC-21331","قتالة","SRC-NATIONAL-VILLAGE-MANIFEST","21331","C:\APEX\UL2A_AR_FINALIZER_V1_0_0\APEX_WATANYBOT_UL2A_AR_NATIONAL_MANIFEST_FINALIZER_V1_0_0_PACKAGE\village_manifest.csv","a8c810368436869531bd825a16fb42b9c9680e415648decad6d53bfa012e9760","exact-adm3-pcode","accepted","UL2A-AR-NATIONAL-MANIFEST-1.0.2"
"LB-LOC-21334","راس الحرف","SRC-NATIONAL-VILLAGE-MANIFEST","21334","C:\APEX\UL2A_AR_FINALIZER_V1_0_0\APEX_WATANYBOT_UL2A_AR_NATIONAL_MANIFEST_FINALIZER_V1_0_0_PACKAGE\village_manifest.csv","a8c810368436869531bd825a16fb42b9c9680e415648decad6d53bfa012e9760","exact-adm3-pcode","accepted","UL2A-AR-NATIONAL-MANIFEST-1.0.2"
"LB-LOC-21337","دير خونة","SRC-NATIONAL-VILLAGE-MANIFEST","21337","C:\APEX\UL2A_AR_FINALIZER_V1_0_0\APEX_WATANYBOT_UL2A_AR_NATIONAL_MANIFEST_FINALIZER_V1_0_0_PACKAGE\village_manifest.csv","a8c810368436869531bd825a16fb42b9c9680e415648decad6d53bfa012e9760","exact-adm3-pcode","accepted","UL2A-AR-NATIONAL-MANIFEST-1.0.2"
"LB-LOC-21341","عبادية","SRC-NATIONAL-VILLAGE-MANIFEST","21341","C:\APEX\UL2A_AR_FINALIZER_V1_0_0\APEX_WATANYBOT_UL2A_AR_NATIONAL_MANIFEST_FINALIZER_V1_0_0_PACKAGE\village_manifest.csv","a8c810368436869531bd825a16fb42b9c9680e415648decad6d53bfa012e9760","exact-adm3-pcode","accepted","UL2A-AR-NATIONAL-MANIFEST-1.0.2"
"LB-LOC-21344","قرية","SRC-NATIONAL-VILLAGE-MANIFEST","21344","C:\APEX\UL2A_AR_FINALIZER_V1_0_0\APEX_WATANYBOT_UL2A_AR_NATIONAL_MANIFEST_FINALIZER_V1_0_0_PACKAGE\village_manifest.csv","a8c810368436869531bd825a16fb42b9c9680e415648decad6d53bfa012e9760","exact-adm3-pcode","accepted","UL2A-AR-NATIONAL-MANIFEST-1.0.2"
"LB-LOC-21347","شميسة","SRC-NATIONAL-VILLAGE-MANIFEST","21347","C:\APEX\UL2A_AR_FINALIZER_V1_0_0\APEX_WATANYBOT_UL2A_AR_NATIONAL_MANIFEST_FINALIZER_V1_0_0_PACKAGE\village_manifest.csv","a8c810368436869531bd825a16fb42b9c9680e415648decad6d53bfa012e9760","exact-adm3-pcode","accepted","UL2A-AR-NATIONAL-MANIFEST-1.0.2"
"LB-LOC-21351","راس المتن","SRC-NATIONAL-VILLAGE-MANIFEST","21351","C:\APEX\UL2A_AR_FINALIZER_V1_0_0\APEX_WATANYBOT_UL2A_AR_NATIONAL_MANIFEST_FINALIZER_V1_0_0_PACKAGE\village_manifest.csv","a8c810368436869531bd825a16fb42b9c9680e415648decad6d53bfa012e9760","exact-adm3-pcode","accepted","UL2A-AR-NATIONAL-MANIFEST-1.0.2"
"LB-LOC-21354","شويت","SRC-NATIONAL-VILLAGE-MANIFEST","21354","C:\APEX\UL2A_AR_FINALIZER_V1_0_0\APEX_WATANYBOT_UL2A_AR_NATIONAL_MANIFEST_FINALIZER_V1_0_0_PACKAGE\village_manifest.csv","a8c810368436869531bd825a16fb42b9c9680e415648decad6d53bfa012e9760","exact-adm3-pcode","accepted","UL2A-AR-NATIONAL-MANIFEST-1.0.2"
"LB-LOC-21357","قبيع","SRC-NATIONAL-VILLAGE-MANIFEST","21357","C:\APEX\UL2A_AR_FINALIZER_V1_0_0\APEX_WATANYBOT_UL2A_AR_NATIONAL_MANIFEST_FINALIZER_V1_0_0_PACKAGE\village_manifest.csv","a8c810368436869531bd825a16fb42b9c9680e415648decad6d53bfa012e9760","exact-adm3-pcode","accepted","UL2A-AR-NATIONAL-MANIFEST-1.0.2"
"LB-LOC-21361","قرطادة","SRC-NATIONAL-VILLAGE-MANIFEST","21361","C:\APEX\UL2A_AR_FINALIZER_V1_0_0\APEX_WATANYBOT_UL2A_AR_NATIONAL_MANIFEST_FINALIZER_V1_0_0_PACKAGE\village_manifest.csv","a8c810368436869531bd825a16fb42b9c9680e415648decad6d53bfa012e9760","exact-adm3-pcode","accepted","UL2A-AR-NATIONAL-MANIFEST-1.0.2"
"LB-LOC-21364","قصيبة","SRC-NATIONAL-VILLAGE-MANIFEST","21364","C:\APEX\UL2A_AR_FINALIZER_V1_0_0\APEX_WATANYBOT_UL2A_AR_NATIONAL_MANIFEST_FINALIZER_V1_0_0_PACKAGE\village_manifest.csv","a8c810368436869531bd825a16fb42b9c9680e415648decad6d53bfa012e9760","exact-adm3-pcode","accepted","UL2A-AR-NATIONAL-MANIFEST-1.0.2"
"LB-LOC-21367","دير الحرف","SRC-NATIONAL-VILLAGE-MANIFEST","21367","C:\APEX\UL2A_AR_FINALIZER_V1_0_0\APEX_WATANYBOT_UL2A_AR_NATIONAL_MANIFEST_FINALIZER_V1_0_0_PACKAGE\village_manifest.csv","a8c810368436869531bd825a16fb42b9c9680e415648decad6d53bfa012e9760","exact-adm3-pcode","accepted","UL2A-AR-NATIONAL-MANIFEST-1.0.2"
"LB-LOC-21371","عاريا","SRC-NATIONAL-VILLAGE-MANIFEST","21371","C:\APEX\UL2A_AR_FINALIZER_V1_0_0\APEX_WATANYBOT_UL2A_AR_NATIONAL_MANIFEST_FINALIZER_V1_0_0_PACKAGE\village_manifest.csv","a8c810368436869531bd825a16fb42b9c9680e415648decad6d53bfa012e9760","exact-adm3-pcode","accepted","UL2A-AR-NATIONAL-MANIFEST-1.0.2"
"LB-LOC-21374","زندوقة","SRC-NATIONAL-VILLAGE-MANIFEST","21374","C:\APEX\UL2A_AR_FINALIZER_V1_0_0\APEX_WATANYBOT_UL2A_AR_NATIONAL_MANIFEST_FINALIZER_V1_0_0_PACKAGE\village_manifest.csv","a8c810368436869531bd825a16fb42b9c9680e415648decad6d53bfa012e9760","exact-adm3-pcode","accepted","UL2A-AR-NATIONAL-MANIFEST-1.0.2"
"LB-LOC-21377","كنيسة بعبدا","SRC-NATIONAL-VILLAGE-MANIFEST","21377","C:\APEX\UL2A_AR_FINALIZER_V1_0_0\APEX_WATANYBOT_UL2A_AR_NATIONAL_MANIFEST_FINALIZER_V1_0_0_PACKAGE\village_manifest.csv","a8c810368436869531bd825a16fb42b9c9680e415648decad6d53bfa012e9760","exact-adm3-pcode","accepted","UL2A-AR-NATIONAL-MANIFEST-1.0.2"
"LB-LOC-21381","عربانية","SRC-NATIONAL-VILLAGE-MANIFEST","21381","C:\APEX\UL2A_AR_FINALIZER_V1_0_0\APEX_WATANYBOT_UL2A_AR_NATIONAL_MANIFEST_FINALIZER_V1_0_0_PACKAGE\village_manifest.csv","a8c810368436869531bd825a16fb42b9c9680e415648decad6d53bfa012e9760","exact-adm3-pcode","accepted","UL2A-AR-NATIONAL-MANIFEST-1.0.2"
"LB-LOC-21391","دليبه","SRC-NATIONAL-VILLAGE-MANIFEST","21391","C:\APEX\UL2A_AR_FINALIZER_V1_0_0\APEX_WATANYBOT_UL2A_AR_NATIONAL_MANIFEST_FINALIZER_V1_0_0_PACKAGE\village_manifest.csv","a8c810368436869531bd825a16fb42b9c9680e415648decad6d53bfa012e9760","exact-adm3-pcode","accepted","UL2A-AR-NATIONAL-MANIFEST-1.0.2"
"LB-LOC-21394","صليما بعبدا","SRC-NATIONAL-VILLAGE-MANIFEST","21394","C:\APEX\UL2A_AR_FINALIZER_V1_0_0\APEX_WATANYBOT_UL2A_AR_NATIONAL_MANIFEST_FINALIZER_V1_0_0_PACKAGE\village_manifest.csv","a8c810368436869531bd825a16fb42b9c9680e415648decad6d53bfa012e9760","exact-adm3-pcode","accepted","UL2A-AR-NATIONAL-MANIFEST-1.0.2"
"LB-LOC-21397","حاصبيّا المتن","SRC-NATIONAL-VILLAGE-MANIFEST","21397","C:\APEX\UL2A_AR_FINALIZER_V1_0_0\APEX_WATANYBOT_UL2A_AR_NATIONAL_MANIFEST_FINALIZER_V1_0_0_PACKAGE\village_manifest.csv","a8c810368436869531bd825a16fb42b9c9680e415648decad6d53bfa012e9760","exact-adm3-pcode","accepted","UL2A-AR-NATIONAL-MANIFEST-1.0.2"
"LB-LOC-21411","حمانا","SRC-NATIONAL-VILLAGE-MANIFEST","21411","C:\APEX\UL2A_AR_FINALIZER_V1_0_0\APEX_WATANYBOT_UL2A_AR_NATIONAL_MANIFEST_FINALIZER_V1_0_0_PACKAGE\village_manifest.csv","a8c810368436869531bd825a16fb42b9c9680e415648decad6d53bfa012e9760","exact-adm3-pcode","accepted","UL2A-AR-NATIONAL-MANIFEST-1.0.2"
"LB-LOC-21416","القلعة","SRC-NATIONAL-VILLAGE-MANIFEST","21416","C:\APEX\UL2A_AR_FINALIZER_V1_0_0\APEX_WATANYBOT_UL2A_AR_NATIONAL_MANIFEST_FINALIZER_V1_0_0_PACKAGE\village_manifest.csv","a8c810368436869531bd825a16fb42b9c9680e415648decad6d53bfa012e9760","exact-adm3-pcode","accepted","UL2A-AR-NATIONAL-MANIFEST-1.0.2"
"LB-LOC-21421","خلوات","SRC-NATIONAL-VILLAGE-MANIFEST","21421","C:\APEX\UL2A_AR_FINALIZER_V1_0_0\APEX_WATANYBOT_UL2A_AR_NATIONAL_MANIFEST_FINALIZER_V1_0_0_PACKAGE\village_manifest.csv","a8c810368436869531bd825a16fb42b9c9680e415648decad6d53bfa012e9760","exact-adm3-pcode","accepted","UL2A-AR-NATIONAL-MANIFEST-1.0.2"
"LB-LOC-21426","شبانية","SRC-NATIONAL-VILLAGE-MANIFEST","21426","C:\APEX\UL2A_AR_FINALIZER_V1_0_0\APEX_WATANYBOT_UL2A_AR_NATIONAL_MANIFEST_FINALIZER_V1_0_0_PACKAGE\village_manifest.csv","a8c810368436869531bd825a16fb42b9c9680e415648decad6d53bfa012e9760","exact-adm3-pcode","accepted","UL2A-AR-NATIONAL-MANIFEST-1.0.2"
"LB-LOC-21431","خريبة بعبدا","SRC-NATIONAL-VILLAGE-MANIFEST","21431","C:\APEX\UL2A_AR_FINALIZER_V1_0_0\APEX_WATANYBOT_UL2A_AR_NATIONAL_MANIFEST_FINALIZER_V1_0_0_PACKAGE\village_manifest.csv","a8c810368436869531bd825a16fb42b9c9680e415648decad6d53bfa012e9760","exact-adm3-pcode","accepted","UL2A-AR-NATIONAL-MANIFEST-1.0.2"
"LB-LOC-21436","بمريم","SRC-NATIONAL-VILLAGE-MANIFEST","21436","C:\APEX\UL2A_AR_FINALIZER_V1_0_0\APEX_WATANYBOT_UL2A_AR_NATIONAL_MANIFEST_FINALIZER_V1_0_0_PACKAGE\village_manifest.csv","a8c810368436869531bd825a16fb42b9c9680e415648decad6d53bfa012e9760","exact-adm3-pcode","accepted","UL2A-AR-NATIONAL-MANIFEST-1.0.2"
"LB-LOC-21441","بتخناي","SRC-NATIONAL-VILLAGE-MANIFEST","21441","C:\APEX\UL2A_AR_FINALIZER_V1_0_0\APEX_WATANYBOT_UL2A_AR_NATIONAL_MANIFEST_FINALIZER_V1_0_0_PACKAGE\village_manifest.csv","a8c810368436869531bd825a16fb42b9c9680e415648decad6d53bfa012e9760","exact-adm3-pcode","accepted","UL2A-AR-NATIONAL-MANIFEST-1.0.2"
"LB-LOC-21446","فالوغا","SRC-NATIONAL-VILLAGE-MANIFEST","21446","C:\APEX\UL2A_AR_FINALIZER_V1_0_0\APEX_WATANYBOT_UL2A_AR_NATIONAL_MANIFEST_FINALIZER_V1_0_0_PACKAGE\village_manifest.csv","a8c810368436869531bd825a16fb42b9c9680e415648decad6d53bfa012e9760","exact-adm3-pcode","accepted","UL2A-AR-NATIONAL-MANIFEST-1.0.2"
"LB-LOC-21451","بتبيات","SRC-NATIONAL-VILLAGE-MANIFEST","21451","C:\APEX\UL2A_AR_FINALIZER_V1_0_0\APEX_WATANYBOT_UL2A_AR_NATIONAL_MANIFEST_FINALIZER_V1_0_0_PACKAGE\village_manifest.csv","a8c810368436869531bd825a16fb42b9c9680e415648decad6d53bfa012e9760","exact-adm3-pcode","accepted","UL2A-AR-NATIONAL-MANIFEST-1.0.2"
"LB-LOC-21456","قرنايل","SRC-NATIONAL-VILLAGE-MANIFEST","21456","C:\APEX\UL2A_AR_FINALIZER_V1_0_0\APEX_WATANYBOT_UL2A_AR_NATIONAL_MANIFEST_FINALIZER_V1_0_0_PACKAGE\village_manifest.csv","a8c810368436869531bd825a16fb42b9c9680e415648decad6d53bfa012e9760","exact-adm3-pcode","accepted","UL2A-AR-NATIONAL-MANIFEST-1.0.2"
"LB-LOC-21461","جوار الحوز","SRC-NATIONAL-VILLAGE-MANIFEST","21461","C:\APEX\UL2A_AR_FINALIZER_V1_0_0\APEX_WATANYBOT_UL2A_AR_NATIONAL_MANIFEST_FINALIZER_V1_0_0_PACKAGE\village_manifest.csv","a8c810368436869531bd825a16fb42b9c9680e415648decad6d53bfa012e9760","exact-adm3-pcode","accepted","UL2A-AR-NATIONAL-MANIFEST-1.0.2"
"LB-LOC-21466","بزبدين","SRC-NATIONAL-VILLAGE-MANIFEST","21466","C:\APEX\UL2A_AR_FINALIZER_V1_0_0\APEX_WATANYBOT_UL2A_AR_NATIONAL_MANIFEST_FINALIZER_V1_0_0_PACKAGE\village_manifest.csv","a8c810368436869531bd825a16fb42b9c9680e415648decad6d53bfa012e9760","exact-adm3-pcode","accepted","UL2A-AR-NATIONAL-MANIFEST-1.0.2"
"LB-LOC-21471","ارصون","SRC-NATIONAL-VILLAGE-MANIFEST","21471","C:\APEX\UL2A_AR_FINALIZER_V1_0_0\APEX_WATANYBOT_UL2A_AR_NATIONAL_MANIFEST_FINALIZER_V1_0_0_PACKAGE\village_manifest.csv","a8c810368436869531bd825a16fb42b9c9680e415648decad6d53bfa012e9760","exact-adm3-pcode","accepted","UL2A-AR-NATIONAL-MANIFEST-1.0.2"
"LB-LOC-21476","كفرسلوان","SRC-NATIONAL-VILLAGE-MANIFEST","21476","C:\APEX\UL2A_AR_FINALIZER_V1_0_0\APEX_WATANYBOT_UL2A_AR_NATIONAL_MANIFEST_FINALIZER_V1_0_0_PACKAGE\village_manifest.csv","a8c810368436869531bd825a16fb42b9c9680e415648decad6d53bfa012e9760","exact-adm3-pcode","accepted","UL2A-AR-NATIONAL-MANIFEST-1.0.2"
"LB-LOC-21481","ترشيش","SRC-NATIONAL-VILLAGE-MANIFEST","21481","C:\APEX\UL2A_AR_FINALIZER_V1_0_0\APEX_WATANYBOT_UL2A_AR_NATIONAL_MANIFEST_FINALIZER_V1_0_0_PACKAGE\village_manifest.csv","a8c810368436869531bd825a16fb42b9c9680e415648decad6d53bfa012e9760","exact-adm3-pcode","accepted","UL2A-AR-NATIONAL-MANIFEST-1.0.2"
"LB-LOC-21487","جورة ارصون","SRC-NATIONAL-VILLAGE-MANIFEST","21487","C:\APEX\UL2A_AR_FINALIZER_V1_0_0\APEX_WATANYBOT_UL2A_AR_NATIONAL_MANIFEST_FINALIZER_V1_0_0_PACKAGE\village_manifest.csv","a8c810368436869531bd825a16fb42b9c9680e415648decad6d53bfa012e9760","exact-adm3-pcode","accepted","UL2A-AR-NATIONAL-MANIFEST-1.0.2"
"LB-LOC-22111","برج حمّود","SRC-NATIONAL-VILLAGE-MANIFEST","22111","C:\APEX\UL2A_AR_FINALIZER_V1_0_0\APEX_WATANYBOT_UL2A_AR_NATIONAL_MANIFEST_FINALIZER_V1_0_0_PACKAGE\village_manifest.csv","a8c810368436869531bd825a16fb42b9c9680e415648decad6d53bfa012e9760","exact-adm3-pcode","accepted","UL2A-AR-NATIONAL-MANIFEST-1.0.2"
"LB-LOC-22155","سن الفيل","SRC-NATIONAL-VILLAGE-MANIFEST","22155","C:\APEX\UL2A_AR_FINALIZER_V1_0_0\APEX_WATANYBOT_UL2A_AR_NATIONAL_MANIFEST_FINALIZER_V1_0_0_PACKAGE\village_manifest.csv","a8c810368436869531bd825a16fb42b9c9680e415648decad6d53bfa012e9760","exact-adm3-pcode","accepted","UL2A-AR-NATIONAL-MANIFEST-1.0.2"
"LB-LOC-22211","جديدة المتن","SRC-NATIONAL-VILLAGE-MANIFEST","22211","C:\APEX\UL2A_AR_FINALIZER_V1_0_0\APEX_WATANYBOT_UL2A_AR_NATIONAL_MANIFEST_FINALIZER_V1_0_0_PACKAGE\village_manifest.csv","a8c810368436869531bd825a16fb42b9c9680e415648decad6d53bfa012e9760","exact-adm3-pcode","accepted","UL2A-AR-NATIONAL-MANIFEST-1.0.2"
"LB-LOC-22228","بوشرية","SRC-NATIONAL-VILLAGE-MANIFEST","22228","C:\APEX\UL2A_AR_FINALIZER_V1_0_0\APEX_WATANYBOT_UL2A_AR_NATIONAL_MANIFEST_FINALIZER_V1_0_0_PACKAGE\village_manifest.csv","a8c810368436869531bd825a16fb42b9c9680e415648decad6d53bfa012e9760","exact-adm3-pcode","accepted","UL2A-AR-NATIONAL-MANIFEST-1.0.2"
"LB-LOC-22245","مار روكز","SRC-NATIONAL-VILLAGE-MANIFEST","22245","C:\APEX\UL2A_AR_FINALIZER_V1_0_0\APEX_WATANYBOT_UL2A_AR_NATIONAL_MANIFEST_FINALIZER_V1_0_0_PACKAGE\village_manifest.csv","a8c810368436869531bd825a16fb42b9c9680e415648decad6d53bfa012e9760","exact-adm3-pcode","accepted","UL2A-AR-NATIONAL-MANIFEST-1.0.2"
"LB-LOC-22262","دكوانة","SRC-NATIONAL-VILLAGE-MANIFEST","22262","C:\APEX\UL2A_AR_FINALIZER_V1_0_0\APEX_WATANYBOT_UL2A_AR_NATIONAL_MANIFEST_FINALIZER_V1_0_0_PACKAGE\village_manifest.csv","a8c810368436869531bd825a16fb42b9c9680e415648decad6d53bfa012e9760","exact-adm3-pcode","accepted","UL2A-AR-NATIONAL-MANIFEST-1.0.2"
"LB-LOC-22279","مكلس","SRC-NATIONAL-VILLAGE-MANIFEST","22279","C:\APEX\UL2A_AR_FINALIZER_V1_0_0\APEX_WATANYBOT_UL2A_AR_NATIONAL_MANIFEST_FINALIZER_V1_0_0_PACKAGE\village_manifest.csv","a8c810368436869531bd825a16fb42b9c9680e415648decad6d53bfa012e9760","exact-adm3-pcode","accepted","UL2A-AR-NATIONAL-MANIFEST-1.0.2"
"LB-LOC-22311","انطلياس","SRC-NATIONAL-VILLAGE-MANIFEST","22311","C:\APEX\UL2A_AR_FINALIZER_V1_0_0\APEX_WATANYBOT_UL2A_AR_NATIONAL_MANIFEST_FINALIZER_V1_0_0_PACKAGE\village_manifest.csv","a8c810368436869531bd825a16fb42b9c9680e415648decad6d53bfa012e9760","exact-adm3-pcode","accepted","UL2A-AR-NATIONAL-MANIFEST-1.0.2"
"LB-LOC-22319","مزهر","SRC-NATIONAL-VILLAGE-MANIFEST","22319","C:\APEX\UL2A_AR_FINALIZER_V1_0_0\APEX_WATANYBOT_UL2A_AR_NATIONAL_MANIFEST_FINALIZER_V1_0_0_PACKAGE\village_manifest.csv","a8c810368436869531bd825a16fb42b9c9680e415648decad6d53bfa012e9760","exact-adm3-pcode","accepted","UL2A-AR-NATIONAL-MANIFEST-1.0.2"
"LB-LOC-22327","جل الديب","SRC-NATIONAL-VILLAGE-MANIFEST","22327","C:\APEX\UL2A_AR_FINALIZER_V1_0_0\APEX_WATANYBOT_UL2A_AR_NATIONAL_MANIFEST_FINALIZER_V1_0_0_PACKAGE\village_manifest.csv","a8c810368436869531bd825a16fb42b9c9680e415648decad6d53bfa012e9760","exact-adm3-pcode","accepted","UL2A-AR-NATIONAL-MANIFEST-1.0.2"
"LB-LOC-22335","نقاش","SRC-NATIONAL-VILLAGE-MANIFEST","22335","C:\APEX\UL2A_AR_FINALIZER_V1_0_0\APEX_WATANYBOT_UL2A_AR_NATIONAL_MANIFEST_FINALIZER_V1_0_0_PACKAGE\village_manifest.csv","a8c810368436869531bd825a16fb42b9c9680e415648decad6d53bfa012e9760","exact-adm3-pcode","accepted","UL2A-AR-NATIONAL-MANIFEST-1.0.2"
"LB-LOC-22343","الوطى عمارة شلهوب","SRC-NATIONAL-VILLAGE-MANIFEST","22343","C:\APEX\UL2A_AR_FINALIZER_V1_0_0\APEX_WATANYBOT_UL2A_AR_NATIONAL_MANIFEST_FINALIZER_V1_0_0_PACKAGE\village_manifest.csv","a8c810368436869531bd825a16fb42b9c9680e415648decad6d53bfa012e9760","exact-adm3-pcode","accepted","UL2A-AR-NATIONAL-MANIFEST-1.0.2"
"LB-LOC-22351","الزلقا","SRC-NATIONAL-VILLAGE-MANIFEST","22351","C:\APEX\UL2A_AR_FINALIZER_V1_0_0\APEX_WATANYBOT_UL2A_AR_NATIONAL_MANIFEST_FINALIZER_V1_0_0_PACKAGE\village_manifest.csv","a8c810368436869531bd825a16fb42b9c9680e415648decad6d53bfa012e9760","exact-adm3-pcode","accepted","UL2A-AR-NATIONAL-MANIFEST-1.0.2"
"LB-LOC-22359","بياقوت","SRC-NATIONAL-VILLAGE-MANIFEST","22359","C:\APEX\UL2A_AR_FINALIZER_V1_0_0\APEX_WATANYBOT_UL2A_AR_NATIONAL_MANIFEST_FINALIZER_V1_0_0_PACKAGE\village_manifest.csv","a8c810368436869531bd825a16fb42b9c9680e415648decad6d53bfa012e9760","exact-adm3-pcode","accepted","UL2A-AR-NATIONAL-MANIFEST-1.0.2"
"LB-LOC-22367","مزرعة الحضيرة","SRC-NATIONAL-VILLAGE-MANIFEST","22367","C:\APEX\UL2A_AR_FINALIZER_V1_0_0\APEX_WATANYBOT_UL2A_AR_NATIONAL_MANIFEST_FINALIZER_V1_0_0_PACKAGE\village_manifest.csv","a8c810368436869531bd825a16fb42b9c9680e415648decad6d53bfa012e9760","exact-adm3-pcode","accepted","UL2A-AR-NATIONAL-MANIFEST-1.0.2"
"LB-LOC-22375","ضبية","SRC-NATIONAL-VILLAGE-MANIFEST","22375","C:\APEX\UL2A_AR_FINALIZER_V1_0_0\APEX_WATANYBOT_UL2A_AR_NATIONAL_MANIFEST_FINALIZER_V1_0_0_PACKAGE\village_manifest.csv","a8c810368436869531bd825a16fb42b9c9680e415648decad6d53bfa012e9760","exact-adm3-pcode","accepted","UL2A-AR-NATIONAL-MANIFEST-1.0.2"
"LB-LOC-22383","حارة البلان","SRC-NATIONAL-VILLAGE-MANIFEST","22383","C:\APEX\UL2A_AR_FINALIZER_V1_0_0\APEX_WATANYBOT_UL2A_AR_NATIONAL_MANIFEST_FINALIZER_V1_0_0_PACKAGE\village_manifest.csv","a8c810368436869531bd825a16fb42b9c9680e415648decad6d53bfa012e9760","exact-adm3-pcode","accepted","UL2A-AR-NATIONAL-MANIFEST-1.0.2"
"LB-LOC-22391","مزرعة دير عوكر","SRC-NATIONAL-VILLAGE-MANIFEST","22391","C:\APEX\UL2A_AR_FINALIZER_V1_0_0\APEX_WATANYBOT_UL2A_AR_NATIONAL_MANIFEST_FINALIZER_V1_0_0_PACKAGE\village_manifest.csv","a8c810368436869531bd825a16fb42b9c9680e415648decad6d53bfa012e9760","exact-adm3-pcode","accepted","UL2A-AR-NATIONAL-MANIFEST-1.0.2"
"LB-LOC-22411","منصورية","SRC-NATIONAL-VILLAGE-MANIFEST","22411","C:\APEX\UL2A_AR_FINALIZER_V1_0_0\APEX_WATANYBOT_UL2A_AR_NATIONAL_MANIFEST_FINALIZER_V1_0_0_PACKAGE\village_manifest.csv","a8c810368436869531bd825a16fb42b9c9680e415648decad6d53bfa012e9760","exact-adm3-pcode","accepted","UL2A-AR-NATIONAL-MANIFEST-1.0.2"
"LB-LOC-22415","ديشونية","SRC-NATIONAL-VILLAGE-MANIFEST","22415","C:\APEX\UL2A_AR_FINALIZER_V1_0_0\APEX_WATANYBOT_UL2A_AR_NATIONAL_MANIFEST_FINALIZER_V1_0_0_PACKAGE\village_manifest.csv","a8c810368436869531bd825a16fb42b9c9680e415648decad6d53bfa012e9760","exact-adm3-pcode","accepted","UL2A-AR-NATIONAL-MANIFEST-1.0.2"
"LB-LOC-22419","الفنار","SRC-NATIONAL-VILLAGE-MANIFEST","22419","C:\APEX\UL2A_AR_FINALIZER_V1_0_0\APEX_WATANYBOT_UL2A_AR_NATIONAL_MANIFEST_FINALIZER_V1_0_0_PACKAGE\village_manifest.csv","a8c810368436869531bd825a16fb42b9c9680e415648decad6d53bfa012e9760","exact-adm3-pcode","accepted","UL2A-AR-NATIONAL-MANIFEST-1.0.2"
"LB-LOC-22423","عين سعادة","SRC-NATIONAL-VILLAGE-MANIFEST","22423","C:\APEX\UL2A_AR_FINALIZER_V1_0_0\APEX_WATANYBOT_UL2A_AR_NATIONAL_MANIFEST_FINALIZER_V1_0_0_PACKAGE\village_manifest.csv","a8c810368436869531bd825a16fb42b9c9680e415648decad6d53bfa012e9760","exact-adm3-pcode","accepted","UL2A-AR-NATIONAL-MANIFEST-1.0.2"
"LB-LOC-22427","روميه المتن","SRC-NATIONAL-VILLAGE-MANIFEST","22427","C:\APEX\UL2A_AR_FINALIZER_V1_0_0\APEX_WATANYBOT_UL2A_AR_NATIONAL_MANIFEST_FINALIZER_V1_0_0_PACKAGE\village_manifest.csv","a8c810368436869531bd825a16fb42b9c9680e415648decad6d53bfa012e9760","exact-adm3-pcode","accepted","UL2A-AR-NATIONAL-MANIFEST-1.0.2"
"LB-LOC-22431","بقنايا","SRC-NATIONAL-VILLAGE-MANIFEST","22431","C:\APEX\UL2A_AR_FINALIZER_V1_0_0\APEX_WATANYBOT_UL2A_AR_NATIONAL_MANIFEST_FINALIZER_V1_0_0_PACKAGE\village_manifest.csv","a8c810368436869531bd825a16fb42b9c9680e415648decad6d53bfa012e9760","exact-adm3-pcode","accepted","UL2A-AR-NATIONAL-MANIFEST-1.0.2"
"LB-LOC-22435","مجذوب","SRC-NATIONAL-VILLAGE-MANIFEST","22435","C:\APEX\UL2A_AR_FINALIZER_V1_0_0\APEX_WATANYBOT_UL2A_AR_NATIONAL_MANIFEST_FINALIZER_V1_0_0_PACKAGE\village_manifest.csv","a8c810368436869531bd825a16fb42b9c9680e415648decad6d53bfa012e9760","exact-adm3-pcode","accepted","UL2A-AR-NATIONAL-MANIFEST-1.0.2"
"LB-LOC-22439","بصاليم","SRC-NATIONAL-VILLAGE-MANIFEST","22439","C:\APEX\UL2A_AR_FINALIZER_V1_0_0\APEX_WATANYBOT_UL2A_AR_NATIONAL_MANIFEST_FINALIZER_V1_0_0_PACKAGE\village_manifest.csv","a8c810368436869531bd825a16fb42b9c9680e415648decad6d53bfa012e9760","exact-adm3-pcode","accepted","UL2A-AR-NATIONAL-MANIFEST-1.0.2"
"LB-LOC-22443","نابيه","SRC-NATIONAL-VILLAGE-MANIFEST","22443","C:\APEX\UL2A_AR_FINALIZER_V1_0_0\APEX_WATANYBOT_UL2A_AR_NATIONAL_MANIFEST_FINALIZER_V1_0_0_PACKAGE\village_manifest.csv","a8c810368436869531bd825a16fb42b9c9680e415648decad6d53bfa012e9760","exact-adm3-pcode","accepted","UL2A-AR-NATIONAL-MANIFEST-1.0.2"
"LB-LOC-22447","مطيلب","SRC-NATIONAL-VILLAGE-MANIFEST","22447","C:\APEX\UL2A_AR_FINALIZER_V1_0_0\APEX_WATANYBOT_UL2A_AR_NATIONAL_MANIFEST_FINALIZER_V1_0_0_PACKAGE\village_manifest.csv","a8c810368436869531bd825a16fb42b9c9680e415648decad6d53bfa012e9760","exact-adm3-pcode","accepted","UL2A-AR-NATIONAL-MANIFEST-1.0.2"
"LB-LOC-22451","بيت الككو","SRC-NATIONAL-VILLAGE-MANIFEST","22451","C:\APEX\UL2A_AR_FINALIZER_V1_0_0\APEX_WATANYBOT_UL2A_AR_NATIONAL_MANIFEST_FINALIZER_V1_0_0_PACKAGE\village_manifest.csv","a8c810368436869531bd825a16fb42b9c9680e415648decad6d53bfa012e9760","exact-adm3-pcode","accepted","UL2A-AR-NATIONAL-MANIFEST-1.0.2"
"LB-LOC-22455","قرنة شهوان","SRC-NATIONAL-VILLAGE-MANIFEST","22455","C:\APEX\UL2A_AR_FINALIZER_V1_0_0\APEX_WATANYBOT_UL2A_AR_NATIONAL_MANIFEST_FINALIZER_V1_0_0_PACKAGE\village_manifest.csv","a8c810368436869531bd825a16fb42b9c9680e415648decad6d53bfa012e9760","exact-adm3-pcode","accepted","UL2A-AR-NATIONAL-MANIFEST-1.0.2"
"LB-LOC-22459","مزرعة بيت الشعّار","SRC-NATIONAL-VILLAGE-MANIFEST","22459","C:\APEX\UL2A_AR_FINALIZER_V1_0_0\APEX_WATANYBOT_UL2A_AR_NATIONAL_MANIFEST_FINALIZER_V1_0_0_PACKAGE\village_manifest.csv","a8c810368436869531bd825a16fb42b9c9680e415648decad6d53bfa012e9760","exact-adm3-pcode","accepted","UL2A-AR-NATIONAL-MANIFEST-1.0.2"
"LB-LOC-22463","ديك المحدي","SRC-NATIONAL-VILLAGE-MANIFEST","22463","C:\APEX\UL2A_AR_FINALIZER_V1_0_0\APEX_WATANYBOT_UL2A_AR_NATIONAL_MANIFEST_FINALIZER_V1_0_0_PACKAGE\village_manifest.csv","a8c810368436869531bd825a16fb42b9c9680e415648decad6d53bfa012e9760","exact-adm3-pcode","accepted","UL2A-AR-NATIONAL-MANIFEST-1.0.2"
"LB-LOC-22467","ذوق الخراب","SRC-NATIONAL-VILLAGE-MANIFEST","22467","C:\APEX\UL2A_AR_FINALIZER_V1_0_0\APEX_WATANYBOT_UL2A_AR_NATIONAL_MANIFEST_FINALIZER_V1_0_0_PACKAGE\village_manifest.csv","a8c810368436869531bd825a16fb42b9c9680e415648decad6d53bfa012e9760","exact-adm3-pcode","accepted","UL2A-AR-NATIONAL-MANIFEST-1.0.2"
"LB-LOC-22471","عين عار","SRC-NATIONAL-VILLAGE-MANIFEST","22471","C:\APEX\UL2A_AR_FINALIZER_V1_0_0\APEX_WATANYBOT_UL2A_AR_NATIONAL_MANIFEST_FINALIZER_V1_0_0_PACKAGE\village_manifest.csv","a8c810368436869531bd825a16fb42b9c9680e415648decad6d53bfa012e9760","exact-adm3-pcode","accepted","UL2A-AR-NATIONAL-MANIFEST-1.0.2"
"LB-LOC-22475","مزرعة يشوع","SRC-NATIONAL-VILLAGE-MANIFEST","22475","C:\APEX\UL2A_AR_FINALIZER_V1_0_0\APEX_WATANYBOT_UL2A_AR_NATIONAL_MANIFEST_FINALIZER_V1_0_0_PACKAGE\village_manifest.csv","a8c810368436869531bd825a16fb42b9c9680e415648decad6d53bfa012e9760","exact-adm3-pcode","accepted","UL2A-AR-NATIONAL-MANIFEST-1.0.2"
"LB-LOC-22479","دير طاميش","SRC-NATIONAL-VILLAGE-MANIFEST","22479","C:\APEX\UL2A_AR_FINALIZER_V1_0_0\APEX_WATANYBOT_UL2A_AR_NATIONAL_MANIFEST_FINALIZER_V1_0_0_PACKAGE\village_manifest.csv","a8c810368436869531bd825a16fb42b9c9680e415648decad6d53bfa012e9760","exact-adm3-pcode","accepted","UL2A-AR-NATIONAL-MANIFEST-1.0.2"
"LB-LOC-22483","زكريت","SRC-NATIONAL-VILLAGE-MANIFEST","22483","C:\APEX\UL2A_AR_FINALIZER_V1_0_0\APEX_WATANYBOT_UL2A_AR_NATIONAL_MANIFEST_FINALIZER_V1_0_0_PACKAGE\village_manifest.csv","a8c810368436869531bd825a16fb42b9c9680e415648decad6d53bfa012e9760","exact-adm3-pcode","accepted","UL2A-AR-NATIONAL-MANIFEST-1.0.2"
"LB-LOC-22487","دير مار عبدا المشمر","SRC-NATIONAL-VILLAGE-MANIFEST","22487","C:\APEX\UL2A_AR_FINALIZER_V1_0_0\APEX_WATANYBOT_UL2A_AR_NATIONAL_MANIFEST_FINALIZER_V1_0_0_PACKAGE\village_manifest.csv","a8c810368436869531bd825a16fb42b9c9680e415648decad6d53bfa012e9760","exact-adm3-pcode","accepted","UL2A-AR-NATIONAL-MANIFEST-1.0.2"
"LB-LOC-22511","بكفيا","SRC-NATIONAL-VILLAGE-MANIFEST","22511","C:\APEX\UL2A_AR_FINALIZER_V1_0_0\APEX_WATANYBOT_UL2A_AR_NATIONAL_MANIFEST_FINALIZER_V1_0_0_PACKAGE\village_manifest.csv","a8c810368436869531bd825a16fb42b9c9680e415648decad6d53bfa012e9760","exact-adm3-pcode","accepted","UL2A-AR-NATIONAL-MANIFEST-1.0.2"
"LB-LOC-22515","محيدثة المتن","SRC-NATIONAL-VILLAGE-MANIFEST","22515","C:\APEX\UL2A_AR_FINALIZER_V1_0_0\APEX_WATANYBOT_UL2A_AR_NATIONAL_MANIFEST_FINALIZER_V1_0_0_PACKAGE\village_manifest.csv","a8c810368436869531bd825a16fb42b9c9680e415648decad6d53bfa012e9760","exact-adm3-pcode","accepted","UL2A-AR-NATIONAL-MANIFEST-1.0.2"
"LB-LOC-22519","وادي شاهين","SRC-NATIONAL-VILLAGE-MANIFEST","22519","C:\APEX\UL2A_AR_FINALIZER_V1_0_0\APEX_WATANYBOT_UL2A_AR_NATIONAL_MANIFEST_FINALIZER_V1_0_0_PACKAGE\village_manifest.csv","a8c810368436869531bd825a16fb42b9c9680e415648decad6d53bfa012e9760","exact-adm3-pcode","accepted","UL2A-AR-NATIONAL-MANIFEST-1.0.2"
"LB-LOC-22523","عين القش","SRC-NATIONAL-VILLAGE-MANIFEST","22523","C:\APEX\UL2A_AR_FINALIZER_V1_0_0\APEX_WATANYBOT_UL2A_AR_NATIONAL_MANIFEST_FINALIZER_V1_0_0_PACKAGE\village_manifest.csv","a8c810368436869531bd825a16fb42b9c9680e415648decad6d53bfa012e9760","exact-adm3-pcode","accepted","UL2A-AR-NATIONAL-MANIFEST-1.0.2"
"LB-LOC-22527","مار بطرس كرم التين","SRC-NATIONAL-VILLAGE-MANIFEST","22527","C:\APEX\UL2A_AR_FINALIZER_V1_0_0\APEX_WATANYBOT_UL2A_AR_NATIONAL_MANIFEST_FINALIZER_V1_0_0_PACKAGE\village_manifest.csv","a8c810368436869531bd825a16fb42b9c9680e415648decad6d53bfa012e9760","exact-adm3-pcode","accepted","UL2A-AR-NATIONAL-MANIFEST-1.0.2"
"LB-LOC-22531","بيت شباب","SRC-NATIONAL-VILLAGE-MANIFEST","22531","C:\APEX\UL2A_AR_FINALIZER_V1_0_0\APEX_WATANYBOT_UL2A_AR_NATIONAL_MANIFEST_FINALIZER_V1_0_0_PACKAGE\village_manifest.csv","a8c810368436869531bd825a16fb42b9c9680e415648decad6d53bfa012e9760","exact-adm3-pcode","accepted","UL2A-AR-NATIONAL-MANIFEST-1.0.2"
"LB-LOC-22535","بحرصاف","SRC-NATIONAL-VILLAGE-MANIFEST","22535","C:\APEX\UL2A_AR_FINALIZER_V1_0_0\APEX_WATANYBOT_UL2A_AR_NATIONAL_MANIFEST_FINALIZER_V1_0_0_PACKAGE\village_manifest.csv","a8c810368436869531bd825a16fb42b9c9680e415648decad6d53bfa012e9760","exact-adm3-pcode","accepted","UL2A-AR-NATIONAL-MANIFEST-1.0.2"
"LB-LOC-22539","مياسة","SRC-NATIONAL-VILLAGE-MANIFEST","22539","C:\APEX\UL2A_AR_FINALIZER_V1_0_0\APEX_WATANYBOT_UL2A_AR_NATIONAL_MANIFEST_FINALIZER_V1_0_0_PACKAGE\village_manifest.csv","a8c810368436869531bd825a16fb42b9c9680e415648decad6d53bfa012e9760","exact-adm3-pcode","accepted","UL2A-AR-NATIONAL-MANIFEST-1.0.2"
"LB-LOC-22543","عين الخروبة","SRC-NATIONAL-VILLAGE-MANIFEST","22543","C:\APEX\UL2A_AR_FINALIZER_V1_0_0\APEX_WATANYBOT_UL2A_AR_NATIONAL_MANIFEST_FINALIZER_V1_0_0_PACKAGE\village_manifest.csv","a8c810368436869531bd825a16fb42b9c9680e415648decad6d53bfa012e9760","exact-adm3-pcode","accepted","UL2A-AR-NATIONAL-MANIFEST-1.0.2"
"LB-LOC-22547","حملايا","SRC-NATIONAL-VILLAGE-MANIFEST","22547","C:\APEX\UL2A_AR_FINALIZER_V1_0_0\APEX_WATANYBOT_UL2A_AR_NATIONAL_MANIFEST_FINALIZER_V1_0_0_PACKAGE\village_manifest.csv","a8c810368436869531bd825a16fb42b9c9680e415648decad6d53bfa012e9760","exact-adm3-pcode","accepted","UL2A-AR-NATIONAL-MANIFEST-1.0.2"
"LB-LOC-22551","عين علق","SRC-NATIONAL-VILLAGE-MANIFEST","22551","C:\APEX\UL2A_AR_FINALIZER_V1_0_0\APEX_WATANYBOT_UL2A_AR_NATIONAL_MANIFEST_FINALIZER_V1_0_0_PACKAGE\village_manifest.csv","a8c810368436869531bd825a16fb42b9c9680e415648decad6d53bfa012e9760","exact-adm3-pcode","accepted","UL2A-AR-NATIONAL-MANIFEST-1.0.2"
"LB-LOC-22555","عطشانة","SRC-NATIONAL-VILLAGE-MANIFEST","22555","C:\APEX\UL2A_AR_FINALIZER_V1_0_0\APEX_WATANYBOT_UL2A_AR_NATIONAL_MANIFEST_FINALIZER_V1_0_0_PACKAGE\village_manifest.csv","a8c810368436869531bd825a16fb42b9c9680e415648decad6d53bfa012e9760","exact-adm3-pcode","accepted","UL2A-AR-NATIONAL-MANIFEST-1.0.2"
"LB-LOC-22559","شاوية","SRC-NATIONAL-VILLAGE-MANIFEST","22559","C:\APEX\UL2A_AR_FINALIZER_V1_0_0\APEX_WATANYBOT_UL2A_AR_NATIONAL_MANIFEST_FINALIZER_V1_0_0_PACKAGE\village_manifest.csv","a8c810368436869531bd825a16fb42b9c9680e415648decad6d53bfa012e9760","exact-adm3-pcode","accepted","UL2A-AR-NATIONAL-MANIFEST-1.0.2"
"LB-LOC-22563","عين التفاحة","SRC-NATIONAL-VILLAGE-MANIFEST","22563","C:\APEX\UL2A_AR_FINALIZER_V1_0_0\APEX_WATANYBOT_UL2A_AR_NATIONAL_MANIFEST_FINALIZER_V1_0_0_PACKAGE\village_manifest.csv","a8c810368436869531bd825a16fb42b9c9680e415648decad6d53bfa012e9760","exact-adm3-pcode","accepted","UL2A-AR-NATIONAL-MANIFEST-1.0.2"
"LB-LOC-22567","سفيلة بكفيا","SRC-NATIONAL-VILLAGE-MANIFEST","22567","C:\APEX\UL2A_AR_FINALIZER_V1_0_0\APEX_WATANYBOT_UL2A_AR_NATIONAL_MANIFEST_FINALIZER_V1_0_0_PACKAGE\village_manifest.csv","a8c810368436869531bd825a16fb42b9c9680e415648decad6d53bfa012e9760","exact-adm3-pcode","accepted","UL2A-AR-NATIONAL-MANIFEST-1.0.2"
"LB-LOC-22571","فريكه","SRC-NATIONAL-VILLAGE-MANIFEST","22571","C:\APEX\UL2A_AR_FINALIZER_V1_0_0\APEX_WATANYBOT_UL2A_AR_NATIONAL_MANIFEST_FINALIZER_V1_0_0_PACKAGE\village_manifest.csv","a8c810368436869531bd825a16fb42b9c9680e415648decad6d53bfa012e9760","exact-adm3-pcode","accepted","UL2A-AR-NATIONAL-MANIFEST-1.0.2"
"LB-LOC-22575","أبو ميزان","SRC-NATIONAL-VILLAGE-MANIFEST","22575","C:\APEX\UL2A_AR_FINALIZER_V1_0_0\APEX_WATANYBOT_UL2A_AR_NATIONAL_MANIFEST_FINALIZER_V1_0_0_PACKAGE\village_manifest.csv","a8c810368436869531bd825a16fb42b9c9680e415648decad6d53bfa012e9760","exact-adm3-pcode","accepted","UL2A-AR-NATIONAL-MANIFEST-1.0.2"
"LB-LOC-22579","دير شمرا","SRC-NATIONAL-VILLAGE-MANIFEST","22579","C:\APEX\UL2A_AR_FINALIZER_V1_0_0\APEX_WATANYBOT_UL2A_AR_NATIONAL_MANIFEST_FINALIZER_V1_0_0_PACKAGE\village_manifest.csv","a8c810368436869531bd825a16fb42b9c9680e415648decad6d53bfa012e9760","exact-adm3-pcode","accepted","UL2A-AR-NATIONAL-MANIFEST-1.0.2"
"LB-LOC-22583","حبوس","SRC-NATIONAL-VILLAGE-MANIFEST","22583","C:\APEX\UL2A_AR_FINALIZER_V1_0_0\APEX_WATANYBOT_UL2A_AR_NATIONAL_MANIFEST_FINALIZER_V1_0_0_PACKAGE\village_manifest.csv","a8c810368436869531bd825a16fb42b9c9680e415648decad6d53bfa012e9760","exact-adm3-pcode","accepted","UL2A-AR-NATIONAL-MANIFEST-1.0.2"
"LB-LOC-22587","جوار المتن","SRC-NATIONAL-VILLAGE-MANIFEST","22587","C:\APEX\UL2A_AR_FINALIZER_V1_0_0\APEX_WATANYBOT_UL2A_AR_NATIONAL_MANIFEST_FINALIZER_V1_0_0_PACKAGE\village_manifest.csv","a8c810368436869531bd825a16fb42b9c9680e415648decad6d53bfa012e9760","exact-adm3-pcode","accepted","UL2A-AR-NATIONAL-MANIFEST-1.0.2"
"LB-LOC-22591","شرين","SRC-NATIONAL-VILLAGE-MANIFEST","22591","C:\APEX\UL2A_AR_FINALIZER_V1_0_0\APEX_WATANYBOT_UL2A_AR_NATIONAL_MANIFEST_FINALIZER_V1_0_0_PACKAGE\village_manifest.csv","a8c810368436869531bd825a16fb42b9c9680e415648decad6d53bfa012e9760","exact-adm3-pcode","accepted","UL2A-AR-NATIONAL-MANIFEST-1.0.2"
"LB-LOC-22595","قرنة الحمرا","SRC-NATIONAL-VILLAGE-MANIFEST","22595","C:\APEX\UL2A_AR_FINALIZER_V1_0_0\APEX_WATANYBOT_UL2A_AR_NATIONAL_MANIFEST_FINALIZER_V1_0_0_PACKAGE\village_manifest.csv","a8c810368436869531bd825a16fb42b9c9680e415648decad6d53bfa012e9760","exact-adm3-pcode","accepted","UL2A-AR-NATIONAL-MANIFEST-1.0.2"
"LB-LOC-22611","برمانا المتن","SRC-NATIONAL-VILLAGE-MANIFEST","22611","C:\APEX\UL2A_AR_FINALIZER_V1_0_0\APEX_WATANYBOT_UL2A_AR_NATIONAL_MANIFEST_FINALIZER_V1_0_0_PACKAGE\village_manifest.csv","a8c810368436869531bd825a16fb42b9c9680e415648decad6d53bfa012e9760","exact-adm3-pcode","accepted","UL2A-AR-NATIONAL-MANIFEST-1.0.2"
"LB-LOC-22619","جورة البلوط","SRC-NATIONAL-VILLAGE-MANIFEST","22619","C:\APEX\UL2A_AR_FINALIZER_V1_0_0\APEX_WATANYBOT_UL2A_AR_NATIONAL_MANIFEST_FINALIZER_V1_0_0_PACKAGE\village_manifest.csv","a8c810368436869531bd825a16fb42b9c9680e415648decad6d53bfa012e9760","exact-adm3-pcode","accepted","UL2A-AR-NATIONAL-MANIFEST-1.0.2"
"LB-LOC-22627","المسقى","SRC-NATIONAL-VILLAGE-MANIFEST","22627","C:\APEX\UL2A_AR_FINALIZER_V1_0_0\APEX_WATANYBOT_UL2A_AR_NATIONAL_MANIFEST_FINALIZER_V1_0_0_PACKAGE\village_manifest.csv","a8c810368436869531bd825a16fb42b9c9680e415648decad6d53bfa012e9760","exact-adm3-pcode","accepted","UL2A-AR-NATIONAL-MANIFEST-1.0.2"
"LB-LOC-22635","عيون المتن","SRC-NATIONAL-VILLAGE-MANIFEST","22635","C:\APEX\UL2A_AR_FINALIZER_V1_0_0\APEX_WATANYBOT_UL2A_AR_NATIONAL_MANIFEST_FINALIZER_V1_0_0_PACKAGE\village_manifest.csv","a8c810368436869531bd825a16fb42b9c9680e415648decad6d53bfa012e9760","exact-adm3-pcode","accepted","UL2A-AR-NATIONAL-MANIFEST-1.0.2"
"LB-LOC-22643","قنابة برمانا","SRC-NATIONAL-VILLAGE-MANIFEST","22643","C:\APEX\UL2A_AR_FINALIZER_V1_0_0\APEX_WATANYBOT_UL2A_AR_NATIONAL_MANIFEST_FINALIZER_V1_0_0_PACKAGE\village_manifest.csv","a8c810368436869531bd825a16fb42b9c9680e415648decad6d53bfa012e9760","exact-adm3-pcode","accepted","UL2A-AR-NATIONAL-MANIFEST-1.0.2"
"LB-LOC-22651","مزكة","SRC-NATIONAL-VILLAGE-MANIFEST","22651","C:\APEX\UL2A_AR_FINALIZER_V1_0_0\APEX_WATANYBOT_UL2A_AR_NATIONAL_MANIFEST_FINALIZER_V1_0_0_PACKAGE\village_manifest.csv","a8c810368436869531bd825a16fb42b9c9680e415648decad6d53bfa012e9760","exact-adm3-pcode","accepted","UL2A-AR-NATIONAL-MANIFEST-1.0.2"
"LB-LOC-22659","بعبدات","SRC-NATIONAL-VILLAGE-MANIFEST","22659","C:\APEX\UL2A_AR_FINALIZER_V1_0_0\APEX_WATANYBOT_UL2A_AR_NATIONAL_MANIFEST_FINALIZER_V1_0_0_PACKAGE\village_manifest.csv","a8c810368436869531bd825a16fb42b9c9680e415648decad6d53bfa012e9760","exact-adm3-pcode","accepted","UL2A-AR-NATIONAL-MANIFEST-1.0.2"
"LB-LOC-22667","بيت مري","SRC-NATIONAL-VILLAGE-MANIFEST","22667","C:\APEX\UL2A_AR_FINALIZER_V1_0_0\APEX_WATANYBOT_UL2A_AR_NATIONAL_MANIFEST_FINALIZER_V1_0_0_PACKAGE\village_manifest.csv","a8c810368436869531bd825a16fb42b9c9680e415648decad6d53bfa012e9760","exact-adm3-pcode","accepted","UL2A-AR-NATIONAL-MANIFEST-1.0.2"
"LB-LOC-22675","ضهر الصوان المتن","SRC-NATIONAL-VILLAGE-MANIFEST","22675","C:\APEX\UL2A_AR_FINALIZER_V1_0_0\APEX_WATANYBOT_UL2A_AR_NATIONAL_MANIFEST_FINALIZER_V1_0_0_PACKAGE\village_manifest.csv","a8c810368436869531bd825a16fb42b9c9680e415648decad6d53bfa012e9760","exact-adm3-pcode","accepted","UL2A-AR-NATIONAL-MANIFEST-1.0.2"
"LB-LOC-22683","قنابة صليما","SRC-NATIONAL-VILLAGE-MANIFEST","22683","C:\APEX\UL2A_AR_FINALIZER_V1_0_0\APEX_WATANYBOT_UL2A_AR_NATIONAL_MANIFEST_FINALIZER_V1_0_0_PACKAGE\village_manifest.csv","a8c810368436869531bd825a16fb42b9c9680e415648decad6d53bfa012e9760","exact-adm3-pcode","accepted","UL2A-AR-NATIONAL-MANIFEST-1.0.2"
"LB-LOC-22691","بسفرين","SRC-NATIONAL-VILLAGE-MANIFEST","22691","C:\APEX\UL2A_AR_FINALIZER_V1_0_0\APEX_WATANYBOT_UL2A_AR_NATIONAL_MANIFEST_FINALIZER_V1_0_0_PACKAGE\village_manifest.csv","a8c810368436869531bd825a16fb42b9c9680e415648decad6d53bfa012e9760","exact-adm3-pcode","accepted","UL2A-AR-NATIONAL-MANIFEST-1.0.2"
"LB-LOC-22711","المتين","SRC-NATIONAL-VILLAGE-MANIFEST","22711","C:\APEX\UL2A_AR_FINALIZER_V1_0_0\APEX_WATANYBOT_UL2A_AR_NATIONAL_MANIFEST_FINALIZER_V1_0_0_PACKAGE\village_manifest.csv","a8c810368436869531bd825a16fb42b9c9680e415648decad6d53bfa012e9760","exact-adm3-pcode","accepted","UL2A-AR-NATIONAL-MANIFEST-1.0.2"
"LB-LOC-22714","عين الزيتونة","SRC-NATIONAL-VILLAGE-MANIFEST","22714","C:\APEX\UL2A_AR_FINALIZER_V1_0_0\APEX_WATANYBOT_UL2A_AR_NATIONAL_MANIFEST_FINALIZER_V1_0_0_PACKAGE\village_manifest.csv","a8c810368436869531bd825a16fb42b9c9680e415648decad6d53bfa012e9760","exact-adm3-pcode","accepted","UL2A-AR-NATIONAL-MANIFEST-1.0.2"
"LB-LOC-22717","مشيخا","SRC-NATIONAL-VILLAGE-MANIFEST","22717","C:\APEX\UL2A_AR_FINALIZER_V1_0_0\APEX_WATANYBOT_UL2A_AR_NATIONAL_MANIFEST_FINALIZER_V1_0_0_PACKAGE\village_manifest.csv","a8c810368436869531bd825a16fb42b9c9680e415648decad6d53bfa012e9760","exact-adm3-pcode","accepted","UL2A-AR-NATIONAL-MANIFEST-1.0.2"
"LB-LOC-22722","خلة المتين","SRC-NATIONAL-VILLAGE-MANIFEST","22722","C:\APEX\UL2A_AR_FINALIZER_V1_0_0\APEX_WATANYBOT_UL2A_AR_NATIONAL_MANIFEST_FINALIZER_V1_0_0_PACKAGE\village_manifest.csv","a8c810368436869531bd825a16fb42b9c9680e415648decad6d53bfa012e9760","exact-adm3-pcode","accepted","UL2A-AR-NATIONAL-MANIFEST-1.0.2"
"LB-LOC-22724","بنابيل","SRC-NATIONAL-VILLAGE-MANIFEST","22724","C:\APEX\UL2A_AR_FINALIZER_V1_0_0\APEX_WATANYBOT_UL2A_AR_NATIONAL_MANIFEST_FINALIZER_V1_0_0_PACKAGE\village_manifest.csv","a8c810368436869531bd825a16fb42b9c9680e415648decad6d53bfa012e9760","exact-adm3-pcode","accepted","UL2A-AR-NATIONAL-MANIFEST-1.0.2"
"LB-LOC-22727","عين الصفصاف المتن","SRC-NATIONAL-VILLAGE-MANIFEST","22727","C:\APEX\UL2A_AR_FINALIZER_V1_0_0\APEX_WATANYBOT_UL2A_AR_NATIONAL_MANIFEST_FINALIZER_V1_0_0_PACKAGE\village_manifest.csv","a8c810368436869531bd825a16fb42b9c9680e415648decad6d53bfa012e9760","exact-adm3-pcode","accepted","UL2A-AR-NATIONAL-MANIFEST-1.0.2"
"LB-LOC-22731","وطى المروج","SRC-NATIONAL-VILLAGE-MANIFEST","22731","C:\APEX\UL2A_AR_FINALIZER_V1_0_0\APEX_WATANYBOT_UL2A_AR_NATIONAL_MANIFEST_FINALIZER_V1_0_0_PACKAGE\village_manifest.csv","a8c810368436869531bd825a16fb42b9c9680e415648decad6d53bfa012e9760","exact-adm3-pcode","accepted","UL2A-AR-NATIONAL-MANIFEST-1.0.2"
"LB-LOC-22733","المروج","SRC-NATIONAL-VILLAGE-MANIFEST","22733","C:\APEX\UL2A_AR_FINALIZER_V1_0_0\APEX_WATANYBOT_UL2A_AR_NATIONAL_MANIFEST_FINALIZER_V1_0_0_PACKAGE\village_manifest.csv","a8c810368436869531bd825a16fb42b9c9680e415648decad6d53bfa012e9760","exact-adm3-pcode","accepted","UL2A-AR-NATIONAL-MANIFEST-1.0.2"
"LB-LOC-22734","مرجبا","SRC-NATIONAL-VILLAGE-MANIFEST","22734","C:\APEX\UL2A_AR_FINALIZER_V1_0_0\APEX_WATANYBOT_UL2A_AR_NATIONAL_MANIFEST_FINALIZER_V1_0_0_PACKAGE\village_manifest.csv","a8c810368436869531bd825a16fb42b9c9680e415648decad6d53bfa012e9760","exact-adm3-pcode","accepted","UL2A-AR-NATIONAL-MANIFEST-1.0.2"
"LB-LOC-22737","عين السنديانة","SRC-NATIONAL-VILLAGE-MANIFEST","22737","C:\APEX\UL2A_AR_FINALIZER_V1_0_0\APEX_WATANYBOT_UL2A_AR_NATIONAL_MANIFEST_FINALIZER_V1_0_0_PACKAGE\village_manifest.csv","a8c810368436869531bd825a16fb42b9c9680e415648decad6d53bfa012e9760","exact-adm3-pcode","accepted","UL2A-AR-NATIONAL-MANIFEST-1.0.2"
"LB-LOC-22741","زرعون","SRC-NATIONAL-VILLAGE-MANIFEST","22741","C:\APEX\UL2A_AR_FINALIZER_V1_0_0\APEX_WATANYBOT_UL2A_AR_NATIONAL_MANIFEST_FINALIZER_V1_0_0_PACKAGE\village_manifest.csv","a8c810368436869531bd825a16fb42b9c9680e415648decad6d53bfa012e9760","exact-adm3-pcode","accepted","UL2A-AR-NATIONAL-MANIFEST-1.0.2"
"LB-LOC-22744","القعقور","SRC-NATIONAL-VILLAGE-MANIFEST","22744","C:\APEX\UL2A_AR_FINALIZER_V1_0_0\APEX_WATANYBOT_UL2A_AR_NATIONAL_MANIFEST_FINALIZER_V1_0_0_PACKAGE\village_manifest.csv","a8c810368436869531bd825a16fb42b9c9680e415648decad6d53bfa012e9760","exact-adm3-pcode","accepted","UL2A-AR-NATIONAL-MANIFEST-1.0.2"
"LB-LOC-22747","خنشارة","SRC-NATIONAL-VILLAGE-MANIFEST","22747","C:\APEX\UL2A_AR_FINALIZER_V1_0_0\APEX_WATANYBOT_UL2A_AR_NATIONAL_MANIFEST_FINALIZER_V1_0_0_PACKAGE\village_manifest.csv","a8c810368436869531bd825a16fb42b9c9680e415648decad6d53bfa012e9760","exact-adm3-pcode","accepted","UL2A-AR-NATIONAL-MANIFEST-1.0.2"
"LB-LOC-22751","عينطورة المتن","SRC-NATIONAL-VILLAGE-MANIFEST","22751","C:\APEX\UL2A_AR_FINALIZER_V1_0_0\APEX_WATANYBOT_UL2A_AR_NATIONAL_MANIFEST_FINALIZER_V1_0_0_PACKAGE\village_manifest.csv","a8c810368436869531bd825a16fb42b9c9680e415648decad6d53bfa012e9760","exact-adm3-pcode","accepted","UL2A-AR-NATIONAL-MANIFEST-1.0.2"
"LB-LOC-22754","شوير","SRC-NATIONAL-VILLAGE-MANIFEST","22754","C:\APEX\UL2A_AR_FINALIZER_V1_0_0\APEX_WATANYBOT_UL2A_AR_NATIONAL_MANIFEST_FINALIZER_V1_0_0_PACKAGE\village_manifest.csv","a8c810368436869531bd825a16fb42b9c9680e415648decad6d53bfa012e9760","exact-adm3-pcode","accepted","UL2A-AR-NATIONAL-MANIFEST-1.0.2"
"LB-LOC-22757","بتغرين","SRC-NATIONAL-VILLAGE-MANIFEST","22757","C:\APEX\UL2A_AR_FINALIZER_V1_0_0\APEX_WATANYBOT_UL2A_AR_NATIONAL_MANIFEST_FINALIZER_V1_0_0_PACKAGE\village_manifest.csv","a8c810368436869531bd825a16fb42b9c9680e415648decad6d53bfa012e9760","exact-adm3-pcode","accepted","UL2A-AR-NATIONAL-MANIFEST-1.0.2"
"LB-LOC-22761","دوار","SRC-NATIONAL-VILLAGE-MANIFEST","22761","C:\APEX\UL2A_AR_FINALIZER_V1_0_0\APEX_WATANYBOT_UL2A_AR_NATIONAL_MANIFEST_FINALIZER_V1_0_0_PACKAGE\village_manifest.csv","a8c810368436869531bd825a16fb42b9c9680e415648decad6d53bfa012e9760","exact-adm3-pcode","accepted","UL2A-AR-NATIONAL-MANIFEST-1.0.2"
"LB-LOC-22764","شويا","SRC-NATIONAL-VILLAGE-MANIFEST","22764","C:\APEX\UL2A_AR_FINALIZER_V1_0_0\APEX_WATANYBOT_UL2A_AR_NATIONAL_MANIFEST_FINALIZER_V1_0_0_PACKAGE\village_manifest.csv","a8c810368436869531bd825a16fb42b9c9680e415648decad6d53bfa012e9760","exact-adm3-pcode","accepted","UL2A-AR-NATIONAL-MANIFEST-1.0.2"
"LB-LOC-22767","عيرون","SRC-NATIONAL-VILLAGE-MANIFEST","22767","C:\APEX\UL2A_AR_FINALIZER_V1_0_0\APEX_WATANYBOT_UL2A_AR_NATIONAL_MANIFEST_FINALIZER_V1_0_0_PACKAGE\village_manifest.csv","a8c810368436869531bd825a16fb42b9c9680e415648decad6d53bfa012e9760","exact-adm3-pcode","accepted","UL2A-AR-NATIONAL-MANIFEST-1.0.2"
"LB-LOC-22771","زغرين المتن","SRC-NATIONAL-VILLAGE-MANIFEST","22771","C:\APEX\UL2A_AR_FINALIZER_V1_0_0\APEX_WATANYBOT_UL2A_AR_NATIONAL_MANIFEST_FINALIZER_V1_0_0_PACKAGE\village_manifest.csv","a8c810368436869531bd825a16fb42b9c9680e415648decad6d53bfa012e9760","exact-adm3-pcode","accepted","UL2A-AR-NATIONAL-MANIFEST-1.0.2"
"LB-LOC-22774","مجدل ترشيش","SRC-NATIONAL-VILLAGE-MANIFEST","22774","C:\APEX\UL2A_AR_FINALIZER_V1_0_0\APEX_WATANYBOT_UL2A_AR_NATIONAL_MANIFEST_FINALIZER_V1_0_0_PACKAGE\village_manifest.csv","a8c810368436869531bd825a16fb42b9c9680e415648decad6d53bfa012e9760","exact-adm3-pcode","accepted","UL2A-AR-NATIONAL-MANIFEST-1.0.2"
"LB-LOC-22777","عين القبو","SRC-NATIONAL-VILLAGE-MANIFEST","22777","C:\APEX\UL2A_AR_FINALIZER_V1_0_0\APEX_WATANYBOT_UL2A_AR_NATIONAL_MANIFEST_FINALIZER_V1_0_0_PACKAGE\village_manifest.csv","a8c810368436869531bd825a16fb42b9c9680e415648decad6d53bfa012e9760","exact-adm3-pcode","accepted","UL2A-AR-NATIONAL-MANIFEST-1.0.2"
"LB-LOC-22781","كفرعقاب","SRC-NATIONAL-VILLAGE-MANIFEST","22781","C:\APEX\UL2A_AR_FINALIZER_V1_0_0\APEX_WATANYBOT_UL2A_AR_NATIONAL_MANIFEST_FINALIZER_V1_0_0_PACKAGE\village_manifest.csv","a8c810368436869531bd825a16fb42b9c9680e415648decad6d53bfa012e9760","exact-adm3-pcode","accepted","UL2A-AR-NATIONAL-MANIFEST-1.0.2"
"LB-LOC-22784","مار موسى الدوار","SRC-NATIONAL-VILLAGE-MANIFEST","22784","C:\APEX\UL2A_AR_FINALIZER_V1_0_0\APEX_WATANYBOT_UL2A_AR_NATIONAL_MANIFEST_FINALIZER_V1_0_0_PACKAGE\village_manifest.csv","a8c810368436869531bd825a16fb42b9c9680e415648decad6d53bfa012e9760","exact-adm3-pcode","accepted","UL2A-AR-NATIONAL-MANIFEST-1.0.2"
"LB-LOC-22787","مشرح","SRC-NATIONAL-VILLAGE-MANIFEST","22787","C:\APEX\UL2A_AR_FINALIZER_V1_0_0\APEX_WATANYBOT_UL2A_AR_NATIONAL_MANIFEST_FINALIZER_V1_0_0_PACKAGE\village_manifest.csv","a8c810368436869531bd825a16fb42b9c9680e415648decad6d53bfa012e9760","exact-adm3-pcode","accepted","UL2A-AR-NATIONAL-MANIFEST-1.0.2"
"LB-LOC-22791","وادي الكرم المتن","SRC-NATIONAL-VILLAGE-MANIFEST","22791","C:\APEX\UL2A_AR_FINALIZER_V1_0_0\APEX_WATANYBOT_UL2A_AR_NATIONAL_MANIFEST_FINALIZER_V1_0_0_PACKAGE\village_manifest.csv","a8c810368436869531bd825a16fb42b9c9680e415648decad6d53bfa012e9760","exact-adm3-pcode","accepted","UL2A-AR-NATIONAL-MANIFEST-1.0.2"
"LB-LOC-22794","زبوغا","SRC-NATIONAL-VILLAGE-MANIFEST","22794","C:\APEX\UL2A_AR_FINALIZER_V1_0_0\APEX_WATANYBOT_UL2A_AR_NATIONAL_MANIFEST_FINALIZER_V1_0_0_PACKAGE\village_manifest.csv","a8c810368436869531bd825a16fb42b9c9680e415648decad6d53bfa012e9760","exact-adm3-pcode","accepted","UL2A-AR-NATIONAL-MANIFEST-1.0.2"
"LB-LOC-22797","بسكنتا","SRC-NATIONAL-VILLAGE-MANIFEST","22797","C:\APEX\UL2A_AR_FINALIZER_V1_0_0\APEX_WATANYBOT_UL2A_AR_NATIONAL_MANIFEST_FINALIZER_V1_0_0_PACKAGE\village_manifest.csv","a8c810368436869531bd825a16fb42b9c9680e415648decad6d53bfa012e9760","exact-adm3-pcode","accepted","UL2A-AR-NATIONAL-MANIFEST-1.0.2"
"LB-LOC-22799","كفرتيه","SRC-NATIONAL-VILLAGE-MANIFEST","22799","C:\APEX\UL2A_AR_FINALIZER_V1_0_0\APEX_WATANYBOT_UL2A_AR_NATIONAL_MANIFEST_FINALIZER_V1_0_0_PACKAGE\village_manifest.csv","a8c810368436869531bd825a16fb42b9c9680e415648decad6d53bfa012e9760","exact-adm3-pcode","accepted","UL2A-AR-NATIONAL-MANIFEST-1.0.2"
"LB-LOC-23111","الدامور","SRC-NATIONAL-VILLAGE-MANIFEST","23111","C:\APEX\UL2A_AR_FINALIZER_V1_0_0\APEX_WATANYBOT_UL2A_AR_NATIONAL_MANIFEST_FINALIZER_V1_0_0_PACKAGE\village_manifest.csv","a8c810368436869531bd825a16fb42b9c9680e415648decad6d53bfa012e9760","exact-adm3-pcode","accepted","UL2A-AR-NATIONAL-MANIFEST-1.0.2"
"LB-LOC-23141","ناعمه","SRC-NATIONAL-VILLAGE-MANIFEST","23141","C:\APEX\UL2A_AR_FINALIZER_V1_0_0\APEX_WATANYBOT_UL2A_AR_NATIONAL_MANIFEST_FINALIZER_V1_0_0_PACKAGE\village_manifest.csv","a8c810368436869531bd825a16fb42b9c9680e415648decad6d53bfa012e9760","exact-adm3-pcode","accepted","UL2A-AR-NATIONAL-MANIFEST-1.0.2"
"LB-LOC-23171","مشرف","SRC-NATIONAL-VILLAGE-MANIFEST","23171","C:\APEX\UL2A_AR_FINALIZER_V1_0_0\APEX_WATANYBOT_UL2A_AR_NATIONAL_MANIFEST_FINALIZER_V1_0_0_PACKAGE\village_manifest.csv","a8c810368436869531bd825a16fb42b9c9680e415648decad6d53bfa012e9760","exact-adm3-pcode","accepted","UL2A-AR-NATIONAL-MANIFEST-1.0.2"
"LB-LOC-23211","شحيم","SRC-NATIONAL-VILLAGE-MANIFEST","23211","C:\APEX\UL2A_AR_FINALIZER_V1_0_0\APEX_WATANYBOT_UL2A_AR_NATIONAL_MANIFEST_FINALIZER_V1_0_0_PACKAGE\village_manifest.csv","a8c810368436869531bd825a16fb42b9c9680e415648decad6d53bfa012e9760","exact-adm3-pcode","accepted","UL2A-AR-NATIONAL-MANIFEST-1.0.2"
"LB-LOC-23215","مزبود","SRC-NATIONAL-VILLAGE-MANIFEST","23215","C:\APEX\UL2A_AR_FINALIZER_V1_0_0\APEX_WATANYBOT_UL2A_AR_NATIONAL_MANIFEST_FINALIZER_V1_0_0_PACKAGE\village_manifest.csv","a8c810368436869531bd825a16fb42b9c9680e415648decad6d53bfa012e9760","exact-adm3-pcode","accepted","UL2A-AR-NATIONAL-MANIFEST-1.0.2"
"LB-LOC-23219","دلهون","SRC-NATIONAL-VILLAGE-MANIFEST","23219","C:\APEX\UL2A_AR_FINALIZER_V1_0_0\APEX_WATANYBOT_UL2A_AR_NATIONAL_MANIFEST_FINALIZER_V1_0_0_PACKAGE\village_manifest.csv","a8c810368436869531bd825a16fb42b9c9680e415648decad6d53bfa012e9760","exact-adm3-pcode","accepted","UL2A-AR-NATIONAL-MANIFEST-1.0.2"
"LB-LOC-23223","شميس","SRC-NATIONAL-VILLAGE-MANIFEST","23223","C:\APEX\UL2A_AR_FINALIZER_V1_0_0\APEX_WATANYBOT_UL2A_AR_NATIONAL_MANIFEST_FINALIZER_V1_0_0_PACKAGE\village_manifest.csv","a8c810368436869531bd825a16fb42b9c9680e415648decad6d53bfa012e9760","exact-adm3-pcode","accepted","UL2A-AR-NATIONAL-MANIFEST-1.0.2"
"LB-LOC-23227","داريا الشوف","SRC-NATIONAL-VILLAGE-MANIFEST","23227","C:\APEX\UL2A_AR_FINALIZER_V1_0_0\APEX_WATANYBOT_UL2A_AR_NATIONAL_MANIFEST_FINALIZER_V1_0_0_PACKAGE\village_manifest.csv","a8c810368436869531bd825a16fb42b9c9680e415648decad6d53bfa012e9760","exact-adm3-pcode","accepted","UL2A-AR-NATIONAL-MANIFEST-1.0.2"
"LB-LOC-23231","كترمايا","SRC-NATIONAL-VILLAGE-MANIFEST","23231","C:\APEX\UL2A_AR_FINALIZER_V1_0_0\APEX_WATANYBOT_UL2A_AR_NATIONAL_MANIFEST_FINALIZER_V1_0_0_PACKAGE\village_manifest.csv","a8c810368436869531bd825a16fb42b9c9680e415648decad6d53bfa012e9760","exact-adm3-pcode","accepted","UL2A-AR-NATIONAL-MANIFEST-1.0.2"
"LB-LOC-23235","معنيه","SRC-NATIONAL-VILLAGE-MANIFEST","23235","C:\APEX\UL2A_AR_FINALIZER_V1_0_0\APEX_WATANYBOT_UL2A_AR_NATIONAL_MANIFEST_FINALIZER_V1_0_0_PACKAGE\village_manifest.csv","a8c810368436869531bd825a16fb42b9c9680e415648decad6d53bfa012e9760","exact-adm3-pcode","accepted","UL2A-AR-NATIONAL-MANIFEST-1.0.2"
"LB-LOC-23237","وادي ابو يوسف","SRC-NATIONAL-VILLAGE-MANIFEST","23237","C:\APEX\UL2A_AR_FINALIZER_V1_0_0\APEX_WATANYBOT_UL2A_AR_NATIONAL_MANIFEST_FINALIZER_V1_0_0_PACKAGE\village_manifest.csv","a8c810368436869531bd825a16fb42b9c9680e415648decad6d53bfa012e9760","exact-adm3-pcode","accepted","UL2A-AR-NATIONAL-MANIFEST-1.0.2"
"LB-LOC-23239","عانوت","SRC-NATIONAL-VILLAGE-MANIFEST","23239","C:\APEX\UL2A_AR_FINALIZER_V1_0_0\APEX_WATANYBOT_UL2A_AR_NATIONAL_MANIFEST_FINALIZER_V1_0_0_PACKAGE\village_manifest.csv","a8c810368436869531bd825a16fb42b9c9680e415648decad6d53bfa012e9760","exact-adm3-pcode","accepted","UL2A-AR-NATIONAL-MANIFEST-1.0.2"
"LB-LOC-23243","سبلين","SRC-NATIONAL-VILLAGE-MANIFEST","23243","C:\APEX\UL2A_AR_FINALIZER_V1_0_0\APEX_WATANYBOT_UL2A_AR_NATIONAL_MANIFEST_FINALIZER_V1_0_0_PACKAGE\village_manifest.csv","a8c810368436869531bd825a16fb42b9c9680e415648decad6d53bfa012e9760","exact-adm3-pcode","accepted","UL2A-AR-NATIONAL-MANIFEST-1.0.2"
"LB-LOC-23247","البرجين","SRC-NATIONAL-VILLAGE-MANIFEST","23247","C:\APEX\UL2A_AR_FINALIZER_V1_0_0\APEX_WATANYBOT_UL2A_AR_NATIONAL_MANIFEST_FINALIZER_V1_0_0_PACKAGE\village_manifest.csv","a8c810368436869531bd825a16fb42b9c9680e415648decad6d53bfa012e9760","exact-adm3-pcode","accepted","UL2A-AR-NATIONAL-MANIFEST-1.0.2"
"LB-LOC-23251","برجا","SRC-NATIONAL-VILLAGE-MANIFEST","23251","C:\APEX\UL2A_AR_FINALIZER_V1_0_0\APEX_WATANYBOT_UL2A_AR_NATIONAL_MANIFEST_FINALIZER_V1_0_0_PACKAGE\village_manifest.csv","a8c810368436869531bd825a16fb42b9c9680e415648decad6d53bfa012e9760","exact-adm3-pcode","accepted","UL2A-AR-NATIONAL-MANIFEST-1.0.2"
"LB-LOC-23253","بكشتين","SRC-NATIONAL-VILLAGE-MANIFEST","23253","C:\APEX\UL2A_AR_FINALIZER_V1_0_0\APEX_WATANYBOT_UL2A_AR_NATIONAL_MANIFEST_FINALIZER_V1_0_0_PACKAGE\village_manifest.csv","a8c810368436869531bd825a16fb42b9c9680e415648decad6d53bfa012e9760","exact-adm3-pcode","accepted","UL2A-AR-NATIONAL-MANIFEST-1.0.2"
"LB-LOC-23255","بعاصير","SRC-NATIONAL-VILLAGE-MANIFEST","23255","C:\APEX\UL2A_AR_FINALIZER_V1_0_0\APEX_WATANYBOT_UL2A_AR_NATIONAL_MANIFEST_FINALIZER_V1_0_0_PACKAGE\village_manifest.csv","a8c810368436869531bd825a16fb42b9c9680e415648decad6d53bfa012e9760","exact-adm3-pcode","accepted","UL2A-AR-NATIONAL-MANIFEST-1.0.2"
"LB-LOC-23259","دبية","SRC-NATIONAL-VILLAGE-MANIFEST","23259","C:\APEX\UL2A_AR_FINALIZER_V1_0_0\APEX_WATANYBOT_UL2A_AR_NATIONAL_MANIFEST_FINALIZER_V1_0_0_PACKAGE\village_manifest.csv","a8c810368436869531bd825a16fb42b9c9680e415648decad6d53bfa012e9760","exact-adm3-pcode","accepted","UL2A-AR-NATIONAL-MANIFEST-1.0.2"
"LB-LOC-23263","بنواتي","SRC-NATIONAL-VILLAGE-MANIFEST","23263","C:\APEX\UL2A_AR_FINALIZER_V1_0_0\APEX_WATANYBOT_UL2A_AR_NATIONAL_MANIFEST_FINALIZER_V1_0_0_PACKAGE\village_manifest.csv","a8c810368436869531bd825a16fb42b9c9680e415648decad6d53bfa012e9760","exact-adm3-pcode","accepted","UL2A-AR-NATIONAL-MANIFEST-1.0.2"
"LB-LOC-23267","جية","SRC-NATIONAL-VILLAGE-MANIFEST","23267","C:\APEX\UL2A_AR_FINALIZER_V1_0_0\APEX_WATANYBOT_UL2A_AR_NATIONAL_MANIFEST_FINALIZER_V1_0_0_PACKAGE\village_manifest.csv","a8c810368436869531bd825a16fb42b9c9680e415648decad6d53bfa012e9760","exact-adm3-pcode","accepted","UL2A-AR-NATIONAL-MANIFEST-1.0.2"
"LB-LOC-23271","جدرا","SRC-NATIONAL-VILLAGE-MANIFEST","23271","C:\APEX\UL2A_AR_FINALIZER_V1_0_0\APEX_WATANYBOT_UL2A_AR_NATIONAL_MANIFEST_FINALIZER_V1_0_0_PACKAGE\village_manifest.csv","a8c810368436869531bd825a16fb42b9c9680e415648decad6d53bfa012e9760","exact-adm3-pcode","accepted","UL2A-AR-NATIONAL-MANIFEST-1.0.2"
"LB-LOC-23275","شمعرين","SRC-NATIONAL-VILLAGE-MANIFEST","23275","C:\APEX\UL2A_AR_FINALIZER_V1_0_0\APEX_WATANYBOT_UL2A_AR_NATIONAL_MANIFEST_FINALIZER_V1_0_0_PACKAGE\village_manifest.csv","a8c810368436869531bd825a16fb42b9c9680e415648decad6d53bfa012e9760","exact-adm3-pcode","accepted","UL2A-AR-NATIONAL-MANIFEST-1.0.2"
"LB-LOC-23279","ضهر المغارة","SRC-NATIONAL-VILLAGE-MANIFEST","23279","C:\APEX\UL2A_AR_FINALIZER_V1_0_0\APEX_WATANYBOT_UL2A_AR_NATIONAL_MANIFEST_FINALIZER_V1_0_0_PACKAGE\village_manifest.csv","a8c810368436869531bd825a16fb42b9c9680e415648decad6d53bfa012e9760","exact-adm3-pcode","accepted","UL2A-AR-NATIONAL-MANIFEST-1.0.2"
"LB-LOC-23311","علمان الشوف","SRC-NATIONAL-VILLAGE-MANIFEST","23311","C:\APEX\UL2A_AR_FINALIZER_V1_0_0\APEX_WATANYBOT_UL2A_AR_NATIONAL_MANIFEST_FINALIZER_V1_0_0_PACKAGE\village_manifest.csv","a8c810368436869531bd825a16fb42b9c9680e415648decad6d53bfa012e9760","exact-adm3-pcode","accepted","UL2A-AR-NATIONAL-MANIFEST-1.0.2"
"LB-LOC-23316","جميلية","SRC-NATIONAL-VILLAGE-MANIFEST","23316","C:\APEX\UL2A_AR_FINALIZER_V1_0_0\APEX_WATANYBOT_UL2A_AR_NATIONAL_MANIFEST_FINALIZER_V1_0_0_PACKAGE\village_manifest.csv","a8c810368436869531bd825a16fb42b9c9680e415648decad6d53bfa012e9760","exact-adm3-pcode","accepted","UL2A-AR-NATIONAL-MANIFEST-1.0.2"
"LB-LOC-23321","رميلة","SRC-NATIONAL-VILLAGE-MANIFEST","23321","C:\APEX\UL2A_AR_FINALIZER_V1_0_0\APEX_WATANYBOT_UL2A_AR_NATIONAL_MANIFEST_FINALIZER_V1_0_0_PACKAGE\village_manifest.csv","a8c810368436869531bd825a16fb42b9c9680e415648decad6d53bfa012e9760","exact-adm3-pcode","accepted","UL2A-AR-NATIONAL-MANIFEST-1.0.2"
"LB-LOC-23326","مجدلونا","SRC-NATIONAL-VILLAGE-MANIFEST","23326","C:\APEX\UL2A_AR_FINALIZER_V1_0_0\APEX_WATANYBOT_UL2A_AR_NATIONAL_MANIFEST_FINALIZER_V1_0_0_PACKAGE\village_manifest.csv","a8c810368436869531bd825a16fb42b9c9680e415648decad6d53bfa012e9760","exact-adm3-pcode","accepted","UL2A-AR-NATIONAL-MANIFEST-1.0.2"
"LB-LOC-23331","وردانيه","SRC-NATIONAL-VILLAGE-MANIFEST","23331","C:\APEX\UL2A_AR_FINALIZER_V1_0_0\APEX_WATANYBOT_UL2A_AR_NATIONAL_MANIFEST_FINALIZER_V1_0_0_PACKAGE\village_manifest.csv","a8c810368436869531bd825a16fb42b9c9680e415648decad6d53bfa012e9760","exact-adm3-pcode","accepted","UL2A-AR-NATIONAL-MANIFEST-1.0.2"
"LB-LOC-23336","جون","SRC-NATIONAL-VILLAGE-MANIFEST","23336","C:\APEX\UL2A_AR_FINALIZER_V1_0_0\APEX_WATANYBOT_UL2A_AR_NATIONAL_MANIFEST_FINALIZER_V1_0_0_PACKAGE\village_manifest.csv","a8c810368436869531bd825a16fb42b9c9680e415648decad6d53bfa012e9760","exact-adm3-pcode","accepted","UL2A-AR-NATIONAL-MANIFEST-1.0.2"
"LB-LOC-23341","مغيرية الشوف","SRC-NATIONAL-VILLAGE-MANIFEST","23341","C:\APEX\UL2A_AR_FINALIZER_V1_0_0\APEX_WATANYBOT_UL2A_AR_NATIONAL_MANIFEST_FINALIZER_V1_0_0_PACKAGE\village_manifest.csv","a8c810368436869531bd825a16fb42b9c9680e415648decad6d53bfa012e9760","exact-adm3-pcode","accepted","UL2A-AR-NATIONAL-MANIFEST-1.0.2"
"LB-LOC-23346","دير المخلص الشوف","SRC-NATIONAL-VILLAGE-MANIFEST","23346","C:\APEX\UL2A_AR_FINALIZER_V1_0_0\APEX_WATANYBOT_UL2A_AR_NATIONAL_MANIFEST_FINALIZER_V1_0_0_PACKAGE\village_manifest.csv","a8c810368436869531bd825a16fb42b9c9680e415648decad6d53bfa012e9760","exact-adm3-pcode","accepted","UL2A-AR-NATIONAL-MANIFEST-1.0.2"
"LB-LOC-23351","قريعة","SRC-NATIONAL-VILLAGE-MANIFEST","23351","C:\APEX\UL2A_AR_FINALIZER_V1_0_0\APEX_WATANYBOT_UL2A_AR_NATIONAL_MANIFEST_FINALIZER_V1_0_0_PACKAGE\village_manifest.csv","a8c810368436869531bd825a16fb42b9c9680e415648decad6d53bfa012e9760","exact-adm3-pcode","accepted","UL2A-AR-NATIONAL-MANIFEST-1.0.2"
"LB-LOC-23356","بكيفا","SRC-NATIONAL-VILLAGE-MANIFEST","23356","C:\APEX\UL2A_AR_FINALIZER_V1_0_0\APEX_WATANYBOT_UL2A_AR_NATIONAL_MANIFEST_FINALIZER_V1_0_0_PACKAGE\village_manifest.csv","a8c810368436869531bd825a16fb42b9c9680e415648decad6d53bfa012e9760","exact-adm3-pcode","accepted","UL2A-AR-NATIONAL-MANIFEST-1.0.2"
"LB-LOC-23361","مزمورة","SRC-NATIONAL-VILLAGE-MANIFEST","23361","C:\APEX\UL2A_AR_FINALIZER_V1_0_0\APEX_WATANYBOT_UL2A_AR_NATIONAL_MANIFEST_FINALIZER_V1_0_0_PACKAGE\village_manifest.csv","a8c810368436869531bd825a16fb42b9c9680e415648decad6d53bfa012e9760","exact-adm3-pcode","accepted","UL2A-AR-NATIONAL-MANIFEST-1.0.2"
"LB-LOC-23365","مطله","SRC-NATIONAL-VILLAGE-MANIFEST","23365","C:\APEX\UL2A_AR_FINALIZER_V1_0_0\APEX_WATANYBOT_UL2A_AR_NATIONAL_MANIFEST_FINALIZER_V1_0_0_PACKAGE\village_manifest.csv","a8c810368436869531bd825a16fb42b9c9680e415648decad6d53bfa012e9760","exact-adm3-pcode","accepted","UL2A-AR-NATIONAL-MANIFEST-1.0.2"
"LB-LOC-23366","مزرعة الضهر","SRC-NATIONAL-VILLAGE-MANIFEST","23366","C:\APEX\UL2A_AR_FINALIZER_V1_0_0\APEX_WATANYBOT_UL2A_AR_NATIONAL_MANIFEST_FINALIZER_V1_0_0_PACKAGE\village_manifest.csv","a8c810368436869531bd825a16fb42b9c9680e415648decad6d53bfa012e9760","exact-adm3-pcode","accepted","UL2A-AR-NATIONAL-MANIFEST-1.0.2"
"LB-LOC-23371","خربة بسري","SRC-NATIONAL-VILLAGE-MANIFEST","23371","C:\APEX\UL2A_AR_FINALIZER_V1_0_0\APEX_WATANYBOT_UL2A_AR_NATIONAL_MANIFEST_FINALIZER_V1_0_0_PACKAGE\village_manifest.csv","a8c810368436869531bd825a16fb42b9c9680e415648decad6d53bfa012e9760","exact-adm3-pcode","accepted","UL2A-AR-NATIONAL-MANIFEST-1.0.2"
"LB-LOC-23376","جليلية","SRC-NATIONAL-VILLAGE-MANIFEST","23376","C:\APEX\UL2A_AR_FINALIZER_V1_0_0\APEX_WATANYBOT_UL2A_AR_NATIONAL_MANIFEST_FINALIZER_V1_0_0_PACKAGE\village_manifest.csv","a8c810368436869531bd825a16fb42b9c9680e415648decad6d53bfa012e9760","exact-adm3-pcode","accepted","UL2A-AR-NATIONAL-MANIFEST-1.0.2"
"LB-LOC-23381","زعرورية","SRC-NATIONAL-VILLAGE-MANIFEST","23381","C:\APEX\UL2A_AR_FINALIZER_V1_0_0\APEX_WATANYBOT_UL2A_AR_NATIONAL_MANIFEST_FINALIZER_V1_0_0_PACKAGE\village_manifest.csv","a8c810368436869531bd825a16fb42b9c9680e415648decad6d53bfa012e9760","exact-adm3-pcode","accepted","UL2A-AR-NATIONAL-MANIFEST-1.0.2"
"LB-LOC-23386","بسابا","SRC-NATIONAL-VILLAGE-MANIFEST","23386","C:\APEX\UL2A_AR_FINALIZER_V1_0_0\APEX_WATANYBOT_UL2A_AR_NATIONAL_MANIFEST_FINALIZER_V1_0_0_PACKAGE\village_manifest.csv","a8c810368436869531bd825a16fb42b9c9680e415648decad6d53bfa012e9760","exact-adm3-pcode","accepted","UL2A-AR-NATIONAL-MANIFEST-1.0.2"
"LB-LOC-23411","بيت الدين","SRC-NATIONAL-VILLAGE-MANIFEST","23411","C:\APEX\UL2A_AR_FINALIZER_V1_0_0\APEX_WATANYBOT_UL2A_AR_NATIONAL_MANIFEST_FINALIZER_V1_0_0_PACKAGE\village_manifest.csv","a8c810368436869531bd825a16fb42b9c9680e415648decad6d53bfa012e9760","exact-adm3-pcode","accepted","UL2A-AR-NATIONAL-MANIFEST-1.0.2"
"LB-LOC-23413","دير القمر","SRC-NATIONAL-VILLAGE-MANIFEST","23413","C:\APEX\UL2A_AR_FINALIZER_V1_0_0\APEX_WATANYBOT_UL2A_AR_NATIONAL_MANIFEST_FINALIZER_V1_0_0_PACKAGE\village_manifest.csv","a8c810368436869531bd825a16fb42b9c9680e415648decad6d53bfa012e9760","exact-adm3-pcode","accepted","UL2A-AR-NATIONAL-MANIFEST-1.0.2"
"LB-LOC-23415","كفر حمل","SRC-NATIONAL-VILLAGE-MANIFEST","23415","C:\APEX\UL2A_AR_FINALIZER_V1_0_0\APEX_WATANYBOT_UL2A_AR_NATIONAL_MANIFEST_FINALIZER_V1_0_0_PACKAGE\village_manifest.csv","a8c810368436869531bd825a16fb42b9c9680e415648decad6d53bfa012e9760","exact-adm3-pcode","accepted","UL2A-AR-NATIONAL-MANIFEST-1.0.2"
"LB-LOC-23417","سمقانية","SRC-NATIONAL-VILLAGE-MANIFEST","23417","C:\APEX\UL2A_AR_FINALIZER_V1_0_0\APEX_WATANYBOT_UL2A_AR_NATIONAL_MANIFEST_FINALIZER_V1_0_0_PACKAGE\village_manifest.csv","a8c810368436869531bd825a16fb42b9c9680e415648decad6d53bfa012e9760","exact-adm3-pcode","accepted","UL2A-AR-NATIONAL-MANIFEST-1.0.2"
"LB-LOC-23419","كفرقطرة","SRC-NATIONAL-VILLAGE-MANIFEST","23419","C:\APEX\UL2A_AR_FINALIZER_V1_0_0\APEX_WATANYBOT_UL2A_AR_NATIONAL_MANIFEST_FINALIZER_V1_0_0_PACKAGE\village_manifest.csv","a8c810368436869531bd825a16fb42b9c9680e415648decad6d53bfa012e9760","exact-adm3-pcode","accepted","UL2A-AR-NATIONAL-MANIFEST-1.0.2"
"LB-LOC-23421","معاصر بيت الدين","SRC-NATIONAL-VILLAGE-MANIFEST","23421","C:\APEX\UL2A_AR_FINALIZER_V1_0_0\APEX_WATANYBOT_UL2A_AR_NATIONAL_MANIFEST_FINALIZER_V1_0_0_PACKAGE\village_manifest.csv","a8c810368436869531bd825a16fb42b9c9680e415648decad6d53bfa012e9760","exact-adm3-pcode","accepted","UL2A-AR-NATIONAL-MANIFEST-1.0.2"
"LB-LOC-23423","بشتفين","SRC-NATIONAL-VILLAGE-MANIFEST","23423","C:\APEX\UL2A_AR_FINALIZER_V1_0_0\APEX_WATANYBOT_UL2A_AR_NATIONAL_MANIFEST_FINALIZER_V1_0_0_PACKAGE\village_manifest.csv","a8c810368436869531bd825a16fb42b9c9680e415648decad6d53bfa012e9760","exact-adm3-pcode","accepted","UL2A-AR-NATIONAL-MANIFEST-1.0.2"
"LB-LOC-23425","كنيسة الشوف","SRC-NATIONAL-VILLAGE-MANIFEST","23425","C:\APEX\UL2A_AR_FINALIZER_V1_0_0\APEX_WATANYBOT_UL2A_AR_NATIONAL_MANIFEST_FINALIZER_V1_0_0_PACKAGE\village_manifest.csv","a8c810368436869531bd825a16fb42b9c9680e415648decad6d53bfa012e9760","exact-adm3-pcode","accepted","UL2A-AR-NATIONAL-MANIFEST-1.0.2"
"LB-LOC-23427","عميق الشوف","SRC-NATIONAL-VILLAGE-MANIFEST","23427","C:\APEX\UL2A_AR_FINALIZER_V1_0_0\APEX_WATANYBOT_UL2A_AR_NATIONAL_MANIFEST_FINALIZER_V1_0_0_PACKAGE\village_manifest.csv","a8c810368436869531bd825a16fb42b9c9680e415648decad6d53bfa012e9760","exact-adm3-pcode","accepted","UL2A-AR-NATIONAL-MANIFEST-1.0.2"
"LB-LOC-23429","دير كوشه","SRC-NATIONAL-VILLAGE-MANIFEST","23429","C:\APEX\UL2A_AR_FINALIZER_V1_0_0\APEX_WATANYBOT_UL2A_AR_NATIONAL_MANIFEST_FINALIZER_V1_0_0_PACKAGE\village_manifest.csv","a8c810368436869531bd825a16fb42b9c9680e415648decad6d53bfa012e9760","exact-adm3-pcode","accepted","UL2A-AR-NATIONAL-MANIFEST-1.0.2"
"LB-LOC-23431","مزرعة الدوير","SRC-NATIONAL-VILLAGE-MANIFEST","23431","C:\APEX\UL2A_AR_FINALIZER_V1_0_0\APEX_WATANYBOT_UL2A_AR_NATIONAL_MANIFEST_FINALIZER_V1_0_0_PACKAGE\village_manifest.csv","a8c810368436869531bd825a16fb42b9c9680e415648decad6d53bfa012e9760","exact-adm3-pcode","accepted","UL2A-AR-NATIONAL-MANIFEST-1.0.2"
"LB-LOC-23433","كفرفاقود","SRC-NATIONAL-VILLAGE-MANIFEST","23433","C:\APEX\UL2A_AR_FINALIZER_V1_0_0\APEX_WATANYBOT_UL2A_AR_NATIONAL_MANIFEST_FINALIZER_V1_0_0_PACKAGE\village_manifest.csv","a8c810368436869531bd825a16fb42b9c9680e415648decad6d53bfa012e9760","exact-adm3-pcode","accepted","UL2A-AR-NATIONAL-MANIFEST-1.0.2"
"LB-LOC-23435","دير بابا","SRC-NATIONAL-VILLAGE-MANIFEST","23435","C:\APEX\UL2A_AR_FINALIZER_V1_0_0\APEX_WATANYBOT_UL2A_AR_NATIONAL_MANIFEST_FINALIZER_V1_0_0_PACKAGE\village_manifest.csv","a8c810368436869531bd825a16fb42b9c9680e415648decad6d53bfa012e9760","exact-adm3-pcode","accepted","UL2A-AR-NATIONAL-MANIFEST-1.0.2"
"LB-LOC-23437","سرجبال","SRC-NATIONAL-VILLAGE-MANIFEST","23437","C:\APEX\UL2A_AR_FINALIZER_V1_0_0\APEX_WATANYBOT_UL2A_AR_NATIONAL_MANIFEST_FINALIZER_V1_0_0_PACKAGE\village_manifest.csv","a8c810368436869531bd825a16fb42b9c9680e415648decad6d53bfa012e9760","exact-adm3-pcode","accepted","UL2A-AR-NATIONAL-MANIFEST-1.0.2"
"LB-LOC-23438","غابة جعفر","SRC-NATIONAL-VILLAGE-MANIFEST","23438","C:\APEX\UL2A_AR_FINALIZER_V1_0_0\APEX_WATANYBOT_UL2A_AR_NATIONAL_MANIFEST_FINALIZER_V1_0_0_PACKAGE\village_manifest.csv","a8c810368436869531bd825a16fb42b9c9680e415648decad6d53bfa012e9760","exact-adm3-pcode","accepted","UL2A-AR-NATIONAL-MANIFEST-1.0.2"
"LB-LOC-23439","كفرحيم","SRC-NATIONAL-VILLAGE-MANIFEST","23439","C:\APEX\UL2A_AR_FINALIZER_V1_0_0\APEX_WATANYBOT_UL2A_AR_NATIONAL_MANIFEST_FINALIZER_V1_0_0_PACKAGE\village_manifest.csv","a8c810368436869531bd825a16fb42b9c9680e415648decad6d53bfa012e9760","exact-adm3-pcode","accepted","UL2A-AR-NATIONAL-MANIFEST-1.0.2"
"LB-LOC-23441","وادي الدير","SRC-NATIONAL-VILLAGE-MANIFEST","23441","C:\APEX\UL2A_AR_FINALIZER_V1_0_0\APEX_WATANYBOT_UL2A_AR_NATIONAL_MANIFEST_FINALIZER_V1_0_0_PACKAGE\village_manifest.csv","a8c810368436869531bd825a16fb42b9c9680e415648decad6d53bfa012e9760","exact-adm3-pcode","accepted","UL2A-AR-NATIONAL-MANIFEST-1.0.2"
"LB-LOC-23443","وادي الست","SRC-NATIONAL-VILLAGE-MANIFEST","23443","C:\APEX\UL2A_AR_FINALIZER_V1_0_0\APEX_WATANYBOT_UL2A_AR_NATIONAL_MANIFEST_FINALIZER_V1_0_0_PACKAGE\village_manifest.csv","a8c810368436869531bd825a16fb42b9c9680e415648decad6d53bfa012e9760","exact-adm3-pcode","accepted","UL2A-AR-NATIONAL-MANIFEST-1.0.2"
"LB-LOC-23445","مجدل المعوش","SRC-NATIONAL-VILLAGE-MANIFEST","23445","C:\APEX\UL2A_AR_FINALIZER_V1_0_0\APEX_WATANYBOT_UL2A_AR_NATIONAL_MANIFEST_FINALIZER_V1_0_0_PACKAGE\village_manifest.csv","a8c810368436869531bd825a16fb42b9c9680e415648decad6d53bfa012e9760","exact-adm3-pcode","accepted","UL2A-AR-NATIONAL-MANIFEST-1.0.2"
"LB-LOC-23447","دميت","SRC-NATIONAL-VILLAGE-MANIFEST","23447","C:\APEX\UL2A_AR_FINALIZER_V1_0_0\APEX_WATANYBOT_UL2A_AR_NATIONAL_MANIFEST_FINALIZER_V1_0_0_PACKAGE\village_manifest.csv","a8c810368436869531bd825a16fb42b9c9680e415648decad6d53bfa012e9760","exact-adm3-pcode","accepted","UL2A-AR-NATIONAL-MANIFEST-1.0.2"
"LB-LOC-23449","فوارة جعفر","SRC-NATIONAL-VILLAGE-MANIFEST","23449","C:\APEX\UL2A_AR_FINALIZER_V1_0_0\APEX_WATANYBOT_UL2A_AR_NATIONAL_MANIFEST_FINALIZER_V1_0_0_PACKAGE\village_manifest.csv","a8c810368436869531bd825a16fb42b9c9680e415648decad6d53bfa012e9760","exact-adm3-pcode","accepted","UL2A-AR-NATIONAL-MANIFEST-1.0.2"
"LB-LOC-23451","بيرة","SRC-NATIONAL-VILLAGE-MANIFEST","23451","C:\APEX\UL2A_AR_FINALIZER_V1_0_0\APEX_WATANYBOT_UL2A_AR_NATIONAL_MANIFEST_FINALIZER_V1_0_0_PACKAGE\village_manifest.csv","a8c810368436869531bd825a16fb42b9c9680e415648decad6d53bfa012e9760","exact-adm3-pcode","accepted","UL2A-AR-NATIONAL-MANIFEST-1.0.2"
"LB-LOC-23453","شوريت","SRC-NATIONAL-VILLAGE-MANIFEST","23453","C:\APEX\UL2A_AR_FINALIZER_V1_0_0\APEX_WATANYBOT_UL2A_AR_NATIONAL_MANIFEST_FINALIZER_V1_0_0_PACKAGE\village_manifest.csv","a8c810368436869531bd825a16fb42b9c9680e415648decad6d53bfa012e9760","exact-adm3-pcode","accepted","UL2A-AR-NATIONAL-MANIFEST-1.0.2"
"LB-LOC-23454","كفر حي","SRC-NATIONAL-VILLAGE-MANIFEST","23454","C:\APEX\UL2A_AR_FINALIZER_V1_0_0\APEX_WATANYBOT_UL2A_AR_NATIONAL_MANIFEST_FINALIZER_V1_0_0_PACKAGE\village_manifest.csv","a8c810368436869531bd825a16fb42b9c9680e415648decad6d53bfa012e9760","exact-adm3-pcode","accepted","UL2A-AR-NATIONAL-MANIFEST-1.0.2"
"LB-LOC-23455","كفرنيس","SRC-NATIONAL-VILLAGE-MANIFEST","23455","C:\APEX\UL2A_AR_FINALIZER_V1_0_0\APEX_WATANYBOT_UL2A_AR_NATIONAL_MANIFEST_FINALIZER_V1_0_0_PACKAGE\village_manifest.csv","a8c810368436869531bd825a16fb42b9c9680e415648decad6d53bfa012e9760","exact-adm3-pcode","accepted","UL2A-AR-NATIONAL-MANIFEST-1.0.2"
"LB-LOC-23457","بقيعة","SRC-NATIONAL-VILLAGE-MANIFEST","23457","C:\APEX\UL2A_AR_FINALIZER_V1_0_0\APEX_WATANYBOT_UL2A_AR_NATIONAL_MANIFEST_FINALIZER_V1_0_0_PACKAGE\village_manifest.csv","a8c810368436869531bd825a16fb42b9c9680e415648decad6d53bfa012e9760","exact-adm3-pcode","accepted","UL2A-AR-NATIONAL-MANIFEST-1.0.2"
"LB-LOC-23459","بريح","SRC-NATIONAL-VILLAGE-MANIFEST","23459","C:\APEX\UL2A_AR_FINALIZER_V1_0_0\APEX_WATANYBOT_UL2A_AR_NATIONAL_MANIFEST_FINALIZER_V1_0_0_PACKAGE\village_manifest.csv","a8c810368436869531bd825a16fb42b9c9680e415648decad6d53bfa012e9760","exact-adm3-pcode","accepted","UL2A-AR-NATIONAL-MANIFEST-1.0.2"
"LB-LOC-23461","مغيره","SRC-NATIONAL-VILLAGE-MANIFEST","23461","C:\APEX\UL2A_AR_FINALIZER_V1_0_0\APEX_WATANYBOT_UL2A_AR_NATIONAL_MANIFEST_FINALIZER_V1_0_0_PACKAGE\village_manifest.csv","a8c810368436869531bd825a16fb42b9c9680e415648decad6d53bfa012e9760","exact-adm3-pcode","accepted","UL2A-AR-NATIONAL-MANIFEST-1.0.2"
"LB-LOC-23463","ورهانية","SRC-NATIONAL-VILLAGE-MANIFEST","23463","C:\APEX\UL2A_AR_FINALIZER_V1_0_0\APEX_WATANYBOT_UL2A_AR_NATIONAL_MANIFEST_FINALIZER_V1_0_0_PACKAGE\village_manifest.csv","a8c810368436869531bd825a16fb42b9c9680e415648decad6d53bfa012e9760","exact-adm3-pcode","accepted","UL2A-AR-NATIONAL-MANIFEST-1.0.2"
"LB-LOC-23467","فريديس الشوف","SRC-NATIONAL-VILLAGE-MANIFEST","23467","C:\APEX\UL2A_AR_FINALIZER_V1_0_0\APEX_WATANYBOT_UL2A_AR_NATIONAL_MANIFEST_FINALIZER_V1_0_0_PACKAGE\village_manifest.csv","a8c810368436869531bd825a16fb42b9c9680e415648decad6d53bfa012e9760","exact-adm3-pcode","accepted","UL2A-AR-NATIONAL-MANIFEST-1.0.2"
"LB-LOC-23469","عين زحلتا","SRC-NATIONAL-VILLAGE-MANIFEST","23469","C:\APEX\UL2A_AR_FINALIZER_V1_0_0\APEX_WATANYBOT_UL2A_AR_NATIONAL_MANIFEST_FINALIZER_V1_0_0_PACKAGE\village_manifest.csv","a8c810368436869531bd825a16fb42b9c9680e415648decad6d53bfa012e9760","exact-adm3-pcode","accepted","UL2A-AR-NATIONAL-MANIFEST-1.0.2"
"LB-LOC-23511","بعقلين","SRC-NATIONAL-VILLAGE-MANIFEST","23511","C:\APEX\UL2A_AR_FINALIZER_V1_0_0\APEX_WATANYBOT_UL2A_AR_NATIONAL_MANIFEST_FINALIZER_V1_0_0_PACKAGE\village_manifest.csv","a8c810368436869531bd825a16fb42b9c9680e415648decad6d53bfa012e9760","exact-adm3-pcode","accepted","UL2A-AR-NATIONAL-MANIFEST-1.0.2"
"LB-LOC-23522","دير دوريت","SRC-NATIONAL-VILLAGE-MANIFEST","23522","C:\APEX\UL2A_AR_FINALIZER_V1_0_0\APEX_WATANYBOT_UL2A_AR_NATIONAL_MANIFEST_FINALIZER_V1_0_0_PACKAGE\village_manifest.csv","a8c810368436869531bd825a16fb42b9c9680e415648decad6d53bfa012e9760","exact-adm3-pcode","accepted","UL2A-AR-NATIONAL-MANIFEST-1.0.2"
"LB-LOC-23533","عينبال","SRC-NATIONAL-VILLAGE-MANIFEST","23533","C:\APEX\UL2A_AR_FINALIZER_V1_0_0\APEX_WATANYBOT_UL2A_AR_NATIONAL_MANIFEST_FINALIZER_V1_0_0_PACKAGE\village_manifest.csv","a8c810368436869531bd825a16fb42b9c9680e415648decad6d53bfa012e9760","exact-adm3-pcode","accepted","UL2A-AR-NATIONAL-MANIFEST-1.0.2"
"LB-LOC-23544","عترين","SRC-NATIONAL-VILLAGE-MANIFEST","23544","C:\APEX\UL2A_AR_FINALIZER_V1_0_0\APEX_WATANYBOT_UL2A_AR_NATIONAL_MANIFEST_FINALIZER_V1_0_0_PACKAGE\village_manifest.csv","a8c810368436869531bd825a16fb42b9c9680e415648decad6d53bfa012e9760","exact-adm3-pcode","accepted","UL2A-AR-NATIONAL-MANIFEST-1.0.2"
"LB-LOC-23555","وادي بنحليه","SRC-NATIONAL-VILLAGE-MANIFEST","23555","C:\APEX\UL2A_AR_FINALIZER_V1_0_0\APEX_WATANYBOT_UL2A_AR_NATIONAL_MANIFEST_FINALIZER_V1_0_0_PACKAGE\village_manifest.csv","a8c810368436869531bd825a16fb42b9c9680e415648decad6d53bfa012e9760","exact-adm3-pcode","accepted","UL2A-AR-NATIONAL-MANIFEST-1.0.2"
"LB-LOC-23566","غريفة","SRC-NATIONAL-VILLAGE-MANIFEST","23566","C:\APEX\UL2A_AR_FINALIZER_V1_0_0\APEX_WATANYBOT_UL2A_AR_NATIONAL_MANIFEST_FINALIZER_V1_0_0_PACKAGE\village_manifest.csv","a8c810368436869531bd825a16fb42b9c9680e415648decad6d53bfa012e9760","exact-adm3-pcode","accepted","UL2A-AR-NATIONAL-MANIFEST-1.0.2"
"LB-LOC-23577","جاهلية","SRC-NATIONAL-VILLAGE-MANIFEST","23577","C:\APEX\UL2A_AR_FINALIZER_V1_0_0\APEX_WATANYBOT_UL2A_AR_NATIONAL_MANIFEST_FINALIZER_V1_0_0_PACKAGE\village_manifest.csv","a8c810368436869531bd825a16fb42b9c9680e415648decad6d53bfa012e9760","exact-adm3-pcode","accepted","UL2A-AR-NATIONAL-MANIFEST-1.0.2"
"LB-LOC-23588","حصروت","SRC-NATIONAL-VILLAGE-MANIFEST","23588","C:\APEX\UL2A_AR_FINALIZER_V1_0_0\APEX_WATANYBOT_UL2A_AR_NATIONAL_MANIFEST_FINALIZER_V1_0_0_PACKAGE\village_manifest.csv","a8c810368436869531bd825a16fb42b9c9680e415648decad6d53bfa012e9760","exact-adm3-pcode","accepted","UL2A-AR-NATIONAL-MANIFEST-1.0.2"
"LB-LOC-23611","مختارة","SRC-NATIONAL-VILLAGE-MANIFEST","23611","C:\APEX\UL2A_AR_FINALIZER_V1_0_0\APEX_WATANYBOT_UL2A_AR_NATIONAL_MANIFEST_FINALIZER_V1_0_0_PACKAGE\village_manifest.csv","a8c810368436869531bd825a16fb42b9c9680e415648decad6d53bfa012e9760","exact-adm3-pcode","accepted","UL2A-AR-NATIONAL-MANIFEST-1.0.2"
"LB-LOC-23615","بطمة","SRC-NATIONAL-VILLAGE-MANIFEST","23615","C:\APEX\UL2A_AR_FINALIZER_V1_0_0\APEX_WATANYBOT_UL2A_AR_NATIONAL_MANIFEST_FINALIZER_V1_0_0_PACKAGE\village_manifest.csv","a8c810368436869531bd825a16fb42b9c9680e415648decad6d53bfa012e9760","exact-adm3-pcode","accepted","UL2A-AR-NATIONAL-MANIFEST-1.0.2"
"LB-LOC-23619","عين قني","SRC-NATIONAL-VILLAGE-MANIFEST","23619","C:\APEX\UL2A_AR_FINALIZER_V1_0_0\APEX_WATANYBOT_UL2A_AR_NATIONAL_MANIFEST_FINALIZER_V1_0_0_PACKAGE\village_manifest.csv","a8c810368436869531bd825a16fb42b9c9680e415648decad6d53bfa012e9760","exact-adm3-pcode","accepted","UL2A-AR-NATIONAL-MANIFEST-1.0.2"
"LB-LOC-23623","جديدة الشوف","SRC-NATIONAL-VILLAGE-MANIFEST","23623","C:\APEX\UL2A_AR_FINALIZER_V1_0_0\APEX_WATANYBOT_UL2A_AR_NATIONAL_MANIFEST_FINALIZER_V1_0_0_PACKAGE\village_manifest.csv","a8c810368436869531bd825a16fb42b9c9680e415648decad6d53bfa012e9760","exact-adm3-pcode","accepted","UL2A-AR-NATIONAL-MANIFEST-1.0.2"
"LB-LOC-23625","نيحا","SRC-NATIONAL-VILLAGE-MANIFEST","23625","C:\APEX\UL2A_AR_FINALIZER_V1_0_0\APEX_WATANYBOT_UL2A_AR_NATIONAL_MANIFEST_FINALIZER_V1_0_0_PACKAGE\village_manifest.csv","a8c810368436869531bd825a16fb42b9c9680e415648decad6d53bfa012e9760","exact-adm3-pcode","accepted","UL2A-AR-NATIONAL-MANIFEST-1.0.2"
"LB-LOC-23627","عين وزين","SRC-NATIONAL-VILLAGE-MANIFEST","23627","C:\APEX\UL2A_AR_FINALIZER_V1_0_0\APEX_WATANYBOT_UL2A_AR_NATIONAL_MANIFEST_FINALIZER_V1_0_0_PACKAGE\village_manifest.csv","a8c810368436869531bd825a16fb42b9c9680e415648decad6d53bfa012e9760","exact-adm3-pcode","accepted","UL2A-AR-NATIONAL-MANIFEST-1.0.2"
"LB-LOC-23631","بعدران","SRC-NATIONAL-VILLAGE-MANIFEST","23631","C:\APEX\UL2A_AR_FINALIZER_V1_0_0\APEX_WATANYBOT_UL2A_AR_NATIONAL_MANIFEST_FINALIZER_V1_0_0_PACKAGE\village_manifest.csv","a8c810368436869531bd825a16fb42b9c9680e415648decad6d53bfa012e9760","exact-adm3-pcode","accepted","UL2A-AR-NATIONAL-MANIFEST-1.0.2"
"LB-LOC-23635","خريبة الشوف","SRC-NATIONAL-VILLAGE-MANIFEST","23635","C:\APEX\UL2A_AR_FINALIZER_V1_0_0\APEX_WATANYBOT_UL2A_AR_NATIONAL_MANIFEST_FINALIZER_V1_0_0_PACKAGE\village_manifest.csv","a8c810368436869531bd825a16fb42b9c9680e415648decad6d53bfa012e9760","exact-adm3-pcode","accepted","UL2A-AR-NATIONAL-MANIFEST-1.0.2"
"LB-LOC-23639","عمّاطور","SRC-NATIONAL-VILLAGE-MANIFEST","23639","C:\APEX\UL2A_AR_FINALIZER_V1_0_0\APEX_WATANYBOT_UL2A_AR_NATIONAL_MANIFEST_FINALIZER_V1_0_0_PACKAGE\village_manifest.csv","a8c810368436869531bd825a16fb42b9c9680e415648decad6d53bfa012e9760","exact-adm3-pcode","accepted","UL2A-AR-NATIONAL-MANIFEST-1.0.2"
"LB-LOC-23643","كحلونية الشوف","SRC-NATIONAL-VILLAGE-MANIFEST","23643","C:\APEX\UL2A_AR_FINALIZER_V1_0_0\APEX_WATANYBOT_UL2A_AR_NATIONAL_MANIFEST_FINALIZER_V1_0_0_PACKAGE\village_manifest.csv","a8c810368436869531bd825a16fb42b9c9680e415648decad6d53bfa012e9760","exact-adm3-pcode","accepted","UL2A-AR-NATIONAL-MANIFEST-1.0.2"
"LB-LOC-23647","حارة جندل","SRC-NATIONAL-VILLAGE-MANIFEST","23647","C:\APEX\UL2A_AR_FINALIZER_V1_0_0\APEX_WATANYBOT_UL2A_AR_NATIONAL_MANIFEST_FINALIZER_V1_0_0_PACKAGE\village_manifest.csv","a8c810368436869531bd825a16fb42b9c9680e415648decad6d53bfa012e9760","exact-adm3-pcode","accepted","UL2A-AR-NATIONAL-MANIFEST-1.0.2"
"LB-LOC-23651","مزرعة","SRC-NATIONAL-VILLAGE-MANIFEST","23651","C:\APEX\UL2A_AR_FINALIZER_V1_0_0\APEX_WATANYBOT_UL2A_AR_NATIONAL_MANIFEST_FINALIZER_V1_0_0_PACKAGE\village_manifest.csv","a8c810368436869531bd825a16fb42b9c9680e415648decad6d53bfa012e9760","exact-adm3-pcode","accepted","UL2A-AR-NATIONAL-MANIFEST-1.0.2"
"LB-LOC-23655","كفرنبرخ","SRC-NATIONAL-VILLAGE-MANIFEST","23655","C:\APEX\UL2A_AR_FINALIZER_V1_0_0\APEX_WATANYBOT_UL2A_AR_NATIONAL_MANIFEST_FINALIZER_V1_0_0_PACKAGE\village_manifest.csv","a8c810368436869531bd825a16fb42b9c9680e415648decad6d53bfa012e9760","exact-adm3-pcode","accepted","UL2A-AR-NATIONAL-MANIFEST-1.0.2"
"LB-LOC-23659","مرستى","SRC-NATIONAL-VILLAGE-MANIFEST","23659","C:\APEX\UL2A_AR_FINALIZER_V1_0_0\APEX_WATANYBOT_UL2A_AR_NATIONAL_MANIFEST_FINALIZER_V1_0_0_PACKAGE\village_manifest.csv","a8c810368436869531bd825a16fb42b9c9680e415648decad6d53bfa012e9760","exact-adm3-pcode","accepted","UL2A-AR-NATIONAL-MANIFEST-1.0.2"
"LB-LOC-23663","بتلون","SRC-NATIONAL-VILLAGE-MANIFEST","23663","C:\APEX\UL2A_AR_FINALIZER_V1_0_0\APEX_WATANYBOT_UL2A_AR_NATIONAL_MANIFEST_FINALIZER_V1_0_0_PACKAGE\village_manifest.csv","a8c810368436869531bd825a16fb42b9c9680e415648decad6d53bfa012e9760","exact-adm3-pcode","accepted","UL2A-AR-NATIONAL-MANIFEST-1.0.2"
"LB-LOC-23667","معاصر الشوف","SRC-NATIONAL-VILLAGE-MANIFEST","23667","C:\APEX\UL2A_AR_FINALIZER_V1_0_0\APEX_WATANYBOT_UL2A_AR_NATIONAL_MANIFEST_FINALIZER_V1_0_0_PACKAGE\village_manifest.csv","a8c810368436869531bd825a16fb42b9c9680e415648decad6d53bfa012e9760","exact-adm3-pcode","accepted","UL2A-AR-NATIONAL-MANIFEST-1.0.2"
"LB-LOC-23671","جباع","SRC-NATIONAL-VILLAGE-MANIFEST","23671","C:\APEX\UL2A_AR_FINALIZER_V1_0_0\APEX_WATANYBOT_UL2A_AR_NATIONAL_MANIFEST_FINALIZER_V1_0_0_PACKAGE\village_manifest.csv","a8c810368436869531bd825a16fb42b9c9680e415648decad6d53bfa012e9760","exact-adm3-pcode","accepted","UL2A-AR-NATIONAL-MANIFEST-1.0.2"
"LB-LOC-23675","باتر","SRC-NATIONAL-VILLAGE-MANIFEST","23675","C:\APEX\UL2A_AR_FINALIZER_V1_0_0\APEX_WATANYBOT_UL2A_AR_NATIONAL_MANIFEST_FINALIZER_V1_0_0_PACKAGE\village_manifest.csv","a8c810368436869531bd825a16fb42b9c9680e415648decad6d53bfa012e9760","exact-adm3-pcode","accepted","UL2A-AR-NATIONAL-MANIFEST-1.0.2"
"LB-LOC-23679","الباروك","SRC-NATIONAL-VILLAGE-MANIFEST","23679","C:\APEX\UL2A_AR_FINALIZER_V1_0_0\APEX_WATANYBOT_UL2A_AR_NATIONAL_MANIFEST_FINALIZER_V1_0_0_PACKAGE\village_manifest.csv","a8c810368436869531bd825a16fb42b9c9680e415648decad6d53bfa012e9760","exact-adm3-pcode","accepted","UL2A-AR-NATIONAL-MANIFEST-1.0.2"
"LB-LOC-23687","بيقون","SRC-NATIONAL-VILLAGE-MANIFEST","23687","C:\APEX\UL2A_AR_FINALIZER_V1_0_0\APEX_WATANYBOT_UL2A_AR_NATIONAL_MANIFEST_FINALIZER_V1_0_0_PACKAGE\village_manifest.csv","a8c810368436869531bd825a16fb42b9c9680e415648decad6d53bfa012e9760","exact-adm3-pcode","accepted","UL2A-AR-NATIONAL-MANIFEST-1.0.2"
"LB-LOC-24111","عمروسية الشويفات","SRC-NATIONAL-VILLAGE-MANIFEST","24111","C:\APEX\UL2A_AR_FINALIZER_V1_0_0\APEX_WATANYBOT_UL2A_AR_NATIONAL_MANIFEST_FINALIZER_V1_0_0_PACKAGE\village_manifest.csv","a8c810368436869531bd825a16fb42b9c9680e415648decad6d53bfa012e9760","exact-adm3-pcode","accepted","UL2A-AR-NATIONAL-MANIFEST-1.0.2"
"LB-LOC-24133","قبة الشويفات","SRC-NATIONAL-VILLAGE-MANIFEST","24133","C:\APEX\UL2A_AR_FINALIZER_V1_0_0\APEX_WATANYBOT_UL2A_AR_NATIONAL_MANIFEST_FINALIZER_V1_0_0_PACKAGE\village_manifest.csv","a8c810368436869531bd825a16fb42b9c9680e415648decad6d53bfa012e9760","exact-adm3-pcode","accepted","UL2A-AR-NATIONAL-MANIFEST-1.0.2"
"LB-LOC-24155","الشويفات الامراء","SRC-NATIONAL-VILLAGE-MANIFEST","24155","C:\APEX\UL2A_AR_FINALIZER_V1_0_0\APEX_WATANYBOT_UL2A_AR_NATIONAL_MANIFEST_FINALIZER_V1_0_0_PACKAGE\village_manifest.csv","a8c810368436869531bd825a16fb42b9c9680e415648decad6d53bfa012e9760","exact-adm3-pcode","accepted","UL2A-AR-NATIONAL-MANIFEST-1.0.2"
"LB-LOC-24177","دير قوبل","SRC-NATIONAL-VILLAGE-MANIFEST","24177","C:\APEX\UL2A_AR_FINALIZER_V1_0_0\APEX_WATANYBOT_UL2A_AR_NATIONAL_MANIFEST_FINALIZER_V1_0_0_PACKAGE\village_manifest.csv","a8c810368436869531bd825a16fb42b9c9680e415648decad6d53bfa012e9760","exact-adm3-pcode","accepted","UL2A-AR-NATIONAL-MANIFEST-1.0.2"
"LB-LOC-24211","عرمون","SRC-NATIONAL-VILLAGE-MANIFEST","24211","C:\APEX\UL2A_AR_FINALIZER_V1_0_0\APEX_WATANYBOT_UL2A_AR_NATIONAL_MANIFEST_FINALIZER_V1_0_0_PACKAGE\village_manifest.csv","a8c810368436869531bd825a16fb42b9c9680e415648decad6d53bfa012e9760","exact-adm3-pcode","accepted","UL2A-AR-NATIONAL-MANIFEST-1.0.2"
"LB-LOC-24219","عين درافيل","SRC-NATIONAL-VILLAGE-MANIFEST","24219","C:\APEX\UL2A_AR_FINALIZER_V1_0_0\APEX_WATANYBOT_UL2A_AR_NATIONAL_MANIFEST_FINALIZER_V1_0_0_PACKAGE\village_manifest.csv","a8c810368436869531bd825a16fb42b9c9680e415648decad6d53bfa012e9760","exact-adm3-pcode","accepted","UL2A-AR-NATIONAL-MANIFEST-1.0.2"
"LB-LOC-24227","سرحمول","SRC-NATIONAL-VILLAGE-MANIFEST","24227","C:\APEX\UL2A_AR_FINALIZER_V1_0_0\APEX_WATANYBOT_UL2A_AR_NATIONAL_MANIFEST_FINALIZER_V1_0_0_PACKAGE\village_manifest.csv","a8c810368436869531bd825a16fb42b9c9680e415648decad6d53bfa012e9760","exact-adm3-pcode","accepted","UL2A-AR-NATIONAL-MANIFEST-1.0.2"
"LB-LOC-24235","بعورته","SRC-NATIONAL-VILLAGE-MANIFEST","24235","C:\APEX\UL2A_AR_FINALIZER_V1_0_0\APEX_WATANYBOT_UL2A_AR_NATIONAL_MANIFEST_FINALIZER_V1_0_0_PACKAGE\village_manifest.csv","a8c810368436869531bd825a16fb42b9c9680e415648decad6d53bfa012e9760","exact-adm3-pcode","accepted","UL2A-AR-NATIONAL-MANIFEST-1.0.2"
"LB-LOC-24243","بشامون","SRC-NATIONAL-VILLAGE-MANIFEST","24243","C:\APEX\UL2A_AR_FINALIZER_V1_0_0\APEX_WATANYBOT_UL2A_AR_NATIONAL_MANIFEST_FINALIZER_V1_0_0_PACKAGE\village_manifest.csv","a8c810368436869531bd825a16fb42b9c9680e415648decad6d53bfa012e9760","exact-adm3-pcode","accepted","UL2A-AR-NATIONAL-MANIFEST-1.0.2"
"LB-LOC-24251","دقون","SRC-NATIONAL-VILLAGE-MANIFEST","24251","C:\APEX\UL2A_AR_FINALIZER_V1_0_0\APEX_WATANYBOT_UL2A_AR_NATIONAL_MANIFEST_FINALIZER_V1_0_0_PACKAGE\village_manifest.csv","a8c810368436869531bd825a16fb42b9c9680e415648decad6d53bfa012e9760","exact-adm3-pcode","accepted","UL2A-AR-NATIONAL-MANIFEST-1.0.2"
"LB-LOC-24259","عين عنوب","SRC-NATIONAL-VILLAGE-MANIFEST","24259","C:\APEX\UL2A_AR_FINALIZER_V1_0_0\APEX_WATANYBOT_UL2A_AR_NATIONAL_MANIFEST_FINALIZER_V1_0_0_PACKAGE\village_manifest.csv","a8c810368436869531bd825a16fb42b9c9680e415648decad6d53bfa012e9760","exact-adm3-pcode","accepted","UL2A-AR-NATIONAL-MANIFEST-1.0.2"
"LB-LOC-24267","بليبل","SRC-NATIONAL-VILLAGE-MANIFEST","24267","C:\APEX\UL2A_AR_FINALIZER_V1_0_0\APEX_WATANYBOT_UL2A_AR_NATIONAL_MANIFEST_FINALIZER_V1_0_0_PACKAGE\village_manifest.csv","a8c810368436869531bd825a16fb42b9c9680e415648decad6d53bfa012e9760","exact-adm3-pcode","accepted","UL2A-AR-NATIONAL-MANIFEST-1.0.2"
"LB-LOC-24275","حومال","SRC-NATIONAL-VILLAGE-MANIFEST","24275","C:\APEX\UL2A_AR_FINALIZER_V1_0_0\APEX_WATANYBOT_UL2A_AR_NATIONAL_MANIFEST_FINALIZER_V1_0_0_PACKAGE\village_manifest.csv","a8c810368436869531bd825a16fb42b9c9680e415648decad6d53bfa012e9760","exact-adm3-pcode","accepted","UL2A-AR-NATIONAL-MANIFEST-1.0.2"
"LB-LOC-24283","بدادون","SRC-NATIONAL-VILLAGE-MANIFEST","24283","C:\APEX\UL2A_AR_FINALIZER_V1_0_0\APEX_WATANYBOT_UL2A_AR_NATIONAL_MANIFEST_FINALIZER_V1_0_0_PACKAGE\village_manifest.csv","a8c810368436869531bd825a16fb42b9c9680e415648decad6d53bfa012e9760","exact-adm3-pcode","accepted","UL2A-AR-NATIONAL-MANIFEST-1.0.2"
"LB-LOC-24291","بسوس","SRC-NATIONAL-VILLAGE-MANIFEST","24291","C:\APEX\UL2A_AR_FINALIZER_V1_0_0\APEX_WATANYBOT_UL2A_AR_NATIONAL_MANIFEST_FINALIZER_V1_0_0_PACKAGE\village_manifest.csv","a8c810368436869531bd825a16fb42b9c9680e415648decad6d53bfa012e9760","exact-adm3-pcode","accepted","UL2A-AR-NATIONAL-MANIFEST-1.0.2"
"LB-LOC-24311","عاليه","SRC-NATIONAL-VILLAGE-MANIFEST","24311","C:\APEX\UL2A_AR_FINALIZER_V1_0_0\APEX_WATANYBOT_UL2A_AR_NATIONAL_MANIFEST_FINALIZER_V1_0_0_PACKAGE\village_manifest.csv","a8c810368436869531bd825a16fb42b9c9680e415648decad6d53bfa012e9760","exact-adm3-pcode","accepted","UL2A-AR-NATIONAL-MANIFEST-1.0.2"
"LB-LOC-24313","الكحاله","SRC-NATIONAL-VILLAGE-MANIFEST","24313","C:\APEX\UL2A_AR_FINALIZER_V1_0_0\APEX_WATANYBOT_UL2A_AR_NATIONAL_MANIFEST_FINALIZER_V1_0_0_PACKAGE\village_manifest.csv","a8c810368436869531bd825a16fb42b9c9680e415648decad6d53bfa012e9760","exact-adm3-pcode","accepted","UL2A-AR-NATIONAL-MANIFEST-1.0.2"
"LB-LOC-24315","قماطية","SRC-NATIONAL-VILLAGE-MANIFEST","24315","C:\APEX\UL2A_AR_FINALIZER_V1_0_0\APEX_WATANYBOT_UL2A_AR_NATIONAL_MANIFEST_FINALIZER_V1_0_0_PACKAGE\village_manifest.csv","a8c810368436869531bd825a16fb42b9c9680e415648decad6d53bfa012e9760","exact-adm3-pcode","accepted","UL2A-AR-NATIONAL-MANIFEST-1.0.2"
"LB-LOC-24317","عين الرمانة","SRC-NATIONAL-VILLAGE-MANIFEST","24317","C:\APEX\UL2A_AR_FINALIZER_V1_0_0\APEX_WATANYBOT_UL2A_AR_NATIONAL_MANIFEST_FINALIZER_V1_0_0_PACKAGE\village_manifest.csv","a8c810368436869531bd825a16fb42b9c9680e415648decad6d53bfa012e9760","exact-adm3-pcode","accepted","UL2A-AR-NATIONAL-MANIFEST-1.0.2"
"LB-LOC-24319","بمكين","SRC-NATIONAL-VILLAGE-MANIFEST","24319","C:\APEX\UL2A_AR_FINALIZER_V1_0_0\APEX_WATANYBOT_UL2A_AR_NATIONAL_MANIFEST_FINALIZER_V1_0_0_PACKAGE\village_manifest.csv","a8c810368436869531bd825a16fb42b9c9680e415648decad6d53bfa012e9760","exact-adm3-pcode","accepted","UL2A-AR-NATIONAL-MANIFEST-1.0.2"
"LB-LOC-24321","بخشتيه","SRC-NATIONAL-VILLAGE-MANIFEST","24321","C:\APEX\UL2A_AR_FINALIZER_V1_0_0\APEX_WATANYBOT_UL2A_AR_NATIONAL_MANIFEST_FINALIZER_V1_0_0_PACKAGE\village_manifest.csv","a8c810368436869531bd825a16fb42b9c9680e415648decad6d53bfa012e9760","exact-adm3-pcode","accepted","UL2A-AR-NATIONAL-MANIFEST-1.0.2"
"LB-LOC-24323","الغابون","SRC-NATIONAL-VILLAGE-MANIFEST","24323","C:\APEX\UL2A_AR_FINALIZER_V1_0_0\APEX_WATANYBOT_UL2A_AR_NATIONAL_MANIFEST_FINALIZER_V1_0_0_PACKAGE\village_manifest.csv","a8c810368436869531bd825a16fb42b9c9680e415648decad6d53bfa012e9760","exact-adm3-pcode","accepted","UL2A-AR-NATIONAL-MANIFEST-1.0.2"
"LB-LOC-24325","عين الجديدة","SRC-NATIONAL-VILLAGE-MANIFEST","24325","C:\APEX\UL2A_AR_FINALIZER_V1_0_0\APEX_WATANYBOT_UL2A_AR_NATIONAL_MANIFEST_FINALIZER_V1_0_0_PACKAGE\village_manifest.csv","a8c810368436869531bd825a16fb42b9c9680e415648decad6d53bfa012e9760","exact-adm3-pcode","accepted","UL2A-AR-NATIONAL-MANIFEST-1.0.2"
"LB-LOC-24327","بحوارا","SRC-NATIONAL-VILLAGE-MANIFEST","24327","C:\APEX\UL2A_AR_FINALIZER_V1_0_0\APEX_WATANYBOT_UL2A_AR_NATIONAL_MANIFEST_FINALIZER_V1_0_0_PACKAGE\village_manifest.csv","a8c810368436869531bd825a16fb42b9c9680e415648decad6d53bfa012e9760","exact-adm3-pcode","accepted","UL2A-AR-NATIONAL-MANIFEST-1.0.2"
"LB-LOC-24329","عيتات","SRC-NATIONAL-VILLAGE-MANIFEST","24329","C:\APEX\UL2A_AR_FINALIZER_V1_0_0\APEX_WATANYBOT_UL2A_AR_NATIONAL_MANIFEST_FINALIZER_V1_0_0_PACKAGE\village_manifest.csv","a8c810368436869531bd825a16fb42b9c9680e415648decad6d53bfa012e9760","exact-adm3-pcode","accepted","UL2A-AR-NATIONAL-MANIFEST-1.0.2"
"LB-LOC-24331","سوق الغرب","SRC-NATIONAL-VILLAGE-MANIFEST","24331","C:\APEX\UL2A_AR_FINALIZER_V1_0_0\APEX_WATANYBOT_UL2A_AR_NATIONAL_MANIFEST_FINALIZER_V1_0_0_PACKAGE\village_manifest.csv","a8c810368436869531bd825a16fb42b9c9680e415648decad6d53bfa012e9760","exact-adm3-pcode","accepted","UL2A-AR-NATIONAL-MANIFEST-1.0.2"
"LB-LOC-24333","تعزانية","SRC-NATIONAL-VILLAGE-MANIFEST","24333","C:\APEX\UL2A_AR_FINALIZER_V1_0_0\APEX_WATANYBOT_UL2A_AR_NATIONAL_MANIFEST_FINALIZER_V1_0_0_PACKAGE\village_manifest.csv","a8c810368436869531bd825a16fb42b9c9680e415648decad6d53bfa012e9760","exact-adm3-pcode","accepted","UL2A-AR-NATIONAL-MANIFEST-1.0.2"
"LB-LOC-24335","رجمة","SRC-NATIONAL-VILLAGE-MANIFEST","24335","C:\APEX\UL2A_AR_FINALIZER_V1_0_0\APEX_WATANYBOT_UL2A_AR_NATIONAL_MANIFEST_FINALIZER_V1_0_0_PACKAGE\village_manifest.csv","a8c810368436869531bd825a16fb42b9c9680e415648decad6d53bfa012e9760","exact-adm3-pcode","accepted","UL2A-AR-NATIONAL-MANIFEST-1.0.2"
"LB-LOC-24337","كيفون","SRC-NATIONAL-VILLAGE-MANIFEST","24337","C:\APEX\UL2A_AR_FINALIZER_V1_0_0\APEX_WATANYBOT_UL2A_AR_NATIONAL_MANIFEST_FINALIZER_V1_0_0_PACKAGE\village_manifest.csv","a8c810368436869531bd825a16fb42b9c9680e415648decad6d53bfa012e9760","exact-adm3-pcode","accepted","UL2A-AR-NATIONAL-MANIFEST-1.0.2"
"LB-LOC-24339","شملان","SRC-NATIONAL-VILLAGE-MANIFEST","24339","C:\APEX\UL2A_AR_FINALIZER_V1_0_0\APEX_WATANYBOT_UL2A_AR_NATIONAL_MANIFEST_FINALIZER_V1_0_0_PACKAGE\village_manifest.csv","a8c810368436869531bd825a16fb42b9c9680e415648decad6d53bfa012e9760","exact-adm3-pcode","accepted","UL2A-AR-NATIONAL-MANIFEST-1.0.2"
"LB-LOC-24341","كفرعميه","SRC-NATIONAL-VILLAGE-MANIFEST","24341","C:\APEX\UL2A_AR_FINALIZER_V1_0_0\APEX_WATANYBOT_UL2A_AR_NATIONAL_MANIFEST_FINALIZER_V1_0_0_PACKAGE\village_manifest.csv","a8c810368436869531bd825a16fb42b9c9680e415648decad6d53bfa012e9760","exact-adm3-pcode","accepted","UL2A-AR-NATIONAL-MANIFEST-1.0.2"
"LB-LOC-24343","بيصور","SRC-NATIONAL-VILLAGE-MANIFEST","24343","C:\APEX\UL2A_AR_FINALIZER_V1_0_0\APEX_WATANYBOT_UL2A_AR_NATIONAL_MANIFEST_FINALIZER_V1_0_0_PACKAGE\village_manifest.csv","a8c810368436869531bd825a16fb42b9c9680e415648decad6d53bfa012e9760","exact-adm3-pcode","accepted","UL2A-AR-NATIONAL-MANIFEST-1.0.2"
"LB-LOC-24345","دوير الرمان","SRC-NATIONAL-VILLAGE-MANIFEST","24345","C:\APEX\UL2A_AR_FINALIZER_V1_0_0\APEX_WATANYBOT_UL2A_AR_NATIONAL_MANIFEST_FINALIZER_V1_0_0_PACKAGE\village_manifest.csv","a8c810368436869531bd825a16fb42b9c9680e415648decad6d53bfa012e9760","exact-adm3-pcode","accepted","UL2A-AR-NATIONAL-MANIFEST-1.0.2"
"LB-LOC-24347","رويسة النعمان","SRC-NATIONAL-VILLAGE-MANIFEST","24347","C:\APEX\UL2A_AR_FINALIZER_V1_0_0\APEX_WATANYBOT_UL2A_AR_NATIONAL_MANIFEST_FINALIZER_V1_0_0_PACKAGE\village_manifest.csv","a8c810368436869531bd825a16fb42b9c9680e415648decad6d53bfa012e9760","exact-adm3-pcode","accepted","UL2A-AR-NATIONAL-MANIFEST-1.0.2"
"LB-LOC-24349","مجدليا","SRC-NATIONAL-VILLAGE-MANIFEST","24349","C:\APEX\UL2A_AR_FINALIZER_V1_0_0\APEX_WATANYBOT_UL2A_AR_NATIONAL_MANIFEST_FINALIZER_V1_0_0_PACKAGE\village_manifest.csv","a8c810368436869531bd825a16fb42b9c9680e415648decad6d53bfa012e9760","exact-adm3-pcode","accepted","UL2A-AR-NATIONAL-MANIFEST-1.0.2"
"LB-LOC-24351","عيناب","SRC-NATIONAL-VILLAGE-MANIFEST","24351","C:\APEX\UL2A_AR_FINALIZER_V1_0_0\APEX_WATANYBOT_UL2A_AR_NATIONAL_MANIFEST_FINALIZER_V1_0_0_PACKAGE\village_manifest.csv","a8c810368436869531bd825a16fb42b9c9680e415648decad6d53bfa012e9760","exact-adm3-pcode","accepted","UL2A-AR-NATIONAL-MANIFEST-1.0.2"
"LB-LOC-24353","شرتون","SRC-NATIONAL-VILLAGE-MANIFEST","24353","C:\APEX\UL2A_AR_FINALIZER_V1_0_0\APEX_WATANYBOT_UL2A_AR_NATIONAL_MANIFEST_FINALIZER_V1_0_0_PACKAGE\village_manifest.csv","a8c810368436869531bd825a16fb42b9c9680e415648decad6d53bfa012e9760","exact-adm3-pcode","accepted","UL2A-AR-NATIONAL-MANIFEST-1.0.2"
"LB-LOC-24355","بو زريده","SRC-NATIONAL-VILLAGE-MANIFEST","24355","C:\APEX\UL2A_AR_FINALIZER_V1_0_0\APEX_WATANYBOT_UL2A_AR_NATIONAL_MANIFEST_FINALIZER_V1_0_0_PACKAGE\village_manifest.csv","a8c810368436869531bd825a16fb42b9c9680e415648decad6d53bfa012e9760","exact-adm3-pcode","accepted","UL2A-AR-NATIONAL-MANIFEST-1.0.2"
"LB-LOC-24357","دفون","SRC-NATIONAL-VILLAGE-MANIFEST","24357","C:\APEX\UL2A_AR_FINALIZER_V1_0_0\APEX_WATANYBOT_UL2A_AR_NATIONAL_MANIFEST_FINALIZER_V1_0_0_PACKAGE\village_manifest.csv","a8c810368436869531bd825a16fb42b9c9680e415648decad6d53bfa012e9760","exact-adm3-pcode","accepted","UL2A-AR-NATIONAL-MANIFEST-1.0.2"
"LB-LOC-24359","رشميا","SRC-NATIONAL-VILLAGE-MANIFEST","24359","C:\APEX\UL2A_AR_FINALIZER_V1_0_0\APEX_WATANYBOT_UL2A_AR_NATIONAL_MANIFEST_FINALIZER_V1_0_0_PACKAGE\village_manifest.csv","a8c810368436869531bd825a16fb42b9c9680e415648decad6d53bfa012e9760","exact-adm3-pcode","accepted","UL2A-AR-NATIONAL-MANIFEST-1.0.2"
"LB-LOC-24361","عين تراز","SRC-NATIONAL-VILLAGE-MANIFEST","24361","C:\APEX\UL2A_AR_FINALIZER_V1_0_0\APEX_WATANYBOT_UL2A_AR_NATIONAL_MANIFEST_FINALIZER_V1_0_0_PACKAGE\village_manifest.csv","a8c810368436869531bd825a16fb42b9c9680e415648decad6d53bfa012e9760","exact-adm3-pcode","accepted","UL2A-AR-NATIONAL-MANIFEST-1.0.2"
"LB-LOC-24363","سلفايا","SRC-NATIONAL-VILLAGE-MANIFEST","24363","C:\APEX\UL2A_AR_FINALIZER_V1_0_0\APEX_WATANYBOT_UL2A_AR_NATIONAL_MANIFEST_FINALIZER_V1_0_0_PACKAGE\village_manifest.csv","a8c810368436869531bd825a16fb42b9c9680e415648decad6d53bfa012e9760","exact-adm3-pcode","accepted","UL2A-AR-NATIONAL-MANIFEST-1.0.2"
"LB-LOC-24365","البساتين","SRC-NATIONAL-VILLAGE-MANIFEST","24365","C:\APEX\UL2A_AR_FINALIZER_V1_0_0\APEX_WATANYBOT_UL2A_AR_NATIONAL_MANIFEST_FINALIZER_V1_0_0_PACKAGE\village_manifest.csv","a8c810368436869531bd825a16fb42b9c9680e415648decad6d53bfa012e9760","exact-adm3-pcode","accepted","UL2A-AR-NATIONAL-MANIFEST-1.0.2"
"LB-LOC-24367","رمحالا","SRC-NATIONAL-VILLAGE-MANIFEST","24367","C:\APEX\UL2A_AR_FINALIZER_V1_0_0\APEX_WATANYBOT_UL2A_AR_NATIONAL_MANIFEST_FINALIZER_V1_0_0_PACKAGE\village_manifest.csv","a8c810368436869531bd825a16fb42b9c9680e415648decad6d53bfa012e9760","exact-adm3-pcode","accepted","UL2A-AR-NATIONAL-MANIFEST-1.0.2"
"LB-LOC-24369","البينه","SRC-NATIONAL-VILLAGE-MANIFEST","24369","C:\APEX\UL2A_AR_FINALIZER_V1_0_0\APEX_WATANYBOT_UL2A_AR_NATIONAL_MANIFEST_FINALIZER_V1_0_0_PACKAGE\village_manifest.csv","a8c810368436869531bd825a16fb42b9c9680e415648decad6d53bfa012e9760","exact-adm3-pcode","accepted","UL2A-AR-NATIONAL-MANIFEST-1.0.2"
"LB-LOC-24371","عين كسور","SRC-NATIONAL-VILLAGE-MANIFEST","24371","C:\APEX\UL2A_AR_FINALIZER_V1_0_0\APEX_WATANYBOT_UL2A_AR_NATIONAL_MANIFEST_FINALIZER_V1_0_0_PACKAGE\village_manifest.csv","a8c810368436869531bd825a16fb42b9c9680e415648decad6d53bfa012e9760","exact-adm3-pcode","accepted","UL2A-AR-NATIONAL-MANIFEST-1.0.2"
"LB-LOC-24373","جسر القاضي","SRC-NATIONAL-VILLAGE-MANIFEST","24373","C:\APEX\UL2A_AR_FINALIZER_V1_0_0\APEX_WATANYBOT_UL2A_AR_NATIONAL_MANIFEST_FINALIZER_V1_0_0_PACKAGE\village_manifest.csv","a8c810368436869531bd825a16fb42b9c9680e415648decad6d53bfa012e9760","exact-adm3-pcode","accepted","UL2A-AR-NATIONAL-MANIFEST-1.0.2"
"LB-LOC-24375","عبيه","SRC-NATIONAL-VILLAGE-MANIFEST","24375","C:\APEX\UL2A_AR_FINALIZER_V1_0_0\APEX_WATANYBOT_UL2A_AR_NATIONAL_MANIFEST_FINALIZER_V1_0_0_PACKAGE\village_manifest.csv","a8c810368436869531bd825a16fb42b9c9680e415648decad6d53bfa012e9760","exact-adm3-pcode","accepted","UL2A-AR-NATIONAL-MANIFEST-1.0.2"
"LB-LOC-24377","كفرمتى","SRC-NATIONAL-VILLAGE-MANIFEST","24377","C:\APEX\UL2A_AR_FINALIZER_V1_0_0\APEX_WATANYBOT_UL2A_AR_NATIONAL_MANIFEST_FINALIZER_V1_0_0_PACKAGE\village_manifest.csv","a8c810368436869531bd825a16fb42b9c9680e415648decad6d53bfa012e9760","exact-adm3-pcode","accepted","UL2A-AR-NATIONAL-MANIFEST-1.0.2"
"LB-LOC-24411","بحمدون المحطة","SRC-NATIONAL-VILLAGE-MANIFEST","24411","C:\APEX\UL2A_AR_FINALIZER_V1_0_0\APEX_WATANYBOT_UL2A_AR_NATIONAL_MANIFEST_FINALIZER_V1_0_0_PACKAGE\village_manifest.csv","a8c810368436869531bd825a16fb42b9c9680e415648decad6d53bfa012e9760","exact-adm3-pcode","accepted","UL2A-AR-NATIONAL-MANIFEST-1.0.2"
"LB-LOC-24414","بحمدون الضيعة","SRC-NATIONAL-VILLAGE-MANIFEST","24414","C:\APEX\UL2A_AR_FINALIZER_V1_0_0\APEX_WATANYBOT_UL2A_AR_NATIONAL_MANIFEST_FINALIZER_V1_0_0_PACKAGE\village_manifest.csv","a8c810368436869531bd825a16fb42b9c9680e415648decad6d53bfa012e9760","exact-adm3-pcode","accepted","UL2A-AR-NATIONAL-MANIFEST-1.0.2"
"LB-LOC-24417","شانيه","SRC-NATIONAL-VILLAGE-MANIFEST","24417","C:\APEX\UL2A_AR_FINALIZER_V1_0_0\APEX_WATANYBOT_UL2A_AR_NATIONAL_MANIFEST_FINALIZER_V1_0_0_PACKAGE\village_manifest.csv","a8c810368436869531bd825a16fb42b9c9680e415648decad6d53bfa012e9760","exact-adm3-pcode","accepted","UL2A-AR-NATIONAL-MANIFEST-1.0.2"
"LB-LOC-24421","بطلون","SRC-NATIONAL-VILLAGE-MANIFEST","24421","C:\APEX\UL2A_AR_FINALIZER_V1_0_0\APEX_WATANYBOT_UL2A_AR_NATIONAL_MANIFEST_FINALIZER_V1_0_0_PACKAGE\village_manifest.csv","a8c810368436869531bd825a16fb42b9c9680e415648decad6d53bfa012e9760","exact-adm3-pcode","accepted","UL2A-AR-NATIONAL-MANIFEST-1.0.2"
"LB-LOC-24424","مجدل بعنا","SRC-NATIONAL-VILLAGE-MANIFEST","24424","C:\APEX\UL2A_AR_FINALIZER_V1_0_0\APEX_WATANYBOT_UL2A_AR_NATIONAL_MANIFEST_FINALIZER_V1_0_0_PACKAGE\village_manifest.csv","a8c810368436869531bd825a16fb42b9c9680e415648decad6d53bfa012e9760","exact-adm3-pcode","accepted","UL2A-AR-NATIONAL-MANIFEST-1.0.2"
"LB-LOC-24427","صوفر","SRC-NATIONAL-VILLAGE-MANIFEST","24427","C:\APEX\UL2A_AR_FINALIZER_V1_0_0\APEX_WATANYBOT_UL2A_AR_NATIONAL_MANIFEST_FINALIZER_V1_0_0_PACKAGE\village_manifest.csv","a8c810368436869531bd825a16fb42b9c9680e415648decad6d53bfa012e9760","exact-adm3-pcode","accepted","UL2A-AR-NATIONAL-MANIFEST-1.0.2"
"LB-LOC-24431","عين الحلزون","SRC-NATIONAL-VILLAGE-MANIFEST","24431","C:\APEX\UL2A_AR_FINALIZER_V1_0_0\APEX_WATANYBOT_UL2A_AR_NATIONAL_MANIFEST_FINALIZER_V1_0_0_PACKAGE\village_manifest.csv","a8c810368436869531bd825a16fb42b9c9680e415648decad6d53bfa012e9760","exact-adm3-pcode","accepted","UL2A-AR-NATIONAL-MANIFEST-1.0.2"
"LB-LOC-24434","بدغان","SRC-NATIONAL-VILLAGE-MANIFEST","24434","C:\APEX\UL2A_AR_FINALIZER_V1_0_0\APEX_WATANYBOT_UL2A_AR_NATIONAL_MANIFEST_FINALIZER_V1_0_0_PACKAGE\village_manifest.csv","a8c810368436869531bd825a16fb42b9c9680e415648decad6d53bfa012e9760","exact-adm3-pcode","accepted","UL2A-AR-NATIONAL-MANIFEST-1.0.2"
"LB-LOC-24437","حمص وحمى","SRC-NATIONAL-VILLAGE-MANIFEST","24437","C:\APEX\UL2A_AR_FINALIZER_V1_0_0\APEX_WATANYBOT_UL2A_AR_NATIONAL_MANIFEST_FINALIZER_V1_0_0_PACKAGE\village_manifest.csv","a8c810368436869531bd825a16fb42b9c9680e415648decad6d53bfa012e9760","exact-adm3-pcode","accepted","UL2A-AR-NATIONAL-MANIFEST-1.0.2"
"LB-LOC-24441","منصورية بحمدون","SRC-NATIONAL-VILLAGE-MANIFEST","24441","C:\APEX\UL2A_AR_FINALIZER_V1_0_0\APEX_WATANYBOT_UL2A_AR_NATIONAL_MANIFEST_FINALIZER_V1_0_0_PACKAGE\village_manifest.csv","a8c810368436869531bd825a16fb42b9c9680e415648decad6d53bfa012e9760","exact-adm3-pcode","accepted","UL2A-AR-NATIONAL-MANIFEST-1.0.2"
"LB-LOC-24443","مشاقتي","SRC-NATIONAL-VILLAGE-MANIFEST","24443","C:\APEX\UL2A_AR_FINALIZER_V1_0_0\APEX_WATANYBOT_UL2A_AR_NATIONAL_MANIFEST_FINALIZER_V1_0_0_PACKAGE\village_manifest.csv","a8c810368436869531bd825a16fb42b9c9680e415648decad6d53bfa012e9760","exact-adm3-pcode","accepted","UL2A-AR-NATIONAL-MANIFEST-1.0.2"
"LB-LOC-24444","شارون","SRC-NATIONAL-VILLAGE-MANIFEST","24444","C:\APEX\UL2A_AR_FINALIZER_V1_0_0\APEX_WATANYBOT_UL2A_AR_NATIONAL_MANIFEST_FINALIZER_V1_0_0_PACKAGE\village_manifest.csv","a8c810368436869531bd825a16fb42b9c9680e415648decad6d53bfa012e9760","exact-adm3-pcode","accepted","UL2A-AR-NATIONAL-MANIFEST-1.0.2"
"LB-LOC-24447","بتاتر","SRC-NATIONAL-VILLAGE-MANIFEST","24447","C:\APEX\UL2A_AR_FINALIZER_V1_0_0\APEX_WATANYBOT_UL2A_AR_NATIONAL_MANIFEST_FINALIZER_V1_0_0_PACKAGE\village_manifest.csv","a8c810368436869531bd825a16fb42b9c9680e415648decad6d53bfa012e9760","exact-adm3-pcode","accepted","UL2A-AR-NATIONAL-MANIFEST-1.0.2"
"LB-LOC-24451","اغميد","SRC-NATIONAL-VILLAGE-MANIFEST","24451","C:\APEX\UL2A_AR_FINALIZER_V1_0_0\APEX_WATANYBOT_UL2A_AR_NATIONAL_MANIFEST_FINALIZER_V1_0_0_PACKAGE\village_manifest.csv","a8c810368436869531bd825a16fb42b9c9680e415648decad6d53bfa012e9760","exact-adm3-pcode","accepted","UL2A-AR-NATIONAL-MANIFEST-1.0.2"
"LB-LOC-24454","العزونيه","SRC-NATIONAL-VILLAGE-MANIFEST","24454","C:\APEX\UL2A_AR_FINALIZER_V1_0_0\APEX_WATANYBOT_UL2A_AR_NATIONAL_MANIFEST_FINALIZER_V1_0_0_PACKAGE\village_manifest.csv","a8c810368436869531bd825a16fb42b9c9680e415648decad6d53bfa012e9760","exact-adm3-pcode","accepted","UL2A-AR-NATIONAL-MANIFEST-1.0.2"
"LB-LOC-24457","مشرفه","SRC-NATIONAL-VILLAGE-MANIFEST","24457","C:\APEX\UL2A_AR_FINALIZER_V1_0_0\APEX_WATANYBOT_UL2A_AR_NATIONAL_MANIFEST_FINALIZER_V1_0_0_PACKAGE\village_manifest.csv","a8c810368436869531bd825a16fb42b9c9680e415648decad6d53bfa012e9760","exact-adm3-pcode","accepted","UL2A-AR-NATIONAL-MANIFEST-1.0.2"
"LB-LOC-24461","حبرمون","SRC-NATIONAL-VILLAGE-MANIFEST","24461","C:\APEX\UL2A_AR_FINALIZER_V1_0_0\APEX_WATANYBOT_UL2A_AR_NATIONAL_MANIFEST_FINALIZER_V1_0_0_PACKAGE\village_manifest.csv","a8c810368436869531bd825a16fb42b9c9680e415648decad6d53bfa012e9760","exact-adm3-pcode","accepted","UL2A-AR-NATIONAL-MANIFEST-1.0.2"
"LB-LOC-24464","بسرين","SRC-NATIONAL-VILLAGE-MANIFEST","24464","C:\APEX\UL2A_AR_FINALIZER_V1_0_0\APEX_WATANYBOT_UL2A_AR_NATIONAL_MANIFEST_FINALIZER_V1_0_0_PACKAGE\village_manifest.csv","a8c810368436869531bd825a16fb42b9c9680e415648decad6d53bfa012e9760","exact-adm3-pcode","accepted","UL2A-AR-NATIONAL-MANIFEST-1.0.2"
"LB-LOC-24467","رملية","SRC-NATIONAL-VILLAGE-MANIFEST","24467","C:\APEX\UL2A_AR_FINALIZER_V1_0_0\APEX_WATANYBOT_UL2A_AR_NATIONAL_MANIFEST_FINALIZER_V1_0_0_PACKAGE\village_manifest.csv","a8c810368436869531bd825a16fb42b9c9680e415648decad6d53bfa012e9760","exact-adm3-pcode","accepted","UL2A-AR-NATIONAL-MANIFEST-1.0.2"
"LB-LOC-24471","معصريتي","SRC-NATIONAL-VILLAGE-MANIFEST","24471","C:\APEX\UL2A_AR_FINALIZER_V1_0_0\APEX_WATANYBOT_UL2A_AR_NATIONAL_MANIFEST_FINALIZER_V1_0_0_PACKAGE\village_manifest.csv","a8c810368436869531bd825a16fb42b9c9680e415648decad6d53bfa012e9760","exact-adm3-pcode","accepted","UL2A-AR-NATIONAL-MANIFEST-1.0.2"
"LB-LOC-24474","مزرعة النهر","SRC-NATIONAL-VILLAGE-MANIFEST","24474","C:\APEX\UL2A_AR_FINALIZER_V1_0_0\APEX_WATANYBOT_UL2A_AR_NATIONAL_MANIFEST_FINALIZER_V1_0_0_PACKAGE\village_manifest.csv","a8c810368436869531bd825a16fb42b9c9680e415648decad6d53bfa012e9760","exact-adm3-pcode","accepted","UL2A-AR-NATIONAL-MANIFEST-1.0.2"
"LB-LOC-24477","عين داره","SRC-NATIONAL-VILLAGE-MANIFEST","24477","C:\APEX\UL2A_AR_FINALIZER_V1_0_0\APEX_WATANYBOT_UL2A_AR_NATIONAL_MANIFEST_FINALIZER_V1_0_0_PACKAGE\village_manifest.csv","a8c810368436869531bd825a16fb42b9c9680e415648decad6d53bfa012e9760","exact-adm3-pcode","accepted","UL2A-AR-NATIONAL-MANIFEST-1.0.2"
"LB-LOC-24481","مريجات عاليه","SRC-NATIONAL-VILLAGE-MANIFEST","24481","C:\APEX\UL2A_AR_FINALIZER_V1_0_0\APEX_WATANYBOT_UL2A_AR_NATIONAL_MANIFEST_FINALIZER_V1_0_0_PACKAGE\village_manifest.csv","a8c810368436869531bd825a16fb42b9c9680e415648decad6d53bfa012e9760","exact-adm3-pcode","accepted","UL2A-AR-NATIONAL-MANIFEST-1.0.2"
"LB-LOC-24484","بمهريه","SRC-NATIONAL-VILLAGE-MANIFEST","24484","C:\APEX\UL2A_AR_FINALIZER_V1_0_0\APEX_WATANYBOT_UL2A_AR_NATIONAL_MANIFEST_FINALIZER_V1_0_0_PACKAGE\village_manifest.csv","a8c810368436869531bd825a16fb42b9c9680e415648decad6d53bfa012e9760","exact-adm3-pcode","accepted","UL2A-AR-NATIONAL-MANIFEST-1.0.2"
"LB-LOC-25111","صربا","SRC-NATIONAL-VILLAGE-MANIFEST","25111","C:\APEX\UL2A_AR_FINALIZER_V1_0_0\APEX_WATANYBOT_UL2A_AR_NATIONAL_MANIFEST_FINALIZER_V1_0_0_PACKAGE\village_manifest.csv","a8c810368436869531bd825a16fb42b9c9680e415648decad6d53bfa012e9760","exact-adm3-pcode","accepted","UL2A-AR-NATIONAL-MANIFEST-1.0.2"
"LB-LOC-25116","ذوق مكايل","SRC-NATIONAL-VILLAGE-MANIFEST","25116","C:\APEX\UL2A_AR_FINALIZER_V1_0_0\APEX_WATANYBOT_UL2A_AR_NATIONAL_MANIFEST_FINALIZER_V1_0_0_PACKAGE\village_manifest.csv","a8c810368436869531bd825a16fb42b9c9680e415648decad6d53bfa012e9760","exact-adm3-pcode","accepted","UL2A-AR-NATIONAL-MANIFEST-1.0.2"
"LB-LOC-25121","جونيه","SRC-NATIONAL-VILLAGE-MANIFEST","25121","C:\APEX\UL2A_AR_FINALIZER_V1_0_0\APEX_WATANYBOT_UL2A_AR_NATIONAL_MANIFEST_FINALIZER_V1_0_0_PACKAGE\village_manifest.csv","a8c810368436869531bd825a16fb42b9c9680e415648decad6d53bfa012e9760","exact-adm3-pcode","accepted","UL2A-AR-NATIONAL-MANIFEST-1.0.2"
"LB-LOC-25126","ذوق مصبح","SRC-NATIONAL-VILLAGE-MANIFEST","25126","C:\APEX\UL2A_AR_FINALIZER_V1_0_0\APEX_WATANYBOT_UL2A_AR_NATIONAL_MANIFEST_FINALIZER_V1_0_0_PACKAGE\village_manifest.csv","a8c810368436869531bd825a16fb42b9c9680e415648decad6d53bfa012e9760","exact-adm3-pcode","accepted","UL2A-AR-NATIONAL-MANIFEST-1.0.2"
"LB-LOC-25131","حارة صخر","SRC-NATIONAL-VILLAGE-MANIFEST","25131","C:\APEX\UL2A_AR_FINALIZER_V1_0_0\APEX_WATANYBOT_UL2A_AR_NATIONAL_MANIFEST_FINALIZER_V1_0_0_PACKAGE\village_manifest.csv","a8c810368436869531bd825a16fb42b9c9680e415648decad6d53bfa012e9760","exact-adm3-pcode","accepted","UL2A-AR-NATIONAL-MANIFEST-1.0.2"
"LB-LOC-25136","ساحل علما","SRC-NATIONAL-VILLAGE-MANIFEST","25136","C:\APEX\UL2A_AR_FINALIZER_V1_0_0\APEX_WATANYBOT_UL2A_AR_NATIONAL_MANIFEST_FINALIZER_V1_0_0_PACKAGE\village_manifest.csv","a8c810368436869531bd825a16fb42b9c9680e415648decad6d53bfa012e9760","exact-adm3-pcode","accepted","UL2A-AR-NATIONAL-MANIFEST-1.0.2"
"LB-LOC-25141","وطى سلام","SRC-NATIONAL-VILLAGE-MANIFEST","25141","C:\APEX\UL2A_AR_FINALIZER_V1_0_0\APEX_WATANYBOT_UL2A_AR_NATIONAL_MANIFEST_FINALIZER_V1_0_0_PACKAGE\village_manifest.csv","a8c810368436869531bd825a16fb42b9c9680e415648decad6d53bfa012e9760","exact-adm3-pcode","accepted","UL2A-AR-NATIONAL-MANIFEST-1.0.2"
"LB-LOC-25146","كفر ياسين","SRC-NATIONAL-VILLAGE-MANIFEST","25146","C:\APEX\UL2A_AR_FINALIZER_V1_0_0\APEX_WATANYBOT_UL2A_AR_NATIONAL_MANIFEST_FINALIZER_V1_0_0_PACKAGE\village_manifest.csv","a8c810368436869531bd825a16fb42b9c9680e415648decad6d53bfa012e9760","exact-adm3-pcode","accepted","UL2A-AR-NATIONAL-MANIFEST-1.0.2"
"LB-LOC-25151","طبرجا","SRC-NATIONAL-VILLAGE-MANIFEST","25151","C:\APEX\UL2A_AR_FINALIZER_V1_0_0\APEX_WATANYBOT_UL2A_AR_NATIONAL_MANIFEST_FINALIZER_V1_0_0_PACKAGE\village_manifest.csv","a8c810368436869531bd825a16fb42b9c9680e415648decad6d53bfa012e9760","exact-adm3-pcode","accepted","UL2A-AR-NATIONAL-MANIFEST-1.0.2"
"LB-LOC-25156","أدما والدفنه","SRC-NATIONAL-VILLAGE-MANIFEST","25156","C:\APEX\UL2A_AR_FINALIZER_V1_0_0\APEX_WATANYBOT_UL2A_AR_NATIONAL_MANIFEST_FINALIZER_V1_0_0_PACKAGE\village_manifest.csv","a8c810368436869531bd825a16fb42b9c9680e415648decad6d53bfa012e9760","exact-adm3-pcode","accepted","UL2A-AR-NATIONAL-MANIFEST-1.0.2"
"LB-LOC-25161","صفرا كسروان","SRC-NATIONAL-VILLAGE-MANIFEST","25161","C:\APEX\UL2A_AR_FINALIZER_V1_0_0\APEX_WATANYBOT_UL2A_AR_NATIONAL_MANIFEST_FINALIZER_V1_0_0_PACKAGE\village_manifest.csv","a8c810368436869531bd825a16fb42b9c9680e415648decad6d53bfa012e9760","exact-adm3-pcode","accepted","UL2A-AR-NATIONAL-MANIFEST-1.0.2"
"LB-LOC-25166","بوار","SRC-NATIONAL-VILLAGE-MANIFEST","25166","C:\APEX\UL2A_AR_FINALIZER_V1_0_0\APEX_WATANYBOT_UL2A_AR_NATIONAL_MANIFEST_FINALIZER_V1_0_0_PACKAGE\village_manifest.csv","a8c810368436869531bd825a16fb42b9c9680e415648decad6d53bfa012e9760","exact-adm3-pcode","accepted","UL2A-AR-NATIONAL-MANIFEST-1.0.2"
"LB-LOC-25171","عقيبة","SRC-NATIONAL-VILLAGE-MANIFEST","25171","C:\APEX\UL2A_AR_FINALIZER_V1_0_0\APEX_WATANYBOT_UL2A_AR_NATIONAL_MANIFEST_FINALIZER_V1_0_0_PACKAGE\village_manifest.csv","a8c810368436869531bd825a16fb42b9c9680e415648decad6d53bfa012e9760","exact-adm3-pcode","accepted","UL2A-AR-NATIONAL-MANIFEST-1.0.2"
"LB-LOC-25176","بقاق الدين","SRC-NATIONAL-VILLAGE-MANIFEST","25176","C:\APEX\UL2A_AR_FINALIZER_V1_0_0\APEX_WATANYBOT_UL2A_AR_NATIONAL_MANIFEST_FINALIZER_V1_0_0_PACKAGE\village_manifest.csv","a8c810368436869531bd825a16fb42b9c9680e415648decad6d53bfa012e9760","exact-adm3-pcode","accepted","UL2A-AR-NATIONAL-MANIFEST-1.0.2"
"LB-LOC-25181","زاير","SRC-NATIONAL-VILLAGE-MANIFEST","25181","C:\APEX\UL2A_AR_FINALIZER_V1_0_0\APEX_WATANYBOT_UL2A_AR_NATIONAL_MANIFEST_FINALIZER_V1_0_0_PACKAGE\village_manifest.csv","a8c810368436869531bd825a16fb42b9c9680e415648decad6d53bfa012e9760","exact-adm3-pcode","accepted","UL2A-AR-NATIONAL-MANIFEST-1.0.2"
"LB-LOC-25211","عجلتون","SRC-NATIONAL-VILLAGE-MANIFEST","25211","C:\APEX\UL2A_AR_FINALIZER_V1_0_0\APEX_WATANYBOT_UL2A_AR_NATIONAL_MANIFEST_FINALIZER_V1_0_0_PACKAGE\village_manifest.csv","a8c810368436869531bd825a16fb42b9c9680e415648decad6d53bfa012e9760","exact-adm3-pcode","accepted","UL2A-AR-NATIONAL-MANIFEST-1.0.2"
"LB-LOC-25221","بلونة","SRC-NATIONAL-VILLAGE-MANIFEST","25221","C:\APEX\UL2A_AR_FINALIZER_V1_0_0\APEX_WATANYBOT_UL2A_AR_NATIONAL_MANIFEST_FINALIZER_V1_0_0_PACKAGE\village_manifest.csv","a8c810368436869531bd825a16fb42b9c9680e415648decad6d53bfa012e9760","exact-adm3-pcode","accepted","UL2A-AR-NATIONAL-MANIFEST-1.0.2"
"LB-LOC-25231","سهيلة","SRC-NATIONAL-VILLAGE-MANIFEST","25231","C:\APEX\UL2A_AR_FINALIZER_V1_0_0\APEX_WATANYBOT_UL2A_AR_NATIONAL_MANIFEST_FINALIZER_V1_0_0_PACKAGE\village_manifest.csv","a8c810368436869531bd825a16fb42b9c9680e415648decad6d53bfa012e9760","exact-adm3-pcode","accepted","UL2A-AR-NATIONAL-MANIFEST-1.0.2"
"LB-LOC-25241","داريا كسروان","SRC-NATIONAL-VILLAGE-MANIFEST","25241","C:\APEX\UL2A_AR_FINALIZER_V1_0_0\APEX_WATANYBOT_UL2A_AR_NATIONAL_MANIFEST_FINALIZER_V1_0_0_PACKAGE\village_manifest.csv","a8c810368436869531bd825a16fb42b9c9680e415648decad6d53bfa012e9760","exact-adm3-pcode","accepted","UL2A-AR-NATIONAL-MANIFEST-1.0.2"
"LB-LOC-25251","عين الريحان","SRC-NATIONAL-VILLAGE-MANIFEST","25251","C:\APEX\UL2A_AR_FINALIZER_V1_0_0\APEX_WATANYBOT_UL2A_AR_NATIONAL_MANIFEST_FINALIZER_V1_0_0_PACKAGE\village_manifest.csv","a8c810368436869531bd825a16fb42b9c9680e415648decad6d53bfa012e9760","exact-adm3-pcode","accepted","UL2A-AR-NATIONAL-MANIFEST-1.0.2"
"LB-LOC-25261","جعيتا","SRC-NATIONAL-VILLAGE-MANIFEST","25261","C:\APEX\UL2A_AR_FINALIZER_V1_0_0\APEX_WATANYBOT_UL2A_AR_NATIONAL_MANIFEST_FINALIZER_V1_0_0_PACKAGE\village_manifest.csv","a8c810368436869531bd825a16fb42b9c9680e415648decad6d53bfa012e9760","exact-adm3-pcode","accepted","UL2A-AR-NATIONAL-MANIFEST-1.0.2"
"LB-LOC-25271","عينطورة","SRC-NATIONAL-VILLAGE-MANIFEST","25271","C:\APEX\UL2A_AR_FINALIZER_V1_0_0\APEX_WATANYBOT_UL2A_AR_NATIONAL_MANIFEST_FINALIZER_V1_0_0_PACKAGE\village_manifest.csv","a8c810368436869531bd825a16fb42b9c9680e415648decad6d53bfa012e9760","exact-adm3-pcode","accepted","UL2A-AR-NATIONAL-MANIFEST-1.0.2"
"LB-LOC-25281","مزرعة الراس","SRC-NATIONAL-VILLAGE-MANIFEST","25281","C:\APEX\UL2A_AR_FINALIZER_V1_0_0\APEX_WATANYBOT_UL2A_AR_NATIONAL_MANIFEST_FINALIZER_V1_0_0_PACKAGE\village_manifest.csv","a8c810368436869531bd825a16fb42b9c9680e415648decad6d53bfa012e9760","exact-adm3-pcode","accepted","UL2A-AR-NATIONAL-MANIFEST-1.0.2"
"LB-LOC-25311","غزير","SRC-NATIONAL-VILLAGE-MANIFEST","25311","C:\APEX\UL2A_AR_FINALIZER_V1_0_0\APEX_WATANYBOT_UL2A_AR_NATIONAL_MANIFEST_FINALIZER_V1_0_0_PACKAGE\village_manifest.csv","a8c810368436869531bd825a16fb42b9c9680e415648decad6d53bfa012e9760","exact-adm3-pcode","accepted","UL2A-AR-NATIONAL-MANIFEST-1.0.2"
"LB-LOC-25313","فتقا","SRC-NATIONAL-VILLAGE-MANIFEST","25313","C:\APEX\UL2A_AR_FINALIZER_V1_0_0\APEX_WATANYBOT_UL2A_AR_NATIONAL_MANIFEST_FINALIZER_V1_0_0_PACKAGE\village_manifest.csv","a8c810368436869531bd825a16fb42b9c9680e415648decad6d53bfa012e9760","exact-adm3-pcode","accepted","UL2A-AR-NATIONAL-MANIFEST-1.0.2"
"LB-LOC-25315","شننعير","SRC-NATIONAL-VILLAGE-MANIFEST","25315","C:\APEX\UL2A_AR_FINALIZER_V1_0_0\APEX_WATANYBOT_UL2A_AR_NATIONAL_MANIFEST_FINALIZER_V1_0_0_PACKAGE\village_manifest.csv","a8c810368436869531bd825a16fb42b9c9680e415648decad6d53bfa012e9760","exact-adm3-pcode","accepted","UL2A-AR-NATIONAL-MANIFEST-1.0.2"
"LB-LOC-25317","جديدة غزير","SRC-NATIONAL-VILLAGE-MANIFEST","25317","C:\APEX\UL2A_AR_FINALIZER_V1_0_0\APEX_WATANYBOT_UL2A_AR_NATIONAL_MANIFEST_FINALIZER_V1_0_0_PACKAGE\village_manifest.csv","a8c810368436869531bd825a16fb42b9c9680e415648decad6d53bfa012e9760","exact-adm3-pcode","accepted","UL2A-AR-NATIONAL-MANIFEST-1.0.2"
"LB-LOC-25319","غوسطا","SRC-NATIONAL-VILLAGE-MANIFEST","25319","C:\APEX\UL2A_AR_FINALIZER_V1_0_0\APEX_WATANYBOT_UL2A_AR_NATIONAL_MANIFEST_FINALIZER_V1_0_0_PACKAGE\village_manifest.csv","a8c810368436869531bd825a16fb42b9c9680e415648decad6d53bfa012e9760","exact-adm3-pcode","accepted","UL2A-AR-NATIONAL-MANIFEST-1.0.2"
"LB-LOC-25321","معراب","SRC-NATIONAL-VILLAGE-MANIFEST","25321","C:\APEX\UL2A_AR_FINALIZER_V1_0_0\APEX_WATANYBOT_UL2A_AR_NATIONAL_MANIFEST_FINALIZER_V1_0_0_PACKAGE\village_manifest.csv","a8c810368436869531bd825a16fb42b9c9680e415648decad6d53bfa012e9760","exact-adm3-pcode","accepted","UL2A-AR-NATIONAL-MANIFEST-1.0.2"
"LB-LOC-25323","دلبتا","SRC-NATIONAL-VILLAGE-MANIFEST","25323","C:\APEX\UL2A_AR_FINALIZER_V1_0_0\APEX_WATANYBOT_UL2A_AR_NATIONAL_MANIFEST_FINALIZER_V1_0_0_PACKAGE\village_manifest.csv","a8c810368436869531bd825a16fb42b9c9680e415648decad6d53bfa012e9760","exact-adm3-pcode","accepted","UL2A-AR-NATIONAL-MANIFEST-1.0.2"
"LB-LOC-25325","بطحا","SRC-NATIONAL-VILLAGE-MANIFEST","25325","C:\APEX\UL2A_AR_FINALIZER_V1_0_0\APEX_WATANYBOT_UL2A_AR_NATIONAL_MANIFEST_FINALIZER_V1_0_0_PACKAGE\village_manifest.csv","a8c810368436869531bd825a16fb42b9c9680e415648decad6d53bfa012e9760","exact-adm3-pcode","accepted","UL2A-AR-NATIONAL-MANIFEST-1.0.2"
"LB-LOC-25327","عرمون كسروان","SRC-NATIONAL-VILLAGE-MANIFEST","25327","C:\APEX\UL2A_AR_FINALIZER_V1_0_0\APEX_WATANYBOT_UL2A_AR_NATIONAL_MANIFEST_FINALIZER_V1_0_0_PACKAGE\village_manifest.csv","a8c810368436869531bd825a16fb42b9c9680e415648decad6d53bfa012e9760","exact-adm3-pcode","accepted","UL2A-AR-NATIONAL-MANIFEST-1.0.2"
"LB-LOC-25329","الكفور","SRC-NATIONAL-VILLAGE-MANIFEST","25329","C:\APEX\UL2A_AR_FINALIZER_V1_0_0\APEX_WATANYBOT_UL2A_AR_NATIONAL_MANIFEST_FINALIZER_V1_0_0_PACKAGE\village_manifest.csv","a8c810368436869531bd825a16fb42b9c9680e415648decad6d53bfa012e9760","exact-adm3-pcode","accepted","UL2A-AR-NATIONAL-MANIFEST-1.0.2"
"LB-LOC-25331","غدراس","SRC-NATIONAL-VILLAGE-MANIFEST","25331","C:\APEX\UL2A_AR_FINALIZER_V1_0_0\APEX_WATANYBOT_UL2A_AR_NATIONAL_MANIFEST_FINALIZER_V1_0_0_PACKAGE\village_manifest.csv","a8c810368436869531bd825a16fb42b9c9680e415648decad6d53bfa012e9760","exact-adm3-pcode","accepted","UL2A-AR-NATIONAL-MANIFEST-1.0.2"
"LB-LOC-25333","هرهريا","SRC-NATIONAL-VILLAGE-MANIFEST","25333","C:\APEX\UL2A_AR_FINALIZER_V1_0_0\APEX_WATANYBOT_UL2A_AR_NATIONAL_MANIFEST_FINALIZER_V1_0_0_PACKAGE\village_manifest.csv","a8c810368436869531bd825a16fb42b9c9680e415648decad6d53bfa012e9760","exact-adm3-pcode","accepted","UL2A-AR-NATIONAL-MANIFEST-1.0.2"
"LB-LOC-25335","دير بقلوش","SRC-NATIONAL-VILLAGE-MANIFEST","25335","C:\APEX\UL2A_AR_FINALIZER_V1_0_0\APEX_WATANYBOT_UL2A_AR_NATIONAL_MANIFEST_FINALIZER_V1_0_0_PACKAGE\village_manifest.csv","a8c810368436869531bd825a16fb42b9c9680e415648decad6d53bfa012e9760","exact-adm3-pcode","accepted","UL2A-AR-NATIONAL-MANIFEST-1.0.2"
"LB-LOC-25337","بزمار","SRC-NATIONAL-VILLAGE-MANIFEST","25337","C:\APEX\UL2A_AR_FINALIZER_V1_0_0\APEX_WATANYBOT_UL2A_AR_NATIONAL_MANIFEST_FINALIZER_V1_0_0_PACKAGE\village_manifest.csv","a8c810368436869531bd825a16fb42b9c9680e415648decad6d53bfa012e9760","exact-adm3-pcode","accepted","UL2A-AR-NATIONAL-MANIFEST-1.0.2"
"LB-LOC-25339","حريصا","SRC-NATIONAL-VILLAGE-MANIFEST","25339","C:\APEX\UL2A_AR_FINALIZER_V1_0_0\APEX_WATANYBOT_UL2A_AR_NATIONAL_MANIFEST_FINALIZER_V1_0_0_PACKAGE\village_manifest.csv","a8c810368436869531bd825a16fb42b9c9680e415648decad6d53bfa012e9760","exact-adm3-pcode","accepted","UL2A-AR-NATIONAL-MANIFEST-1.0.2"
"LB-LOC-25341","نمورة","SRC-NATIONAL-VILLAGE-MANIFEST","25341","C:\APEX\UL2A_AR_FINALIZER_V1_0_0\APEX_WATANYBOT_UL2A_AR_NATIONAL_MANIFEST_FINALIZER_V1_0_0_PACKAGE\village_manifest.csv","a8c810368436869531bd825a16fb42b9c9680e415648decad6d53bfa012e9760","exact-adm3-pcode","accepted","UL2A-AR-NATIONAL-MANIFEST-1.0.2"
"LB-LOC-25343","غينة","SRC-NATIONAL-VILLAGE-MANIFEST","25343","C:\APEX\UL2A_AR_FINALIZER_V1_0_0\APEX_WATANYBOT_UL2A_AR_NATIONAL_MANIFEST_FINALIZER_V1_0_0_PACKAGE\village_manifest.csv","a8c810368436869531bd825a16fb42b9c9680e415648decad6d53bfa012e9760","exact-adm3-pcode","accepted","UL2A-AR-NATIONAL-MANIFEST-1.0.2"
"LB-LOC-25345","حصين","SRC-NATIONAL-VILLAGE-MANIFEST","25345","C:\APEX\UL2A_AR_FINALIZER_V1_0_0\APEX_WATANYBOT_UL2A_AR_NATIONAL_MANIFEST_FINALIZER_V1_0_0_PACKAGE\village_manifest.csv","a8c810368436869531bd825a16fb42b9c9680e415648decad6d53bfa012e9760","exact-adm3-pcode","accepted","UL2A-AR-NATIONAL-MANIFEST-1.0.2"
"LB-LOC-25347","درعون","SRC-NATIONAL-VILLAGE-MANIFEST","25347","C:\APEX\UL2A_AR_FINALIZER_V1_0_0\APEX_WATANYBOT_UL2A_AR_NATIONAL_MANIFEST_FINALIZER_V1_0_0_PACKAGE\village_manifest.csv","a8c810368436869531bd825a16fb42b9c9680e415648decad6d53bfa012e9760","exact-adm3-pcode","accepted","UL2A-AR-NATIONAL-MANIFEST-1.0.2"
"LB-LOC-25349","حياطة","SRC-NATIONAL-VILLAGE-MANIFEST","25349","C:\APEX\UL2A_AR_FINALIZER_V1_0_0\APEX_WATANYBOT_UL2A_AR_NATIONAL_MANIFEST_FINALIZER_V1_0_0_PACKAGE\village_manifest.csv","a8c810368436869531bd825a16fb42b9c9680e415648decad6d53bfa012e9760","exact-adm3-pcode","accepted","UL2A-AR-NATIONAL-MANIFEST-1.0.2"
"LB-LOC-25351","شحتول","SRC-NATIONAL-VILLAGE-MANIFEST","25351","C:\APEX\UL2A_AR_FINALIZER_V1_0_0\APEX_WATANYBOT_UL2A_AR_NATIONAL_MANIFEST_FINALIZER_V1_0_0_PACKAGE\village_manifest.csv","a8c810368436869531bd825a16fb42b9c9680e415648decad6d53bfa012e9760","exact-adm3-pcode","accepted","UL2A-AR-NATIONAL-MANIFEST-1.0.2"
"LB-LOC-25353","زعيتره","SRC-NATIONAL-VILLAGE-MANIFEST","25353","C:\APEX\UL2A_AR_FINALIZER_V1_0_0\APEX_WATANYBOT_UL2A_AR_NATIONAL_MANIFEST_FINALIZER_V1_0_0_PACKAGE\village_manifest.csv","a8c810368436869531bd825a16fb42b9c9680e415648decad6d53bfa012e9760","exact-adm3-pcode","accepted","UL2A-AR-NATIONAL-MANIFEST-1.0.2"
"LB-LOC-25355","جورة الترمس","SRC-NATIONAL-VILLAGE-MANIFEST","25355","C:\APEX\UL2A_AR_FINALIZER_V1_0_0\APEX_WATANYBOT_UL2A_AR_NATIONAL_MANIFEST_FINALIZER_V1_0_0_PACKAGE\village_manifest.csv","a8c810368436869531bd825a16fb42b9c9680e415648decad6d53bfa012e9760","exact-adm3-pcode","accepted","UL2A-AR-NATIONAL-MANIFEST-1.0.2"
"LB-LOC-25357","المعيصرة","SRC-NATIONAL-VILLAGE-MANIFEST","25357","C:\APEX\UL2A_AR_FINALIZER_V1_0_0\APEX_WATANYBOT_UL2A_AR_NATIONAL_MANIFEST_FINALIZER_V1_0_0_PACKAGE\village_manifest.csv","a8c810368436869531bd825a16fb42b9c9680e415648decad6d53bfa012e9760","exact-adm3-pcode","accepted","UL2A-AR-NATIONAL-MANIFEST-1.0.2"
"LB-LOC-25359","جورة مهاد","SRC-NATIONAL-VILLAGE-MANIFEST","25359","C:\APEX\UL2A_AR_FINALIZER_V1_0_0\APEX_WATANYBOT_UL2A_AR_NATIONAL_MANIFEST_FINALIZER_V1_0_0_PACKAGE\village_manifest.csv","a8c810368436869531bd825a16fb42b9c9680e415648decad6d53bfa012e9760","exact-adm3-pcode","accepted","UL2A-AR-NATIONAL-MANIFEST-1.0.2"
"LB-LOC-25361","عذره والعذر","SRC-NATIONAL-VILLAGE-MANIFEST","25361","C:\APEX\UL2A_AR_FINALIZER_V1_0_0\APEX_WATANYBOT_UL2A_AR_NATIONAL_MANIFEST_FINALIZER_V1_0_0_PACKAGE\village_manifest.csv","a8c810368436869531bd825a16fb42b9c9680e415648decad6d53bfa012e9760","exact-adm3-pcode","accepted","UL2A-AR-NATIONAL-MANIFEST-1.0.2"
"LB-LOC-25363","غبالة","SRC-NATIONAL-VILLAGE-MANIFEST","25363","C:\APEX\UL2A_AR_FINALIZER_V1_0_0\APEX_WATANYBOT_UL2A_AR_NATIONAL_MANIFEST_FINALIZER_V1_0_0_PACKAGE\village_manifest.csv","a8c810368436869531bd825a16fb42b9c9680e415648decad6d53bfa012e9760","exact-adm3-pcode","accepted","UL2A-AR-NATIONAL-MANIFEST-1.0.2"
"LB-LOC-25365","جورة بدران","SRC-NATIONAL-VILLAGE-MANIFEST","25365","C:\APEX\UL2A_AR_FINALIZER_V1_0_0\APEX_WATANYBOT_UL2A_AR_NATIONAL_MANIFEST_FINALIZER_V1_0_0_PACKAGE\village_manifest.csv","a8c810368436869531bd825a16fb42b9c9680e415648decad6d53bfa012e9760","exact-adm3-pcode","accepted","UL2A-AR-NATIONAL-MANIFEST-1.0.2"
"LB-LOC-25367","مرادية","SRC-NATIONAL-VILLAGE-MANIFEST","25367","C:\APEX\UL2A_AR_FINALIZER_V1_0_0\APEX_WATANYBOT_UL2A_AR_NATIONAL_MANIFEST_FINALIZER_V1_0_0_PACKAGE\village_manifest.csv","a8c810368436869531bd825a16fb42b9c9680e415648decad6d53bfa012e9760","exact-adm3-pcode","accepted","UL2A-AR-NATIONAL-MANIFEST-1.0.2"
"LB-LOC-25369","بزحل","SRC-NATIONAL-VILLAGE-MANIFEST","25369","C:\APEX\UL2A_AR_FINALIZER_V1_0_0\APEX_WATANYBOT_UL2A_AR_NATIONAL_MANIFEST_FINALIZER_V1_0_0_PACKAGE\village_manifest.csv","a8c810368436869531bd825a16fb42b9c9680e415648decad6d53bfa012e9760","exact-adm3-pcode","accepted","UL2A-AR-NATIONAL-MANIFEST-1.0.2"
"LB-LOC-25371","نهر الدهب","SRC-NATIONAL-VILLAGE-MANIFEST","25371","C:\APEX\UL2A_AR_FINALIZER_V1_0_0\APEX_WATANYBOT_UL2A_AR_NATIONAL_MANIFEST_FINALIZER_V1_0_0_PACKAGE\village_manifest.csv","a8c810368436869531bd825a16fb42b9c9680e415648decad6d53bfa012e9760","exact-adm3-pcode","accepted","UL2A-AR-NATIONAL-MANIFEST-1.0.2"
"LB-LOC-25373","يحشوش","SRC-NATIONAL-VILLAGE-MANIFEST","25373","C:\APEX\UL2A_AR_FINALIZER_V1_0_0\APEX_WATANYBOT_UL2A_AR_NATIONAL_MANIFEST_FINALIZER_V1_0_0_PACKAGE\village_manifest.csv","a8c810368436869531bd825a16fb42b9c9680e415648decad6d53bfa012e9760","exact-adm3-pcode","accepted","UL2A-AR-NATIONAL-MANIFEST-1.0.2"
"LB-LOC-25375","زيتون","SRC-NATIONAL-VILLAGE-MANIFEST","25375","C:\APEX\UL2A_AR_FINALIZER_V1_0_0\APEX_WATANYBOT_UL2A_AR_NATIONAL_MANIFEST_FINALIZER_V1_0_0_PACKAGE\village_manifest.csv","a8c810368436869531bd825a16fb42b9c9680e415648decad6d53bfa012e9760","exact-adm3-pcode","accepted","UL2A-AR-NATIONAL-MANIFEST-1.0.2"
"LB-LOC-25391","إغبة","SRC-NATIONAL-VILLAGE-MANIFEST","25391","C:\APEX\UL2A_AR_FINALIZER_V1_0_0\APEX_WATANYBOT_UL2A_AR_NATIONAL_MANIFEST_FINALIZER_V1_0_0_PACKAGE\village_manifest.csv","a8c810368436869531bd825a16fb42b9c9680e415648decad6d53bfa012e9760","exact-adm3-pcode","accepted","UL2A-AR-NATIONAL-MANIFEST-1.0.2"
"LB-LOC-25411","ريفون","SRC-NATIONAL-VILLAGE-MANIFEST","25411","C:\APEX\UL2A_AR_FINALIZER_V1_0_0\APEX_WATANYBOT_UL2A_AR_NATIONAL_MANIFEST_FINALIZER_V1_0_0_PACKAGE\village_manifest.csv","a8c810368436869531bd825a16fb42b9c9680e415648decad6d53bfa012e9760","exact-adm3-pcode","accepted","UL2A-AR-NATIONAL-MANIFEST-1.0.2"
"LB-LOC-25415","قليعات كسروان","SRC-NATIONAL-VILLAGE-MANIFEST","25415","C:\APEX\UL2A_AR_FINALIZER_V1_0_0\APEX_WATANYBOT_UL2A_AR_NATIONAL_MANIFEST_FINALIZER_V1_0_0_PACKAGE\village_manifest.csv","a8c810368436869531bd825a16fb42b9c9680e415648decad6d53bfa012e9760","exact-adm3-pcode","accepted","UL2A-AR-NATIONAL-MANIFEST-1.0.2"
"LB-LOC-25419","مراح المير","SRC-NATIONAL-VILLAGE-MANIFEST","25419","C:\APEX\UL2A_AR_FINALIZER_V1_0_0\APEX_WATANYBOT_UL2A_AR_NATIONAL_MANIFEST_FINALIZER_V1_0_0_PACKAGE\village_manifest.csv","a8c810368436869531bd825a16fb42b9c9680e415648decad6d53bfa012e9760","exact-adm3-pcode","accepted","UL2A-AR-NATIONAL-MANIFEST-1.0.2"
"LB-LOC-25423","عشقوت","SRC-NATIONAL-VILLAGE-MANIFEST","25423","C:\APEX\UL2A_AR_FINALIZER_V1_0_0\APEX_WATANYBOT_UL2A_AR_NATIONAL_MANIFEST_FINALIZER_V1_0_0_PACKAGE\village_manifest.csv","a8c810368436869531bd825a16fb42b9c9680e415648decad6d53bfa012e9760","exact-adm3-pcode","accepted","UL2A-AR-NATIONAL-MANIFEST-1.0.2"
"LB-LOC-25427","فيطرون","SRC-NATIONAL-VILLAGE-MANIFEST","25427","C:\APEX\UL2A_AR_FINALIZER_V1_0_0\APEX_WATANYBOT_UL2A_AR_NATIONAL_MANIFEST_FINALIZER_V1_0_0_PACKAGE\village_manifest.csv","a8c810368436869531bd825a16fb42b9c9680e415648decad6d53bfa012e9760","exact-adm3-pcode","accepted","UL2A-AR-NATIONAL-MANIFEST-1.0.2"
"LB-LOC-25431","بقعاتة عشقوت","SRC-NATIONAL-VILLAGE-MANIFEST","25431","C:\APEX\UL2A_AR_FINALIZER_V1_0_0\APEX_WATANYBOT_UL2A_AR_NATIONAL_MANIFEST_FINALIZER_V1_0_0_PACKAGE\village_manifest.csv","a8c810368436869531bd825a16fb42b9c9680e415648decad6d53bfa012e9760","exact-adm3-pcode","accepted","UL2A-AR-NATIONAL-MANIFEST-1.0.2"
"LB-LOC-25435","رعشين","SRC-NATIONAL-VILLAGE-MANIFEST","25435","C:\APEX\UL2A_AR_FINALIZER_V1_0_0\APEX_WATANYBOT_UL2A_AR_NATIONAL_MANIFEST_FINALIZER_V1_0_0_PACKAGE\village_manifest.csv","a8c810368436869531bd825a16fb42b9c9680e415648decad6d53bfa012e9760","exact-adm3-pcode","accepted","UL2A-AR-NATIONAL-MANIFEST-1.0.2"
"LB-LOC-25439","كفر دبيان","SRC-NATIONAL-VILLAGE-MANIFEST","25439","C:\APEX\UL2A_AR_FINALIZER_V1_0_0\APEX_WATANYBOT_UL2A_AR_NATIONAL_MANIFEST_FINALIZER_V1_0_0_PACKAGE\village_manifest.csv","a8c810368436869531bd825a16fb42b9c9680e415648decad6d53bfa012e9760","exact-adm3-pcode","accepted","UL2A-AR-NATIONAL-MANIFEST-1.0.2"
"LB-LOC-25443","بقعاتة كنعان","SRC-NATIONAL-VILLAGE-MANIFEST","25443","C:\APEX\UL2A_AR_FINALIZER_V1_0_0\APEX_WATANYBOT_UL2A_AR_NATIONAL_MANIFEST_FINALIZER_V1_0_0_PACKAGE\village_manifest.csv","a8c810368436869531bd825a16fb42b9c9680e415648decad6d53bfa012e9760","exact-adm3-pcode","accepted","UL2A-AR-NATIONAL-MANIFEST-1.0.2"
"LB-LOC-25447","دير زرعيا","SRC-NATIONAL-VILLAGE-MANIFEST","25447","C:\APEX\UL2A_AR_FINALIZER_V1_0_0\APEX_WATANYBOT_UL2A_AR_NATIONAL_MANIFEST_FINALIZER_V1_0_0_PACKAGE\village_manifest.csv","a8c810368436869531bd825a16fb42b9c9680e415648decad6d53bfa012e9760","exact-adm3-pcode","accepted","UL2A-AR-NATIONAL-MANIFEST-1.0.2"
"LB-LOC-25451","بقعتوتا","SRC-NATIONAL-VILLAGE-MANIFEST","25451","C:\APEX\UL2A_AR_FINALIZER_V1_0_0\APEX_WATANYBOT_UL2A_AR_NATIONAL_MANIFEST_FINALIZER_V1_0_0_PACKAGE\village_manifest.csv","a8c810368436869531bd825a16fb42b9c9680e415648decad6d53bfa012e9760","exact-adm3-pcode","accepted","UL2A-AR-NATIONAL-MANIFEST-1.0.2"
"LB-LOC-25455","وطى الجوز","SRC-NATIONAL-VILLAGE-MANIFEST","25455","C:\APEX\UL2A_AR_FINALIZER_V1_0_0\APEX_WATANYBOT_UL2A_AR_NATIONAL_MANIFEST_FINALIZER_V1_0_0_PACKAGE\village_manifest.csv","a8c810368436869531bd825a16fb42b9c9680e415648decad6d53bfa012e9760","exact-adm3-pcode","accepted","UL2A-AR-NATIONAL-MANIFEST-1.0.2"
"LB-LOC-25459","ميروبا","SRC-NATIONAL-VILLAGE-MANIFEST","25459","C:\APEX\UL2A_AR_FINALIZER_V1_0_0\APEX_WATANYBOT_UL2A_AR_NATIONAL_MANIFEST_FINALIZER_V1_0_0_PACKAGE\village_manifest.csv","a8c810368436869531bd825a16fb42b9c9680e415648decad6d53bfa012e9760","exact-adm3-pcode","accepted","UL2A-AR-NATIONAL-MANIFEST-1.0.2"
"LB-LOC-25463","عين الدلبة","SRC-NATIONAL-VILLAGE-MANIFEST","25463","C:\APEX\UL2A_AR_FINALIZER_V1_0_0\APEX_WATANYBOT_UL2A_AR_NATIONAL_MANIFEST_FINALIZER_V1_0_0_PACKAGE\village_manifest.csv","a8c810368436869531bd825a16fb42b9c9680e415648decad6d53bfa012e9760","exact-adm3-pcode","accepted","UL2A-AR-NATIONAL-MANIFEST-1.0.2"
"LB-LOC-25467","المغاير","SRC-NATIONAL-VILLAGE-MANIFEST","25467","C:\APEX\UL2A_AR_FINALIZER_V1_0_0\APEX_WATANYBOT_UL2A_AR_NATIONAL_MANIFEST_FINALIZER_V1_0_0_PACKAGE\village_manifest.csv","a8c810368436869531bd825a16fb42b9c9680e415648decad6d53bfa012e9760","exact-adm3-pcode","accepted","UL2A-AR-NATIONAL-MANIFEST-1.0.2"
"LB-LOC-25471","حراجل","SRC-NATIONAL-VILLAGE-MANIFEST","25471","C:\APEX\UL2A_AR_FINALIZER_V1_0_0\APEX_WATANYBOT_UL2A_AR_NATIONAL_MANIFEST_FINALIZER_V1_0_0_PACKAGE\village_manifest.csv","a8c810368436869531bd825a16fb42b9c9680e415648decad6d53bfa012e9760","exact-adm3-pcode","accepted","UL2A-AR-NATIONAL-MANIFEST-1.0.2"
"LB-LOC-25475","فاريا","SRC-NATIONAL-VILLAGE-MANIFEST","25475","C:\APEX\UL2A_AR_FINALIZER_V1_0_0\APEX_WATANYBOT_UL2A_AR_NATIONAL_MANIFEST_FINALIZER_V1_0_0_PACKAGE\village_manifest.csv","a8c810368436869531bd825a16fb42b9c9680e415648decad6d53bfa012e9760","exact-adm3-pcode","accepted","UL2A-AR-NATIONAL-MANIFEST-1.0.2"
"LB-LOC-25479","شوان","SRC-NATIONAL-VILLAGE-MANIFEST","25479","C:\APEX\UL2A_AR_FINALIZER_V1_0_0\APEX_WATANYBOT_UL2A_AR_NATIONAL_MANIFEST_FINALIZER_V1_0_0_PACKAGE\village_manifest.csv","a8c810368436869531bd825a16fb42b9c9680e415648decad6d53bfa012e9760","exact-adm3-pcode","accepted","UL2A-AR-NATIONAL-MANIFEST-1.0.2"
"LB-LOC-25482","مشاع كفر ذبيان","SRC-NATIONAL-VILLAGE-MANIFEST","25482","C:\APEX\UL2A_AR_FINALIZER_V1_0_0\APEX_WATANYBOT_UL2A_AR_NATIONAL_MANIFEST_FINALIZER_V1_0_0_PACKAGE\village_manifest.csv","a8c810368436869531bd825a16fb42b9c9680e415648decad6d53bfa012e9760","exact-adm3-pcode","accepted","UL2A-AR-NATIONAL-MANIFEST-1.0.2"
"LB-LOC-25485","مشاع فاريا","SRC-NATIONAL-VILLAGE-MANIFEST","25485","C:\APEX\UL2A_AR_FINALIZER_V1_0_0\APEX_WATANYBOT_UL2A_AR_NATIONAL_MANIFEST_FINALIZER_V1_0_0_PACKAGE\village_manifest.csv","a8c810368436869531bd825a16fb42b9c9680e415648decad6d53bfa012e9760","exact-adm3-pcode","accepted","UL2A-AR-NATIONAL-MANIFEST-1.0.2"
"LB-LOC-25488","مشاع الفتوح","SRC-NATIONAL-VILLAGE-MANIFEST","25488","C:\APEX\UL2A_AR_FINALIZER_V1_0_0\APEX_WATANYBOT_UL2A_AR_NATIONAL_MANIFEST_FINALIZER_V1_0_0_PACKAGE\village_manifest.csv","a8c810368436869531bd825a16fb42b9c9680e415648decad6d53bfa012e9760","exact-adm3-pcode","accepted","UL2A-AR-NATIONAL-MANIFEST-1.0.2"
"LB-LOC-26111","جبيل","SRC-NATIONAL-VILLAGE-MANIFEST","26111","C:\APEX\UL2A_AR_FINALIZER_V1_0_0\APEX_WATANYBOT_UL2A_AR_NATIONAL_MANIFEST_FINALIZER_V1_0_0_PACKAGE\village_manifest.csv","a8c810368436869531bd825a16fb42b9c9680e415648decad6d53bfa012e9760","exact-adm3-pcode","accepted","UL2A-AR-NATIONAL-MANIFEST-1.0.2"
"LB-LOC-26117","مستيتا","SRC-NATIONAL-VILLAGE-MANIFEST","26117","C:\APEX\UL2A_AR_FINALIZER_V1_0_0\APEX_WATANYBOT_UL2A_AR_NATIONAL_MANIFEST_FINALIZER_V1_0_0_PACKAGE\village_manifest.csv","a8c810368436869531bd825a16fb42b9c9680e415648decad6d53bfa012e9760","exact-adm3-pcode","accepted","UL2A-AR-NATIONAL-MANIFEST-1.0.2"
"LB-LOC-26123","قرطبون","SRC-NATIONAL-VILLAGE-MANIFEST","26123","C:\APEX\UL2A_AR_FINALIZER_V1_0_0\APEX_WATANYBOT_UL2A_AR_NATIONAL_MANIFEST_FINALIZER_V1_0_0_PACKAGE\village_manifest.csv","a8c810368436869531bd825a16fb42b9c9680e415648decad6d53bfa012e9760","exact-adm3-pcode","accepted","UL2A-AR-NATIONAL-MANIFEST-1.0.2"
"LB-LOC-26129","بلاط","SRC-NATIONAL-VILLAGE-MANIFEST","26129","C:\APEX\UL2A_AR_FINALIZER_V1_0_0\APEX_WATANYBOT_UL2A_AR_NATIONAL_MANIFEST_FINALIZER_V1_0_0_PACKAGE\village_manifest.csv","a8c810368436869531bd825a16fb42b9c9680e415648decad6d53bfa012e9760","exact-adm3-pcode","accepted","UL2A-AR-NATIONAL-MANIFEST-1.0.2"
"LB-LOC-26135","إده","SRC-NATIONAL-VILLAGE-MANIFEST","26135","C:\APEX\UL2A_AR_FINALIZER_V1_0_0\APEX_WATANYBOT_UL2A_AR_NATIONAL_MANIFEST_FINALIZER_V1_0_0_PACKAGE\village_manifest.csv","a8c810368436869531bd825a16fb42b9c9680e415648decad6d53bfa012e9760","exact-adm3-pcode","accepted","UL2A-AR-NATIONAL-MANIFEST-1.0.2"
"LB-LOC-26141","عمشيت","SRC-NATIONAL-VILLAGE-MANIFEST","26141","C:\APEX\UL2A_AR_FINALIZER_V1_0_0\APEX_WATANYBOT_UL2A_AR_NATIONAL_MANIFEST_FINALIZER_V1_0_0_PACKAGE\village_manifest.csv","a8c810368436869531bd825a16fb42b9c9680e415648decad6d53bfa012e9760","exact-adm3-pcode","accepted","UL2A-AR-NATIONAL-MANIFEST-1.0.2"
"LB-LOC-26147","حالات","SRC-NATIONAL-VILLAGE-MANIFEST","26147","C:\APEX\UL2A_AR_FINALIZER_V1_0_0\APEX_WATANYBOT_UL2A_AR_NATIONAL_MANIFEST_FINALIZER_V1_0_0_PACKAGE\village_manifest.csv","a8c810368436869531bd825a16fb42b9c9680e415648decad6d53bfa012e9760","exact-adm3-pcode","accepted","UL2A-AR-NATIONAL-MANIFEST-1.0.2"
"LB-LOC-26153","حصرايل","SRC-NATIONAL-VILLAGE-MANIFEST","26153","C:\APEX\UL2A_AR_FINALIZER_V1_0_0\APEX_WATANYBOT_UL2A_AR_NATIONAL_MANIFEST_FINALIZER_V1_0_0_PACKAGE\village_manifest.csv","a8c810368436869531bd825a16fb42b9c9680e415648decad6d53bfa012e9760","exact-adm3-pcode","accepted","UL2A-AR-NATIONAL-MANIFEST-1.0.2"
"LB-LOC-26159","ريحانة","SRC-NATIONAL-VILLAGE-MANIFEST","26159","C:\APEX\UL2A_AR_FINALIZER_V1_0_0\APEX_WATANYBOT_UL2A_AR_NATIONAL_MANIFEST_FINALIZER_V1_0_0_PACKAGE\village_manifest.csv","a8c810368436869531bd825a16fb42b9c9680e415648decad6d53bfa012e9760","exact-adm3-pcode","accepted","UL2A-AR-NATIONAL-MANIFEST-1.0.2"
"LB-LOC-26165","جدايل","SRC-NATIONAL-VILLAGE-MANIFEST","26165","C:\APEX\UL2A_AR_FINALIZER_V1_0_0\APEX_WATANYBOT_UL2A_AR_NATIONAL_MANIFEST_FINALIZER_V1_0_0_PACKAGE\village_manifest.csv","a8c810368436869531bd825a16fb42b9c9680e415648decad6d53bfa012e9760","exact-adm3-pcode","accepted","UL2A-AR-NATIONAL-MANIFEST-1.0.2"
"LB-LOC-26171","نهر ابراهيم","SRC-NATIONAL-VILLAGE-MANIFEST","26171","C:\APEX\UL2A_AR_FINALIZER_V1_0_0\APEX_WATANYBOT_UL2A_AR_NATIONAL_MANIFEST_FINALIZER_V1_0_0_PACKAGE\village_manifest.csv","a8c810368436869531bd825a16fb42b9c9680e415648decad6d53bfa012e9760","exact-adm3-pcode","accepted","UL2A-AR-NATIONAL-MANIFEST-1.0.2"
"LB-LOC-26177","المنصف","SRC-NATIONAL-VILLAGE-MANIFEST","26177","C:\APEX\UL2A_AR_FINALIZER_V1_0_0\APEX_WATANYBOT_UL2A_AR_NATIONAL_MANIFEST_FINALIZER_V1_0_0_PACKAGE\village_manifest.csv","a8c810368436869531bd825a16fb42b9c9680e415648decad6d53bfa012e9760","exact-adm3-pcode","accepted","UL2A-AR-NATIONAL-MANIFEST-1.0.2"
"LB-LOC-26183","بربارة","SRC-NATIONAL-VILLAGE-MANIFEST","26183","C:\APEX\UL2A_AR_FINALIZER_V1_0_0\APEX_WATANYBOT_UL2A_AR_NATIONAL_MANIFEST_FINALIZER_V1_0_0_PACKAGE\village_manifest.csv","a8c810368436869531bd825a16fb42b9c9680e415648decad6d53bfa012e9760","exact-adm3-pcode","accepted","UL2A-AR-NATIONAL-MANIFEST-1.0.2"
"LB-LOC-26189","كفر كده","SRC-NATIONAL-VILLAGE-MANIFEST","26189","C:\APEX\UL2A_AR_FINALIZER_V1_0_0\APEX_WATANYBOT_UL2A_AR_NATIONAL_MANIFEST_FINALIZER_V1_0_0_PACKAGE\village_manifest.csv","a8c810368436869531bd825a16fb42b9c9680e415648decad6d53bfa012e9760","exact-adm3-pcode","accepted","UL2A-AR-NATIONAL-MANIFEST-1.0.2"
"LB-LOC-26211","اهمج","SRC-NATIONAL-VILLAGE-MANIFEST","26211","C:\APEX\UL2A_AR_FINALIZER_V1_0_0\APEX_WATANYBOT_UL2A_AR_NATIONAL_MANIFEST_FINALIZER_V1_0_0_PACKAGE\village_manifest.csv","a8c810368436869531bd825a16fb42b9c9680e415648decad6d53bfa012e9760","exact-adm3-pcode","accepted","UL2A-AR-NATIONAL-MANIFEST-1.0.2"
"LB-LOC-26212","علمات الشمالية","SRC-NATIONAL-VILLAGE-MANIFEST","26212","C:\APEX\UL2A_AR_FINALIZER_V1_0_0\APEX_WATANYBOT_UL2A_AR_NATIONAL_MANIFEST_FINALIZER_V1_0_0_PACKAGE\village_manifest.csv","a8c810368436869531bd825a16fb42b9c9680e415648decad6d53bfa012e9760","exact-adm3-pcode","accepted","UL2A-AR-NATIONAL-MANIFEST-1.0.2"
"LB-LOC-26213","مزرعة المعادن","SRC-NATIONAL-VILLAGE-MANIFEST","26213","C:\APEX\UL2A_AR_FINALIZER_V1_0_0\APEX_WATANYBOT_UL2A_AR_NATIONAL_MANIFEST_FINALIZER_V1_0_0_PACKAGE\village_manifest.csv","a8c810368436869531bd825a16fb42b9c9680e415648decad6d53bfa012e9760","exact-adm3-pcode","accepted","UL2A-AR-NATIONAL-MANIFEST-1.0.2"
"LB-LOC-26214","حصنا","SRC-NATIONAL-VILLAGE-MANIFEST","26214","C:\APEX\UL2A_AR_FINALIZER_V1_0_0\APEX_WATANYBOT_UL2A_AR_NATIONAL_MANIFEST_FINALIZER_V1_0_0_PACKAGE\village_manifest.csv","a8c810368436869531bd825a16fb42b9c9680e415648decad6d53bfa012e9760","exact-adm3-pcode","accepted","UL2A-AR-NATIONAL-MANIFEST-1.0.2"
"LB-LOC-26215","طورزيا","SRC-NATIONAL-VILLAGE-MANIFEST","26215","C:\APEX\UL2A_AR_FINALIZER_V1_0_0\APEX_WATANYBOT_UL2A_AR_NATIONAL_MANIFEST_FINALIZER_V1_0_0_PACKAGE\village_manifest.csv","a8c810368436869531bd825a16fb42b9c9680e415648decad6d53bfa012e9760","exact-adm3-pcode","accepted","UL2A-AR-NATIONAL-MANIFEST-1.0.2"
"LB-LOC-26217","فرحت","SRC-NATIONAL-VILLAGE-MANIFEST","26217","C:\APEX\UL2A_AR_FINALIZER_V1_0_0\APEX_WATANYBOT_UL2A_AR_NATIONAL_MANIFEST_FINALIZER_V1_0_0_PACKAGE\village_manifest.csv","a8c810368436869531bd825a16fb42b9c9680e415648decad6d53bfa012e9760","exact-adm3-pcode","accepted","UL2A-AR-NATIONAL-MANIFEST-1.0.2"
"LB-LOC-26218","مشمش جبيل","SRC-NATIONAL-VILLAGE-MANIFEST","26218","C:\APEX\UL2A_AR_FINALIZER_V1_0_0\APEX_WATANYBOT_UL2A_AR_NATIONAL_MANIFEST_FINALIZER_V1_0_0_PACKAGE\village_manifest.csv","a8c810368436869531bd825a16fb42b9c9680e415648decad6d53bfa012e9760","exact-adm3-pcode","accepted","UL2A-AR-NATIONAL-MANIFEST-1.0.2"
"LB-LOC-26219","عاليتا","SRC-NATIONAL-VILLAGE-MANIFEST","26219","C:\APEX\UL2A_AR_FINALIZER_V1_0_0\APEX_WATANYBOT_UL2A_AR_NATIONAL_MANIFEST_FINALIZER_V1_0_0_PACKAGE\village_manifest.csv","a8c810368436869531bd825a16fb42b9c9680e415648decad6d53bfa012e9760","exact-adm3-pcode","accepted","UL2A-AR-NATIONAL-MANIFEST-1.0.2"
"LB-LOC-26220","صوانة","SRC-NATIONAL-VILLAGE-MANIFEST","26220","C:\APEX\UL2A_AR_FINALIZER_V1_0_0\APEX_WATANYBOT_UL2A_AR_NATIONAL_MANIFEST_FINALIZER_V1_0_0_PACKAGE\village_manifest.csv","a8c810368436869531bd825a16fb42b9c9680e415648decad6d53bfa012e9760","exact-adm3-pcode","accepted","UL2A-AR-NATIONAL-MANIFEST-1.0.2"
"LB-LOC-26221","عين الدلبة جبيل","SRC-NATIONAL-VILLAGE-MANIFEST","26221","C:\APEX\UL2A_AR_FINALIZER_V1_0_0\APEX_WATANYBOT_UL2A_AR_NATIONAL_MANIFEST_FINALIZER_V1_0_0_PACKAGE\village_manifest.csv","a8c810368436869531bd825a16fb42b9c9680e415648decad6d53bfa012e9760","exact-adm3-pcode","accepted","UL2A-AR-NATIONAL-MANIFEST-1.0.2"
"LB-LOC-26223","فرات","SRC-NATIONAL-VILLAGE-MANIFEST","26223","C:\APEX\UL2A_AR_FINALIZER_V1_0_0\APEX_WATANYBOT_UL2A_AR_NATIONAL_MANIFEST_FINALIZER_V1_0_0_PACKAGE\village_manifest.csv","a8c810368436869531bd825a16fb42b9c9680e415648decad6d53bfa012e9760","exact-adm3-pcode","accepted","UL2A-AR-NATIONAL-MANIFEST-1.0.2"
"LB-LOC-26224","كفر بعال","SRC-NATIONAL-VILLAGE-MANIFEST","26224","C:\APEX\UL2A_AR_FINALIZER_V1_0_0\APEX_WATANYBOT_UL2A_AR_NATIONAL_MANIFEST_FINALIZER_V1_0_0_PACKAGE\village_manifest.csv","a8c810368436869531bd825a16fb42b9c9680e415648decad6d53bfa012e9760","exact-adm3-pcode","accepted","UL2A-AR-NATIONAL-MANIFEST-1.0.2"
"LB-LOC-26226","حجولا","SRC-NATIONAL-VILLAGE-MANIFEST","26226","C:\APEX\UL2A_AR_FINALIZER_V1_0_0\APEX_WATANYBOT_UL2A_AR_NATIONAL_MANIFEST_FINALIZER_V1_0_0_PACKAGE\village_manifest.csv","a8c810368436869531bd825a16fb42b9c9680e415648decad6d53bfa012e9760","exact-adm3-pcode","accepted","UL2A-AR-NATIONAL-MANIFEST-1.0.2"
"LB-LOC-26227","عين جرين","SRC-NATIONAL-VILLAGE-MANIFEST","26227","C:\APEX\UL2A_AR_FINALIZER_V1_0_0\APEX_WATANYBOT_UL2A_AR_NATIONAL_MANIFEST_FINALIZER_V1_0_0_PACKAGE\village_manifest.csv","a8c810368436869531bd825a16fb42b9c9680e415648decad6d53bfa012e9760","exact-adm3-pcode","accepted","UL2A-AR-NATIONAL-MANIFEST-1.0.2"
"LB-LOC-26229","حصون","SRC-NATIONAL-VILLAGE-MANIFEST","26229","C:\APEX\UL2A_AR_FINALIZER_V1_0_0\APEX_WATANYBOT_UL2A_AR_NATIONAL_MANIFEST_FINALIZER_V1_0_0_PACKAGE\village_manifest.csv","a8c810368436869531bd825a16fb42b9c9680e415648decad6d53bfa012e9760","exact-adm3-pcode","accepted","UL2A-AR-NATIONAL-MANIFEST-1.0.2"
"LB-LOC-26231","مشان","SRC-NATIONAL-VILLAGE-MANIFEST","26231","C:\APEX\UL2A_AR_FINALIZER_V1_0_0\APEX_WATANYBOT_UL2A_AR_NATIONAL_MANIFEST_FINALIZER_V1_0_0_PACKAGE\village_manifest.csv","a8c810368436869531bd825a16fb42b9c9680e415648decad6d53bfa012e9760","exact-adm3-pcode","accepted","UL2A-AR-NATIONAL-MANIFEST-1.0.2"
"LB-LOC-26233","لحفد","SRC-NATIONAL-VILLAGE-MANIFEST","26233","C:\APEX\UL2A_AR_FINALIZER_V1_0_0\APEX_WATANYBOT_UL2A_AR_NATIONAL_MANIFEST_FINALIZER_V1_0_0_PACKAGE\village_manifest.csv","a8c810368436869531bd825a16fb42b9c9680e415648decad6d53bfa012e9760","exact-adm3-pcode","accepted","UL2A-AR-NATIONAL-MANIFEST-1.0.2"
"LB-LOC-26234","هابيل","SRC-NATIONAL-VILLAGE-MANIFEST","26234","C:\APEX\UL2A_AR_FINALIZER_V1_0_0\APEX_WATANYBOT_UL2A_AR_NATIONAL_MANIFEST_FINALIZER_V1_0_0_PACKAGE\village_manifest.csv","a8c810368436869531bd825a16fb42b9c9680e415648decad6d53bfa012e9760","exact-adm3-pcode","accepted","UL2A-AR-NATIONAL-MANIFEST-1.0.2"
"LB-LOC-26236","جورة القطين","SRC-NATIONAL-VILLAGE-MANIFEST","26236","C:\APEX\UL2A_AR_FINALIZER_V1_0_0\APEX_WATANYBOT_UL2A_AR_NATIONAL_MANIFEST_FINALIZER_V1_0_0_PACKAGE\village_manifest.csv","a8c810368436869531bd825a16fb42b9c9680e415648decad6d53bfa012e9760","exact-adm3-pcode","accepted","UL2A-AR-NATIONAL-MANIFEST-1.0.2"
"LB-LOC-26237","بركة حجولا","SRC-NATIONAL-VILLAGE-MANIFEST","26237","C:\APEX\UL2A_AR_FINALIZER_V1_0_0\APEX_WATANYBOT_UL2A_AR_NATIONAL_MANIFEST_FINALIZER_V1_0_0_PACKAGE\village_manifest.csv","a8c810368436869531bd825a16fb42b9c9680e415648decad6d53bfa012e9760","exact-adm3-pcode","accepted","UL2A-AR-NATIONAL-MANIFEST-1.0.2"
"LB-LOC-26239","ادونيس","SRC-NATIONAL-VILLAGE-MANIFEST","26239","C:\APEX\UL2A_AR_FINALIZER_V1_0_0\APEX_WATANYBOT_UL2A_AR_NATIONAL_MANIFEST_FINALIZER_V1_0_0_PACKAGE\village_manifest.csv","a8c810368436869531bd825a16fb42b9c9680e415648decad6d53bfa012e9760","exact-adm3-pcode","accepted","UL2A-AR-NATIONAL-MANIFEST-1.0.2"
"LB-LOC-26241","راس اسطا","SRC-NATIONAL-VILLAGE-MANIFEST","26241","C:\APEX\UL2A_AR_FINALIZER_V1_0_0\APEX_WATANYBOT_UL2A_AR_NATIONAL_MANIFEST_FINALIZER_V1_0_0_PACKAGE\village_manifest.csv","a8c810368436869531bd825a16fb42b9c9680e415648decad6d53bfa012e9760","exact-adm3-pcode","accepted","UL2A-AR-NATIONAL-MANIFEST-1.0.2"
"LB-LOC-26243","بشتليدا","SRC-NATIONAL-VILLAGE-MANIFEST","26243","C:\APEX\UL2A_AR_FINALIZER_V1_0_0\APEX_WATANYBOT_UL2A_AR_NATIONAL_MANIFEST_FINALIZER_V1_0_0_PACKAGE\village_manifest.csv","a8c810368436869531bd825a16fb42b9c9680e415648decad6d53bfa012e9760","exact-adm3-pcode","accepted","UL2A-AR-NATIONAL-MANIFEST-1.0.2"
"LB-LOC-26244","بشلّلي","SRC-NATIONAL-VILLAGE-MANIFEST","26244","C:\APEX\UL2A_AR_FINALIZER_V1_0_0\APEX_WATANYBOT_UL2A_AR_NATIONAL_MANIFEST_FINALIZER_V1_0_0_PACKAGE\village_manifest.csv","a8c810368436869531bd825a16fb42b9c9680e415648decad6d53bfa012e9760","exact-adm3-pcode","accepted","UL2A-AR-NATIONAL-MANIFEST-1.0.2"
"LB-LOC-26246","زبدين","SRC-NATIONAL-VILLAGE-MANIFEST","26246","C:\APEX\UL2A_AR_FINALIZER_V1_0_0\APEX_WATANYBOT_UL2A_AR_NATIONAL_MANIFEST_FINALIZER_V1_0_0_PACKAGE\village_manifest.csv","a8c810368436869531bd825a16fb42b9c9680e415648decad6d53bfa012e9760","exact-adm3-pcode","accepted","UL2A-AR-NATIONAL-MANIFEST-1.0.2"
"LB-LOC-26247","حقل","SRC-NATIONAL-VILLAGE-MANIFEST","26247","C:\APEX\UL2A_AR_FINALIZER_V1_0_0\APEX_WATANYBOT_UL2A_AR_NATIONAL_MANIFEST_FINALIZER_V1_0_0_PACKAGE\village_manifest.csv","a8c810368436869531bd825a16fb42b9c9680e415648decad6d53bfa012e9760","exact-adm3-pcode","accepted","UL2A-AR-NATIONAL-MANIFEST-1.0.2"
"LB-LOC-26249","خاربة جبيل","SRC-NATIONAL-VILLAGE-MANIFEST","26249","C:\APEX\UL2A_AR_FINALIZER_V1_0_0\APEX_WATANYBOT_UL2A_AR_NATIONAL_MANIFEST_FINALIZER_V1_0_0_PACKAGE\village_manifest.csv","a8c810368436869531bd825a16fb42b9c9680e415648decad6d53bfa012e9760","exact-adm3-pcode","accepted","UL2A-AR-NATIONAL-MANIFEST-1.0.2"
"LB-LOC-26251","قطارة","SRC-NATIONAL-VILLAGE-MANIFEST","26251","C:\APEX\UL2A_AR_FINALIZER_V1_0_0\APEX_WATANYBOT_UL2A_AR_NATIONAL_MANIFEST_FINALIZER_V1_0_0_PACKAGE\village_manifest.csv","a8c810368436869531bd825a16fb42b9c9680e415648decad6d53bfa012e9760","exact-adm3-pcode","accepted","UL2A-AR-NATIONAL-MANIFEST-1.0.2"
"LB-LOC-26253","بريج","SRC-NATIONAL-VILLAGE-MANIFEST","26253","C:\APEX\UL2A_AR_FINALIZER_V1_0_0\APEX_WATANYBOT_UL2A_AR_NATIONAL_MANIFEST_FINALIZER_V1_0_0_PACKAGE\village_manifest.csv","a8c810368436869531bd825a16fb42b9c9680e415648decad6d53bfa012e9760","exact-adm3-pcode","accepted","UL2A-AR-NATIONAL-MANIFEST-1.0.2"
"LB-LOC-26254","سربين","SRC-NATIONAL-VILLAGE-MANIFEST","26254","C:\APEX\UL2A_AR_FINALIZER_V1_0_0\APEX_WATANYBOT_UL2A_AR_NATIONAL_MANIFEST_FINALIZER_V1_0_0_PACKAGE\village_manifest.csv","a8c810368436869531bd825a16fb42b9c9680e415648decad6d53bfa012e9760","exact-adm3-pcode","accepted","UL2A-AR-NATIONAL-MANIFEST-1.0.2"
"LB-LOC-26256","عبيدات","SRC-NATIONAL-VILLAGE-MANIFEST","26256","C:\APEX\UL2A_AR_FINALIZER_V1_0_0\APEX_WATANYBOT_UL2A_AR_NATIONAL_MANIFEST_FINALIZER_V1_0_0_PACKAGE\village_manifest.csv","a8c810368436869531bd825a16fb42b9c9680e415648decad6d53bfa012e9760","exact-adm3-pcode","accepted","UL2A-AR-NATIONAL-MANIFEST-1.0.2"
"LB-LOC-26257","ميفوق","SRC-NATIONAL-VILLAGE-MANIFEST","26257","C:\APEX\UL2A_AR_FINALIZER_V1_0_0\APEX_WATANYBOT_UL2A_AR_NATIONAL_MANIFEST_FINALIZER_V1_0_0_PACKAGE\village_manifest.csv","a8c810368436869531bd825a16fb42b9c9680e415648decad6d53bfa012e9760","exact-adm3-pcode","accepted","UL2A-AR-NATIONAL-MANIFEST-1.0.2"
"LB-LOC-26259","بحديدات","SRC-NATIONAL-VILLAGE-MANIFEST","26259","C:\APEX\UL2A_AR_FINALIZER_V1_0_0\APEX_WATANYBOT_UL2A_AR_NATIONAL_MANIFEST_FINALIZER_V1_0_0_PACKAGE\village_manifest.csv","a8c810368436869531bd825a16fb42b9c9680e415648decad6d53bfa012e9760","exact-adm3-pcode","accepted","UL2A-AR-NATIONAL-MANIFEST-1.0.2"
"LB-LOC-26261","الراموط","SRC-NATIONAL-VILLAGE-MANIFEST","26261","C:\APEX\UL2A_AR_FINALIZER_V1_0_0\APEX_WATANYBOT_UL2A_AR_NATIONAL_MANIFEST_FINALIZER_V1_0_0_PACKAGE\village_manifest.csv","a8c810368436869531bd825a16fb42b9c9680e415648decad6d53bfa012e9760","exact-adm3-pcode","accepted","UL2A-AR-NATIONAL-MANIFEST-1.0.2"
"LB-LOC-26263","ساقية الخيط","SRC-NATIONAL-VILLAGE-MANIFEST","26263","C:\APEX\UL2A_AR_FINALIZER_V1_0_0\APEX_WATANYBOT_UL2A_AR_NATIONAL_MANIFEST_FINALIZER_V1_0_0_PACKAGE\village_manifest.csv","a8c810368436869531bd825a16fb42b9c9680e415648decad6d53bfa012e9760","exact-adm3-pcode","accepted","UL2A-AR-NATIONAL-MANIFEST-1.0.2"
"LB-LOC-26264","كفر قواص","SRC-NATIONAL-VILLAGE-MANIFEST","26264","C:\APEX\UL2A_AR_FINALIZER_V1_0_0\APEX_WATANYBOT_UL2A_AR_NATIONAL_MANIFEST_FINALIZER_V1_0_0_PACKAGE\village_manifest.csv","a8c810368436869531bd825a16fb42b9c9680e415648decad6d53bfa012e9760","exact-adm3-pcode","accepted","UL2A-AR-NATIONAL-MANIFEST-1.0.2"
"LB-LOC-26266","فتري","SRC-NATIONAL-VILLAGE-MANIFEST","26266","C:\APEX\UL2A_AR_FINALIZER_V1_0_0\APEX_WATANYBOT_UL2A_AR_NATIONAL_MANIFEST_FINALIZER_V1_0_0_PACKAGE\village_manifest.csv","a8c810368436869531bd825a16fb42b9c9680e415648decad6d53bfa012e9760","exact-adm3-pcode","accepted","UL2A-AR-NATIONAL-MANIFEST-1.0.2"
"LB-LOC-26267","كفون","SRC-NATIONAL-VILLAGE-MANIFEST","26267","C:\APEX\UL2A_AR_FINALIZER_V1_0_0\APEX_WATANYBOT_UL2A_AR_NATIONAL_MANIFEST_FINALIZER_V1_0_0_PACKAGE\village_manifest.csv","a8c810368436869531bd825a16fb42b9c9680e415648decad6d53bfa012e9760","exact-adm3-pcode","accepted","UL2A-AR-NATIONAL-MANIFEST-1.0.2"
"LB-LOC-26269","بنتاعل","SRC-NATIONAL-VILLAGE-MANIFEST","26269","C:\APEX\UL2A_AR_FINALIZER_V1_0_0\APEX_WATANYBOT_UL2A_AR_NATIONAL_MANIFEST_FINALIZER_V1_0_0_PACKAGE\village_manifest.csv","a8c810368436869531bd825a16fb42b9c9680e415648decad6d53bfa012e9760","exact-adm3-pcode","accepted","UL2A-AR-NATIONAL-MANIFEST-1.0.2"
"LB-LOC-26271","بيت حبّاق","SRC-NATIONAL-VILLAGE-MANIFEST","26271","C:\APEX\UL2A_AR_FINALIZER_V1_0_0\APEX_WATANYBOT_UL2A_AR_NATIONAL_MANIFEST_FINALIZER_V1_0_0_PACKAGE\village_manifest.csv","a8c810368436869531bd825a16fb42b9c9680e415648decad6d53bfa012e9760","exact-adm3-pcode","accepted","UL2A-AR-NATIONAL-MANIFEST-1.0.2"
"LB-LOC-26273","كفر الفتوح","SRC-NATIONAL-VILLAGE-MANIFEST","26273","C:\APEX\UL2A_AR_FINALIZER_V1_0_0\APEX_WATANYBOT_UL2A_AR_NATIONAL_MANIFEST_FINALIZER_V1_0_0_PACKAGE\village_manifest.csv","a8c810368436869531bd825a16fb42b9c9680e415648decad6d53bfa012e9760","exact-adm3-pcode","accepted","UL2A-AR-NATIONAL-MANIFEST-1.0.2"
"LB-LOC-26274","جليسه","SRC-NATIONAL-VILLAGE-MANIFEST","26274","C:\APEX\UL2A_AR_FINALIZER_V1_0_0\APEX_WATANYBOT_UL2A_AR_NATIONAL_MANIFEST_FINALIZER_V1_0_0_PACKAGE\village_manifest.csv","a8c810368436869531bd825a16fb42b9c9680e415648decad6d53bfa012e9760","exact-adm3-pcode","accepted","UL2A-AR-NATIONAL-MANIFEST-1.0.2"
"LB-LOC-26276","بجه","SRC-NATIONAL-VILLAGE-MANIFEST","26276","C:\APEX\UL2A_AR_FINALIZER_V1_0_0\APEX_WATANYBOT_UL2A_AR_NATIONAL_MANIFEST_FINALIZER_V1_0_0_PACKAGE\village_manifest.csv","a8c810368436869531bd825a16fb42b9c9680e415648decad6d53bfa012e9760","exact-adm3-pcode","accepted","UL2A-AR-NATIONAL-MANIFEST-1.0.2"
"LB-LOC-26277","غلبون","SRC-NATIONAL-VILLAGE-MANIFEST","26277","C:\APEX\UL2A_AR_FINALIZER_V1_0_0\APEX_WATANYBOT_UL2A_AR_NATIONAL_MANIFEST_FINALIZER_V1_0_0_PACKAGE\village_manifest.csv","a8c810368436869531bd825a16fb42b9c9680e415648decad6d53bfa012e9760","exact-adm3-pcode","accepted","UL2A-AR-NATIONAL-MANIFEST-1.0.2"
"LB-LOC-26279","شامات","SRC-NATIONAL-VILLAGE-MANIFEST","26279","C:\APEX\UL2A_AR_FINALIZER_V1_0_0\APEX_WATANYBOT_UL2A_AR_NATIONAL_MANIFEST_FINALIZER_V1_0_0_PACKAGE\village_manifest.csv","a8c810368436869531bd825a16fb42b9c9680e415648decad6d53bfa012e9760","exact-adm3-pcode","accepted","UL2A-AR-NATIONAL-MANIFEST-1.0.2"
"LB-LOC-26281","حبالين","SRC-NATIONAL-VILLAGE-MANIFEST","26281","C:\APEX\UL2A_AR_FINALIZER_V1_0_0\APEX_WATANYBOT_UL2A_AR_NATIONAL_MANIFEST_FINALIZER_V1_0_0_PACKAGE\village_manifest.csv","a8c810368436869531bd825a16fb42b9c9680e415648decad6d53bfa012e9760","exact-adm3-pcode","accepted","UL2A-AR-NATIONAL-MANIFEST-1.0.2"
"LB-LOC-26283","بمهرين","SRC-NATIONAL-VILLAGE-MANIFEST","26283","C:\APEX\UL2A_AR_FINALIZER_V1_0_0\APEX_WATANYBOT_UL2A_AR_NATIONAL_MANIFEST_FINALIZER_V1_0_0_PACKAGE\village_manifest.csv","a8c810368436869531bd825a16fb42b9c9680e415648decad6d53bfa012e9760","exact-adm3-pcode","accepted","UL2A-AR-NATIONAL-MANIFEST-1.0.2"
"LB-LOC-26284","حبوب","SRC-NATIONAL-VILLAGE-MANIFEST","26284","C:\APEX\UL2A_AR_FINALIZER_V1_0_0\APEX_WATANYBOT_UL2A_AR_NATIONAL_MANIFEST_FINALIZER_V1_0_0_PACKAGE\village_manifest.csv","a8c810368436869531bd825a16fb42b9c9680e415648decad6d53bfa012e9760","exact-adm3-pcode","accepted","UL2A-AR-NATIONAL-MANIFEST-1.0.2"
"LB-LOC-26286","حصارات","SRC-NATIONAL-VILLAGE-MANIFEST","26286","C:\APEX\UL2A_AR_FINALIZER_V1_0_0\APEX_WATANYBOT_UL2A_AR_NATIONAL_MANIFEST_FINALIZER_V1_0_0_PACKAGE\village_manifest.csv","a8c810368436869531bd825a16fb42b9c9680e415648decad6d53bfa012e9760","exact-adm3-pcode","accepted","UL2A-AR-NATIONAL-MANIFEST-1.0.2"
"LB-LOC-26287","كفر مسحون","SRC-NATIONAL-VILLAGE-MANIFEST","26287","C:\APEX\UL2A_AR_FINALIZER_V1_0_0\APEX_WATANYBOT_UL2A_AR_NATIONAL_MANIFEST_FINALIZER_V1_0_0_PACKAGE\village_manifest.csv","a8c810368436869531bd825a16fb42b9c9680e415648decad6d53bfa012e9760","exact-adm3-pcode","accepted","UL2A-AR-NATIONAL-MANIFEST-1.0.2"
"LB-LOC-26289","عين كفاع","SRC-NATIONAL-VILLAGE-MANIFEST","26289","C:\APEX\UL2A_AR_FINALIZER_V1_0_0\APEX_WATANYBOT_UL2A_AR_NATIONAL_MANIFEST_FINALIZER_V1_0_0_PACKAGE\village_manifest.csv","a8c810368436869531bd825a16fb42b9c9680e415648decad6d53bfa012e9760","exact-adm3-pcode","accepted","UL2A-AR-NATIONAL-MANIFEST-1.0.2"
"LB-LOC-26291","غرفين","SRC-NATIONAL-VILLAGE-MANIFEST","26291","C:\APEX\UL2A_AR_FINALIZER_V1_0_0\APEX_WATANYBOT_UL2A_AR_NATIONAL_MANIFEST_FINALIZER_V1_0_0_PACKAGE\village_manifest.csv","a8c810368436869531bd825a16fb42b9c9680e415648decad6d53bfa012e9760","exact-adm3-pcode","accepted","UL2A-AR-NATIONAL-MANIFEST-1.0.2"
"LB-LOC-26293","معاد","SRC-NATIONAL-VILLAGE-MANIFEST","26293","C:\APEX\UL2A_AR_FINALIZER_V1_0_0\APEX_WATANYBOT_UL2A_AR_NATIONAL_MANIFEST_FINALIZER_V1_0_0_PACKAGE\village_manifest.csv","a8c810368436869531bd825a16fb42b9c9680e415648decad6d53bfa012e9760","exact-adm3-pcode","accepted","UL2A-AR-NATIONAL-MANIFEST-1.0.2"
"LB-LOC-26294","غرزوز","SRC-NATIONAL-VILLAGE-MANIFEST","26294","C:\APEX\UL2A_AR_FINALIZER_V1_0_0\APEX_WATANYBOT_UL2A_AR_NATIONAL_MANIFEST_FINALIZER_V1_0_0_PACKAGE\village_manifest.csv","a8c810368436869531bd825a16fb42b9c9680e415648decad6d53bfa012e9760","exact-adm3-pcode","accepted","UL2A-AR-NATIONAL-MANIFEST-1.0.2"
"LB-LOC-26295","شيخان","SRC-NATIONAL-VILLAGE-MANIFEST","26295","C:\APEX\UL2A_AR_FINALIZER_V1_0_0\APEX_WATANYBOT_UL2A_AR_NATIONAL_MANIFEST_FINALIZER_V1_0_0_PACKAGE\village_manifest.csv","a8c810368436869531bd825a16fb42b9c9680e415648decad6d53bfa012e9760","exact-adm3-pcode","accepted","UL2A-AR-NATIONAL-MANIFEST-1.0.2"
"LB-LOC-26296","شموت","SRC-NATIONAL-VILLAGE-MANIFEST","26296","C:\APEX\UL2A_AR_FINALIZER_V1_0_0\APEX_WATANYBOT_UL2A_AR_NATIONAL_MANIFEST_FINALIZER_V1_0_0_PACKAGE\village_manifest.csv","a8c810368436869531bd825a16fb42b9c9680e415648decad6d53bfa012e9760","exact-adm3-pcode","accepted","UL2A-AR-NATIONAL-MANIFEST-1.0.2"
"LB-LOC-26297","بخعاز","SRC-NATIONAL-VILLAGE-MANIFEST","26297","C:\APEX\UL2A_AR_FINALIZER_V1_0_0\APEX_WATANYBOT_UL2A_AR_NATIONAL_MANIFEST_FINALIZER_V1_0_0_PACKAGE\village_manifest.csv","a8c810368436869531bd825a16fb42b9c9680e415648decad6d53bfa012e9760","exact-adm3-pcode","accepted","UL2A-AR-NATIONAL-MANIFEST-1.0.2"
"LB-LOC-26298","فغال","SRC-NATIONAL-VILLAGE-MANIFEST","26298","C:\APEX\UL2A_AR_FINALIZER_V1_0_0\APEX_WATANYBOT_UL2A_AR_NATIONAL_MANIFEST_FINALIZER_V1_0_0_PACKAGE\village_manifest.csv","a8c810368436869531bd825a16fb42b9c9680e415648decad6d53bfa012e9760","exact-adm3-pcode","accepted","UL2A-AR-NATIONAL-MANIFEST-1.0.2"
"LB-LOC-26299","بزيون","SRC-NATIONAL-VILLAGE-MANIFEST","26299","C:\APEX\UL2A_AR_FINALIZER_V1_0_0\APEX_WATANYBOT_UL2A_AR_NATIONAL_MANIFEST_FINALIZER_V1_0_0_PACKAGE\village_manifest.csv","a8c810368436869531bd825a16fb42b9c9680e415648decad6d53bfa012e9760","exact-adm3-pcode","accepted","UL2A-AR-NATIONAL-MANIFEST-1.0.2"
"LB-LOC-26311","قرطبا","SRC-NATIONAL-VILLAGE-MANIFEST","26311","C:\APEX\UL2A_AR_FINALIZER_V1_0_0\APEX_WATANYBOT_UL2A_AR_NATIONAL_MANIFEST_FINALIZER_V1_0_0_PACKAGE\village_manifest.csv","a8c810368436869531bd825a16fb42b9c9680e415648decad6d53bfa012e9760","exact-adm3-pcode","accepted","UL2A-AR-NATIONAL-MANIFEST-1.0.2"
"LB-LOC-26314","دير مار سركيس","SRC-NATIONAL-VILLAGE-MANIFEST","26314","C:\APEX\UL2A_AR_FINALIZER_V1_0_0\APEX_WATANYBOT_UL2A_AR_NATIONAL_MANIFEST_FINALIZER_V1_0_0_PACKAGE\village_manifest.csv","a8c810368436869531bd825a16fb42b9c9680e415648decad6d53bfa012e9760","exact-adm3-pcode","accepted","UL2A-AR-NATIONAL-MANIFEST-1.0.2"
"LB-LOC-26317","عين الغويبة","SRC-NATIONAL-VILLAGE-MANIFEST","26317","C:\APEX\UL2A_AR_FINALIZER_V1_0_0\APEX_WATANYBOT_UL2A_AR_NATIONAL_MANIFEST_FINALIZER_V1_0_0_PACKAGE\village_manifest.csv","a8c810368436869531bd825a16fb42b9c9680e415648decad6d53bfa012e9760","exact-adm3-pcode","accepted","UL2A-AR-NATIONAL-MANIFEST-1.0.2"
"LB-LOC-26321","مزرعة السياد","SRC-NATIONAL-VILLAGE-MANIFEST","26321","C:\APEX\UL2A_AR_FINALIZER_V1_0_0\APEX_WATANYBOT_UL2A_AR_NATIONAL_MANIFEST_FINALIZER_V1_0_0_PACKAGE\village_manifest.csv","a8c810368436869531bd825a16fb42b9c9680e415648decad6d53bfa012e9760","exact-adm3-pcode","accepted","UL2A-AR-NATIONAL-MANIFEST-1.0.2"
"LB-LOC-26324","هدينة","SRC-NATIONAL-VILLAGE-MANIFEST","26324","C:\APEX\UL2A_AR_FINALIZER_V1_0_0\APEX_WATANYBOT_UL2A_AR_NATIONAL_MANIFEST_FINALIZER_V1_0_0_PACKAGE\village_manifest.csv","a8c810368436869531bd825a16fb42b9c9680e415648decad6d53bfa012e9760","exact-adm3-pcode","accepted","UL2A-AR-NATIONAL-MANIFEST-1.0.2"
"LB-LOC-26327","جنة","SRC-NATIONAL-VILLAGE-MANIFEST","26327","C:\APEX\UL2A_AR_FINALIZER_V1_0_0\APEX_WATANYBOT_UL2A_AR_NATIONAL_MANIFEST_FINALIZER_V1_0_0_PACKAGE\village_manifest.csv","a8c810368436869531bd825a16fb42b9c9680e415648decad6d53bfa012e9760","exact-adm3-pcode","accepted","UL2A-AR-NATIONAL-MANIFEST-1.0.2"
"LB-LOC-26331","لاسا","SRC-NATIONAL-VILLAGE-MANIFEST","26331","C:\APEX\UL2A_AR_FINALIZER_V1_0_0\APEX_WATANYBOT_UL2A_AR_NATIONAL_MANIFEST_FINALIZER_V1_0_0_PACKAGE\village_manifest.csv","a8c810368436869531bd825a16fb42b9c9680e415648decad6d53bfa012e9760","exact-adm3-pcode","accepted","UL2A-AR-NATIONAL-MANIFEST-1.0.2"
"LB-LOC-26334","سرعيتا","SRC-NATIONAL-VILLAGE-MANIFEST","26334","C:\APEX\UL2A_AR_FINALIZER_V1_0_0\APEX_WATANYBOT_UL2A_AR_NATIONAL_MANIFEST_FINALIZER_V1_0_0_PACKAGE\village_manifest.csv","a8c810368436869531bd825a16fb42b9c9680e415648decad6d53bfa012e9760","exact-adm3-pcode","accepted","UL2A-AR-NATIONAL-MANIFEST-1.0.2"
"LB-LOC-26337","غابات","SRC-NATIONAL-VILLAGE-MANIFEST","26337","C:\APEX\UL2A_AR_FINALIZER_V1_0_0\APEX_WATANYBOT_UL2A_AR_NATIONAL_MANIFEST_FINALIZER_V1_0_0_PACKAGE\village_manifest.csv","a8c810368436869531bd825a16fb42b9c9680e415648decad6d53bfa012e9760","exact-adm3-pcode","accepted","UL2A-AR-NATIONAL-MANIFEST-1.0.2"
"LB-LOC-26341","مغيره","SRC-NATIONAL-VILLAGE-MANIFEST","26341","C:\APEX\UL2A_AR_FINALIZER_V1_0_0\APEX_WATANYBOT_UL2A_AR_NATIONAL_MANIFEST_FINALIZER_V1_0_0_PACKAGE\village_manifest.csv","a8c810368436869531bd825a16fb42b9c9680e415648decad6d53bfa012e9760","exact-adm3-pcode","accepted","UL2A-AR-NATIONAL-MANIFEST-1.0.2"
"LB-LOC-26344","تدمر","SRC-NATIONAL-VILLAGE-MANIFEST","26344","C:\APEX\UL2A_AR_FINALIZER_V1_0_0\APEX_WATANYBOT_UL2A_AR_NATIONAL_MANIFEST_FINALIZER_V1_0_0_PACKAGE\village_manifest.csv","a8c810368436869531bd825a16fb42b9c9680e415648decad6d53bfa012e9760","exact-adm3-pcode","accepted","UL2A-AR-NATIONAL-MANIFEST-1.0.2"
"LB-LOC-26347","يانوح","SRC-NATIONAL-VILLAGE-MANIFEST","26347","C:\APEX\UL2A_AR_FINALIZER_V1_0_0\APEX_WATANYBOT_UL2A_AR_NATIONAL_MANIFEST_FINALIZER_V1_0_0_PACKAGE\village_manifest.csv","a8c810368436869531bd825a16fb42b9c9680e415648decad6d53bfa012e9760","exact-adm3-pcode","accepted","UL2A-AR-NATIONAL-MANIFEST-1.0.2"
"LB-LOC-26351","قرقريا","SRC-NATIONAL-VILLAGE-MANIFEST","26351","C:\APEX\UL2A_AR_FINALIZER_V1_0_0\APEX_WATANYBOT_UL2A_AR_NATIONAL_MANIFEST_FINALIZER_V1_0_0_PACKAGE\village_manifest.csv","a8c810368436869531bd825a16fb42b9c9680e415648decad6d53bfa012e9760","exact-adm3-pcode","accepted","UL2A-AR-NATIONAL-MANIFEST-1.0.2"
"LB-LOC-26354","بلحص","SRC-NATIONAL-VILLAGE-MANIFEST","26354","C:\APEX\UL2A_AR_FINALIZER_V1_0_0\APEX_WATANYBOT_UL2A_AR_NATIONAL_MANIFEST_FINALIZER_V1_0_0_PACKAGE\village_manifest.csv","a8c810368436869531bd825a16fb42b9c9680e415648decad6d53bfa012e9760","exact-adm3-pcode","accepted","UL2A-AR-NATIONAL-MANIFEST-1.0.2"
"LB-LOC-26357","المجدل","SRC-NATIONAL-VILLAGE-MANIFEST","26357","C:\APEX\UL2A_AR_FINALIZER_V1_0_0\APEX_WATANYBOT_UL2A_AR_NATIONAL_MANIFEST_FINALIZER_V1_0_0_PACKAGE\village_manifest.csv","a8c810368436869531bd825a16fb42b9c9680e415648decad6d53bfa012e9760","exact-adm3-pcode","accepted","UL2A-AR-NATIONAL-MANIFEST-1.0.2"
"LB-LOC-26361","اللقلوق","SRC-NATIONAL-VILLAGE-MANIFEST","26361","C:\APEX\UL2A_AR_FINALIZER_V1_0_0\APEX_WATANYBOT_UL2A_AR_NATIONAL_MANIFEST_FINALIZER_V1_0_0_PACKAGE\village_manifest.csv","a8c810368436869531bd825a16fb42b9c9680e415648decad6d53bfa012e9760","exact-adm3-pcode","accepted","UL2A-AR-NATIONAL-MANIFEST-1.0.2"
"LB-LOC-26364","افقا","SRC-NATIONAL-VILLAGE-MANIFEST","26364","C:\APEX\UL2A_AR_FINALIZER_V1_0_0\APEX_WATANYBOT_UL2A_AR_NATIONAL_MANIFEST_FINALIZER_V1_0_0_PACKAGE\village_manifest.csv","a8c810368436869531bd825a16fb42b9c9680e415648decad6d53bfa012e9760","exact-adm3-pcode","accepted","UL2A-AR-NATIONAL-MANIFEST-1.0.2"
"LB-LOC-26367","قهمز","SRC-NATIONAL-VILLAGE-MANIFEST","26367","C:\APEX\UL2A_AR_FINALIZER_V1_0_0\APEX_WATANYBOT_UL2A_AR_NATIONAL_MANIFEST_FINALIZER_V1_0_0_PACKAGE\village_manifest.csv","a8c810368436869531bd825a16fb42b9c9680e415648decad6d53bfa012e9760","exact-adm3-pcode","accepted","UL2A-AR-NATIONAL-MANIFEST-1.0.2"
"LB-LOC-26371","عاقورة","SRC-NATIONAL-VILLAGE-MANIFEST","26371","C:\APEX\UL2A_AR_FINALIZER_V1_0_0\APEX_WATANYBOT_UL2A_AR_NATIONAL_MANIFEST_FINALIZER_V1_0_0_PACKAGE\village_manifest.csv","a8c810368436869531bd825a16fb42b9c9680e415648decad6d53bfa012e9760","exact-adm3-pcode","accepted","UL2A-AR-NATIONAL-MANIFEST-1.0.2"
"LB-LOC-26374","عرب اللهيب","SRC-NATIONAL-VILLAGE-MANIFEST","26374","C:\APEX\UL2A_AR_FINALIZER_V1_0_0\APEX_WATANYBOT_UL2A_AR_NATIONAL_MANIFEST_FINALIZER_V1_0_0_PACKAGE\village_manifest.csv","a8c810368436869531bd825a16fb42b9c9680e415648decad6d53bfa012e9760","exact-adm3-pcode","accepted","UL2A-AR-NATIONAL-MANIFEST-1.0.2"
"LB-LOC-26377","سقي رشميا","SRC-NATIONAL-VILLAGE-MANIFEST","26377","C:\APEX\UL2A_AR_FINALIZER_V1_0_0\APEX_WATANYBOT_UL2A_AR_NATIONAL_MANIFEST_FINALIZER_V1_0_0_PACKAGE\village_manifest.csv","a8c810368436869531bd825a16fb42b9c9680e415648decad6d53bfa012e9760","exact-adm3-pcode","accepted","UL2A-AR-NATIONAL-MANIFEST-1.0.2"
"LB-LOC-26381","جاج","SRC-NATIONAL-VILLAGE-MANIFEST","26381","C:\APEX\UL2A_AR_FINALIZER_V1_0_0\APEX_WATANYBOT_UL2A_AR_NATIONAL_MANIFEST_FINALIZER_V1_0_0_PACKAGE\village_manifest.csv","a8c810368436869531bd825a16fb42b9c9680e415648decad6d53bfa012e9760","exact-adm3-pcode","accepted","UL2A-AR-NATIONAL-MANIFEST-1.0.2"
"LB-LOC-26384","ترتج","SRC-NATIONAL-VILLAGE-MANIFEST","26384","C:\APEX\UL2A_AR_FINALIZER_V1_0_0\APEX_WATANYBOT_UL2A_AR_NATIONAL_MANIFEST_FINALIZER_V1_0_0_PACKAGE\village_manifest.csv","a8c810368436869531bd825a16fb42b9c9680e415648decad6d53bfa012e9760","exact-adm3-pcode","accepted","UL2A-AR-NATIONAL-MANIFEST-1.0.2"
"LB-LOC-26388","حمى مار مارون عنَايا","SRC-NATIONAL-VILLAGE-MANIFEST","26388","C:\APEX\UL2A_AR_FINALIZER_V1_0_0\APEX_WATANYBOT_UL2A_AR_NATIONAL_MANIFEST_FINALIZER_V1_0_0_PACKAGE\village_manifest.csv","a8c810368436869531bd825a16fb42b9c9680e415648decad6d53bfa012e9760","exact-adm3-pcode","accepted","UL2A-AR-NATIONAL-MANIFEST-1.0.2"
"LB-LOC-26390","حمى الرهبان","SRC-NATIONAL-VILLAGE-MANIFEST","26390","C:\APEX\UL2A_AR_FINALIZER_V1_0_0\APEX_WATANYBOT_UL2A_AR_NATIONAL_MANIFEST_FINALIZER_V1_0_0_PACKAGE\village_manifest.csv","a8c810368436869531bd825a16fb42b9c9680e415648decad6d53bfa012e9760","exact-adm3-pcode","accepted","UL2A-AR-NATIONAL-MANIFEST-1.0.2"
"LB-LOC-26392","عرستا","SRC-NATIONAL-VILLAGE-MANIFEST","26392","C:\APEX\UL2A_AR_FINALIZER_V1_0_0\APEX_WATANYBOT_UL2A_AR_NATIONAL_MANIFEST_FINALIZER_V1_0_0_PACKAGE\village_manifest.csv","a8c810368436869531bd825a16fb42b9c9680e415648decad6d53bfa012e9760","exact-adm3-pcode","accepted","UL2A-AR-NATIONAL-MANIFEST-1.0.2"
"LB-LOC-31111","طرابلس الزيتون","SRC-NATIONAL-VILLAGE-MANIFEST","31111","C:\APEX\UL2A_AR_FINALIZER_V1_0_0\APEX_WATANYBOT_UL2A_AR_NATIONAL_MANIFEST_FINALIZER_V1_0_0_PACKAGE\village_manifest.csv","a8c810368436869531bd825a16fb42b9c9680e415648decad6d53bfa012e9760","exact-adm3-pcode","accepted","UL2A-AR-NATIONAL-MANIFEST-1.0.2"
"LB-LOC-31116","الحدادين","SRC-NATIONAL-VILLAGE-MANIFEST","31116","C:\APEX\UL2A_AR_FINALIZER_V1_0_0\APEX_WATANYBOT_UL2A_AR_NATIONAL_MANIFEST_FINALIZER_V1_0_0_PACKAGE\village_manifest.csv","a8c810368436869531bd825a16fb42b9c9680e415648decad6d53bfa012e9760","exact-adm3-pcode","accepted","UL2A-AR-NATIONAL-MANIFEST-1.0.2"
"LB-LOC-31121","التل","SRC-NATIONAL-VILLAGE-MANIFEST","31121","C:\APEX\UL2A_AR_FINALIZER_V1_0_0\APEX_WATANYBOT_UL2A_AR_NATIONAL_MANIFEST_FINALIZER_V1_0_0_PACKAGE\village_manifest.csv","a8c810368436869531bd825a16fb42b9c9680e415648decad6d53bfa012e9760","exact-adm3-pcode","accepted","UL2A-AR-NATIONAL-MANIFEST-1.0.2"
"LB-LOC-31126","النوري","SRC-NATIONAL-VILLAGE-MANIFEST","31126","C:\APEX\UL2A_AR_FINALIZER_V1_0_0\APEX_WATANYBOT_UL2A_AR_NATIONAL_MANIFEST_FINALIZER_V1_0_0_PACKAGE\village_manifest.csv","a8c810368436869531bd825a16fb42b9c9680e415648decad6d53bfa012e9760","exact-adm3-pcode","accepted","UL2A-AR-NATIONAL-MANIFEST-1.0.2"
"LB-LOC-31131","المهاترة","SRC-NATIONAL-VILLAGE-MANIFEST","31131","C:\APEX\UL2A_AR_FINALIZER_V1_0_0\APEX_WATANYBOT_UL2A_AR_NATIONAL_MANIFEST_FINALIZER_V1_0_0_PACKAGE\village_manifest.csv","a8c810368436869531bd825a16fb42b9c9680e415648decad6d53bfa012e9760","exact-adm3-pcode","accepted","UL2A-AR-NATIONAL-MANIFEST-1.0.2"
"LB-LOC-31136","الرمانة","SRC-NATIONAL-VILLAGE-MANIFEST","31136","C:\APEX\UL2A_AR_FINALIZER_V1_0_0\APEX_WATANYBOT_UL2A_AR_NATIONAL_MANIFEST_FINALIZER_V1_0_0_PACKAGE\village_manifest.csv","a8c810368436869531bd825a16fb42b9c9680e415648decad6d53bfa012e9760","exact-adm3-pcode","accepted","UL2A-AR-NATIONAL-MANIFEST-1.0.2"
"LB-LOC-31141","السويقة","SRC-NATIONAL-VILLAGE-MANIFEST","31141","C:\APEX\UL2A_AR_FINALIZER_V1_0_0\APEX_WATANYBOT_UL2A_AR_NATIONAL_MANIFEST_FINALIZER_V1_0_0_PACKAGE\village_manifest.csv","a8c810368436869531bd825a16fb42b9c9680e415648decad6d53bfa012e9760","exact-adm3-pcode","accepted","UL2A-AR-NATIONAL-MANIFEST-1.0.2"
"LB-LOC-31146","الحديد","SRC-NATIONAL-VILLAGE-MANIFEST","31146","C:\APEX\UL2A_AR_FINALIZER_V1_0_0\APEX_WATANYBOT_UL2A_AR_NATIONAL_MANIFEST_FINALIZER_V1_0_0_PACKAGE\village_manifest.csv","a8c810368436869531bd825a16fb42b9c9680e415648decad6d53bfa012e9760","exact-adm3-pcode","accepted","UL2A-AR-NATIONAL-MANIFEST-1.0.2"
"LB-LOC-31151","القبة","SRC-NATIONAL-VILLAGE-MANIFEST","31151","C:\APEX\UL2A_AR_FINALIZER_V1_0_0\APEX_WATANYBOT_UL2A_AR_NATIONAL_MANIFEST_FINALIZER_V1_0_0_PACKAGE\village_manifest.csv","a8c810368436869531bd825a16fb42b9c9680e415648decad6d53bfa012e9760","exact-adm3-pcode","accepted","UL2A-AR-NATIONAL-MANIFEST-1.0.2"
"LB-LOC-31156","الزاهرية","SRC-NATIONAL-VILLAGE-MANIFEST","31156","C:\APEX\UL2A_AR_FINALIZER_V1_0_0\APEX_WATANYBOT_UL2A_AR_NATIONAL_MANIFEST_FINALIZER_V1_0_0_PACKAGE\village_manifest.csv","a8c810368436869531bd825a16fb42b9c9680e415648decad6d53bfa012e9760","exact-adm3-pcode","accepted","UL2A-AR-NATIONAL-MANIFEST-1.0.2"
"LB-LOC-31161","التبانة","SRC-NATIONAL-VILLAGE-MANIFEST","31161","C:\APEX\UL2A_AR_FINALIZER_V1_0_0\APEX_WATANYBOT_UL2A_AR_NATIONAL_MANIFEST_FINALIZER_V1_0_0_PACKAGE\village_manifest.csv","a8c810368436869531bd825a16fb42b9c9680e415648decad6d53bfa012e9760","exact-adm3-pcode","accepted","UL2A-AR-NATIONAL-MANIFEST-1.0.2"
"LB-LOC-31166","بساتين طرابلس","SRC-NATIONAL-VILLAGE-MANIFEST","31166","C:\APEX\UL2A_AR_FINALIZER_V1_0_0\APEX_WATANYBOT_UL2A_AR_NATIONAL_MANIFEST_FINALIZER_V1_0_0_PACKAGE\village_manifest.csv","a8c810368436869531bd825a16fb42b9c9680e415648decad6d53bfa012e9760","exact-adm3-pcode","accepted","UL2A-AR-NATIONAL-MANIFEST-1.0.2"
"LB-LOC-31171","مينا طرابلس 1","SRC-NATIONAL-VILLAGE-MANIFEST","31171","C:\APEX\UL2A_AR_FINALIZER_V1_0_0\APEX_WATANYBOT_UL2A_AR_NATIONAL_MANIFEST_FINALIZER_V1_0_0_PACKAGE\village_manifest.csv","a8c810368436869531bd825a16fb42b9c9680e415648decad6d53bfa012e9760","exact-adm3-pcode","accepted","UL2A-AR-NATIONAL-MANIFEST-1.0.2"
"LB-LOC-31176","مينا طرابلس 2","SRC-NATIONAL-VILLAGE-MANIFEST","31176","C:\APEX\UL2A_AR_FINALIZER_V1_0_0\APEX_WATANYBOT_UL2A_AR_NATIONAL_MANIFEST_FINALIZER_V1_0_0_PACKAGE\village_manifest.csv","a8c810368436869531bd825a16fb42b9c9680e415648decad6d53bfa012e9760","exact-adm3-pcode","accepted","UL2A-AR-NATIONAL-MANIFEST-1.0.2"
"LB-LOC-31181","المينا","SRC-NATIONAL-VILLAGE-MANIFEST","31181","C:\APEX\UL2A_AR_FINALIZER_V1_0_0\APEX_WATANYBOT_UL2A_AR_NATIONAL_MANIFEST_FINALIZER_V1_0_0_PACKAGE\village_manifest.csv","a8c810368436869531bd825a16fb42b9c9680e415648decad6d53bfa012e9760","exact-adm3-pcode","accepted","UL2A-AR-NATIONAL-MANIFEST-1.0.2"
"LB-LOC-31186","بساتين المينا","SRC-NATIONAL-VILLAGE-MANIFEST","31186","C:\APEX\UL2A_AR_FINALIZER_V1_0_0\APEX_WATANYBOT_UL2A_AR_NATIONAL_MANIFEST_FINALIZER_V1_0_0_PACKAGE\village_manifest.csv","a8c810368436869531bd825a16fb42b9c9680e415648decad6d53bfa012e9760","exact-adm3-pcode","accepted","UL2A-AR-NATIONAL-MANIFEST-1.0.2"
"LB-LOC-31221","القلمون","SRC-NATIONAL-VILLAGE-MANIFEST","31221","C:\APEX\UL2A_AR_FINALIZER_V1_0_0\APEX_WATANYBOT_UL2A_AR_NATIONAL_MANIFEST_FINALIZER_V1_0_0_PACKAGE\village_manifest.csv","a8c810368436869531bd825a16fb42b9c9680e415648decad6d53bfa012e9760","exact-adm3-pcode","accepted","UL2A-AR-NATIONAL-MANIFEST-1.0.2"
"LB-LOC-32111","اميون","SRC-NATIONAL-VILLAGE-MANIFEST","32111","C:\APEX\UL2A_AR_FINALIZER_V1_0_0\APEX_WATANYBOT_UL2A_AR_NATIONAL_MANIFEST_FINALIZER_V1_0_0_PACKAGE\village_manifest.csv","a8c810368436869531bd825a16fb42b9c9680e415648decad6d53bfa012e9760","exact-adm3-pcode","accepted","UL2A-AR-NATIONAL-MANIFEST-1.0.2"
"LB-LOC-32113","كفر عقا","SRC-NATIONAL-VILLAGE-MANIFEST","32113","C:\APEX\UL2A_AR_FINALIZER_V1_0_0\APEX_WATANYBOT_UL2A_AR_NATIONAL_MANIFEST_FINALIZER_V1_0_0_PACKAGE\village_manifest.csv","a8c810368436869531bd825a16fb42b9c9680e415648decad6d53bfa012e9760","exact-adm3-pcode","accepted","UL2A-AR-NATIONAL-MANIFEST-1.0.2"
"LB-LOC-32115","كفرصارون","SRC-NATIONAL-VILLAGE-MANIFEST","32115","C:\APEX\UL2A_AR_FINALIZER_V1_0_0\APEX_WATANYBOT_UL2A_AR_NATIONAL_MANIFEST_FINALIZER_V1_0_0_PACKAGE\village_manifest.csv","a8c810368436869531bd825a16fb42b9c9680e415648decad6d53bfa012e9760","exact-adm3-pcode","accepted","UL2A-AR-NATIONAL-MANIFEST-1.0.2"
"LB-LOC-32117","بشمزين","SRC-NATIONAL-VILLAGE-MANIFEST","32117","C:\APEX\UL2A_AR_FINALIZER_V1_0_0\APEX_WATANYBOT_UL2A_AR_NATIONAL_MANIFEST_FINALIZER_V1_0_0_PACKAGE\village_manifest.csv","a8c810368436869531bd825a16fb42b9c9680e415648decad6d53bfa012e9760","exact-adm3-pcode","accepted","UL2A-AR-NATIONAL-MANIFEST-1.0.2"
"LB-LOC-32119","بطرام","SRC-NATIONAL-VILLAGE-MANIFEST","32119","C:\APEX\UL2A_AR_FINALIZER_V1_0_0\APEX_WATANYBOT_UL2A_AR_NATIONAL_MANIFEST_FINALIZER_V1_0_0_PACKAGE\village_manifest.csv","a8c810368436869531bd825a16fb42b9c9680e415648decad6d53bfa012e9760","exact-adm3-pcode","accepted","UL2A-AR-NATIONAL-MANIFEST-1.0.2"
"LB-LOC-32121","بزيزا","SRC-NATIONAL-VILLAGE-MANIFEST","32121","C:\APEX\UL2A_AR_FINALIZER_V1_0_0\APEX_WATANYBOT_UL2A_AR_NATIONAL_MANIFEST_FINALIZER_V1_0_0_PACKAGE\village_manifest.csv","a8c810368436869531bd825a16fb42b9c9680e415648decad6d53bfa012e9760","exact-adm3-pcode","accepted","UL2A-AR-NATIONAL-MANIFEST-1.0.2"
"LB-LOC-32123","كفرحزير","SRC-NATIONAL-VILLAGE-MANIFEST","32123","C:\APEX\UL2A_AR_FINALIZER_V1_0_0\APEX_WATANYBOT_UL2A_AR_NATIONAL_MANIFEST_FINALIZER_V1_0_0_PACKAGE\village_manifest.csv","a8c810368436869531bd825a16fb42b9c9680e415648decad6d53bfa012e9760","exact-adm3-pcode","accepted","UL2A-AR-NATIONAL-MANIFEST-1.0.2"
"LB-LOC-32125","بصرما","SRC-NATIONAL-VILLAGE-MANIFEST","32125","C:\APEX\UL2A_AR_FINALIZER_V1_0_0\APEX_WATANYBOT_UL2A_AR_NATIONAL_MANIFEST_FINALIZER_V1_0_0_PACKAGE\village_manifest.csv","a8c810368436869531bd825a16fb42b9c9680e415648decad6d53bfa012e9760","exact-adm3-pcode","accepted","UL2A-AR-NATIONAL-MANIFEST-1.0.2"
"LB-LOC-32127","عفصديق","SRC-NATIONAL-VILLAGE-MANIFEST","32127","C:\APEX\UL2A_AR_FINALIZER_V1_0_0\APEX_WATANYBOT_UL2A_AR_NATIONAL_MANIFEST_FINALIZER_V1_0_0_PACKAGE\village_manifest.csv","a8c810368436869531bd825a16fb42b9c9680e415648decad6d53bfa012e9760","exact-adm3-pcode","accepted","UL2A-AR-NATIONAL-MANIFEST-1.0.2"
"LB-LOC-32129","دار شمزين","SRC-NATIONAL-VILLAGE-MANIFEST","32129","C:\APEX\UL2A_AR_FINALIZER_V1_0_0\APEX_WATANYBOT_UL2A_AR_NATIONAL_MANIFEST_FINALIZER_V1_0_0_PACKAGE\village_manifest.csv","a8c810368436869531bd825a16fb42b9c9680e415648decad6d53bfa012e9760","exact-adm3-pcode","accepted","UL2A-AR-NATIONAL-MANIFEST-1.0.2"
"LB-LOC-32131","دار بعشتار","SRC-NATIONAL-VILLAGE-MANIFEST","32131","C:\APEX\UL2A_AR_FINALIZER_V1_0_0\APEX_WATANYBOT_UL2A_AR_NATIONAL_MANIFEST_FINALIZER_V1_0_0_PACKAGE\village_manifest.csv","a8c810368436869531bd825a16fb42b9c9680e415648decad6d53bfa012e9760","exact-adm3-pcode","accepted","UL2A-AR-NATIONAL-MANIFEST-1.0.2"
"LB-LOC-32133","بحبوش","SRC-NATIONAL-VILLAGE-MANIFEST","32133","C:\APEX\UL2A_AR_FINALIZER_V1_0_0\APEX_WATANYBOT_UL2A_AR_NATIONAL_MANIFEST_FINALIZER_V1_0_0_PACKAGE\village_manifest.csv","a8c810368436869531bd825a16fb42b9c9680e415648decad6d53bfa012e9760","exact-adm3-pcode","accepted","UL2A-AR-NATIONAL-MANIFEST-1.0.2"
"LB-LOC-32135","عين عكرين","SRC-NATIONAL-VILLAGE-MANIFEST","32135","C:\APEX\UL2A_AR_FINALIZER_V1_0_0\APEX_WATANYBOT_UL2A_AR_NATIONAL_MANIFEST_FINALIZER_V1_0_0_PACKAGE\village_manifest.csv","a8c810368436869531bd825a16fb42b9c9680e415648decad6d53bfa012e9760","exact-adm3-pcode","accepted","UL2A-AR-NATIONAL-MANIFEST-1.0.2"
"LB-LOC-32137","كوسبا","SRC-NATIONAL-VILLAGE-MANIFEST","32137","C:\APEX\UL2A_AR_FINALIZER_V1_0_0\APEX_WATANYBOT_UL2A_AR_NATIONAL_MANIFEST_FINALIZER_V1_0_0_PACKAGE\village_manifest.csv","a8c810368436869531bd825a16fb42b9c9680e415648decad6d53bfa012e9760","exact-adm3-pcode","accepted","UL2A-AR-NATIONAL-MANIFEST-1.0.2"
"LB-LOC-32139","رشدبين","SRC-NATIONAL-VILLAGE-MANIFEST","32139","C:\APEX\UL2A_AR_FINALIZER_V1_0_0\APEX_WATANYBOT_UL2A_AR_NATIONAL_MANIFEST_FINALIZER_V1_0_0_PACKAGE\village_manifest.csv","a8c810368436869531bd825a16fb42b9c9680e415648decad6d53bfa012e9760","exact-adm3-pcode","accepted","UL2A-AR-NATIONAL-MANIFEST-1.0.2"
"LB-LOC-32141","بنهران","SRC-NATIONAL-VILLAGE-MANIFEST","32141","C:\APEX\UL2A_AR_FINALIZER_V1_0_0\APEX_WATANYBOT_UL2A_AR_NATIONAL_MANIFEST_FINALIZER_V1_0_0_PACKAGE\village_manifest.csv","a8c810368436869531bd825a16fb42b9c9680e415648decad6d53bfa012e9760","exact-adm3-pcode","accepted","UL2A-AR-NATIONAL-MANIFEST-1.0.2"
"LB-LOC-32143","عبا الكورة","SRC-NATIONAL-VILLAGE-MANIFEST","32143","C:\APEX\UL2A_AR_FINALIZER_V1_0_0\APEX_WATANYBOT_UL2A_AR_NATIONAL_MANIFEST_FINALIZER_V1_0_0_PACKAGE\village_manifest.csv","a8c810368436869531bd825a16fb42b9c9680e415648decad6d53bfa012e9760","exact-adm3-pcode","accepted","UL2A-AR-NATIONAL-MANIFEST-1.0.2"
"LB-LOC-32145","بدبا","SRC-NATIONAL-VILLAGE-MANIFEST","32145","C:\APEX\UL2A_AR_FINALIZER_V1_0_0\APEX_WATANYBOT_UL2A_AR_NATIONAL_MANIFEST_FINALIZER_V1_0_0_PACKAGE\village_manifest.csv","a8c810368436869531bd825a16fb42b9c9680e415648decad6d53bfa012e9760","exact-adm3-pcode","accepted","UL2A-AR-NATIONAL-MANIFEST-1.0.2"
"LB-LOC-32147","فيع","SRC-NATIONAL-VILLAGE-MANIFEST","32147","C:\APEX\UL2A_AR_FINALIZER_V1_0_0\APEX_WATANYBOT_UL2A_AR_NATIONAL_MANIFEST_FINALIZER_V1_0_0_PACKAGE\village_manifest.csv","a8c810368436869531bd825a16fb42b9c9680e415648decad6d53bfa012e9760","exact-adm3-pcode","accepted","UL2A-AR-NATIONAL-MANIFEST-1.0.2"
"LB-LOC-32149","مجدل الكورة","SRC-NATIONAL-VILLAGE-MANIFEST","32149","C:\APEX\UL2A_AR_FINALIZER_V1_0_0\APEX_WATANYBOT_UL2A_AR_NATIONAL_MANIFEST_FINALIZER_V1_0_0_PACKAGE\village_manifest.csv","a8c810368436869531bd825a16fb42b9c9680e415648decad6d53bfa012e9760","exact-adm3-pcode","accepted","UL2A-AR-NATIONAL-MANIFEST-1.0.2"
"LB-LOC-32151","كفتون","SRC-NATIONAL-VILLAGE-MANIFEST","32151","C:\APEX\UL2A_AR_FINALIZER_V1_0_0\APEX_WATANYBOT_UL2A_AR_NATIONAL_MANIFEST_FINALIZER_V1_0_0_PACKAGE\village_manifest.csv","a8c810368436869531bd825a16fb42b9c9680e415648decad6d53bfa012e9760","exact-adm3-pcode","accepted","UL2A-AR-NATIONAL-MANIFEST-1.0.2"
"LB-LOC-32153","بتعبورة","SRC-NATIONAL-VILLAGE-MANIFEST","32153","C:\APEX\UL2A_AR_FINALIZER_V1_0_0\APEX_WATANYBOT_UL2A_AR_NATIONAL_MANIFEST_FINALIZER_V1_0_0_PACKAGE\village_manifest.csv","a8c810368436869531bd825a16fb42b9c9680e415648decad6d53bfa012e9760","exact-adm3-pcode","accepted","UL2A-AR-NATIONAL-MANIFEST-1.0.2"
"LB-LOC-32155","كفرحاتا","SRC-NATIONAL-VILLAGE-MANIFEST","32155","C:\APEX\UL2A_AR_FINALIZER_V1_0_0\APEX_WATANYBOT_UL2A_AR_NATIONAL_MANIFEST_FINALIZER_V1_0_0_PACKAGE\village_manifest.csv","a8c810368436869531bd825a16fb42b9c9680e415648decad6d53bfa012e9760","exact-adm3-pcode","accepted","UL2A-AR-NATIONAL-MANIFEST-1.0.2"
"LB-LOC-32157","اجدعبرين","SRC-NATIONAL-VILLAGE-MANIFEST","32157","C:\APEX\UL2A_AR_FINALIZER_V1_0_0\APEX_WATANYBOT_UL2A_AR_NATIONAL_MANIFEST_FINALIZER_V1_0_0_PACKAGE\village_manifest.csv","a8c810368436869531bd825a16fb42b9c9680e415648decad6d53bfa012e9760","exact-adm3-pcode","accepted","UL2A-AR-NATIONAL-MANIFEST-1.0.2"
"LB-LOC-32159","بترومين","SRC-NATIONAL-VILLAGE-MANIFEST","32159","C:\APEX\UL2A_AR_FINALIZER_V1_0_0\APEX_WATANYBOT_UL2A_AR_NATIONAL_MANIFEST_FINALIZER_V1_0_0_PACKAGE\village_manifest.csv","a8c810368436869531bd825a16fb42b9c9680e415648decad6d53bfa012e9760","exact-adm3-pcode","accepted","UL2A-AR-NATIONAL-MANIFEST-1.0.2"
"LB-LOC-32161","بدبهون","SRC-NATIONAL-VILLAGE-MANIFEST","32161","C:\APEX\UL2A_AR_FINALIZER_V1_0_0\APEX_WATANYBOT_UL2A_AR_NATIONAL_MANIFEST_FINALIZER_V1_0_0_PACKAGE\village_manifest.csv","a8c810368436869531bd825a16fb42b9c9680e415648decad6d53bfa012e9760","exact-adm3-pcode","accepted","UL2A-AR-NATIONAL-MANIFEST-1.0.2"
"LB-LOC-32163","برغون","SRC-NATIONAL-VILLAGE-MANIFEST","32163","C:\APEX\UL2A_AR_FINALIZER_V1_0_0\APEX_WATANYBOT_UL2A_AR_NATIONAL_MANIFEST_FINALIZER_V1_0_0_PACKAGE\village_manifest.csv","a8c810368436869531bd825a16fb42b9c9680e415648decad6d53bfa012e9760","exact-adm3-pcode","accepted","UL2A-AR-NATIONAL-MANIFEST-1.0.2"
"LB-LOC-32165","بدنايل الكورة","SRC-NATIONAL-VILLAGE-MANIFEST","32165","C:\APEX\UL2A_AR_FINALIZER_V1_0_0\APEX_WATANYBOT_UL2A_AR_NATIONAL_MANIFEST_FINALIZER_V1_0_0_PACKAGE\village_manifest.csv","a8c810368436869531bd825a16fb42b9c9680e415648decad6d53bfa012e9760","exact-adm3-pcode","accepted","UL2A-AR-NATIONAL-MANIFEST-1.0.2"
"LB-LOC-32167","كفرقاهل","SRC-NATIONAL-VILLAGE-MANIFEST","32167","C:\APEX\UL2A_AR_FINALIZER_V1_0_0\APEX_WATANYBOT_UL2A_AR_NATIONAL_MANIFEST_FINALIZER_V1_0_0_PACKAGE\village_manifest.csv","a8c810368436869531bd825a16fb42b9c9680e415648decad6d53bfa012e9760","exact-adm3-pcode","accepted","UL2A-AR-NATIONAL-MANIFEST-1.0.2"
"LB-LOC-32169","بتوراتيج","SRC-NATIONAL-VILLAGE-MANIFEST","32169","C:\APEX\UL2A_AR_FINALIZER_V1_0_0\APEX_WATANYBOT_UL2A_AR_NATIONAL_MANIFEST_FINALIZER_V1_0_0_PACKAGE\village_manifest.csv","a8c810368436869531bd825a16fb42b9c9680e415648decad6d53bfa012e9760","exact-adm3-pcode","accepted","UL2A-AR-NATIONAL-MANIFEST-1.0.2"
"LB-LOC-32171","قلحات","SRC-NATIONAL-VILLAGE-MANIFEST","32171","C:\APEX\UL2A_AR_FINALIZER_V1_0_0\APEX_WATANYBOT_UL2A_AR_NATIONAL_MANIFEST_FINALIZER_V1_0_0_PACKAGE\village_manifest.csv","a8c810368436869531bd825a16fb42b9c9680e415648decad6d53bfa012e9760","exact-adm3-pcode","accepted","UL2A-AR-NATIONAL-MANIFEST-1.0.2"
"LB-LOC-32173","دير البلمند","SRC-NATIONAL-VILLAGE-MANIFEST","32173","C:\APEX\UL2A_AR_FINALIZER_V1_0_0\APEX_WATANYBOT_UL2A_AR_NATIONAL_MANIFEST_FINALIZER_V1_0_0_PACKAGE\village_manifest.csv","a8c810368436869531bd825a16fb42b9c9680e415648decad6d53bfa012e9760","exact-adm3-pcode","accepted","UL2A-AR-NATIONAL-MANIFEST-1.0.2"
"LB-LOC-32175","زكرون","SRC-NATIONAL-VILLAGE-MANIFEST","32175","C:\APEX\UL2A_AR_FINALIZER_V1_0_0\APEX_WATANYBOT_UL2A_AR_NATIONAL_MANIFEST_FINALIZER_V1_0_0_PACKAGE\village_manifest.csv","a8c810368436869531bd825a16fb42b9c9680e415648decad6d53bfa012e9760","exact-adm3-pcode","accepted","UL2A-AR-NATIONAL-MANIFEST-1.0.2"
"LB-LOC-32177","كفريا الكورة","SRC-NATIONAL-VILLAGE-MANIFEST","32177","C:\APEX\UL2A_AR_FINALIZER_V1_0_0\APEX_WATANYBOT_UL2A_AR_NATIONAL_MANIFEST_FINALIZER_V1_0_0_PACKAGE\village_manifest.csv","a8c810368436869531bd825a16fb42b9c9680e415648decad6d53bfa012e9760","exact-adm3-pcode","accepted","UL2A-AR-NATIONAL-MANIFEST-1.0.2"
"LB-LOC-32179","دده","SRC-NATIONAL-VILLAGE-MANIFEST","32179","C:\APEX\UL2A_AR_FINALIZER_V1_0_0\APEX_WATANYBOT_UL2A_AR_NATIONAL_MANIFEST_FINALIZER_V1_0_0_PACKAGE\village_manifest.csv","a8c810368436869531bd825a16fb42b9c9680e415648decad6d53bfa012e9760","exact-adm3-pcode","accepted","UL2A-AR-NATIONAL-MANIFEST-1.0.2"
"LB-LOC-32181","أنفه","SRC-NATIONAL-VILLAGE-MANIFEST","32181","C:\APEX\UL2A_AR_FINALIZER_V1_0_0\APEX_WATANYBOT_UL2A_AR_NATIONAL_MANIFEST_FINALIZER_V1_0_0_PACKAGE\village_manifest.csv","a8c810368436869531bd825a16fb42b9c9680e415648decad6d53bfa012e9760","exact-adm3-pcode","accepted","UL2A-AR-NATIONAL-MANIFEST-1.0.2"
"LB-LOC-32183","حريشه","SRC-NATIONAL-VILLAGE-MANIFEST","32183","C:\APEX\UL2A_AR_FINALIZER_V1_0_0\APEX_WATANYBOT_UL2A_AR_NATIONAL_MANIFEST_FINALIZER_V1_0_0_PACKAGE\village_manifest.csv","a8c810368436869531bd825a16fb42b9c9680e415648decad6d53bfa012e9760","exact-adm3-pcode","accepted","UL2A-AR-NATIONAL-MANIFEST-1.0.2"
"LB-LOC-32185","راس مسقا الجنوبية","SRC-NATIONAL-VILLAGE-MANIFEST","32185","C:\APEX\UL2A_AR_FINALIZER_V1_0_0\APEX_WATANYBOT_UL2A_AR_NATIONAL_MANIFEST_FINALIZER_V1_0_0_PACKAGE\village_manifest.csv","a8c810368436869531bd825a16fb42b9c9680e415648decad6d53bfa012e9760","exact-adm3-pcode","accepted","UL2A-AR-NATIONAL-MANIFEST-1.0.2"
"LB-LOC-32187","برصا","SRC-NATIONAL-VILLAGE-MANIFEST","32187","C:\APEX\UL2A_AR_FINALIZER_V1_0_0\APEX_WATANYBOT_UL2A_AR_NATIONAL_MANIFEST_FINALIZER_V1_0_0_PACKAGE\village_manifest.csv","a8c810368436869531bd825a16fb42b9c9680e415648decad6d53bfa012e9760","exact-adm3-pcode","accepted","UL2A-AR-NATIONAL-MANIFEST-1.0.2"
"LB-LOC-32189","بكفتين","SRC-NATIONAL-VILLAGE-MANIFEST","32189","C:\APEX\UL2A_AR_FINALIZER_V1_0_0\APEX_WATANYBOT_UL2A_AR_NATIONAL_MANIFEST_FINALIZER_V1_0_0_PACKAGE\village_manifest.csv","a8c810368436869531bd825a16fb42b9c9680e415648decad6d53bfa012e9760","exact-adm3-pcode","accepted","UL2A-AR-NATIONAL-MANIFEST-1.0.2"
"LB-LOC-32191","نخلة","SRC-NATIONAL-VILLAGE-MANIFEST","32191","C:\APEX\UL2A_AR_FINALIZER_V1_0_0\APEX_WATANYBOT_UL2A_AR_NATIONAL_MANIFEST_FINALIZER_V1_0_0_PACKAGE\village_manifest.csv","a8c810368436869531bd825a16fb42b9c9680e415648decad6d53bfa012e9760","exact-adm3-pcode","accepted","UL2A-AR-NATIONAL-MANIFEST-1.0.2"
"LB-LOC-32193","البقيعة","SRC-NATIONAL-VILLAGE-MANIFEST","32193","C:\APEX\UL2A_AR_FINALIZER_V1_0_0\APEX_WATANYBOT_UL2A_AR_NATIONAL_MANIFEST_FINALIZER_V1_0_0_PACKAGE\village_manifest.csv","a8c810368436869531bd825a16fb42b9c9680e415648decad6d53bfa012e9760","exact-adm3-pcode","accepted","UL2A-AR-NATIONAL-MANIFEST-1.0.2"
"LB-LOC-32195","زغرتا المتاولة","SRC-NATIONAL-VILLAGE-MANIFEST","32195","C:\APEX\UL2A_AR_FINALIZER_V1_0_0\APEX_WATANYBOT_UL2A_AR_NATIONAL_MANIFEST_FINALIZER_V1_0_0_PACKAGE\village_manifest.csv","a8c810368436869531bd825a16fb42b9c9680e415648decad6d53bfa012e9760","exact-adm3-pcode","accepted","UL2A-AR-NATIONAL-MANIFEST-1.0.2"
"LB-LOC-33111","زغرتا","SRC-NATIONAL-VILLAGE-MANIFEST","33111","C:\APEX\UL2A_AR_FINALIZER_V1_0_0\APEX_WATANYBOT_UL2A_AR_NATIONAL_MANIFEST_FINALIZER_V1_0_0_PACKAGE\village_manifest.csv","a8c810368436869531bd825a16fb42b9c9680e415648decad6d53bfa012e9760","exact-adm3-pcode","accepted","UL2A-AR-NATIONAL-MANIFEST-1.0.2"
"LB-LOC-33113","عردات","SRC-NATIONAL-VILLAGE-MANIFEST","33113","C:\APEX\UL2A_AR_FINALIZER_V1_0_0\APEX_WATANYBOT_UL2A_AR_NATIONAL_MANIFEST_FINALIZER_V1_0_0_PACKAGE\village_manifest.csv","a8c810368436869531bd825a16fb42b9c9680e415648decad6d53bfa012e9760","exact-adm3-pcode","accepted","UL2A-AR-NATIONAL-MANIFEST-1.0.2"
"LB-LOC-33115","كفردلاقوس","SRC-NATIONAL-VILLAGE-MANIFEST","33115","C:\APEX\UL2A_AR_FINALIZER_V1_0_0\APEX_WATANYBOT_UL2A_AR_NATIONAL_MANIFEST_FINALIZER_V1_0_0_PACKAGE\village_manifest.csv","a8c810368436869531bd825a16fb42b9c9680e415648decad6d53bfa012e9760","exact-adm3-pcode","accepted","UL2A-AR-NATIONAL-MANIFEST-1.0.2"
"LB-LOC-33117","رشعين","SRC-NATIONAL-VILLAGE-MANIFEST","33117","C:\APEX\UL2A_AR_FINALIZER_V1_0_0\APEX_WATANYBOT_UL2A_AR_NATIONAL_MANIFEST_FINALIZER_V1_0_0_PACKAGE\village_manifest.csv","a8c810368436869531bd825a16fb42b9c9680e415648decad6d53bfa012e9760","exact-adm3-pcode","accepted","UL2A-AR-NATIONAL-MANIFEST-1.0.2"
"LB-LOC-33119","قره باش","SRC-NATIONAL-VILLAGE-MANIFEST","33119","C:\APEX\UL2A_AR_FINALIZER_V1_0_0\APEX_WATANYBOT_UL2A_AR_NATIONAL_MANIFEST_FINALIZER_V1_0_0_PACKAGE\village_manifest.csv","a8c810368436869531bd825a16fb42b9c9680e415648decad6d53bfa012e9760","exact-adm3-pcode","accepted","UL2A-AR-NATIONAL-MANIFEST-1.0.2"
"LB-LOC-33121","كفر حاتا","SRC-NATIONAL-VILLAGE-MANIFEST","33121","C:\APEX\UL2A_AR_FINALIZER_V1_0_0\APEX_WATANYBOT_UL2A_AR_NATIONAL_MANIFEST_FINALIZER_V1_0_0_PACKAGE\village_manifest.csv","a8c810368436869531bd825a16fb42b9c9680e415648decad6d53bfa012e9760","exact-adm3-pcode","accepted","UL2A-AR-NATIONAL-MANIFEST-1.0.2"
"LB-LOC-33123","أرده","SRC-NATIONAL-VILLAGE-MANIFEST","33123","C:\APEX\UL2A_AR_FINALIZER_V1_0_0\APEX_WATANYBOT_UL2A_AR_NATIONAL_MANIFEST_FINALIZER_V1_0_0_PACKAGE\village_manifest.csv","a8c810368436869531bd825a16fb42b9c9680e415648decad6d53bfa012e9760","exact-adm3-pcode","accepted","UL2A-AR-NATIONAL-MANIFEST-1.0.2"
"LB-LOC-33125","اصنون","SRC-NATIONAL-VILLAGE-MANIFEST","33125","C:\APEX\UL2A_AR_FINALIZER_V1_0_0\APEX_WATANYBOT_UL2A_AR_NATIONAL_MANIFEST_FINALIZER_V1_0_0_PACKAGE\village_manifest.csv","a8c810368436869531bd825a16fb42b9c9680e415648decad6d53bfa012e9760","exact-adm3-pcode","accepted","UL2A-AR-NATIONAL-MANIFEST-1.0.2"
"LB-LOC-33127","مزرعة إجبع","SRC-NATIONAL-VILLAGE-MANIFEST","33127","C:\APEX\UL2A_AR_FINALIZER_V1_0_0\APEX_WATANYBOT_UL2A_AR_NATIONAL_MANIFEST_FINALIZER_V1_0_0_PACKAGE\village_manifest.csv","a8c810368436869531bd825a16fb42b9c9680e415648decad6d53bfa012e9760","exact-adm3-pcode","accepted","UL2A-AR-NATIONAL-MANIFEST-1.0.2"
"LB-LOC-33129","مجدليا زغرتا","SRC-NATIONAL-VILLAGE-MANIFEST","33129","C:\APEX\UL2A_AR_FINALIZER_V1_0_0\APEX_WATANYBOT_UL2A_AR_NATIONAL_MANIFEST_FINALIZER_V1_0_0_PACKAGE\village_manifest.csv","a8c810368436869531bd825a16fb42b9c9680e415648decad6d53bfa012e9760","exact-adm3-pcode","accepted","UL2A-AR-NATIONAL-MANIFEST-1.0.2"
"LB-LOC-33131","حريق زغرتا","SRC-NATIONAL-VILLAGE-MANIFEST","33131","C:\APEX\UL2A_AR_FINALIZER_V1_0_0\APEX_WATANYBOT_UL2A_AR_NATIONAL_MANIFEST_FINALIZER_V1_0_0_PACKAGE\village_manifest.csv","a8c810368436869531bd825a16fb42b9c9680e415648decad6d53bfa012e9760","exact-adm3-pcode","accepted","UL2A-AR-NATIONAL-MANIFEST-1.0.2"
"LB-LOC-33133","علما","SRC-NATIONAL-VILLAGE-MANIFEST","33133","C:\APEX\UL2A_AR_FINALIZER_V1_0_0\APEX_WATANYBOT_UL2A_AR_NATIONAL_MANIFEST_FINALIZER_V1_0_0_PACKAGE\village_manifest.csv","a8c810368436869531bd825a16fb42b9c9680e415648decad6d53bfa012e9760","exact-adm3-pcode","accepted","UL2A-AR-NATIONAL-MANIFEST-1.0.2"
"LB-LOC-33135","مزرعة جنيد","SRC-NATIONAL-VILLAGE-MANIFEST","33135","C:\APEX\UL2A_AR_FINALIZER_V1_0_0\APEX_WATANYBOT_UL2A_AR_NATIONAL_MANIFEST_FINALIZER_V1_0_0_PACKAGE\village_manifest.csv","a8c810368436869531bd825a16fb42b9c9680e415648decad6d53bfa012e9760","exact-adm3-pcode","accepted","UL2A-AR-NATIONAL-MANIFEST-1.0.2"
"LB-LOC-33137","الجديدة زغرتا","SRC-NATIONAL-VILLAGE-MANIFEST","33137","C:\APEX\UL2A_AR_FINALIZER_V1_0_0\APEX_WATANYBOT_UL2A_AR_NATIONAL_MANIFEST_FINALIZER_V1_0_0_PACKAGE\village_manifest.csv","a8c810368436869531bd825a16fb42b9c9680e415648decad6d53bfa012e9760","exact-adm3-pcode","accepted","UL2A-AR-NATIONAL-MANIFEST-1.0.2"
"LB-LOC-33139","خالدية","SRC-NATIONAL-VILLAGE-MANIFEST","33139","C:\APEX\UL2A_AR_FINALIZER_V1_0_0\APEX_WATANYBOT_UL2A_AR_NATIONAL_MANIFEST_FINALIZER_V1_0_0_PACKAGE\village_manifest.csv","a8c810368436869531bd825a16fb42b9c9680e415648decad6d53bfa012e9760","exact-adm3-pcode","accepted","UL2A-AR-NATIONAL-MANIFEST-1.0.2"
"LB-LOC-33141","إيعال","SRC-NATIONAL-VILLAGE-MANIFEST","33141","C:\APEX\UL2A_AR_FINALIZER_V1_0_0\APEX_WATANYBOT_UL2A_AR_NATIONAL_MANIFEST_FINALIZER_V1_0_0_PACKAGE\village_manifest.csv","a8c810368436869531bd825a16fb42b9c9680e415648decad6d53bfa012e9760","exact-adm3-pcode","accepted","UL2A-AR-NATIONAL-MANIFEST-1.0.2"
"LB-LOC-33143","كفر حورا","SRC-NATIONAL-VILLAGE-MANIFEST","33143","C:\APEX\UL2A_AR_FINALIZER_V1_0_0\APEX_WATANYBOT_UL2A_AR_NATIONAL_MANIFEST_FINALIZER_V1_0_0_PACKAGE\village_manifest.csv","a8c810368436869531bd825a16fb42b9c9680e415648decad6d53bfa012e9760","exact-adm3-pcode","accepted","UL2A-AR-NATIONAL-MANIFEST-1.0.2"
"LB-LOC-33145","كفر زينا","SRC-NATIONAL-VILLAGE-MANIFEST","33145","C:\APEX\UL2A_AR_FINALIZER_V1_0_0\APEX_WATANYBOT_UL2A_AR_NATIONAL_MANIFEST_FINALIZER_V1_0_0_PACKAGE\village_manifest.csv","a8c810368436869531bd825a16fb42b9c9680e415648decad6d53bfa012e9760","exact-adm3-pcode","accepted","UL2A-AR-NATIONAL-MANIFEST-1.0.2"
"LB-LOC-33147","كفر شخنا","SRC-NATIONAL-VILLAGE-MANIFEST","33147","C:\APEX\UL2A_AR_FINALIZER_V1_0_0\APEX_WATANYBOT_UL2A_AR_NATIONAL_MANIFEST_FINALIZER_V1_0_0_PACKAGE\village_manifest.csv","a8c810368436869531bd825a16fb42b9c9680e415648decad6d53bfa012e9760","exact-adm3-pcode","accepted","UL2A-AR-NATIONAL-MANIFEST-1.0.2"
"LB-LOC-33149","بسبعل","SRC-NATIONAL-VILLAGE-MANIFEST","33149","C:\APEX\UL2A_AR_FINALIZER_V1_0_0\APEX_WATANYBOT_UL2A_AR_NATIONAL_MANIFEST_FINALIZER_V1_0_0_PACKAGE\village_manifest.csv","a8c810368436869531bd825a16fb42b9c9680e415648decad6d53bfa012e9760","exact-adm3-pcode","accepted","UL2A-AR-NATIONAL-MANIFEST-1.0.2"
"LB-LOC-33151","صخرة","SRC-NATIONAL-VILLAGE-MANIFEST","33151","C:\APEX\UL2A_AR_FINALIZER_V1_0_0\APEX_WATANYBOT_UL2A_AR_NATIONAL_MANIFEST_FINALIZER_V1_0_0_PACKAGE\village_manifest.csv","a8c810368436869531bd825a16fb42b9c9680e415648decad6d53bfa012e9760","exact-adm3-pcode","accepted","UL2A-AR-NATIONAL-MANIFEST-1.0.2"
"LB-LOC-33152","حواكير","SRC-NATIONAL-VILLAGE-MANIFEST","33152","C:\APEX\UL2A_AR_FINALIZER_V1_0_0\APEX_WATANYBOT_UL2A_AR_NATIONAL_MANIFEST_FINALIZER_V1_0_0_PACKAGE\village_manifest.csv","a8c810368436869531bd825a16fb42b9c9680e415648decad6d53bfa012e9760","exact-adm3-pcode","accepted","UL2A-AR-NATIONAL-MANIFEST-1.0.2"
"LB-LOC-33153","كفر ياشيت","SRC-NATIONAL-VILLAGE-MANIFEST","33153","C:\APEX\UL2A_AR_FINALIZER_V1_0_0\APEX_WATANYBOT_UL2A_AR_NATIONAL_MANIFEST_FINALIZER_V1_0_0_PACKAGE\village_manifest.csv","a8c810368436869531bd825a16fb42b9c9680e415648decad6d53bfa012e9760","exact-adm3-pcode","accepted","UL2A-AR-NATIONAL-MANIFEST-1.0.2"
"LB-LOC-33155","كفرصغاب","SRC-NATIONAL-VILLAGE-MANIFEST","33155","C:\APEX\UL2A_AR_FINALIZER_V1_0_0\APEX_WATANYBOT_UL2A_AR_NATIONAL_MANIFEST_FINALIZER_V1_0_0_PACKAGE\village_manifest.csv","a8c810368436869531bd825a16fb42b9c9680e415648decad6d53bfa012e9760","exact-adm3-pcode","accepted","UL2A-AR-NATIONAL-MANIFEST-1.0.2"
"LB-LOC-33157","بشنين","SRC-NATIONAL-VILLAGE-MANIFEST","33157","C:\APEX\UL2A_AR_FINALIZER_V1_0_0\APEX_WATANYBOT_UL2A_AR_NATIONAL_MANIFEST_FINALIZER_V1_0_0_PACKAGE\village_manifest.csv","a8c810368436869531bd825a16fb42b9c9680e415648decad6d53bfa012e9760","exact-adm3-pcode","accepted","UL2A-AR-NATIONAL-MANIFEST-1.0.2"
"LB-LOC-33159","بنشعي","SRC-NATIONAL-VILLAGE-MANIFEST","33159","C:\APEX\UL2A_AR_FINALIZER_V1_0_0\APEX_WATANYBOT_UL2A_AR_NATIONAL_MANIFEST_FINALIZER_V1_0_0_PACKAGE\village_manifest.csv","a8c810368436869531bd825a16fb42b9c9680e415648decad6d53bfa012e9760","exact-adm3-pcode","accepted","UL2A-AR-NATIONAL-MANIFEST-1.0.2"
"LB-LOC-33161","عرجس","SRC-NATIONAL-VILLAGE-MANIFEST","33161","C:\APEX\UL2A_AR_FINALIZER_V1_0_0\APEX_WATANYBOT_UL2A_AR_NATIONAL_MANIFEST_FINALIZER_V1_0_0_PACKAGE\village_manifest.csv","a8c810368436869531bd825a16fb42b9c9680e415648decad6d53bfa012e9760","exact-adm3-pcode","accepted","UL2A-AR-NATIONAL-MANIFEST-1.0.2"
"LB-LOC-33163","داريا","SRC-NATIONAL-VILLAGE-MANIFEST","33163","C:\APEX\UL2A_AR_FINALIZER_V1_0_0\APEX_WATANYBOT_UL2A_AR_NATIONAL_MANIFEST_FINALIZER_V1_0_0_PACKAGE\village_manifest.csv","a8c810368436869531bd825a16fb42b9c9680e415648decad6d53bfa012e9760","exact-adm3-pcode","accepted","UL2A-AR-NATIONAL-MANIFEST-1.0.2"
"LB-LOC-33165","كفر فو","SRC-NATIONAL-VILLAGE-MANIFEST","33165","C:\APEX\UL2A_AR_FINALIZER_V1_0_0\APEX_WATANYBOT_UL2A_AR_NATIONAL_MANIFEST_FINALIZER_V1_0_0_PACKAGE\village_manifest.csv","a8c810368436869531bd825a16fb42b9c9680e415648decad6d53bfa012e9760","exact-adm3-pcode","accepted","UL2A-AR-NATIONAL-MANIFEST-1.0.2"
"LB-LOC-33167","راس كيفا","SRC-NATIONAL-VILLAGE-MANIFEST","33167","C:\APEX\UL2A_AR_FINALIZER_V1_0_0\APEX_WATANYBOT_UL2A_AR_NATIONAL_MANIFEST_FINALIZER_V1_0_0_PACKAGE\village_manifest.csv","a8c810368436869531bd825a16fb42b9c9680e415648decad6d53bfa012e9760","exact-adm3-pcode","accepted","UL2A-AR-NATIONAL-MANIFEST-1.0.2"
"LB-LOC-33169","كرم سده","SRC-NATIONAL-VILLAGE-MANIFEST","33169","C:\APEX\UL2A_AR_FINALIZER_V1_0_0\APEX_WATANYBOT_UL2A_AR_NATIONAL_MANIFEST_FINALIZER_V1_0_0_PACKAGE\village_manifest.csv","a8c810368436869531bd825a16fb42b9c9680e415648decad6d53bfa012e9760","exact-adm3-pcode","accepted","UL2A-AR-NATIONAL-MANIFEST-1.0.2"
"LB-LOC-33171","تلة زغرتا","SRC-NATIONAL-VILLAGE-MANIFEST","33171","C:\APEX\UL2A_AR_FINALIZER_V1_0_0\APEX_WATANYBOT_UL2A_AR_NATIONAL_MANIFEST_FINALIZER_V1_0_0_PACKAGE\village_manifest.csv","a8c810368436869531bd825a16fb42b9c9680e415648decad6d53bfa012e9760","exact-adm3-pcode","accepted","UL2A-AR-NATIONAL-MANIFEST-1.0.2"
"LB-LOC-33211","اهدن","SRC-NATIONAL-VILLAGE-MANIFEST","33211","C:\APEX\UL2A_AR_FINALIZER_V1_0_0\APEX_WATANYBOT_UL2A_AR_NATIONAL_MANIFEST_FINALIZER_V1_0_0_PACKAGE\village_manifest.csv","a8c810368436869531bd825a16fb42b9c9680e415648decad6d53bfa012e9760","exact-adm3-pcode","accepted","UL2A-AR-NATIONAL-MANIFEST-1.0.2"
"LB-LOC-33215","بسلوقيت","SRC-NATIONAL-VILLAGE-MANIFEST","33215","C:\APEX\UL2A_AR_FINALIZER_V1_0_0\APEX_WATANYBOT_UL2A_AR_NATIONAL_MANIFEST_FINALIZER_V1_0_0_PACKAGE\village_manifest.csv","a8c810368436869531bd825a16fb42b9c9680e415648decad6d53bfa012e9760","exact-adm3-pcode","accepted","UL2A-AR-NATIONAL-MANIFEST-1.0.2"
"LB-LOC-33219","عينطورين","SRC-NATIONAL-VILLAGE-MANIFEST","33219","C:\APEX\UL2A_AR_FINALIZER_V1_0_0\APEX_WATANYBOT_UL2A_AR_NATIONAL_MANIFEST_FINALIZER_V1_0_0_PACKAGE\village_manifest.csv","a8c810368436869531bd825a16fb42b9c9680e415648decad6d53bfa012e9760","exact-adm3-pcode","accepted","UL2A-AR-NATIONAL-MANIFEST-1.0.2"
"LB-LOC-33223","كفر صغاب","SRC-NATIONAL-VILLAGE-MANIFEST","33223","C:\APEX\UL2A_AR_FINALIZER_V1_0_0\APEX_WATANYBOT_UL2A_AR_NATIONAL_MANIFEST_FINALIZER_V1_0_0_PACKAGE\village_manifest.csv","a8c810368436869531bd825a16fb42b9c9680e415648decad6d53bfa012e9760","exact-adm3-pcode","accepted","UL2A-AR-NATIONAL-MANIFEST-1.0.2"
"LB-LOC-33227","عربة قزحيا","SRC-NATIONAL-VILLAGE-MANIFEST","33227","C:\APEX\UL2A_AR_FINALIZER_V1_0_0\APEX_WATANYBOT_UL2A_AR_NATIONAL_MANIFEST_FINALIZER_V1_0_0_PACKAGE\village_manifest.csv","a8c810368436869531bd825a16fb42b9c9680e415648decad6d53bfa012e9760","exact-adm3-pcode","accepted","UL2A-AR-NATIONAL-MANIFEST-1.0.2"
"LB-LOC-33231","تولا زغرتا","SRC-NATIONAL-VILLAGE-MANIFEST","33231","C:\APEX\UL2A_AR_FINALIZER_V1_0_0\APEX_WATANYBOT_UL2A_AR_NATIONAL_MANIFEST_FINALIZER_V1_0_0_PACKAGE\village_manifest.csv","a8c810368436869531bd825a16fb42b9c9680e415648decad6d53bfa012e9760","exact-adm3-pcode","accepted","UL2A-AR-NATIONAL-MANIFEST-1.0.2"
"LB-LOC-33235","مزرعة التفاح","SRC-NATIONAL-VILLAGE-MANIFEST","33235","C:\APEX\UL2A_AR_FINALIZER_V1_0_0\APEX_WATANYBOT_UL2A_AR_NATIONAL_MANIFEST_FINALIZER_V1_0_0_PACKAGE\village_manifest.csv","a8c810368436869531bd825a16fb42b9c9680e415648decad6d53bfa012e9760","exact-adm3-pcode","accepted","UL2A-AR-NATIONAL-MANIFEST-1.0.2"
"LB-LOC-33239","بحيرة تولا","SRC-NATIONAL-VILLAGE-MANIFEST","33239","C:\APEX\UL2A_AR_FINALIZER_V1_0_0\APEX_WATANYBOT_UL2A_AR_NATIONAL_MANIFEST_FINALIZER_V1_0_0_PACKAGE\village_manifest.csv","a8c810368436869531bd825a16fb42b9c9680e415648decad6d53bfa012e9760","exact-adm3-pcode","accepted","UL2A-AR-NATIONAL-MANIFEST-1.0.2"
"LB-LOC-33243","أيطو","SRC-NATIONAL-VILLAGE-MANIFEST","33243","C:\APEX\UL2A_AR_FINALIZER_V1_0_0\APEX_WATANYBOT_UL2A_AR_NATIONAL_MANIFEST_FINALIZER_V1_0_0_PACKAGE\village_manifest.csv","a8c810368436869531bd825a16fb42b9c9680e415648decad6d53bfa012e9760","exact-adm3-pcode","accepted","UL2A-AR-NATIONAL-MANIFEST-1.0.2"
"LB-LOC-33251","مزيارة","SRC-NATIONAL-VILLAGE-MANIFEST","33251","C:\APEX\UL2A_AR_FINALIZER_V1_0_0\APEX_WATANYBOT_UL2A_AR_NATIONAL_MANIFEST_FINALIZER_V1_0_0_PACKAGE\village_manifest.csv","a8c810368436869531bd825a16fb42b9c9680e415648decad6d53bfa012e9760","exact-adm3-pcode","accepted","UL2A-AR-NATIONAL-MANIFEST-1.0.2"
"LB-LOC-33255","سرعيل","SRC-NATIONAL-VILLAGE-MANIFEST","33255","C:\APEX\UL2A_AR_FINALIZER_V1_0_0\APEX_WATANYBOT_UL2A_AR_NATIONAL_MANIFEST_FINALIZER_V1_0_0_PACKAGE\village_manifest.csv","a8c810368436869531bd825a16fb42b9c9680e415648decad6d53bfa012e9760","exact-adm3-pcode","accepted","UL2A-AR-NATIONAL-MANIFEST-1.0.2"
"LB-LOC-33259","سبعل زغرتا","SRC-NATIONAL-VILLAGE-MANIFEST","33259","C:\APEX\UL2A_AR_FINALIZER_V1_0_0\APEX_WATANYBOT_UL2A_AR_NATIONAL_MANIFEST_FINALIZER_V1_0_0_PACKAGE\village_manifest.csv","a8c810368436869531bd825a16fb42b9c9680e415648decad6d53bfa012e9760","exact-adm3-pcode","accepted","UL2A-AR-NATIONAL-MANIFEST-1.0.2"
"LB-LOC-33263","دنها","SRC-NATIONAL-VILLAGE-MANIFEST","33263","C:\APEX\UL2A_AR_FINALIZER_V1_0_0\APEX_WATANYBOT_UL2A_AR_NATIONAL_MANIFEST_FINALIZER_V1_0_0_PACKAGE\village_manifest.csv","a8c810368436869531bd825a16fb42b9c9680e415648decad6d53bfa012e9760","exact-adm3-pcode","accepted","UL2A-AR-NATIONAL-MANIFEST-1.0.2"
"LB-LOC-33267","عشاش","SRC-NATIONAL-VILLAGE-MANIFEST","33267","C:\APEX\UL2A_AR_FINALIZER_V1_0_0\APEX_WATANYBOT_UL2A_AR_NATIONAL_MANIFEST_FINALIZER_V1_0_0_PACKAGE\village_manifest.csv","a8c810368436869531bd825a16fb42b9c9680e415648decad6d53bfa012e9760","exact-adm3-pcode","accepted","UL2A-AR-NATIONAL-MANIFEST-1.0.2"
"LB-LOC-33271","مرياطا","SRC-NATIONAL-VILLAGE-MANIFEST","33271","C:\APEX\UL2A_AR_FINALIZER_V1_0_0\APEX_WATANYBOT_UL2A_AR_NATIONAL_MANIFEST_FINALIZER_V1_0_0_PACKAGE\village_manifest.csv","a8c810368436869531bd825a16fb42b9c9680e415648decad6d53bfa012e9760","exact-adm3-pcode","accepted","UL2A-AR-NATIONAL-MANIFEST-1.0.2"
"LB-LOC-33275","حيلان زغرتا","SRC-NATIONAL-VILLAGE-MANIFEST","33275","C:\APEX\UL2A_AR_FINALIZER_V1_0_0\APEX_WATANYBOT_UL2A_AR_NATIONAL_MANIFEST_FINALIZER_V1_0_0_PACKAGE\village_manifest.csv","a8c810368436869531bd825a16fb42b9c9680e415648decad6d53bfa012e9760","exact-adm3-pcode","accepted","UL2A-AR-NATIONAL-MANIFEST-1.0.2"
"LB-LOC-33279","بوسيط","SRC-NATIONAL-VILLAGE-MANIFEST","33279","C:\APEX\UL2A_AR_FINALIZER_V1_0_0\APEX_WATANYBOT_UL2A_AR_NATIONAL_MANIFEST_FINALIZER_V1_0_0_PACKAGE\village_manifest.csv","a8c810368436869531bd825a16fb42b9c9680e415648decad6d53bfa012e9760","exact-adm3-pcode","accepted","UL2A-AR-NATIONAL-MANIFEST-1.0.2"
"LB-LOC-33283","كفريا زغرتا","SRC-NATIONAL-VILLAGE-MANIFEST","33283","C:\APEX\UL2A_AR_FINALIZER_V1_0_0\APEX_WATANYBOT_UL2A_AR_NATIONAL_MANIFEST_FINALIZER_V1_0_0_PACKAGE\village_manifest.csv","a8c810368436869531bd825a16fb42b9c9680e415648decad6d53bfa012e9760","exact-adm3-pcode","accepted","UL2A-AR-NATIONAL-MANIFEST-1.0.2"
"LB-LOC-33287","حريقص","SRC-NATIONAL-VILLAGE-MANIFEST","33287","C:\APEX\UL2A_AR_FINALIZER_V1_0_0\APEX_WATANYBOT_UL2A_AR_NATIONAL_MANIFEST_FINALIZER_V1_0_0_PACKAGE\village_manifest.csv","a8c810368436869531bd825a16fb42b9c9680e415648decad6d53bfa012e9760","exact-adm3-pcode","accepted","UL2A-AR-NATIONAL-MANIFEST-1.0.2"
"LB-LOC-33291","اجبع","SRC-NATIONAL-VILLAGE-MANIFEST","33291","C:\APEX\UL2A_AR_FINALIZER_V1_0_0\APEX_WATANYBOT_UL2A_AR_NATIONAL_MANIFEST_FINALIZER_V1_0_0_PACKAGE\village_manifest.csv","a8c810368436869531bd825a16fb42b9c9680e415648decad6d53bfa012e9760","exact-adm3-pcode","accepted","UL2A-AR-NATIONAL-MANIFEST-1.0.2"
"LB-LOC-34111","بترون","SRC-NATIONAL-VILLAGE-MANIFEST","34111","C:\APEX\UL2A_AR_FINALIZER_V1_0_0\APEX_WATANYBOT_UL2A_AR_NATIONAL_MANIFEST_FINALIZER_V1_0_0_PACKAGE\village_manifest.csv","a8c810368436869531bd825a16fb42b9c9680e415648decad6d53bfa012e9760","exact-adm3-pcode","accepted","UL2A-AR-NATIONAL-MANIFEST-1.0.2"
"LB-LOC-34122","راشانا","SRC-NATIONAL-VILLAGE-MANIFEST","34122","C:\APEX\UL2A_AR_FINALIZER_V1_0_0\APEX_WATANYBOT_UL2A_AR_NATIONAL_MANIFEST_FINALIZER_V1_0_0_PACKAGE\village_manifest.csv","a8c810368436869531bd825a16fb42b9c9680e415648decad6d53bfa012e9760","exact-adm3-pcode","accepted","UL2A-AR-NATIONAL-MANIFEST-1.0.2"
"LB-LOC-34133","تحوم","SRC-NATIONAL-VILLAGE-MANIFEST","34133","C:\APEX\UL2A_AR_FINALIZER_V1_0_0\APEX_WATANYBOT_UL2A_AR_NATIONAL_MANIFEST_FINALIZER_V1_0_0_PACKAGE\village_manifest.csv","a8c810368436869531bd825a16fb42b9c9680e415648decad6d53bfa012e9760","exact-adm3-pcode","accepted","UL2A-AR-NATIONAL-MANIFEST-1.0.2"
"LB-LOC-34144","كفر عبيدا","SRC-NATIONAL-VILLAGE-MANIFEST","34144","C:\APEX\UL2A_AR_FINALIZER_V1_0_0\APEX_WATANYBOT_UL2A_AR_NATIONAL_MANIFEST_FINALIZER_V1_0_0_PACKAGE\village_manifest.csv","a8c810368436869531bd825a16fb42b9c9680e415648decad6d53bfa012e9760","exact-adm3-pcode","accepted","UL2A-AR-NATIONAL-MANIFEST-1.0.2"
"LB-LOC-34155","كوبا","SRC-NATIONAL-VILLAGE-MANIFEST","34155","C:\APEX\UL2A_AR_FINALIZER_V1_0_0\APEX_WATANYBOT_UL2A_AR_NATIONAL_MANIFEST_FINALIZER_V1_0_0_PACKAGE\village_manifest.csv","a8c810368436869531bd825a16fb42b9c9680e415648decad6d53bfa012e9760","exact-adm3-pcode","accepted","UL2A-AR-NATIONAL-MANIFEST-1.0.2"
"LB-LOC-34166","سلعاتا","SRC-NATIONAL-VILLAGE-MANIFEST","34166","C:\APEX\UL2A_AR_FINALIZER_V1_0_0\APEX_WATANYBOT_UL2A_AR_NATIONAL_MANIFEST_FINALIZER_V1_0_0_PACKAGE\village_manifest.csv","a8c810368436869531bd825a16fb42b9c9680e415648decad6d53bfa012e9760","exact-adm3-pcode","accepted","UL2A-AR-NATIONAL-MANIFEST-1.0.2"
"LB-LOC-34177","هري","SRC-NATIONAL-VILLAGE-MANIFEST","34177","C:\APEX\UL2A_AR_FINALIZER_V1_0_0\APEX_WATANYBOT_UL2A_AR_NATIONAL_MANIFEST_FINALIZER_V1_0_0_PACKAGE\village_manifest.csv","a8c810368436869531bd825a16fb42b9c9680e415648decad6d53bfa012e9760","exact-adm3-pcode","accepted","UL2A-AR-NATIONAL-MANIFEST-1.0.2"
"LB-LOC-34188","شكَا","SRC-NATIONAL-VILLAGE-MANIFEST","34188","C:\APEX\UL2A_AR_FINALIZER_V1_0_0\APEX_WATANYBOT_UL2A_AR_NATIONAL_MANIFEST_FINALIZER_V1_0_0_PACKAGE\village_manifest.csv","a8c810368436869531bd825a16fb42b9c9680e415648decad6d53bfa012e9760","exact-adm3-pcode","accepted","UL2A-AR-NATIONAL-MANIFEST-1.0.2"
"LB-LOC-34211","ضهر ابي ياغي","SRC-NATIONAL-VILLAGE-MANIFEST","34211","C:\APEX\UL2A_AR_FINALIZER_V1_0_0\APEX_WATANYBOT_UL2A_AR_NATIONAL_MANIFEST_FINALIZER_V1_0_0_PACKAGE\village_manifest.csv","a8c810368436869531bd825a16fb42b9c9680e415648decad6d53bfa012e9760","exact-adm3-pcode","accepted","UL2A-AR-NATIONAL-MANIFEST-1.0.2"
"LB-LOC-34212","تولا","SRC-NATIONAL-VILLAGE-MANIFEST","34212","C:\APEX\UL2A_AR_FINALIZER_V1_0_0\APEX_WATANYBOT_UL2A_AR_NATIONAL_MANIFEST_FINALIZER_V1_0_0_PACKAGE\village_manifest.csv","a8c810368436869531bd825a16fb42b9c9680e415648decad6d53bfa012e9760","exact-adm3-pcode","accepted","UL2A-AR-NATIONAL-MANIFEST-1.0.2"
"LB-LOC-34214","مسرح","SRC-NATIONAL-VILLAGE-MANIFEST","34214","C:\APEX\UL2A_AR_FINALIZER_V1_0_0\APEX_WATANYBOT_UL2A_AR_NATIONAL_MANIFEST_FINALIZER_V1_0_0_PACKAGE\village_manifest.csv","a8c810368436869531bd825a16fb42b9c9680e415648decad6d53bfa012e9760","exact-adm3-pcode","accepted","UL2A-AR-NATIONAL-MANIFEST-1.0.2"
"LB-LOC-34215","دريا","SRC-NATIONAL-VILLAGE-MANIFEST","34215","C:\APEX\UL2A_AR_FINALIZER_V1_0_0\APEX_WATANYBOT_UL2A_AR_NATIONAL_MANIFEST_FINALIZER_V1_0_0_PACKAGE\village_manifest.csv","a8c810368436869531bd825a16fb42b9c9680e415648decad6d53bfa012e9760","exact-adm3-pcode","accepted","UL2A-AR-NATIONAL-MANIFEST-1.0.2"
"LB-LOC-34217","عبدللي","SRC-NATIONAL-VILLAGE-MANIFEST","34217","C:\APEX\UL2A_AR_FINALIZER_V1_0_0\APEX_WATANYBOT_UL2A_AR_NATIONAL_MANIFEST_FINALIZER_V1_0_0_PACKAGE\village_manifest.csv","a8c810368436869531bd825a16fb42b9c9680e415648decad6d53bfa012e9760","exact-adm3-pcode","accepted","UL2A-AR-NATIONAL-MANIFEST-1.0.2"
"LB-LOC-34218","دوق","SRC-NATIONAL-VILLAGE-MANIFEST","34218","C:\APEX\UL2A_AR_FINALIZER_V1_0_0\APEX_WATANYBOT_UL2A_AR_NATIONAL_MANIFEST_FINALIZER_V1_0_0_PACKAGE\village_manifest.csv","a8c810368436869531bd825a16fb42b9c9680e415648decad6d53bfa012e9760","exact-adm3-pcode","accepted","UL2A-AR-NATIONAL-MANIFEST-1.0.2"
"LB-LOC-34219","جربتا","SRC-NATIONAL-VILLAGE-MANIFEST","34219","C:\APEX\UL2A_AR_FINALIZER_V1_0_0\APEX_WATANYBOT_UL2A_AR_NATIONAL_MANIFEST_FINALIZER_V1_0_0_PACKAGE\village_manifest.csv","a8c810368436869531bd825a16fb42b9c9680e415648decad6d53bfa012e9760","exact-adm3-pcode","accepted","UL2A-AR-NATIONAL-MANIFEST-1.0.2"
"LB-LOC-34221","شبطين","SRC-NATIONAL-VILLAGE-MANIFEST","34221","C:\APEX\UL2A_AR_FINALIZER_V1_0_0\APEX_WATANYBOT_UL2A_AR_NATIONAL_MANIFEST_FINALIZER_V1_0_0_PACKAGE\village_manifest.csv","a8c810368436869531bd825a16fb42b9c9680e415648decad6d53bfa012e9760","exact-adm3-pcode","accepted","UL2A-AR-NATIONAL-MANIFEST-1.0.2"
"LB-LOC-34223","دير كفيفان","SRC-NATIONAL-VILLAGE-MANIFEST","34223","C:\APEX\UL2A_AR_FINALIZER_V1_0_0\APEX_WATANYBOT_UL2A_AR_NATIONAL_MANIFEST_FINALIZER_V1_0_0_PACKAGE\village_manifest.csv","a8c810368436869531bd825a16fb42b9c9680e415648decad6d53bfa012e9760","exact-adm3-pcode","accepted","UL2A-AR-NATIONAL-MANIFEST-1.0.2"
"LB-LOC-34224","صغار","SRC-NATIONAL-VILLAGE-MANIFEST","34224","C:\APEX\UL2A_AR_FINALIZER_V1_0_0\APEX_WATANYBOT_UL2A_AR_NATIONAL_MANIFEST_FINALIZER_V1_0_0_PACKAGE\village_manifest.csv","a8c810368436869531bd825a16fb42b9c9680e415648decad6d53bfa012e9760","exact-adm3-pcode","accepted","UL2A-AR-NATIONAL-MANIFEST-1.0.2"
"LB-LOC-34226","مار ماما","SRC-NATIONAL-VILLAGE-MANIFEST","34226","C:\APEX\UL2A_AR_FINALIZER_V1_0_0\APEX_WATANYBOT_UL2A_AR_NATIONAL_MANIFEST_FINALIZER_V1_0_0_PACKAGE\village_manifest.csv","a8c810368436869531bd825a16fb42b9c9680e415648decad6d53bfa012e9760","exact-adm3-pcode","accepted","UL2A-AR-NATIONAL-MANIFEST-1.0.2"
"LB-LOC-34227","دير مار يوسف جربتا","SRC-NATIONAL-VILLAGE-MANIFEST","34227","C:\APEX\UL2A_AR_FINALIZER_V1_0_0\APEX_WATANYBOT_UL2A_AR_NATIONAL_MANIFEST_FINALIZER_V1_0_0_PACKAGE\village_manifest.csv","a8c810368436869531bd825a16fb42b9c9680e415648decad6d53bfa012e9760","exact-adm3-pcode","accepted","UL2A-AR-NATIONAL-MANIFEST-1.0.2"
"LB-LOC-34229","مراح الزيات","SRC-NATIONAL-VILLAGE-MANIFEST","34229","C:\APEX\UL2A_AR_FINALIZER_V1_0_0\APEX_WATANYBOT_UL2A_AR_NATIONAL_MANIFEST_FINALIZER_V1_0_0_PACKAGE\village_manifest.csv","a8c810368436869531bd825a16fb42b9c9680e415648decad6d53bfa012e9760","exact-adm3-pcode","accepted","UL2A-AR-NATIONAL-MANIFEST-1.0.2"
"LB-LOC-34231","غوما","SRC-NATIONAL-VILLAGE-MANIFEST","34231","C:\APEX\UL2A_AR_FINALIZER_V1_0_0\APEX_WATANYBOT_UL2A_AR_NATIONAL_MANIFEST_FINALIZER_V1_0_0_PACKAGE\village_manifest.csv","a8c810368436869531bd825a16fb42b9c9680e415648decad6d53bfa012e9760","exact-adm3-pcode","accepted","UL2A-AR-NATIONAL-MANIFEST-1.0.2"
"LB-LOC-34233","كفيفان","SRC-NATIONAL-VILLAGE-MANIFEST","34233","C:\APEX\UL2A_AR_FINALIZER_V1_0_0\APEX_WATANYBOT_UL2A_AR_NATIONAL_MANIFEST_FINALIZER_V1_0_0_PACKAGE\village_manifest.csv","a8c810368436869531bd825a16fb42b9c9680e415648decad6d53bfa012e9760","exact-adm3-pcode","accepted","UL2A-AR-NATIONAL-MANIFEST-1.0.2"
"LB-LOC-34234","جران","SRC-NATIONAL-VILLAGE-MANIFEST","34234","C:\APEX\UL2A_AR_FINALIZER_V1_0_0\APEX_WATANYBOT_UL2A_AR_NATIONAL_MANIFEST_FINALIZER_V1_0_0_PACKAGE\village_manifest.csv","a8c810368436869531bd825a16fb42b9c9680e415648decad6d53bfa012e9760","exact-adm3-pcode","accepted","UL2A-AR-NATIONAL-MANIFEST-1.0.2"
"LB-LOC-34236","محمرش","SRC-NATIONAL-VILLAGE-MANIFEST","34236","C:\APEX\UL2A_AR_FINALIZER_V1_0_0\APEX_WATANYBOT_UL2A_AR_NATIONAL_MANIFEST_FINALIZER_V1_0_0_PACKAGE\village_manifest.csv","a8c810368436869531bd825a16fb42b9c9680e415648decad6d53bfa012e9760","exact-adm3-pcode","accepted","UL2A-AR-NATIONAL-MANIFEST-1.0.2"
"LB-LOC-34237","علالي","SRC-NATIONAL-VILLAGE-MANIFEST","34237","C:\APEX\UL2A_AR_FINALIZER_V1_0_0\APEX_WATANYBOT_UL2A_AR_NATIONAL_MANIFEST_FINALIZER_V1_0_0_PACKAGE\village_manifest.csv","a8c810368436869531bd825a16fb42b9c9680e415648decad6d53bfa012e9760","exact-adm3-pcode","accepted","UL2A-AR-NATIONAL-MANIFEST-1.0.2"
"LB-LOC-34239","سمار جبيل","SRC-NATIONAL-VILLAGE-MANIFEST","34239","C:\APEX\UL2A_AR_FINALIZER_V1_0_0\APEX_WATANYBOT_UL2A_AR_NATIONAL_MANIFEST_FINALIZER_V1_0_0_PACKAGE\village_manifest.csv","a8c810368436869531bd825a16fb42b9c9680e415648decad6d53bfa012e9760","exact-adm3-pcode","accepted","UL2A-AR-NATIONAL-MANIFEST-1.0.2"
"LB-LOC-34241","كفرحتنا","SRC-NATIONAL-VILLAGE-MANIFEST","34241","C:\APEX\UL2A_AR_FINALIZER_V1_0_0\APEX_WATANYBOT_UL2A_AR_NATIONAL_MANIFEST_FINALIZER_V1_0_0_PACKAGE\village_manifest.csv","a8c810368436869531bd825a16fb42b9c9680e415648decad6d53bfa012e9760","exact-adm3-pcode","accepted","UL2A-AR-NATIONAL-MANIFEST-1.0.2"
"LB-LOC-34243","زان","SRC-NATIONAL-VILLAGE-MANIFEST","34243","C:\APEX\UL2A_AR_FINALIZER_V1_0_0\APEX_WATANYBOT_UL2A_AR_NATIONAL_MANIFEST_FINALIZER_V1_0_0_PACKAGE\village_manifest.csv","a8c810368436869531bd825a16fb42b9c9680e415648decad6d53bfa012e9760","exact-adm3-pcode","accepted","UL2A-AR-NATIONAL-MANIFEST-1.0.2"
"LB-LOC-34244","فتاحات","SRC-NATIONAL-VILLAGE-MANIFEST","34244","C:\APEX\UL2A_AR_FINALIZER_V1_0_0\APEX_WATANYBOT_UL2A_AR_NATIONAL_MANIFEST_FINALIZER_V1_0_0_PACKAGE\village_manifest.csv","a8c810368436869531bd825a16fb42b9c9680e415648decad6d53bfa012e9760","exact-adm3-pcode","accepted","UL2A-AR-NATIONAL-MANIFEST-1.0.2"
"LB-LOC-34246","كور","SRC-NATIONAL-VILLAGE-MANIFEST","34246","C:\APEX\UL2A_AR_FINALIZER_V1_0_0\APEX_WATANYBOT_UL2A_AR_NATIONAL_MANIFEST_FINALIZER_V1_0_0_PACKAGE\village_manifest.csv","a8c810368436869531bd825a16fb42b9c9680e415648decad6d53bfa012e9760","exact-adm3-pcode","accepted","UL2A-AR-NATIONAL-MANIFEST-1.0.2"
"LB-LOC-34247","راشا","SRC-NATIONAL-VILLAGE-MANIFEST","34247","C:\APEX\UL2A_AR_FINALIZER_V1_0_0\APEX_WATANYBOT_UL2A_AR_NATIONAL_MANIFEST_FINALIZER_V1_0_0_PACKAGE\village_manifest.csv","a8c810368436869531bd825a16fb42b9c9680e415648decad6d53bfa012e9760","exact-adm3-pcode","accepted","UL2A-AR-NATIONAL-MANIFEST-1.0.2"
"LB-LOC-34249","بسبينا","SRC-NATIONAL-VILLAGE-MANIFEST","34249","C:\APEX\UL2A_AR_FINALIZER_V1_0_0\APEX_WATANYBOT_UL2A_AR_NATIONAL_MANIFEST_FINALIZER_V1_0_0_PACKAGE\village_manifest.csv","a8c810368436869531bd825a16fb42b9c9680e415648decad6d53bfa012e9760","exact-adm3-pcode","accepted","UL2A-AR-NATIONAL-MANIFEST-1.0.2"
"LB-LOC-34251","عرطز","SRC-NATIONAL-VILLAGE-MANIFEST","34251","C:\APEX\UL2A_AR_FINALIZER_V1_0_0\APEX_WATANYBOT_UL2A_AR_NATIONAL_MANIFEST_FINALIZER_V1_0_0_PACKAGE\village_manifest.csv","a8c810368436869531bd825a16fb42b9c9680e415648decad6d53bfa012e9760","exact-adm3-pcode","accepted","UL2A-AR-NATIONAL-MANIFEST-1.0.2"
"LB-LOC-34253","حربونا","SRC-NATIONAL-VILLAGE-MANIFEST","34253","C:\APEX\UL2A_AR_FINALIZER_V1_0_0\APEX_WATANYBOT_UL2A_AR_NATIONAL_MANIFEST_FINALIZER_V1_0_0_PACKAGE\village_manifest.csv","a8c810368436869531bd825a16fb42b9c9680e415648decad6d53bfa012e9760","exact-adm3-pcode","accepted","UL2A-AR-NATIONAL-MANIFEST-1.0.2"
"LB-LOC-34254","مراح الحاج","SRC-NATIONAL-VILLAGE-MANIFEST","34254","C:\APEX\UL2A_AR_FINALIZER_V1_0_0\APEX_WATANYBOT_UL2A_AR_NATIONAL_MANIFEST_FINALIZER_V1_0_0_PACKAGE\village_manifest.csv","a8c810368436869531bd825a16fb42b9c9680e415648decad6d53bfa012e9760","exact-adm3-pcode","accepted","UL2A-AR-NATIONAL-MANIFEST-1.0.2"
"LB-LOC-34256","مراح شديد","SRC-NATIONAL-VILLAGE-MANIFEST","34256","C:\APEX\UL2A_AR_FINALIZER_V1_0_0\APEX_WATANYBOT_UL2A_AR_NATIONAL_MANIFEST_FINALIZER_V1_0_0_PACKAGE\village_manifest.csv","a8c810368436869531bd825a16fb42b9c9680e415648decad6d53bfa012e9760","exact-adm3-pcode","accepted","UL2A-AR-NATIONAL-MANIFEST-1.0.2"
"LB-LOC-34257","كفر شليمان","SRC-NATIONAL-VILLAGE-MANIFEST","34257","C:\APEX\UL2A_AR_FINALIZER_V1_0_0\APEX_WATANYBOT_UL2A_AR_NATIONAL_MANIFEST_FINALIZER_V1_0_0_PACKAGE\village_manifest.csv","a8c810368436869531bd825a16fb42b9c9680e415648decad6d53bfa012e9760","exact-adm3-pcode","accepted","UL2A-AR-NATIONAL-MANIFEST-1.0.2"
"LB-LOC-34259","إده البترون","SRC-NATIONAL-VILLAGE-MANIFEST","34259","C:\APEX\UL2A_AR_FINALIZER_V1_0_0\APEX_WATANYBOT_UL2A_AR_NATIONAL_MANIFEST_FINALIZER_V1_0_0_PACKAGE\village_manifest.csv","a8c810368436869531bd825a16fb42b9c9680e415648decad6d53bfa012e9760","exact-adm3-pcode","accepted","UL2A-AR-NATIONAL-MANIFEST-1.0.2"
"LB-LOC-34261","صورات","SRC-NATIONAL-VILLAGE-MANIFEST","34261","C:\APEX\UL2A_AR_FINALIZER_V1_0_0\APEX_WATANYBOT_UL2A_AR_NATIONAL_MANIFEST_FINALIZER_V1_0_0_PACKAGE\village_manifest.csv","a8c810368436869531bd825a16fb42b9c9680e415648decad6d53bfa012e9760","exact-adm3-pcode","accepted","UL2A-AR-NATIONAL-MANIFEST-1.0.2"
"LB-LOC-34263","اسيا","SRC-NATIONAL-VILLAGE-MANIFEST","34263","C:\APEX\UL2A_AR_FINALIZER_V1_0_0\APEX_WATANYBOT_UL2A_AR_NATIONAL_MANIFEST_FINALIZER_V1_0_0_PACKAGE\village_manifest.csv","a8c810368436869531bd825a16fb42b9c9680e415648decad6d53bfa012e9760","exact-adm3-pcode","accepted","UL2A-AR-NATIONAL-MANIFEST-1.0.2"
"LB-LOC-34264","بجدرفل","SRC-NATIONAL-VILLAGE-MANIFEST","34264","C:\APEX\UL2A_AR_FINALIZER_V1_0_0\APEX_WATANYBOT_UL2A_AR_NATIONAL_MANIFEST_FINALIZER_V1_0_0_PACKAGE\village_manifest.csv","a8c810368436869531bd825a16fb42b9c9680e415648decad6d53bfa012e9760","exact-adm3-pcode","accepted","UL2A-AR-NATIONAL-MANIFEST-1.0.2"
"LB-LOC-34266","اجدبرا","SRC-NATIONAL-VILLAGE-MANIFEST","34266","C:\APEX\UL2A_AR_FINALIZER_V1_0_0\APEX_WATANYBOT_UL2A_AR_NATIONAL_MANIFEST_FINALIZER_V1_0_0_PACKAGE\village_manifest.csv","a8c810368436869531bd825a16fb42b9c9680e415648decad6d53bfa012e9760","exact-adm3-pcode","accepted","UL2A-AR-NATIONAL-MANIFEST-1.0.2"
"LB-LOC-34267","حلتا","SRC-NATIONAL-VILLAGE-MANIFEST","34267","C:\APEX\UL2A_AR_FINALIZER_V1_0_0\APEX_WATANYBOT_UL2A_AR_NATIONAL_MANIFEST_FINALIZER_V1_0_0_PACKAGE\village_manifest.csv","a8c810368436869531bd825a16fb42b9c9680e415648decad6d53bfa012e9760","exact-adm3-pcode","accepted","UL2A-AR-NATIONAL-MANIFEST-1.0.2"
"LB-LOC-34269","عبرين","SRC-NATIONAL-VILLAGE-MANIFEST","34269","C:\APEX\UL2A_AR_FINALIZER_V1_0_0\APEX_WATANYBOT_UL2A_AR_NATIONAL_MANIFEST_FINALIZER_V1_0_0_PACKAGE\village_manifest.csv","a8c810368436869531bd825a16fb42b9c9680e415648decad6d53bfa012e9760","exact-adm3-pcode","accepted","UL2A-AR-NATIONAL-MANIFEST-1.0.2"
"LB-LOC-34271","كفرحي","SRC-NATIONAL-VILLAGE-MANIFEST","34271","C:\APEX\UL2A_AR_FINALIZER_V1_0_0\APEX_WATANYBOT_UL2A_AR_NATIONAL_MANIFEST_FINALIZER_V1_0_0_PACKAGE\village_manifest.csv","a8c810368436869531bd825a16fb42b9c9680e415648decad6d53bfa012e9760","exact-adm3-pcode","accepted","UL2A-AR-NATIONAL-MANIFEST-1.0.2"
"LB-LOC-34273","نحلا البترون","SRC-NATIONAL-VILLAGE-MANIFEST","34273","C:\APEX\UL2A_AR_FINALIZER_V1_0_0\APEX_WATANYBOT_UL2A_AR_NATIONAL_MANIFEST_FINALIZER_V1_0_0_PACKAGE\village_manifest.csv","a8c810368436869531bd825a16fb42b9c9680e415648decad6d53bfa012e9760","exact-adm3-pcode","accepted","UL2A-AR-NATIONAL-MANIFEST-1.0.2"
"LB-LOC-34274","جبلا","SRC-NATIONAL-VILLAGE-MANIFEST","34274","C:\APEX\UL2A_AR_FINALIZER_V1_0_0\APEX_WATANYBOT_UL2A_AR_NATIONAL_MANIFEST_FINALIZER_V1_0_0_PACKAGE\village_manifest.csv","a8c810368436869531bd825a16fb42b9c9680e415648decad6d53bfa012e9760","exact-adm3-pcode","accepted","UL2A-AR-NATIONAL-MANIFEST-1.0.2"
"LB-LOC-34276","راشكيدا","SRC-NATIONAL-VILLAGE-MANIFEST","34276","C:\APEX\UL2A_AR_FINALIZER_V1_0_0\APEX_WATANYBOT_UL2A_AR_NATIONAL_MANIFEST_FINALIZER_V1_0_0_PACKAGE\village_manifest.csv","a8c810368436869531bd825a16fb42b9c9680e415648decad6d53bfa012e9760","exact-adm3-pcode","accepted","UL2A-AR-NATIONAL-MANIFEST-1.0.2"
"LB-LOC-34277","بقسميا","SRC-NATIONAL-VILLAGE-MANIFEST","34277","C:\APEX\UL2A_AR_FINALIZER_V1_0_0\APEX_WATANYBOT_UL2A_AR_NATIONAL_MANIFEST_FINALIZER_V1_0_0_PACKAGE\village_manifest.csv","a8c810368436869531bd825a16fb42b9c9680e415648decad6d53bfa012e9760","exact-adm3-pcode","accepted","UL2A-AR-NATIONAL-MANIFEST-1.0.2"
"LB-LOC-34279","داعل","SRC-NATIONAL-VILLAGE-MANIFEST","34279","C:\APEX\UL2A_AR_FINALIZER_V1_0_0\APEX_WATANYBOT_UL2A_AR_NATIONAL_MANIFEST_FINALIZER_V1_0_0_PACKAGE\village_manifest.csv","a8c810368436869531bd825a16fb42b9c9680e415648decad6d53bfa012e9760","exact-adm3-pcode","accepted","UL2A-AR-NATIONAL-MANIFEST-1.0.2"
"LB-LOC-34281","كفر خلص","SRC-NATIONAL-VILLAGE-MANIFEST","34281","C:\APEX\UL2A_AR_FINALIZER_V1_0_0\APEX_WATANYBOT_UL2A_AR_NATIONAL_MANIFEST_FINALIZER_V1_0_0_PACKAGE\village_manifest.csv","a8c810368436869531bd825a16fb42b9c9680e415648decad6d53bfa012e9760","exact-adm3-pcode","accepted","UL2A-AR-NATIONAL-MANIFEST-1.0.2"
"LB-LOC-34283","قرنعون","SRC-NATIONAL-VILLAGE-MANIFEST","34283","C:\APEX\UL2A_AR_FINALIZER_V1_0_0\APEX_WATANYBOT_UL2A_AR_NATIONAL_MANIFEST_FINALIZER_V1_0_0_PACKAGE\village_manifest.csv","a8c810368436869531bd825a16fb42b9c9680e415648decad6d53bfa012e9760","exact-adm3-pcode","accepted","UL2A-AR-NATIONAL-MANIFEST-1.0.2"
"LB-LOC-34284","راس نحاش","SRC-NATIONAL-VILLAGE-MANIFEST","34284","C:\APEX\UL2A_AR_FINALIZER_V1_0_0\APEX_WATANYBOT_UL2A_AR_NATIONAL_MANIFEST_FINALIZER_V1_0_0_PACKAGE\village_manifest.csv","a8c810368436869531bd825a16fb42b9c9680e415648decad6d53bfa012e9760","exact-adm3-pcode","accepted","UL2A-AR-NATIONAL-MANIFEST-1.0.2"
"LB-LOC-34286","وجه الحجر","SRC-NATIONAL-VILLAGE-MANIFEST","34286","C:\APEX\UL2A_AR_FINALIZER_V1_0_0\APEX_WATANYBOT_UL2A_AR_NATIONAL_MANIFEST_FINALIZER_V1_0_0_PACKAGE\village_manifest.csv","a8c810368436869531bd825a16fb42b9c9680e415648decad6d53bfa012e9760","exact-adm3-pcode","accepted","UL2A-AR-NATIONAL-MANIFEST-1.0.2"
"LB-LOC-34287","حامات","SRC-NATIONAL-VILLAGE-MANIFEST","34287","C:\APEX\UL2A_AR_FINALIZER_V1_0_0\APEX_WATANYBOT_UL2A_AR_NATIONAL_MANIFEST_FINALIZER_V1_0_0_PACKAGE\village_manifest.csv","a8c810368436869531bd825a16fb42b9c9680e415648decad6d53bfa012e9760","exact-adm3-pcode","accepted","UL2A-AR-NATIONAL-MANIFEST-1.0.2"
"LB-LOC-34311","دوما","SRC-NATIONAL-VILLAGE-MANIFEST","34311","C:\APEX\UL2A_AR_FINALIZER_V1_0_0\APEX_WATANYBOT_UL2A_AR_NATIONAL_MANIFEST_FINALIZER_V1_0_0_PACKAGE\village_manifest.csv","a8c810368436869531bd825a16fb42b9c9680e415648decad6d53bfa012e9760","exact-adm3-pcode","accepted","UL2A-AR-NATIONAL-MANIFEST-1.0.2"
"LB-LOC-34316","بشعلة","SRC-NATIONAL-VILLAGE-MANIFEST","34316","C:\APEX\UL2A_AR_FINALIZER_V1_0_0\APEX_WATANYBOT_UL2A_AR_NATIONAL_MANIFEST_FINALIZER_V1_0_0_PACKAGE\village_manifest.csv","a8c810368436869531bd825a16fb42b9c9680e415648decad6d53bfa012e9760","exact-adm3-pcode","accepted","UL2A-AR-NATIONAL-MANIFEST-1.0.2"
"LB-LOC-34321","بيت شلالا","SRC-NATIONAL-VILLAGE-MANIFEST","34321","C:\APEX\UL2A_AR_FINALIZER_V1_0_0\APEX_WATANYBOT_UL2A_AR_NATIONAL_MANIFEST_FINALIZER_V1_0_0_PACKAGE\village_manifest.csv","a8c810368436869531bd825a16fb42b9c9680e415648decad6d53bfa012e9760","exact-adm3-pcode","accepted","UL2A-AR-NATIONAL-MANIFEST-1.0.2"
"LB-LOC-34326","دير مار يوحنا دوما","SRC-NATIONAL-VILLAGE-MANIFEST","34326","C:\APEX\UL2A_AR_FINALIZER_V1_0_0\APEX_WATANYBOT_UL2A_AR_NATIONAL_MANIFEST_FINALIZER_V1_0_0_PACKAGE\village_manifest.csv","a8c810368436869531bd825a16fb42b9c9680e415648decad6d53bfa012e9760","exact-adm3-pcode","accepted","UL2A-AR-NATIONAL-MANIFEST-1.0.2"
"LB-LOC-34331","بشتودار","SRC-NATIONAL-VILLAGE-MANIFEST","34331","C:\APEX\UL2A_AR_FINALIZER_V1_0_0\APEX_WATANYBOT_UL2A_AR_NATIONAL_MANIFEST_FINALIZER_V1_0_0_PACKAGE\village_manifest.csv","a8c810368436869531bd825a16fb42b9c9680e415648decad6d53bfa012e9760","exact-adm3-pcode","accepted","UL2A-AR-NATIONAL-MANIFEST-1.0.2"
"LB-LOC-34336","كفر حلدا","SRC-NATIONAL-VILLAGE-MANIFEST","34336","C:\APEX\UL2A_AR_FINALIZER_V1_0_0\APEX_WATANYBOT_UL2A_AR_NATIONAL_MANIFEST_FINALIZER_V1_0_0_PACKAGE\village_manifest.csv","a8c810368436869531bd825a16fb42b9c9680e415648decad6d53bfa012e9760","exact-adm3-pcode","accepted","UL2A-AR-NATIONAL-MANIFEST-1.0.2"
"LB-LOC-34341","كفور العربي","SRC-NATIONAL-VILLAGE-MANIFEST","34341","C:\APEX\UL2A_AR_FINALIZER_V1_0_0\APEX_WATANYBOT_UL2A_AR_NATIONAL_MANIFEST_FINALIZER_V1_0_0_PACKAGE\village_manifest.csv","a8c810368436869531bd825a16fb42b9c9680e415648decad6d53bfa012e9760","exact-adm3-pcode","accepted","UL2A-AR-NATIONAL-MANIFEST-1.0.2"
"LB-LOC-34346","الرام البترون","SRC-NATIONAL-VILLAGE-MANIFEST","34346","C:\APEX\UL2A_AR_FINALIZER_V1_0_0\APEX_WATANYBOT_UL2A_AR_NATIONAL_MANIFEST_FINALIZER_V1_0_0_PACKAGE\village_manifest.csv","a8c810368436869531bd825a16fb42b9c9680e415648decad6d53bfa012e9760","exact-adm3-pcode","accepted","UL2A-AR-NATIONAL-MANIFEST-1.0.2"
"LB-LOC-34351","حدتون","SRC-NATIONAL-VILLAGE-MANIFEST","34351","C:\APEX\UL2A_AR_FINALIZER_V1_0_0\APEX_WATANYBOT_UL2A_AR_NATIONAL_MANIFEST_FINALIZER_V1_0_0_PACKAGE\village_manifest.csv","a8c810368436869531bd825a16fb42b9c9680e415648decad6d53bfa012e9760","exact-adm3-pcode","accepted","UL2A-AR-NATIONAL-MANIFEST-1.0.2"
"LB-LOC-34356","تنورين التحتا","SRC-NATIONAL-VILLAGE-MANIFEST","34356","C:\APEX\UL2A_AR_FINALIZER_V1_0_0\APEX_WATANYBOT_UL2A_AR_NATIONAL_MANIFEST_FINALIZER_V1_0_0_PACKAGE\village_manifest.csv","a8c810368436869531bd825a16fb42b9c9680e415648decad6d53bfa012e9760","exact-adm3-pcode","accepted","UL2A-AR-NATIONAL-MANIFEST-1.0.2"
"LB-LOC-34361","حردين","SRC-NATIONAL-VILLAGE-MANIFEST","34361","C:\APEX\UL2A_AR_FINALIZER_V1_0_0\APEX_WATANYBOT_UL2A_AR_NATIONAL_MANIFEST_FINALIZER_V1_0_0_PACKAGE\village_manifest.csv","a8c810368436869531bd825a16fb42b9c9680e415648decad6d53bfa012e9760","exact-adm3-pcode","accepted","UL2A-AR-NATIONAL-MANIFEST-1.0.2"
"LB-LOC-34366","شاتين","SRC-NATIONAL-VILLAGE-MANIFEST","34366","C:\APEX\UL2A_AR_FINALIZER_V1_0_0\APEX_WATANYBOT_UL2A_AR_NATIONAL_MANIFEST_FINALIZER_V1_0_0_PACKAGE\village_manifest.csv","a8c810368436869531bd825a16fb42b9c9680e415648decad6d53bfa012e9760","exact-adm3-pcode","accepted","UL2A-AR-NATIONAL-MANIFEST-1.0.2"
"LB-LOC-34371","بيت كسّاب","SRC-NATIONAL-VILLAGE-MANIFEST","34371","C:\APEX\UL2A_AR_FINALIZER_V1_0_0\APEX_WATANYBOT_UL2A_AR_NATIONAL_MANIFEST_FINALIZER_V1_0_0_PACKAGE\village_manifest.csv","a8c810368436869531bd825a16fb42b9c9680e415648decad6d53bfa012e9760","exact-adm3-pcode","accepted","UL2A-AR-NATIONAL-MANIFEST-1.0.2"
"LB-LOC-34374","ديربلا","SRC-NATIONAL-VILLAGE-MANIFEST","34374","C:\APEX\UL2A_AR_FINALIZER_V1_0_0\APEX_WATANYBOT_UL2A_AR_NATIONAL_MANIFEST_FINALIZER_V1_0_0_PACKAGE\village_manifest.csv","a8c810368436869531bd825a16fb42b9c9680e415648decad6d53bfa012e9760","exact-adm3-pcode","accepted","UL2A-AR-NATIONAL-MANIFEST-1.0.2"
"LB-LOC-34376","نيحا البترون","SRC-NATIONAL-VILLAGE-MANIFEST","34376","C:\APEX\UL2A_AR_FINALIZER_V1_0_0\APEX_WATANYBOT_UL2A_AR_NATIONAL_MANIFEST_FINALIZER_V1_0_0_PACKAGE\village_manifest.csv","a8c810368436869531bd825a16fb42b9c9680e415648decad6d53bfa012e9760","exact-adm3-pcode","accepted","UL2A-AR-NATIONAL-MANIFEST-1.0.2"
"LB-LOC-34381","وطى حوب","SRC-NATIONAL-VILLAGE-MANIFEST","34381","C:\APEX\UL2A_AR_FINALIZER_V1_0_0\APEX_WATANYBOT_UL2A_AR_NATIONAL_MANIFEST_FINALIZER_V1_0_0_PACKAGE\village_manifest.csv","a8c810368436869531bd825a16fb42b9c9680e415648decad6d53bfa012e9760","exact-adm3-pcode","accepted","UL2A-AR-NATIONAL-MANIFEST-1.0.2"
"LB-LOC-34386","تنورين الفوقا","SRC-NATIONAL-VILLAGE-MANIFEST","34386","C:\APEX\UL2A_AR_FINALIZER_V1_0_0\APEX_WATANYBOT_UL2A_AR_NATIONAL_MANIFEST_FINALIZER_V1_0_0_PACKAGE\village_manifest.csv","a8c810368436869531bd825a16fb42b9c9680e415648decad6d53bfa012e9760","exact-adm3-pcode","accepted","UL2A-AR-NATIONAL-MANIFEST-1.0.2"
"LB-LOC-35111","حلبا","SRC-NATIONAL-VILLAGE-MANIFEST","35111","C:\APEX\UL2A_AR_FINALIZER_V1_0_0\APEX_WATANYBOT_UL2A_AR_NATIONAL_MANIFEST_FINALIZER_V1_0_0_PACKAGE\village_manifest.csv","a8c810368436869531bd825a16fb42b9c9680e415648decad6d53bfa012e9760","exact-adm3-pcode","accepted","UL2A-AR-NATIONAL-MANIFEST-1.0.2"
"LB-LOC-35113","الشيخ محمد","SRC-NATIONAL-VILLAGE-MANIFEST","35113","C:\APEX\UL2A_AR_FINALIZER_V1_0_0\APEX_WATANYBOT_UL2A_AR_NATIONAL_MANIFEST_FINALIZER_V1_0_0_PACKAGE\village_manifest.csv","a8c810368436869531bd825a16fb42b9c9680e415648decad6d53bfa012e9760","exact-adm3-pcode","accepted","UL2A-AR-NATIONAL-MANIFEST-1.0.2"
"LB-LOC-35115","النفيسة","SRC-NATIONAL-VILLAGE-MANIFEST","35115","C:\APEX\UL2A_AR_FINALIZER_V1_0_0\APEX_WATANYBOT_UL2A_AR_NATIONAL_MANIFEST_FINALIZER_V1_0_0_PACKAGE\village_manifest.csv","a8c810368436869531bd825a16fb42b9c9680e415648decad6d53bfa012e9760","exact-adm3-pcode","accepted","UL2A-AR-NATIONAL-MANIFEST-1.0.2"
"LB-LOC-35117","عدبل","SRC-NATIONAL-VILLAGE-MANIFEST","35117","C:\APEX\UL2A_AR_FINALIZER_V1_0_0\APEX_WATANYBOT_UL2A_AR_NATIONAL_MANIFEST_FINALIZER_V1_0_0_PACKAGE\village_manifest.csv","a8c810368436869531bd825a16fb42b9c9680e415648decad6d53bfa012e9760","exact-adm3-pcode","accepted","UL2A-AR-NATIONAL-MANIFEST-1.0.2"
"LB-LOC-35119","كروم العرب","SRC-NATIONAL-VILLAGE-MANIFEST","35119","C:\APEX\UL2A_AR_FINALIZER_V1_0_0\APEX_WATANYBOT_UL2A_AR_NATIONAL_MANIFEST_FINALIZER_V1_0_0_PACKAGE\village_manifest.csv","a8c810368436869531bd825a16fb42b9c9680e415648decad6d53bfa012e9760","exact-adm3-pcode","accepted","UL2A-AR-NATIONAL-MANIFEST-1.0.2"
"LB-LOC-35121","الشيخ طابا السهل","SRC-NATIONAL-VILLAGE-MANIFEST","35121","C:\APEX\UL2A_AR_FINALIZER_V1_0_0\APEX_WATANYBOT_UL2A_AR_NATIONAL_MANIFEST_FINALIZER_V1_0_0_PACKAGE\village_manifest.csv","a8c810368436869531bd825a16fb42b9c9680e415648decad6d53bfa012e9760","exact-adm3-pcode","accepted","UL2A-AR-NATIONAL-MANIFEST-1.0.2"
"LB-LOC-35123","الشيخ طابا","SRC-NATIONAL-VILLAGE-MANIFEST","35123","C:\APEX\UL2A_AR_FINALIZER_V1_0_0\APEX_WATANYBOT_UL2A_AR_NATIONAL_MANIFEST_FINALIZER_V1_0_0_PACKAGE\village_manifest.csv","a8c810368436869531bd825a16fb42b9c9680e415648decad6d53bfa012e9760","exact-adm3-pcode","accepted","UL2A-AR-NATIONAL-MANIFEST-1.0.2"
"LB-LOC-35125","جديدة الجومه","SRC-NATIONAL-VILLAGE-MANIFEST","35125","C:\APEX\UL2A_AR_FINALIZER_V1_0_0\APEX_WATANYBOT_UL2A_AR_NATIONAL_MANIFEST_FINALIZER_V1_0_0_PACKAGE\village_manifest.csv","a8c810368436869531bd825a16fb42b9c9680e415648decad6d53bfa012e9760","exact-adm3-pcode","accepted","UL2A-AR-NATIONAL-MANIFEST-1.0.2"
"LB-LOC-35126","الدوره","SRC-NATIONAL-VILLAGE-MANIFEST","35126","C:\APEX\UL2A_AR_FINALIZER_V1_0_0\APEX_WATANYBOT_UL2A_AR_NATIONAL_MANIFEST_FINALIZER_V1_0_0_PACKAGE\village_manifest.csv","a8c810368436869531bd825a16fb42b9c9680e415648decad6d53bfa012e9760","exact-adm3-pcode","accepted","UL2A-AR-NATIONAL-MANIFEST-1.0.2"
"LB-LOC-35127","الزواريب","SRC-NATIONAL-VILLAGE-MANIFEST","35127","C:\APEX\UL2A_AR_FINALIZER_V1_0_0\APEX_WATANYBOT_UL2A_AR_NATIONAL_MANIFEST_FINALIZER_V1_0_0_PACKAGE\village_manifest.csv","a8c810368436869531bd825a16fb42b9c9680e415648decad6d53bfa012e9760","exact-adm3-pcode","accepted","UL2A-AR-NATIONAL-MANIFEST-1.0.2"
"LB-LOC-35128","المجدل عكار","SRC-NATIONAL-VILLAGE-MANIFEST","35128","C:\APEX\UL2A_AR_FINALIZER_V1_0_0\APEX_WATANYBOT_UL2A_AR_NATIONAL_MANIFEST_FINALIZER_V1_0_0_PACKAGE\village_manifest.csv","a8c810368436869531bd825a16fb42b9c9680e415648decad6d53bfa012e9760","exact-adm3-pcode","accepted","UL2A-AR-NATIONAL-MANIFEST-1.0.2"
"LB-LOC-35129","منيارة","SRC-NATIONAL-VILLAGE-MANIFEST","35129","C:\APEX\UL2A_AR_FINALIZER_V1_0_0\APEX_WATANYBOT_UL2A_AR_NATIONAL_MANIFEST_FINALIZER_V1_0_0_PACKAGE\village_manifest.csv","a8c810368436869531bd825a16fb42b9c9680e415648decad6d53bfa012e9760","exact-adm3-pcode","accepted","UL2A-AR-NATIONAL-MANIFEST-1.0.2"
"LB-LOC-35131","مشيلحة الحاكور","SRC-NATIONAL-VILLAGE-MANIFEST","35131","C:\APEX\UL2A_AR_FINALIZER_V1_0_0\APEX_WATANYBOT_UL2A_AR_NATIONAL_MANIFEST_FINALIZER_V1_0_0_PACKAGE\village_manifest.csv","a8c810368436869531bd825a16fb42b9c9680e415648decad6d53bfa012e9760","exact-adm3-pcode","accepted","UL2A-AR-NATIONAL-MANIFEST-1.0.2"
"LB-LOC-35133","كرم عصفور","SRC-NATIONAL-VILLAGE-MANIFEST","35133","C:\APEX\UL2A_AR_FINALIZER_V1_0_0\APEX_WATANYBOT_UL2A_AR_NATIONAL_MANIFEST_FINALIZER_V1_0_0_PACKAGE\village_manifest.csv","a8c810368436869531bd825a16fb42b9c9680e415648decad6d53bfa012e9760","exact-adm3-pcode","accepted","UL2A-AR-NATIONAL-MANIFEST-1.0.2"
"LB-LOC-35134","بيت غطاس","SRC-NATIONAL-VILLAGE-MANIFEST","35134","C:\APEX\UL2A_AR_FINALIZER_V1_0_0\APEX_WATANYBOT_UL2A_AR_NATIONAL_MANIFEST_FINALIZER_V1_0_0_PACKAGE\village_manifest.csv","a8c810368436869531bd825a16fb42b9c9680e415648decad6d53bfa012e9760","exact-adm3-pcode","accepted","UL2A-AR-NATIONAL-MANIFEST-1.0.2"
"LB-LOC-35135","القنطرة","SRC-NATIONAL-VILLAGE-MANIFEST","35135","C:\APEX\UL2A_AR_FINALIZER_V1_0_0\APEX_WATANYBOT_UL2A_AR_NATIONAL_MANIFEST_FINALIZER_V1_0_0_PACKAGE\village_manifest.csv","a8c810368436869531bd825a16fb42b9c9680e415648decad6d53bfa012e9760","exact-adm3-pcode","accepted","UL2A-AR-NATIONAL-MANIFEST-1.0.2"
"LB-LOC-35137","مشحة","SRC-NATIONAL-VILLAGE-MANIFEST","35137","C:\APEX\UL2A_AR_FINALIZER_V1_0_0\APEX_WATANYBOT_UL2A_AR_NATIONAL_MANIFEST_FINALIZER_V1_0_0_PACKAGE\village_manifest.csv","a8c810368436869531bd825a16fb42b9c9680e415648decad6d53bfa012e9760","exact-adm3-pcode","accepted","UL2A-AR-NATIONAL-MANIFEST-1.0.2"
"LB-LOC-35139","حيزوق","SRC-NATIONAL-VILLAGE-MANIFEST","35139","C:\APEX\UL2A_AR_FINALIZER_V1_0_0\APEX_WATANYBOT_UL2A_AR_NATIONAL_MANIFEST_FINALIZER_V1_0_0_PACKAGE\village_manifest.csv","a8c810368436869531bd825a16fb42b9c9680e415648decad6d53bfa012e9760","exact-adm3-pcode","accepted","UL2A-AR-NATIONAL-MANIFEST-1.0.2"
"LB-LOC-35141","عرقا","SRC-NATIONAL-VILLAGE-MANIFEST","35141","C:\APEX\UL2A_AR_FINALIZER_V1_0_0\APEX_WATANYBOT_UL2A_AR_NATIONAL_MANIFEST_FINALIZER_V1_0_0_PACKAGE\village_manifest.csv","a8c810368436869531bd825a16fb42b9c9680e415648decad6d53bfa012e9760","exact-adm3-pcode","accepted","UL2A-AR-NATIONAL-MANIFEST-1.0.2"
"LB-LOC-35143","السويسة","SRC-NATIONAL-VILLAGE-MANIFEST","35143","C:\APEX\UL2A_AR_FINALIZER_V1_0_0\APEX_WATANYBOT_UL2A_AR_NATIONAL_MANIFEST_FINALIZER_V1_0_0_PACKAGE\village_manifest.csv","a8c810368436869531bd825a16fb42b9c9680e415648decad6d53bfa012e9760","exact-adm3-pcode","accepted","UL2A-AR-NATIONAL-MANIFEST-1.0.2"
"LB-LOC-35145","ايلات","SRC-NATIONAL-VILLAGE-MANIFEST","35145","C:\APEX\UL2A_AR_FINALIZER_V1_0_0\APEX_WATANYBOT_UL2A_AR_NATIONAL_MANIFEST_FINALIZER_V1_0_0_PACKAGE\village_manifest.csv","a8c810368436869531bd825a16fb42b9c9680e415648decad6d53bfa012e9760","exact-adm3-pcode","accepted","UL2A-AR-NATIONAL-MANIFEST-1.0.2"
"LB-LOC-35147","بقرزلا","SRC-NATIONAL-VILLAGE-MANIFEST","35147","C:\APEX\UL2A_AR_FINALIZER_V1_0_0\APEX_WATANYBOT_UL2A_AR_NATIONAL_MANIFEST_FINALIZER_V1_0_0_PACKAGE\village_manifest.csv","a8c810368436869531bd825a16fb42b9c9680e415648decad6d53bfa012e9760","exact-adm3-pcode","accepted","UL2A-AR-NATIONAL-MANIFEST-1.0.2"
"LB-LOC-35149","دير دلوم","SRC-NATIONAL-VILLAGE-MANIFEST","35149","C:\APEX\UL2A_AR_FINALIZER_V1_0_0\APEX_WATANYBOT_UL2A_AR_NATIONAL_MANIFEST_FINALIZER_V1_0_0_PACKAGE\village_manifest.csv","a8c810368436869531bd825a16fb42b9c9680e415648decad6d53bfa012e9760","exact-adm3-pcode","accepted","UL2A-AR-NATIONAL-MANIFEST-1.0.2"
"LB-LOC-35151","ذوق الحصينة","SRC-NATIONAL-VILLAGE-MANIFEST","35151","C:\APEX\UL2A_AR_FINALIZER_V1_0_0\APEX_WATANYBOT_UL2A_AR_NATIONAL_MANIFEST_FINALIZER_V1_0_0_PACKAGE\village_manifest.csv","a8c810368436869531bd825a16fb42b9c9680e415648decad6d53bfa012e9760","exact-adm3-pcode","accepted","UL2A-AR-NATIONAL-MANIFEST-1.0.2"
"LB-LOC-35153","ذوق الحبالصة","SRC-NATIONAL-VILLAGE-MANIFEST","35153","C:\APEX\UL2A_AR_FINALIZER_V1_0_0\APEX_WATANYBOT_UL2A_AR_NATIONAL_MANIFEST_FINALIZER_V1_0_0_PACKAGE\village_manifest.csv","a8c810368436869531bd825a16fb42b9c9680e415648decad6d53bfa012e9760","exact-adm3-pcode","accepted","UL2A-AR-NATIONAL-MANIFEST-1.0.2"
"LB-LOC-35155","ضهر ليسينه","SRC-NATIONAL-VILLAGE-MANIFEST","35155","C:\APEX\UL2A_AR_FINALIZER_V1_0_0\APEX_WATANYBOT_UL2A_AR_NATIONAL_MANIFEST_FINALIZER_V1_0_0_PACKAGE\village_manifest.csv","a8c810368436869531bd825a16fb42b9c9680e415648decad6d53bfa012e9760","exact-adm3-pcode","accepted","UL2A-AR-NATIONAL-MANIFEST-1.0.2"
"LB-LOC-35157","كفرحره","SRC-NATIONAL-VILLAGE-MANIFEST","35157","C:\APEX\UL2A_AR_FINALIZER_V1_0_0\APEX_WATANYBOT_UL2A_AR_NATIONAL_MANIFEST_FINALIZER_V1_0_0_PACKAGE\village_manifest.csv","a8c810368436869531bd825a16fb42b9c9680e415648decad6d53bfa012e9760","exact-adm3-pcode","accepted","UL2A-AR-NATIONAL-MANIFEST-1.0.2"
"LB-LOC-35158","بلدي","SRC-NATIONAL-VILLAGE-MANIFEST","35158","C:\APEX\UL2A_AR_FINALIZER_V1_0_0\APEX_WATANYBOT_UL2A_AR_NATIONAL_MANIFEST_FINALIZER_V1_0_0_PACKAGE\village_manifest.csv","a8c810368436869531bd825a16fb42b9c9680e415648decad6d53bfa012e9760","exact-adm3-pcode","accepted","UL2A-AR-NATIONAL-MANIFEST-1.0.2"
"LB-LOC-35159","ذوق حدارة","SRC-NATIONAL-VILLAGE-MANIFEST","35159","C:\APEX\UL2A_AR_FINALIZER_V1_0_0\APEX_WATANYBOT_UL2A_AR_NATIONAL_MANIFEST_FINALIZER_V1_0_0_PACKAGE\village_manifest.csv","a8c810368436869531bd825a16fb42b9c9680e415648decad6d53bfa012e9760","exact-adm3-pcode","accepted","UL2A-AR-NATIONAL-MANIFEST-1.0.2"
"LB-LOC-35161","ذوق المقشرين","SRC-NATIONAL-VILLAGE-MANIFEST","35161","C:\APEX\UL2A_AR_FINALIZER_V1_0_0\APEX_WATANYBOT_UL2A_AR_NATIONAL_MANIFEST_FINALIZER_V1_0_0_PACKAGE\village_manifest.csv","a8c810368436869531bd825a16fb42b9c9680e415648decad6d53bfa012e9760","exact-adm3-pcode","accepted","UL2A-AR-NATIONAL-MANIFEST-1.0.2"
"LB-LOC-35163","جبرائيل","SRC-NATIONAL-VILLAGE-MANIFEST","35163","C:\APEX\UL2A_AR_FINALIZER_V1_0_0\APEX_WATANYBOT_UL2A_AR_NATIONAL_MANIFEST_FINALIZER_V1_0_0_PACKAGE\village_manifest.csv","a8c810368436869531bd825a16fb42b9c9680e415648decad6d53bfa012e9760","exact-adm3-pcode","accepted","UL2A-AR-NATIONAL-MANIFEST-1.0.2"
"LB-LOC-35167","مار توما","SRC-NATIONAL-VILLAGE-MANIFEST","35167","C:\APEX\UL2A_AR_FINALIZER_V1_0_0\APEX_WATANYBOT_UL2A_AR_NATIONAL_MANIFEST_FINALIZER_V1_0_0_PACKAGE\village_manifest.csv","a8c810368436869531bd825a16fb42b9c9680e415648decad6d53bfa012e9760","exact-adm3-pcode","accepted","UL2A-AR-NATIONAL-MANIFEST-1.0.2"
"LB-LOC-35169","الهد","SRC-NATIONAL-VILLAGE-MANIFEST","35169","C:\APEX\UL2A_AR_FINALIZER_V1_0_0\APEX_WATANYBOT_UL2A_AR_NATIONAL_MANIFEST_FINALIZER_V1_0_0_PACKAGE\village_manifest.csv","a8c810368436869531bd825a16fb42b9c9680e415648decad6d53bfa012e9760","exact-adm3-pcode","accepted","UL2A-AR-NATIONAL-MANIFEST-1.0.2"
"LB-LOC-35171","تكريت","SRC-NATIONAL-VILLAGE-MANIFEST","35171","C:\APEX\UL2A_AR_FINALIZER_V1_0_0\APEX_WATANYBOT_UL2A_AR_NATIONAL_MANIFEST_FINALIZER_V1_0_0_PACKAGE\village_manifest.csv","a8c810368436869531bd825a16fb42b9c9680e415648decad6d53bfa012e9760","exact-adm3-pcode","accepted","UL2A-AR-NATIONAL-MANIFEST-1.0.2"
"LB-LOC-35173","شطاحة","SRC-NATIONAL-VILLAGE-MANIFEST","35173","C:\APEX\UL2A_AR_FINALIZER_V1_0_0\APEX_WATANYBOT_UL2A_AR_NATIONAL_MANIFEST_FINALIZER_V1_0_0_PACKAGE\village_manifest.csv","a8c810368436869531bd825a16fb42b9c9680e415648decad6d53bfa012e9760","exact-adm3-pcode","accepted","UL2A-AR-NATIONAL-MANIFEST-1.0.2"
"LB-LOC-35174","بيت ملات","SRC-NATIONAL-VILLAGE-MANIFEST","35174","C:\APEX\UL2A_AR_FINALIZER_V1_0_0\APEX_WATANYBOT_UL2A_AR_NATIONAL_MANIFEST_FINALIZER_V1_0_0_PACKAGE\village_manifest.csv","a8c810368436869531bd825a16fb42b9c9680e415648decad6d53bfa012e9760","exact-adm3-pcode","accepted","UL2A-AR-NATIONAL-MANIFEST-1.0.2"
"LB-LOC-35175","بينو","SRC-NATIONAL-VILLAGE-MANIFEST","35175","C:\APEX\UL2A_AR_FINALIZER_V1_0_0\APEX_WATANYBOT_UL2A_AR_NATIONAL_MANIFEST_FINALIZER_V1_0_0_PACKAGE\village_manifest.csv","a8c810368436869531bd825a16fb42b9c9680e415648decad6d53bfa012e9760","exact-adm3-pcode","accepted","UL2A-AR-NATIONAL-MANIFEST-1.0.2"
"LB-LOC-35177","العيون","SRC-NATIONAL-VILLAGE-MANIFEST","35177","C:\APEX\UL2A_AR_FINALIZER_V1_0_0\APEX_WATANYBOT_UL2A_AR_NATIONAL_MANIFEST_FINALIZER_V1_0_0_PACKAGE\village_manifest.csv","a8c810368436869531bd825a16fb42b9c9680e415648decad6d53bfa012e9760","exact-adm3-pcode","accepted","UL2A-AR-NATIONAL-MANIFEST-1.0.2"
"LB-LOC-35179","قبولا","SRC-NATIONAL-VILLAGE-MANIFEST","35179","C:\APEX\UL2A_AR_FINALIZER_V1_0_0\APEX_WATANYBOT_UL2A_AR_NATIONAL_MANIFEST_FINALIZER_V1_0_0_PACKAGE\village_manifest.csv","a8c810368436869531bd825a16fb42b9c9680e415648decad6d53bfa012e9760","exact-adm3-pcode","accepted","UL2A-AR-NATIONAL-MANIFEST-1.0.2"
"LB-LOC-35181","الشقدوف","SRC-NATIONAL-VILLAGE-MANIFEST","35181","C:\APEX\UL2A_AR_FINALIZER_V1_0_0\APEX_WATANYBOT_UL2A_AR_NATIONAL_MANIFEST_FINALIZER_V1_0_0_PACKAGE\village_manifest.csv","a8c810368436869531bd825a16fb42b9c9680e415648decad6d53bfa012e9760","exact-adm3-pcode","accepted","UL2A-AR-NATIONAL-MANIFEST-1.0.2"
"LB-LOC-35183","البرج عكار","SRC-NATIONAL-VILLAGE-MANIFEST","35183","C:\APEX\UL2A_AR_FINALIZER_V1_0_0\APEX_WATANYBOT_UL2A_AR_NATIONAL_MANIFEST_FINALIZER_V1_0_0_PACKAGE\village_manifest.csv","a8c810368436869531bd825a16fb42b9c9680e415648decad6d53bfa012e9760","exact-adm3-pcode","accepted","UL2A-AR-NATIONAL-MANIFEST-1.0.2"
"LB-LOC-35185","عيات","SRC-NATIONAL-VILLAGE-MANIFEST","35185","C:\APEX\UL2A_AR_FINALIZER_V1_0_0\APEX_WATANYBOT_UL2A_AR_NATIONAL_MANIFEST_FINALIZER_V1_0_0_PACKAGE\village_manifest.csv","a8c810368436869531bd825a16fb42b9c9680e415648decad6d53bfa012e9760","exact-adm3-pcode","accepted","UL2A-AR-NATIONAL-MANIFEST-1.0.2"
"LB-LOC-35187","عين يعقوب","SRC-NATIONAL-VILLAGE-MANIFEST","35187","C:\APEX\UL2A_AR_FINALIZER_V1_0_0\APEX_WATANYBOT_UL2A_AR_NATIONAL_MANIFEST_FINALIZER_V1_0_0_PACKAGE\village_manifest.csv","a8c810368436869531bd825a16fb42b9c9680e415648decad6d53bfa012e9760","exact-adm3-pcode","accepted","UL2A-AR-NATIONAL-MANIFEST-1.0.2"
"LB-LOC-35189","بزبينا","SRC-NATIONAL-VILLAGE-MANIFEST","35189","C:\APEX\UL2A_AR_FINALIZER_V1_0_0\APEX_WATANYBOT_UL2A_AR_NATIONAL_MANIFEST_FINALIZER_V1_0_0_PACKAGE\village_manifest.csv","a8c810368436869531bd825a16fb42b9c9680e415648decad6d53bfa012e9760","exact-adm3-pcode","accepted","UL2A-AR-NATIONAL-MANIFEST-1.0.2"
"LB-LOC-35191","عكار العتيقة","SRC-NATIONAL-VILLAGE-MANIFEST","35191","C:\APEX\UL2A_AR_FINALIZER_V1_0_0\APEX_WATANYBOT_UL2A_AR_NATIONAL_MANIFEST_FINALIZER_V1_0_0_PACKAGE\village_manifest.csv","a8c810368436869531bd825a16fb42b9c9680e415648decad6d53bfa012e9760","exact-adm3-pcode","accepted","UL2A-AR-NATIONAL-MANIFEST-1.0.2"
"LB-LOC-35211","تلعباس غربي","SRC-NATIONAL-VILLAGE-MANIFEST","35211","C:\APEX\UL2A_AR_FINALIZER_V1_0_0\APEX_WATANYBOT_UL2A_AR_NATIONAL_MANIFEST_FINALIZER_V1_0_0_PACKAGE\village_manifest.csv","a8c810368436869531bd825a16fb42b9c9680e415648decad6d53bfa012e9760","exact-adm3-pcode","accepted","UL2A-AR-NATIONAL-MANIFEST-1.0.2"
"LB-LOC-35213","تل عباس الشرقي","SRC-NATIONAL-VILLAGE-MANIFEST","35213","C:\APEX\UL2A_AR_FINALIZER_V1_0_0\APEX_WATANYBOT_UL2A_AR_NATIONAL_MANIFEST_FINALIZER_V1_0_0_PACKAGE\village_manifest.csv","a8c810368436869531bd825a16fb42b9c9680e415648decad6d53bfa012e9760","exact-adm3-pcode","accepted","UL2A-AR-NATIONAL-MANIFEST-1.0.2"
"LB-LOC-35215","الكويخات","SRC-NATIONAL-VILLAGE-MANIFEST","35215","C:\APEX\UL2A_AR_FINALIZER_V1_0_0\APEX_WATANYBOT_UL2A_AR_NATIONAL_MANIFEST_FINALIZER_V1_0_0_PACKAGE\village_manifest.csv","a8c810368436869531bd825a16fb42b9c9680e415648decad6d53bfa012e9760","exact-adm3-pcode","accepted","UL2A-AR-NATIONAL-MANIFEST-1.0.2"
"LB-LOC-35216","خريبة الجندي","SRC-NATIONAL-VILLAGE-MANIFEST","35216","C:\APEX\UL2A_AR_FINALIZER_V1_0_0\APEX_WATANYBOT_UL2A_AR_NATIONAL_MANIFEST_FINALIZER_V1_0_0_PACKAGE\village_manifest.csv","a8c810368436869531bd825a16fb42b9c9680e415648decad6d53bfa012e9760","exact-adm3-pcode","accepted","UL2A-AR-NATIONAL-MANIFEST-1.0.2"
"LB-LOC-35217","سعدين","SRC-NATIONAL-VILLAGE-MANIFEST","35217","C:\APEX\UL2A_AR_FINALIZER_V1_0_0\APEX_WATANYBOT_UL2A_AR_NATIONAL_MANIFEST_FINALIZER_V1_0_0_PACKAGE\village_manifest.csv","a8c810368436869531bd825a16fb42b9c9680e415648decad6d53bfa012e9760","exact-adm3-pcode","accepted","UL2A-AR-NATIONAL-MANIFEST-1.0.2"
"LB-LOC-35219","هوشب","SRC-NATIONAL-VILLAGE-MANIFEST","35219","C:\APEX\UL2A_AR_FINALIZER_V1_0_0\APEX_WATANYBOT_UL2A_AR_NATIONAL_MANIFEST_FINALIZER_V1_0_0_PACKAGE\village_manifest.csv","a8c810368436869531bd825a16fb42b9c9680e415648decad6d53bfa012e9760","exact-adm3-pcode","accepted","UL2A-AR-NATIONAL-MANIFEST-1.0.2"
"LB-LOC-35221","الحيصة","SRC-NATIONAL-VILLAGE-MANIFEST","35221","C:\APEX\UL2A_AR_FINALIZER_V1_0_0\APEX_WATANYBOT_UL2A_AR_NATIONAL_MANIFEST_FINALIZER_V1_0_0_PACKAGE\village_manifest.csv","a8c810368436869531bd825a16fb42b9c9680e415648decad6d53bfa012e9760","exact-adm3-pcode","accepted","UL2A-AR-NATIONAL-MANIFEST-1.0.2"
"LB-LOC-35223","حكر قتة","SRC-NATIONAL-VILLAGE-MANIFEST","35223","C:\APEX\UL2A_AR_FINALIZER_V1_0_0\APEX_WATANYBOT_UL2A_AR_NATIONAL_MANIFEST_FINALIZER_V1_0_0_PACKAGE\village_manifest.csv","a8c810368436869531bd825a16fb42b9c9680e415648decad6d53bfa012e9760","exact-adm3-pcode","accepted","UL2A-AR-NATIONAL-MANIFEST-1.0.2"
"LB-LOC-35224","شير حمارين","SRC-NATIONAL-VILLAGE-MANIFEST","35224","C:\APEX\UL2A_AR_FINALIZER_V1_0_0\APEX_WATANYBOT_UL2A_AR_NATIONAL_MANIFEST_FINALIZER_V1_0_0_PACKAGE\village_manifest.csv","a8c810368436869531bd825a16fb42b9c9680e415648decad6d53bfa012e9760","exact-adm3-pcode","accepted","UL2A-AR-NATIONAL-MANIFEST-1.0.2"
"LB-LOC-35225","دارين","SRC-NATIONAL-VILLAGE-MANIFEST","35225","C:\APEX\UL2A_AR_FINALIZER_V1_0_0\APEX_WATANYBOT_UL2A_AR_NATIONAL_MANIFEST_FINALIZER_V1_0_0_PACKAGE\village_manifest.csv","a8c810368436869531bd825a16fb42b9c9680e415648decad6d53bfa012e9760","exact-adm3-pcode","accepted","UL2A-AR-NATIONAL-MANIFEST-1.0.2"
"LB-LOC-35227","السمونيه","SRC-NATIONAL-VILLAGE-MANIFEST","35227","C:\APEX\UL2A_AR_FINALIZER_V1_0_0\APEX_WATANYBOT_UL2A_AR_NATIONAL_MANIFEST_FINALIZER_V1_0_0_PACKAGE\village_manifest.csv","a8c810368436869531bd825a16fb42b9c9680e415648decad6d53bfa012e9760","exact-adm3-pcode","accepted","UL2A-AR-NATIONAL-MANIFEST-1.0.2"
"LB-LOC-35229","المسعودية","SRC-NATIONAL-VILLAGE-MANIFEST","35229","C:\APEX\UL2A_AR_FINALIZER_V1_0_0\APEX_WATANYBOT_UL2A_AR_NATIONAL_MANIFEST_FINALIZER_V1_0_0_PACKAGE\village_manifest.csv","a8c810368436869531bd825a16fb42b9c9680e415648decad6d53bfa012e9760","exact-adm3-pcode","accepted","UL2A-AR-NATIONAL-MANIFEST-1.0.2"
"LB-LOC-35231","تلمعيان","SRC-NATIONAL-VILLAGE-MANIFEST","35231","C:\APEX\UL2A_AR_FINALIZER_V1_0_0\APEX_WATANYBOT_UL2A_AR_NATIONAL_MANIFEST_FINALIZER_V1_0_0_PACKAGE\village_manifest.csv","a8c810368436869531bd825a16fb42b9c9680e415648decad6d53bfa012e9760","exact-adm3-pcode","accepted","UL2A-AR-NATIONAL-MANIFEST-1.0.2"
"LB-LOC-35233","قعبرين","SRC-NATIONAL-VILLAGE-MANIFEST","35233","C:\APEX\UL2A_AR_FINALIZER_V1_0_0\APEX_WATANYBOT_UL2A_AR_NATIONAL_MANIFEST_FINALIZER_V1_0_0_PACKAGE\village_manifest.csv","a8c810368436869531bd825a16fb42b9c9680e415648decad6d53bfa012e9760","exact-adm3-pcode","accepted","UL2A-AR-NATIONAL-MANIFEST-1.0.2"
"LB-LOC-35234","كفرملكي","SRC-NATIONAL-VILLAGE-MANIFEST","35234","C:\APEX\UL2A_AR_FINALIZER_V1_0_0\APEX_WATANYBOT_UL2A_AR_NATIONAL_MANIFEST_FINALIZER_V1_0_0_PACKAGE\village_manifest.csv","a8c810368436869531bd825a16fb42b9c9680e415648decad6d53bfa012e9760","exact-adm3-pcode","accepted","UL2A-AR-NATIONAL-MANIFEST-1.0.2"
"LB-LOC-35235","تلبيرة","SRC-NATIONAL-VILLAGE-MANIFEST","35235","C:\APEX\UL2A_AR_FINALIZER_V1_0_0\APEX_WATANYBOT_UL2A_AR_NATIONAL_MANIFEST_FINALIZER_V1_0_0_PACKAGE\village_manifest.csv","a8c810368436869531bd825a16fb42b9c9680e415648decad6d53bfa012e9760","exact-adm3-pcode","accepted","UL2A-AR-NATIONAL-MANIFEST-1.0.2"
"LB-LOC-35237","تلحميرة","SRC-NATIONAL-VILLAGE-MANIFEST","35237","C:\APEX\UL2A_AR_FINALIZER_V1_0_0\APEX_WATANYBOT_UL2A_AR_NATIONAL_MANIFEST_FINALIZER_V1_0_0_PACKAGE\village_manifest.csv","a8c810368436869531bd825a16fb42b9c9680e415648decad6d53bfa012e9760","exact-adm3-pcode","accepted","UL2A-AR-NATIONAL-MANIFEST-1.0.2"
"LB-LOC-35239","حكر جورة سرار","SRC-NATIONAL-VILLAGE-MANIFEST","35239","C:\APEX\UL2A_AR_FINALIZER_V1_0_0\APEX_WATANYBOT_UL2A_AR_NATIONAL_MANIFEST_FINALIZER_V1_0_0_PACKAGE\village_manifest.csv","a8c810368436869531bd825a16fb42b9c9680e415648decad6d53bfa012e9760","exact-adm3-pcode","accepted","UL2A-AR-NATIONAL-MANIFEST-1.0.2"
"LB-LOC-35241","برشا","SRC-NATIONAL-VILLAGE-MANIFEST","35241","C:\APEX\UL2A_AR_FINALIZER_V1_0_0\APEX_WATANYBOT_UL2A_AR_NATIONAL_MANIFEST_FINALIZER_V1_0_0_PACKAGE\village_manifest.csv","a8c810368436869531bd825a16fb42b9c9680e415648decad6d53bfa012e9760","exact-adm3-pcode","accepted","UL2A-AR-NATIONAL-MANIFEST-1.0.2"
"LB-LOC-35243","القليعات","SRC-NATIONAL-VILLAGE-MANIFEST","35243","C:\APEX\UL2A_AR_FINALIZER_V1_0_0\APEX_WATANYBOT_UL2A_AR_NATIONAL_MANIFEST_FINALIZER_V1_0_0_PACKAGE\village_manifest.csv","a8c810368436869531bd825a16fb42b9c9680e415648decad6d53bfa012e9760","exact-adm3-pcode","accepted","UL2A-AR-NATIONAL-MANIFEST-1.0.2"
"LB-LOC-35245","الكنيسة","SRC-NATIONAL-VILLAGE-MANIFEST","35245","C:\APEX\UL2A_AR_FINALIZER_V1_0_0\APEX_WATANYBOT_UL2A_AR_NATIONAL_MANIFEST_FINALIZER_V1_0_0_PACKAGE\village_manifest.csv","a8c810368436869531bd825a16fb42b9c9680e415648decad6d53bfa012e9760","exact-adm3-pcode","accepted","UL2A-AR-NATIONAL-MANIFEST-1.0.2"
"LB-LOC-35247","تل سبعل","SRC-NATIONAL-VILLAGE-MANIFEST","35247","C:\APEX\UL2A_AR_FINALIZER_V1_0_0\APEX_WATANYBOT_UL2A_AR_NATIONAL_MANIFEST_FINALIZER_V1_0_0_PACKAGE\village_manifest.csv","a8c810368436869531bd825a16fb42b9c9680e415648decad6d53bfa012e9760","exact-adm3-pcode","accepted","UL2A-AR-NATIONAL-MANIFEST-1.0.2"
"LB-LOC-35249","العبودية","SRC-NATIONAL-VILLAGE-MANIFEST","35249","C:\APEX\UL2A_AR_FINALIZER_V1_0_0\APEX_WATANYBOT_UL2A_AR_NATIONAL_MANIFEST_FINALIZER_V1_0_0_PACKAGE\village_manifest.csv","a8c810368436869531bd825a16fb42b9c9680e415648decad6d53bfa012e9760","exact-adm3-pcode","accepted","UL2A-AR-NATIONAL-MANIFEST-1.0.2"
"LB-LOC-35251","المغراق","SRC-NATIONAL-VILLAGE-MANIFEST","35251","C:\APEX\UL2A_AR_FINALIZER_V1_0_0\APEX_WATANYBOT_UL2A_AR_NATIONAL_MANIFEST_FINALIZER_V1_0_0_PACKAGE\village_manifest.csv","a8c810368436869531bd825a16fb42b9c9680e415648decad6d53bfa012e9760","exact-adm3-pcode","accepted","UL2A-AR-NATIONAL-MANIFEST-1.0.2"
"LB-LOC-35253","حكر الضاهري","SRC-NATIONAL-VILLAGE-MANIFEST","35253","C:\APEX\UL2A_AR_FINALIZER_V1_0_0\APEX_WATANYBOT_UL2A_AR_NATIONAL_MANIFEST_FINALIZER_V1_0_0_PACKAGE\village_manifest.csv","a8c810368436869531bd825a16fb42b9c9680e415648decad6d53bfa012e9760","exact-adm3-pcode","accepted","UL2A-AR-NATIONAL-MANIFEST-1.0.2"
"LB-LOC-35255","مار ليا ملحم","SRC-NATIONAL-VILLAGE-MANIFEST","35255","C:\APEX\UL2A_AR_FINALIZER_V1_0_0\APEX_WATANYBOT_UL2A_AR_NATIONAL_MANIFEST_FINALIZER_V1_0_0_PACKAGE\village_manifest.csv","a8c810368436869531bd825a16fb42b9c9680e415648decad6d53bfa012e9760","exact-adm3-pcode","accepted","UL2A-AR-NATIONAL-MANIFEST-1.0.2"
"LB-LOC-35257","الخرنوبه","SRC-NATIONAL-VILLAGE-MANIFEST","35257","C:\APEX\UL2A_AR_FINALIZER_V1_0_0\APEX_WATANYBOT_UL2A_AR_NATIONAL_MANIFEST_FINALIZER_V1_0_0_PACKAGE\village_manifest.csv","a8c810368436869531bd825a16fb42b9c9680e415648decad6d53bfa012e9760","exact-adm3-pcode","accepted","UL2A-AR-NATIONAL-MANIFEST-1.0.2"
"LB-LOC-35259","سمقالي","SRC-NATIONAL-VILLAGE-MANIFEST","35259","C:\APEX\UL2A_AR_FINALIZER_V1_0_0\APEX_WATANYBOT_UL2A_AR_NATIONAL_MANIFEST_FINALIZER_V1_0_0_PACKAGE\village_manifest.csv","a8c810368436869531bd825a16fb42b9c9680e415648decad6d53bfa012e9760","exact-adm3-pcode","accepted","UL2A-AR-NATIONAL-MANIFEST-1.0.2"
"LB-LOC-35261","المقيطع","SRC-NATIONAL-VILLAGE-MANIFEST","35261","C:\APEX\UL2A_AR_FINALIZER_V1_0_0\APEX_WATANYBOT_UL2A_AR_NATIONAL_MANIFEST_FINALIZER_V1_0_0_PACKAGE\village_manifest.csv","a8c810368436869531bd825a16fb42b9c9680e415648decad6d53bfa012e9760","exact-adm3-pcode","accepted","UL2A-AR-NATIONAL-MANIFEST-1.0.2"
"LB-LOC-35263","جنين","SRC-NATIONAL-VILLAGE-MANIFEST","35263","C:\APEX\UL2A_AR_FINALIZER_V1_0_0\APEX_WATANYBOT_UL2A_AR_NATIONAL_MANIFEST_FINALIZER_V1_0_0_PACKAGE\village_manifest.csv","a8c810368436869531bd825a16fb42b9c9680e415648decad6d53bfa012e9760","exact-adm3-pcode","accepted","UL2A-AR-NATIONAL-MANIFEST-1.0.2"
"LB-LOC-35265","عماره","SRC-NATIONAL-VILLAGE-MANIFEST","35265","C:\APEX\UL2A_AR_FINALIZER_V1_0_0\APEX_WATANYBOT_UL2A_AR_NATIONAL_MANIFEST_FINALIZER_V1_0_0_PACKAGE\village_manifest.csv","a8c810368436869531bd825a16fb42b9c9680e415648decad6d53bfa012e9760","exact-adm3-pcode","accepted","UL2A-AR-NATIONAL-MANIFEST-1.0.2"
"LB-LOC-35267","الشيخ زناد","SRC-NATIONAL-VILLAGE-MANIFEST","35267","C:\APEX\UL2A_AR_FINALIZER_V1_0_0\APEX_WATANYBOT_UL2A_AR_NATIONAL_MANIFEST_FINALIZER_V1_0_0_PACKAGE\village_manifest.csv","a8c810368436869531bd825a16fb42b9c9680e415648decad6d53bfa012e9760","exact-adm3-pcode","accepted","UL2A-AR-NATIONAL-MANIFEST-1.0.2"
"LB-LOC-35269","قبة شمرا","SRC-NATIONAL-VILLAGE-MANIFEST","35269","C:\APEX\UL2A_AR_FINALIZER_V1_0_0\APEX_WATANYBOT_UL2A_AR_NATIONAL_MANIFEST_FINALIZER_V1_0_0_PACKAGE\village_manifest.csv","a8c810368436869531bd825a16fb42b9c9680e415648decad6d53bfa012e9760","exact-adm3-pcode","accepted","UL2A-AR-NATIONAL-MANIFEST-1.0.2"
"LB-LOC-35271","السماقية","SRC-NATIONAL-VILLAGE-MANIFEST","35271","C:\APEX\UL2A_AR_FINALIZER_V1_0_0\APEX_WATANYBOT_UL2A_AR_NATIONAL_MANIFEST_FINALIZER_V1_0_0_PACKAGE\village_manifest.csv","a8c810368436869531bd825a16fb42b9c9680e415648decad6d53bfa012e9760","exact-adm3-pcode","accepted","UL2A-AR-NATIONAL-MANIFEST-1.0.2"
"LB-LOC-35273","العريضة","SRC-NATIONAL-VILLAGE-MANIFEST","35273","C:\APEX\UL2A_AR_FINALIZER_V1_0_0\APEX_WATANYBOT_UL2A_AR_NATIONAL_MANIFEST_FINALIZER_V1_0_0_PACKAGE\village_manifest.csv","a8c810368436869531bd825a16fb42b9c9680e415648decad6d53bfa012e9760","exact-adm3-pcode","accepted","UL2A-AR-NATIONAL-MANIFEST-1.0.2"
"LB-LOC-35275","ببنين","SRC-NATIONAL-VILLAGE-MANIFEST","35275","C:\APEX\UL2A_AR_FINALIZER_V1_0_0\APEX_WATANYBOT_UL2A_AR_NATIONAL_MANIFEST_FINALIZER_V1_0_0_PACKAGE\village_manifest.csv","a8c810368436869531bd825a16fb42b9c9680e415648decad6d53bfa012e9760","exact-adm3-pcode","accepted","UL2A-AR-NATIONAL-MANIFEST-1.0.2"
"LB-LOC-35277","المحمرة","SRC-NATIONAL-VILLAGE-MANIFEST","35277","C:\APEX\UL2A_AR_FINALIZER_V1_0_0\APEX_WATANYBOT_UL2A_AR_NATIONAL_MANIFEST_FINALIZER_V1_0_0_PACKAGE\village_manifest.csv","a8c810368436869531bd825a16fb42b9c9680e415648decad6d53bfa012e9760","exact-adm3-pcode","accepted","UL2A-AR-NATIONAL-MANIFEST-1.0.2"
"LB-LOC-35281","رمول","SRC-NATIONAL-VILLAGE-MANIFEST","35281","C:\APEX\UL2A_AR_FINALIZER_V1_0_0\APEX_WATANYBOT_UL2A_AR_NATIONAL_MANIFEST_FINALIZER_V1_0_0_PACKAGE\village_manifest.csv","a8c810368436869531bd825a16fb42b9c9680e415648decad6d53bfa012e9760","exact-adm3-pcode","accepted","UL2A-AR-NATIONAL-MANIFEST-1.0.2"
"LB-LOC-35311","سيسوق","SRC-NATIONAL-VILLAGE-MANIFEST","35311","C:\APEX\UL2A_AR_FINALIZER_V1_0_0\APEX_WATANYBOT_UL2A_AR_NATIONAL_MANIFEST_FINALIZER_V1_0_0_PACKAGE\village_manifest.csv","a8c810368436869531bd825a16fb42b9c9680e415648decad6d53bfa012e9760","exact-adm3-pcode","accepted","UL2A-AR-NATIONAL-MANIFEST-1.0.2"
"LB-LOC-35314","برقايل","SRC-NATIONAL-VILLAGE-MANIFEST","35314","C:\APEX\UL2A_AR_FINALIZER_V1_0_0\APEX_WATANYBOT_UL2A_AR_NATIONAL_MANIFEST_FINALIZER_V1_0_0_PACKAGE\village_manifest.csv","a8c810368436869531bd825a16fb42b9c9680e415648decad6d53bfa012e9760","exact-adm3-pcode","accepted","UL2A-AR-NATIONAL-MANIFEST-1.0.2"
"LB-LOC-35316","بزال","SRC-NATIONAL-VILLAGE-MANIFEST","35316","C:\APEX\UL2A_AR_FINALIZER_V1_0_0\APEX_WATANYBOT_UL2A_AR_NATIONAL_MANIFEST_FINALIZER_V1_0_0_PACKAGE\village_manifest.csv","a8c810368436869531bd825a16fb42b9c9680e415648decad6d53bfa012e9760","exact-adm3-pcode","accepted","UL2A-AR-NATIONAL-MANIFEST-1.0.2"
"LB-LOC-35317","قلود الباقية","SRC-NATIONAL-VILLAGE-MANIFEST","35317","C:\APEX\UL2A_AR_FINALIZER_V1_0_0\APEX_WATANYBOT_UL2A_AR_NATIONAL_MANIFEST_FINALIZER_V1_0_0_PACKAGE\village_manifest.csv","a8c810368436869531bd825a16fb42b9c9680e415648decad6d53bfa012e9760","exact-adm3-pcode","accepted","UL2A-AR-NATIONAL-MANIFEST-1.0.2"
"LB-LOC-35318","دنبو عين الذهب","SRC-NATIONAL-VILLAGE-MANIFEST","35318","C:\APEX\UL2A_AR_FINALIZER_V1_0_0\APEX_WATANYBOT_UL2A_AR_NATIONAL_MANIFEST_FINALIZER_V1_0_0_PACKAGE\village_manifest.csv","a8c810368436869531bd825a16fb42b9c9680e415648decad6d53bfa012e9760","exact-adm3-pcode","accepted","UL2A-AR-NATIONAL-MANIFEST-1.0.2"
"LB-LOC-35320","شان","SRC-NATIONAL-VILLAGE-MANIFEST","35320","C:\APEX\UL2A_AR_FINALIZER_V1_0_0\APEX_WATANYBOT_UL2A_AR_NATIONAL_MANIFEST_FINALIZER_V1_0_0_PACKAGE\village_manifest.csv","a8c810368436869531bd825a16fb42b9c9680e415648decad6d53bfa012e9760","exact-adm3-pcode","accepted","UL2A-AR-NATIONAL-MANIFEST-1.0.2"
"LB-LOC-35321","بيت يونس","SRC-NATIONAL-VILLAGE-MANIFEST","35321","C:\APEX\UL2A_AR_FINALIZER_V1_0_0\APEX_WATANYBOT_UL2A_AR_NATIONAL_MANIFEST_FINALIZER_V1_0_0_PACKAGE\village_manifest.csv","a8c810368436869531bd825a16fb42b9c9680e415648decad6d53bfa012e9760","exact-adm3-pcode","accepted","UL2A-AR-NATIONAL-MANIFEST-1.0.2"
"LB-LOC-35322","الحويش","SRC-NATIONAL-VILLAGE-MANIFEST","35322","C:\APEX\UL2A_AR_FINALIZER_V1_0_0\APEX_WATANYBOT_UL2A_AR_NATIONAL_MANIFEST_FINALIZER_V1_0_0_PACKAGE\village_manifest.csv","a8c810368436869531bd825a16fb42b9c9680e415648decad6d53bfa012e9760","exact-adm3-pcode","accepted","UL2A-AR-NATIONAL-MANIFEST-1.0.2"
"LB-LOC-35324","سفينة القيطع","SRC-NATIONAL-VILLAGE-MANIFEST","35324","C:\APEX\UL2A_AR_FINALIZER_V1_0_0\APEX_WATANYBOT_UL2A_AR_NATIONAL_MANIFEST_FINALIZER_V1_0_0_PACKAGE\village_manifest.csv","a8c810368436869531bd825a16fb42b9c9680e415648decad6d53bfa012e9760","exact-adm3-pcode","accepted","UL2A-AR-NATIONAL-MANIFEST-1.0.2"
"LB-LOC-35325","قبعيت","SRC-NATIONAL-VILLAGE-MANIFEST","35325","C:\APEX\UL2A_AR_FINALIZER_V1_0_0\APEX_WATANYBOT_UL2A_AR_NATIONAL_MANIFEST_FINALIZER_V1_0_0_PACKAGE\village_manifest.csv","a8c810368436869531bd825a16fb42b9c9680e415648decad6d53bfa012e9760","exact-adm3-pcode","accepted","UL2A-AR-NATIONAL-MANIFEST-1.0.2"
"LB-LOC-35326","حبشيت","SRC-NATIONAL-VILLAGE-MANIFEST","35326","C:\APEX\UL2A_AR_FINALIZER_V1_0_0\APEX_WATANYBOT_UL2A_AR_NATIONAL_MANIFEST_FINALIZER_V1_0_0_PACKAGE\village_manifest.csv","a8c810368436869531bd825a16fb42b9c9680e415648decad6d53bfa012e9760","exact-adm3-pcode","accepted","UL2A-AR-NATIONAL-MANIFEST-1.0.2"
"LB-LOC-35327","صدقة","SRC-NATIONAL-VILLAGE-MANIFEST","35327","C:\APEX\UL2A_AR_FINALIZER_V1_0_0\APEX_WATANYBOT_UL2A_AR_NATIONAL_MANIFEST_FINALIZER_V1_0_0_PACKAGE\village_manifest.csv","a8c810368436869531bd825a16fb42b9c9680e415648decad6d53bfa012e9760","exact-adm3-pcode","accepted","UL2A-AR-NATIONAL-MANIFEST-1.0.2"
"LB-LOC-35328","حرار","SRC-NATIONAL-VILLAGE-MANIFEST","35328","C:\APEX\UL2A_AR_FINALIZER_V1_0_0\APEX_WATANYBOT_UL2A_AR_NATIONAL_MANIFEST_FINALIZER_V1_0_0_PACKAGE\village_manifest.csv","a8c810368436869531bd825a16fb42b9c9680e415648decad6d53bfa012e9760","exact-adm3-pcode","accepted","UL2A-AR-NATIONAL-MANIFEST-1.0.2"
"LB-LOC-35330","الخريبة","SRC-NATIONAL-VILLAGE-MANIFEST","35330","C:\APEX\UL2A_AR_FINALIZER_V1_0_0\APEX_WATANYBOT_UL2A_AR_NATIONAL_MANIFEST_FINALIZER_V1_0_0_PACKAGE\village_manifest.csv","a8c810368436869531bd825a16fb42b9c9680e415648decad6d53bfa012e9760","exact-adm3-pcode","accepted","UL2A-AR-NATIONAL-MANIFEST-1.0.2"
"LB-LOC-35331","الحميرة","SRC-NATIONAL-VILLAGE-MANIFEST","35331","C:\APEX\UL2A_AR_FINALIZER_V1_0_0\APEX_WATANYBOT_UL2A_AR_NATIONAL_MANIFEST_FINALIZER_V1_0_0_PACKAGE\village_manifest.csv","a8c810368436869531bd825a16fb42b9c9680e415648decad6d53bfa012e9760","exact-adm3-pcode","accepted","UL2A-AR-NATIONAL-MANIFEST-1.0.2"
"LB-LOC-35334","القريات","SRC-NATIONAL-VILLAGE-MANIFEST","35334","C:\APEX\UL2A_AR_FINALIZER_V1_0_0\APEX_WATANYBOT_UL2A_AR_NATIONAL_MANIFEST_FINALIZER_V1_0_0_PACKAGE\village_manifest.csv","a8c810368436869531bd825a16fb42b9c9680e415648decad6d53bfa012e9760","exact-adm3-pcode","accepted","UL2A-AR-NATIONAL-MANIFEST-1.0.2"
"LB-LOC-35337","بيت ايوب","SRC-NATIONAL-VILLAGE-MANIFEST","35337","C:\APEX\UL2A_AR_FINALIZER_V1_0_0\APEX_WATANYBOT_UL2A_AR_NATIONAL_MANIFEST_FINALIZER_V1_0_0_PACKAGE\village_manifest.csv","a8c810368436869531bd825a16fb42b9c9680e415648decad6d53bfa012e9760","exact-adm3-pcode","accepted","UL2A-AR-NATIONAL-MANIFEST-1.0.2"
"LB-LOC-35341","القرقف","SRC-NATIONAL-VILLAGE-MANIFEST","35341","C:\APEX\UL2A_AR_FINALIZER_V1_0_0\APEX_WATANYBOT_UL2A_AR_NATIONAL_MANIFEST_FINALIZER_V1_0_0_PACKAGE\village_manifest.csv","a8c810368436869531bd825a16fb42b9c9680e415648decad6d53bfa012e9760","exact-adm3-pcode","accepted","UL2A-AR-NATIONAL-MANIFEST-1.0.2"
"LB-LOC-35344","جديدة القيطع","SRC-NATIONAL-VILLAGE-MANIFEST","35344","C:\APEX\UL2A_AR_FINALIZER_V1_0_0\APEX_WATANYBOT_UL2A_AR_NATIONAL_MANIFEST_FINALIZER_V1_0_0_PACKAGE\village_manifest.csv","a8c810368436869531bd825a16fb42b9c9680e415648decad6d53bfa012e9760","exact-adm3-pcode","accepted","UL2A-AR-NATIONAL-MANIFEST-1.0.2"
"LB-LOC-35347","عيون الغزلان","SRC-NATIONAL-VILLAGE-MANIFEST","35347","C:\APEX\UL2A_AR_FINALIZER_V1_0_0\APEX_WATANYBOT_UL2A_AR_NATIONAL_MANIFEST_FINALIZER_V1_0_0_PACKAGE\village_manifest.csv","a8c810368436869531bd825a16fb42b9c9680e415648decad6d53bfa012e9760","exact-adm3-pcode","accepted","UL2A-AR-NATIONAL-MANIFEST-1.0.2"
"LB-LOC-35351","مشمش","SRC-NATIONAL-VILLAGE-MANIFEST","35351","C:\APEX\UL2A_AR_FINALIZER_V1_0_0\APEX_WATANYBOT_UL2A_AR_NATIONAL_MANIFEST_FINALIZER_V1_0_0_PACKAGE\village_manifest.csv","a8c810368436869531bd825a16fb42b9c9680e415648decad6d53bfa012e9760","exact-adm3-pcode","accepted","UL2A-AR-NATIONAL-MANIFEST-1.0.2"
"LB-LOC-35352","القرنة","SRC-NATIONAL-VILLAGE-MANIFEST","35352","C:\APEX\UL2A_AR_FINALIZER_V1_0_0\APEX_WATANYBOT_UL2A_AR_NATIONAL_MANIFEST_FINALIZER_V1_0_0_PACKAGE\village_manifest.csv","a8c810368436869531bd825a16fb42b9c9680e415648decad6d53bfa012e9760","exact-adm3-pcode","accepted","UL2A-AR-NATIONAL-MANIFEST-1.0.2"
"LB-LOC-35353","النبي خالد","SRC-NATIONAL-VILLAGE-MANIFEST","35353","C:\APEX\UL2A_AR_FINALIZER_V1_0_0\APEX_WATANYBOT_UL2A_AR_NATIONAL_MANIFEST_FINALIZER_V1_0_0_PACKAGE\village_manifest.csv","a8c810368436869531bd825a16fb42b9c9680e415648decad6d53bfa012e9760","exact-adm3-pcode","accepted","UL2A-AR-NATIONAL-MANIFEST-1.0.2"
"LB-LOC-35354","مجدلا","SRC-NATIONAL-VILLAGE-MANIFEST","35354","C:\APEX\UL2A_AR_FINALIZER_V1_0_0\APEX_WATANYBOT_UL2A_AR_NATIONAL_MANIFEST_FINALIZER_V1_0_0_PACKAGE\village_manifest.csv","a8c810368436869531bd825a16fb42b9c9680e415648decad6d53bfa012e9760","exact-adm3-pcode","accepted","UL2A-AR-NATIONAL-MANIFEST-1.0.2"
"LB-LOC-35356","تاشع","SRC-NATIONAL-VILLAGE-MANIFEST","35356","C:\APEX\UL2A_AR_FINALIZER_V1_0_0\APEX_WATANYBOT_UL2A_AR_NATIONAL_MANIFEST_FINALIZER_V1_0_0_PACKAGE\village_manifest.csv","a8c810368436869531bd825a16fb42b9c9680e415648decad6d53bfa012e9760","exact-adm3-pcode","accepted","UL2A-AR-NATIONAL-MANIFEST-1.0.2"
"LB-LOC-35357","رحبة","SRC-NATIONAL-VILLAGE-MANIFEST","35357","C:\APEX\UL2A_AR_FINALIZER_V1_0_0\APEX_WATANYBOT_UL2A_AR_NATIONAL_MANIFEST_FINALIZER_V1_0_0_PACKAGE\village_manifest.csv","a8c810368436869531bd825a16fb42b9c9680e415648decad6d53bfa012e9760","exact-adm3-pcode","accepted","UL2A-AR-NATIONAL-MANIFEST-1.0.2"
"LB-LOC-35364","وادي الجاموس","SRC-NATIONAL-VILLAGE-MANIFEST","35364","C:\APEX\UL2A_AR_FINALIZER_V1_0_0\APEX_WATANYBOT_UL2A_AR_NATIONAL_MANIFEST_FINALIZER_V1_0_0_PACKAGE\village_manifest.csv","a8c810368436869531bd825a16fb42b9c9680e415648decad6d53bfa012e9760","exact-adm3-pcode","accepted","UL2A-AR-NATIONAL-MANIFEST-1.0.2"
"LB-LOC-35367","بيت الحوش","SRC-NATIONAL-VILLAGE-MANIFEST","35367","C:\APEX\UL2A_AR_FINALIZER_V1_0_0\APEX_WATANYBOT_UL2A_AR_NATIONAL_MANIFEST_FINALIZER_V1_0_0_PACKAGE\village_manifest.csv","a8c810368436869531bd825a16fb42b9c9680e415648decad6d53bfa012e9760","exact-adm3-pcode","accepted","UL2A-AR-NATIONAL-MANIFEST-1.0.2"
"LB-LOC-35371","ممنع","SRC-NATIONAL-VILLAGE-MANIFEST","35371","C:\APEX\UL2A_AR_FINALIZER_V1_0_0\APEX_WATANYBOT_UL2A_AR_NATIONAL_MANIFEST_FINALIZER_V1_0_0_PACKAGE\village_manifest.csv","a8c810368436869531bd825a16fb42b9c9680e415648decad6d53bfa012e9760","exact-adm3-pcode","accepted","UL2A-AR-NATIONAL-MANIFEST-1.0.2"
"LB-LOC-35402","شيخلار","SRC-NATIONAL-VILLAGE-MANIFEST","35402","C:\APEX\UL2A_AR_FINALIZER_V1_0_0\APEX_WATANYBOT_UL2A_AR_NATIONAL_MANIFEST_FINALIZER_V1_0_0_PACKAGE\village_manifest.csv","a8c810368436869531bd825a16fb42b9c9680e415648decad6d53bfa012e9760","exact-adm3-pcode","accepted","UL2A-AR-NATIONAL-MANIFEST-1.0.2"
"LB-LOC-35404","رماح النهريه","SRC-NATIONAL-VILLAGE-MANIFEST","35404","C:\APEX\UL2A_AR_FINALIZER_V1_0_0\APEX_WATANYBOT_UL2A_AR_NATIONAL_MANIFEST_FINALIZER_V1_0_0_PACKAGE\village_manifest.csv","a8c810368436869531bd825a16fb42b9c9680e415648decad6d53bfa012e9760","exact-adm3-pcode","accepted","UL2A-AR-NATIONAL-MANIFEST-1.0.2"
"LB-LOC-35406","كفرنون","SRC-NATIONAL-VILLAGE-MANIFEST","35406","C:\APEX\UL2A_AR_FINALIZER_V1_0_0\APEX_WATANYBOT_UL2A_AR_NATIONAL_MANIFEST_FINALIZER_V1_0_0_PACKAGE\village_manifest.csv","a8c810368436869531bd825a16fb42b9c9680e415648decad6d53bfa012e9760","exact-adm3-pcode","accepted","UL2A-AR-NATIONAL-MANIFEST-1.0.2"
"LB-LOC-35408","بردي","SRC-NATIONAL-VILLAGE-MANIFEST","35408","C:\APEX\UL2A_AR_FINALIZER_V1_0_0\APEX_WATANYBOT_UL2A_AR_NATIONAL_MANIFEST_FINALIZER_V1_0_0_PACKAGE\village_manifest.csv","a8c810368436869531bd825a16fb42b9c9680e415648decad6d53bfa012e9760","exact-adm3-pcode","accepted","UL2A-AR-NATIONAL-MANIFEST-1.0.2"
"LB-LOC-35410","خربة الرمان","SRC-NATIONAL-VILLAGE-MANIFEST","35410","C:\APEX\UL2A_AR_FINALIZER_V1_0_0\APEX_WATANYBOT_UL2A_AR_NATIONAL_MANIFEST_FINALIZER_V1_0_0_PACKAGE\village_manifest.csv","a8c810368436869531bd825a16fb42b9c9680e415648decad6d53bfa012e9760","exact-adm3-pcode","accepted","UL2A-AR-NATIONAL-MANIFEST-1.0.2"
"LB-LOC-35411","سنديانة زيدان","SRC-NATIONAL-VILLAGE-MANIFEST","35411","C:\APEX\UL2A_AR_FINALIZER_V1_0_0\APEX_WATANYBOT_UL2A_AR_NATIONAL_MANIFEST_FINALIZER_V1_0_0_PACKAGE\village_manifest.csv","a8c810368436869531bd825a16fb42b9c9680e415648decad6d53bfa012e9760","exact-adm3-pcode","accepted","UL2A-AR-NATIONAL-MANIFEST-1.0.2"
"LB-LOC-35412","فريديس","SRC-NATIONAL-VILLAGE-MANIFEST","35412","C:\APEX\UL2A_AR_FINALIZER_V1_0_0\APEX_WATANYBOT_UL2A_AR_NATIONAL_MANIFEST_FINALIZER_V1_0_0_PACKAGE\village_manifest.csv","a8c810368436869531bd825a16fb42b9c9680e415648decad6d53bfa012e9760","exact-adm3-pcode","accepted","UL2A-AR-NATIONAL-MANIFEST-1.0.2"
"LB-LOC-35414","منجز","SRC-NATIONAL-VILLAGE-MANIFEST","35414","C:\APEX\UL2A_AR_FINALIZER_V1_0_0\APEX_WATANYBOT_UL2A_AR_NATIONAL_MANIFEST_FINALIZER_V1_0_0_PACKAGE\village_manifest.csv","a8c810368436869531bd825a16fb42b9c9680e415648decad6d53bfa012e9760","exact-adm3-pcode","accepted","UL2A-AR-NATIONAL-MANIFEST-1.0.2"
"LB-LOC-35415","القصير","SRC-NATIONAL-VILLAGE-MANIFEST","35415","C:\APEX\UL2A_AR_FINALIZER_V1_0_0\APEX_WATANYBOT_UL2A_AR_NATIONAL_MANIFEST_FINALIZER_V1_0_0_PACKAGE\village_manifest.csv","a8c810368436869531bd825a16fb42b9c9680e415648decad6d53bfa012e9760","exact-adm3-pcode","accepted","UL2A-AR-NATIONAL-MANIFEST-1.0.2"
"LB-LOC-35416","البيره عكار","SRC-NATIONAL-VILLAGE-MANIFEST","35416","C:\APEX\UL2A_AR_FINALIZER_V1_0_0\APEX_WATANYBOT_UL2A_AR_NATIONAL_MANIFEST_FINALIZER_V1_0_0_PACKAGE\village_manifest.csv","a8c810368436869531bd825a16fb42b9c9680e415648decad6d53bfa012e9760","exact-adm3-pcode","accepted","UL2A-AR-NATIONAL-MANIFEST-1.0.2"
"LB-LOC-35417","خربة داوود","SRC-NATIONAL-VILLAGE-MANIFEST","35417","C:\APEX\UL2A_AR_FINALIZER_V1_0_0\APEX_WATANYBOT_UL2A_AR_NATIONAL_MANIFEST_FINALIZER_V1_0_0_PACKAGE\village_manifest.csv","a8c810368436869531bd825a16fb42b9c9680e415648decad6d53bfa012e9760","exact-adm3-pcode","accepted","UL2A-AR-NATIONAL-MANIFEST-1.0.2"
"LB-LOC-35419","الدغلة","SRC-NATIONAL-VILLAGE-MANIFEST","35419","C:\APEX\UL2A_AR_FINALIZER_V1_0_0\APEX_WATANYBOT_UL2A_AR_NATIONAL_MANIFEST_FINALIZER_V1_0_0_PACKAGE\village_manifest.csv","a8c810368436869531bd825a16fb42b9c9680e415648decad6d53bfa012e9760","exact-adm3-pcode","accepted","UL2A-AR-NATIONAL-MANIFEST-1.0.2"
"LB-LOC-35420","العوينات","SRC-NATIONAL-VILLAGE-MANIFEST","35420","C:\APEX\UL2A_AR_FINALIZER_V1_0_0\APEX_WATANYBOT_UL2A_AR_NATIONAL_MANIFEST_FINALIZER_V1_0_0_PACKAGE\village_manifest.csv","a8c810368436869531bd825a16fb42b9c9680e415648decad6d53bfa012e9760","exact-adm3-pcode","accepted","UL2A-AR-NATIONAL-MANIFEST-1.0.2"
"LB-LOC-35421","العمارية","SRC-NATIONAL-VILLAGE-MANIFEST","35421","C:\APEX\UL2A_AR_FINALIZER_V1_0_0\APEX_WATANYBOT_UL2A_AR_NATIONAL_MANIFEST_FINALIZER_V1_0_0_PACKAGE\village_manifest.csv","a8c810368436869531bd825a16fb42b9c9680e415648decad6d53bfa012e9760","exact-adm3-pcode","accepted","UL2A-AR-NATIONAL-MANIFEST-1.0.2"
"LB-LOC-35423","كفر الفتوح","SRC-NATIONAL-VILLAGE-MANIFEST","35423","C:\APEX\UL2A_AR_FINALIZER_V1_0_0\APEX_WATANYBOT_UL2A_AR_NATIONAL_MANIFEST_FINALIZER_V1_0_0_PACKAGE\village_manifest.csv","a8c810368436869531bd825a16fb42b9c9680e415648decad6d53bfa012e9760","exact-adm3-pcode","accepted","UL2A-AR-NATIONAL-MANIFEST-1.0.2"
"LB-LOC-35425","فسقين و عين اشما","SRC-NATIONAL-VILLAGE-MANIFEST","35425","C:\APEX\UL2A_AR_FINALIZER_V1_0_0\APEX_WATANYBOT_UL2A_AR_NATIONAL_MANIFEST_FINALIZER_V1_0_0_PACKAGE\village_manifest.csv","a8c810368436869531bd825a16fb42b9c9680e415648decad6d53bfa012e9760","exact-adm3-pcode","accepted","UL2A-AR-NATIONAL-MANIFEST-1.0.2"
"LB-LOC-35427","عين الزيت","SRC-NATIONAL-VILLAGE-MANIFEST","35427","C:\APEX\UL2A_AR_FINALIZER_V1_0_0\APEX_WATANYBOT_UL2A_AR_NATIONAL_MANIFEST_FINALIZER_V1_0_0_PACKAGE\village_manifest.csv","a8c810368436869531bd825a16fb42b9c9680e415648decad6d53bfa012e9760","exact-adm3-pcode","accepted","UL2A-AR-NATIONAL-MANIFEST-1.0.2"
"LB-LOC-35429","الكواشرة","SRC-NATIONAL-VILLAGE-MANIFEST","35429","C:\APEX\UL2A_AR_FINALIZER_V1_0_0\APEX_WATANYBOT_UL2A_AR_NATIONAL_MANIFEST_FINALIZER_V1_0_0_PACKAGE\village_manifest.csv","a8c810368436869531bd825a16fb42b9c9680e415648decad6d53bfa012e9760","exact-adm3-pcode","accepted","UL2A-AR-NATIONAL-MANIFEST-1.0.2"
"LB-LOC-35430","خالصة","SRC-NATIONAL-VILLAGE-MANIFEST","35430","C:\APEX\UL2A_AR_FINALIZER_V1_0_0\APEX_WATANYBOT_UL2A_AR_NATIONAL_MANIFEST_FINALIZER_V1_0_0_PACKAGE\village_manifest.csv","a8c810368436869531bd825a16fb42b9c9680e415648decad6d53bfa012e9760","exact-adm3-pcode","accepted","UL2A-AR-NATIONAL-MANIFEST-1.0.2"
"LB-LOC-35431","خربة شار","SRC-NATIONAL-VILLAGE-MANIFEST","35431","C:\APEX\UL2A_AR_FINALIZER_V1_0_0\APEX_WATANYBOT_UL2A_AR_NATIONAL_MANIFEST_FINALIZER_V1_0_0_PACKAGE\village_manifest.csv","a8c810368436869531bd825a16fb42b9c9680e415648decad6d53bfa012e9760","exact-adm3-pcode","accepted","UL2A-AR-NATIONAL-MANIFEST-1.0.2"
"LB-LOC-35432","دبابية","SRC-NATIONAL-VILLAGE-MANIFEST","35432","C:\APEX\UL2A_AR_FINALIZER_V1_0_0\APEX_WATANYBOT_UL2A_AR_NATIONAL_MANIFEST_FINALIZER_V1_0_0_PACKAGE\village_manifest.csv","a8c810368436869531bd825a16fb42b9c9680e415648decad6d53bfa012e9760","exact-adm3-pcode","accepted","UL2A-AR-NATIONAL-MANIFEST-1.0.2"
"LB-LOC-35433","برباره","SRC-NATIONAL-VILLAGE-MANIFEST","35433","C:\APEX\UL2A_AR_FINALIZER_V1_0_0\APEX_WATANYBOT_UL2A_AR_NATIONAL_MANIFEST_FINALIZER_V1_0_0_PACKAGE\village_manifest.csv","a8c810368436869531bd825a16fb42b9c9680e415648decad6d53bfa012e9760","exact-adm3-pcode","accepted","UL2A-AR-NATIONAL-MANIFEST-1.0.2"
"LB-LOC-35435","عين تنتا","SRC-NATIONAL-VILLAGE-MANIFEST","35435","C:\APEX\UL2A_AR_FINALIZER_V1_0_0\APEX_WATANYBOT_UL2A_AR_NATIONAL_MANIFEST_FINALIZER_V1_0_0_PACKAGE\village_manifest.csv","a8c810368436869531bd825a16fb42b9c9680e415648decad6d53bfa012e9760","exact-adm3-pcode","accepted","UL2A-AR-NATIONAL-MANIFEST-1.0.2"
"LB-LOC-35437","مشتى حمود","SRC-NATIONAL-VILLAGE-MANIFEST","35437","C:\APEX\UL2A_AR_FINALIZER_V1_0_0\APEX_WATANYBOT_UL2A_AR_NATIONAL_MANIFEST_FINALIZER_V1_0_0_PACKAGE\village_manifest.csv","a8c810368436869531bd825a16fb42b9c9680e415648decad6d53bfa012e9760","exact-adm3-pcode","accepted","UL2A-AR-NATIONAL-MANIFEST-1.0.2"
"LB-LOC-35439","دوسة بغدادي","SRC-NATIONAL-VILLAGE-MANIFEST","35439","C:\APEX\UL2A_AR_FINALIZER_V1_0_0\APEX_WATANYBOT_UL2A_AR_NATIONAL_MANIFEST_FINALIZER_V1_0_0_PACKAGE\village_manifest.csv","a8c810368436869531bd825a16fb42b9c9680e415648decad6d53bfa012e9760","exact-adm3-pcode","accepted","UL2A-AR-NATIONAL-MANIFEST-1.0.2"
"LB-LOC-35441","دير جنين","SRC-NATIONAL-VILLAGE-MANIFEST","35441","C:\APEX\UL2A_AR_FINALIZER_V1_0_0\APEX_WATANYBOT_UL2A_AR_NATIONAL_MANIFEST_FINALIZER_V1_0_0_PACKAGE\village_manifest.csv","a8c810368436869531bd825a16fb42b9c9680e415648decad6d53bfa012e9760","exact-adm3-pcode","accepted","UL2A-AR-NATIONAL-MANIFEST-1.0.2"
"LB-LOC-35443","دوير عدويه","SRC-NATIONAL-VILLAGE-MANIFEST","35443","C:\APEX\UL2A_AR_FINALIZER_V1_0_0\APEX_WATANYBOT_UL2A_AR_NATIONAL_MANIFEST_FINALIZER_V1_0_0_PACKAGE\village_manifest.csv","a8c810368436869531bd825a16fb42b9c9680e415648decad6d53bfa012e9760","exact-adm3-pcode","accepted","UL2A-AR-NATIONAL-MANIFEST-1.0.2"
"LB-LOC-35445","نورا التحتا","SRC-NATIONAL-VILLAGE-MANIFEST","35445","C:\APEX\UL2A_AR_FINALIZER_V1_0_0\APEX_WATANYBOT_UL2A_AR_NATIONAL_MANIFEST_FINALIZER_V1_0_0_PACKAGE\village_manifest.csv","a8c810368436869531bd825a16fb42b9c9680e415648decad6d53bfa012e9760","exact-adm3-pcode","accepted","UL2A-AR-NATIONAL-MANIFEST-1.0.2"
"LB-LOC-35447","سفينة الدريب","SRC-NATIONAL-VILLAGE-MANIFEST","35447","C:\APEX\UL2A_AR_FINALIZER_V1_0_0\APEX_WATANYBOT_UL2A_AR_NATIONAL_MANIFEST_FINALIZER_V1_0_0_PACKAGE\village_manifest.csv","a8c810368436869531bd825a16fb42b9c9680e415648decad6d53bfa012e9760","exact-adm3-pcode","accepted","UL2A-AR-NATIONAL-MANIFEST-1.0.2"
"LB-LOC-35449","عمار البيكات","SRC-NATIONAL-VILLAGE-MANIFEST","35449","C:\APEX\UL2A_AR_FINALIZER_V1_0_0\APEX_WATANYBOT_UL2A_AR_NATIONAL_MANIFEST_FINALIZER_V1_0_0_PACKAGE\village_manifest.csv","a8c810368436869531bd825a16fb42b9c9680e415648decad6d53bfa012e9760","exact-adm3-pcode","accepted","UL2A-AR-NATIONAL-MANIFEST-1.0.2"
"LB-LOC-35451","مصلا","SRC-NATIONAL-VILLAGE-MANIFEST","35451","C:\APEX\UL2A_AR_FINALIZER_V1_0_0\APEX_WATANYBOT_UL2A_AR_NATIONAL_MANIFEST_FINALIZER_V1_0_0_PACKAGE\village_manifest.csv","a8c810368436869531bd825a16fb42b9c9680e415648decad6d53bfa012e9760","exact-adm3-pcode","accepted","UL2A-AR-NATIONAL-MANIFEST-1.0.2"
"LB-LOC-35453","قشلق","SRC-NATIONAL-VILLAGE-MANIFEST","35453","C:\APEX\UL2A_AR_FINALIZER_V1_0_0\APEX_WATANYBOT_UL2A_AR_NATIONAL_MANIFEST_FINALIZER_V1_0_0_PACKAGE\village_manifest.csv","a8c810368436869531bd825a16fb42b9c9680e415648decad6d53bfa012e9760","exact-adm3-pcode","accepted","UL2A-AR-NATIONAL-MANIFEST-1.0.2"
"LB-LOC-35455","وادي الحور","SRC-NATIONAL-VILLAGE-MANIFEST","35455","C:\APEX\UL2A_AR_FINALIZER_V1_0_0\APEX_WATANYBOT_UL2A_AR_NATIONAL_MANIFEST_FINALIZER_V1_0_0_PACKAGE\village_manifest.csv","a8c810368436869531bd825a16fb42b9c9680e415648decad6d53bfa012e9760","exact-adm3-pcode","accepted","UL2A-AR-NATIONAL-MANIFEST-1.0.2"
"LB-LOC-35457","شربيلا","SRC-NATIONAL-VILLAGE-MANIFEST","35457","C:\APEX\UL2A_AR_FINALIZER_V1_0_0\APEX_WATANYBOT_UL2A_AR_NATIONAL_MANIFEST_FINALIZER_V1_0_0_PACKAGE\village_manifest.csv","a8c810368436869531bd825a16fb42b9c9680e415648decad6d53bfa012e9760","exact-adm3-pcode","accepted","UL2A-AR-NATIONAL-MANIFEST-1.0.2"
"LB-LOC-35459","التليل","SRC-NATIONAL-VILLAGE-MANIFEST","35459","C:\APEX\UL2A_AR_FINALIZER_V1_0_0\APEX_WATANYBOT_UL2A_AR_NATIONAL_MANIFEST_FINALIZER_V1_0_0_PACKAGE\village_manifest.csv","a8c810368436869531bd825a16fb42b9c9680e415648decad6d53bfa012e9760","exact-adm3-pcode","accepted","UL2A-AR-NATIONAL-MANIFEST-1.0.2"
"LB-LOC-35461","مزيحمة","SRC-NATIONAL-VILLAGE-MANIFEST","35461","C:\APEX\UL2A_AR_FINALIZER_V1_0_0\APEX_WATANYBOT_UL2A_AR_NATIONAL_MANIFEST_FINALIZER_V1_0_0_PACKAGE\village_manifest.csv","a8c810368436869531bd825a16fb42b9c9680e415648decad6d53bfa012e9760","exact-adm3-pcode","accepted","UL2A-AR-NATIONAL-MANIFEST-1.0.2"
"LB-LOC-35463","هيتلا","SRC-NATIONAL-VILLAGE-MANIFEST","35463","C:\APEX\UL2A_AR_FINALIZER_V1_0_0\APEX_WATANYBOT_UL2A_AR_NATIONAL_MANIFEST_FINALIZER_V1_0_0_PACKAGE\village_manifest.csv","a8c810368436869531bd825a16fb42b9c9680e415648decad6d53bfa012e9760","exact-adm3-pcode","accepted","UL2A-AR-NATIONAL-MANIFEST-1.0.2"
"LB-LOC-35465","كنيسة","SRC-NATIONAL-VILLAGE-MANIFEST","35465","C:\APEX\UL2A_AR_FINALIZER_V1_0_0\APEX_WATANYBOT_UL2A_AR_NATIONAL_MANIFEST_FINALIZER_V1_0_0_PACKAGE\village_manifest.csv","a8c810368436869531bd825a16fb42b9c9680e415648decad6d53bfa012e9760","exact-adm3-pcode","accepted","UL2A-AR-NATIONAL-MANIFEST-1.0.2"
"LB-LOC-35467","الريحانية","SRC-NATIONAL-VILLAGE-MANIFEST","35467","C:\APEX\UL2A_AR_FINALIZER_V1_0_0\APEX_WATANYBOT_UL2A_AR_NATIONAL_MANIFEST_FINALIZER_V1_0_0_PACKAGE\village_manifest.csv","a8c810368436869531bd825a16fb42b9c9680e415648decad6d53bfa012e9760","exact-adm3-pcode","accepted","UL2A-AR-NATIONAL-MANIFEST-1.0.2"
"LB-LOC-35469","السنديانة","SRC-NATIONAL-VILLAGE-MANIFEST","35469","C:\APEX\UL2A_AR_FINALIZER_V1_0_0\APEX_WATANYBOT_UL2A_AR_NATIONAL_MANIFEST_FINALIZER_V1_0_0_PACKAGE\village_manifest.csv","a8c810368436869531bd825a16fb42b9c9680e415648decad6d53bfa012e9760","exact-adm3-pcode","accepted","UL2A-AR-NATIONAL-MANIFEST-1.0.2"
"LB-LOC-35470","حميص","SRC-NATIONAL-VILLAGE-MANIFEST","35470","C:\APEX\UL2A_AR_FINALIZER_V1_0_0\APEX_WATANYBOT_UL2A_AR_NATIONAL_MANIFEST_FINALIZER_V1_0_0_PACKAGE\village_manifest.csv","a8c810368436869531bd825a16fb42b9c9680e415648decad6d53bfa012e9760","exact-adm3-pcode","accepted","UL2A-AR-NATIONAL-MANIFEST-1.0.2"
"LB-LOC-35471","سرار","SRC-NATIONAL-VILLAGE-MANIFEST","35471","C:\APEX\UL2A_AR_FINALIZER_V1_0_0\APEX_WATANYBOT_UL2A_AR_NATIONAL_MANIFEST_FINALIZER_V1_0_0_PACKAGE\village_manifest.csv","a8c810368436869531bd825a16fb42b9c9680e415648decad6d53bfa012e9760","exact-adm3-pcode","accepted","UL2A-AR-NATIONAL-MANIFEST-1.0.2"
"LB-LOC-35475","الغزيله","SRC-NATIONAL-VILLAGE-MANIFEST","35475","C:\APEX\UL2A_AR_FINALIZER_V1_0_0\APEX_WATANYBOT_UL2A_AR_NATIONAL_MANIFEST_FINALIZER_V1_0_0_PACKAGE\village_manifest.csv","a8c810368436869531bd825a16fb42b9c9680e415648decad6d53bfa012e9760","exact-adm3-pcode","accepted","UL2A-AR-NATIONAL-MANIFEST-1.0.2"
"LB-LOC-35484","عرمه","SRC-NATIONAL-VILLAGE-MANIFEST","35484","C:\APEX\UL2A_AR_FINALIZER_V1_0_0\APEX_WATANYBOT_UL2A_AR_NATIONAL_MANIFEST_FINALIZER_V1_0_0_PACKAGE\village_manifest.csv","a8c810368436869531bd825a16fb42b9c9680e415648decad6d53bfa012e9760","exact-adm3-pcode","accepted","UL2A-AR-NATIONAL-MANIFEST-1.0.2"
"LB-LOC-35486","النهريه","SRC-NATIONAL-VILLAGE-MANIFEST","35486","C:\APEX\UL2A_AR_FINALIZER_V1_0_0\APEX_WATANYBOT_UL2A_AR_NATIONAL_MANIFEST_FINALIZER_V1_0_0_PACKAGE\village_manifest.csv","a8c810368436869531bd825a16fb42b9c9680e415648decad6d53bfa012e9760","exact-adm3-pcode","accepted","UL2A-AR-NATIONAL-MANIFEST-1.0.2"
"LB-LOC-35487","القبيات","SRC-NATIONAL-VILLAGE-MANIFEST","35487","C:\APEX\UL2A_AR_FINALIZER_V1_0_0\APEX_WATANYBOT_UL2A_AR_NATIONAL_MANIFEST_FINALIZER_V1_0_0_PACKAGE\village_manifest.csv","a8c810368436869531bd825a16fb42b9c9680e415648decad6d53bfa012e9760","exact-adm3-pcode","accepted","UL2A-AR-NATIONAL-MANIFEST-1.0.2"
"LB-LOC-35498","عندقت","SRC-NATIONAL-VILLAGE-MANIFEST","35498","C:\APEX\UL2A_AR_FINALIZER_V1_0_0\APEX_WATANYBOT_UL2A_AR_NATIONAL_MANIFEST_FINALIZER_V1_0_0_PACKAGE\village_manifest.csv","a8c810368436869531bd825a16fb42b9c9680e415648decad6d53bfa012e9760","exact-adm3-pcode","accepted","UL2A-AR-NATIONAL-MANIFEST-1.0.2"
"LB-LOC-35511","دائرة النهر الكبير","SRC-NATIONAL-VILLAGE-MANIFEST","35511","C:\APEX\UL2A_AR_FINALIZER_V1_0_0\APEX_WATANYBOT_UL2A_AR_NATIONAL_MANIFEST_FINALIZER_V1_0_0_PACKAGE\village_manifest.csv","a8c810368436869531bd825a16fb42b9c9680e415648decad6d53bfa012e9760","exact-adm3-pcode","accepted","UL2A-AR-NATIONAL-MANIFEST-1.0.2"
"LB-LOC-35512","العماير","SRC-NATIONAL-VILLAGE-MANIFEST","35512","C:\APEX\UL2A_AR_FINALIZER_V1_0_0\APEX_WATANYBOT_UL2A_AR_NATIONAL_MANIFEST_FINALIZER_V1_0_0_PACKAGE\village_manifest.csv","a8c810368436869531bd825a16fb42b9c9680e415648decad6d53bfa012e9760","exact-adm3-pcode","accepted","UL2A-AR-NATIONAL-MANIFEST-1.0.2"
"LB-LOC-35514","حنيدر","SRC-NATIONAL-VILLAGE-MANIFEST","35514","C:\APEX\UL2A_AR_FINALIZER_V1_0_0\APEX_WATANYBOT_UL2A_AR_NATIONAL_MANIFEST_FINALIZER_V1_0_0_PACKAGE\village_manifest.csv","a8c810368436869531bd825a16fb42b9c9680e415648decad6d53bfa012e9760","exact-adm3-pcode","accepted","UL2A-AR-NATIONAL-MANIFEST-1.0.2"
"LB-LOC-35515","كنيسة هنيدر","SRC-NATIONAL-VILLAGE-MANIFEST","35515","C:\APEX\UL2A_AR_FINALIZER_V1_0_0\APEX_WATANYBOT_UL2A_AR_NATIONAL_MANIFEST_FINALIZER_V1_0_0_PACKAGE\village_manifest.csv","a8c810368436869531bd825a16fb42b9c9680e415648decad6d53bfa012e9760","exact-adm3-pcode","accepted","UL2A-AR-NATIONAL-MANIFEST-1.0.2"
"LB-LOC-35516","اكروم","SRC-NATIONAL-VILLAGE-MANIFEST","35516","C:\APEX\UL2A_AR_FINALIZER_V1_0_0\APEX_WATANYBOT_UL2A_AR_NATIONAL_MANIFEST_FINALIZER_V1_0_0_PACKAGE\village_manifest.csv","a8c810368436869531bd825a16fb42b9c9680e415648decad6d53bfa012e9760","exact-adm3-pcode","accepted","UL2A-AR-NATIONAL-MANIFEST-1.0.2"
"LB-LOC-35518","قرحه عكار","SRC-NATIONAL-VILLAGE-MANIFEST","35518","C:\APEX\UL2A_AR_FINALIZER_V1_0_0\APEX_WATANYBOT_UL2A_AR_NATIONAL_MANIFEST_FINALIZER_V1_0_0_PACKAGE\village_manifest.csv","a8c810368436869531bd825a16fb42b9c9680e415648decad6d53bfa012e9760","exact-adm3-pcode","accepted","UL2A-AR-NATIONAL-MANIFEST-1.0.2"
"LB-LOC-36110","مشاع الجبه","SRC-NATIONAL-VILLAGE-MANIFEST","36110","C:\APEX\UL2A_AR_FINALIZER_V1_0_0\APEX_WATANYBOT_UL2A_AR_NATIONAL_MANIFEST_FINALIZER_V1_0_0_PACKAGE\village_manifest.csv","a8c810368436869531bd825a16fb42b9c9680e415648decad6d53bfa012e9760","exact-adm3-pcode","accepted","UL2A-AR-NATIONAL-MANIFEST-1.0.2"
"LB-LOC-36111","بشري","SRC-NATIONAL-VILLAGE-MANIFEST","36111","C:\APEX\UL2A_AR_FINALIZER_V1_0_0\APEX_WATANYBOT_UL2A_AR_NATIONAL_MANIFEST_FINALIZER_V1_0_0_PACKAGE\village_manifest.csv","a8c810368436869531bd825a16fb42b9c9680e415648decad6d53bfa012e9760","exact-adm3-pcode","accepted","UL2A-AR-NATIONAL-MANIFEST-1.0.2"
"LB-LOC-36114","قنيور","SRC-NATIONAL-VILLAGE-MANIFEST","36114","C:\APEX\UL2A_AR_FINALIZER_V1_0_0\APEX_WATANYBOT_UL2A_AR_NATIONAL_MANIFEST_FINALIZER_V1_0_0_PACKAGE\village_manifest.csv","a8c810368436869531bd825a16fb42b9c9680e415648decad6d53bfa012e9760","exact-adm3-pcode","accepted","UL2A-AR-NATIONAL-MANIFEST-1.0.2"
"LB-LOC-36117","بلا","SRC-NATIONAL-VILLAGE-MANIFEST","36117","C:\APEX\UL2A_AR_FINALIZER_V1_0_0\APEX_WATANYBOT_UL2A_AR_NATIONAL_MANIFEST_FINALIZER_V1_0_0_PACKAGE\village_manifest.csv","a8c810368436869531bd825a16fb42b9c9680e415648decad6d53bfa012e9760","exact-adm3-pcode","accepted","UL2A-AR-NATIONAL-MANIFEST-1.0.2"
"LB-LOC-36121","عبدين بشري","SRC-NATIONAL-VILLAGE-MANIFEST","36121","C:\APEX\UL2A_AR_FINALIZER_V1_0_0\APEX_WATANYBOT_UL2A_AR_NATIONAL_MANIFEST_FINALIZER_V1_0_0_PACKAGE\village_manifest.csv","a8c810368436869531bd825a16fb42b9c9680e415648decad6d53bfa012e9760","exact-adm3-pcode","accepted","UL2A-AR-NATIONAL-MANIFEST-1.0.2"
"LB-LOC-36124","طورزا","SRC-NATIONAL-VILLAGE-MANIFEST","36124","C:\APEX\UL2A_AR_FINALIZER_V1_0_0\APEX_WATANYBOT_UL2A_AR_NATIONAL_MANIFEST_FINALIZER_V1_0_0_PACKAGE\village_manifest.csv","a8c810368436869531bd825a16fb42b9c9680e415648decad6d53bfa012e9760","exact-adm3-pcode","accepted","UL2A-AR-NATIONAL-MANIFEST-1.0.2"
"LB-LOC-36127","قناة","SRC-NATIONAL-VILLAGE-MANIFEST","36127","C:\APEX\UL2A_AR_FINALIZER_V1_0_0\APEX_WATANYBOT_UL2A_AR_NATIONAL_MANIFEST_FINALIZER_V1_0_0_PACKAGE\village_manifest.csv","a8c810368436869531bd825a16fb42b9c9680e415648decad6d53bfa012e9760","exact-adm3-pcode","accepted","UL2A-AR-NATIONAL-MANIFEST-1.0.2"
"LB-LOC-36131","حدث الجبه","SRC-NATIONAL-VILLAGE-MANIFEST","36131","C:\APEX\UL2A_AR_FINALIZER_V1_0_0\APEX_WATANYBOT_UL2A_AR_NATIONAL_MANIFEST_FINALIZER_V1_0_0_PACKAGE\village_manifest.csv","a8c810368436869531bd825a16fb42b9c9680e415648decad6d53bfa012e9760","exact-adm3-pcode","accepted","UL2A-AR-NATIONAL-MANIFEST-1.0.2"
"LB-LOC-36134","مزرعة بني صعب","SRC-NATIONAL-VILLAGE-MANIFEST","36134","C:\APEX\UL2A_AR_FINALIZER_V1_0_0\APEX_WATANYBOT_UL2A_AR_NATIONAL_MANIFEST_FINALIZER_V1_0_0_PACKAGE\village_manifest.csv","a8c810368436869531bd825a16fb42b9c9680e415648decad6d53bfa012e9760","exact-adm3-pcode","accepted","UL2A-AR-NATIONAL-MANIFEST-1.0.2"
"LB-LOC-36137","برحليون","SRC-NATIONAL-VILLAGE-MANIFEST","36137","C:\APEX\UL2A_AR_FINALIZER_V1_0_0\APEX_WATANYBOT_UL2A_AR_NATIONAL_MANIFEST_FINALIZER_V1_0_0_PACKAGE\village_manifest.csv","a8c810368436869531bd825a16fb42b9c9680e415648decad6d53bfa012e9760","exact-adm3-pcode","accepted","UL2A-AR-NATIONAL-MANIFEST-1.0.2"
"LB-LOC-36141","وادي قنوبين","SRC-NATIONAL-VILLAGE-MANIFEST","36141","C:\APEX\UL2A_AR_FINALIZER_V1_0_0\APEX_WATANYBOT_UL2A_AR_NATIONAL_MANIFEST_FINALIZER_V1_0_0_PACKAGE\village_manifest.csv","a8c810368436869531bd825a16fb42b9c9680e415648decad6d53bfa012e9760","exact-adm3-pcode","accepted","UL2A-AR-NATIONAL-MANIFEST-1.0.2"
"LB-LOC-36144","مزرعة عساف","SRC-NATIONAL-VILLAGE-MANIFEST","36144","C:\APEX\UL2A_AR_FINALIZER_V1_0_0\APEX_WATANYBOT_UL2A_AR_NATIONAL_MANIFEST_FINALIZER_V1_0_0_PACKAGE\village_manifest.csv","a8c810368436869531bd825a16fb42b9c9680e415648decad6d53bfa012e9760","exact-adm3-pcode","accepted","UL2A-AR-NATIONAL-MANIFEST-1.0.2"
"LB-LOC-36147","بان","SRC-NATIONAL-VILLAGE-MANIFEST","36147","C:\APEX\UL2A_AR_FINALIZER_V1_0_0\APEX_WATANYBOT_UL2A_AR_NATIONAL_MANIFEST_FINALIZER_V1_0_0_PACKAGE\village_manifest.csv","a8c810368436869531bd825a16fb42b9c9680e415648decad6d53bfa012e9760","exact-adm3-pcode","accepted","UL2A-AR-NATIONAL-MANIFEST-1.0.2"
"LB-LOC-36151","بلوزا","SRC-NATIONAL-VILLAGE-MANIFEST","36151","C:\APEX\UL2A_AR_FINALIZER_V1_0_0\APEX_WATANYBOT_UL2A_AR_NATIONAL_MANIFEST_FINALIZER_V1_0_0_PACKAGE\village_manifest.csv","a8c810368436869531bd825a16fb42b9c9680e415648decad6d53bfa012e9760","exact-adm3-pcode","accepted","UL2A-AR-NATIONAL-MANIFEST-1.0.2"
"LB-LOC-36154","مغر الاحول","SRC-NATIONAL-VILLAGE-MANIFEST","36154","C:\APEX\UL2A_AR_FINALIZER_V1_0_0\APEX_WATANYBOT_UL2A_AR_NATIONAL_MANIFEST_FINALIZER_V1_0_0_PACKAGE\village_manifest.csv","a8c810368436869531bd825a16fb42b9c9680e415648decad6d53bfa012e9760","exact-adm3-pcode","accepted","UL2A-AR-NATIONAL-MANIFEST-1.0.2"
"LB-LOC-36157","بريسات","SRC-NATIONAL-VILLAGE-MANIFEST","36157","C:\APEX\UL2A_AR_FINALIZER_V1_0_0\APEX_WATANYBOT_UL2A_AR_NATIONAL_MANIFEST_FINALIZER_V1_0_0_PACKAGE\village_manifest.csv","a8c810368436869531bd825a16fb42b9c9680e415648decad6d53bfa012e9760","exact-adm3-pcode","accepted","UL2A-AR-NATIONAL-MANIFEST-1.0.2"
"LB-LOC-36161","ديمان","SRC-NATIONAL-VILLAGE-MANIFEST","36161","C:\APEX\UL2A_AR_FINALIZER_V1_0_0\APEX_WATANYBOT_UL2A_AR_NATIONAL_MANIFEST_FINALIZER_V1_0_0_PACKAGE\village_manifest.csv","a8c810368436869531bd825a16fb42b9c9680e415648decad6d53bfa012e9760","exact-adm3-pcode","accepted","UL2A-AR-NATIONAL-MANIFEST-1.0.2"
"LB-LOC-36164","متريت","SRC-NATIONAL-VILLAGE-MANIFEST","36164","C:\APEX\UL2A_AR_FINALIZER_V1_0_0\APEX_WATANYBOT_UL2A_AR_NATIONAL_MANIFEST_FINALIZER_V1_0_0_PACKAGE\village_manifest.csv","a8c810368436869531bd825a16fb42b9c9680e415648decad6d53bfa012e9760","exact-adm3-pcode","accepted","UL2A-AR-NATIONAL-MANIFEST-1.0.2"
"LB-LOC-36171","حصرون","SRC-NATIONAL-VILLAGE-MANIFEST","36171","C:\APEX\UL2A_AR_FINALIZER_V1_0_0\APEX_WATANYBOT_UL2A_AR_NATIONAL_MANIFEST_FINALIZER_V1_0_0_PACKAGE\village_manifest.csv","a8c810368436869531bd825a16fb42b9c9680e415648decad6d53bfa012e9760","exact-adm3-pcode","accepted","UL2A-AR-NATIONAL-MANIFEST-1.0.2"
"LB-LOC-36177","حدشيت","SRC-NATIONAL-VILLAGE-MANIFEST","36177","C:\APEX\UL2A_AR_FINALIZER_V1_0_0\APEX_WATANYBOT_UL2A_AR_NATIONAL_MANIFEST_FINALIZER_V1_0_0_PACKAGE\village_manifest.csv","a8c810368436869531bd825a16fb42b9c9680e415648decad6d53bfa012e9760","exact-adm3-pcode","accepted","UL2A-AR-NATIONAL-MANIFEST-1.0.2"
"LB-LOC-36181","بزعون","SRC-NATIONAL-VILLAGE-MANIFEST","36181","C:\APEX\UL2A_AR_FINALIZER_V1_0_0\APEX_WATANYBOT_UL2A_AR_NATIONAL_MANIFEST_FINALIZER_V1_0_0_PACKAGE\village_manifest.csv","a8c810368436869531bd825a16fb42b9c9680e415648decad6d53bfa012e9760","exact-adm3-pcode","accepted","UL2A-AR-NATIONAL-MANIFEST-1.0.2"
"LB-LOC-36184","بقرقاشا","SRC-NATIONAL-VILLAGE-MANIFEST","36184","C:\APEX\UL2A_AR_FINALIZER_V1_0_0\APEX_WATANYBOT_UL2A_AR_NATIONAL_MANIFEST_FINALIZER_V1_0_0_PACKAGE\village_manifest.csv","a8c810368436869531bd825a16fb42b9c9680e415648decad6d53bfa012e9760","exact-adm3-pcode","accepted","UL2A-AR-NATIONAL-MANIFEST-1.0.2"
"LB-LOC-36187","بيت منذر","SRC-NATIONAL-VILLAGE-MANIFEST","36187","C:\APEX\UL2A_AR_FINALIZER_V1_0_0\APEX_WATANYBOT_UL2A_AR_NATIONAL_MANIFEST_FINALIZER_V1_0_0_PACKAGE\village_manifest.csv","a8c810368436869531bd825a16fb42b9c9680e415648decad6d53bfa012e9760","exact-adm3-pcode","accepted","UL2A-AR-NATIONAL-MANIFEST-1.0.2"
"LB-LOC-36191","بقاع كفرا","SRC-NATIONAL-VILLAGE-MANIFEST","36191","C:\APEX\UL2A_AR_FINALIZER_V1_0_0\APEX_WATANYBOT_UL2A_AR_NATIONAL_MANIFEST_FINALIZER_V1_0_0_PACKAGE\village_manifest.csv","a8c810368436869531bd825a16fb42b9c9680e415648decad6d53bfa012e9760","exact-adm3-pcode","accepted","UL2A-AR-NATIONAL-MANIFEST-1.0.2"
"LB-LOC-37231","بداوي","SRC-NATIONAL-VILLAGE-MANIFEST","37231","C:\APEX\UL2A_AR_FINALIZER_V1_0_0\APEX_WATANYBOT_UL2A_AR_NATIONAL_MANIFEST_FINALIZER_V1_0_0_PACKAGE\village_manifest.csv","a8c810368436869531bd825a16fb42b9c9680e415648decad6d53bfa012e9760","exact-adm3-pcode","accepted","UL2A-AR-NATIONAL-MANIFEST-1.0.2"
"LB-LOC-37241","دير عمار","SRC-NATIONAL-VILLAGE-MANIFEST","37241","C:\APEX\UL2A_AR_FINALIZER_V1_0_0\APEX_WATANYBOT_UL2A_AR_NATIONAL_MANIFEST_FINALIZER_V1_0_0_PACKAGE\village_manifest.csv","a8c810368436869531bd825a16fb42b9c9680e415648decad6d53bfa012e9760","exact-adm3-pcode","accepted","UL2A-AR-NATIONAL-MANIFEST-1.0.2"
"LB-LOC-37251","برج اليهودية","SRC-NATIONAL-VILLAGE-MANIFEST","37251","C:\APEX\UL2A_AR_FINALIZER_V1_0_0\APEX_WATANYBOT_UL2A_AR_NATIONAL_MANIFEST_FINALIZER_V1_0_0_PACKAGE\village_manifest.csv","a8c810368436869531bd825a16fb42b9c9680e415648decad6d53bfa012e9760","exact-adm3-pcode","accepted","UL2A-AR-NATIONAL-MANIFEST-1.0.2"
"LB-LOC-37261","النبي يوشع","SRC-NATIONAL-VILLAGE-MANIFEST","37261","C:\APEX\UL2A_AR_FINALIZER_V1_0_0\APEX_WATANYBOT_UL2A_AR_NATIONAL_MANIFEST_FINALIZER_V1_0_0_PACKAGE\village_manifest.csv","a8c810368436869531bd825a16fb42b9c9680e415648decad6d53bfa012e9760","exact-adm3-pcode","accepted","UL2A-AR-NATIONAL-MANIFEST-1.0.2"
"LB-LOC-37271","المنيه","SRC-NATIONAL-VILLAGE-MANIFEST","37271","C:\APEX\UL2A_AR_FINALIZER_V1_0_0\APEX_WATANYBOT_UL2A_AR_NATIONAL_MANIFEST_FINALIZER_V1_0_0_PACKAGE\village_manifest.csv","a8c810368436869531bd825a16fb42b9c9680e415648decad6d53bfa012e9760","exact-adm3-pcode","accepted","UL2A-AR-NATIONAL-MANIFEST-1.0.2"
"LB-LOC-37281","ريحانيه المنيه","SRC-NATIONAL-VILLAGE-MANIFEST","37281","C:\APEX\UL2A_AR_FINALIZER_V1_0_0\APEX_WATANYBOT_UL2A_AR_NATIONAL_MANIFEST_FINALIZER_V1_0_0_PACKAGE\village_manifest.csv","a8c810368436869531bd825a16fb42b9c9680e415648decad6d53bfa012e9760","exact-adm3-pcode","accepted","UL2A-AR-NATIONAL-MANIFEST-1.0.2"
"LB-LOC-37291","ذوق بحنين","SRC-NATIONAL-VILLAGE-MANIFEST","37291","C:\APEX\UL2A_AR_FINALIZER_V1_0_0\APEX_WATANYBOT_UL2A_AR_NATIONAL_MANIFEST_FINALIZER_V1_0_0_PACKAGE\village_manifest.csv","a8c810368436869531bd825a16fb42b9c9680e415648decad6d53bfa012e9760","exact-adm3-pcode","accepted","UL2A-AR-NATIONAL-MANIFEST-1.0.2"
"LB-LOC-37311","سير الضنية","SRC-NATIONAL-VILLAGE-MANIFEST","37311","C:\APEX\UL2A_AR_FINALIZER_V1_0_0\APEX_WATANYBOT_UL2A_AR_NATIONAL_MANIFEST_FINALIZER_V1_0_0_PACKAGE\village_manifest.csv","a8c810368436869531bd825a16fb42b9c9680e415648decad6d53bfa012e9760","exact-adm3-pcode","accepted","UL2A-AR-NATIONAL-MANIFEST-1.0.2"
"LB-LOC-37313","عاصون","SRC-NATIONAL-VILLAGE-MANIFEST","37313","C:\APEX\UL2A_AR_FINALIZER_V1_0_0\APEX_WATANYBOT_UL2A_AR_NATIONAL_MANIFEST_FINALIZER_V1_0_0_PACKAGE\village_manifest.csv","a8c810368436869531bd825a16fb42b9c9680e415648decad6d53bfa012e9760","exact-adm3-pcode","accepted","UL2A-AR-NATIONAL-MANIFEST-1.0.2"
"LB-LOC-37314","مزرعة كتران","SRC-NATIONAL-VILLAGE-MANIFEST","37314","C:\APEX\UL2A_AR_FINALIZER_V1_0_0\APEX_WATANYBOT_UL2A_AR_NATIONAL_MANIFEST_FINALIZER_V1_0_0_PACKAGE\village_manifest.csv","a8c810368436869531bd825a16fb42b9c9680e415648decad6d53bfa012e9760","exact-adm3-pcode","accepted","UL2A-AR-NATIONAL-MANIFEST-1.0.2"
"LB-LOC-37315","القطين المنيه","SRC-NATIONAL-VILLAGE-MANIFEST","37315","C:\APEX\UL2A_AR_FINALIZER_V1_0_0\APEX_WATANYBOT_UL2A_AR_NATIONAL_MANIFEST_FINALIZER_V1_0_0_PACKAGE\village_manifest.csv","a8c810368436869531bd825a16fb42b9c9680e415648decad6d53bfa012e9760","exact-adm3-pcode","accepted","UL2A-AR-NATIONAL-MANIFEST-1.0.2"
"LB-LOC-37317","بقاع صفرين","SRC-NATIONAL-VILLAGE-MANIFEST","37317","C:\APEX\UL2A_AR_FINALIZER_V1_0_0\APEX_WATANYBOT_UL2A_AR_NATIONAL_MANIFEST_FINALIZER_V1_0_0_PACKAGE\village_manifest.csv","a8c810368436869531bd825a16fb42b9c9680e415648decad6d53bfa012e9760","exact-adm3-pcode","accepted","UL2A-AR-NATIONAL-MANIFEST-1.0.2"
"LB-LOC-37319","بقرصونه","SRC-NATIONAL-VILLAGE-MANIFEST","37319","C:\APEX\UL2A_AR_FINALIZER_V1_0_0\APEX_WATANYBOT_UL2A_AR_NATIONAL_MANIFEST_FINALIZER_V1_0_0_PACKAGE\village_manifest.csv","a8c810368436869531bd825a16fb42b9c9680e415648decad6d53bfa012e9760","exact-adm3-pcode","accepted","UL2A-AR-NATIONAL-MANIFEST-1.0.2"
"LB-LOC-37321","حازمية المنيه","SRC-NATIONAL-VILLAGE-MANIFEST","37321","C:\APEX\UL2A_AR_FINALIZER_V1_0_0\APEX_WATANYBOT_UL2A_AR_NATIONAL_MANIFEST_FINALIZER_V1_0_0_PACKAGE\village_manifest.csv","a8c810368436869531bd825a16fb42b9c9680e415648decad6d53bfa012e9760","exact-adm3-pcode","accepted","UL2A-AR-NATIONAL-MANIFEST-1.0.2"
"LB-LOC-37323","طاران","SRC-NATIONAL-VILLAGE-MANIFEST","37323","C:\APEX\UL2A_AR_FINALIZER_V1_0_0\APEX_WATANYBOT_UL2A_AR_NATIONAL_MANIFEST_FINALIZER_V1_0_0_PACKAGE\village_manifest.csv","a8c810368436869531bd825a16fb42b9c9680e415648decad6d53bfa012e9760","exact-adm3-pcode","accepted","UL2A-AR-NATIONAL-MANIFEST-1.0.2"
"LB-LOC-37325","نمرين","SRC-NATIONAL-VILLAGE-MANIFEST","37325","C:\APEX\UL2A_AR_FINALIZER_V1_0_0\APEX_WATANYBOT_UL2A_AR_NATIONAL_MANIFEST_FINALIZER_V1_0_0_PACKAGE\village_manifest.csv","a8c810368436869531bd825a16fb42b9c9680e415648decad6d53bfa012e9760","exact-adm3-pcode","accepted","UL2A-AR-NATIONAL-MANIFEST-1.0.2"
"LB-LOC-37327","حقل العزيمة","SRC-NATIONAL-VILLAGE-MANIFEST","37327","C:\APEX\UL2A_AR_FINALIZER_V1_0_0\APEX_WATANYBOT_UL2A_AR_NATIONAL_MANIFEST_FINALIZER_V1_0_0_PACKAGE\village_manifest.csv","a8c810368436869531bd825a16fb42b9c9680e415648decad6d53bfa012e9760","exact-adm3-pcode","accepted","UL2A-AR-NATIONAL-MANIFEST-1.0.2"
"LB-LOC-37329","بيت الفقس","SRC-NATIONAL-VILLAGE-MANIFEST","37329","C:\APEX\UL2A_AR_FINALIZER_V1_0_0\APEX_WATANYBOT_UL2A_AR_NATIONAL_MANIFEST_FINALIZER_V1_0_0_PACKAGE\village_manifest.csv","a8c810368436869531bd825a16fb42b9c9680e415648decad6d53bfa012e9760","exact-adm3-pcode","accepted","UL2A-AR-NATIONAL-MANIFEST-1.0.2"
"LB-LOC-37331","مراح السفيرة","SRC-NATIONAL-VILLAGE-MANIFEST","37331","C:\APEX\UL2A_AR_FINALIZER_V1_0_0\APEX_WATANYBOT_UL2A_AR_NATIONAL_MANIFEST_FINALIZER_V1_0_0_PACKAGE\village_manifest.csv","a8c810368436869531bd825a16fb42b9c9680e415648decad6d53bfa012e9760","exact-adm3-pcode","accepted","UL2A-AR-NATIONAL-MANIFEST-1.0.2"
"LB-LOC-37333","عين التينه المنيه","SRC-NATIONAL-VILLAGE-MANIFEST","37333","C:\APEX\UL2A_AR_FINALIZER_V1_0_0\APEX_WATANYBOT_UL2A_AR_NATIONAL_MANIFEST_FINALIZER_V1_0_0_PACKAGE\village_manifest.csv","a8c810368436869531bd825a16fb42b9c9680e415648decad6d53bfa012e9760","exact-adm3-pcode","accepted","UL2A-AR-NATIONAL-MANIFEST-1.0.2"
"LB-LOC-37335","خرنوب المنيه","SRC-NATIONAL-VILLAGE-MANIFEST","37335","C:\APEX\UL2A_AR_FINALIZER_V1_0_0\APEX_WATANYBOT_UL2A_AR_NATIONAL_MANIFEST_FINALIZER_V1_0_0_PACKAGE\village_manifest.csv","a8c810368436869531bd825a16fb42b9c9680e415648decad6d53bfa012e9760","exact-adm3-pcode","accepted","UL2A-AR-NATIONAL-MANIFEST-1.0.2"
"LB-LOC-37337","سفيرة","SRC-NATIONAL-VILLAGE-MANIFEST","37337","C:\APEX\UL2A_AR_FINALIZER_V1_0_0\APEX_WATANYBOT_UL2A_AR_NATIONAL_MANIFEST_FINALIZER_V1_0_0_PACKAGE\village_manifest.csv","a8c810368436869531bd825a16fb42b9c9680e415648decad6d53bfa012e9760","exact-adm3-pcode","accepted","UL2A-AR-NATIONAL-MANIFEST-1.0.2"
"LB-LOC-37339","قرصيتا","SRC-NATIONAL-VILLAGE-MANIFEST","37339","C:\APEX\UL2A_AR_FINALIZER_V1_0_0\APEX_WATANYBOT_UL2A_AR_NATIONAL_MANIFEST_FINALIZER_V1_0_0_PACKAGE\village_manifest.csv","a8c810368436869531bd825a16fb42b9c9680e415648decad6d53bfa012e9760","exact-adm3-pcode","accepted","UL2A-AR-NATIONAL-MANIFEST-1.0.2"
"LB-LOC-37341","إيزال","SRC-NATIONAL-VILLAGE-MANIFEST","37341","C:\APEX\UL2A_AR_FINALIZER_V1_0_0\APEX_WATANYBOT_UL2A_AR_NATIONAL_MANIFEST_FINALIZER_V1_0_0_PACKAGE\village_manifest.csv","a8c810368436869531bd825a16fb42b9c9680e415648decad6d53bfa012e9760","exact-adm3-pcode","accepted","UL2A-AR-NATIONAL-MANIFEST-1.0.2"
"LB-LOC-37343","بطرماز","SRC-NATIONAL-VILLAGE-MANIFEST","37343","C:\APEX\UL2A_AR_FINALIZER_V1_0_0\APEX_WATANYBOT_UL2A_AR_NATIONAL_MANIFEST_FINALIZER_V1_0_0_PACKAGE\village_manifest.csv","a8c810368436869531bd825a16fb42b9c9680e415648decad6d53bfa012e9760","exact-adm3-pcode","accepted","UL2A-AR-NATIONAL-MANIFEST-1.0.2"
"LB-LOC-37344","قمامين","SRC-NATIONAL-VILLAGE-MANIFEST","37344","C:\APEX\UL2A_AR_FINALIZER_V1_0_0\APEX_WATANYBOT_UL2A_AR_NATIONAL_MANIFEST_FINALIZER_V1_0_0_PACKAGE\village_manifest.csv","a8c810368436869531bd825a16fb42b9c9680e415648decad6d53bfa012e9760","exact-adm3-pcode","accepted","UL2A-AR-NATIONAL-MANIFEST-1.0.2"
"LB-LOC-37345","حرف السياد","SRC-NATIONAL-VILLAGE-MANIFEST","37345","C:\APEX\UL2A_AR_FINALIZER_V1_0_0\APEX_WATANYBOT_UL2A_AR_NATIONAL_MANIFEST_FINALIZER_V1_0_0_PACKAGE\village_manifest.csv","a8c810368436869531bd825a16fb42b9c9680e415648decad6d53bfa012e9760","exact-adm3-pcode","accepted","UL2A-AR-NATIONAL-MANIFEST-1.0.2"
"LB-LOC-37347","كرم المهر","SRC-NATIONAL-VILLAGE-MANIFEST","37347","C:\APEX\UL2A_AR_FINALIZER_V1_0_0\APEX_WATANYBOT_UL2A_AR_NATIONAL_MANIFEST_FINALIZER_V1_0_0_PACKAGE\village_manifest.csv","a8c810368436869531bd825a16fb42b9c9680e415648decad6d53bfa012e9760","exact-adm3-pcode","accepted","UL2A-AR-NATIONAL-MANIFEST-1.0.2"
"LB-LOC-37349","بيت زود","SRC-NATIONAL-VILLAGE-MANIFEST","37349","C:\APEX\UL2A_AR_FINALIZER_V1_0_0\APEX_WATANYBOT_UL2A_AR_NATIONAL_MANIFEST_FINALIZER_V1_0_0_PACKAGE\village_manifest.csv","a8c810368436869531bd825a16fb42b9c9680e415648decad6d53bfa012e9760","exact-adm3-pcode","accepted","UL2A-AR-NATIONAL-MANIFEST-1.0.2"
"LB-LOC-37351","مراح السريج","SRC-NATIONAL-VILLAGE-MANIFEST","37351","C:\APEX\UL2A_AR_FINALIZER_V1_0_0\APEX_WATANYBOT_UL2A_AR_NATIONAL_MANIFEST_FINALIZER_V1_0_0_PACKAGE\village_manifest.csv","a8c810368436869531bd825a16fb42b9c9680e415648decad6d53bfa012e9760","exact-adm3-pcode","accepted","UL2A-AR-NATIONAL-MANIFEST-1.0.2"
"LB-LOC-37353","قرين","SRC-NATIONAL-VILLAGE-MANIFEST","37353","C:\APEX\UL2A_AR_FINALIZER_V1_0_0\APEX_WATANYBOT_UL2A_AR_NATIONAL_MANIFEST_FINALIZER_V1_0_0_PACKAGE\village_manifest.csv","a8c810368436869531bd825a16fb42b9c9680e415648decad6d53bfa012e9760","exact-adm3-pcode","accepted","UL2A-AR-NATIONAL-MANIFEST-1.0.2"
"LB-LOC-37355","حوارة","SRC-NATIONAL-VILLAGE-MANIFEST","37355","C:\APEX\UL2A_AR_FINALIZER_V1_0_0\APEX_WATANYBOT_UL2A_AR_NATIONAL_MANIFEST_FINALIZER_V1_0_0_PACKAGE\village_manifest.csv","a8c810368436869531bd825a16fb42b9c9680e415648decad6d53bfa012e9760","exact-adm3-pcode","accepted","UL2A-AR-NATIONAL-MANIFEST-1.0.2"
"LB-LOC-37356","دبعل المنيه","SRC-NATIONAL-VILLAGE-MANIFEST","37356","C:\APEX\UL2A_AR_FINALIZER_V1_0_0\APEX_WATANYBOT_UL2A_AR_NATIONAL_MANIFEST_FINALIZER_V1_0_0_PACKAGE\village_manifest.csv","a8c810368436869531bd825a16fb42b9c9680e415648decad6d53bfa012e9760","exact-adm3-pcode","accepted","UL2A-AR-NATIONAL-MANIFEST-1.0.2"
"LB-LOC-37357","بيت حاويك","SRC-NATIONAL-VILLAGE-MANIFEST","37357","C:\APEX\UL2A_AR_FINALIZER_V1_0_0\APEX_WATANYBOT_UL2A_AR_NATIONAL_MANIFEST_FINALIZER_V1_0_0_PACKAGE\village_manifest.csv","a8c810368436869531bd825a16fb42b9c9680e415648decad6d53bfa012e9760","exact-adm3-pcode","accepted","UL2A-AR-NATIONAL-MANIFEST-1.0.2"
"LB-LOC-37358","جيرون","SRC-NATIONAL-VILLAGE-MANIFEST","37358","C:\APEX\UL2A_AR_FINALIZER_V1_0_0\APEX_WATANYBOT_UL2A_AR_NATIONAL_MANIFEST_FINALIZER_V1_0_0_PACKAGE\village_manifest.csv","a8c810368436869531bd825a16fb42b9c9680e415648decad6d53bfa012e9760","exact-adm3-pcode","accepted","UL2A-AR-NATIONAL-MANIFEST-1.0.2"
"LB-LOC-37359","بشناتا","SRC-NATIONAL-VILLAGE-MANIFEST","37359","C:\APEX\UL2A_AR_FINALIZER_V1_0_0\APEX_WATANYBOT_UL2A_AR_NATIONAL_MANIFEST_FINALIZER_V1_0_0_PACKAGE\village_manifest.csv","a8c810368436869531bd825a16fb42b9c9680e415648decad6d53bfa012e9760","exact-adm3-pcode","accepted","UL2A-AR-NATIONAL-MANIFEST-1.0.2"
"LB-LOC-37360","قرحيا","SRC-NATIONAL-VILLAGE-MANIFEST","37360","C:\APEX\UL2A_AR_FINALIZER_V1_0_0\APEX_WATANYBOT_UL2A_AR_NATIONAL_MANIFEST_FINALIZER_V1_0_0_PACKAGE\village_manifest.csv","a8c810368436869531bd825a16fb42b9c9680e415648decad6d53bfa012e9760","exact-adm3-pcode","accepted","UL2A-AR-NATIONAL-MANIFEST-1.0.2"
"LB-LOC-37361","عزقي","SRC-NATIONAL-VILLAGE-MANIFEST","37361","C:\APEX\UL2A_AR_FINALIZER_V1_0_0\APEX_WATANYBOT_UL2A_AR_NATIONAL_MANIFEST_FINALIZER_V1_0_0_PACKAGE\village_manifest.csv","a8c810368436869531bd825a16fb42b9c9680e415648decad6d53bfa012e9760","exact-adm3-pcode","accepted","UL2A-AR-NATIONAL-MANIFEST-1.0.2"
"LB-LOC-37362","عصيموت","SRC-NATIONAL-VILLAGE-MANIFEST","37362","C:\APEX\UL2A_AR_FINALIZER_V1_0_0\APEX_WATANYBOT_UL2A_AR_NATIONAL_MANIFEST_FINALIZER_V1_0_0_PACKAGE\village_manifest.csv","a8c810368436869531bd825a16fb42b9c9680e415648decad6d53bfa012e9760","exact-adm3-pcode","accepted","UL2A-AR-NATIONAL-MANIFEST-1.0.2"
"LB-LOC-37363","كفر شلان","SRC-NATIONAL-VILLAGE-MANIFEST","37363","C:\APEX\UL2A_AR_FINALIZER_V1_0_0\APEX_WATANYBOT_UL2A_AR_NATIONAL_MANIFEST_FINALIZER_V1_0_0_PACKAGE\village_manifest.csv","a8c810368436869531bd825a16fb42b9c9680e415648decad6d53bfa012e9760","exact-adm3-pcode","accepted","UL2A-AR-NATIONAL-MANIFEST-1.0.2"
"LB-LOC-37365","كفر حبو","SRC-NATIONAL-VILLAGE-MANIFEST","37365","C:\APEX\UL2A_AR_FINALIZER_V1_0_0\APEX_WATANYBOT_UL2A_AR_NATIONAL_MANIFEST_FINALIZER_V1_0_0_PACKAGE\village_manifest.csv","a8c810368436869531bd825a16fb42b9c9680e415648decad6d53bfa012e9760","exact-adm3-pcode","accepted","UL2A-AR-NATIONAL-MANIFEST-1.0.2"
"LB-LOC-37367","عيمر","SRC-NATIONAL-VILLAGE-MANIFEST","37367","C:\APEX\UL2A_AR_FINALIZER_V1_0_0\APEX_WATANYBOT_UL2A_AR_NATIONAL_MANIFEST_FINALIZER_V1_0_0_PACKAGE\village_manifest.csv","a8c810368436869531bd825a16fb42b9c9680e415648decad6d53bfa012e9760","exact-adm3-pcode","accepted","UL2A-AR-NATIONAL-MANIFEST-1.0.2"
"LB-LOC-37369","زغرتغرين","SRC-NATIONAL-VILLAGE-MANIFEST","37369","C:\APEX\UL2A_AR_FINALIZER_V1_0_0\APEX_WATANYBOT_UL2A_AR_NATIONAL_MANIFEST_FINALIZER_V1_0_0_PACKAGE\village_manifest.csv","a8c810368436869531bd825a16fb42b9c9680e415648decad6d53bfa012e9760","exact-adm3-pcode","accepted","UL2A-AR-NATIONAL-MANIFEST-1.0.2"
"LB-LOC-37371","بحويتا","SRC-NATIONAL-VILLAGE-MANIFEST","37371","C:\APEX\UL2A_AR_FINALIZER_V1_0_0\APEX_WATANYBOT_UL2A_AR_NATIONAL_MANIFEST_FINALIZER_V1_0_0_PACKAGE\village_manifest.csv","a8c810368436869531bd825a16fb42b9c9680e415648decad6d53bfa012e9760","exact-adm3-pcode","accepted","UL2A-AR-NATIONAL-MANIFEST-1.0.2"
"LB-LOC-37373","كفَ الملول","SRC-NATIONAL-VILLAGE-MANIFEST","37373","C:\APEX\UL2A_AR_FINALIZER_V1_0_0\APEX_WATANYBOT_UL2A_AR_NATIONAL_MANIFEST_FINALIZER_V1_0_0_PACKAGE\village_manifest.csv","a8c810368436869531bd825a16fb42b9c9680e415648decad6d53bfa012e9760","exact-adm3-pcode","accepted","UL2A-AR-NATIONAL-MANIFEST-1.0.2"
"LB-LOC-37375","جرجور","SRC-NATIONAL-VILLAGE-MANIFEST","37375","C:\APEX\UL2A_AR_FINALIZER_V1_0_0\APEX_WATANYBOT_UL2A_AR_NATIONAL_MANIFEST_FINALIZER_V1_0_0_PACKAGE\village_manifest.csv","a8c810368436869531bd825a16fb42b9c9680e415648decad6d53bfa012e9760","exact-adm3-pcode","accepted","UL2A-AR-NATIONAL-MANIFEST-1.0.2"
"LB-LOC-37377","دير نبوح","SRC-NATIONAL-VILLAGE-MANIFEST","37377","C:\APEX\UL2A_AR_FINALIZER_V1_0_0\APEX_WATANYBOT_UL2A_AR_NATIONAL_MANIFEST_FINALIZER_V1_0_0_PACKAGE\village_manifest.csv","a8c810368436869531bd825a16fb42b9c9680e415648decad6d53bfa012e9760","exact-adm3-pcode","accepted","UL2A-AR-NATIONAL-MANIFEST-1.0.2"
"LB-LOC-37379","بشحارة","SRC-NATIONAL-VILLAGE-MANIFEST","37379","C:\APEX\UL2A_AR_FINALIZER_V1_0_0\APEX_WATANYBOT_UL2A_AR_NATIONAL_MANIFEST_FINALIZER_V1_0_0_PACKAGE\village_manifest.csv","a8c810368436869531bd825a16fb42b9c9680e415648decad6d53bfa012e9760","exact-adm3-pcode","accepted","UL2A-AR-NATIONAL-MANIFEST-1.0.2"
"LB-LOC-37381","مركبتا","SRC-NATIONAL-VILLAGE-MANIFEST","37381","C:\APEX\UL2A_AR_FINALIZER_V1_0_0\APEX_WATANYBOT_UL2A_AR_NATIONAL_MANIFEST_FINALIZER_V1_0_0_PACKAGE\village_manifest.csv","a8c810368436869531bd825a16fb42b9c9680e415648decad6d53bfa012e9760","exact-adm3-pcode","accepted","UL2A-AR-NATIONAL-MANIFEST-1.0.2"
"LB-LOC-37382","روضه المنيه","SRC-NATIONAL-VILLAGE-MANIFEST","37382","C:\APEX\UL2A_AR_FINALIZER_V1_0_0\APEX_WATANYBOT_UL2A_AR_NATIONAL_MANIFEST_FINALIZER_V1_0_0_PACKAGE\village_manifest.csv","a8c810368436869531bd825a16fb42b9c9680e415648decad6d53bfa012e9760","exact-adm3-pcode","accepted","UL2A-AR-NATIONAL-MANIFEST-1.0.2"
"LB-LOC-37383","القرن","SRC-NATIONAL-VILLAGE-MANIFEST","37383","C:\APEX\UL2A_AR_FINALIZER_V1_0_0\APEX_WATANYBOT_UL2A_AR_NATIONAL_MANIFEST_FINALIZER_V1_0_0_PACKAGE\village_manifest.csv","a8c810368436869531bd825a16fb42b9c9680e415648decad6d53bfa012e9760","exact-adm3-pcode","accepted","UL2A-AR-NATIONAL-MANIFEST-1.0.2"
"LB-LOC-37385","مربين","SRC-NATIONAL-VILLAGE-MANIFEST","37385","C:\APEX\UL2A_AR_FINALIZER_V1_0_0\APEX_WATANYBOT_UL2A_AR_NATIONAL_MANIFEST_FINALIZER_V1_0_0_PACKAGE\village_manifest.csv","a8c810368436869531bd825a16fb42b9c9680e415648decad6d53bfa012e9760","exact-adm3-pcode","accepted","UL2A-AR-NATIONAL-MANIFEST-1.0.2"
"LB-LOC-37387","تربل المنيه","SRC-NATIONAL-VILLAGE-MANIFEST","37387","C:\APEX\UL2A_AR_FINALIZER_V1_0_0\APEX_WATANYBOT_UL2A_AR_NATIONAL_MANIFEST_FINALIZER_V1_0_0_PACKAGE\village_manifest.csv","a8c810368436869531bd825a16fb42b9c9680e415648decad6d53bfa012e9760","exact-adm3-pcode","accepted","UL2A-AR-NATIONAL-MANIFEST-1.0.2"
"LB-LOC-37389","مزرعة الكريم","SRC-NATIONAL-VILLAGE-MANIFEST","37389","C:\APEX\UL2A_AR_FINALIZER_V1_0_0\APEX_WATANYBOT_UL2A_AR_NATIONAL_MANIFEST_FINALIZER_V1_0_0_PACKAGE\village_manifest.csv","a8c810368436869531bd825a16fb42b9c9680e415648decad6d53bfa012e9760","exact-adm3-pcode","accepted","UL2A-AR-NATIONAL-MANIFEST-1.0.2"
"LB-LOC-37391","بخعون","SRC-NATIONAL-VILLAGE-MANIFEST","37391","C:\APEX\UL2A_AR_FINALIZER_V1_0_0\APEX_WATANYBOT_UL2A_AR_NATIONAL_MANIFEST_FINALIZER_V1_0_0_PACKAGE\village_manifest.csv","a8c810368436869531bd825a16fb42b9c9680e415648decad6d53bfa012e9760","exact-adm3-pcode","accepted","UL2A-AR-NATIONAL-MANIFEST-1.0.2"
"LB-LOC-37395","كفر ببنين","SRC-NATIONAL-VILLAGE-MANIFEST","37395","C:\APEX\UL2A_AR_FINALIZER_V1_0_0\APEX_WATANYBOT_UL2A_AR_NATIONAL_MANIFEST_FINALIZER_V1_0_0_PACKAGE\village_manifest.csv","a8c810368436869531bd825a16fb42b9c9680e415648decad6d53bfa012e9760","exact-adm3-pcode","accepted","UL2A-AR-NATIONAL-MANIFEST-1.0.2"
"LB-LOC-51111","زحلة","SRC-NATIONAL-VILLAGE-MANIFEST","51111","C:\APEX\UL2A_AR_FINALIZER_V1_0_0\APEX_WATANYBOT_UL2A_AR_NATIONAL_MANIFEST_FINALIZER_V1_0_0_PACKAGE\village_manifest.csv","a8c810368436869531bd825a16fb42b9c9680e415648decad6d53bfa012e9760","exact-adm3-pcode","accepted","UL2A-AR-NATIONAL-MANIFEST-1.0.2"
"LB-LOC-51113","حوش الزراعنة","SRC-NATIONAL-VILLAGE-MANIFEST","51113","C:\APEX\UL2A_AR_FINALIZER_V1_0_0\APEX_WATANYBOT_UL2A_AR_NATIONAL_MANIFEST_FINALIZER_V1_0_0_PACKAGE\village_manifest.csv","a8c810368436869531bd825a16fb42b9c9680e415648decad6d53bfa012e9760","exact-adm3-pcode","accepted","UL2A-AR-NATIONAL-MANIFEST-1.0.2"
"LB-LOC-51115","زحلة مار جرجس","SRC-NATIONAL-VILLAGE-MANIFEST","51115","C:\APEX\UL2A_AR_FINALIZER_V1_0_0\APEX_WATANYBOT_UL2A_AR_NATIONAL_MANIFEST_FINALIZER_V1_0_0_PACKAGE\village_manifest.csv","a8c810368436869531bd825a16fb42b9c9680e415648decad6d53bfa012e9760","exact-adm3-pcode","accepted","UL2A-AR-NATIONAL-MANIFEST-1.0.2"
"LB-LOC-51117","الراسية","SRC-NATIONAL-VILLAGE-MANIFEST","51117","C:\APEX\UL2A_AR_FINALIZER_V1_0_0\APEX_WATANYBOT_UL2A_AR_NATIONAL_MANIFEST_FINALIZER_V1_0_0_PACKAGE\village_manifest.csv","a8c810368436869531bd825a16fb42b9c9680e415648decad6d53bfa012e9760","exact-adm3-pcode","accepted","UL2A-AR-NATIONAL-MANIFEST-1.0.2"
"LB-LOC-51119","بربارة زحلة","SRC-NATIONAL-VILLAGE-MANIFEST","51119","C:\APEX\UL2A_AR_FINALIZER_V1_0_0\APEX_WATANYBOT_UL2A_AR_NATIONAL_MANIFEST_FINALIZER_V1_0_0_PACKAGE\village_manifest.csv","a8c810368436869531bd825a16fb42b9c9680e415648decad6d53bfa012e9760","exact-adm3-pcode","accepted","UL2A-AR-NATIONAL-MANIFEST-1.0.2"
"LB-LOC-51121","زحلة معلقة أراضي","SRC-NATIONAL-VILLAGE-MANIFEST","51121","C:\APEX\UL2A_AR_FINALIZER_V1_0_0\APEX_WATANYBOT_UL2A_AR_NATIONAL_MANIFEST_FINALIZER_V1_0_0_PACKAGE\village_manifest.csv","a8c810368436869531bd825a16fb42b9c9680e415648decad6d53bfa012e9760","exact-adm3-pcode","accepted","UL2A-AR-NATIONAL-MANIFEST-1.0.2"
"LB-LOC-51123","زحلة مار أنطونيوس","SRC-NATIONAL-VILLAGE-MANIFEST","51123","C:\APEX\UL2A_AR_FINALIZER_V1_0_0\APEX_WATANYBOT_UL2A_AR_NATIONAL_MANIFEST_FINALIZER_V1_0_0_PACKAGE\village_manifest.csv","a8c810368436869531bd825a16fb42b9c9680e415648decad6d53bfa012e9760","exact-adm3-pcode","accepted","UL2A-AR-NATIONAL-MANIFEST-1.0.2"
"LB-LOC-51125","مدينة الصناعية","SRC-NATIONAL-VILLAGE-MANIFEST","51125","C:\APEX\UL2A_AR_FINALIZER_V1_0_0\APEX_WATANYBOT_UL2A_AR_NATIONAL_MANIFEST_FINALIZER_V1_0_0_PACKAGE\village_manifest.csv","a8c810368436869531bd825a16fb42b9c9680e415648decad6d53bfa012e9760","exact-adm3-pcode","accepted","UL2A-AR-NATIONAL-MANIFEST-1.0.2"
"LB-LOC-51127","زحلة حوش الامراء أراضي","SRC-NATIONAL-VILLAGE-MANIFEST","51127","C:\APEX\UL2A_AR_FINALIZER_V1_0_0\APEX_WATANYBOT_UL2A_AR_NATIONAL_MANIFEST_FINALIZER_V1_0_0_PACKAGE\village_manifest.csv","a8c810368436869531bd825a16fb42b9c9680e415648decad6d53bfa012e9760","exact-adm3-pcode","accepted","UL2A-AR-NATIONAL-MANIFEST-1.0.2"
"LB-LOC-51129","زحلة سيدة النجاة","SRC-NATIONAL-VILLAGE-MANIFEST","51129","C:\APEX\UL2A_AR_FINALIZER_V1_0_0\APEX_WATANYBOT_UL2A_AR_NATIONAL_MANIFEST_FINALIZER_V1_0_0_PACKAGE\village_manifest.csv","a8c810368436869531bd825a16fb42b9c9680e415648decad6d53bfa012e9760","exact-adm3-pcode","accepted","UL2A-AR-NATIONAL-MANIFEST-1.0.2"
"LB-LOC-51131","تل شيحا","SRC-NATIONAL-VILLAGE-MANIFEST","51131","C:\APEX\UL2A_AR_FINALIZER_V1_0_0\APEX_WATANYBOT_UL2A_AR_NATIONAL_MANIFEST_FINALIZER_V1_0_0_PACKAGE\village_manifest.csv","a8c810368436869531bd825a16fb42b9c9680e415648decad6d53bfa012e9760","exact-adm3-pcode","accepted","UL2A-AR-NATIONAL-MANIFEST-1.0.2"
"LB-LOC-51133","زحلة أراضي","SRC-NATIONAL-VILLAGE-MANIFEST","51133","C:\APEX\UL2A_AR_FINALIZER_V1_0_0\APEX_WATANYBOT_UL2A_AR_NATIONAL_MANIFEST_FINALIZER_V1_0_0_PACKAGE\village_manifest.csv","a8c810368436869531bd825a16fb42b9c9680e415648decad6d53bfa012e9760","exact-adm3-pcode","accepted","UL2A-AR-NATIONAL-MANIFEST-1.0.2"
"LB-LOC-51135","مار الياس زحلة","SRC-NATIONAL-VILLAGE-MANIFEST","51135","C:\APEX\UL2A_AR_FINALIZER_V1_0_0\APEX_WATANYBOT_UL2A_AR_NATIONAL_MANIFEST_FINALIZER_V1_0_0_PACKAGE\village_manifest.csv","a8c810368436869531bd825a16fb42b9c9680e415648decad6d53bfa012e9760","exact-adm3-pcode","accepted","UL2A-AR-NATIONAL-MANIFEST-1.0.2"
"LB-LOC-51139","فرزل","SRC-NATIONAL-VILLAGE-MANIFEST","51139","C:\APEX\UL2A_AR_FINALIZER_V1_0_0\APEX_WATANYBOT_UL2A_AR_NATIONAL_MANIFEST_FINALIZER_V1_0_0_PACKAGE\village_manifest.csv","a8c810368436869531bd825a16fb42b9c9680e415648decad6d53bfa012e9760","exact-adm3-pcode","accepted","UL2A-AR-NATIONAL-MANIFEST-1.0.2"
"LB-LOC-51145","تويتي","SRC-NATIONAL-VILLAGE-MANIFEST","51145","C:\APEX\UL2A_AR_FINALIZER_V1_0_0\APEX_WATANYBOT_UL2A_AR_NATIONAL_MANIFEST_FINALIZER_V1_0_0_PACKAGE\village_manifest.csv","a8c810368436869531bd825a16fb42b9c9680e415648decad6d53bfa012e9760","exact-adm3-pcode","accepted","UL2A-AR-NATIONAL-MANIFEST-1.0.2"
"LB-LOC-51151","نبي ايلا","SRC-NATIONAL-VILLAGE-MANIFEST","51151","C:\APEX\UL2A_AR_FINALIZER_V1_0_0\APEX_WATANYBOT_UL2A_AR_NATIONAL_MANIFEST_FINALIZER_V1_0_0_PACKAGE\village_manifest.csv","a8c810368436869531bd825a16fb42b9c9680e415648decad6d53bfa012e9760","exact-adm3-pcode","accepted","UL2A-AR-NATIONAL-MANIFEST-1.0.2"
"LB-LOC-51157","حزرتا","SRC-NATIONAL-VILLAGE-MANIFEST","51157","C:\APEX\UL2A_AR_FINALIZER_V1_0_0\APEX_WATANYBOT_UL2A_AR_NATIONAL_MANIFEST_FINALIZER_V1_0_0_PACKAGE\village_manifest.csv","a8c810368436869531bd825a16fb42b9c9680e415648decad6d53bfa012e9760","exact-adm3-pcode","accepted","UL2A-AR-NATIONAL-MANIFEST-1.0.2"
"LB-LOC-51163","ابلح","SRC-NATIONAL-VILLAGE-MANIFEST","51163","C:\APEX\UL2A_AR_FINALIZER_V1_0_0\APEX_WATANYBOT_UL2A_AR_NATIONAL_MANIFEST_FINALIZER_V1_0_0_PACKAGE\village_manifest.csv","a8c810368436869531bd825a16fb42b9c9680e415648decad6d53bfa012e9760","exact-adm3-pcode","accepted","UL2A-AR-NATIONAL-MANIFEST-1.0.2"
"LB-LOC-51173","قاع الريم","SRC-NATIONAL-VILLAGE-MANIFEST","51173","C:\APEX\UL2A_AR_FINALIZER_V1_0_0\APEX_WATANYBOT_UL2A_AR_NATIONAL_MANIFEST_FINALIZER_V1_0_0_PACKAGE\village_manifest.csv","a8c810368436869531bd825a16fb42b9c9680e415648decad6d53bfa012e9760","exact-adm3-pcode","accepted","UL2A-AR-NATIONAL-MANIFEST-1.0.2"
"LB-LOC-51177","نيحا زحلة","SRC-NATIONAL-VILLAGE-MANIFEST","51177","C:\APEX\UL2A_AR_FINALIZER_V1_0_0\APEX_WATANYBOT_UL2A_AR_NATIONAL_MANIFEST_FINALIZER_V1_0_0_PACKAGE\village_manifest.csv","a8c810368436869531bd825a16fb42b9c9680e415648decad6d53bfa012e9760","exact-adm3-pcode","accepted","UL2A-AR-NATIONAL-MANIFEST-1.0.2"
"LB-LOC-51184","كسارة","SRC-NATIONAL-VILLAGE-MANIFEST","51184","C:\APEX\UL2A_AR_FINALIZER_V1_0_0\APEX_WATANYBOT_UL2A_AR_NATIONAL_MANIFEST_FINALIZER_V1_0_0_PACKAGE\village_manifest.csv","a8c810368436869531bd825a16fb42b9c9680e415648decad6d53bfa012e9760","exact-adm3-pcode","accepted","UL2A-AR-NATIONAL-MANIFEST-1.0.2"
"LB-LOC-51185","الرمطانية","SRC-NATIONAL-VILLAGE-MANIFEST","51185","C:\APEX\UL2A_AR_FINALIZER_V1_0_0\APEX_WATANYBOT_UL2A_AR_NATIONAL_MANIFEST_FINALIZER_V1_0_0_PACKAGE\village_manifest.csv","a8c810368436869531bd825a16fb42b9c9680e415648decad6d53bfa012e9760","exact-adm3-pcode","accepted","UL2A-AR-NATIONAL-MANIFEST-1.0.2"
"LB-LOC-51189","وادي العرايش","SRC-NATIONAL-VILLAGE-MANIFEST","51189","C:\APEX\UL2A_AR_FINALIZER_V1_0_0\APEX_WATANYBOT_UL2A_AR_NATIONAL_MANIFEST_FINALIZER_V1_0_0_PACKAGE\village_manifest.csv","a8c810368436869531bd825a16fb42b9c9680e415648decad6d53bfa012e9760","exact-adm3-pcode","accepted","UL2A-AR-NATIONAL-MANIFEST-1.0.2"
"LB-LOC-51211","شتورا","SRC-NATIONAL-VILLAGE-MANIFEST","51211","C:\APEX\UL2A_AR_FINALIZER_V1_0_0\APEX_WATANYBOT_UL2A_AR_NATIONAL_MANIFEST_FINALIZER_V1_0_0_PACKAGE\village_manifest.csv","a8c810368436869531bd825a16fb42b9c9680e415648decad6d53bfa012e9760","exact-adm3-pcode","accepted","UL2A-AR-NATIONAL-MANIFEST-1.0.2"
"LB-LOC-51214","زبدل","SRC-NATIONAL-VILLAGE-MANIFEST","51214","C:\APEX\UL2A_AR_FINALIZER_V1_0_0\APEX_WATANYBOT_UL2A_AR_NATIONAL_MANIFEST_FINALIZER_V1_0_0_PACKAGE\village_manifest.csv","a8c810368436869531bd825a16fb42b9c9680e415648decad6d53bfa012e9760","exact-adm3-pcode","accepted","UL2A-AR-NATIONAL-MANIFEST-1.0.2"
"LB-LOC-51217","مكسة","SRC-NATIONAL-VILLAGE-MANIFEST","51217","C:\APEX\UL2A_AR_FINALIZER_V1_0_0\APEX_WATANYBOT_UL2A_AR_NATIONAL_MANIFEST_FINALIZER_V1_0_0_PACKAGE\village_manifest.csv","a8c810368436869531bd825a16fb42b9c9680e415648decad6d53bfa012e9760","exact-adm3-pcode","accepted","UL2A-AR-NATIONAL-MANIFEST-1.0.2"
"LB-LOC-51221","تعلبايا","SRC-NATIONAL-VILLAGE-MANIFEST","51221","C:\APEX\UL2A_AR_FINALIZER_V1_0_0\APEX_WATANYBOT_UL2A_AR_NATIONAL_MANIFEST_FINALIZER_V1_0_0_PACKAGE\village_manifest.csv","a8c810368436869531bd825a16fb42b9c9680e415648decad6d53bfa012e9760","exact-adm3-pcode","accepted","UL2A-AR-NATIONAL-MANIFEST-1.0.2"
"LB-LOC-51224","جديتا","SRC-NATIONAL-VILLAGE-MANIFEST","51224","C:\APEX\UL2A_AR_FINALIZER_V1_0_0\APEX_WATANYBOT_UL2A_AR_NATIONAL_MANIFEST_FINALIZER_V1_0_0_PACKAGE\village_manifest.csv","a8c810368436869531bd825a16fb42b9c9680e415648decad6d53bfa012e9760","exact-adm3-pcode","accepted","UL2A-AR-NATIONAL-MANIFEST-1.0.2"
"LB-LOC-51227","تعنايل","SRC-NATIONAL-VILLAGE-MANIFEST","51227","C:\APEX\UL2A_AR_FINALIZER_V1_0_0\APEX_WATANYBOT_UL2A_AR_NATIONAL_MANIFEST_FINALIZER_V1_0_0_PACKAGE\village_manifest.csv","a8c810368436869531bd825a16fb42b9c9680e415648decad6d53bfa012e9760","exact-adm3-pcode","accepted","UL2A-AR-NATIONAL-MANIFEST-1.0.2"
"LB-LOC-51231","سعدنايل","SRC-NATIONAL-VILLAGE-MANIFEST","51231","C:\APEX\UL2A_AR_FINALIZER_V1_0_0\APEX_WATANYBOT_UL2A_AR_NATIONAL_MANIFEST_FINALIZER_V1_0_0_PACKAGE\village_manifest.csv","a8c810368436869531bd825a16fb42b9c9680e415648decad6d53bfa012e9760","exact-adm3-pcode","accepted","UL2A-AR-NATIONAL-MANIFEST-1.0.2"
"LB-LOC-51234","قب الياس","SRC-NATIONAL-VILLAGE-MANIFEST","51234","C:\APEX\UL2A_AR_FINALIZER_V1_0_0\APEX_WATANYBOT_UL2A_AR_NATIONAL_MANIFEST_FINALIZER_V1_0_0_PACKAGE\village_manifest.csv","a8c810368436869531bd825a16fb42b9c9680e415648decad6d53bfa012e9760","exact-adm3-pcode","accepted","UL2A-AR-NATIONAL-MANIFEST-1.0.2"
"LB-LOC-51237","حوش مندره","SRC-NATIONAL-VILLAGE-MANIFEST","51237","C:\APEX\UL2A_AR_FINALIZER_V1_0_0\APEX_WATANYBOT_UL2A_AR_NATIONAL_MANIFEST_FINALIZER_V1_0_0_PACKAGE\village_manifest.csv","a8c810368436869531bd825a16fb42b9c9680e415648decad6d53bfa012e9760","exact-adm3-pcode","accepted","UL2A-AR-NATIONAL-MANIFEST-1.0.2"
"LB-LOC-51241","مريجات","SRC-NATIONAL-VILLAGE-MANIFEST","51241","C:\APEX\UL2A_AR_FINALIZER_V1_0_0\APEX_WATANYBOT_UL2A_AR_NATIONAL_MANIFEST_FINALIZER_V1_0_0_PACKAGE\village_manifest.csv","a8c810368436869531bd825a16fb42b9c9680e415648decad6d53bfa012e9760","exact-adm3-pcode","accepted","UL2A-AR-NATIONAL-MANIFEST-1.0.2"
"LB-LOC-51244","بوارج","SRC-NATIONAL-VILLAGE-MANIFEST","51244","C:\APEX\UL2A_AR_FINALIZER_V1_0_0\APEX_WATANYBOT_UL2A_AR_NATIONAL_MANIFEST_FINALIZER_V1_0_0_PACKAGE\village_manifest.csv","a8c810368436869531bd825a16fb42b9c9680e415648decad6d53bfa012e9760","exact-adm3-pcode","accepted","UL2A-AR-NATIONAL-MANIFEST-1.0.2"
"LB-LOC-51247","شبرقية تابت","SRC-NATIONAL-VILLAGE-MANIFEST","51247","C:\APEX\UL2A_AR_FINALIZER_V1_0_0\APEX_WATANYBOT_UL2A_AR_NATIONAL_MANIFEST_FINALIZER_V1_0_0_PACKAGE\village_manifest.csv","a8c810368436869531bd825a16fb42b9c9680e415648decad6d53bfa012e9760","exact-adm3-pcode","accepted","UL2A-AR-NATIONAL-MANIFEST-1.0.2"
"LB-LOC-51251","حوش الصيادي","SRC-NATIONAL-VILLAGE-MANIFEST","51251","C:\APEX\UL2A_AR_FINALIZER_V1_0_0\APEX_WATANYBOT_UL2A_AR_NATIONAL_MANIFEST_FINALIZER_V1_0_0_PACKAGE\village_manifest.csv","a8c810368436869531bd825a16fb42b9c9680e415648decad6d53bfa012e9760","exact-adm3-pcode","accepted","UL2A-AR-NATIONAL-MANIFEST-1.0.2"
"LB-LOC-51257","وادي الدلم","SRC-NATIONAL-VILLAGE-MANIFEST","51257","C:\APEX\UL2A_AR_FINALIZER_V1_0_0\APEX_WATANYBOT_UL2A_AR_NATIONAL_MANIFEST_FINALIZER_V1_0_0_PACKAGE\village_manifest.csv","a8c810368436869531bd825a16fb42b9c9680e415648decad6d53bfa012e9760","exact-adm3-pcode","accepted","UL2A-AR-NATIONAL-MANIFEST-1.0.2"
"LB-LOC-51261","تشفلك قيقانو","SRC-NATIONAL-VILLAGE-MANIFEST","51261","C:\APEX\UL2A_AR_FINALIZER_V1_0_0\APEX_WATANYBOT_UL2A_AR_NATIONAL_MANIFEST_FINALIZER_V1_0_0_PACKAGE\village_manifest.csv","a8c810368436869531bd825a16fb42b9c9680e415648decad6d53bfa012e9760","exact-adm3-pcode","accepted","UL2A-AR-NATIONAL-MANIFEST-1.0.2"
"LB-LOC-51264","قيصر","SRC-NATIONAL-VILLAGE-MANIFEST","51264","C:\APEX\UL2A_AR_FINALIZER_V1_0_0\APEX_WATANYBOT_UL2A_AR_NATIONAL_MANIFEST_FINALIZER_V1_0_0_PACKAGE\village_manifest.csv","a8c810368436869531bd825a16fb42b9c9680e415648decad6d53bfa012e9760","exact-adm3-pcode","accepted","UL2A-AR-NATIONAL-MANIFEST-1.0.2"
"LB-LOC-51267","بر الياس","SRC-NATIONAL-VILLAGE-MANIFEST","51267","C:\APEX\UL2A_AR_FINALIZER_V1_0_0\APEX_WATANYBOT_UL2A_AR_NATIONAL_MANIFEST_FINALIZER_V1_0_0_PACKAGE\village_manifest.csv","a8c810368436869531bd825a16fb42b9c9680e415648decad6d53bfa012e9760","exact-adm3-pcode","accepted","UL2A-AR-NATIONAL-MANIFEST-1.0.2"
"LB-LOC-51271","مزرعة زحلة","SRC-NATIONAL-VILLAGE-MANIFEST","51271","C:\APEX\UL2A_AR_FINALIZER_V1_0_0\APEX_WATANYBOT_UL2A_AR_NATIONAL_MANIFEST_FINALIZER_V1_0_0_PACKAGE\village_manifest.csv","a8c810368436869531bd825a16fb42b9c9680e415648decad6d53bfa012e9760","exact-adm3-pcode","accepted","UL2A-AR-NATIONAL-MANIFEST-1.0.2"
"LB-LOC-51274","تشفلك اده حوش","SRC-NATIONAL-VILLAGE-MANIFEST","51274","C:\APEX\UL2A_AR_FINALIZER_V1_0_0\APEX_WATANYBOT_UL2A_AR_NATIONAL_MANIFEST_FINALIZER_V1_0_0_PACKAGE\village_manifest.csv","a8c810368436869531bd825a16fb42b9c9680e415648decad6d53bfa012e9760","exact-adm3-pcode","accepted","UL2A-AR-NATIONAL-MANIFEST-1.0.2"
"LB-LOC-51277","تل الاخضر","SRC-NATIONAL-VILLAGE-MANIFEST","51277","C:\APEX\UL2A_AR_FINALIZER_V1_0_0\APEX_WATANYBOT_UL2A_AR_NATIONAL_MANIFEST_FINALIZER_V1_0_0_PACKAGE\village_manifest.csv","a8c810368436869531bd825a16fb42b9c9680e415648decad6d53bfa012e9760","exact-adm3-pcode","accepted","UL2A-AR-NATIONAL-MANIFEST-1.0.2"
"LB-LOC-51281","عنجر","SRC-NATIONAL-VILLAGE-MANIFEST","51281","C:\APEX\UL2A_AR_FINALIZER_V1_0_0\APEX_WATANYBOT_UL2A_AR_NATIONAL_MANIFEST_FINALIZER_V1_0_0_PACKAGE\village_manifest.csv","a8c810368436869531bd825a16fb42b9c9680e415648decad6d53bfa012e9760","exact-adm3-pcode","accepted","UL2A-AR-NATIONAL-MANIFEST-1.0.2"
"LB-LOC-51284","مجدل عنجر","SRC-NATIONAL-VILLAGE-MANIFEST","51284","C:\APEX\UL2A_AR_FINALIZER_V1_0_0\APEX_WATANYBOT_UL2A_AR_NATIONAL_MANIFEST_FINALIZER_V1_0_0_PACKAGE\village_manifest.csv","a8c810368436869531bd825a16fb42b9c9680e415648decad6d53bfa012e9760","exact-adm3-pcode","accepted","UL2A-AR-NATIONAL-MANIFEST-1.0.2"
"LB-LOC-51287","ناصرية زحلة","SRC-NATIONAL-VILLAGE-MANIFEST","51287","C:\APEX\UL2A_AR_FINALIZER_V1_0_0\APEX_WATANYBOT_UL2A_AR_NATIONAL_MANIFEST_FINALIZER_V1_0_0_PACKAGE\village_manifest.csv","a8c810368436869531bd825a16fb42b9c9680e415648decad6d53bfa012e9760","exact-adm3-pcode","accepted","UL2A-AR-NATIONAL-MANIFEST-1.0.2"
"LB-LOC-51311","رياق","SRC-NATIONAL-VILLAGE-MANIFEST","51311","C:\APEX\UL2A_AR_FINALIZER_V1_0_0\APEX_WATANYBOT_UL2A_AR_NATIONAL_MANIFEST_FINALIZER_V1_0_0_PACKAGE\village_manifest.csv","a8c810368436869531bd825a16fb42b9c9680e415648decad6d53bfa012e9760","exact-adm3-pcode","accepted","UL2A-AR-NATIONAL-MANIFEST-1.0.2"
"LB-LOC-51317","حوش حالا","SRC-NATIONAL-VILLAGE-MANIFEST","51317","C:\APEX\UL2A_AR_FINALIZER_V1_0_0\APEX_WATANYBOT_UL2A_AR_NATIONAL_MANIFEST_FINALIZER_V1_0_0_PACKAGE\village_manifest.csv","a8c810368436869531bd825a16fb42b9c9680e415648decad6d53bfa012e9760","exact-adm3-pcode","accepted","UL2A-AR-NATIONAL-MANIFEST-1.0.2"
"LB-LOC-51323","علي النهري","SRC-NATIONAL-VILLAGE-MANIFEST","51323","C:\APEX\UL2A_AR_FINALIZER_V1_0_0\APEX_WATANYBOT_UL2A_AR_NATIONAL_MANIFEST_FINALIZER_V1_0_0_PACKAGE\village_manifest.csv","a8c810368436869531bd825a16fb42b9c9680e415648decad6d53bfa012e9760","exact-adm3-pcode","accepted","UL2A-AR-NATIONAL-MANIFEST-1.0.2"
"LB-LOC-51329","حوش الغنم","SRC-NATIONAL-VILLAGE-MANIFEST","51329","C:\APEX\UL2A_AR_FINALIZER_V1_0_0\APEX_WATANYBOT_UL2A_AR_NATIONAL_MANIFEST_FINALIZER_V1_0_0_PACKAGE\village_manifest.csv","a8c810368436869531bd825a16fb42b9c9680e415648decad6d53bfa012e9760","exact-adm3-pcode","accepted","UL2A-AR-NATIONAL-MANIFEST-1.0.2"
"LB-LOC-51335","تل العمارة","SRC-NATIONAL-VILLAGE-MANIFEST","51335","C:\APEX\UL2A_AR_FINALIZER_V1_0_0\APEX_WATANYBOT_UL2A_AR_NATIONAL_MANIFEST_FINALIZER_V1_0_0_PACKAGE\village_manifest.csv","a8c810368436869531bd825a16fb42b9c9680e415648decad6d53bfa012e9760","exact-adm3-pcode","accepted","UL2A-AR-NATIONAL-MANIFEST-1.0.2"
"LB-LOC-51341","حشمش","SRC-NATIONAL-VILLAGE-MANIFEST","51341","C:\APEX\UL2A_AR_FINALIZER_V1_0_0\APEX_WATANYBOT_UL2A_AR_NATIONAL_MANIFEST_FINALIZER_V1_0_0_PACKAGE\village_manifest.csv","a8c810368436869531bd825a16fb42b9c9680e415648decad6d53bfa012e9760","exact-adm3-pcode","accepted","UL2A-AR-NATIONAL-MANIFEST-1.0.2"
"LB-LOC-51347","دير الغزال","SRC-NATIONAL-VILLAGE-MANIFEST","51347","C:\APEX\UL2A_AR_FINALIZER_V1_0_0\APEX_WATANYBOT_UL2A_AR_NATIONAL_MANIFEST_FINALIZER_V1_0_0_PACKAGE\village_manifest.csv","a8c810368436869531bd825a16fb42b9c9680e415648decad6d53bfa012e9760","exact-adm3-pcode","accepted","UL2A-AR-NATIONAL-MANIFEST-1.0.2"
"LB-LOC-51353","قوسايا","SRC-NATIONAL-VILLAGE-MANIFEST","51353","C:\APEX\UL2A_AR_FINALIZER_V1_0_0\APEX_WATANYBOT_UL2A_AR_NATIONAL_MANIFEST_FINALIZER_V1_0_0_PACKAGE\village_manifest.csv","a8c810368436869531bd825a16fb42b9c9680e415648decad6d53bfa012e9760","exact-adm3-pcode","accepted","UL2A-AR-NATIONAL-MANIFEST-1.0.2"
"LB-LOC-51354","ناصرية رزق","SRC-NATIONAL-VILLAGE-MANIFEST","51354","C:\APEX\UL2A_AR_FINALIZER_V1_0_0\APEX_WATANYBOT_UL2A_AR_NATIONAL_MANIFEST_FINALIZER_V1_0_0_PACKAGE\village_manifest.csv","a8c810368436869531bd825a16fb42b9c9680e415648decad6d53bfa012e9760","exact-adm3-pcode","accepted","UL2A-AR-NATIONAL-MANIFEST-1.0.2"
"LB-LOC-51359","رعيت","SRC-NATIONAL-VILLAGE-MANIFEST","51359","C:\APEX\UL2A_AR_FINALIZER_V1_0_0\APEX_WATANYBOT_UL2A_AR_NATIONAL_MANIFEST_FINALIZER_V1_0_0_PACKAGE\village_manifest.csv","a8c810368436869531bd825a16fb42b9c9680e415648decad6d53bfa012e9760","exact-adm3-pcode","accepted","UL2A-AR-NATIONAL-MANIFEST-1.0.2"
"LB-LOC-51365","تربل","SRC-NATIONAL-VILLAGE-MANIFEST","51365","C:\APEX\UL2A_AR_FINALIZER_V1_0_0\APEX_WATANYBOT_UL2A_AR_NATIONAL_MANIFEST_FINALIZER_V1_0_0_PACKAGE\village_manifest.csv","a8c810368436869531bd825a16fb42b9c9680e415648decad6d53bfa012e9760","exact-adm3-pcode","accepted","UL2A-AR-NATIONAL-MANIFEST-1.0.2"
"LB-LOC-51371","مسا","SRC-NATIONAL-VILLAGE-MANIFEST","51371","C:\APEX\UL2A_AR_FINALIZER_V1_0_0\APEX_WATANYBOT_UL2A_AR_NATIONAL_MANIFEST_FINALIZER_V1_0_0_PACKAGE\village_manifest.csv","a8c810368436869531bd825a16fb42b9c9680e415648decad6d53bfa012e9760","exact-adm3-pcode","accepted","UL2A-AR-NATIONAL-MANIFEST-1.0.2"
"LB-LOC-51377","عين كفر زبد","SRC-NATIONAL-VILLAGE-MANIFEST","51377","C:\APEX\UL2A_AR_FINALIZER_V1_0_0\APEX_WATANYBOT_UL2A_AR_NATIONAL_MANIFEST_FINALIZER_V1_0_0_PACKAGE\village_manifest.csv","a8c810368436869531bd825a16fb42b9c9680e415648decad6d53bfa012e9760","exact-adm3-pcode","accepted","UL2A-AR-NATIONAL-MANIFEST-1.0.2"
"LB-LOC-51383","دلهميه","SRC-NATIONAL-VILLAGE-MANIFEST","51383","C:\APEX\UL2A_AR_FINALIZER_V1_0_0\APEX_WATANYBOT_UL2A_AR_NATIONAL_MANIFEST_FINALIZER_V1_0_0_PACKAGE\village_manifest.csv","a8c810368436869531bd825a16fb42b9c9680e415648decad6d53bfa012e9760","exact-adm3-pcode","accepted","UL2A-AR-NATIONAL-MANIFEST-1.0.2"
"LB-LOC-51389","كفر زبد","SRC-NATIONAL-VILLAGE-MANIFEST","51389","C:\APEX\UL2A_AR_FINALIZER_V1_0_0\APEX_WATANYBOT_UL2A_AR_NATIONAL_MANIFEST_FINALIZER_V1_0_0_PACKAGE\village_manifest.csv","a8c810368436869531bd825a16fb42b9c9680e415648decad6d53bfa012e9760","exact-adm3-pcode","accepted","UL2A-AR-NATIONAL-MANIFEST-1.0.2"
"LB-LOC-52111","مشغرة","SRC-NATIONAL-VILLAGE-MANIFEST","52111","C:\APEX\UL2A_AR_FINALIZER_V1_0_0\APEX_WATANYBOT_UL2A_AR_NATIONAL_MANIFEST_FINALIZER_V1_0_0_PACKAGE\village_manifest.csv","a8c810368436869531bd825a16fb42b9c9680e415648decad6d53bfa012e9760","exact-adm3-pcode","accepted","UL2A-AR-NATIONAL-MANIFEST-1.0.2"
"LB-LOC-52116","عين التينة بقاع الغربي","SRC-NATIONAL-VILLAGE-MANIFEST","52116","C:\APEX\UL2A_AR_FINALIZER_V1_0_0\APEX_WATANYBOT_UL2A_AR_NATIONAL_MANIFEST_FINALIZER_V1_0_0_PACKAGE\village_manifest.csv","a8c810368436869531bd825a16fb42b9c9680e415648decad6d53bfa012e9760","exact-adm3-pcode","accepted","UL2A-AR-NATIONAL-MANIFEST-1.0.2"
"LB-LOC-52121","عيتنيت","SRC-NATIONAL-VILLAGE-MANIFEST","52121","C:\APEX\UL2A_AR_FINALIZER_V1_0_0\APEX_WATANYBOT_UL2A_AR_NATIONAL_MANIFEST_FINALIZER_V1_0_0_PACKAGE\village_manifest.csv","a8c810368436869531bd825a16fb42b9c9680e415648decad6d53bfa012e9760","exact-adm3-pcode","accepted","UL2A-AR-NATIONAL-MANIFEST-1.0.2"
"LB-LOC-52126","باب مارع","SRC-NATIONAL-VILLAGE-MANIFEST","52126","C:\APEX\UL2A_AR_FINALIZER_V1_0_0\APEX_WATANYBOT_UL2A_AR_NATIONAL_MANIFEST_FINALIZER_V1_0_0_PACKAGE\village_manifest.csv","a8c810368436869531bd825a16fb42b9c9680e415648decad6d53bfa012e9760","exact-adm3-pcode","accepted","UL2A-AR-NATIONAL-MANIFEST-1.0.2"
"LB-LOC-52131","دير عين الجوزة","SRC-NATIONAL-VILLAGE-MANIFEST","52131","C:\APEX\UL2A_AR_FINALIZER_V1_0_0\APEX_WATANYBOT_UL2A_AR_NATIONAL_MANIFEST_FINALIZER_V1_0_0_PACKAGE\village_manifest.csv","a8c810368436869531bd825a16fb42b9c9680e415648decad6d53bfa012e9760","exact-adm3-pcode","accepted","UL2A-AR-NATIONAL-MANIFEST-1.0.2"
"LB-LOC-52136","صغبين","SRC-NATIONAL-VILLAGE-MANIFEST","52136","C:\APEX\UL2A_AR_FINALIZER_V1_0_0\APEX_WATANYBOT_UL2A_AR_NATIONAL_MANIFEST_FINALIZER_V1_0_0_PACKAGE\village_manifest.csv","a8c810368436869531bd825a16fb42b9c9680e415648decad6d53bfa012e9760","exact-adm3-pcode","accepted","UL2A-AR-NATIONAL-MANIFEST-1.0.2"
"LB-LOC-52141","لوسيا","SRC-NATIONAL-VILLAGE-MANIFEST","52141","C:\APEX\UL2A_AR_FINALIZER_V1_0_0\APEX_WATANYBOT_UL2A_AR_NATIONAL_MANIFEST_FINALIZER_V1_0_0_PACKAGE\village_manifest.csv","a8c810368436869531bd825a16fb42b9c9680e415648decad6d53bfa012e9760","exact-adm3-pcode","accepted","UL2A-AR-NATIONAL-MANIFEST-1.0.2"
"LB-LOC-52146","عين زبدة","SRC-NATIONAL-VILLAGE-MANIFEST","52146","C:\APEX\UL2A_AR_FINALIZER_V1_0_0\APEX_WATANYBOT_UL2A_AR_NATIONAL_MANIFEST_FINALIZER_V1_0_0_PACKAGE\village_manifest.csv","a8c810368436869531bd825a16fb42b9c9680e415648decad6d53bfa012e9760","exact-adm3-pcode","accepted","UL2A-AR-NATIONAL-MANIFEST-1.0.2"
"LB-LOC-52151","خربة قنافار","SRC-NATIONAL-VILLAGE-MANIFEST","52151","C:\APEX\UL2A_AR_FINALIZER_V1_0_0\APEX_WATANYBOT_UL2A_AR_NATIONAL_MANIFEST_FINALIZER_V1_0_0_PACKAGE\village_manifest.csv","a8c810368436869531bd825a16fb42b9c9680e415648decad6d53bfa012e9760","exact-adm3-pcode","accepted","UL2A-AR-NATIONAL-MANIFEST-1.0.2"
"LB-LOC-52156","كفريا بقاع الغربي","SRC-NATIONAL-VILLAGE-MANIFEST","52156","C:\APEX\UL2A_AR_FINALIZER_V1_0_0\APEX_WATANYBOT_UL2A_AR_NATIONAL_MANIFEST_FINALIZER_V1_0_0_PACKAGE\village_manifest.csv","a8c810368436869531bd825a16fb42b9c9680e415648decad6d53bfa012e9760","exact-adm3-pcode","accepted","UL2A-AR-NATIONAL-MANIFEST-1.0.2"
"LB-LOC-52161","عانا","SRC-NATIONAL-VILLAGE-MANIFEST","52161","C:\APEX\UL2A_AR_FINALIZER_V1_0_0\APEX_WATANYBOT_UL2A_AR_NATIONAL_MANIFEST_FINALIZER_V1_0_0_PACKAGE\village_manifest.csv","a8c810368436869531bd825a16fb42b9c9680e415648decad6d53bfa012e9760","exact-adm3-pcode","accepted","UL2A-AR-NATIONAL-MANIFEST-1.0.2"
"LB-LOC-52166","دير طحنيش","SRC-NATIONAL-VILLAGE-MANIFEST","52166","C:\APEX\UL2A_AR_FINALIZER_V1_0_0\APEX_WATANYBOT_UL2A_AR_NATIONAL_MANIFEST_FINALIZER_V1_0_0_PACKAGE\village_manifest.csv","a8c810368436869531bd825a16fb42b9c9680e415648decad6d53bfa012e9760","exact-adm3-pcode","accepted","UL2A-AR-NATIONAL-MANIFEST-1.0.2"
"LB-LOC-52171","المنصورة","SRC-NATIONAL-VILLAGE-MANIFEST","52171","C:\APEX\UL2A_AR_FINALIZER_V1_0_0\APEX_WATANYBOT_UL2A_AR_NATIONAL_MANIFEST_FINALIZER_V1_0_0_PACKAGE\village_manifest.csv","a8c810368436869531bd825a16fb42b9c9680e415648decad6d53bfa012e9760","exact-adm3-pcode","accepted","UL2A-AR-NATIONAL-MANIFEST-1.0.2"
"LB-LOC-52176","عميق","SRC-NATIONAL-VILLAGE-MANIFEST","52176","C:\APEX\UL2A_AR_FINALIZER_V1_0_0\APEX_WATANYBOT_UL2A_AR_NATIONAL_MANIFEST_FINALIZER_V1_0_0_PACKAGE\village_manifest.csv","a8c810368436869531bd825a16fb42b9c9680e415648decad6d53bfa012e9760","exact-adm3-pcode","accepted","UL2A-AR-NATIONAL-MANIFEST-1.0.2"
"LB-LOC-52181","شبرقية عميق","SRC-NATIONAL-VILLAGE-MANIFEST","52181","C:\APEX\UL2A_AR_FINALIZER_V1_0_0\APEX_WATANYBOT_UL2A_AR_NATIONAL_MANIFEST_FINALIZER_V1_0_0_PACKAGE\village_manifest.csv","a8c810368436869531bd825a16fb42b9c9680e415648decad6d53bfa012e9760","exact-adm3-pcode","accepted","UL2A-AR-NATIONAL-MANIFEST-1.0.2"
"LB-LOC-52211","جب جنين","SRC-NATIONAL-VILLAGE-MANIFEST","52211","C:\APEX\UL2A_AR_FINALIZER_V1_0_0\APEX_WATANYBOT_UL2A_AR_NATIONAL_MANIFEST_FINALIZER_V1_0_0_PACKAGE\village_manifest.csv","a8c810368436869531bd825a16fb42b9c9680e415648decad6d53bfa012e9760","exact-adm3-pcode","accepted","UL2A-AR-NATIONAL-MANIFEST-1.0.2"
"LB-LOC-52214","لالا","SRC-NATIONAL-VILLAGE-MANIFEST","52214","C:\APEX\UL2A_AR_FINALIZER_V1_0_0\APEX_WATANYBOT_UL2A_AR_NATIONAL_MANIFEST_FINALIZER_V1_0_0_PACKAGE\village_manifest.csv","a8c810368436869531bd825a16fb42b9c9680e415648decad6d53bfa012e9760","exact-adm3-pcode","accepted","UL2A-AR-NATIONAL-MANIFEST-1.0.2"
"LB-LOC-52217","كامد اللوز","SRC-NATIONAL-VILLAGE-MANIFEST","52217","C:\APEX\UL2A_AR_FINALIZER_V1_0_0\APEX_WATANYBOT_UL2A_AR_NATIONAL_MANIFEST_FINALIZER_V1_0_0_PACKAGE\village_manifest.csv","a8c810368436869531bd825a16fb42b9c9680e415648decad6d53bfa012e9760","exact-adm3-pcode","accepted","UL2A-AR-NATIONAL-MANIFEST-1.0.2"
"LB-LOC-52221","تل زنوب","SRC-NATIONAL-VILLAGE-MANIFEST","52221","C:\APEX\UL2A_AR_FINALIZER_V1_0_0\APEX_WATANYBOT_UL2A_AR_NATIONAL_MANIFEST_FINALIZER_V1_0_0_PACKAGE\village_manifest.csv","a8c810368436869531bd825a16fb42b9c9680e415648decad6d53bfa012e9760","exact-adm3-pcode","accepted","UL2A-AR-NATIONAL-MANIFEST-1.0.2"
"LB-LOC-52224","بعلول","SRC-NATIONAL-VILLAGE-MANIFEST","52224","C:\APEX\UL2A_AR_FINALIZER_V1_0_0\APEX_WATANYBOT_UL2A_AR_NATIONAL_MANIFEST_FINALIZER_V1_0_0_PACKAGE\village_manifest.csv","a8c810368436869531bd825a16fb42b9c9680e415648decad6d53bfa012e9760","exact-adm3-pcode","accepted","UL2A-AR-NATIONAL-MANIFEST-1.0.2"
"LB-LOC-52227","غزة","SRC-NATIONAL-VILLAGE-MANIFEST","52227","C:\APEX\UL2A_AR_FINALIZER_V1_0_0\APEX_WATANYBOT_UL2A_AR_NATIONAL_MANIFEST_FINALIZER_V1_0_0_PACKAGE\village_manifest.csv","a8c810368436869531bd825a16fb42b9c9680e415648decad6d53bfa012e9760","exact-adm3-pcode","accepted","UL2A-AR-NATIONAL-MANIFEST-1.0.2"
"LB-LOC-52231","سلطان يعقوب الفوقا","SRC-NATIONAL-VILLAGE-MANIFEST","52231","C:\APEX\UL2A_AR_FINALIZER_V1_0_0\APEX_WATANYBOT_UL2A_AR_NATIONAL_MANIFEST_FINALIZER_V1_0_0_PACKAGE\village_manifest.csv","a8c810368436869531bd825a16fb42b9c9680e415648decad6d53bfa012e9760","exact-adm3-pcode","accepted","UL2A-AR-NATIONAL-MANIFEST-1.0.2"
"LB-LOC-52234","الخيارة","SRC-NATIONAL-VILLAGE-MANIFEST","52234","C:\APEX\UL2A_AR_FINALIZER_V1_0_0\APEX_WATANYBOT_UL2A_AR_NATIONAL_MANIFEST_FINALIZER_V1_0_0_PACKAGE\village_manifest.csv","a8c810368436869531bd825a16fb42b9c9680e415648decad6d53bfa012e9760","exact-adm3-pcode","accepted","UL2A-AR-NATIONAL-MANIFEST-1.0.2"
"LB-LOC-52237","القرعون","SRC-NATIONAL-VILLAGE-MANIFEST","52237","C:\APEX\UL2A_AR_FINALIZER_V1_0_0\APEX_WATANYBOT_UL2A_AR_NATIONAL_MANIFEST_FINALIZER_V1_0_0_PACKAGE\village_manifest.csv","a8c810368436869531bd825a16fb42b9c9680e415648decad6d53bfa012e9760","exact-adm3-pcode","accepted","UL2A-AR-NATIONAL-MANIFEST-1.0.2"
"LB-LOC-52241","سلطان يعقوب أراضي","SRC-NATIONAL-VILLAGE-MANIFEST","52241","C:\APEX\UL2A_AR_FINALIZER_V1_0_0\APEX_WATANYBOT_UL2A_AR_NATIONAL_MANIFEST_FINALIZER_V1_0_0_PACKAGE\village_manifest.csv","a8c810368436869531bd825a16fb42b9c9680e415648decad6d53bfa012e9760","exact-adm3-pcode","accepted","UL2A-AR-NATIONAL-MANIFEST-1.0.2"
"LB-LOC-52244","حمارة","SRC-NATIONAL-VILLAGE-MANIFEST","52244","C:\APEX\UL2A_AR_FINALIZER_V1_0_0\APEX_WATANYBOT_UL2A_AR_NATIONAL_MANIFEST_FINALIZER_V1_0_0_PACKAGE\village_manifest.csv","a8c810368436869531bd825a16fb42b9c9680e415648decad6d53bfa012e9760","exact-adm3-pcode","accepted","UL2A-AR-NATIONAL-MANIFEST-1.0.2"
"LB-LOC-52247","خيارة العتيقة","SRC-NATIONAL-VILLAGE-MANIFEST","52247","C:\APEX\UL2A_AR_FINALIZER_V1_0_0\APEX_WATANYBOT_UL2A_AR_NATIONAL_MANIFEST_FINALIZER_V1_0_0_PACKAGE\village_manifest.csv","a8c810368436869531bd825a16fb42b9c9680e415648decad6d53bfa012e9760","exact-adm3-pcode","accepted","UL2A-AR-NATIONAL-MANIFEST-1.0.2"
"LB-LOC-52251","دكوة","SRC-NATIONAL-VILLAGE-MANIFEST","52251","C:\APEX\UL2A_AR_FINALIZER_V1_0_0\APEX_WATANYBOT_UL2A_AR_NATIONAL_MANIFEST_FINALIZER_V1_0_0_PACKAGE\village_manifest.csv","a8c810368436869531bd825a16fb42b9c9680e415648decad6d53bfa012e9760","exact-adm3-pcode","accepted","UL2A-AR-NATIONAL-MANIFEST-1.0.2"
"LB-LOC-52254","حوش الحريمة","SRC-NATIONAL-VILLAGE-MANIFEST","52254","C:\APEX\UL2A_AR_FINALIZER_V1_0_0\APEX_WATANYBOT_UL2A_AR_NATIONAL_MANIFEST_FINALIZER_V1_0_0_PACKAGE\village_manifest.csv","a8c810368436869531bd825a16fb42b9c9680e415648decad6d53bfa012e9760","exact-adm3-pcode","accepted","UL2A-AR-NATIONAL-MANIFEST-1.0.2"
"LB-LOC-52257","الجزيرة","SRC-NATIONAL-VILLAGE-MANIFEST","52257","C:\APEX\UL2A_AR_FINALIZER_V1_0_0\APEX_WATANYBOT_UL2A_AR_NATIONAL_MANIFEST_FINALIZER_V1_0_0_PACKAGE\village_manifest.csv","a8c810368436869531bd825a16fb42b9c9680e415648decad6d53bfa012e9760","exact-adm3-pcode","accepted","UL2A-AR-NATIONAL-MANIFEST-1.0.2"
"LB-LOC-52261","الوقف بقاع الغربي","SRC-NATIONAL-VILLAGE-MANIFEST","52261","C:\APEX\UL2A_AR_FINALIZER_V1_0_0\APEX_WATANYBOT_UL2A_AR_NATIONAL_MANIFEST_FINALIZER_V1_0_0_PACKAGE\village_manifest.csv","a8c810368436869531bd825a16fb42b9c9680e415648decad6d53bfa012e9760","exact-adm3-pcode","accepted","UL2A-AR-NATIONAL-MANIFEST-1.0.2"
"LB-LOC-52264","صويري","SRC-NATIONAL-VILLAGE-MANIFEST","52264","C:\APEX\UL2A_AR_FINALIZER_V1_0_0\APEX_WATANYBOT_UL2A_AR_NATIONAL_MANIFEST_FINALIZER_V1_0_0_PACKAGE\village_manifest.csv","a8c810368436869531bd825a16fb42b9c9680e415648decad6d53bfa012e9760","exact-adm3-pcode","accepted","UL2A-AR-NATIONAL-MANIFEST-1.0.2"
"LB-LOC-52267","سحمر","SRC-NATIONAL-VILLAGE-MANIFEST","52267","C:\APEX\UL2A_AR_FINALIZER_V1_0_0\APEX_WATANYBOT_UL2A_AR_NATIONAL_MANIFEST_FINALIZER_V1_0_0_PACKAGE\village_manifest.csv","a8c810368436869531bd825a16fb42b9c9680e415648decad6d53bfa012e9760","exact-adm3-pcode","accepted","UL2A-AR-NATIONAL-MANIFEST-1.0.2"
"LB-LOC-52271","حريمة الصغرى","SRC-NATIONAL-VILLAGE-MANIFEST","52271","C:\APEX\UL2A_AR_FINALIZER_V1_0_0\APEX_WATANYBOT_UL2A_AR_NATIONAL_MANIFEST_FINALIZER_V1_0_0_PACKAGE\village_manifest.csv","a8c810368436869531bd825a16fb42b9c9680e415648decad6d53bfa012e9760","exact-adm3-pcode","accepted","UL2A-AR-NATIONAL-MANIFEST-1.0.2"
"LB-LOC-52274","لبايا","SRC-NATIONAL-VILLAGE-MANIFEST","52274","C:\APEX\UL2A_AR_FINALIZER_V1_0_0\APEX_WATANYBOT_UL2A_AR_NATIONAL_MANIFEST_FINALIZER_V1_0_0_PACKAGE\village_manifest.csv","a8c810368436869531bd825a16fb42b9c9680e415648decad6d53bfa012e9760","exact-adm3-pcode","accepted","UL2A-AR-NATIONAL-MANIFEST-1.0.2"
"LB-LOC-52277","المرج","SRC-NATIONAL-VILLAGE-MANIFEST","52277","C:\APEX\UL2A_AR_FINALIZER_V1_0_0\APEX_WATANYBOT_UL2A_AR_NATIONAL_MANIFEST_FINALIZER_V1_0_0_PACKAGE\village_manifest.csv","a8c810368436869531bd825a16fb42b9c9680e415648decad6d53bfa012e9760","exact-adm3-pcode","accepted","UL2A-AR-NATIONAL-MANIFEST-1.0.2"
"LB-LOC-52281","يحمر بقاع الغربي","SRC-NATIONAL-VILLAGE-MANIFEST","52281","C:\APEX\UL2A_AR_FINALIZER_V1_0_0\APEX_WATANYBOT_UL2A_AR_NATIONAL_MANIFEST_FINALIZER_V1_0_0_PACKAGE\village_manifest.csv","a8c810368436869531bd825a16fb42b9c9680e415648decad6d53bfa012e9760","exact-adm3-pcode","accepted","UL2A-AR-NATIONAL-MANIFEST-1.0.2"
"LB-LOC-52284","زلايا","SRC-NATIONAL-VILLAGE-MANIFEST","52284","C:\APEX\UL2A_AR_FINALIZER_V1_0_0\APEX_WATANYBOT_UL2A_AR_NATIONAL_MANIFEST_FINALIZER_V1_0_0_PACKAGE\village_manifest.csv","a8c810368436869531bd825a16fb42b9c9680e415648decad6d53bfa012e9760","exact-adm3-pcode","accepted","UL2A-AR-NATIONAL-MANIFEST-1.0.2"
"LB-LOC-52287","ميدون","SRC-NATIONAL-VILLAGE-MANIFEST","52287","C:\APEX\UL2A_AR_FINALIZER_V1_0_0\APEX_WATANYBOT_UL2A_AR_NATIONAL_MANIFEST_FINALIZER_V1_0_0_PACKAGE\village_manifest.csv","a8c810368436869531bd825a16fb42b9c9680e415648decad6d53bfa012e9760","exact-adm3-pcode","accepted","UL2A-AR-NATIONAL-MANIFEST-1.0.2"
"LB-LOC-52291","قلايا","SRC-NATIONAL-VILLAGE-MANIFEST","52291","C:\APEX\UL2A_AR_FINALIZER_V1_0_0\APEX_WATANYBOT_UL2A_AR_NATIONAL_MANIFEST_FINALIZER_V1_0_0_PACKAGE\village_manifest.csv","a8c810368436869531bd825a16fb42b9c9680e415648decad6d53bfa012e9760","exact-adm3-pcode","accepted","UL2A-AR-NATIONAL-MANIFEST-1.0.2"
"LB-LOC-52295","روضة إسطبل","SRC-NATIONAL-VILLAGE-MANIFEST","52295","C:\APEX\UL2A_AR_FINALIZER_V1_0_0\APEX_WATANYBOT_UL2A_AR_NATIONAL_MANIFEST_FINALIZER_V1_0_0_PACKAGE\village_manifest.csv","a8c810368436869531bd825a16fb42b9c9680e415648decad6d53bfa012e9760","exact-adm3-pcode","accepted","UL2A-AR-NATIONAL-MANIFEST-1.0.2"
"LB-LOC-53111","بعلبك","SRC-NATIONAL-VILLAGE-MANIFEST","53111","C:\APEX\UL2A_AR_FINALIZER_V1_0_0\APEX_WATANYBOT_UL2A_AR_NATIONAL_MANIFEST_FINALIZER_V1_0_0_PACKAGE\village_manifest.csv","a8c810368436869531bd825a16fb42b9c9680e415648decad6d53bfa012e9760","exact-adm3-pcode","accepted","UL2A-AR-NATIONAL-MANIFEST-1.0.2"
"LB-LOC-53115","عين بورداي","SRC-NATIONAL-VILLAGE-MANIFEST","53115","C:\APEX\UL2A_AR_FINALIZER_V1_0_0\APEX_WATANYBOT_UL2A_AR_NATIONAL_MANIFEST_FINALIZER_V1_0_0_PACKAGE\village_manifest.csv","a8c810368436869531bd825a16fb42b9c9680e415648decad6d53bfa012e9760","exact-adm3-pcode","accepted","UL2A-AR-NATIONAL-MANIFEST-1.0.2"
"LB-LOC-53119","دوريس","SRC-NATIONAL-VILLAGE-MANIFEST","53119","C:\APEX\UL2A_AR_FINALIZER_V1_0_0\APEX_WATANYBOT_UL2A_AR_NATIONAL_MANIFEST_FINALIZER_V1_0_0_PACKAGE\village_manifest.csv","a8c810368436869531bd825a16fb42b9c9680e415648decad6d53bfa012e9760","exact-adm3-pcode","accepted","UL2A-AR-NATIONAL-MANIFEST-1.0.2"
"LB-LOC-53123","ايعات","SRC-NATIONAL-VILLAGE-MANIFEST","53123","C:\APEX\UL2A_AR_FINALIZER_V1_0_0\APEX_WATANYBOT_UL2A_AR_NATIONAL_MANIFEST_FINALIZER_V1_0_0_PACKAGE\village_manifest.csv","a8c810368436869531bd825a16fb42b9c9680e415648decad6d53bfa012e9760","exact-adm3-pcode","accepted","UL2A-AR-NATIONAL-MANIFEST-1.0.2"
"LB-LOC-53127","عدّوس","SRC-NATIONAL-VILLAGE-MANIFEST","53127","C:\APEX\UL2A_AR_FINALIZER_V1_0_0\APEX_WATANYBOT_UL2A_AR_NATIONAL_MANIFEST_FINALIZER_V1_0_0_PACKAGE\village_manifest.csv","a8c810368436869531bd825a16fb42b9c9680e415648decad6d53bfa012e9760","exact-adm3-pcode","accepted","UL2A-AR-NATIONAL-MANIFEST-1.0.2"
"LB-LOC-53131","عمشكي","SRC-NATIONAL-VILLAGE-MANIFEST","53131","C:\APEX\UL2A_AR_FINALIZER_V1_0_0\APEX_WATANYBOT_UL2A_AR_NATIONAL_MANIFEST_FINALIZER_V1_0_0_PACKAGE\village_manifest.csv","a8c810368436869531bd825a16fb42b9c9680e415648decad6d53bfa012e9760","exact-adm3-pcode","accepted","UL2A-AR-NATIONAL-MANIFEST-1.0.2"
"LB-LOC-53135","حوش تل صفية","SRC-NATIONAL-VILLAGE-MANIFEST","53135","C:\APEX\UL2A_AR_FINALIZER_V1_0_0\APEX_WATANYBOT_UL2A_AR_NATIONAL_MANIFEST_FINALIZER_V1_0_0_PACKAGE\village_manifest.csv","a8c810368436869531bd825a16fb42b9c9680e415648decad6d53bfa012e9760","exact-adm3-pcode","accepted","UL2A-AR-NATIONAL-MANIFEST-1.0.2"
"LB-LOC-53139","طيبة بعلبك","SRC-NATIONAL-VILLAGE-MANIFEST","53139","C:\APEX\UL2A_AR_FINALIZER_V1_0_0\APEX_WATANYBOT_UL2A_AR_NATIONAL_MANIFEST_FINALIZER_V1_0_0_PACKAGE\village_manifest.csv","a8c810368436869531bd825a16fb42b9c9680e415648decad6d53bfa012e9760","exact-adm3-pcode","accepted","UL2A-AR-NATIONAL-MANIFEST-1.0.2"
"LB-LOC-53143","نحله","SRC-NATIONAL-VILLAGE-MANIFEST","53143","C:\APEX\UL2A_AR_FINALIZER_V1_0_0\APEX_WATANYBOT_UL2A_AR_NATIONAL_MANIFEST_FINALIZER_V1_0_0_PACKAGE\village_manifest.csv","a8c810368436869531bd825a16fb42b9c9680e415648decad6d53bfa012e9760","exact-adm3-pcode","accepted","UL2A-AR-NATIONAL-MANIFEST-1.0.2"
"LB-LOC-53147","مجدلون","SRC-NATIONAL-VILLAGE-MANIFEST","53147","C:\APEX\UL2A_AR_FINALIZER_V1_0_0\APEX_WATANYBOT_UL2A_AR_NATIONAL_MANIFEST_FINALIZER_V1_0_0_PACKAGE\village_manifest.csv","a8c810368436869531bd825a16fb42b9c9680e415648decad6d53bfa012e9760","exact-adm3-pcode","accepted","UL2A-AR-NATIONAL-MANIFEST-1.0.2"
"LB-LOC-53151","حوش بردى","SRC-NATIONAL-VILLAGE-MANIFEST","53151","C:\APEX\UL2A_AR_FINALIZER_V1_0_0\APEX_WATANYBOT_UL2A_AR_NATIONAL_MANIFEST_FINALIZER_V1_0_0_PACKAGE\village_manifest.csv","a8c810368436869531bd825a16fb42b9c9680e415648decad6d53bfa012e9760","exact-adm3-pcode","accepted","UL2A-AR-NATIONAL-MANIFEST-1.0.2"
"LB-LOC-53155","مقنة","SRC-NATIONAL-VILLAGE-MANIFEST","53155","C:\APEX\UL2A_AR_FINALIZER_V1_0_0\APEX_WATANYBOT_UL2A_AR_NATIONAL_MANIFEST_FINALIZER_V1_0_0_PACKAGE\village_manifest.csv","a8c810368436869531bd825a16fb42b9c9680e415648decad6d53bfa012e9760","exact-adm3-pcode","accepted","UL2A-AR-NATIONAL-MANIFEST-1.0.2"
"LB-LOC-53159","حوش الدهب","SRC-NATIONAL-VILLAGE-MANIFEST","53159","C:\APEX\UL2A_AR_FINALIZER_V1_0_0\APEX_WATANYBOT_UL2A_AR_NATIONAL_MANIFEST_FINALIZER_V1_0_0_PACKAGE\village_manifest.csv","a8c810368436869531bd825a16fb42b9c9680e415648decad6d53bfa012e9760","exact-adm3-pcode","accepted","UL2A-AR-NATIONAL-MANIFEST-1.0.2"
"LB-LOC-53163","حصن الشادورا","SRC-NATIONAL-VILLAGE-MANIFEST","53163","C:\APEX\UL2A_AR_FINALIZER_V1_0_0\APEX_WATANYBOT_UL2A_AR_NATIONAL_MANIFEST_FINALIZER_V1_0_0_PACKAGE\village_manifest.csv","a8c810368436869531bd825a16fb42b9c9680e415648decad6d53bfa012e9760","exact-adm3-pcode","accepted","UL2A-AR-NATIONAL-MANIFEST-1.0.2"
"LB-LOC-53167","سعيدة","SRC-NATIONAL-VILLAGE-MANIFEST","53167","C:\APEX\UL2A_AR_FINALIZER_V1_0_0\APEX_WATANYBOT_UL2A_AR_NATIONAL_MANIFEST_FINALIZER_V1_0_0_PACKAGE\village_manifest.csv","a8c810368436869531bd825a16fb42b9c9680e415648decad6d53bfa012e9760","exact-adm3-pcode","accepted","UL2A-AR-NATIONAL-MANIFEST-1.0.2"
"LB-LOC-53171","جبعا","SRC-NATIONAL-VILLAGE-MANIFEST","53171","C:\APEX\UL2A_AR_FINALIZER_V1_0_0\APEX_WATANYBOT_UL2A_AR_NATIONAL_MANIFEST_FINALIZER_V1_0_0_PACKAGE\village_manifest.csv","a8c810368436869531bd825a16fb42b9c9680e415648decad6d53bfa012e9760","exact-adm3-pcode","accepted","UL2A-AR-NATIONAL-MANIFEST-1.0.2"
"LB-LOC-53179","كفر دان","SRC-NATIONAL-VILLAGE-MANIFEST","53179","C:\APEX\UL2A_AR_FINALIZER_V1_0_0\APEX_WATANYBOT_UL2A_AR_NATIONAL_MANIFEST_FINALIZER_V1_0_0_PACKAGE\village_manifest.csv","a8c810368436869531bd825a16fb42b9c9680e415648decad6d53bfa012e9760","exact-adm3-pcode","accepted","UL2A-AR-NATIONAL-MANIFEST-1.0.2"
"LB-LOC-53183","حدت الهرمل","SRC-NATIONAL-VILLAGE-MANIFEST","53183","C:\APEX\UL2A_AR_FINALIZER_V1_0_0\APEX_WATANYBOT_UL2A_AR_NATIONAL_MANIFEST_FINALIZER_V1_0_0_PACKAGE\village_manifest.csv","a8c810368436869531bd825a16fb42b9c9680e415648decad6d53bfa012e9760","exact-adm3-pcode","accepted","UL2A-AR-NATIONAL-MANIFEST-1.0.2"
"LB-LOC-53211","راس بعلبك","SRC-NATIONAL-VILLAGE-MANIFEST","53211","C:\APEX\UL2A_AR_FINALIZER_V1_0_0\APEX_WATANYBOT_UL2A_AR_NATIONAL_MANIFEST_FINALIZER_V1_0_0_PACKAGE\village_manifest.csv","a8c810368436869531bd825a16fb42b9c9680e415648decad6d53bfa012e9760","exact-adm3-pcode","accepted","UL2A-AR-NATIONAL-MANIFEST-1.0.2"
"LB-LOC-53214","فاكهة","SRC-NATIONAL-VILLAGE-MANIFEST","53214","C:\APEX\UL2A_AR_FINALIZER_V1_0_0\APEX_WATANYBOT_UL2A_AR_NATIONAL_MANIFEST_FINALIZER_V1_0_0_PACKAGE\village_manifest.csv","a8c810368436869531bd825a16fb42b9c9680e415648decad6d53bfa012e9760","exact-adm3-pcode","accepted","UL2A-AR-NATIONAL-MANIFEST-1.0.2"
"LB-LOC-53217","العين","SRC-NATIONAL-VILLAGE-MANIFEST","53217","C:\APEX\UL2A_AR_FINALIZER_V1_0_0\APEX_WATANYBOT_UL2A_AR_NATIONAL_MANIFEST_FINALIZER_V1_0_0_PACKAGE\village_manifest.csv","a8c810368436869531bd825a16fb42b9c9680e415648decad6d53bfa012e9760","exact-adm3-pcode","accepted","UL2A-AR-NATIONAL-MANIFEST-1.0.2"
"LB-LOC-53221","بجاجة","SRC-NATIONAL-VILLAGE-MANIFEST","53221","C:\APEX\UL2A_AR_FINALIZER_V1_0_0\APEX_WATANYBOT_UL2A_AR_NATIONAL_MANIFEST_FINALIZER_V1_0_0_PACKAGE\village_manifest.csv","a8c810368436869531bd825a16fb42b9c9680e415648decad6d53bfa012e9760","exact-adm3-pcode","accepted","UL2A-AR-NATIONAL-MANIFEST-1.0.2"
"LB-LOC-53224","نبي عثمان","SRC-NATIONAL-VILLAGE-MANIFEST","53224","C:\APEX\UL2A_AR_FINALIZER_V1_0_0\APEX_WATANYBOT_UL2A_AR_NATIONAL_MANIFEST_FINALIZER_V1_0_0_PACKAGE\village_manifest.csv","a8c810368436869531bd825a16fb42b9c9680e415648decad6d53bfa012e9760","exact-adm3-pcode","accepted","UL2A-AR-NATIONAL-MANIFEST-1.0.2"
"LB-LOC-53227","راس بعلبك الشرقي","SRC-NATIONAL-VILLAGE-MANIFEST","53227","C:\APEX\UL2A_AR_FINALIZER_V1_0_0\APEX_WATANYBOT_UL2A_AR_NATIONAL_MANIFEST_FINALIZER_V1_0_0_PACKAGE\village_manifest.csv","a8c810368436869531bd825a16fb42b9c9680e415648decad6d53bfa012e9760","exact-adm3-pcode","accepted","UL2A-AR-NATIONAL-MANIFEST-1.0.2"
"LB-LOC-53231","عرسال","SRC-NATIONAL-VILLAGE-MANIFEST","53231","C:\APEX\UL2A_AR_FINALIZER_V1_0_0\APEX_WATANYBOT_UL2A_AR_NATIONAL_MANIFEST_FINALIZER_V1_0_0_PACKAGE\village_manifest.csv","a8c810368436869531bd825a16fb42b9c9680e415648decad6d53bfa012e9760","exact-adm3-pcode","accepted","UL2A-AR-NATIONAL-MANIFEST-1.0.2"
"LB-LOC-53234","لبوة","SRC-NATIONAL-VILLAGE-MANIFEST","53234","C:\APEX\UL2A_AR_FINALIZER_V1_0_0\APEX_WATANYBOT_UL2A_AR_NATIONAL_MANIFEST_FINALIZER_V1_0_0_PACKAGE\village_manifest.csv","a8c810368436869531bd825a16fb42b9c9680e415648decad6d53bfa012e9760","exact-adm3-pcode","accepted","UL2A-AR-NATIONAL-MANIFEST-1.0.2"
"LB-LOC-53237","زبود","SRC-NATIONAL-VILLAGE-MANIFEST","53237","C:\APEX\UL2A_AR_FINALIZER_V1_0_0\APEX_WATANYBOT_UL2A_AR_NATIONAL_MANIFEST_FINALIZER_V1_0_0_PACKAGE\village_manifest.csv","a8c810368436869531bd825a16fb42b9c9680e415648decad6d53bfa012e9760","exact-adm3-pcode","accepted","UL2A-AR-NATIONAL-MANIFEST-1.0.2"
"LB-LOC-53241","القاع","SRC-NATIONAL-VILLAGE-MANIFEST","53241","C:\APEX\UL2A_AR_FINALIZER_V1_0_0\APEX_WATANYBOT_UL2A_AR_NATIONAL_MANIFEST_FINALIZER_V1_0_0_PACKAGE\village_manifest.csv","a8c810368436869531bd825a16fb42b9c9680e415648decad6d53bfa012e9760","exact-adm3-pcode","accepted","UL2A-AR-NATIONAL-MANIFEST-1.0.2"
"LB-LOC-53244","دير مار مارون بعلبك","SRC-NATIONAL-VILLAGE-MANIFEST","53244","C:\APEX\UL2A_AR_FINALIZER_V1_0_0\APEX_WATANYBOT_UL2A_AR_NATIONAL_MANIFEST_FINALIZER_V1_0_0_PACKAGE\village_manifest.csv","a8c810368436869531bd825a16fb42b9c9680e415648decad6d53bfa012e9760","exact-adm3-pcode","accepted","UL2A-AR-NATIONAL-MANIFEST-1.0.2"
"LB-LOC-53247","حلباتا","SRC-NATIONAL-VILLAGE-MANIFEST","53247","C:\APEX\UL2A_AR_FINALIZER_V1_0_0\APEX_WATANYBOT_UL2A_AR_NATIONAL_MANIFEST_FINALIZER_V1_0_0_PACKAGE\village_manifest.csv","a8c810368436869531bd825a16fb42b9c9680e415648decad6d53bfa012e9760","exact-adm3-pcode","accepted","UL2A-AR-NATIONAL-MANIFEST-1.0.2"
"LB-LOC-53251","المقرق","SRC-NATIONAL-VILLAGE-MANIFEST","53251","C:\APEX\UL2A_AR_FINALIZER_V1_0_0\APEX_WATANYBOT_UL2A_AR_NATIONAL_MANIFEST_FINALIZER_V1_0_0_PACKAGE\village_manifest.csv","a8c810368436869531bd825a16fb42b9c9680e415648decad6d53bfa012e9760","exact-adm3-pcode","accepted","UL2A-AR-NATIONAL-MANIFEST-1.0.2"
"LB-LOC-53254","قاع وادي الخنزير","SRC-NATIONAL-VILLAGE-MANIFEST","53254","C:\APEX\UL2A_AR_FINALIZER_V1_0_0\APEX_WATANYBOT_UL2A_AR_NATIONAL_MANIFEST_FINALIZER_V1_0_0_PACKAGE\village_manifest.csv","a8c810368436869531bd825a16fb42b9c9680e415648decad6d53bfa012e9760","exact-adm3-pcode","accepted","UL2A-AR-NATIONAL-MANIFEST-1.0.2"
"LB-LOC-53257","قاع بعيون","SRC-NATIONAL-VILLAGE-MANIFEST","53257","C:\APEX\UL2A_AR_FINALIZER_V1_0_0\APEX_WATANYBOT_UL2A_AR_NATIONAL_MANIFEST_FINALIZER_V1_0_0_PACKAGE\village_manifest.csv","a8c810368436869531bd825a16fb42b9c9680e415648decad6d53bfa012e9760","exact-adm3-pcode","accepted","UL2A-AR-NATIONAL-MANIFEST-1.0.2"
"LB-LOC-53261","صبوبا","SRC-NATIONAL-VILLAGE-MANIFEST","53261","C:\APEX\UL2A_AR_FINALIZER_V1_0_0\APEX_WATANYBOT_UL2A_AR_NATIONAL_MANIFEST_FINALIZER_V1_0_0_PACKAGE\village_manifest.csv","a8c810368436869531bd825a16fb42b9c9680e415648decad6d53bfa012e9760","exact-adm3-pcode","accepted","UL2A-AR-NATIONAL-MANIFEST-1.0.2"
"LB-LOC-53264","حربتا","SRC-NATIONAL-VILLAGE-MANIFEST","53264","C:\APEX\UL2A_AR_FINALIZER_V1_0_0\APEX_WATANYBOT_UL2A_AR_NATIONAL_MANIFEST_FINALIZER_V1_0_0_PACKAGE\village_manifest.csv","a8c810368436869531bd825a16fb42b9c9680e415648decad6d53bfa012e9760","exact-adm3-pcode","accepted","UL2A-AR-NATIONAL-MANIFEST-1.0.2"
"LB-LOC-53267","قاع جوار مكية","SRC-NATIONAL-VILLAGE-MANIFEST","53267","C:\APEX\UL2A_AR_FINALIZER_V1_0_0\APEX_WATANYBOT_UL2A_AR_NATIONAL_MANIFEST_FINALIZER_V1_0_0_PACKAGE\village_manifest.csv","a8c810368436869531bd825a16fb42b9c9680e415648decad6d53bfa012e9760","exact-adm3-pcode","accepted","UL2A-AR-NATIONAL-MANIFEST-1.0.2"
"LB-LOC-53271","نبحا","SRC-NATIONAL-VILLAGE-MANIFEST","53271","C:\APEX\UL2A_AR_FINALIZER_V1_0_0\APEX_WATANYBOT_UL2A_AR_NATIONAL_MANIFEST_FINALIZER_V1_0_0_PACKAGE\village_manifest.csv","a8c810368436869531bd825a16fb42b9c9680e415648decad6d53bfa012e9760","exact-adm3-pcode","accepted","UL2A-AR-NATIONAL-MANIFEST-1.0.2"
"LB-LOC-53274","شعت","SRC-NATIONAL-VILLAGE-MANIFEST","53274","C:\APEX\UL2A_AR_FINALIZER_V1_0_0\APEX_WATANYBOT_UL2A_AR_NATIONAL_MANIFEST_FINALIZER_V1_0_0_PACKAGE\village_manifest.csv","a8c810368436869531bd825a16fb42b9c9680e415648decad6d53bfa012e9760","exact-adm3-pcode","accepted","UL2A-AR-NATIONAL-MANIFEST-1.0.2"
"LB-LOC-53277","قرحا","SRC-NATIONAL-VILLAGE-MANIFEST","53277","C:\APEX\UL2A_AR_FINALIZER_V1_0_0\APEX_WATANYBOT_UL2A_AR_NATIONAL_MANIFEST_FINALIZER_V1_0_0_PACKAGE\village_manifest.csv","a8c810368436869531bd825a16fb42b9c9680e415648decad6d53bfa012e9760","exact-adm3-pcode","accepted","UL2A-AR-NATIONAL-MANIFEST-1.0.2"
"LB-LOC-53281","الرام","SRC-NATIONAL-VILLAGE-MANIFEST","53281","C:\APEX\UL2A_AR_FINALIZER_V1_0_0\APEX_WATANYBOT_UL2A_AR_NATIONAL_MANIFEST_FINALIZER_V1_0_0_PACKAGE\village_manifest.csv","a8c810368436869531bd825a16fb42b9c9680e415648decad6d53bfa012e9760","exact-adm3-pcode","accepted","UL2A-AR-NATIONAL-MANIFEST-1.0.2"
"LB-LOC-53284","يونين","SRC-NATIONAL-VILLAGE-MANIFEST","53284","C:\APEX\UL2A_AR_FINALIZER_V1_0_0\APEX_WATANYBOT_UL2A_AR_NATIONAL_MANIFEST_FINALIZER_V1_0_0_PACKAGE\village_manifest.csv","a8c810368436869531bd825a16fb42b9c9680e415648decad6d53bfa012e9760","exact-adm3-pcode","accepted","UL2A-AR-NATIONAL-MANIFEST-1.0.2"
"LB-LOC-53311","دير الاحمر","SRC-NATIONAL-VILLAGE-MANIFEST","53311","C:\APEX\UL2A_AR_FINALIZER_V1_0_0\APEX_WATANYBOT_UL2A_AR_NATIONAL_MANIFEST_FINALIZER_V1_0_0_PACKAGE\village_manifest.csv","a8c810368436869531bd825a16fb42b9c9680e415648decad6d53bfa012e9760","exact-adm3-pcode","accepted","UL2A-AR-NATIONAL-MANIFEST-1.0.2"
"LB-LOC-53322","كنيسة","SRC-NATIONAL-VILLAGE-MANIFEST","53322","C:\APEX\UL2A_AR_FINALIZER_V1_0_0\APEX_WATANYBOT_UL2A_AR_NATIONAL_MANIFEST_FINALIZER_V1_0_0_PACKAGE\village_manifest.csv","a8c810368436869531bd825a16fb42b9c9680e415648decad6d53bfa012e9760","exact-adm3-pcode","accepted","UL2A-AR-NATIONAL-MANIFEST-1.0.2"
"LB-LOC-53333","بشوات","SRC-NATIONAL-VILLAGE-MANIFEST","53333","C:\APEX\UL2A_AR_FINALIZER_V1_0_0\APEX_WATANYBOT_UL2A_AR_NATIONAL_MANIFEST_FINALIZER_V1_0_0_PACKAGE\village_manifest.csv","a8c810368436869531bd825a16fb42b9c9680e415648decad6d53bfa012e9760","exact-adm3-pcode","accepted","UL2A-AR-NATIONAL-MANIFEST-1.0.2"
"LB-LOC-53344","برقا","SRC-NATIONAL-VILLAGE-MANIFEST","53344","C:\APEX\UL2A_AR_FINALIZER_V1_0_0\APEX_WATANYBOT_UL2A_AR_NATIONAL_MANIFEST_FINALIZER_V1_0_0_PACKAGE\village_manifest.csv","a8c810368436869531bd825a16fb42b9c9680e415648decad6d53bfa012e9760","exact-adm3-pcode","accepted","UL2A-AR-NATIONAL-MANIFEST-1.0.2"
"LB-LOC-53355","ريحا","SRC-NATIONAL-VILLAGE-MANIFEST","53355","C:\APEX\UL2A_AR_FINALIZER_V1_0_0\APEX_WATANYBOT_UL2A_AR_NATIONAL_MANIFEST_FINALIZER_V1_0_0_PACKAGE\village_manifest.csv","a8c810368436869531bd825a16fb42b9c9680e415648decad6d53bfa012e9760","exact-adm3-pcode","accepted","UL2A-AR-NATIONAL-MANIFEST-1.0.2"
"LB-LOC-53366","دار الواسعة","SRC-NATIONAL-VILLAGE-MANIFEST","53366","C:\APEX\UL2A_AR_FINALIZER_V1_0_0\APEX_WATANYBOT_UL2A_AR_NATIONAL_MANIFEST_FINALIZER_V1_0_0_PACKAGE\village_manifest.csv","a8c810368436869531bd825a16fb42b9c9680e415648decad6d53bfa012e9760","exact-adm3-pcode","accepted","UL2A-AR-NATIONAL-MANIFEST-1.0.2"
"LB-LOC-53375","بتدعي","SRC-NATIONAL-VILLAGE-MANIFEST","53375","C:\APEX\UL2A_AR_FINALIZER_V1_0_0\APEX_WATANYBOT_UL2A_AR_NATIONAL_MANIFEST_FINALIZER_V1_0_0_PACKAGE\village_manifest.csv","a8c810368436869531bd825a16fb42b9c9680e415648decad6d53bfa012e9760","exact-adm3-pcode","accepted","UL2A-AR-NATIONAL-MANIFEST-1.0.2"
"LB-LOC-53377","عيناتا","SRC-NATIONAL-VILLAGE-MANIFEST","53377","C:\APEX\UL2A_AR_FINALIZER_V1_0_0\APEX_WATANYBOT_UL2A_AR_NATIONAL_MANIFEST_FINALIZER_V1_0_0_PACKAGE\village_manifest.csv","a8c810368436869531bd825a16fb42b9c9680e415648decad6d53bfa012e9760","exact-adm3-pcode","accepted","UL2A-AR-NATIONAL-MANIFEST-1.0.2"
"LB-LOC-53388","يمونة","SRC-NATIONAL-VILLAGE-MANIFEST","53388","C:\APEX\UL2A_AR_FINALIZER_V1_0_0\APEX_WATANYBOT_UL2A_AR_NATIONAL_MANIFEST_FINALIZER_V1_0_0_PACKAGE\village_manifest.csv","a8c810368436869531bd825a16fb42b9c9680e415648decad6d53bfa012e9760","exact-adm3-pcode","accepted","UL2A-AR-NATIONAL-MANIFEST-1.0.2"
"LB-LOC-53411","بدنايل","SRC-NATIONAL-VILLAGE-MANIFEST","53411","C:\APEX\UL2A_AR_FINALIZER_V1_0_0\APEX_WATANYBOT_UL2A_AR_NATIONAL_MANIFEST_FINALIZER_V1_0_0_PACKAGE\village_manifest.csv","a8c810368436869531bd825a16fb42b9c9680e415648decad6d53bfa012e9760","exact-adm3-pcode","accepted","UL2A-AR-NATIONAL-MANIFEST-1.0.2"
"LB-LOC-53413","قصرنابا","SRC-NATIONAL-VILLAGE-MANIFEST","53413","C:\APEX\UL2A_AR_FINALIZER_V1_0_0\APEX_WATANYBOT_UL2A_AR_NATIONAL_MANIFEST_FINALIZER_V1_0_0_PACKAGE\village_manifest.csv","a8c810368436869531bd825a16fb42b9c9680e415648decad6d53bfa012e9760","exact-adm3-pcode","accepted","UL2A-AR-NATIONAL-MANIFEST-1.0.2"
"LB-LOC-53415","تمنين الفوقا","SRC-NATIONAL-VILLAGE-MANIFEST","53415","C:\APEX\UL2A_AR_FINALIZER_V1_0_0\APEX_WATANYBOT_UL2A_AR_NATIONAL_MANIFEST_FINALIZER_V1_0_0_PACKAGE\village_manifest.csv","a8c810368436869531bd825a16fb42b9c9680e415648decad6d53bfa012e9760","exact-adm3-pcode","accepted","UL2A-AR-NATIONAL-MANIFEST-1.0.2"
"LB-LOC-53417","بيت شاما","SRC-NATIONAL-VILLAGE-MANIFEST","53417","C:\APEX\UL2A_AR_FINALIZER_V1_0_0\APEX_WATANYBOT_UL2A_AR_NATIONAL_MANIFEST_FINALIZER_V1_0_0_PACKAGE\village_manifest.csv","a8c810368436869531bd825a16fb42b9c9680e415648decad6d53bfa012e9760","exact-adm3-pcode","accepted","UL2A-AR-NATIONAL-MANIFEST-1.0.2"
"LB-LOC-53419","حوش الرافقة","SRC-NATIONAL-VILLAGE-MANIFEST","53419","C:\APEX\UL2A_AR_FINALIZER_V1_0_0\APEX_WATANYBOT_UL2A_AR_NATIONAL_MANIFEST_FINALIZER_V1_0_0_PACKAGE\village_manifest.csv","a8c810368436869531bd825a16fb42b9c9680e415648decad6d53bfa012e9760","exact-adm3-pcode","accepted","UL2A-AR-NATIONAL-MANIFEST-1.0.2"
"LB-LOC-53421","مطحنة مصراية","SRC-NATIONAL-VILLAGE-MANIFEST","53421","C:\APEX\UL2A_AR_FINALIZER_V1_0_0\APEX_WATANYBOT_UL2A_AR_NATIONAL_MANIFEST_FINALIZER_V1_0_0_PACKAGE\village_manifest.csv","a8c810368436869531bd825a16fb42b9c9680e415648decad6d53bfa012e9760","exact-adm3-pcode","accepted","UL2A-AR-NATIONAL-MANIFEST-1.0.2"
"LB-LOC-53423","سلوقي","SRC-NATIONAL-VILLAGE-MANIFEST","53423","C:\APEX\UL2A_AR_FINALIZER_V1_0_0\APEX_WATANYBOT_UL2A_AR_NATIONAL_MANIFEST_FINALIZER_V1_0_0_PACKAGE\village_manifest.csv","a8c810368436869531bd825a16fb42b9c9680e415648decad6d53bfa012e9760","exact-adm3-pcode","accepted","UL2A-AR-NATIONAL-MANIFEST-1.0.2"
"LB-LOC-53425","تمنين التحتا","SRC-NATIONAL-VILLAGE-MANIFEST","53425","C:\APEX\UL2A_AR_FINALIZER_V1_0_0\APEX_WATANYBOT_UL2A_AR_NATIONAL_MANIFEST_FINALIZER_V1_0_0_PACKAGE\village_manifest.csv","a8c810368436869531bd825a16fb42b9c9680e415648decad6d53bfa012e9760","exact-adm3-pcode","accepted","UL2A-AR-NATIONAL-MANIFEST-1.0.2"
"LB-LOC-53427","كفر دبش","SRC-NATIONAL-VILLAGE-MANIFEST","53427","C:\APEX\UL2A_AR_FINALIZER_V1_0_0\APEX_WATANYBOT_UL2A_AR_NATIONAL_MANIFEST_FINALIZER_V1_0_0_PACKAGE\village_manifest.csv","a8c810368436869531bd825a16fb42b9c9680e415648decad6d53bfa012e9760","exact-adm3-pcode","accepted","UL2A-AR-NATIONAL-MANIFEST-1.0.2"
"LB-LOC-53429","شمسطار","SRC-NATIONAL-VILLAGE-MANIFEST","53429","C:\APEX\UL2A_AR_FINALIZER_V1_0_0\APEX_WATANYBOT_UL2A_AR_NATIONAL_MANIFEST_FINALIZER_V1_0_0_PACKAGE\village_manifest.csv","a8c810368436869531bd825a16fb42b9c9680e415648decad6d53bfa012e9760","exact-adm3-pcode","accepted","UL2A-AR-NATIONAL-MANIFEST-1.0.2"
"LB-LOC-53431","حوش النبي","SRC-NATIONAL-VILLAGE-MANIFEST","53431","C:\APEX\UL2A_AR_FINALIZER_V1_0_0\APEX_WATANYBOT_UL2A_AR_NATIONAL_MANIFEST_FINALIZER_V1_0_0_PACKAGE\village_manifest.csv","a8c810368436869531bd825a16fb42b9c9680e415648decad6d53bfa012e9760","exact-adm3-pcode","accepted","UL2A-AR-NATIONAL-MANIFEST-1.0.2"
"LB-LOC-53433","حوش سنيد","SRC-NATIONAL-VILLAGE-MANIFEST","53433","C:\APEX\UL2A_AR_FINALIZER_V1_0_0\APEX_WATANYBOT_UL2A_AR_NATIONAL_MANIFEST_FINALIZER_V1_0_0_PACKAGE\village_manifest.csv","a8c810368436869531bd825a16fb42b9c9680e415648decad6d53bfa012e9760","exact-adm3-pcode","accepted","UL2A-AR-NATIONAL-MANIFEST-1.0.2"
"LB-LOC-53435","طاريا","SRC-NATIONAL-VILLAGE-MANIFEST","53435","C:\APEX\UL2A_AR_FINALIZER_V1_0_0\APEX_WATANYBOT_UL2A_AR_NATIONAL_MANIFEST_FINALIZER_V1_0_0_PACKAGE\village_manifest.csv","a8c810368436869531bd825a16fb42b9c9680e415648decad6d53bfa012e9760","exact-adm3-pcode","accepted","UL2A-AR-NATIONAL-MANIFEST-1.0.2"
"LB-LOC-53437","سرعين التحتا","SRC-NATIONAL-VILLAGE-MANIFEST","53437","C:\APEX\UL2A_AR_FINALIZER_V1_0_0\APEX_WATANYBOT_UL2A_AR_NATIONAL_MANIFEST_FINALIZER_V1_0_0_PACKAGE\village_manifest.csv","a8c810368436869531bd825a16fb42b9c9680e415648decad6d53bfa012e9760","exact-adm3-pcode","accepted","UL2A-AR-NATIONAL-MANIFEST-1.0.2"
"LB-LOC-53439","طليا","SRC-NATIONAL-VILLAGE-MANIFEST","53439","C:\APEX\UL2A_AR_FINALIZER_V1_0_0\APEX_WATANYBOT_UL2A_AR_NATIONAL_MANIFEST_FINALIZER_V1_0_0_PACKAGE\village_manifest.csv","a8c810368436869531bd825a16fb42b9c9680e415648decad6d53bfa012e9760","exact-adm3-pcode","accepted","UL2A-AR-NATIONAL-MANIFEST-1.0.2"
"LB-LOC-53441","حزين","SRC-NATIONAL-VILLAGE-MANIFEST","53441","C:\APEX\UL2A_AR_FINALIZER_V1_0_0\APEX_WATANYBOT_UL2A_AR_NATIONAL_MANIFEST_FINALIZER_V1_0_0_PACKAGE\village_manifest.csv","a8c810368436869531bd825a16fb42b9c9680e415648decad6d53bfa012e9760","exact-adm3-pcode","accepted","UL2A-AR-NATIONAL-MANIFEST-1.0.2"
"LB-LOC-53443","خضر","SRC-NATIONAL-VILLAGE-MANIFEST","53443","C:\APEX\UL2A_AR_FINALIZER_V1_0_0\APEX_WATANYBOT_UL2A_AR_NATIONAL_MANIFEST_FINALIZER_V1_0_0_PACKAGE\village_manifest.csv","a8c810368436869531bd825a16fb42b9c9680e415648decad6d53bfa012e9760","exact-adm3-pcode","accepted","UL2A-AR-NATIONAL-MANIFEST-1.0.2"
"LB-LOC-53445","نبي شيت","SRC-NATIONAL-VILLAGE-MANIFEST","53445","C:\APEX\UL2A_AR_FINALIZER_V1_0_0\APEX_WATANYBOT_UL2A_AR_NATIONAL_MANIFEST_FINALIZER_V1_0_0_PACKAGE\village_manifest.csv","a8c810368436869531bd825a16fb42b9c9680e415648decad6d53bfa012e9760","exact-adm3-pcode","accepted","UL2A-AR-NATIONAL-MANIFEST-1.0.2"
"LB-LOC-53447","جنتا","SRC-NATIONAL-VILLAGE-MANIFEST","53447","C:\APEX\UL2A_AR_FINALIZER_V1_0_0\APEX_WATANYBOT_UL2A_AR_NATIONAL_MANIFEST_FINALIZER_V1_0_0_PACKAGE\village_manifest.csv","a8c810368436869531bd825a16fb42b9c9680e415648decad6d53bfa012e9760","exact-adm3-pcode","accepted","UL2A-AR-NATIONAL-MANIFEST-1.0.2"
"LB-LOC-53449","يحفوفا","SRC-NATIONAL-VILLAGE-MANIFEST","53449","C:\APEX\UL2A_AR_FINALIZER_V1_0_0\APEX_WATANYBOT_UL2A_AR_NATIONAL_MANIFEST_FINALIZER_V1_0_0_PACKAGE\village_manifest.csv","a8c810368436869531bd825a16fb42b9c9680e415648decad6d53bfa012e9760","exact-adm3-pcode","accepted","UL2A-AR-NATIONAL-MANIFEST-1.0.2"
"LB-LOC-53451","حور تعلا","SRC-NATIONAL-VILLAGE-MANIFEST","53451","C:\APEX\UL2A_AR_FINALIZER_V1_0_0\APEX_WATANYBOT_UL2A_AR_NATIONAL_MANIFEST_FINALIZER_V1_0_0_PACKAGE\village_manifest.csv","a8c810368436869531bd825a16fb42b9c9680e415648decad6d53bfa012e9760","exact-adm3-pcode","accepted","UL2A-AR-NATIONAL-MANIFEST-1.0.2"
"LB-LOC-53453","بريتال","SRC-NATIONAL-VILLAGE-MANIFEST","53453","C:\APEX\UL2A_AR_FINALIZER_V1_0_0\APEX_WATANYBOT_UL2A_AR_NATIONAL_MANIFEST_FINALIZER_V1_0_0_PACKAGE\village_manifest.csv","a8c810368436869531bd825a16fb42b9c9680e415648decad6d53bfa012e9760","exact-adm3-pcode","accepted","UL2A-AR-NATIONAL-MANIFEST-1.0.2"
"LB-LOC-53455","خريبة","SRC-NATIONAL-VILLAGE-MANIFEST","53455","C:\APEX\UL2A_AR_FINALIZER_V1_0_0\APEX_WATANYBOT_UL2A_AR_NATIONAL_MANIFEST_FINALIZER_V1_0_0_PACKAGE\village_manifest.csv","a8c810368436869531bd825a16fb42b9c9680e415648decad6d53bfa012e9760","exact-adm3-pcode","accepted","UL2A-AR-NATIONAL-MANIFEST-1.0.2"
"LB-LOC-53457","مزرعة بيت مشيك","SRC-NATIONAL-VILLAGE-MANIFEST","53457","C:\APEX\UL2A_AR_FINALIZER_V1_0_0\APEX_WATANYBOT_UL2A_AR_NATIONAL_MANIFEST_FINALIZER_V1_0_0_PACKAGE\village_manifest.csv","a8c810368436869531bd825a16fb42b9c9680e415648decad6d53bfa012e9760","exact-adm3-pcode","accepted","UL2A-AR-NATIONAL-MANIFEST-1.0.2"
"LB-LOC-53459","بوداي","SRC-NATIONAL-VILLAGE-MANIFEST","53459","C:\APEX\UL2A_AR_FINALIZER_V1_0_0\APEX_WATANYBOT_UL2A_AR_NATIONAL_MANIFEST_FINALIZER_V1_0_0_PACKAGE\village_manifest.csv","a8c810368436869531bd825a16fb42b9c9680e415648decad6d53bfa012e9760","exact-adm3-pcode","accepted","UL2A-AR-NATIONAL-MANIFEST-1.0.2"
"LB-LOC-53461","معربون","SRC-NATIONAL-VILLAGE-MANIFEST","53461","C:\APEX\UL2A_AR_FINALIZER_V1_0_0\APEX_WATANYBOT_UL2A_AR_NATIONAL_MANIFEST_FINALIZER_V1_0_0_PACKAGE\village_manifest.csv","a8c810368436869531bd825a16fb42b9c9680e415648decad6d53bfa012e9760","exact-adm3-pcode","accepted","UL2A-AR-NATIONAL-MANIFEST-1.0.2"
"LB-LOC-53463","حام","SRC-NATIONAL-VILLAGE-MANIFEST","53463","C:\APEX\UL2A_AR_FINALIZER_V1_0_0\APEX_WATANYBOT_UL2A_AR_NATIONAL_MANIFEST_FINALIZER_V1_0_0_PACKAGE\village_manifest.csv","a8c810368436869531bd825a16fb42b9c9680e415648decad6d53bfa012e9760","exact-adm3-pcode","accepted","UL2A-AR-NATIONAL-MANIFEST-1.0.2"
"LB-LOC-53465","عين البنية","SRC-NATIONAL-VILLAGE-MANIFEST","53465","C:\APEX\UL2A_AR_FINALIZER_V1_0_0\APEX_WATANYBOT_UL2A_AR_NATIONAL_MANIFEST_FINALIZER_V1_0_0_PACKAGE\village_manifest.csv","a8c810368436869531bd825a16fb42b9c9680e415648decad6d53bfa012e9760","exact-adm3-pcode","accepted","UL2A-AR-NATIONAL-MANIFEST-1.0.2"
"LB-LOC-53467","شليفا","SRC-NATIONAL-VILLAGE-MANIFEST","53467","C:\APEX\UL2A_AR_FINALIZER_V1_0_0\APEX_WATANYBOT_UL2A_AR_NATIONAL_MANIFEST_FINALIZER_V1_0_0_PACKAGE\village_manifest.csv","a8c810368436869531bd825a16fb42b9c9680e415648decad6d53bfa012e9760","exact-adm3-pcode","accepted","UL2A-AR-NATIONAL-MANIFEST-1.0.2"
"LB-LOC-53469","جبل الشعيبة","SRC-NATIONAL-VILLAGE-MANIFEST","53469","C:\APEX\UL2A_AR_FINALIZER_V1_0_0\APEX_WATANYBOT_UL2A_AR_NATIONAL_MANIFEST_FINALIZER_V1_0_0_PACKAGE\village_manifest.csv","a8c810368436869531bd825a16fb42b9c9680e415648decad6d53bfa012e9760","exact-adm3-pcode","accepted","UL2A-AR-NATIONAL-MANIFEST-1.0.2"
"LB-LOC-53471","النبي سباط","SRC-NATIONAL-VILLAGE-MANIFEST","53471","C:\APEX\UL2A_AR_FINALIZER_V1_0_0\APEX_WATANYBOT_UL2A_AR_NATIONAL_MANIFEST_FINALIZER_V1_0_0_PACKAGE\village_manifest.csv","a8c810368436869531bd825a16fb42b9c9680e415648decad6d53bfa012e9760","exact-adm3-pcode","accepted","UL2A-AR-NATIONAL-MANIFEST-1.0.2"
"LB-LOC-53473","عين الجوزة","SRC-NATIONAL-VILLAGE-MANIFEST","53473","C:\APEX\UL2A_AR_FINALIZER_V1_0_0\APEX_WATANYBOT_UL2A_AR_NATIONAL_MANIFEST_FINALIZER_V1_0_0_PACKAGE\village_manifest.csv","a8c810368436869531bd825a16fb42b9c9680e415648decad6d53bfa012e9760","exact-adm3-pcode","accepted","UL2A-AR-NATIONAL-MANIFEST-1.0.2"
"LB-LOC-53475","طفيل","SRC-NATIONAL-VILLAGE-MANIFEST","53475","C:\APEX\UL2A_AR_FINALIZER_V1_0_0\APEX_WATANYBOT_UL2A_AR_NATIONAL_MANIFEST_FINALIZER_V1_0_0_PACKAGE\village_manifest.csv","a8c810368436869531bd825a16fb42b9c9680e415648decad6d53bfa012e9760","exact-adm3-pcode","accepted","UL2A-AR-NATIONAL-MANIFEST-1.0.2"
"LB-LOC-54111","هرمل","SRC-NATIONAL-VILLAGE-MANIFEST","54111","C:\APEX\UL2A_AR_FINALIZER_V1_0_0\APEX_WATANYBOT_UL2A_AR_NATIONAL_MANIFEST_FINALIZER_V1_0_0_PACKAGE\village_manifest.csv","a8c810368436869531bd825a16fb42b9c9680e415648decad6d53bfa012e9760","exact-adm3-pcode","accepted","UL2A-AR-NATIONAL-MANIFEST-1.0.2"
"LB-LOC-54114","سويدية","SRC-NATIONAL-VILLAGE-MANIFEST","54114","C:\APEX\UL2A_AR_FINALIZER_V1_0_0\APEX_WATANYBOT_UL2A_AR_NATIONAL_MANIFEST_FINALIZER_V1_0_0_PACKAGE\village_manifest.csv","a8c810368436869531bd825a16fb42b9c9680e415648decad6d53bfa012e9760","exact-adm3-pcode","accepted","UL2A-AR-NATIONAL-MANIFEST-1.0.2"
"LB-LOC-54119","زغرين","SRC-NATIONAL-VILLAGE-MANIFEST","54119","C:\APEX\UL2A_AR_FINALIZER_V1_0_0\APEX_WATANYBOT_UL2A_AR_NATIONAL_MANIFEST_FINALIZER_V1_0_0_PACKAGE\village_manifest.csv","a8c810368436869531bd825a16fb42b9c9680e415648decad6d53bfa012e9760","exact-adm3-pcode","accepted","UL2A-AR-NATIONAL-MANIFEST-1.0.2"
"LB-LOC-54127","شربين","SRC-NATIONAL-VILLAGE-MANIFEST","54127","C:\APEX\UL2A_AR_FINALIZER_V1_0_0\APEX_WATANYBOT_UL2A_AR_NATIONAL_MANIFEST_FINALIZER_V1_0_0_PACKAGE\village_manifest.csv","a8c810368436869531bd825a16fb42b9c9680e415648decad6d53bfa012e9760","exact-adm3-pcode","accepted","UL2A-AR-NATIONAL-MANIFEST-1.0.2"
"LB-LOC-54135","راس بعلبك الغربي","SRC-NATIONAL-VILLAGE-MANIFEST","54135","C:\APEX\UL2A_AR_FINALIZER_V1_0_0\APEX_WATANYBOT_UL2A_AR_NATIONAL_MANIFEST_FINALIZER_V1_0_0_PACKAGE\village_manifest.csv","a8c810368436869531bd825a16fb42b9c9680e415648decad6d53bfa012e9760","exact-adm3-pcode","accepted","UL2A-AR-NATIONAL-MANIFEST-1.0.2"
"LB-LOC-54143","راس بعلبك وادي فعرا","SRC-NATIONAL-VILLAGE-MANIFEST","54143","C:\APEX\UL2A_AR_FINALIZER_V1_0_0\APEX_WATANYBOT_UL2A_AR_NATIONAL_MANIFEST_FINALIZER_V1_0_0_PACKAGE\village_manifest.csv","a8c810368436869531bd825a16fb42b9c9680e415648decad6d53bfa012e9760","exact-adm3-pcode","accepted","UL2A-AR-NATIONAL-MANIFEST-1.0.2"
"LB-LOC-54151","وادي فعرا","SRC-NATIONAL-VILLAGE-MANIFEST","54151","C:\APEX\UL2A_AR_FINALIZER_V1_0_0\APEX_WATANYBOT_UL2A_AR_NATIONAL_MANIFEST_FINALIZER_V1_0_0_PACKAGE\village_manifest.csv","a8c810368436869531bd825a16fb42b9c9680e415648decad6d53bfa012e9760","exact-adm3-pcode","accepted","UL2A-AR-NATIONAL-MANIFEST-1.0.2"
"LB-LOC-54159","هرمل جباب","SRC-NATIONAL-VILLAGE-MANIFEST","54159","C:\APEX\UL2A_AR_FINALIZER_V1_0_0\APEX_WATANYBOT_UL2A_AR_NATIONAL_MANIFEST_FINALIZER_V1_0_0_PACKAGE\village_manifest.csv","a8c810368436869531bd825a16fb42b9c9680e415648decad6d53bfa012e9760","exact-adm3-pcode","accepted","UL2A-AR-NATIONAL-MANIFEST-1.0.2"
"LB-LOC-54167","معيصرة","SRC-NATIONAL-VILLAGE-MANIFEST","54167","C:\APEX\UL2A_AR_FINALIZER_V1_0_0\APEX_WATANYBOT_UL2A_AR_NATIONAL_MANIFEST_FINALIZER_V1_0_0_PACKAGE\village_manifest.csv","a8c810368436869531bd825a16fb42b9c9680e415648decad6d53bfa012e9760","exact-adm3-pcode","accepted","UL2A-AR-NATIONAL-MANIFEST-1.0.2"
"LB-LOC-54175","الخرائب","SRC-NATIONAL-VILLAGE-MANIFEST","54175","C:\APEX\UL2A_AR_FINALIZER_V1_0_0\APEX_WATANYBOT_UL2A_AR_NATIONAL_MANIFEST_FINALIZER_V1_0_0_PACKAGE\village_manifest.csv","a8c810368436869531bd825a16fb42b9c9680e415648decad6d53bfa012e9760","exact-adm3-pcode","accepted","UL2A-AR-NATIONAL-MANIFEST-1.0.2"
"LB-LOC-54183","وادي القصص","SRC-NATIONAL-VILLAGE-MANIFEST","54183","C:\APEX\UL2A_AR_FINALIZER_V1_0_0\APEX_WATANYBOT_UL2A_AR_NATIONAL_MANIFEST_FINALIZER_V1_0_0_PACKAGE\village_manifest.csv","a8c810368436869531bd825a16fb42b9c9680e415648decad6d53bfa012e9760","exact-adm3-pcode","accepted","UL2A-AR-NATIONAL-MANIFEST-1.0.2"
"LB-LOC-55111","راشيّا الوادي","SRC-NATIONAL-VILLAGE-MANIFEST","55111","C:\APEX\UL2A_AR_FINALIZER_V1_0_0\APEX_WATANYBOT_UL2A_AR_NATIONAL_MANIFEST_FINALIZER_V1_0_0_PACKAGE\village_manifest.csv","a8c810368436869531bd825a16fb42b9c9680e415648decad6d53bfa012e9760","exact-adm3-pcode","accepted","UL2A-AR-NATIONAL-MANIFEST-1.0.2"
"LB-LOC-55114","عقبة راشيّا","SRC-NATIONAL-VILLAGE-MANIFEST","55114","C:\APEX\UL2A_AR_FINALIZER_V1_0_0\APEX_WATANYBOT_UL2A_AR_NATIONAL_MANIFEST_FINALIZER_V1_0_0_PACKAGE\village_manifest.csv","a8c810368436869531bd825a16fb42b9c9680e415648decad6d53bfa012e9760","exact-adm3-pcode","accepted","UL2A-AR-NATIONAL-MANIFEST-1.0.2"
"LB-LOC-55117","عيحا","SRC-NATIONAL-VILLAGE-MANIFEST","55117","C:\APEX\UL2A_AR_FINALIZER_V1_0_0\APEX_WATANYBOT_UL2A_AR_NATIONAL_MANIFEST_FINALIZER_V1_0_0_PACKAGE\village_manifest.csv","a8c810368436869531bd825a16fb42b9c9680e415648decad6d53bfa012e9760","exact-adm3-pcode","accepted","UL2A-AR-NATIONAL-MANIFEST-1.0.2"
"LB-LOC-55121","بكيفا راشيا","SRC-NATIONAL-VILLAGE-MANIFEST","55121","C:\APEX\UL2A_AR_FINALIZER_V1_0_0\APEX_WATANYBOT_UL2A_AR_NATIONAL_MANIFEST_FINALIZER_V1_0_0_PACKAGE\village_manifest.csv","a8c810368436869531bd825a16fb42b9c9680e415648decad6d53bfa012e9760","exact-adm3-pcode","accepted","UL2A-AR-NATIONAL-MANIFEST-1.0.2"
"LB-LOC-55124","ضهر الاحمر","SRC-NATIONAL-VILLAGE-MANIFEST","55124","C:\APEX\UL2A_AR_FINALIZER_V1_0_0\APEX_WATANYBOT_UL2A_AR_NATIONAL_MANIFEST_FINALIZER_V1_0_0_PACKAGE\village_manifest.csv","a8c810368436869531bd825a16fb42b9c9680e415648decad6d53bfa012e9760","exact-adm3-pcode","accepted","UL2A-AR-NATIONAL-MANIFEST-1.0.2"
"LB-LOC-55127","بيت لهيا","SRC-NATIONAL-VILLAGE-MANIFEST","55127","C:\APEX\UL2A_AR_FINALIZER_V1_0_0\APEX_WATANYBOT_UL2A_AR_NATIONAL_MANIFEST_FINALIZER_V1_0_0_PACKAGE\village_manifest.csv","a8c810368436869531bd825a16fb42b9c9680e415648decad6d53bfa012e9760","exact-adm3-pcode","accepted","UL2A-AR-NATIONAL-MANIFEST-1.0.2"
"LB-LOC-55131","تنورة","SRC-NATIONAL-VILLAGE-MANIFEST","55131","C:\APEX\UL2A_AR_FINALIZER_V1_0_0\APEX_WATANYBOT_UL2A_AR_NATIONAL_MANIFEST_FINALIZER_V1_0_0_PACKAGE\village_manifest.csv","a8c810368436869531bd825a16fb42b9c9680e415648decad6d53bfa012e9760","exact-adm3-pcode","accepted","UL2A-AR-NATIONAL-MANIFEST-1.0.2"
"LB-LOC-55134","كفرقوق","SRC-NATIONAL-VILLAGE-MANIFEST","55134","C:\APEX\UL2A_AR_FINALIZER_V1_0_0\APEX_WATANYBOT_UL2A_AR_NATIONAL_MANIFEST_FINALIZER_V1_0_0_PACKAGE\village_manifest.csv","a8c810368436869531bd825a16fb42b9c9680e415648decad6d53bfa012e9760","exact-adm3-pcode","accepted","UL2A-AR-NATIONAL-MANIFEST-1.0.2"
"LB-LOC-55137","كفر دنيس","SRC-NATIONAL-VILLAGE-MANIFEST","55137","C:\APEX\UL2A_AR_FINALIZER_V1_0_0\APEX_WATANYBOT_UL2A_AR_NATIONAL_MANIFEST_FINALIZER_V1_0_0_PACKAGE\village_manifest.csv","a8c810368436869531bd825a16fb42b9c9680e415648decad6d53bfa012e9760","exact-adm3-pcode","accepted","UL2A-AR-NATIONAL-MANIFEST-1.0.2"
"LB-LOC-55141","محيدثه","SRC-NATIONAL-VILLAGE-MANIFEST","55141","C:\APEX\UL2A_AR_FINALIZER_V1_0_0\APEX_WATANYBOT_UL2A_AR_NATIONAL_MANIFEST_FINALIZER_V1_0_0_PACKAGE\village_manifest.csv","a8c810368436869531bd825a16fb42b9c9680e415648decad6d53bfa012e9760","exact-adm3-pcode","accepted","UL2A-AR-NATIONAL-MANIFEST-1.0.2"
"LB-LOC-55144","كوكبا","SRC-NATIONAL-VILLAGE-MANIFEST","55144","C:\APEX\UL2A_AR_FINALIZER_V1_0_0\APEX_WATANYBOT_UL2A_AR_NATIONAL_MANIFEST_FINALIZER_V1_0_0_PACKAGE\village_manifest.csv","a8c810368436869531bd825a16fb42b9c9680e415648decad6d53bfa012e9760","exact-adm3-pcode","accepted","UL2A-AR-NATIONAL-MANIFEST-1.0.2"
"LB-LOC-55147","عين حرشة","SRC-NATIONAL-VILLAGE-MANIFEST","55147","C:\APEX\UL2A_AR_FINALIZER_V1_0_0\APEX_WATANYBOT_UL2A_AR_NATIONAL_MANIFEST_FINALIZER_V1_0_0_PACKAGE\village_manifest.csv","a8c810368436869531bd825a16fb42b9c9680e415648decad6d53bfa012e9760","exact-adm3-pcode","accepted","UL2A-AR-NATIONAL-MANIFEST-1.0.2"
"LB-LOC-55151","خربة روحا","SRC-NATIONAL-VILLAGE-MANIFEST","55151","C:\APEX\UL2A_AR_FINALIZER_V1_0_0\APEX_WATANYBOT_UL2A_AR_NATIONAL_MANIFEST_FINALIZER_V1_0_0_PACKAGE\village_manifest.csv","a8c810368436869531bd825a16fb42b9c9680e415648decad6d53bfa012e9760","exact-adm3-pcode","accepted","UL2A-AR-NATIONAL-MANIFEST-1.0.2"
"LB-LOC-55154","كفر مشكي","SRC-NATIONAL-VILLAGE-MANIFEST","55154","C:\APEX\UL2A_AR_FINALIZER_V1_0_0\APEX_WATANYBOT_UL2A_AR_NATIONAL_MANIFEST_FINALIZER_V1_0_0_PACKAGE\village_manifest.csv","a8c810368436869531bd825a16fb42b9c9680e415648decad6d53bfa012e9760","exact-adm3-pcode","accepted","UL2A-AR-NATIONAL-MANIFEST-1.0.2"
"LB-LOC-55157","الرافد راشيا","SRC-NATIONAL-VILLAGE-MANIFEST","55157","C:\APEX\UL2A_AR_FINALIZER_V1_0_0\APEX_WATANYBOT_UL2A_AR_NATIONAL_MANIFEST_FINALIZER_V1_0_0_PACKAGE\village_manifest.csv","a8c810368436869531bd825a16fb42b9c9680e415648decad6d53bfa012e9760","exact-adm3-pcode","accepted","UL2A-AR-NATIONAL-MANIFEST-1.0.2"
"LB-LOC-55161","حوش القنعبة","SRC-NATIONAL-VILLAGE-MANIFEST","55161","C:\APEX\UL2A_AR_FINALIZER_V1_0_0\APEX_WATANYBOT_UL2A_AR_NATIONAL_MANIFEST_FINALIZER_V1_0_0_PACKAGE\village_manifest.csv","a8c810368436869531bd825a16fb42b9c9680e415648decad6d53bfa012e9760","exact-adm3-pcode","accepted","UL2A-AR-NATIONAL-MANIFEST-1.0.2"
"LB-LOC-55164","بيرة راشّيا","SRC-NATIONAL-VILLAGE-MANIFEST","55164","C:\APEX\UL2A_AR_FINALIZER_V1_0_0\APEX_WATANYBOT_UL2A_AR_NATIONAL_MANIFEST_FINALIZER_V1_0_0_PACKAGE\village_manifest.csv","a8c810368436869531bd825a16fb42b9c9680e415648decad6d53bfa012e9760","exact-adm3-pcode","accepted","UL2A-AR-NATIONAL-MANIFEST-1.0.2"
"LB-LOC-55167","عين عرب","SRC-NATIONAL-VILLAGE-MANIFEST","55167","C:\APEX\UL2A_AR_FINALIZER_V1_0_0\APEX_WATANYBOT_UL2A_AR_NATIONAL_MANIFEST_FINALIZER_V1_0_0_PACKAGE\village_manifest.csv","a8c810368436869531bd825a16fb42b9c9680e415648decad6d53bfa012e9760","exact-adm3-pcode","accepted","UL2A-AR-NATIONAL-MANIFEST-1.0.2"
"LB-LOC-55171","عين عطا","SRC-NATIONAL-VILLAGE-MANIFEST","55171","C:\APEX\UL2A_AR_FINALIZER_V1_0_0\APEX_WATANYBOT_UL2A_AR_NATIONAL_MANIFEST_FINALIZER_V1_0_0_PACKAGE\village_manifest.csv","a8c810368436869531bd825a16fb42b9c9680e415648decad6d53bfa012e9760","exact-adm3-pcode","accepted","UL2A-AR-NATIONAL-MANIFEST-1.0.2"
"LB-LOC-55174","مجدل بلهيص","SRC-NATIONAL-VILLAGE-MANIFEST","55174","C:\APEX\UL2A_AR_FINALIZER_V1_0_0\APEX_WATANYBOT_UL2A_AR_NATIONAL_MANIFEST_FINALIZER_V1_0_0_PACKAGE\village_manifest.csv","a8c810368436869531bd825a16fb42b9c9680e415648decad6d53bfa012e9760","exact-adm3-pcode","accepted","UL2A-AR-NATIONAL-MANIFEST-1.0.2"
"LB-LOC-55177","بكا","SRC-NATIONAL-VILLAGE-MANIFEST","55177","C:\APEX\UL2A_AR_FINALIZER_V1_0_0\APEX_WATANYBOT_UL2A_AR_NATIONAL_MANIFEST_FINALIZER_V1_0_0_PACKAGE\village_manifest.csv","a8c810368436869531bd825a16fb42b9c9680e415648decad6d53bfa012e9760","exact-adm3-pcode","accepted","UL2A-AR-NATIONAL-MANIFEST-1.0.2"
"LB-LOC-55181","مدوخا","SRC-NATIONAL-VILLAGE-MANIFEST","55181","C:\APEX\UL2A_AR_FINALIZER_V1_0_0\APEX_WATANYBOT_UL2A_AR_NATIONAL_MANIFEST_FINALIZER_V1_0_0_PACKAGE\village_manifest.csv","a8c810368436869531bd825a16fb42b9c9680e415648decad6d53bfa012e9760","exact-adm3-pcode","accepted","UL2A-AR-NATIONAL-MANIFEST-1.0.2"
"LB-LOC-55184","ينطا","SRC-NATIONAL-VILLAGE-MANIFEST","55184","C:\APEX\UL2A_AR_FINALIZER_V1_0_0\APEX_WATANYBOT_UL2A_AR_NATIONAL_MANIFEST_FINALIZER_V1_0_0_PACKAGE\village_manifest.csv","a8c810368436869531bd825a16fb42b9c9680e415648decad6d53bfa012e9760","exact-adm3-pcode","accepted","UL2A-AR-NATIONAL-MANIFEST-1.0.2"
"LB-LOC-55187","دير العشاير","SRC-NATIONAL-VILLAGE-MANIFEST","55187","C:\APEX\UL2A_AR_FINALIZER_V1_0_0\APEX_WATANYBOT_UL2A_AR_NATIONAL_MANIFEST_FINALIZER_V1_0_0_PACKAGE\village_manifest.csv","a8c810368436869531bd825a16fb42b9c9680e415648decad6d53bfa012e9760","exact-adm3-pcode","accepted","UL2A-AR-NATIONAL-MANIFEST-1.0.2"
"LB-LOC-55191","مزرعة سلساتا","SRC-NATIONAL-VILLAGE-MANIFEST","55191","C:\APEX\UL2A_AR_FINALIZER_V1_0_0\APEX_WATANYBOT_UL2A_AR_NATIONAL_MANIFEST_FINALIZER_V1_0_0_PACKAGE\village_manifest.csv","a8c810368436869531bd825a16fb42b9c9680e415648decad6d53bfa012e9760","exact-adm3-pcode","accepted","UL2A-AR-NATIONAL-MANIFEST-1.0.2"
"LB-LOC-55194","عيتا الفخار","SRC-NATIONAL-VILLAGE-MANIFEST","55194","C:\APEX\UL2A_AR_FINALIZER_V1_0_0\APEX_WATANYBOT_UL2A_AR_NATIONAL_MANIFEST_FINALIZER_V1_0_0_PACKAGE\village_manifest.csv","a8c810368436869531bd825a16fb42b9c9680e415648decad6d53bfa012e9760","exact-adm3-pcode","accepted","UL2A-AR-NATIONAL-MANIFEST-1.0.2"
"LB-LOC-55197","حلوة","SRC-NATIONAL-VILLAGE-MANIFEST","55197","C:\APEX\UL2A_AR_FINALIZER_V1_0_0\APEX_WATANYBOT_UL2A_AR_NATIONAL_MANIFEST_FINALIZER_V1_0_0_PACKAGE\village_manifest.csv","a8c810368436869531bd825a16fb42b9c9680e415648decad6d53bfa012e9760","exact-adm3-pcode","accepted","UL2A-AR-NATIONAL-MANIFEST-1.0.2"
"LB-LOC-55199","نبي صفا","SRC-NATIONAL-VILLAGE-MANIFEST","55199","C:\APEX\UL2A_AR_FINALIZER_V1_0_0\APEX_WATANYBOT_UL2A_AR_NATIONAL_MANIFEST_FINALIZER_V1_0_0_PACKAGE\village_manifest.csv","a8c810368436869531bd825a16fb42b9c9680e415648decad6d53bfa012e9760","exact-adm3-pcode","accepted","UL2A-AR-NATIONAL-MANIFEST-1.0.2"
"LB-LOC-61111","الوسطاني","SRC-NATIONAL-VILLAGE-MANIFEST","61111","C:\APEX\UL2A_AR_FINALIZER_V1_0_0\APEX_WATANYBOT_UL2A_AR_NATIONAL_MANIFEST_FINALIZER_V1_0_0_PACKAGE\village_manifest.csv","a8c810368436869531bd825a16fb42b9c9680e415648decad6d53bfa012e9760","exact-adm3-pcode","accepted","UL2A-AR-NATIONAL-MANIFEST-1.0.2"
"LB-LOC-61115","صيدا","SRC-NATIONAL-VILLAGE-MANIFEST","61115","C:\APEX\UL2A_AR_FINALIZER_V1_0_0\APEX_WATANYBOT_UL2A_AR_NATIONAL_MANIFEST_FINALIZER_V1_0_0_PACKAGE\village_manifest.csv","a8c810368436869531bd825a16fb42b9c9680e415648decad6d53bfa012e9760","exact-adm3-pcode","accepted","UL2A-AR-NATIONAL-MANIFEST-1.0.2"
"LB-LOC-61119","صيدا الدكرمان","SRC-NATIONAL-VILLAGE-MANIFEST","61119","C:\APEX\UL2A_AR_FINALIZER_V1_0_0\APEX_WATANYBOT_UL2A_AR_NATIONAL_MANIFEST_FINALIZER_V1_0_0_PACKAGE\village_manifest.csv","a8c810368436869531bd825a16fb42b9c9680e415648decad6d53bfa012e9760","exact-adm3-pcode","accepted","UL2A-AR-NATIONAL-MANIFEST-1.0.2"
"LB-LOC-61123","برامية","SRC-NATIONAL-VILLAGE-MANIFEST","61123","C:\APEX\UL2A_AR_FINALIZER_V1_0_0\APEX_WATANYBOT_UL2A_AR_NATIONAL_MANIFEST_FINALIZER_V1_0_0_PACKAGE\village_manifest.csv","a8c810368436869531bd825a16fb42b9c9680e415648decad6d53bfa012e9760","exact-adm3-pcode","accepted","UL2A-AR-NATIONAL-MANIFEST-1.0.2"
"LB-LOC-61147","هلالية صيدا","SRC-NATIONAL-VILLAGE-MANIFEST","61147","C:\APEX\UL2A_AR_FINALIZER_V1_0_0\APEX_WATANYBOT_UL2A_AR_NATIONAL_MANIFEST_FINALIZER_V1_0_0_PACKAGE\village_manifest.csv","a8c810368436869531bd825a16fb42b9c9680e415648decad6d53bfa012e9760","exact-adm3-pcode","accepted","UL2A-AR-NATIONAL-MANIFEST-1.0.2"
"LB-LOC-61159","حارة صيدا","SRC-NATIONAL-VILLAGE-MANIFEST","61159","C:\APEX\UL2A_AR_FINALIZER_V1_0_0\APEX_WATANYBOT_UL2A_AR_NATIONAL_MANIFEST_FINALIZER_V1_0_0_PACKAGE\village_manifest.csv","a8c810368436869531bd825a16fb42b9c9680e415648decad6d53bfa012e9760","exact-adm3-pcode","accepted","UL2A-AR-NATIONAL-MANIFEST-1.0.2"
"LB-LOC-61183","مية ومية","SRC-NATIONAL-VILLAGE-MANIFEST","61183","C:\APEX\UL2A_AR_FINALIZER_V1_0_0\APEX_WATANYBOT_UL2A_AR_NATIONAL_MANIFEST_FINALIZER_V1_0_0_PACKAGE\village_manifest.csv","a8c810368436869531bd825a16fb42b9c9680e415648decad6d53bfa012e9760","exact-adm3-pcode","accepted","UL2A-AR-NATIONAL-MANIFEST-1.0.2"
"LB-LOC-61211","صالحية","SRC-NATIONAL-VILLAGE-MANIFEST","61211","C:\APEX\UL2A_AR_FINALIZER_V1_0_0\APEX_WATANYBOT_UL2A_AR_NATIONAL_MANIFEST_FINALIZER_V1_0_0_PACKAGE\village_manifest.csv","a8c810368436869531bd825a16fb42b9c9680e415648decad6d53bfa012e9760","exact-adm3-pcode","accepted","UL2A-AR-NATIONAL-MANIFEST-1.0.2"
"LB-LOC-61222","كفريا","SRC-NATIONAL-VILLAGE-MANIFEST","61222","C:\APEX\UL2A_AR_FINALIZER_V1_0_0\APEX_WATANYBOT_UL2A_AR_NATIONAL_MANIFEST_FINALIZER_V1_0_0_PACKAGE\village_manifest.csv","a8c810368436869531bd825a16fb42b9c9680e415648decad6d53bfa012e9760","exact-adm3-pcode","accepted","UL2A-AR-NATIONAL-MANIFEST-1.0.2"
"LB-LOC-61233","مجدليون","SRC-NATIONAL-VILLAGE-MANIFEST","61233","C:\APEX\UL2A_AR_FINALIZER_V1_0_0\APEX_WATANYBOT_UL2A_AR_NATIONAL_MANIFEST_FINALIZER_V1_0_0_PACKAGE\village_manifest.csv","a8c810368436869531bd825a16fb42b9c9680e415648decad6d53bfa012e9760","exact-adm3-pcode","accepted","UL2A-AR-NATIONAL-MANIFEST-1.0.2"
"LB-LOC-61244","عبرا","SRC-NATIONAL-VILLAGE-MANIFEST","61244","C:\APEX\UL2A_AR_FINALIZER_V1_0_0\APEX_WATANYBOT_UL2A_AR_NATIONAL_MANIFEST_FINALIZER_V1_0_0_PACKAGE\village_manifest.csv","a8c810368436869531bd825a16fb42b9c9680e415648decad6d53bfa012e9760","exact-adm3-pcode","accepted","UL2A-AR-NATIONAL-MANIFEST-1.0.2"
"LB-LOC-61255","قرية صيدا","SRC-NATIONAL-VILLAGE-MANIFEST","61255","C:\APEX\UL2A_AR_FINALIZER_V1_0_0\APEX_WATANYBOT_UL2A_AR_NATIONAL_MANIFEST_FINALIZER_V1_0_0_PACKAGE\village_manifest.csv","a8c810368436869531bd825a16fb42b9c9680e415648decad6d53bfa012e9760","exact-adm3-pcode","accepted","UL2A-AR-NATIONAL-MANIFEST-1.0.2"
"LB-LOC-61266","بقسطا","SRC-NATIONAL-VILLAGE-MANIFEST","61266","C:\APEX\UL2A_AR_FINALIZER_V1_0_0\APEX_WATANYBOT_UL2A_AR_NATIONAL_MANIFEST_FINALIZER_V1_0_0_PACKAGE\village_manifest.csv","a8c810368436869531bd825a16fb42b9c9680e415648decad6d53bfa012e9760","exact-adm3-pcode","accepted","UL2A-AR-NATIONAL-MANIFEST-1.0.2"
"LB-LOC-61277","عين الدلب","SRC-NATIONAL-VILLAGE-MANIFEST","61277","C:\APEX\UL2A_AR_FINALIZER_V1_0_0\APEX_WATANYBOT_UL2A_AR_NATIONAL_MANIFEST_FINALIZER_V1_0_0_PACKAGE\village_manifest.csv","a8c810368436869531bd825a16fb42b9c9680e415648decad6d53bfa012e9760","exact-adm3-pcode","accepted","UL2A-AR-NATIONAL-MANIFEST-1.0.2"
"LB-LOC-61311","غازية","SRC-NATIONAL-VILLAGE-MANIFEST","61311","C:\APEX\UL2A_AR_FINALIZER_V1_0_0\APEX_WATANYBOT_UL2A_AR_NATIONAL_MANIFEST_FINALIZER_V1_0_0_PACKAGE\village_manifest.csv","a8c810368436869531bd825a16fb42b9c9680e415648decad6d53bfa012e9760","exact-adm3-pcode","accepted","UL2A-AR-NATIONAL-MANIFEST-1.0.2"
"LB-LOC-61323","مغدوشة","SRC-NATIONAL-VILLAGE-MANIFEST","61323","C:\APEX\UL2A_AR_FINALIZER_V1_0_0\APEX_WATANYBOT_UL2A_AR_NATIONAL_MANIFEST_FINALIZER_V1_0_0_PACKAGE\village_manifest.csv","a8c810368436869531bd825a16fb42b9c9680e415648decad6d53bfa012e9760","exact-adm3-pcode","accepted","UL2A-AR-NATIONAL-MANIFEST-1.0.2"
"LB-LOC-61335","درب السيم","SRC-NATIONAL-VILLAGE-MANIFEST","61335","C:\APEX\UL2A_AR_FINALIZER_V1_0_0\APEX_WATANYBOT_UL2A_AR_NATIONAL_MANIFEST_FINALIZER_V1_0_0_PACKAGE\village_manifest.csv","a8c810368436869531bd825a16fb42b9c9680e415648decad6d53bfa012e9760","exact-adm3-pcode","accepted","UL2A-AR-NATIONAL-MANIFEST-1.0.2"
"LB-LOC-61347","قناريت","SRC-NATIONAL-VILLAGE-MANIFEST","61347","C:\APEX\UL2A_AR_FINALIZER_V1_0_0\APEX_WATANYBOT_UL2A_AR_NATIONAL_MANIFEST_FINALIZER_V1_0_0_PACKAGE\village_manifest.csv","a8c810368436869531bd825a16fb42b9c9680e415648decad6d53bfa012e9760","exact-adm3-pcode","accepted","UL2A-AR-NATIONAL-MANIFEST-1.0.2"
"LB-LOC-61359","زيتا","SRC-NATIONAL-VILLAGE-MANIFEST","61359","C:\APEX\UL2A_AR_FINALIZER_V1_0_0\APEX_WATANYBOT_UL2A_AR_NATIONAL_MANIFEST_FINALIZER_V1_0_0_PACKAGE\village_manifest.csv","a8c810368436869531bd825a16fb42b9c9680e415648decad6d53bfa012e9760","exact-adm3-pcode","accepted","UL2A-AR-NATIONAL-MANIFEST-1.0.2"
"LB-LOC-61371","زغدرايا","SRC-NATIONAL-VILLAGE-MANIFEST","61371","C:\APEX\UL2A_AR_FINALIZER_V1_0_0\APEX_WATANYBOT_UL2A_AR_NATIONAL_MANIFEST_FINALIZER_V1_0_0_PACKAGE\village_manifest.csv","a8c810368436869531bd825a16fb42b9c9680e415648decad6d53bfa012e9760","exact-adm3-pcode","accepted","UL2A-AR-NATIONAL-MANIFEST-1.0.2"
"LB-LOC-61383","طنبوريت","SRC-NATIONAL-VILLAGE-MANIFEST","61383","C:\APEX\UL2A_AR_FINALIZER_V1_0_0\APEX_WATANYBOT_UL2A_AR_NATIONAL_MANIFEST_FINALIZER_V1_0_0_PACKAGE\village_manifest.csv","a8c810368436869531bd825a16fb42b9c9680e415648decad6d53bfa012e9760","exact-adm3-pcode","accepted","UL2A-AR-NATIONAL-MANIFEST-1.0.2"
"LB-LOC-61411","جزيرة صيدا","SRC-NATIONAL-VILLAGE-MANIFEST","61411","C:\APEX\UL2A_AR_FINALIZER_V1_0_0\APEX_WATANYBOT_UL2A_AR_NATIONAL_MANIFEST_FINALIZER_V1_0_0_PACKAGE\village_manifest.csv","a8c810368436869531bd825a16fb42b9c9680e415648decad6d53bfa012e9760","exact-adm3-pcode","accepted","UL2A-AR-NATIONAL-MANIFEST-1.0.2"
"LB-LOC-61412","مزرعة العيتانية","SRC-NATIONAL-VILLAGE-MANIFEST","61412","C:\APEX\UL2A_AR_FINALIZER_V1_0_0\APEX_WATANYBOT_UL2A_AR_NATIONAL_MANIFEST_FINALIZER_V1_0_0_PACKAGE\village_manifest.csv","a8c810368436869531bd825a16fb42b9c9680e415648decad6d53bfa012e9760","exact-adm3-pcode","accepted","UL2A-AR-NATIONAL-MANIFEST-1.0.2"
"LB-LOC-61414","مزرعة الواسطة","SRC-NATIONAL-VILLAGE-MANIFEST","61414","C:\APEX\UL2A_AR_FINALIZER_V1_0_0\APEX_WATANYBOT_UL2A_AR_NATIONAL_MANIFEST_FINALIZER_V1_0_0_PACKAGE\village_manifest.csv","a8c810368436869531bd825a16fb42b9c9680e415648decad6d53bfa012e9760","exact-adm3-pcode","accepted","UL2A-AR-NATIONAL-MANIFEST-1.0.2"
"LB-LOC-61415","مطرية الشومر","SRC-NATIONAL-VILLAGE-MANIFEST","61415","C:\APEX\UL2A_AR_FINALIZER_V1_0_0\APEX_WATANYBOT_UL2A_AR_NATIONAL_MANIFEST_FINALIZER_V1_0_0_PACKAGE\village_manifest.csv","a8c810368436869531bd825a16fb42b9c9680e415648decad6d53bfa012e9760","exact-adm3-pcode","accepted","UL2A-AR-NATIONAL-MANIFEST-1.0.2"
"LB-LOC-61417","أرزي","SRC-NATIONAL-VILLAGE-MANIFEST","61417","C:\APEX\UL2A_AR_FINALIZER_V1_0_0\APEX_WATANYBOT_UL2A_AR_NATIONAL_MANIFEST_FINALIZER_V1_0_0_PACKAGE\village_manifest.csv","a8c810368436869531bd825a16fb42b9c9680e415648decad6d53bfa012e9760","exact-adm3-pcode","accepted","UL2A-AR-NATIONAL-MANIFEST-1.0.2"
"LB-LOC-61418","كفر بدَه","SRC-NATIONAL-VILLAGE-MANIFEST","61418","C:\APEX\UL2A_AR_FINALIZER_V1_0_0\APEX_WATANYBOT_UL2A_AR_NATIONAL_MANIFEST_FINALIZER_V1_0_0_PACKAGE\village_manifest.csv","a8c810368436869531bd825a16fb42b9c9680e415648decad6d53bfa012e9760","exact-adm3-pcode","accepted","UL2A-AR-NATIONAL-MANIFEST-1.0.2"
"LB-LOC-61419","الخرائب صيدا","SRC-NATIONAL-VILLAGE-MANIFEST","61419","C:\APEX\UL2A_AR_FINALIZER_V1_0_0\APEX_WATANYBOT_UL2A_AR_NATIONAL_MANIFEST_FINALIZER_V1_0_0_PACKAGE\village_manifest.csv","a8c810368436869531bd825a16fb42b9c9680e415648decad6d53bfa012e9760","exact-adm3-pcode","accepted","UL2A-AR-NATIONAL-MANIFEST-1.0.2"
"LB-LOC-61421","مزرعة جمجيم","SRC-NATIONAL-VILLAGE-MANIFEST","61421","C:\APEX\UL2A_AR_FINALIZER_V1_0_0\APEX_WATANYBOT_UL2A_AR_NATIONAL_MANIFEST_FINALIZER_V1_0_0_PACKAGE\village_manifest.csv","a8c810368436869531bd825a16fb42b9c9680e415648decad6d53bfa012e9760","exact-adm3-pcode","accepted","UL2A-AR-NATIONAL-MANIFEST-1.0.2"
"LB-LOC-61423","حارتية","SRC-NATIONAL-VILLAGE-MANIFEST","61423","C:\APEX\UL2A_AR_FINALIZER_V1_0_0\APEX_WATANYBOT_UL2A_AR_NATIONAL_MANIFEST_FINALIZER_V1_0_0_PACKAGE\village_manifest.csv","a8c810368436869531bd825a16fb42b9c9680e415648decad6d53bfa012e9760","exact-adm3-pcode","accepted","UL2A-AR-NATIONAL-MANIFEST-1.0.2"
"LB-LOC-61424","المحيدلة","SRC-NATIONAL-VILLAGE-MANIFEST","61424","C:\APEX\UL2A_AR_FINALIZER_V1_0_0\APEX_WATANYBOT_UL2A_AR_NATIONAL_MANIFEST_FINALIZER_V1_0_0_PACKAGE\village_manifest.csv","a8c810368436869531bd825a16fb42b9c9680e415648decad6d53bfa012e9760","exact-adm3-pcode","accepted","UL2A-AR-NATIONAL-MANIFEST-1.0.2"
"LB-LOC-61426","مزرعة كوثرية الرز","SRC-NATIONAL-VILLAGE-MANIFEST","61426","C:\APEX\UL2A_AR_FINALIZER_V1_0_0\APEX_WATANYBOT_UL2A_AR_NATIONAL_MANIFEST_FINALIZER_V1_0_0_PACKAGE\village_manifest.csv","a8c810368436869531bd825a16fb42b9c9680e415648decad6d53bfa012e9760","exact-adm3-pcode","accepted","UL2A-AR-NATIONAL-MANIFEST-1.0.2"
"LB-LOC-61427","زرارية","SRC-NATIONAL-VILLAGE-MANIFEST","61427","C:\APEX\UL2A_AR_FINALIZER_V1_0_0\APEX_WATANYBOT_UL2A_AR_NATIONAL_MANIFEST_FINALIZER_V1_0_0_PACKAGE\village_manifest.csv","a8c810368436869531bd825a16fb42b9c9680e415648decad6d53bfa012e9760","exact-adm3-pcode","accepted","UL2A-AR-NATIONAL-MANIFEST-1.0.2"
"LB-LOC-61429","ساري","SRC-NATIONAL-VILLAGE-MANIFEST","61429","C:\APEX\UL2A_AR_FINALIZER_V1_0_0\APEX_WATANYBOT_UL2A_AR_NATIONAL_MANIFEST_FINALIZER_V1_0_0_PACKAGE\village_manifest.csv","a8c810368436869531bd825a16fb42b9c9680e415648decad6d53bfa012e9760","exact-adm3-pcode","accepted","UL2A-AR-NATIONAL-MANIFEST-1.0.2"
"LB-LOC-61431","دير تقلا","SRC-NATIONAL-VILLAGE-MANIFEST","61431","C:\APEX\UL2A_AR_FINALIZER_V1_0_0\APEX_WATANYBOT_UL2A_AR_NATIONAL_MANIFEST_FINALIZER_V1_0_0_PACKAGE\village_manifest.csv","a8c810368436869531bd825a16fb42b9c9680e415648decad6d53bfa012e9760","exact-adm3-pcode","accepted","UL2A-AR-NATIONAL-MANIFEST-1.0.2"
"LB-LOC-61433","الاوساميات","SRC-NATIONAL-VILLAGE-MANIFEST","61433","C:\APEX\UL2A_AR_FINALIZER_V1_0_0\APEX_WATANYBOT_UL2A_AR_NATIONAL_MANIFEST_FINALIZER_V1_0_0_PACKAGE\village_manifest.csv","a8c810368436869531bd825a16fb42b9c9680e415648decad6d53bfa012e9760","exact-adm3-pcode","accepted","UL2A-AR-NATIONAL-MANIFEST-1.0.2"
"LB-LOC-61434","عدلون","SRC-NATIONAL-VILLAGE-MANIFEST","61434","C:\APEX\UL2A_AR_FINALIZER_V1_0_0\APEX_WATANYBOT_UL2A_AR_NATIONAL_MANIFEST_FINALIZER_V1_0_0_PACKAGE\village_manifest.csv","a8c810368436869531bd825a16fb42b9c9680e415648decad6d53bfa012e9760","exact-adm3-pcode","accepted","UL2A-AR-NATIONAL-MANIFEST-1.0.2"
"LB-LOC-61436","إنصارية","SRC-NATIONAL-VILLAGE-MANIFEST","61436","C:\APEX\UL2A_AR_FINALIZER_V1_0_0\APEX_WATANYBOT_UL2A_AR_NATIONAL_MANIFEST_FINALIZER_V1_0_0_PACKAGE\village_manifest.csv","a8c810368436869531bd825a16fb42b9c9680e415648decad6d53bfa012e9760","exact-adm3-pcode","accepted","UL2A-AR-NATIONAL-MANIFEST-1.0.2"
"LB-LOC-61437","مزرعة سيناي","SRC-NATIONAL-VILLAGE-MANIFEST","61437","C:\APEX\UL2A_AR_FINALIZER_V1_0_0\APEX_WATANYBOT_UL2A_AR_NATIONAL_MANIFEST_FINALIZER_V1_0_0_PACKAGE\village_manifest.csv","a8c810368436869531bd825a16fb42b9c9680e415648decad6d53bfa012e9760","exact-adm3-pcode","accepted","UL2A-AR-NATIONAL-MANIFEST-1.0.2"
"LB-LOC-61439","لوبية","SRC-NATIONAL-VILLAGE-MANIFEST","61439","C:\APEX\UL2A_AR_FINALIZER_V1_0_0\APEX_WATANYBOT_UL2A_AR_NATIONAL_MANIFEST_FINALIZER_V1_0_0_PACKAGE\village_manifest.csv","a8c810368436869531bd825a16fb42b9c9680e415648decad6d53bfa012e9760","exact-adm3-pcode","accepted","UL2A-AR-NATIONAL-MANIFEST-1.0.2"
"LB-LOC-61441","الداودية","SRC-NATIONAL-VILLAGE-MANIFEST","61441","C:\APEX\UL2A_AR_FINALIZER_V1_0_0\APEX_WATANYBOT_UL2A_AR_NATIONAL_MANIFEST_FINALIZER_V1_0_0_PACKAGE\village_manifest.csv","a8c810368436869531bd825a16fb42b9c9680e415648decad6d53bfa012e9760","exact-adm3-pcode","accepted","UL2A-AR-NATIONAL-MANIFEST-1.0.2"
"LB-LOC-61443","خربة الدوير صيدا","SRC-NATIONAL-VILLAGE-MANIFEST","61443","C:\APEX\UL2A_AR_FINALIZER_V1_0_0\APEX_WATANYBOT_UL2A_AR_NATIONAL_MANIFEST_FINALIZER_V1_0_0_PACKAGE\village_manifest.csv","a8c810368436869531bd825a16fb42b9c9680e415648decad6d53bfa012e9760","exact-adm3-pcode","accepted","UL2A-AR-NATIONAL-MANIFEST-1.0.2"
"LB-LOC-61444","بابلية","SRC-NATIONAL-VILLAGE-MANIFEST","61444","C:\APEX\UL2A_AR_FINALIZER_V1_0_0\APEX_WATANYBOT_UL2A_AR_NATIONAL_MANIFEST_FINALIZER_V1_0_0_PACKAGE\village_manifest.csv","a8c810368436869531bd825a16fb42b9c9680e415648decad6d53bfa012e9760","exact-adm3-pcode","accepted","UL2A-AR-NATIONAL-MANIFEST-1.0.2"
"LB-LOC-61446","خرطوم","SRC-NATIONAL-VILLAGE-MANIFEST","61446","C:\APEX\UL2A_AR_FINALIZER_V1_0_0\APEX_WATANYBOT_UL2A_AR_NATIONAL_MANIFEST_FINALIZER_V1_0_0_PACKAGE\village_manifest.csv","a8c810368436869531bd825a16fb42b9c9680e415648decad6d53bfa012e9760","exact-adm3-pcode","accepted","UL2A-AR-NATIONAL-MANIFEST-1.0.2"
"LB-LOC-61447","غسانية","SRC-NATIONAL-VILLAGE-MANIFEST","61447","C:\APEX\UL2A_AR_FINALIZER_V1_0_0\APEX_WATANYBOT_UL2A_AR_NATIONAL_MANIFEST_FINALIZER_V1_0_0_PACKAGE\village_manifest.csv","a8c810368436869531bd825a16fb42b9c9680e415648decad6d53bfa012e9760","exact-adm3-pcode","accepted","UL2A-AR-NATIONAL-MANIFEST-1.0.2"
"LB-LOC-61449","صرفند","SRC-NATIONAL-VILLAGE-MANIFEST","61449","C:\APEX\UL2A_AR_FINALIZER_V1_0_0\APEX_WATANYBOT_UL2A_AR_NATIONAL_MANIFEST_FINALIZER_V1_0_0_PACKAGE\village_manifest.csv","a8c810368436869531bd825a16fb42b9c9680e415648decad6d53bfa012e9760","exact-adm3-pcode","accepted","UL2A-AR-NATIONAL-MANIFEST-1.0.2"
"LB-LOC-61451","قعقعية الصنوبر","SRC-NATIONAL-VILLAGE-MANIFEST","61451","C:\APEX\UL2A_AR_FINALIZER_V1_0_0\APEX_WATANYBOT_UL2A_AR_NATIONAL_MANIFEST_FINALIZER_V1_0_0_PACKAGE\village_manifest.csv","a8c810368436869531bd825a16fb42b9c9680e415648decad6d53bfa012e9760","exact-adm3-pcode","accepted","UL2A-AR-NATIONAL-MANIFEST-1.0.2"
"LB-LOC-61453","بيسارية","SRC-NATIONAL-VILLAGE-MANIFEST","61453","C:\APEX\UL2A_AR_FINALIZER_V1_0_0\APEX_WATANYBOT_UL2A_AR_NATIONAL_MANIFEST_FINALIZER_V1_0_0_PACKAGE\village_manifest.csv","a8c810368436869531bd825a16fb42b9c9680e415648decad6d53bfa012e9760","exact-adm3-pcode","accepted","UL2A-AR-NATIONAL-MANIFEST-1.0.2"
"LB-LOC-61454","كوثرية السياد","SRC-NATIONAL-VILLAGE-MANIFEST","61454","C:\APEX\UL2A_AR_FINALIZER_V1_0_0\APEX_WATANYBOT_UL2A_AR_NATIONAL_MANIFEST_FINALIZER_V1_0_0_PACKAGE\village_manifest.csv","a8c810368436869531bd825a16fb42b9c9680e415648decad6d53bfa012e9760","exact-adm3-pcode","accepted","UL2A-AR-NATIONAL-MANIFEST-1.0.2"
"LB-LOC-61456","تبنا","SRC-NATIONAL-VILLAGE-MANIFEST","61456","C:\APEX\UL2A_AR_FINALIZER_V1_0_0\APEX_WATANYBOT_UL2A_AR_NATIONAL_MANIFEST_FINALIZER_V1_0_0_PACKAGE\village_manifest.csv","a8c810368436869531bd825a16fb42b9c9680e415648decad6d53bfa012e9760","exact-adm3-pcode","accepted","UL2A-AR-NATIONAL-MANIFEST-1.0.2"
"LB-LOC-61457","مزرعة سنيبر","SRC-NATIONAL-VILLAGE-MANIFEST","61457","C:\APEX\UL2A_AR_FINALIZER_V1_0_0\APEX_WATANYBOT_UL2A_AR_NATIONAL_MANIFEST_FINALIZER_V1_0_0_PACKAGE\village_manifest.csv","a8c810368436869531bd825a16fb42b9c9680e415648decad6d53bfa012e9760","exact-adm3-pcode","accepted","UL2A-AR-NATIONAL-MANIFEST-1.0.2"
"LB-LOC-61459","تفاحتا","SRC-NATIONAL-VILLAGE-MANIFEST","61459","C:\APEX\UL2A_AR_FINALIZER_V1_0_0\APEX_WATANYBOT_UL2A_AR_NATIONAL_MANIFEST_FINALIZER_V1_0_0_PACKAGE\village_manifest.csv","a8c810368436869531bd825a16fb42b9c9680e415648decad6d53bfa012e9760","exact-adm3-pcode","accepted","UL2A-AR-NATIONAL-MANIFEST-1.0.2"
"LB-LOC-61461","سكسكية","SRC-NATIONAL-VILLAGE-MANIFEST","61461","C:\APEX\UL2A_AR_FINALIZER_V1_0_0\APEX_WATANYBOT_UL2A_AR_NATIONAL_MANIFEST_FINALIZER_V1_0_0_PACKAGE\village_manifest.csv","a8c810368436869531bd825a16fb42b9c9680e415648decad6d53bfa012e9760","exact-adm3-pcode","accepted","UL2A-AR-NATIONAL-MANIFEST-1.0.2"
"LB-LOC-61463","مروانية","SRC-NATIONAL-VILLAGE-MANIFEST","61463","C:\APEX\UL2A_AR_FINALIZER_V1_0_0\APEX_WATANYBOT_UL2A_AR_NATIONAL_MANIFEST_FINALIZER_V1_0_0_PACKAGE\village_manifest.csv","a8c810368436869531bd825a16fb42b9c9680e415648decad6d53bfa012e9760","exact-adm3-pcode","accepted","UL2A-AR-NATIONAL-MANIFEST-1.0.2"
"LB-LOC-61464","نجارية","SRC-NATIONAL-VILLAGE-MANIFEST","61464","C:\APEX\UL2A_AR_FINALIZER_V1_0_0\APEX_WATANYBOT_UL2A_AR_NATIONAL_MANIFEST_FINALIZER_V1_0_0_PACKAGE\village_manifest.csv","a8c810368436869531bd825a16fb42b9c9680e415648decad6d53bfa012e9760","exact-adm3-pcode","accepted","UL2A-AR-NATIONAL-MANIFEST-1.0.2"
"LB-LOC-61466","عدّوسية","SRC-NATIONAL-VILLAGE-MANIFEST","61466","C:\APEX\UL2A_AR_FINALIZER_V1_0_0\APEX_WATANYBOT_UL2A_AR_NATIONAL_MANIFEST_FINALIZER_V1_0_0_PACKAGE\village_manifest.csv","a8c810368436869531bd825a16fb42b9c9680e415648decad6d53bfa012e9760","exact-adm3-pcode","accepted","UL2A-AR-NATIONAL-MANIFEST-1.0.2"
"LB-LOC-61467","خربة البصل","SRC-NATIONAL-VILLAGE-MANIFEST","61467","C:\APEX\UL2A_AR_FINALIZER_V1_0_0\APEX_WATANYBOT_UL2A_AR_NATIONAL_MANIFEST_FINALIZER_V1_0_0_PACKAGE\village_manifest.csv","a8c810368436869531bd825a16fb42b9c9680e415648decad6d53bfa012e9760","exact-adm3-pcode","accepted","UL2A-AR-NATIONAL-MANIFEST-1.0.2"
"LB-LOC-61469","المصيلح","SRC-NATIONAL-VILLAGE-MANIFEST","61469","C:\APEX\UL2A_AR_FINALIZER_V1_0_0\APEX_WATANYBOT_UL2A_AR_NATIONAL_MANIFEST_FINALIZER_V1_0_0_PACKAGE\village_manifest.csv","a8c810368436869531bd825a16fb42b9c9680e415648decad6d53bfa012e9760","exact-adm3-pcode","accepted","UL2A-AR-NATIONAL-MANIFEST-1.0.2"
"LB-LOC-61471","حجة","SRC-NATIONAL-VILLAGE-MANIFEST","61471","C:\APEX\UL2A_AR_FINALIZER_V1_0_0\APEX_WATANYBOT_UL2A_AR_NATIONAL_MANIFEST_FINALIZER_V1_0_0_PACKAGE\village_manifest.csv","a8c810368436869531bd825a16fb42b9c9680e415648decad6d53bfa012e9760","exact-adm3-pcode","accepted","UL2A-AR-NATIONAL-MANIFEST-1.0.2"
"LB-LOC-61473","مزرعة الحسينية","SRC-NATIONAL-VILLAGE-MANIFEST","61473","C:\APEX\UL2A_AR_FINALIZER_V1_0_0\APEX_WATANYBOT_UL2A_AR_NATIONAL_MANIFEST_FINALIZER_V1_0_0_PACKAGE\village_manifest.csv","a8c810368436869531bd825a16fb42b9c9680e415648decad6d53bfa012e9760","exact-adm3-pcode","accepted","UL2A-AR-NATIONAL-MANIFEST-1.0.2"
"LB-LOC-61474","خزيز","SRC-NATIONAL-VILLAGE-MANIFEST","61474","C:\APEX\UL2A_AR_FINALIZER_V1_0_0\APEX_WATANYBOT_UL2A_AR_NATIONAL_MANIFEST_FINALIZER_V1_0_0_PACKAGE\village_manifest.csv","a8c810368436869531bd825a16fb42b9c9680e415648decad6d53bfa012e9760","exact-adm3-pcode","accepted","UL2A-AR-NATIONAL-MANIFEST-1.0.2"
"LB-LOC-61476","معمارية","SRC-NATIONAL-VILLAGE-MANIFEST","61476","C:\APEX\UL2A_AR_FINALIZER_V1_0_0\APEX_WATANYBOT_UL2A_AR_NATIONAL_MANIFEST_FINALIZER_V1_0_0_PACKAGE\village_manifest.csv","a8c810368436869531bd825a16fb42b9c9680e415648decad6d53bfa012e9760","exact-adm3-pcode","accepted","UL2A-AR-NATIONAL-MANIFEST-1.0.2"
"LB-LOC-61477","عقتنيت","SRC-NATIONAL-VILLAGE-MANIFEST","61477","C:\APEX\UL2A_AR_FINALIZER_V1_0_0\APEX_WATANYBOT_UL2A_AR_NATIONAL_MANIFEST_FINALIZER_V1_0_0_PACKAGE\village_manifest.csv","a8c810368436869531bd825a16fb42b9c9680e415648decad6d53bfa012e9760","exact-adm3-pcode","accepted","UL2A-AR-NATIONAL-MANIFEST-1.0.2"
"LB-LOC-61479","اركي","SRC-NATIONAL-VILLAGE-MANIFEST","61479","C:\APEX\UL2A_AR_FINALIZER_V1_0_0\APEX_WATANYBOT_UL2A_AR_NATIONAL_MANIFEST_FINALIZER_V1_0_0_PACKAGE\village_manifest.csv","a8c810368436869531bd825a16fb42b9c9680e415648decad6d53bfa012e9760","exact-adm3-pcode","accepted","UL2A-AR-NATIONAL-MANIFEST-1.0.2"
"LB-LOC-61481","بنعفول","SRC-NATIONAL-VILLAGE-MANIFEST","61481","C:\APEX\UL2A_AR_FINALIZER_V1_0_0\APEX_WATANYBOT_UL2A_AR_NATIONAL_MANIFEST_FINALIZER_V1_0_0_PACKAGE\village_manifest.csv","a8c810368436869531bd825a16fb42b9c9680e415648decad6d53bfa012e9760","exact-adm3-pcode","accepted","UL2A-AR-NATIONAL-MANIFEST-1.0.2"
"LB-LOC-61483","مزرعة عرب طبَايا","SRC-NATIONAL-VILLAGE-MANIFEST","61483","C:\APEX\UL2A_AR_FINALIZER_V1_0_0\APEX_WATANYBOT_UL2A_AR_NATIONAL_MANIFEST_FINALIZER_V1_0_0_PACKAGE\village_manifest.csv","a8c810368436869531bd825a16fb42b9c9680e415648decad6d53bfa012e9760","exact-adm3-pcode","accepted","UL2A-AR-NATIONAL-MANIFEST-1.0.2"
"LB-LOC-61484","مزرعة مطيرية جباع","SRC-NATIONAL-VILLAGE-MANIFEST","61484","C:\APEX\UL2A_AR_FINALIZER_V1_0_0\APEX_WATANYBOT_UL2A_AR_NATIONAL_MANIFEST_FINALIZER_V1_0_0_PACKAGE\village_manifest.csv","a8c810368436869531bd825a16fb42b9c9680e415648decad6d53bfa012e9760","exact-adm3-pcode","accepted","UL2A-AR-NATIONAL-MANIFEST-1.0.2"
"LB-LOC-61486","مزرعة عرب سكر","SRC-NATIONAL-VILLAGE-MANIFEST","61486","C:\APEX\UL2A_AR_FINALIZER_V1_0_0\APEX_WATANYBOT_UL2A_AR_NATIONAL_MANIFEST_FINALIZER_V1_0_0_PACKAGE\village_manifest.csv","a8c810368436869531bd825a16fb42b9c9680e415648decad6d53bfa012e9760","exact-adm3-pcode","accepted","UL2A-AR-NATIONAL-MANIFEST-1.0.2"
"LB-LOC-61487","مزرعة عرب الجل","SRC-NATIONAL-VILLAGE-MANIFEST","61487","C:\APEX\UL2A_AR_FINALIZER_V1_0_0\APEX_WATANYBOT_UL2A_AR_NATIONAL_MANIFEST_FINALIZER_V1_0_0_PACKAGE\village_manifest.csv","a8c810368436869531bd825a16fb42b9c9680e415648decad6d53bfa012e9760","exact-adm3-pcode","accepted","UL2A-AR-NATIONAL-MANIFEST-1.0.2"
"LB-LOC-61488","برتي","SRC-NATIONAL-VILLAGE-MANIFEST","61488","C:\APEX\UL2A_AR_FINALIZER_V1_0_0\APEX_WATANYBOT_UL2A_AR_NATIONAL_MANIFEST_FINALIZER_V1_0_0_PACKAGE\village_manifest.csv","a8c810368436869531bd825a16fb42b9c9680e415648decad6d53bfa012e9760","exact-adm3-pcode","accepted","UL2A-AR-NATIONAL-MANIFEST-1.0.2"
"LB-LOC-61489","عنقون","SRC-NATIONAL-VILLAGE-MANIFEST","61489","C:\APEX\UL2A_AR_FINALIZER_V1_0_0\APEX_WATANYBOT_UL2A_AR_NATIONAL_MANIFEST_FINALIZER_V1_0_0_PACKAGE\village_manifest.csv","a8c810368436869531bd825a16fb42b9c9680e415648decad6d53bfa012e9760","exact-adm3-pcode","accepted","UL2A-AR-NATIONAL-MANIFEST-1.0.2"
"LB-LOC-61491","كفربيت","SRC-NATIONAL-VILLAGE-MANIFEST","61491","C:\APEX\UL2A_AR_FINALIZER_V1_0_0\APEX_WATANYBOT_UL2A_AR_NATIONAL_MANIFEST_FINALIZER_V1_0_0_PACKAGE\village_manifest.csv","a8c810368436869531bd825a16fb42b9c9680e415648decad6d53bfa012e9760","exact-adm3-pcode","accepted","UL2A-AR-NATIONAL-MANIFEST-1.0.2"
"LB-LOC-61493","كفرحتى","SRC-NATIONAL-VILLAGE-MANIFEST","61493","C:\APEX\UL2A_AR_FINALIZER_V1_0_0\APEX_WATANYBOT_UL2A_AR_NATIONAL_MANIFEST_FINALIZER_V1_0_0_PACKAGE\village_manifest.csv","a8c810368436869531bd825a16fb42b9c9680e415648decad6d53bfa012e9760","exact-adm3-pcode","accepted","UL2A-AR-NATIONAL-MANIFEST-1.0.2"
"LB-LOC-61494","كفر شلال","SRC-NATIONAL-VILLAGE-MANIFEST","61494","C:\APEX\UL2A_AR_FINALIZER_V1_0_0\APEX_WATANYBOT_UL2A_AR_NATIONAL_MANIFEST_FINALIZER_V1_0_0_PACKAGE\village_manifest.csv","a8c810368436869531bd825a16fb42b9c9680e415648decad6d53bfa012e9760","exact-adm3-pcode","accepted","UL2A-AR-NATIONAL-MANIFEST-1.0.2"
"LB-LOC-61496","كفرملكي صيدا","SRC-NATIONAL-VILLAGE-MANIFEST","61496","C:\APEX\UL2A_AR_FINALIZER_V1_0_0\APEX_WATANYBOT_UL2A_AR_NATIONAL_MANIFEST_FINALIZER_V1_0_0_PACKAGE\village_manifest.csv","a8c810368436869531bd825a16fb42b9c9680e415648decad6d53bfa012e9760","exact-adm3-pcode","accepted","UL2A-AR-NATIONAL-MANIFEST-1.0.2"
"LB-LOC-61497","سفنتا","SRC-NATIONAL-VILLAGE-MANIFEST","61497","C:\APEX\UL2A_AR_FINALIZER_V1_0_0\APEX_WATANYBOT_UL2A_AR_NATIONAL_MANIFEST_FINALIZER_V1_0_0_PACKAGE\village_manifest.csv","a8c810368436869531bd825a16fb42b9c9680e415648decad6d53bfa012e9760","exact-adm3-pcode","accepted","UL2A-AR-NATIONAL-MANIFEST-1.0.2"
"LB-LOC-62111","صور","SRC-NATIONAL-VILLAGE-MANIFEST","62111","C:\APEX\UL2A_AR_FINALIZER_V1_0_0\APEX_WATANYBOT_UL2A_AR_NATIONAL_MANIFEST_FINALIZER_V1_0_0_PACKAGE\village_manifest.csv","a8c810368436869531bd825a16fb42b9c9680e415648decad6d53bfa012e9760","exact-adm3-pcode","accepted","UL2A-AR-NATIONAL-MANIFEST-1.0.2"
"LB-LOC-62128","برج الشمالي","SRC-NATIONAL-VILLAGE-MANIFEST","62128","C:\APEX\UL2A_AR_FINALIZER_V1_0_0\APEX_WATANYBOT_UL2A_AR_NATIONAL_MANIFEST_FINALIZER_V1_0_0_PACKAGE\village_manifest.csv","a8c810368436869531bd825a16fb42b9c9680e415648decad6d53bfa012e9760","exact-adm3-pcode","accepted","UL2A-AR-NATIONAL-MANIFEST-1.0.2"
"LB-LOC-62162","باتوليه","SRC-NATIONAL-VILLAGE-MANIFEST","62162","C:\APEX\UL2A_AR_FINALIZER_V1_0_0\APEX_WATANYBOT_UL2A_AR_NATIONAL_MANIFEST_FINALIZER_V1_0_0_PACKAGE\village_manifest.csv","a8c810368436869531bd825a16fb42b9c9680e415648decad6d53bfa012e9760","exact-adm3-pcode","accepted","UL2A-AR-NATIONAL-MANIFEST-1.0.2"
"LB-LOC-62179","دير قانون","SRC-NATIONAL-VILLAGE-MANIFEST","62179","C:\APEX\UL2A_AR_FINALIZER_V1_0_0\APEX_WATANYBOT_UL2A_AR_NATIONAL_MANIFEST_FINALIZER_V1_0_0_PACKAGE\village_manifest.csv","a8c810368436869531bd825a16fb42b9c9680e415648decad6d53bfa012e9760","exact-adm3-pcode","accepted","UL2A-AR-NATIONAL-MANIFEST-1.0.2"
"LB-LOC-62211","جويا","SRC-NATIONAL-VILLAGE-MANIFEST","62211","C:\APEX\UL2A_AR_FINALIZER_V1_0_0\APEX_WATANYBOT_UL2A_AR_NATIONAL_MANIFEST_FINALIZER_V1_0_0_PACKAGE\village_manifest.csv","a8c810368436869531bd825a16fb42b9c9680e415648decad6d53bfa012e9760","exact-adm3-pcode","accepted","UL2A-AR-NATIONAL-MANIFEST-1.0.2"
"LB-LOC-62212","دبعل","SRC-NATIONAL-VILLAGE-MANIFEST","62212","C:\APEX\UL2A_AR_FINALIZER_V1_0_0\APEX_WATANYBOT_UL2A_AR_NATIONAL_MANIFEST_FINALIZER_V1_0_0_PACKAGE\village_manifest.csv","a8c810368436869531bd825a16fb42b9c9680e415648decad6d53bfa012e9760","exact-adm3-pcode","accepted","UL2A-AR-NATIONAL-MANIFEST-1.0.2"
"LB-LOC-62214","المجادل","SRC-NATIONAL-VILLAGE-MANIFEST","62214","C:\APEX\UL2A_AR_FINALIZER_V1_0_0\APEX_WATANYBOT_UL2A_AR_NATIONAL_MANIFEST_FINALIZER_V1_0_0_PACKAGE\village_manifest.csv","a8c810368436869531bd825a16fb42b9c9680e415648decad6d53bfa012e9760","exact-adm3-pcode","accepted","UL2A-AR-NATIONAL-MANIFEST-1.0.2"
"LB-LOC-62215","مزرعة المشرف","SRC-NATIONAL-VILLAGE-MANIFEST","62215","C:\APEX\UL2A_AR_FINALIZER_V1_0_0\APEX_WATANYBOT_UL2A_AR_NATIONAL_MANIFEST_FINALIZER_V1_0_0_PACKAGE\village_manifest.csv","a8c810368436869531bd825a16fb42b9c9680e415648decad6d53bfa012e9760","exact-adm3-pcode","accepted","UL2A-AR-NATIONAL-MANIFEST-1.0.2"
"LB-LOC-62217","عيتيت","SRC-NATIONAL-VILLAGE-MANIFEST","62217","C:\APEX\UL2A_AR_FINALIZER_V1_0_0\APEX_WATANYBOT_UL2A_AR_NATIONAL_MANIFEST_FINALIZER_V1_0_0_PACKAGE\village_manifest.csv","a8c810368436869531bd825a16fb42b9c9680e415648decad6d53bfa012e9760","exact-adm3-pcode","accepted","UL2A-AR-NATIONAL-MANIFEST-1.0.2"
"LB-LOC-62218","وادي جيلو","SRC-NATIONAL-VILLAGE-MANIFEST","62218","C:\APEX\UL2A_AR_FINALIZER_V1_0_0\APEX_WATANYBOT_UL2A_AR_NATIONAL_MANIFEST_FINALIZER_V1_0_0_PACKAGE\village_manifest.csv","a8c810368436869531bd825a16fb42b9c9680e415648decad6d53bfa012e9760","exact-adm3-pcode","accepted","UL2A-AR-NATIONAL-MANIFEST-1.0.2"
"LB-LOC-62219","يانوح صور","SRC-NATIONAL-VILLAGE-MANIFEST","62219","C:\APEX\UL2A_AR_FINALIZER_V1_0_0\APEX_WATANYBOT_UL2A_AR_NATIONAL_MANIFEST_FINALIZER_V1_0_0_PACKAGE\village_manifest.csv","a8c810368436869531bd825a16fb42b9c9680e415648decad6d53bfa012e9760","exact-adm3-pcode","accepted","UL2A-AR-NATIONAL-MANIFEST-1.0.2"
"LB-LOC-62221","بافليه","SRC-NATIONAL-VILLAGE-MANIFEST","62221","C:\APEX\UL2A_AR_FINALIZER_V1_0_0\APEX_WATANYBOT_UL2A_AR_NATIONAL_MANIFEST_FINALIZER_V1_0_0_PACKAGE\village_manifest.csv","a8c810368436869531bd825a16fb42b9c9680e415648decad6d53bfa012e9760","exact-adm3-pcode","accepted","UL2A-AR-NATIONAL-MANIFEST-1.0.2"
"LB-LOC-62223","ديرعامص","SRC-NATIONAL-VILLAGE-MANIFEST","62223","C:\APEX\UL2A_AR_FINALIZER_V1_0_0\APEX_WATANYBOT_UL2A_AR_NATIONAL_MANIFEST_FINALIZER_V1_0_0_PACKAGE\village_manifest.csv","a8c810368436869531bd825a16fb42b9c9680e415648decad6d53bfa012e9760","exact-adm3-pcode","accepted","UL2A-AR-NATIONAL-MANIFEST-1.0.2"
"LB-LOC-62224","باريش","SRC-NATIONAL-VILLAGE-MANIFEST","62224","C:\APEX\UL2A_AR_FINALIZER_V1_0_0\APEX_WATANYBOT_UL2A_AR_NATIONAL_MANIFEST_FINALIZER_V1_0_0_PACKAGE\village_manifest.csv","a8c810368436869531bd825a16fb42b9c9680e415648decad6d53bfa012e9760","exact-adm3-pcode","accepted","UL2A-AR-NATIONAL-MANIFEST-1.0.2"
"LB-LOC-62226","البياض صور","SRC-NATIONAL-VILLAGE-MANIFEST","62226","C:\APEX\UL2A_AR_FINALIZER_V1_0_0\APEX_WATANYBOT_UL2A_AR_NATIONAL_MANIFEST_FINALIZER_V1_0_0_PACKAGE\village_manifest.csv","a8c810368436869531bd825a16fb42b9c9680e415648decad6d53bfa012e9760","exact-adm3-pcode","accepted","UL2A-AR-NATIONAL-MANIFEST-1.0.2"
"LB-LOC-62227","سلعا","SRC-NATIONAL-VILLAGE-MANIFEST","62227","C:\APEX\UL2A_AR_FINALIZER_V1_0_0\APEX_WATANYBOT_UL2A_AR_NATIONAL_MANIFEST_FINALIZER_V1_0_0_PACKAGE\village_manifest.csv","a8c810368436869531bd825a16fb42b9c9680e415648decad6d53bfa012e9760","exact-adm3-pcode","accepted","UL2A-AR-NATIONAL-MANIFEST-1.0.2"
"LB-LOC-62229","قانا","SRC-NATIONAL-VILLAGE-MANIFEST","62229","C:\APEX\UL2A_AR_FINALIZER_V1_0_0\APEX_WATANYBOT_UL2A_AR_NATIONAL_MANIFEST_FINALIZER_V1_0_0_PACKAGE\village_manifest.csv","a8c810368436869531bd825a16fb42b9c9680e415648decad6d53bfa012e9760","exact-adm3-pcode","accepted","UL2A-AR-NATIONAL-MANIFEST-1.0.2"
"LB-LOC-62231","معركة","SRC-NATIONAL-VILLAGE-MANIFEST","62231","C:\APEX\UL2A_AR_FINALIZER_V1_0_0\APEX_WATANYBOT_UL2A_AR_NATIONAL_MANIFEST_FINALIZER_V1_0_0_PACKAGE\village_manifest.csv","a8c810368436869531bd825a16fb42b9c9680e415648decad6d53bfa012e9760","exact-adm3-pcode","accepted","UL2A-AR-NATIONAL-MANIFEST-1.0.2"
"LB-LOC-62233","نفاخية","SRC-NATIONAL-VILLAGE-MANIFEST","62233","C:\APEX\UL2A_AR_FINALIZER_V1_0_0\APEX_WATANYBOT_UL2A_AR_NATIONAL_MANIFEST_FINALIZER_V1_0_0_PACKAGE\village_manifest.csv","a8c810368436869531bd825a16fb42b9c9680e415648decad6d53bfa012e9760","exact-adm3-pcode","accepted","UL2A-AR-NATIONAL-MANIFEST-1.0.2"
"LB-LOC-62234","معروب","SRC-NATIONAL-VILLAGE-MANIFEST","62234","C:\APEX\UL2A_AR_FINALIZER_V1_0_0\APEX_WATANYBOT_UL2A_AR_NATIONAL_MANIFEST_FINALIZER_V1_0_0_PACKAGE\village_manifest.csv","a8c810368436869531bd825a16fb42b9c9680e415648decad6d53bfa012e9760","exact-adm3-pcode","accepted","UL2A-AR-NATIONAL-MANIFEST-1.0.2"
"LB-LOC-62236","رشكنانيه","SRC-NATIONAL-VILLAGE-MANIFEST","62236","C:\APEX\UL2A_AR_FINALIZER_V1_0_0\APEX_WATANYBOT_UL2A_AR_NATIONAL_MANIFEST_FINALIZER_V1_0_0_PACKAGE\village_manifest.csv","a8c810368436869531bd825a16fb42b9c9680e415648decad6d53bfa012e9760","exact-adm3-pcode","accepted","UL2A-AR-NATIONAL-MANIFEST-1.0.2"
"LB-LOC-62237","جناتا","SRC-NATIONAL-VILLAGE-MANIFEST","62237","C:\APEX\UL2A_AR_FINALIZER_V1_0_0\APEX_WATANYBOT_UL2A_AR_NATIONAL_MANIFEST_FINALIZER_V1_0_0_PACKAGE\village_manifest.csv","a8c810368436869531bd825a16fb42b9c9680e415648decad6d53bfa012e9760","exact-adm3-pcode","accepted","UL2A-AR-NATIONAL-MANIFEST-1.0.2"
"LB-LOC-62239","دردغايا","SRC-NATIONAL-VILLAGE-MANIFEST","62239","C:\APEX\UL2A_AR_FINALIZER_V1_0_0\APEX_WATANYBOT_UL2A_AR_NATIONAL_MANIFEST_FINALIZER_V1_0_0_PACKAGE\village_manifest.csv","a8c810368436869531bd825a16fb42b9c9680e415648decad6d53bfa012e9760","exact-adm3-pcode","accepted","UL2A-AR-NATIONAL-MANIFEST-1.0.2"
"LB-LOC-62241","صديقين","SRC-NATIONAL-VILLAGE-MANIFEST","62241","C:\APEX\UL2A_AR_FINALIZER_V1_0_0\APEX_WATANYBOT_UL2A_AR_NATIONAL_MANIFEST_FINALIZER_V1_0_0_PACKAGE\village_manifest.csv","a8c810368436869531bd825a16fb42b9c9680e415648decad6d53bfa012e9760","exact-adm3-pcode","accepted","UL2A-AR-NATIONAL-MANIFEST-1.0.2"
"LB-LOC-62242","مزرعة عيا","SRC-NATIONAL-VILLAGE-MANIFEST","62242","C:\APEX\UL2A_AR_FINALIZER_V1_0_0\APEX_WATANYBOT_UL2A_AR_NATIONAL_MANIFEST_FINALIZER_V1_0_0_PACKAGE\village_manifest.csv","a8c810368436869531bd825a16fb42b9c9680e415648decad6d53bfa012e9760","exact-adm3-pcode","accepted","UL2A-AR-NATIONAL-MANIFEST-1.0.2"
"LB-LOC-62243","عين بعل","SRC-NATIONAL-VILLAGE-MANIFEST","62243","C:\APEX\UL2A_AR_FINALIZER_V1_0_0\APEX_WATANYBOT_UL2A_AR_NATIONAL_MANIFEST_FINALIZER_V1_0_0_PACKAGE\village_manifest.csv","a8c810368436869531bd825a16fb42b9c9680e415648decad6d53bfa012e9760","exact-adm3-pcode","accepted","UL2A-AR-NATIONAL-MANIFEST-1.0.2"
"LB-LOC-62244","حميري","SRC-NATIONAL-VILLAGE-MANIFEST","62244","C:\APEX\UL2A_AR_FINALIZER_V1_0_0\APEX_WATANYBOT_UL2A_AR_NATIONAL_MANIFEST_FINALIZER_V1_0_0_PACKAGE\village_manifest.csv","a8c810368436869531bd825a16fb42b9c9680e415648decad6d53bfa012e9760","exact-adm3-pcode","accepted","UL2A-AR-NATIONAL-MANIFEST-1.0.2"
"LB-LOC-62245","محيليب","SRC-NATIONAL-VILLAGE-MANIFEST","62245","C:\APEX\UL2A_AR_FINALIZER_V1_0_0\APEX_WATANYBOT_UL2A_AR_NATIONAL_MANIFEST_FINALIZER_V1_0_0_PACKAGE\village_manifest.csv","a8c810368436869531bd825a16fb42b9c9680e415648decad6d53bfa012e9760","exact-adm3-pcode","accepted","UL2A-AR-NATIONAL-MANIFEST-1.0.2"
"LB-LOC-62246","بازورية","SRC-NATIONAL-VILLAGE-MANIFEST","62246","C:\APEX\UL2A_AR_FINALIZER_V1_0_0\APEX_WATANYBOT_UL2A_AR_NATIONAL_MANIFEST_FINALIZER_V1_0_0_PACKAGE\village_manifest.csv","a8c810368436869531bd825a16fb42b9c9680e415648decad6d53bfa012e9760","exact-adm3-pcode","accepted","UL2A-AR-NATIONAL-MANIFEST-1.0.2"
"LB-LOC-62247","حناوي","SRC-NATIONAL-VILLAGE-MANIFEST","62247","C:\APEX\UL2A_AR_FINALIZER_V1_0_0\APEX_WATANYBOT_UL2A_AR_NATIONAL_MANIFEST_FINALIZER_V1_0_0_PACKAGE\village_manifest.csv","a8c810368436869531bd825a16fb42b9c9680e415648decad6d53bfa012e9760","exact-adm3-pcode","accepted","UL2A-AR-NATIONAL-MANIFEST-1.0.2"
"LB-LOC-62249","بستيات","SRC-NATIONAL-VILLAGE-MANIFEST","62249","C:\APEX\UL2A_AR_FINALIZER_V1_0_0\APEX_WATANYBOT_UL2A_AR_NATIONAL_MANIFEST_FINALIZER_V1_0_0_PACKAGE\village_manifest.csv","a8c810368436869531bd825a16fb42b9c9680e415648decad6d53bfa012e9760","exact-adm3-pcode","accepted","UL2A-AR-NATIONAL-MANIFEST-1.0.2"
"LB-LOC-62251","دير كيفا","SRC-NATIONAL-VILLAGE-MANIFEST","62251","C:\APEX\UL2A_AR_FINALIZER_V1_0_0\APEX_WATANYBOT_UL2A_AR_NATIONAL_MANIFEST_FINALIZER_V1_0_0_PACKAGE\village_manifest.csv","a8c810368436869531bd825a16fb42b9c9680e415648decad6d53bfa012e9760","exact-adm3-pcode","accepted","UL2A-AR-NATIONAL-MANIFEST-1.0.2"
"LB-LOC-62253","طير دبّه","SRC-NATIONAL-VILLAGE-MANIFEST","62253","C:\APEX\UL2A_AR_FINALIZER_V1_0_0\APEX_WATANYBOT_UL2A_AR_NATIONAL_MANIFEST_FINALIZER_V1_0_0_PACKAGE\village_manifest.csv","a8c810368436869531bd825a16fb42b9c9680e415648decad6d53bfa012e9760","exact-adm3-pcode","accepted","UL2A-AR-NATIONAL-MANIFEST-1.0.2"
"LB-LOC-62254","شهابية","SRC-NATIONAL-VILLAGE-MANIFEST","62254","C:\APEX\UL2A_AR_FINALIZER_V1_0_0\APEX_WATANYBOT_UL2A_AR_NATIONAL_MANIFEST_FINALIZER_V1_0_0_PACKAGE\village_manifest.csv","a8c810368436869531bd825a16fb42b9c9680e415648decad6d53bfa012e9760","exact-adm3-pcode","accepted","UL2A-AR-NATIONAL-MANIFEST-1.0.2"
"LB-LOC-62256","ارزون","SRC-NATIONAL-VILLAGE-MANIFEST","62256","C:\APEX\UL2A_AR_FINALIZER_V1_0_0\APEX_WATANYBOT_UL2A_AR_NATIONAL_MANIFEST_FINALIZER_V1_0_0_PACKAGE\village_manifest.csv","a8c810368436869531bd825a16fb42b9c9680e415648decad6d53bfa012e9760","exact-adm3-pcode","accepted","UL2A-AR-NATIONAL-MANIFEST-1.0.2"
"LB-LOC-62257","نيحا صور","SRC-NATIONAL-VILLAGE-MANIFEST","62257","C:\APEX\UL2A_AR_FINALIZER_V1_0_0\APEX_WATANYBOT_UL2A_AR_NATIONAL_MANIFEST_FINALIZER_V1_0_0_PACKAGE\village_manifest.csv","a8c810368436869531bd825a16fb42b9c9680e415648decad6d53bfa012e9760","exact-adm3-pcode","accepted","UL2A-AR-NATIONAL-MANIFEST-1.0.2"
"LB-LOC-62259","رمادية","SRC-NATIONAL-VILLAGE-MANIFEST","62259","C:\APEX\UL2A_AR_FINALIZER_V1_0_0\APEX_WATANYBOT_UL2A_AR_NATIONAL_MANIFEST_FINALIZER_V1_0_0_PACKAGE\village_manifest.csv","a8c810368436869531bd825a16fb42b9c9680e415648decad6d53bfa012e9760","exact-adm3-pcode","accepted","UL2A-AR-NATIONAL-MANIFEST-1.0.2"
"LB-LOC-62261","طورا","SRC-NATIONAL-VILLAGE-MANIFEST","62261","C:\APEX\UL2A_AR_FINALIZER_V1_0_0\APEX_WATANYBOT_UL2A_AR_NATIONAL_MANIFEST_FINALIZER_V1_0_0_PACKAGE\village_manifest.csv","a8c810368436869531bd825a16fb42b9c9680e415648decad6d53bfa012e9760","exact-adm3-pcode","accepted","UL2A-AR-NATIONAL-MANIFEST-1.0.2"
"LB-LOC-62263","دير قانون النهر","SRC-NATIONAL-VILLAGE-MANIFEST","62263","C:\APEX\UL2A_AR_FINALIZER_V1_0_0\APEX_WATANYBOT_UL2A_AR_NATIONAL_MANIFEST_FINALIZER_V1_0_0_PACKAGE\village_manifest.csv","a8c810368436869531bd825a16fb42b9c9680e415648decad6d53bfa012e9760","exact-adm3-pcode","accepted","UL2A-AR-NATIONAL-MANIFEST-1.0.2"
"LB-LOC-62264","شحور","SRC-NATIONAL-VILLAGE-MANIFEST","62264","C:\APEX\UL2A_AR_FINALIZER_V1_0_0\APEX_WATANYBOT_UL2A_AR_NATIONAL_MANIFEST_FINALIZER_V1_0_0_PACKAGE\village_manifest.csv","a8c810368436869531bd825a16fb42b9c9680e415648decad6d53bfa012e9760","exact-adm3-pcode","accepted","UL2A-AR-NATIONAL-MANIFEST-1.0.2"
"LB-LOC-62266","صريفا","SRC-NATIONAL-VILLAGE-MANIFEST","62266","C:\APEX\UL2A_AR_FINALIZER_V1_0_0\APEX_WATANYBOT_UL2A_AR_NATIONAL_MANIFEST_FINALIZER_V1_0_0_PACKAGE\village_manifest.csv","a8c810368436869531bd825a16fb42b9c9680e415648decad6d53bfa012e9760","exact-adm3-pcode","accepted","UL2A-AR-NATIONAL-MANIFEST-1.0.2"
"LB-LOC-62267","كنيسة صور","SRC-NATIONAL-VILLAGE-MANIFEST","62267","C:\APEX\UL2A_AR_FINALIZER_V1_0_0\APEX_WATANYBOT_UL2A_AR_NATIONAL_MANIFEST_FINALIZER_V1_0_0_PACKAGE\village_manifest.csv","a8c810368436869531bd825a16fb42b9c9680e415648decad6d53bfa012e9760","exact-adm3-pcode","accepted","UL2A-AR-NATIONAL-MANIFEST-1.0.2"
"LB-LOC-62269","حلوسية","SRC-NATIONAL-VILLAGE-MANIFEST","62269","C:\APEX\UL2A_AR_FINALIZER_V1_0_0\APEX_WATANYBOT_UL2A_AR_NATIONAL_MANIFEST_FINALIZER_V1_0_0_PACKAGE\village_manifest.csv","a8c810368436869531bd825a16fb42b9c9680e415648decad6d53bfa012e9760","exact-adm3-pcode","accepted","UL2A-AR-NATIONAL-MANIFEST-1.0.2"
"LB-LOC-62271","طير فلسيه","SRC-NATIONAL-VILLAGE-MANIFEST","62271","C:\APEX\UL2A_AR_FINALIZER_V1_0_0\APEX_WATANYBOT_UL2A_AR_NATIONAL_MANIFEST_FINALIZER_V1_0_0_PACKAGE\village_manifest.csv","a8c810368436869531bd825a16fb42b9c9680e415648decad6d53bfa012e9760","exact-adm3-pcode","accepted","UL2A-AR-NATIONAL-MANIFEST-1.0.2"
"LB-LOC-62273","طويري","SRC-NATIONAL-VILLAGE-MANIFEST","62273","C:\APEX\UL2A_AR_FINALIZER_V1_0_0\APEX_WATANYBOT_UL2A_AR_NATIONAL_MANIFEST_FINALIZER_V1_0_0_PACKAGE\village_manifest.csv","a8c810368436869531bd825a16fb42b9c9680e415648decad6d53bfa012e9760","exact-adm3-pcode","accepted","UL2A-AR-NATIONAL-MANIFEST-1.0.2"
"LB-LOC-62274","بدياس","SRC-NATIONAL-VILLAGE-MANIFEST","62274","C:\APEX\UL2A_AR_FINALIZER_V1_0_0\APEX_WATANYBOT_UL2A_AR_NATIONAL_MANIFEST_FINALIZER_V1_0_0_PACKAGE\village_manifest.csv","a8c810368436869531bd825a16fb42b9c9680e415648decad6d53bfa012e9760","exact-adm3-pcode","accepted","UL2A-AR-NATIONAL-MANIFEST-1.0.2"
"LB-LOC-62276","عباسية","SRC-NATIONAL-VILLAGE-MANIFEST","62276","C:\APEX\UL2A_AR_FINALIZER_V1_0_0\APEX_WATANYBOT_UL2A_AR_NATIONAL_MANIFEST_FINALIZER_V1_0_0_PACKAGE\village_manifest.csv","a8c810368436869531bd825a16fb42b9c9680e415648decad6d53bfa012e9760","exact-adm3-pcode","accepted","UL2A-AR-NATIONAL-MANIFEST-1.0.2"
"LB-LOC-62277","شعيتية","SRC-NATIONAL-VILLAGE-MANIFEST","62277","C:\APEX\UL2A_AR_FINALIZER_V1_0_0\APEX_WATANYBOT_UL2A_AR_NATIONAL_MANIFEST_FINALIZER_V1_0_0_PACKAGE\village_manifest.csv","a8c810368436869531bd825a16fb42b9c9680e415648decad6d53bfa012e9760","exact-adm3-pcode","accepted","UL2A-AR-NATIONAL-MANIFEST-1.0.2"
"LB-LOC-62279","جبال البطم","SRC-NATIONAL-VILLAGE-MANIFEST","62279","C:\APEX\UL2A_AR_FINALIZER_V1_0_0\APEX_WATANYBOT_UL2A_AR_NATIONAL_MANIFEST_FINALIZER_V1_0_0_PACKAGE\village_manifest.csv","a8c810368436869531bd825a16fb42b9c9680e415648decad6d53bfa012e9760","exact-adm3-pcode","accepted","UL2A-AR-NATIONAL-MANIFEST-1.0.2"
"LB-LOC-62281","طير سمحات","SRC-NATIONAL-VILLAGE-MANIFEST","62281","C:\APEX\UL2A_AR_FINALIZER_V1_0_0\APEX_WATANYBOT_UL2A_AR_NATIONAL_MANIFEST_FINALIZER_V1_0_0_PACKAGE\village_manifest.csv","a8c810368436869531bd825a16fb42b9c9680e415648decad6d53bfa012e9760","exact-adm3-pcode","accepted","UL2A-AR-NATIONAL-MANIFEST-1.0.2"
"LB-LOC-62283","برج رحال","SRC-NATIONAL-VILLAGE-MANIFEST","62283","C:\APEX\UL2A_AR_FINALIZER_V1_0_0\APEX_WATANYBOT_UL2A_AR_NATIONAL_MANIFEST_FINALIZER_V1_0_0_PACKAGE\village_manifest.csv","a8c810368436869531bd825a16fb42b9c9680e415648decad6d53bfa012e9760","exact-adm3-pcode","accepted","UL2A-AR-NATIONAL-MANIFEST-1.0.2"
"LB-LOC-62284","مرنبا","SRC-NATIONAL-VILLAGE-MANIFEST","62284","C:\APEX\UL2A_AR_FINALIZER_V1_0_0\APEX_WATANYBOT_UL2A_AR_NATIONAL_MANIFEST_FINALIZER_V1_0_0_PACKAGE\village_manifest.csv","a8c810368436869531bd825a16fb42b9c9680e415648decad6d53bfa012e9760","exact-adm3-pcode","accepted","UL2A-AR-NATIONAL-MANIFEST-1.0.2"
"LB-LOC-62285","شيحين","SRC-NATIONAL-VILLAGE-MANIFEST","62285","C:\APEX\UL2A_AR_FINALIZER_V1_0_0\APEX_WATANYBOT_UL2A_AR_NATIONAL_MANIFEST_FINALIZER_V1_0_0_PACKAGE\village_manifest.csv","a8c810368436869531bd825a16fb42b9c9680e415648decad6d53bfa012e9760","exact-adm3-pcode","accepted","UL2A-AR-NATIONAL-MANIFEST-1.0.2"
"LB-LOC-62286","زبقين","SRC-NATIONAL-VILLAGE-MANIFEST","62286","C:\APEX\UL2A_AR_FINALIZER_V1_0_0\APEX_WATANYBOT_UL2A_AR_NATIONAL_MANIFEST_FINALIZER_V1_0_0_PACKAGE\village_manifest.csv","a8c810368436869531bd825a16fb42b9c9680e415648decad6d53bfa012e9760","exact-adm3-pcode","accepted","UL2A-AR-NATIONAL-MANIFEST-1.0.2"
"LB-LOC-62287","قليلة","SRC-NATIONAL-VILLAGE-MANIFEST","62287","C:\APEX\UL2A_AR_FINALIZER_V1_0_0\APEX_WATANYBOT_UL2A_AR_NATIONAL_MANIFEST_FINALIZER_V1_0_0_PACKAGE\village_manifest.csv","a8c810368436869531bd825a16fb42b9c9680e415648decad6d53bfa012e9760","exact-adm3-pcode","accepted","UL2A-AR-NATIONAL-MANIFEST-1.0.2"
"LB-LOC-62291","عين أبو عبدالله","SRC-NATIONAL-VILLAGE-MANIFEST","62291","C:\APEX\UL2A_AR_FINALIZER_V1_0_0\APEX_WATANYBOT_UL2A_AR_NATIONAL_MANIFEST_FINALIZER_V1_0_0_PACKAGE\village_manifest.csv","a8c810368436869531bd825a16fb42b9c9680e415648decad6d53bfa012e9760","exact-adm3-pcode","accepted","UL2A-AR-NATIONAL-MANIFEST-1.0.2"
"LB-LOC-62292","جبين","SRC-NATIONAL-VILLAGE-MANIFEST","62292","C:\APEX\UL2A_AR_FINALIZER_V1_0_0\APEX_WATANYBOT_UL2A_AR_NATIONAL_MANIFEST_FINALIZER_V1_0_0_PACKAGE\village_manifest.csv","a8c810368436869531bd825a16fb42b9c9680e415648decad6d53bfa012e9760","exact-adm3-pcode","accepted","UL2A-AR-NATIONAL-MANIFEST-1.0.2"
"LB-LOC-62293","حنية","SRC-NATIONAL-VILLAGE-MANIFEST","62293","C:\APEX\UL2A_AR_FINALIZER_V1_0_0\APEX_WATANYBOT_UL2A_AR_NATIONAL_MANIFEST_FINALIZER_V1_0_0_PACKAGE\village_manifest.csv","a8c810368436869531bd825a16fb42b9c9680e415648decad6d53bfa012e9760","exact-adm3-pcode","accepted","UL2A-AR-NATIONAL-MANIFEST-1.0.2"
"LB-LOC-62294","عزِّيه","SRC-NATIONAL-VILLAGE-MANIFEST","62294","C:\APEX\UL2A_AR_FINALIZER_V1_0_0\APEX_WATANYBOT_UL2A_AR_NATIONAL_MANIFEST_FINALIZER_V1_0_0_PACKAGE\village_manifest.csv","a8c810368436869531bd825a16fb42b9c9680e415648decad6d53bfa012e9760","exact-adm3-pcode","accepted","UL2A-AR-NATIONAL-MANIFEST-1.0.2"
"LB-LOC-62295","طير حرفا","SRC-NATIONAL-VILLAGE-MANIFEST","62295","C:\APEX\UL2A_AR_FINALIZER_V1_0_0\APEX_WATANYBOT_UL2A_AR_NATIONAL_MANIFEST_FINALIZER_V1_0_0_PACKAGE\village_manifest.csv","a8c810368436869531bd825a16fb42b9c9680e415648decad6d53bfa012e9760","exact-adm3-pcode","accepted","UL2A-AR-NATIONAL-MANIFEST-1.0.2"
"LB-LOC-62296","المنصوري","SRC-NATIONAL-VILLAGE-MANIFEST","62296","C:\APEX\UL2A_AR_FINALIZER_V1_0_0\APEX_WATANYBOT_UL2A_AR_NATIONAL_MANIFEST_FINALIZER_V1_0_0_PACKAGE\village_manifest.csv","a8c810368436869531bd825a16fb42b9c9680e415648decad6d53bfa012e9760","exact-adm3-pcode","accepted","UL2A-AR-NATIONAL-MANIFEST-1.0.2"
"LB-LOC-62297","مجدل زون","SRC-NATIONAL-VILLAGE-MANIFEST","62297","C:\APEX\UL2A_AR_FINALIZER_V1_0_0\APEX_WATANYBOT_UL2A_AR_NATIONAL_MANIFEST_FINALIZER_V1_0_0_PACKAGE\village_manifest.csv","a8c810368436869531bd825a16fb42b9c9680e415648decad6d53bfa012e9760","exact-adm3-pcode","accepted","UL2A-AR-NATIONAL-MANIFEST-1.0.2"
"LB-LOC-62298","شمع","SRC-NATIONAL-VILLAGE-MANIFEST","62298","C:\APEX\UL2A_AR_FINALIZER_V1_0_0\APEX_WATANYBOT_UL2A_AR_NATIONAL_MANIFEST_FINALIZER_V1_0_0_PACKAGE\village_manifest.csv","a8c810368436869531bd825a16fb42b9c9680e415648decad6d53bfa012e9760","exact-adm3-pcode","accepted","UL2A-AR-NATIONAL-MANIFEST-1.0.2"
"LB-LOC-62299","إسكندرونة","SRC-NATIONAL-VILLAGE-MANIFEST","62299","C:\APEX\UL2A_AR_FINALIZER_V1_0_0\APEX_WATANYBOT_UL2A_AR_NATIONAL_MANIFEST_FINALIZER_V1_0_0_PACKAGE\village_manifest.csv","a8c810368436869531bd825a16fb42b9c9680e415648decad6d53bfa012e9760","exact-adm3-pcode","accepted","UL2A-AR-NATIONAL-MANIFEST-1.0.2"
"LB-LOC-62308","يارين","SRC-NATIONAL-VILLAGE-MANIFEST","62308","C:\APEX\UL2A_AR_FINALIZER_V1_0_0\APEX_WATANYBOT_UL2A_AR_NATIONAL_MANIFEST_FINALIZER_V1_0_0_PACKAGE\village_manifest.csv","a8c810368436869531bd825a16fb42b9c9680e415648decad6d53bfa012e9760","exact-adm3-pcode","accepted","UL2A-AR-NATIONAL-MANIFEST-1.0.2"
"LB-LOC-62311","مروحين","SRC-NATIONAL-VILLAGE-MANIFEST","62311","C:\APEX\UL2A_AR_FINALIZER_V1_0_0\APEX_WATANYBOT_UL2A_AR_NATIONAL_MANIFEST_FINALIZER_V1_0_0_PACKAGE\village_manifest.csv","a8c810368436869531bd825a16fb42b9c9680e415648decad6d53bfa012e9760","exact-adm3-pcode","accepted","UL2A-AR-NATIONAL-MANIFEST-1.0.2"
"LB-LOC-62312","الناقورة","SRC-NATIONAL-VILLAGE-MANIFEST","62312","C:\APEX\UL2A_AR_FINALIZER_V1_0_0\APEX_WATANYBOT_UL2A_AR_NATIONAL_MANIFEST_FINALIZER_V1_0_0_PACKAGE\village_manifest.csv","a8c810368436869531bd825a16fb42b9c9680e415648decad6d53bfa012e9760","exact-adm3-pcode","accepted","UL2A-AR-NATIONAL-MANIFEST-1.0.2"
"LB-LOC-62314","حامول","SRC-NATIONAL-VILLAGE-MANIFEST","62314","C:\APEX\UL2A_AR_FINALIZER_V1_0_0\APEX_WATANYBOT_UL2A_AR_NATIONAL_MANIFEST_FINALIZER_V1_0_0_PACKAGE\village_manifest.csv","a8c810368436869531bd825a16fb42b9c9680e415648decad6d53bfa012e9760","exact-adm3-pcode","accepted","UL2A-AR-NATIONAL-MANIFEST-1.0.2"
"LB-LOC-62316","علما الشعب","SRC-NATIONAL-VILLAGE-MANIFEST","62316","C:\APEX\UL2A_AR_FINALIZER_V1_0_0\APEX_WATANYBOT_UL2A_AR_NATIONAL_MANIFEST_FINALIZER_V1_0_0_PACKAGE\village_manifest.csv","a8c810368436869531bd825a16fb42b9c9680e415648decad6d53bfa012e9760","exact-adm3-pcode","accepted","UL2A-AR-NATIONAL-MANIFEST-1.0.2"
"LB-LOC-62318","ججيم","SRC-NATIONAL-VILLAGE-MANIFEST","62318","C:\APEX\UL2A_AR_FINALIZER_V1_0_0\APEX_WATANYBOT_UL2A_AR_NATIONAL_MANIFEST_FINALIZER_V1_0_0_PACKAGE\village_manifest.csv","a8c810368436869531bd825a16fb42b9c9680e415648decad6d53bfa012e9760","exact-adm3-pcode","accepted","UL2A-AR-NATIONAL-MANIFEST-1.0.2"
"LB-LOC-62319","أبو شاش","SRC-NATIONAL-VILLAGE-MANIFEST","62319","C:\APEX\UL2A_AR_FINALIZER_V1_0_0\APEX_WATANYBOT_UL2A_AR_NATIONAL_MANIFEST_FINALIZER_V1_0_0_PACKAGE\village_manifest.csv","a8c810368436869531bd825a16fb42b9c9680e415648decad6d53bfa012e9760","exact-adm3-pcode","accepted","UL2A-AR-NATIONAL-MANIFEST-1.0.2"
"LB-LOC-62321","بستان صور","SRC-NATIONAL-VILLAGE-MANIFEST","62321","C:\APEX\UL2A_AR_FINALIZER_V1_0_0\APEX_WATANYBOT_UL2A_AR_NATIONAL_MANIFEST_FINALIZER_V1_0_0_PACKAGE\village_manifest.csv","a8c810368436869531bd825a16fb42b9c9680e415648decad6d53bfa012e9760","exact-adm3-pcode","accepted","UL2A-AR-NATIONAL-MANIFEST-1.0.2"
"LB-LOC-62331","بطيشية","SRC-NATIONAL-VILLAGE-MANIFEST","62331","C:\APEX\UL2A_AR_FINALIZER_V1_0_0\APEX_WATANYBOT_UL2A_AR_NATIONAL_MANIFEST_FINALIZER_V1_0_0_PACKAGE\village_manifest.csv","a8c810368436869531bd825a16fb42b9c9680e415648decad6d53bfa012e9760","exact-adm3-pcode","accepted","UL2A-AR-NATIONAL-MANIFEST-1.0.2"
"LB-LOC-62341","ظهيرة","SRC-NATIONAL-VILLAGE-MANIFEST","62341","C:\APEX\UL2A_AR_FINALIZER_V1_0_0\APEX_WATANYBOT_UL2A_AR_NATIONAL_MANIFEST_FINALIZER_V1_0_0_PACKAGE\village_manifest.csv","a8c810368436869531bd825a16fb42b9c9680e415648decad6d53bfa012e9760","exact-adm3-pcode","accepted","UL2A-AR-NATIONAL-MANIFEST-1.0.2"
"LB-LOC-62351","مزرعة الزلوطية","SRC-NATIONAL-VILLAGE-MANIFEST","62351","C:\APEX\UL2A_AR_FINALIZER_V1_0_0\APEX_WATANYBOT_UL2A_AR_NATIONAL_MANIFEST_FINALIZER_V1_0_0_PACKAGE\village_manifest.csv","a8c810368436869531bd825a16fb42b9c9680e415648decad6d53bfa012e9760","exact-adm3-pcode","accepted","UL2A-AR-NATIONAL-MANIFEST-1.0.2"
"LB-LOC-63111","جزين","SRC-NATIONAL-VILLAGE-MANIFEST","63111","C:\APEX\UL2A_AR_FINALIZER_V1_0_0\APEX_WATANYBOT_UL2A_AR_NATIONAL_MANIFEST_FINALIZER_V1_0_0_PACKAGE\village_manifest.csv","a8c810368436869531bd825a16fb42b9c9680e415648decad6d53bfa012e9760","exact-adm3-pcode","accepted","UL2A-AR-NATIONAL-MANIFEST-1.0.2"
"LB-LOC-63114","وادي جزين","SRC-NATIONAL-VILLAGE-MANIFEST","63114","C:\APEX\UL2A_AR_FINALIZER_V1_0_0\APEX_WATANYBOT_UL2A_AR_NATIONAL_MANIFEST_FINALIZER_V1_0_0_PACKAGE\village_manifest.csv","a8c810368436869531bd825a16fb42b9c9680e415648decad6d53bfa012e9760","exact-adm3-pcode","accepted","UL2A-AR-NATIONAL-MANIFEST-1.0.2"
"LB-LOC-63117","قبع","SRC-NATIONAL-VILLAGE-MANIFEST","63117","C:\APEX\UL2A_AR_FINALIZER_V1_0_0\APEX_WATANYBOT_UL2A_AR_NATIONAL_MANIFEST_FINALIZER_V1_0_0_PACKAGE\village_manifest.csv","a8c810368436869531bd825a16fb42b9c9680e415648decad6d53bfa012e9760","exact-adm3-pcode","accepted","UL2A-AR-NATIONAL-MANIFEST-1.0.2"
"LB-LOC-63121","قيتولي","SRC-NATIONAL-VILLAGE-MANIFEST","63121","C:\APEX\UL2A_AR_FINALIZER_V1_0_0\APEX_WATANYBOT_UL2A_AR_NATIONAL_MANIFEST_FINALIZER_V1_0_0_PACKAGE\village_manifest.csv","a8c810368436869531bd825a16fb42b9c9680e415648decad6d53bfa012e9760","exact-adm3-pcode","accepted","UL2A-AR-NATIONAL-MANIFEST-1.0.2"
"LB-LOC-63124","بكاسين","SRC-NATIONAL-VILLAGE-MANIFEST","63124","C:\APEX\UL2A_AR_FINALIZER_V1_0_0\APEX_WATANYBOT_UL2A_AR_NATIONAL_MANIFEST_FINALIZER_V1_0_0_PACKAGE\village_manifest.csv","a8c810368436869531bd825a16fb42b9c9680e415648decad6d53bfa012e9760","exact-adm3-pcode","accepted","UL2A-AR-NATIONAL-MANIFEST-1.0.2"
"LB-LOC-63127","حمصية","SRC-NATIONAL-VILLAGE-MANIFEST","63127","C:\APEX\UL2A_AR_FINALIZER_V1_0_0\APEX_WATANYBOT_UL2A_AR_NATIONAL_MANIFEST_FINALIZER_V1_0_0_PACKAGE\village_manifest.csv","a8c810368436869531bd825a16fb42b9c9680e415648decad6d53bfa012e9760","exact-adm3-pcode","accepted","UL2A-AR-NATIONAL-MANIFEST-1.0.2"
"LB-LOC-63131","عاريه","SRC-NATIONAL-VILLAGE-MANIFEST","63131","C:\APEX\UL2A_AR_FINALIZER_V1_0_0\APEX_WATANYBOT_UL2A_AR_NATIONAL_MANIFEST_FINALIZER_V1_0_0_PACKAGE\village_manifest.csv","a8c810368436869531bd825a16fb42b9c9680e415648decad6d53bfa012e9760","exact-adm3-pcode","accepted","UL2A-AR-NATIONAL-MANIFEST-1.0.2"
"LB-LOC-63134","صّباح","SRC-NATIONAL-VILLAGE-MANIFEST","63134","C:\APEX\UL2A_AR_FINALIZER_V1_0_0\APEX_WATANYBOT_UL2A_AR_NATIONAL_MANIFEST_FINALIZER_V1_0_0_PACKAGE\village_manifest.csv","a8c810368436869531bd825a16fb42b9c9680e415648decad6d53bfa012e9760","exact-adm3-pcode","accepted","UL2A-AR-NATIONAL-MANIFEST-1.0.2"
"LB-LOC-63137","حيطورة","SRC-NATIONAL-VILLAGE-MANIFEST","63137","C:\APEX\UL2A_AR_FINALIZER_V1_0_0\APEX_WATANYBOT_UL2A_AR_NATIONAL_MANIFEST_FINALIZER_V1_0_0_PACKAGE\village_manifest.csv","a8c810368436869531bd825a16fb42b9c9680e415648decad6d53bfa012e9760","exact-adm3-pcode","accepted","UL2A-AR-NATIONAL-MANIFEST-1.0.2"
"LB-LOC-63141","غبَاطية","SRC-NATIONAL-VILLAGE-MANIFEST","63141","C:\APEX\UL2A_AR_FINALIZER_V1_0_0\APEX_WATANYBOT_UL2A_AR_NATIONAL_MANIFEST_FINALIZER_V1_0_0_PACKAGE\village_manifest.csv","a8c810368436869531bd825a16fb42b9c9680e415648decad6d53bfa012e9760","exact-adm3-pcode","accepted","UL2A-AR-NATIONAL-MANIFEST-1.0.2"
"LB-LOC-63144","بنواتي جزين","SRC-NATIONAL-VILLAGE-MANIFEST","63144","C:\APEX\UL2A_AR_FINALIZER_V1_0_0\APEX_WATANYBOT_UL2A_AR_NATIONAL_MANIFEST_FINALIZER_V1_0_0_PACKAGE\village_manifest.csv","a8c810368436869531bd825a16fb42b9c9680e415648decad6d53bfa012e9760","exact-adm3-pcode","accepted","UL2A-AR-NATIONAL-MANIFEST-1.0.2"
"LB-LOC-63147","مكنونية","SRC-NATIONAL-VILLAGE-MANIFEST","63147","C:\APEX\UL2A_AR_FINALIZER_V1_0_0\APEX_WATANYBOT_UL2A_AR_NATIONAL_MANIFEST_FINALIZER_V1_0_0_PACKAGE\village_manifest.csv","a8c810368436869531bd825a16fb42b9c9680e415648decad6d53bfa012e9760","exact-adm3-pcode","accepted","UL2A-AR-NATIONAL-MANIFEST-1.0.2"
"LB-LOC-63151","بتدين اللقش","SRC-NATIONAL-VILLAGE-MANIFEST","63151","C:\APEX\UL2A_AR_FINALIZER_V1_0_0\APEX_WATANYBOT_UL2A_AR_NATIONAL_MANIFEST_FINALIZER_V1_0_0_PACKAGE\village_manifest.csv","a8c810368436869531bd825a16fb42b9c9680e415648decad6d53bfa012e9760","exact-adm3-pcode","accepted","UL2A-AR-NATIONAL-MANIFEST-1.0.2"
"LB-LOC-63154","رمانة","SRC-NATIONAL-VILLAGE-MANIFEST","63154","C:\APEX\UL2A_AR_FINALIZER_V1_0_0\APEX_WATANYBOT_UL2A_AR_NATIONAL_MANIFEST_FINALIZER_V1_0_0_PACKAGE\village_manifest.csv","a8c810368436869531bd825a16fb42b9c9680e415648decad6d53bfa012e9760","exact-adm3-pcode","accepted","UL2A-AR-NATIONAL-MANIFEST-1.0.2"
"LB-LOC-63157","مشموشة","SRC-NATIONAL-VILLAGE-MANIFEST","63157","C:\APEX\UL2A_AR_FINALIZER_V1_0_0\APEX_WATANYBOT_UL2A_AR_NATIONAL_MANIFEST_FINALIZER_V1_0_0_PACKAGE\village_manifest.csv","a8c810368436869531bd825a16fb42b9c9680e415648decad6d53bfa012e9760","exact-adm3-pcode","accepted","UL2A-AR-NATIONAL-MANIFEST-1.0.2"
"LB-LOC-63161","ميدان","SRC-NATIONAL-VILLAGE-MANIFEST","63161","C:\APEX\UL2A_AR_FINALIZER_V1_0_0\APEX_WATANYBOT_UL2A_AR_NATIONAL_MANIFEST_FINALIZER_V1_0_0_PACKAGE\village_manifest.csv","a8c810368436869531bd825a16fb42b9c9680e415648decad6d53bfa012e9760","exact-adm3-pcode","accepted","UL2A-AR-NATIONAL-MANIFEST-1.0.2"
"LB-LOC-63164","جبل طوره","SRC-NATIONAL-VILLAGE-MANIFEST","63164","C:\APEX\UL2A_AR_FINALIZER_V1_0_0\APEX_WATANYBOT_UL2A_AR_NATIONAL_MANIFEST_FINALIZER_V1_0_0_PACKAGE\village_manifest.csv","a8c810368436869531bd825a16fb42b9c9680e415648decad6d53bfa012e9760","exact-adm3-pcode","accepted","UL2A-AR-NATIONAL-MANIFEST-1.0.2"
"LB-LOC-63167","كفرحون","SRC-NATIONAL-VILLAGE-MANIFEST","63167","C:\APEX\UL2A_AR_FINALIZER_V1_0_0\APEX_WATANYBOT_UL2A_AR_NATIONAL_MANIFEST_FINALIZER_V1_0_0_PACKAGE\village_manifest.csv","a8c810368436869531bd825a16fb42b9c9680e415648decad6d53bfa012e9760","exact-adm3-pcode","accepted","UL2A-AR-NATIONAL-MANIFEST-1.0.2"
"LB-LOC-63171","الحرف","SRC-NATIONAL-VILLAGE-MANIFEST","63171","C:\APEX\UL2A_AR_FINALIZER_V1_0_0\APEX_WATANYBOT_UL2A_AR_NATIONAL_MANIFEST_FINALIZER_V1_0_0_PACKAGE\village_manifest.csv","a8c810368436869531bd825a16fb42b9c9680e415648decad6d53bfa012e9760","exact-adm3-pcode","accepted","UL2A-AR-NATIONAL-MANIFEST-1.0.2"
"LB-LOC-63174","بيبه","SRC-NATIONAL-VILLAGE-MANIFEST","63174","C:\APEX\UL2A_AR_FINALIZER_V1_0_0\APEX_WATANYBOT_UL2A_AR_NATIONAL_MANIFEST_FINALIZER_V1_0_0_PACKAGE\village_manifest.csv","a8c810368436869531bd825a16fb42b9c9680e415648decad6d53bfa012e9760","exact-adm3-pcode","accepted","UL2A-AR-NATIONAL-MANIFEST-1.0.2"
"LB-LOC-63177","زحلتا","SRC-NATIONAL-VILLAGE-MANIFEST","63177","C:\APEX\UL2A_AR_FINALIZER_V1_0_0\APEX_WATANYBOT_UL2A_AR_NATIONAL_MANIFEST_FINALIZER_V1_0_0_PACKAGE\village_manifest.csv","a8c810368436869531bd825a16fb42b9c9680e415648decad6d53bfa012e9760","exact-adm3-pcode","accepted","UL2A-AR-NATIONAL-MANIFEST-1.0.2"
"LB-LOC-63181","بحنين","SRC-NATIONAL-VILLAGE-MANIFEST","63181","C:\APEX\UL2A_AR_FINALIZER_V1_0_0\APEX_WATANYBOT_UL2A_AR_NATIONAL_MANIFEST_FINALIZER_V1_0_0_PACKAGE\village_manifest.csv","a8c810368436869531bd825a16fb42b9c9680e415648decad6d53bfa012e9760","exact-adm3-pcode","accepted","UL2A-AR-NATIONAL-MANIFEST-1.0.2"
"LB-LOC-63184","عازور","SRC-NATIONAL-VILLAGE-MANIFEST","63184","C:\APEX\UL2A_AR_FINALIZER_V1_0_0\APEX_WATANYBOT_UL2A_AR_NATIONAL_MANIFEST_FINALIZER_V1_0_0_PACKAGE\village_manifest.csv","a8c810368436869531bd825a16fb42b9c9680e415648decad6d53bfa012e9760","exact-adm3-pcode","accepted","UL2A-AR-NATIONAL-MANIFEST-1.0.2"
"LB-LOC-63187","تعيد","SRC-NATIONAL-VILLAGE-MANIFEST","63187","C:\APEX\UL2A_AR_FINALIZER_V1_0_0\APEX_WATANYBOT_UL2A_AR_NATIONAL_MANIFEST_FINALIZER_V1_0_0_PACKAGE\village_manifest.csv","a8c810368436869531bd825a16fb42b9c9680e415648decad6d53bfa012e9760","exact-adm3-pcode","accepted","UL2A-AR-NATIONAL-MANIFEST-1.0.2"
"LB-LOC-63191","بسري","SRC-NATIONAL-VILLAGE-MANIFEST","63191","C:\APEX\UL2A_AR_FINALIZER_V1_0_0\APEX_WATANYBOT_UL2A_AR_NATIONAL_MANIFEST_FINALIZER_V1_0_0_PACKAGE\village_manifest.csv","a8c810368436869531bd825a16fb42b9c9680e415648decad6d53bfa012e9760","exact-adm3-pcode","accepted","UL2A-AR-NATIONAL-MANIFEST-1.0.2"
"LB-LOC-63194","مزرعة الرهبان","SRC-NATIONAL-VILLAGE-MANIFEST","63194","C:\APEX\UL2A_AR_FINALIZER_V1_0_0\APEX_WATANYBOT_UL2A_AR_NATIONAL_MANIFEST_FINALIZER_V1_0_0_PACKAGE\village_manifest.csv","a8c810368436869531bd825a16fb42b9c9680e415648decad6d53bfa012e9760","exact-adm3-pcode","accepted","UL2A-AR-NATIONAL-MANIFEST-1.0.2"
"LB-LOC-63211","كفرفالوس","SRC-NATIONAL-VILLAGE-MANIFEST","63211","C:\APEX\UL2A_AR_FINALIZER_V1_0_0\APEX_WATANYBOT_UL2A_AR_NATIONAL_MANIFEST_FINALIZER_V1_0_0_PACKAGE\village_manifest.csv","a8c810368436869531bd825a16fb42b9c9680e415648decad6d53bfa012e9760","exact-adm3-pcode","accepted","UL2A-AR-NATIONAL-MANIFEST-1.0.2"
"LB-LOC-63214","عين المير إسطبل","SRC-NATIONAL-VILLAGE-MANIFEST","63214","C:\APEX\UL2A_AR_FINALIZER_V1_0_0\APEX_WATANYBOT_UL2A_AR_NATIONAL_MANIFEST_FINALIZER_V1_0_0_PACKAGE\village_manifest.csv","a8c810368436869531bd825a16fb42b9c9680e415648decad6d53bfa012e9760","exact-adm3-pcode","accepted","UL2A-AR-NATIONAL-MANIFEST-1.0.2"
"LB-LOC-63217","مراح الحباس","SRC-NATIONAL-VILLAGE-MANIFEST","63217","C:\APEX\UL2A_AR_FINALIZER_V1_0_0\APEX_WATANYBOT_UL2A_AR_NATIONAL_MANIFEST_FINALIZER_V1_0_0_PACKAGE\village_manifest.csv","a8c810368436869531bd825a16fb42b9c9680e415648decad6d53bfa012e9760","exact-adm3-pcode","accepted","UL2A-AR-NATIONAL-MANIFEST-1.0.2"
"LB-LOC-63221","بيصور جزين","SRC-NATIONAL-VILLAGE-MANIFEST","63221","C:\APEX\UL2A_AR_FINALIZER_V1_0_0\APEX_WATANYBOT_UL2A_AR_NATIONAL_MANIFEST_FINALIZER_V1_0_0_PACKAGE\village_manifest.csv","a8c810368436869531bd825a16fb42b9c9680e415648decad6d53bfa012e9760","exact-adm3-pcode","accepted","UL2A-AR-NATIONAL-MANIFEST-1.0.2"
"LB-LOC-63224","حيتوله","SRC-NATIONAL-VILLAGE-MANIFEST","63224","C:\APEX\UL2A_AR_FINALIZER_V1_0_0\APEX_WATANYBOT_UL2A_AR_NATIONAL_MANIFEST_FINALIZER_V1_0_0_PACKAGE\village_manifest.csv","a8c810368436869531bd825a16fb42b9c9680e415648decad6d53bfa012e9760","exact-adm3-pcode","accepted","UL2A-AR-NATIONAL-MANIFEST-1.0.2"
"LB-LOC-63227","لبعا","SRC-NATIONAL-VILLAGE-MANIFEST","63227","C:\APEX\UL2A_AR_FINALIZER_V1_0_0\APEX_WATANYBOT_UL2A_AR_NATIONAL_MANIFEST_FINALIZER_V1_0_0_PACKAGE\village_manifest.csv","a8c810368436869531bd825a16fb42b9c9680e415648decad6d53bfa012e9760","exact-adm3-pcode","accepted","UL2A-AR-NATIONAL-MANIFEST-1.0.2"
"LB-LOC-63231","محاربية","SRC-NATIONAL-VILLAGE-MANIFEST","63231","C:\APEX\UL2A_AR_FINALIZER_V1_0_0\APEX_WATANYBOT_UL2A_AR_NATIONAL_MANIFEST_FINALIZER_V1_0_0_PACKAGE\village_manifest.csv","a8c810368436869531bd825a16fb42b9c9680e415648decad6d53bfa012e9760","exact-adm3-pcode","accepted","UL2A-AR-NATIONAL-MANIFEST-1.0.2"
"LB-LOC-63234","وادي الليمون","SRC-NATIONAL-VILLAGE-MANIFEST","63234","C:\APEX\UL2A_AR_FINALIZER_V1_0_0\APEX_WATANYBOT_UL2A_AR_NATIONAL_MANIFEST_FINALIZER_V1_0_0_PACKAGE\village_manifest.csv","a8c810368436869531bd825a16fb42b9c9680e415648decad6d53bfa012e9760","exact-adm3-pcode","accepted","UL2A-AR-NATIONAL-MANIFEST-1.0.2"
"LB-LOC-63237","صفاريه","SRC-NATIONAL-VILLAGE-MANIFEST","63237","C:\APEX\UL2A_AR_FINALIZER_V1_0_0\APEX_WATANYBOT_UL2A_AR_NATIONAL_MANIFEST_FINALIZER_V1_0_0_PACKAGE\village_manifest.csv","a8c810368436869531bd825a16fb42b9c9680e415648decad6d53bfa012e9760","exact-adm3-pcode","accepted","UL2A-AR-NATIONAL-MANIFEST-1.0.2"
"LB-LOC-63241","حسانية","SRC-NATIONAL-VILLAGE-MANIFEST","63241","C:\APEX\UL2A_AR_FINALIZER_V1_0_0\APEX_WATANYBOT_UL2A_AR_NATIONAL_MANIFEST_FINALIZER_V1_0_0_PACKAGE\village_manifest.csv","a8c810368436869531bd825a16fb42b9c9680e415648decad6d53bfa012e9760","exact-adm3-pcode","accepted","UL2A-AR-NATIONAL-MANIFEST-1.0.2"
"LB-LOC-63244","كرخا","SRC-NATIONAL-VILLAGE-MANIFEST","63244","C:\APEX\UL2A_AR_FINALIZER_V1_0_0\APEX_WATANYBOT_UL2A_AR_NATIONAL_MANIFEST_FINALIZER_V1_0_0_PACKAGE\village_manifest.csv","a8c810368436869531bd825a16fb42b9c9680e415648decad6d53bfa012e9760","exact-adm3-pcode","accepted","UL2A-AR-NATIONAL-MANIFEST-1.0.2"
"LB-LOC-63247","شواليق جزين","SRC-NATIONAL-VILLAGE-MANIFEST","63247","C:\APEX\UL2A_AR_FINALIZER_V1_0_0\APEX_WATANYBOT_UL2A_AR_NATIONAL_MANIFEST_FINALIZER_V1_0_0_PACKAGE\village_manifest.csv","a8c810368436869531bd825a16fb42b9c9680e415648decad6d53bfa012e9760","exact-adm3-pcode","accepted","UL2A-AR-NATIONAL-MANIFEST-1.0.2"
"LB-LOC-63251","وادي بعنقودين","SRC-NATIONAL-VILLAGE-MANIFEST","63251","C:\APEX\UL2A_AR_FINALIZER_V1_0_0\APEX_WATANYBOT_UL2A_AR_NATIONAL_MANIFEST_FINALIZER_V1_0_0_PACKAGE\village_manifest.csv","a8c810368436869531bd825a16fb42b9c9680e415648decad6d53bfa012e9760","exact-adm3-pcode","accepted","UL2A-AR-NATIONAL-MANIFEST-1.0.2"
"LB-LOC-63254","مجيدل","SRC-NATIONAL-VILLAGE-MANIFEST","63254","C:\APEX\UL2A_AR_FINALIZER_V1_0_0\APEX_WATANYBOT_UL2A_AR_NATIONAL_MANIFEST_FINALIZER_V1_0_0_PACKAGE\village_manifest.csv","a8c810368436869531bd825a16fb42b9c9680e415648decad6d53bfa012e9760","exact-adm3-pcode","accepted","UL2A-AR-NATIONAL-MANIFEST-1.0.2"
"LB-LOC-63257","ضهر الدير","SRC-NATIONAL-VILLAGE-MANIFEST","63257","C:\APEX\UL2A_AR_FINALIZER_V1_0_0\APEX_WATANYBOT_UL2A_AR_NATIONAL_MANIFEST_FINALIZER_V1_0_0_PACKAGE\village_manifest.csv","a8c810368436869531bd825a16fb42b9c9680e415648decad6d53bfa012e9760","exact-adm3-pcode","accepted","UL2A-AR-NATIONAL-MANIFEST-1.0.2"
"LB-LOC-63261","جنسنايا","SRC-NATIONAL-VILLAGE-MANIFEST","63261","C:\APEX\UL2A_AR_FINALIZER_V1_0_0\APEX_WATANYBOT_UL2A_AR_NATIONAL_MANIFEST_FINALIZER_V1_0_0_PACKAGE\village_manifest.csv","a8c810368436869531bd825a16fb42b9c9680e415648decad6d53bfa012e9760","exact-adm3-pcode","accepted","UL2A-AR-NATIONAL-MANIFEST-1.0.2"
"LB-LOC-63264","ريمات","SRC-NATIONAL-VILLAGE-MANIFEST","63264","C:\APEX\UL2A_AR_FINALIZER_V1_0_0\APEX_WATANYBOT_UL2A_AR_NATIONAL_MANIFEST_FINALIZER_V1_0_0_PACKAGE\village_manifest.csv","a8c810368436869531bd825a16fb42b9c9680e415648decad6d53bfa012e9760","exact-adm3-pcode","accepted","UL2A-AR-NATIONAL-MANIFEST-1.0.2"
"LB-LOC-63267","كفرجرا","SRC-NATIONAL-VILLAGE-MANIFEST","63267","C:\APEX\UL2A_AR_FINALIZER_V1_0_0\APEX_WATANYBOT_UL2A_AR_NATIONAL_MANIFEST_FINALIZER_V1_0_0_PACKAGE\village_manifest.csv","a8c810368436869531bd825a16fb42b9c9680e415648decad6d53bfa012e9760","exact-adm3-pcode","accepted","UL2A-AR-NATIONAL-MANIFEST-1.0.2"
"LB-LOC-63271","صيدون","SRC-NATIONAL-VILLAGE-MANIFEST","63271","C:\APEX\UL2A_AR_FINALIZER_V1_0_0\APEX_WATANYBOT_UL2A_AR_NATIONAL_MANIFEST_FINALIZER_V1_0_0_PACKAGE\village_manifest.csv","a8c810368436869531bd825a16fb42b9c9680e415648decad6d53bfa012e9760","exact-adm3-pcode","accepted","UL2A-AR-NATIONAL-MANIFEST-1.0.2"
"LB-LOC-63274","أنان","SRC-NATIONAL-VILLAGE-MANIFEST","63274","C:\APEX\UL2A_AR_FINALIZER_V1_0_0\APEX_WATANYBOT_UL2A_AR_NATIONAL_MANIFEST_FINALIZER_V1_0_0_PACKAGE\village_manifest.csv","a8c810368436869531bd825a16fb42b9c9680e415648decad6d53bfa012e9760","exact-adm3-pcode","accepted","UL2A-AR-NATIONAL-MANIFEST-1.0.2"
"LB-LOC-63277","روم","SRC-NATIONAL-VILLAGE-MANIFEST","63277","C:\APEX\UL2A_AR_FINALIZER_V1_0_0\APEX_WATANYBOT_UL2A_AR_NATIONAL_MANIFEST_FINALIZER_V1_0_0_PACKAGE\village_manifest.csv","a8c810368436869531bd825a16fb42b9c9680e415648decad6d53bfa012e9760","exact-adm3-pcode","accepted","UL2A-AR-NATIONAL-MANIFEST-1.0.2"
"LB-LOC-63281","حيداب","SRC-NATIONAL-VILLAGE-MANIFEST","63281","C:\APEX\UL2A_AR_FINALIZER_V1_0_0\APEX_WATANYBOT_UL2A_AR_NATIONAL_MANIFEST_FINALIZER_V1_0_0_PACKAGE\village_manifest.csv","a8c810368436869531bd825a16fb42b9c9680e415648decad6d53bfa012e9760","exact-adm3-pcode","accepted","UL2A-AR-NATIONAL-MANIFEST-1.0.2"
"LB-LOC-63284","دير قطِين","SRC-NATIONAL-VILLAGE-MANIFEST","63284","C:\APEX\UL2A_AR_FINALIZER_V1_0_0\APEX_WATANYBOT_UL2A_AR_NATIONAL_MANIFEST_FINALIZER_V1_0_0_PACKAGE\village_manifest.csv","a8c810368436869531bd825a16fb42b9c9680e415648decad6d53bfa012e9760","exact-adm3-pcode","accepted","UL2A-AR-NATIONAL-MANIFEST-1.0.2"
"LB-LOC-63287","سنيَا","SRC-NATIONAL-VILLAGE-MANIFEST","63287","C:\APEX\UL2A_AR_FINALIZER_V1_0_0\APEX_WATANYBOT_UL2A_AR_NATIONAL_MANIFEST_FINALIZER_V1_0_0_PACKAGE\village_manifest.csv","a8c810368436869531bd825a16fb42b9c9680e415648decad6d53bfa012e9760","exact-adm3-pcode","accepted","UL2A-AR-NATIONAL-MANIFEST-1.0.2"
"LB-LOC-63291","قتالة جزين","SRC-NATIONAL-VILLAGE-MANIFEST","63291","C:\APEX\UL2A_AR_FINALIZER_V1_0_0\APEX_WATANYBOT_UL2A_AR_NATIONAL_MANIFEST_FINALIZER_V1_0_0_PACKAGE\village_manifest.csv","a8c810368436869531bd825a16fb42b9c9680e415648decad6d53bfa012e9760","exact-adm3-pcode","accepted","UL2A-AR-NATIONAL-MANIFEST-1.0.2"
"LB-LOC-63294","جرنايا","SRC-NATIONAL-VILLAGE-MANIFEST","63294","C:\APEX\UL2A_AR_FINALIZER_V1_0_0\APEX_WATANYBOT_UL2A_AR_NATIONAL_MANIFEST_FINALIZER_V1_0_0_PACKAGE\village_manifest.csv","a8c810368436869531bd825a16fb42b9c9680e415648decad6d53bfa012e9760","exact-adm3-pcode","accepted","UL2A-AR-NATIONAL-MANIFEST-1.0.2"
"LB-LOC-63297","مزرعة المطحنة","SRC-NATIONAL-VILLAGE-MANIFEST","63297","C:\APEX\UL2A_AR_FINALIZER_V1_0_0\APEX_WATANYBOT_UL2A_AR_NATIONAL_MANIFEST_FINALIZER_V1_0_0_PACKAGE\village_manifest.csv","a8c810368436869531bd825a16fb42b9c9680e415648decad6d53bfa012e9760","exact-adm3-pcode","accepted","UL2A-AR-NATIONAL-MANIFEST-1.0.2"
"LB-LOC-63298","سريرة","SRC-NATIONAL-VILLAGE-MANIFEST","63298","C:\APEX\UL2A_AR_FINALIZER_V1_0_0\APEX_WATANYBOT_UL2A_AR_NATIONAL_MANIFEST_FINALIZER_V1_0_0_PACKAGE\village_manifest.csv","a8c810368436869531bd825a16fb42b9c9680e415648decad6d53bfa012e9760","exact-adm3-pcode","accepted","UL2A-AR-NATIONAL-MANIFEST-1.0.2"
"LB-LOC-63311","عرمتى","SRC-NATIONAL-VILLAGE-MANIFEST","63311","C:\APEX\UL2A_AR_FINALIZER_V1_0_0\APEX_WATANYBOT_UL2A_AR_NATIONAL_MANIFEST_FINALIZER_V1_0_0_PACKAGE\village_manifest.csv","a8c810368436869531bd825a16fb42b9c9680e415648decad6d53bfa012e9760","exact-adm3-pcode","accepted","UL2A-AR-NATIONAL-MANIFEST-1.0.2"
"LB-LOC-63315","مليخ","SRC-NATIONAL-VILLAGE-MANIFEST","63315","C:\APEX\UL2A_AR_FINALIZER_V1_0_0\APEX_WATANYBOT_UL2A_AR_NATIONAL_MANIFEST_FINALIZER_V1_0_0_PACKAGE\village_manifest.csv","a8c810368436869531bd825a16fb42b9c9680e415648decad6d53bfa012e9760","exact-adm3-pcode","accepted","UL2A-AR-NATIONAL-MANIFEST-1.0.2"
"LB-LOC-63319","ريحانة جزين","SRC-NATIONAL-VILLAGE-MANIFEST","63319","C:\APEX\UL2A_AR_FINALIZER_V1_0_0\APEX_WATANYBOT_UL2A_AR_NATIONAL_MANIFEST_FINALIZER_V1_0_0_PACKAGE\village_manifest.csv","a8c810368436869531bd825a16fb42b9c9680e415648decad6d53bfa012e9760","exact-adm3-pcode","accepted","UL2A-AR-NATIONAL-MANIFEST-1.0.2"
"LB-LOC-63323","مزرعة عقماتا","SRC-NATIONAL-VILLAGE-MANIFEST","63323","C:\APEX\UL2A_AR_FINALIZER_V1_0_0\APEX_WATANYBOT_UL2A_AR_NATIONAL_MANIFEST_FINALIZER_V1_0_0_PACKAGE\village_manifest.csv","a8c810368436869531bd825a16fb42b9c9680e415648decad6d53bfa012e9760","exact-adm3-pcode","accepted","UL2A-AR-NATIONAL-MANIFEST-1.0.2"
"LB-LOC-63327","قطراني","SRC-NATIONAL-VILLAGE-MANIFEST","63327","C:\APEX\UL2A_AR_FINALIZER_V1_0_0\APEX_WATANYBOT_UL2A_AR_NATIONAL_MANIFEST_FINALIZER_V1_0_0_PACKAGE\village_manifest.csv","a8c810368436869531bd825a16fb42b9c9680e415648decad6d53bfa012e9760","exact-adm3-pcode","accepted","UL2A-AR-NATIONAL-MANIFEST-1.0.2"
"LB-LOC-63331","لويزة جزين","SRC-NATIONAL-VILLAGE-MANIFEST","63331","C:\APEX\UL2A_AR_FINALIZER_V1_0_0\APEX_WATANYBOT_UL2A_AR_NATIONAL_MANIFEST_FINALIZER_V1_0_0_PACKAGE\village_manifest.csv","a8c810368436869531bd825a16fb42b9c9680e415648decad6d53bfa012e9760","exact-adm3-pcode","accepted","UL2A-AR-NATIONAL-MANIFEST-1.0.2"
"LB-LOC-63335","خلة خازن","SRC-NATIONAL-VILLAGE-MANIFEST","63335","C:\APEX\UL2A_AR_FINALIZER_V1_0_0\APEX_WATANYBOT_UL2A_AR_NATIONAL_MANIFEST_FINALIZER_V1_0_0_PACKAGE\village_manifest.csv","a8c810368436869531bd825a16fb42b9c9680e415648decad6d53bfa012e9760","exact-adm3-pcode","accepted","UL2A-AR-NATIONAL-MANIFEST-1.0.2"
"LB-LOC-63339","قروح","SRC-NATIONAL-VILLAGE-MANIFEST","63339","C:\APEX\UL2A_AR_FINALIZER_V1_0_0\APEX_WATANYBOT_UL2A_AR_NATIONAL_MANIFEST_FINALIZER_V1_0_0_PACKAGE\village_manifest.csv","a8c810368436869531bd825a16fb42b9c9680e415648decad6d53bfa012e9760","exact-adm3-pcode","accepted","UL2A-AR-NATIONAL-MANIFEST-1.0.2"
"LB-LOC-63343","زغرين جزين","SRC-NATIONAL-VILLAGE-MANIFEST","63343","C:\APEX\UL2A_AR_FINALIZER_V1_0_0\APEX_WATANYBOT_UL2A_AR_NATIONAL_MANIFEST_FINALIZER_V1_0_0_PACKAGE\village_manifest.csv","a8c810368436869531bd825a16fb42b9c9680e415648decad6d53bfa012e9760","exact-adm3-pcode","accepted","UL2A-AR-NATIONAL-MANIFEST-1.0.2"
"LB-LOC-63347","شبيل","SRC-NATIONAL-VILLAGE-MANIFEST","63347","C:\APEX\UL2A_AR_FINALIZER_V1_0_0\APEX_WATANYBOT_UL2A_AR_NATIONAL_MANIFEST_FINALIZER_V1_0_0_PACKAGE\village_manifest.csv","a8c810368436869531bd825a16fb42b9c9680e415648decad6d53bfa012e9760","exact-adm3-pcode","accepted","UL2A-AR-NATIONAL-MANIFEST-1.0.2"
"LB-LOC-63348","مزرعة لوزيد","SRC-NATIONAL-VILLAGE-MANIFEST","63348","C:\APEX\UL2A_AR_FINALIZER_V1_0_0\APEX_WATANYBOT_UL2A_AR_NATIONAL_MANIFEST_FINALIZER_V1_0_0_PACKAGE\village_manifest.csv","a8c810368436869531bd825a16fb42b9c9680e415648decad6d53bfa012e9760","exact-adm3-pcode","accepted","UL2A-AR-NATIONAL-MANIFEST-1.0.2"
"LB-LOC-63351","سجد","SRC-NATIONAL-VILLAGE-MANIFEST","63351","C:\APEX\UL2A_AR_FINALIZER_V1_0_0\APEX_WATANYBOT_UL2A_AR_NATIONAL_MANIFEST_FINALIZER_V1_0_0_PACKAGE\village_manifest.csv","a8c810368436869531bd825a16fb42b9c9680e415648decad6d53bfa012e9760","exact-adm3-pcode","accepted","UL2A-AR-NATIONAL-MANIFEST-1.0.2"
"LB-LOC-63355","عيشية","SRC-NATIONAL-VILLAGE-MANIFEST","63355","C:\APEX\UL2A_AR_FINALIZER_V1_0_0\APEX_WATANYBOT_UL2A_AR_NATIONAL_MANIFEST_FINALIZER_V1_0_0_PACKAGE\village_manifest.csv","a8c810368436869531bd825a16fb42b9c9680e415648decad6d53bfa012e9760","exact-adm3-pcode","accepted","UL2A-AR-NATIONAL-MANIFEST-1.0.2"
"LB-LOC-63359","اوزاعية","SRC-NATIONAL-VILLAGE-MANIFEST","63359","C:\APEX\UL2A_AR_FINALIZER_V1_0_0\APEX_WATANYBOT_UL2A_AR_NATIONAL_MANIFEST_FINALIZER_V1_0_0_PACKAGE\village_manifest.csv","a8c810368436869531bd825a16fb42b9c9680e415648decad6d53bfa012e9760","exact-adm3-pcode","accepted","UL2A-AR-NATIONAL-MANIFEST-1.0.2"
"LB-LOC-63363","وردية","SRC-NATIONAL-VILLAGE-MANIFEST","63363","C:\APEX\UL2A_AR_FINALIZER_V1_0_0\APEX_WATANYBOT_UL2A_AR_NATIONAL_MANIFEST_FINALIZER_V1_0_0_PACKAGE\village_manifest.csv","a8c810368436869531bd825a16fb42b9c9680e415648decad6d53bfa012e9760","exact-adm3-pcode","accepted","UL2A-AR-NATIONAL-MANIFEST-1.0.2"
"LB-LOC-63367","مزرعة العرقوب","SRC-NATIONAL-VILLAGE-MANIFEST","63367","C:\APEX\UL2A_AR_FINALIZER_V1_0_0\APEX_WATANYBOT_UL2A_AR_NATIONAL_MANIFEST_FINALIZER_V1_0_0_PACKAGE\village_manifest.csv","a8c810368436869531bd825a16fb42b9c9680e415648decad6d53bfa012e9760","exact-adm3-pcode","accepted","UL2A-AR-NATIONAL-MANIFEST-1.0.2"
"LB-LOC-63371","محمودية جزين","SRC-NATIONAL-VILLAGE-MANIFEST","63371","C:\APEX\UL2A_AR_FINALIZER_V1_0_0\APEX_WATANYBOT_UL2A_AR_NATIONAL_MANIFEST_FINALIZER_V1_0_0_PACKAGE\village_manifest.csv","a8c810368436869531bd825a16fb42b9c9680e415648decad6d53bfa012e9760","exact-adm3-pcode","accepted","UL2A-AR-NATIONAL-MANIFEST-1.0.2"
"LB-LOC-63375","الجرمق","SRC-NATIONAL-VILLAGE-MANIFEST","63375","C:\APEX\UL2A_AR_FINALIZER_V1_0_0\APEX_WATANYBOT_UL2A_AR_NATIONAL_MANIFEST_FINALIZER_V1_0_0_PACKAGE\village_manifest.csv","a8c810368436869531bd825a16fb42b9c9680e415648decad6d53bfa012e9760","exact-adm3-pcode","accepted","UL2A-AR-NATIONAL-MANIFEST-1.0.2"
"LB-LOC-63378","داريا جزين","SRC-NATIONAL-VILLAGE-MANIFEST","63378","C:\APEX\UL2A_AR_FINALIZER_V1_0_0\APEX_WATANYBOT_UL2A_AR_NATIONAL_MANIFEST_FINALIZER_V1_0_0_PACKAGE\village_manifest.csv","a8c810368436869531bd825a16fb42b9c9680e415648decad6d53bfa012e9760","exact-adm3-pcode","accepted","UL2A-AR-NATIONAL-MANIFEST-1.0.2"
"LB-LOC-63379","دمشقية","SRC-NATIONAL-VILLAGE-MANIFEST","63379","C:\APEX\UL2A_AR_FINALIZER_V1_0_0\APEX_WATANYBOT_UL2A_AR_NATIONAL_MANIFEST_FINALIZER_V1_0_0_PACKAGE\village_manifest.csv","a8c810368436869531bd825a16fb42b9c9680e415648decad6d53bfa012e9760","exact-adm3-pcode","accepted","UL2A-AR-NATIONAL-MANIFEST-1.0.2"
"LB-LOC-63383","مزرعة طمره","SRC-NATIONAL-VILLAGE-MANIFEST","63383","C:\APEX\UL2A_AR_FINALIZER_V1_0_0\APEX_WATANYBOT_UL2A_AR_NATIONAL_MANIFEST_FINALIZER_V1_0_0_PACKAGE\village_manifest.csv","a8c810368436869531bd825a16fb42b9c9680e415648decad6d53bfa012e9760","exact-adm3-pcode","accepted","UL2A-AR-NATIONAL-MANIFEST-1.0.2"
"LB-LOC-63385","بوصلايا","SRC-NATIONAL-VILLAGE-MANIFEST","63385","C:\APEX\UL2A_AR_FINALIZER_V1_0_0\APEX_WATANYBOT_UL2A_AR_NATIONAL_MANIFEST_FINALIZER_V1_0_0_PACKAGE\village_manifest.csv","a8c810368436869531bd825a16fb42b9c9680e415648decad6d53bfa012e9760","exact-adm3-pcode","accepted","UL2A-AR-NATIONAL-MANIFEST-1.0.2"
"LB-LOC-71111","نبطية التحتا","SRC-NATIONAL-VILLAGE-MANIFEST","71111","C:\APEX\UL2A_AR_FINALIZER_V1_0_0\APEX_WATANYBOT_UL2A_AR_NATIONAL_MANIFEST_FINALIZER_V1_0_0_PACKAGE\village_manifest.csv","a8c810368436869531bd825a16fb42b9c9680e415648decad6d53bfa012e9760","exact-adm3-pcode","accepted","UL2A-AR-NATIONAL-MANIFEST-1.0.2"
"LB-LOC-71113","نبطية الفوقا","SRC-NATIONAL-VILLAGE-MANIFEST","71113","C:\APEX\UL2A_AR_FINALIZER_V1_0_0\APEX_WATANYBOT_UL2A_AR_NATIONAL_MANIFEST_FINALIZER_V1_0_0_PACKAGE\village_manifest.csv","a8c810368436869531bd825a16fb42b9c9680e415648decad6d53bfa012e9760","exact-adm3-pcode","accepted","UL2A-AR-NATIONAL-MANIFEST-1.0.2"
"LB-LOC-71115","علي الطاهر","SRC-NATIONAL-VILLAGE-MANIFEST","71115","C:\APEX\UL2A_AR_FINALIZER_V1_0_0\APEX_WATANYBOT_UL2A_AR_NATIONAL_MANIFEST_FINALIZER_V1_0_0_PACKAGE\village_manifest.csv","a8c810368436869531bd825a16fb42b9c9680e415648decad6d53bfa012e9760","exact-adm3-pcode","accepted","UL2A-AR-NATIONAL-MANIFEST-1.0.2"
"LB-LOC-71117","مزرعة كفر جوز","SRC-NATIONAL-VILLAGE-MANIFEST","71117","C:\APEX\UL2A_AR_FINALIZER_V1_0_0\APEX_WATANYBOT_UL2A_AR_NATIONAL_MANIFEST_FINALIZER_V1_0_0_PACKAGE\village_manifest.csv","a8c810368436869531bd825a16fb42b9c9680e415648decad6d53bfa012e9760","exact-adm3-pcode","accepted","UL2A-AR-NATIONAL-MANIFEST-1.0.2"
"LB-LOC-71122","زبدين النبطية","SRC-NATIONAL-VILLAGE-MANIFEST","71122","C:\APEX\UL2A_AR_FINALIZER_V1_0_0\APEX_WATANYBOT_UL2A_AR_NATIONAL_MANIFEST_FINALIZER_V1_0_0_PACKAGE\village_manifest.csv","a8c810368436869531bd825a16fb42b9c9680e415648decad6d53bfa012e9760","exact-adm3-pcode","accepted","UL2A-AR-NATIONAL-MANIFEST-1.0.2"
"LB-LOC-71133","كفر رمان","SRC-NATIONAL-VILLAGE-MANIFEST","71133","C:\APEX\UL2A_AR_FINALIZER_V1_0_0\APEX_WATANYBOT_UL2A_AR_NATIONAL_MANIFEST_FINALIZER_V1_0_0_PACKAGE\village_manifest.csv","a8c810368436869531bd825a16fb42b9c9680e415648decad6d53bfa012e9760","exact-adm3-pcode","accepted","UL2A-AR-NATIONAL-MANIFEST-1.0.2"
"LB-LOC-71144","شوكين","SRC-NATIONAL-VILLAGE-MANIFEST","71144","C:\APEX\UL2A_AR_FINALIZER_V1_0_0\APEX_WATANYBOT_UL2A_AR_NATIONAL_MANIFEST_FINALIZER_V1_0_0_PACKAGE\village_manifest.csv","a8c810368436869531bd825a16fb42b9c9680e415648decad6d53bfa012e9760","exact-adm3-pcode","accepted","UL2A-AR-NATIONAL-MANIFEST-1.0.2"
"LB-LOC-71155","حبوش","SRC-NATIONAL-VILLAGE-MANIFEST","71155","C:\APEX\UL2A_AR_FINALIZER_V1_0_0\APEX_WATANYBOT_UL2A_AR_NATIONAL_MANIFEST_FINALIZER_V1_0_0_PACKAGE\village_manifest.csv","a8c810368436869531bd825a16fb42b9c9680e415648decad6d53bfa012e9760","exact-adm3-pcode","accepted","UL2A-AR-NATIONAL-MANIFEST-1.0.2"
"LB-LOC-71166","كفر تبنيت","SRC-NATIONAL-VILLAGE-MANIFEST","71166","C:\APEX\UL2A_AR_FINALIZER_V1_0_0\APEX_WATANYBOT_UL2A_AR_NATIONAL_MANIFEST_FINALIZER_V1_0_0_PACKAGE\village_manifest.csv","a8c810368436869531bd825a16fb42b9c9680e415648decad6d53bfa012e9760","exact-adm3-pcode","accepted","UL2A-AR-NATIONAL-MANIFEST-1.0.2"
"LB-LOC-71177","الكفور النبطية","SRC-NATIONAL-VILLAGE-MANIFEST","71177","C:\APEX\UL2A_AR_FINALIZER_V1_0_0\APEX_WATANYBOT_UL2A_AR_NATIONAL_MANIFEST_FINALIZER_V1_0_0_PACKAGE\village_manifest.csv","a8c810368436869531bd825a16fb42b9c9680e415648decad6d53bfa012e9760","exact-adm3-pcode","accepted","UL2A-AR-NATIONAL-MANIFEST-1.0.2"
"LB-LOC-71211","جباع النبطية","SRC-NATIONAL-VILLAGE-MANIFEST","71211","C:\APEX\UL2A_AR_FINALIZER_V1_0_0\APEX_WATANYBOT_UL2A_AR_NATIONAL_MANIFEST_FINALIZER_V1_0_0_PACKAGE\village_manifest.csv","a8c810368436869531bd825a16fb42b9c9680e415648decad6d53bfa012e9760","exact-adm3-pcode","accepted","UL2A-AR-NATIONAL-MANIFEST-1.0.2"
"LB-LOC-71216","مزرعة عين بوسوار","SRC-NATIONAL-VILLAGE-MANIFEST","71216","C:\APEX\UL2A_AR_FINALIZER_V1_0_0\APEX_WATANYBOT_UL2A_AR_NATIONAL_MANIFEST_FINALIZER_V1_0_0_PACKAGE\village_manifest.csv","a8c810368436869531bd825a16fb42b9c9680e415648decad6d53bfa012e9760","exact-adm3-pcode","accepted","UL2A-AR-NATIONAL-MANIFEST-1.0.2"
"LB-LOC-71221","كفرفيلا","SRC-NATIONAL-VILLAGE-MANIFEST","71221","C:\APEX\UL2A_AR_FINALIZER_V1_0_0\APEX_WATANYBOT_UL2A_AR_NATIONAL_MANIFEST_FINALIZER_V1_0_0_PACKAGE\village_manifest.csv","a8c810368436869531bd825a16fb42b9c9680e415648decad6d53bfa012e9760","exact-adm3-pcode","accepted","UL2A-AR-NATIONAL-MANIFEST-1.0.2"
"LB-LOC-71226","عين قانا","SRC-NATIONAL-VILLAGE-MANIFEST","71226","C:\APEX\UL2A_AR_FINALIZER_V1_0_0\APEX_WATANYBOT_UL2A_AR_NATIONAL_MANIFEST_FINALIZER_V1_0_0_PACKAGE\village_manifest.csv","a8c810368436869531bd825a16fb42b9c9680e415648decad6d53bfa012e9760","exact-adm3-pcode","accepted","UL2A-AR-NATIONAL-MANIFEST-1.0.2"
"LB-LOC-71231","جرجوع","SRC-NATIONAL-VILLAGE-MANIFEST","71231","C:\APEX\UL2A_AR_FINALIZER_V1_0_0\APEX_WATANYBOT_UL2A_AR_NATIONAL_MANIFEST_FINALIZER_V1_0_0_PACKAGE\village_manifest.csv","a8c810368436869531bd825a16fb42b9c9680e415648decad6d53bfa012e9760","exact-adm3-pcode","accepted","UL2A-AR-NATIONAL-MANIFEST-1.0.2"
"LB-LOC-71236","صربا النبطية","SRC-NATIONAL-VILLAGE-MANIFEST","71236","C:\APEX\UL2A_AR_FINALIZER_V1_0_0\APEX_WATANYBOT_UL2A_AR_NATIONAL_MANIFEST_FINALIZER_V1_0_0_PACKAGE\village_manifest.csv","a8c810368436869531bd825a16fb42b9c9680e415648decad6d53bfa012e9760","exact-adm3-pcode","accepted","UL2A-AR-NATIONAL-MANIFEST-1.0.2"
"LB-LOC-71241","مزرعة الخريبة","SRC-NATIONAL-VILLAGE-MANIFEST","71241","C:\APEX\UL2A_AR_FINALIZER_V1_0_0\APEX_WATANYBOT_UL2A_AR_NATIONAL_MANIFEST_FINALIZER_V1_0_0_PACKAGE\village_manifest.csv","a8c810368436869531bd825a16fb42b9c9680e415648decad6d53bfa012e9760","exact-adm3-pcode","accepted","UL2A-AR-NATIONAL-MANIFEST-1.0.2"
"LB-LOC-71246","حومين الفوقا","SRC-NATIONAL-VILLAGE-MANIFEST","71246","C:\APEX\UL2A_AR_FINALIZER_V1_0_0\APEX_WATANYBOT_UL2A_AR_NATIONAL_MANIFEST_FINALIZER_V1_0_0_PACKAGE\village_manifest.csv","a8c810368436869531bd825a16fb42b9c9680e415648decad6d53bfa012e9760","exact-adm3-pcode","accepted","UL2A-AR-NATIONAL-MANIFEST-1.0.2"
"LB-LOC-71251","حميلة","SRC-NATIONAL-VILLAGE-MANIFEST","71251","C:\APEX\UL2A_AR_FINALIZER_V1_0_0\APEX_WATANYBOT_UL2A_AR_NATIONAL_MANIFEST_FINALIZER_V1_0_0_PACKAGE\village_manifest.csv","a8c810368436869531bd825a16fb42b9c9680e415648decad6d53bfa012e9760","exact-adm3-pcode","accepted","UL2A-AR-NATIONAL-MANIFEST-1.0.2"
"LB-LOC-71256","عرب صاليم","SRC-NATIONAL-VILLAGE-MANIFEST","71256","C:\APEX\UL2A_AR_FINALIZER_V1_0_0\APEX_WATANYBOT_UL2A_AR_NATIONAL_MANIFEST_FINALIZER_V1_0_0_PACKAGE\village_manifest.csv","a8c810368436869531bd825a16fb42b9c9680e415648decad6d53bfa012e9760","exact-adm3-pcode","accepted","UL2A-AR-NATIONAL-MANIFEST-1.0.2"
"LB-LOC-71261","رومين","SRC-NATIONAL-VILLAGE-MANIFEST","71261","C:\APEX\UL2A_AR_FINALIZER_V1_0_0\APEX_WATANYBOT_UL2A_AR_NATIONAL_MANIFEST_FINALIZER_V1_0_0_PACKAGE\village_manifest.csv","a8c810368436869531bd825a16fb42b9c9680e415648decad6d53bfa012e9760","exact-adm3-pcode","accepted","UL2A-AR-NATIONAL-MANIFEST-1.0.2"
"LB-LOC-71266","حومين التحتا","SRC-NATIONAL-VILLAGE-MANIFEST","71266","C:\APEX\UL2A_AR_FINALIZER_V1_0_0\APEX_WATANYBOT_UL2A_AR_NATIONAL_MANIFEST_FINALIZER_V1_0_0_PACKAGE\village_manifest.csv","a8c810368436869531bd825a16fb42b9c9680e415648decad6d53bfa012e9760","exact-adm3-pcode","accepted","UL2A-AR-NATIONAL-MANIFEST-1.0.2"
"LB-LOC-71271","عزه","SRC-NATIONAL-VILLAGE-MANIFEST","71271","C:\APEX\UL2A_AR_FINALIZER_V1_0_0\APEX_WATANYBOT_UL2A_AR_NATIONAL_MANIFEST_FINALIZER_V1_0_0_PACKAGE\village_manifest.csv","a8c810368436869531bd825a16fb42b9c9680e415648decad6d53bfa012e9760","exact-adm3-pcode","accepted","UL2A-AR-NATIONAL-MANIFEST-1.0.2"
"LB-LOC-71276","كفروة أو بفروة","SRC-NATIONAL-VILLAGE-MANIFEST","71276","C:\APEX\UL2A_AR_FINALIZER_V1_0_0\APEX_WATANYBOT_UL2A_AR_NATIONAL_MANIFEST_FINALIZER_V1_0_0_PACKAGE\village_manifest.csv","a8c810368436869531bd825a16fb42b9c9680e415648decad6d53bfa012e9760","exact-adm3-pcode","accepted","UL2A-AR-NATIONAL-MANIFEST-1.0.2"
"LB-LOC-71281","زفتا","SRC-NATIONAL-VILLAGE-MANIFEST","71281","C:\APEX\UL2A_AR_FINALIZER_V1_0_0\APEX_WATANYBOT_UL2A_AR_NATIONAL_MANIFEST_FINALIZER_V1_0_0_PACKAGE\village_manifest.csv","a8c810368436869531bd825a16fb42b9c9680e415648decad6d53bfa012e9760","exact-adm3-pcode","accepted","UL2A-AR-NATIONAL-MANIFEST-1.0.2"
"LB-LOC-71311","دير الزهراني","SRC-NATIONAL-VILLAGE-MANIFEST","71311","C:\APEX\UL2A_AR_FINALIZER_V1_0_0\APEX_WATANYBOT_UL2A_AR_NATIONAL_MANIFEST_FINALIZER_V1_0_0_PACKAGE\village_manifest.csv","a8c810368436869531bd825a16fb42b9c9680e415648decad6d53bfa012e9760","exact-adm3-pcode","accepted","UL2A-AR-NATIONAL-MANIFEST-1.0.2"
"LB-LOC-71314","مزرعة البياض","SRC-NATIONAL-VILLAGE-MANIFEST","71314","C:\APEX\UL2A_AR_FINALIZER_V1_0_0\APEX_WATANYBOT_UL2A_AR_NATIONAL_MANIFEST_FINALIZER_V1_0_0_PACKAGE\village_manifest.csv","a8c810368436869531bd825a16fb42b9c9680e415648decad6d53bfa012e9760","exact-adm3-pcode","accepted","UL2A-AR-NATIONAL-MANIFEST-1.0.2"
"LB-LOC-71321","شرقية","SRC-NATIONAL-VILLAGE-MANIFEST","71321","C:\APEX\UL2A_AR_FINALIZER_V1_0_0\APEX_WATANYBOT_UL2A_AR_NATIONAL_MANIFEST_FINALIZER_V1_0_0_PACKAGE\village_manifest.csv","a8c810368436869531bd825a16fb42b9c9680e415648decad6d53bfa012e9760","exact-adm3-pcode","accepted","UL2A-AR-NATIONAL-MANIFEST-1.0.2"
"LB-LOC-71324","تول","SRC-NATIONAL-VILLAGE-MANIFEST","71324","C:\APEX\UL2A_AR_FINALIZER_V1_0_0\APEX_WATANYBOT_UL2A_AR_NATIONAL_MANIFEST_FINALIZER_V1_0_0_PACKAGE\village_manifest.csv","a8c810368436869531bd825a16fb42b9c9680e415648decad6d53bfa012e9760","exact-adm3-pcode","accepted","UL2A-AR-NATIONAL-MANIFEST-1.0.2"
"LB-LOC-71327","نميرية","SRC-NATIONAL-VILLAGE-MANIFEST","71327","C:\APEX\UL2A_AR_FINALIZER_V1_0_0\APEX_WATANYBOT_UL2A_AR_NATIONAL_MANIFEST_FINALIZER_V1_0_0_PACKAGE\village_manifest.csv","a8c810368436869531bd825a16fb42b9c9680e415648decad6d53bfa012e9760","exact-adm3-pcode","accepted","UL2A-AR-NATIONAL-MANIFEST-1.0.2"
"LB-LOC-71331","حروف","SRC-NATIONAL-VILLAGE-MANIFEST","71331","C:\APEX\UL2A_AR_FINALIZER_V1_0_0\APEX_WATANYBOT_UL2A_AR_NATIONAL_MANIFEST_FINALIZER_V1_0_0_PACKAGE\village_manifest.csv","a8c810368436869531bd825a16fb42b9c9680e415648decad6d53bfa012e9760","exact-adm3-pcode","accepted","UL2A-AR-NATIONAL-MANIFEST-1.0.2"
"LB-LOC-71334","الدوير النبطية","SRC-NATIONAL-VILLAGE-MANIFEST","71334","C:\APEX\UL2A_AR_FINALIZER_V1_0_0\APEX_WATANYBOT_UL2A_AR_NATIONAL_MANIFEST_FINALIZER_V1_0_0_PACKAGE\village_manifest.csv","a8c810368436869531bd825a16fb42b9c9680e415648decad6d53bfa012e9760","exact-adm3-pcode","accepted","UL2A-AR-NATIONAL-MANIFEST-1.0.2"
"LB-LOC-71337","جبشيت","SRC-NATIONAL-VILLAGE-MANIFEST","71337","C:\APEX\UL2A_AR_FINALIZER_V1_0_0\APEX_WATANYBOT_UL2A_AR_NATIONAL_MANIFEST_FINALIZER_V1_0_0_PACKAGE\village_manifest.csv","a8c810368436869531bd825a16fb42b9c9680e415648decad6d53bfa012e9760","exact-adm3-pcode","accepted","UL2A-AR-NATIONAL-MANIFEST-1.0.2"
"LB-LOC-71341","مزرعة شلبعل","SRC-NATIONAL-VILLAGE-MANIFEST","71341","C:\APEX\UL2A_AR_FINALIZER_V1_0_0\APEX_WATANYBOT_UL2A_AR_NATIONAL_MANIFEST_FINALIZER_V1_0_0_PACKAGE\village_manifest.csv","a8c810368436869531bd825a16fb42b9c9680e415648decad6d53bfa012e9760","exact-adm3-pcode","accepted","UL2A-AR-NATIONAL-MANIFEST-1.0.2"
"LB-LOC-71344","ميفدون","SRC-NATIONAL-VILLAGE-MANIFEST","71344","C:\APEX\UL2A_AR_FINALIZER_V1_0_0\APEX_WATANYBOT_UL2A_AR_NATIONAL_MANIFEST_FINALIZER_V1_0_0_PACKAGE\village_manifest.csv","a8c810368436869531bd825a16fb42b9c9680e415648decad6d53bfa012e9760","exact-adm3-pcode","accepted","UL2A-AR-NATIONAL-MANIFEST-1.0.2"
"LB-LOC-71347","عدشيت الشقيف","SRC-NATIONAL-VILLAGE-MANIFEST","71347","C:\APEX\UL2A_AR_FINALIZER_V1_0_0\APEX_WATANYBOT_UL2A_AR_NATIONAL_MANIFEST_FINALIZER_V1_0_0_PACKAGE\village_manifest.csv","a8c810368436869531bd825a16fb42b9c9680e415648decad6d53bfa012e9760","exact-adm3-pcode","accepted","UL2A-AR-NATIONAL-MANIFEST-1.0.2"
"LB-LOC-71351","عبا","SRC-NATIONAL-VILLAGE-MANIFEST","71351","C:\APEX\UL2A_AR_FINALIZER_V1_0_0\APEX_WATANYBOT_UL2A_AR_NATIONAL_MANIFEST_FINALIZER_V1_0_0_PACKAGE\village_manifest.csv","a8c810368436869531bd825a16fb42b9c9680e415648decad6d53bfa012e9760","exact-adm3-pcode","accepted","UL2A-AR-NATIONAL-MANIFEST-1.0.2"
"LB-LOC-71354","كفردجال","SRC-NATIONAL-VILLAGE-MANIFEST","71354","C:\APEX\UL2A_AR_FINALIZER_V1_0_0\APEX_WATANYBOT_UL2A_AR_NATIONAL_MANIFEST_FINALIZER_V1_0_0_PACKAGE\village_manifest.csv","a8c810368436869531bd825a16fb42b9c9680e415648decad6d53bfa012e9760","exact-adm3-pcode","accepted","UL2A-AR-NATIONAL-MANIFEST-1.0.2"
"LB-LOC-71357","مزرعة دمول","SRC-NATIONAL-VILLAGE-MANIFEST","71357","C:\APEX\UL2A_AR_FINALIZER_V1_0_0\APEX_WATANYBOT_UL2A_AR_NATIONAL_MANIFEST_FINALIZER_V1_0_0_PACKAGE\village_manifest.csv","a8c810368436869531bd825a16fb42b9c9680e415648decad6d53bfa012e9760","exact-adm3-pcode","accepted","UL2A-AR-NATIONAL-MANIFEST-1.0.2"
"LB-LOC-71361","إنصار","SRC-NATIONAL-VILLAGE-MANIFEST","71361","C:\APEX\UL2A_AR_FINALIZER_V1_0_0\APEX_WATANYBOT_UL2A_AR_NATIONAL_MANIFEST_FINALIZER_V1_0_0_PACKAGE\village_manifest.csv","a8c810368436869531bd825a16fb42b9c9680e415648decad6d53bfa012e9760","exact-adm3-pcode","accepted","UL2A-AR-NATIONAL-MANIFEST-1.0.2"
"LB-LOC-71364","زوطر الغربية","SRC-NATIONAL-VILLAGE-MANIFEST","71364","C:\APEX\UL2A_AR_FINALIZER_V1_0_0\APEX_WATANYBOT_UL2A_AR_NATIONAL_MANIFEST_FINALIZER_V1_0_0_PACKAGE\village_manifest.csv","a8c810368436869531bd825a16fb42b9c9680e415648decad6d53bfa012e9760","exact-adm3-pcode","accepted","UL2A-AR-NATIONAL-MANIFEST-1.0.2"
"LB-LOC-71367","زوطر الشرقية","SRC-NATIONAL-VILLAGE-MANIFEST","71367","C:\APEX\UL2A_AR_FINALIZER_V1_0_0\APEX_WATANYBOT_UL2A_AR_NATIONAL_MANIFEST_FINALIZER_V1_0_0_PACKAGE\village_manifest.csv","a8c810368436869531bd825a16fb42b9c9680e415648decad6d53bfa012e9760","exact-adm3-pcode","accepted","UL2A-AR-NATIONAL-MANIFEST-1.0.2"
"LB-LOC-71371","الحمرا النبطية","SRC-NATIONAL-VILLAGE-MANIFEST","71371","C:\APEX\UL2A_AR_FINALIZER_V1_0_0\APEX_WATANYBOT_UL2A_AR_NATIONAL_MANIFEST_FINALIZER_V1_0_0_PACKAGE\village_manifest.csv","a8c810368436869531bd825a16fb42b9c9680e415648decad6d53bfa012e9760","exact-adm3-pcode","accepted","UL2A-AR-NATIONAL-MANIFEST-1.0.2"
"LB-LOC-71374","قصيبة النبطية","SRC-NATIONAL-VILLAGE-MANIFEST","71374","C:\APEX\UL2A_AR_FINALIZER_V1_0_0\APEX_WATANYBOT_UL2A_AR_NATIONAL_MANIFEST_FINALIZER_V1_0_0_PACKAGE\village_manifest.csv","a8c810368436869531bd825a16fb42b9c9680e415648decad6d53bfa012e9760","exact-adm3-pcode","accepted","UL2A-AR-NATIONAL-MANIFEST-1.0.2"
"LB-LOC-71377","أرنون","SRC-NATIONAL-VILLAGE-MANIFEST","71377","C:\APEX\UL2A_AR_FINALIZER_V1_0_0\APEX_WATANYBOT_UL2A_AR_NATIONAL_MANIFEST_FINALIZER_V1_0_0_PACKAGE\village_manifest.csv","a8c810368436869531bd825a16fb42b9c9680e415648decad6d53bfa012e9760","exact-adm3-pcode","accepted","UL2A-AR-NATIONAL-MANIFEST-1.0.2"
"LB-LOC-71381","قعقعية الجسر","SRC-NATIONAL-VILLAGE-MANIFEST","71381","C:\APEX\UL2A_AR_FINALIZER_V1_0_0\APEX_WATANYBOT_UL2A_AR_NATIONAL_MANIFEST_FINALIZER_V1_0_0_PACKAGE\village_manifest.csv","a8c810368436869531bd825a16fb42b9c9680e415648decad6d53bfa012e9760","exact-adm3-pcode","accepted","UL2A-AR-NATIONAL-MANIFEST-1.0.2"
"LB-LOC-71384","مزرعة قلعة ميس","SRC-NATIONAL-VILLAGE-MANIFEST","71384","C:\APEX\UL2A_AR_FINALIZER_V1_0_0\APEX_WATANYBOT_UL2A_AR_NATIONAL_MANIFEST_FINALIZER_V1_0_0_PACKAGE\village_manifest.csv","a8c810368436869531bd825a16fb42b9c9680e415648decad6d53bfa012e9760","exact-adm3-pcode","accepted","UL2A-AR-NATIONAL-MANIFEST-1.0.2"
"LB-LOC-71386","مزرعة بصفُور","SRC-NATIONAL-VILLAGE-MANIFEST","71386","C:\APEX\UL2A_AR_FINALIZER_V1_0_0\APEX_WATANYBOT_UL2A_AR_NATIONAL_MANIFEST_FINALIZER_V1_0_0_PACKAGE\village_manifest.csv","a8c810368436869531bd825a16fb42b9c9680e415648decad6d53bfa012e9760","exact-adm3-pcode","accepted","UL2A-AR-NATIONAL-MANIFEST-1.0.2"
"LB-LOC-71387","بريقع","SRC-NATIONAL-VILLAGE-MANIFEST","71387","C:\APEX\UL2A_AR_FINALIZER_V1_0_0\APEX_WATANYBOT_UL2A_AR_NATIONAL_MANIFEST_FINALIZER_V1_0_0_PACKAGE\village_manifest.csv","a8c810368436869531bd825a16fb42b9c9680e415648decad6d53bfa012e9760","exact-adm3-pcode","accepted","UL2A-AR-NATIONAL-MANIFEST-1.0.2"
"LB-LOC-71391","كفرصير","SRC-NATIONAL-VILLAGE-MANIFEST","71391","C:\APEX\UL2A_AR_FINALIZER_V1_0_0\APEX_WATANYBOT_UL2A_AR_NATIONAL_MANIFEST_FINALIZER_V1_0_0_PACKAGE\village_manifest.csv","a8c810368436869531bd825a16fb42b9c9680e415648decad6d53bfa012e9760","exact-adm3-pcode","accepted","UL2A-AR-NATIONAL-MANIFEST-1.0.2"
"LB-LOC-71394","يحمر","SRC-NATIONAL-VILLAGE-MANIFEST","71394","C:\APEX\UL2A_AR_FINALIZER_V1_0_0\APEX_WATANYBOT_UL2A_AR_NATIONAL_MANIFEST_FINALIZER_V1_0_0_PACKAGE\village_manifest.csv","a8c810368436869531bd825a16fb42b9c9680e415648decad6d53bfa012e9760","exact-adm3-pcode","accepted","UL2A-AR-NATIONAL-MANIFEST-1.0.2"
"LB-LOC-71397","صير الغربية","SRC-NATIONAL-VILLAGE-MANIFEST","71397","C:\APEX\UL2A_AR_FINALIZER_V1_0_0\APEX_WATANYBOT_UL2A_AR_NATIONAL_MANIFEST_FINALIZER_V1_0_0_PACKAGE\village_manifest.csv","a8c810368436869531bd825a16fb42b9c9680e415648decad6d53bfa012e9760","exact-adm3-pcode","accepted","UL2A-AR-NATIONAL-MANIFEST-1.0.2"
"LB-LOC-72111","بنت جبيل","SRC-NATIONAL-VILLAGE-MANIFEST","72111","C:\APEX\UL2A_AR_FINALIZER_V1_0_0\APEX_WATANYBOT_UL2A_AR_NATIONAL_MANIFEST_FINALIZER_V1_0_0_PACKAGE\village_manifest.csv","a8c810368436869531bd825a16fb42b9c9680e415648decad6d53bfa012e9760","exact-adm3-pcode","accepted","UL2A-AR-NATIONAL-MANIFEST-1.0.2"
"LB-LOC-72119","عيناتا بنت جبيل","SRC-NATIONAL-VILLAGE-MANIFEST","72119","C:\APEX\UL2A_AR_FINALIZER_V1_0_0\APEX_WATANYBOT_UL2A_AR_NATIONAL_MANIFEST_FINALIZER_V1_0_0_PACKAGE\village_manifest.csv","a8c810368436869531bd825a16fb42b9c9680e415648decad6d53bfa012e9760","exact-adm3-pcode","accepted","UL2A-AR-NATIONAL-MANIFEST-1.0.2"
"LB-LOC-72127","مارون الراس","SRC-NATIONAL-VILLAGE-MANIFEST","72127","C:\APEX\UL2A_AR_FINALIZER_V1_0_0\APEX_WATANYBOT_UL2A_AR_NATIONAL_MANIFEST_FINALIZER_V1_0_0_PACKAGE\village_manifest.csv","a8c810368436869531bd825a16fb42b9c9680e415648decad6d53bfa012e9760","exact-adm3-pcode","accepted","UL2A-AR-NATIONAL-MANIFEST-1.0.2"
"LB-LOC-72135","الصلحاني","SRC-NATIONAL-VILLAGE-MANIFEST","72135","C:\APEX\UL2A_AR_FINALIZER_V1_0_0\APEX_WATANYBOT_UL2A_AR_NATIONAL_MANIFEST_FINALIZER_V1_0_0_PACKAGE\village_manifest.csv","a8c810368436869531bd825a16fb42b9c9680e415648decad6d53bfa012e9760","exact-adm3-pcode","accepted","UL2A-AR-NATIONAL-MANIFEST-1.0.2"
"LB-LOC-72143","عين ابل","SRC-NATIONAL-VILLAGE-MANIFEST","72143","C:\APEX\UL2A_AR_FINALIZER_V1_0_0\APEX_WATANYBOT_UL2A_AR_NATIONAL_MANIFEST_FINALIZER_V1_0_0_PACKAGE\village_manifest.csv","a8c810368436869531bd825a16fb42b9c9680e415648decad6d53bfa012e9760","exact-adm3-pcode","accepted","UL2A-AR-NATIONAL-MANIFEST-1.0.2"
"LB-LOC-72151","عيترون","SRC-NATIONAL-VILLAGE-MANIFEST","72151","C:\APEX\UL2A_AR_FINALIZER_V1_0_0\APEX_WATANYBOT_UL2A_AR_NATIONAL_MANIFEST_FINALIZER_V1_0_0_PACKAGE\village_manifest.csv","a8c810368436869531bd825a16fb42b9c9680e415648decad6d53bfa012e9760","exact-adm3-pcode","accepted","UL2A-AR-NATIONAL-MANIFEST-1.0.2"
"LB-LOC-72159","يارون","SRC-NATIONAL-VILLAGE-MANIFEST","72159","C:\APEX\UL2A_AR_FINALIZER_V1_0_0\APEX_WATANYBOT_UL2A_AR_NATIONAL_MANIFEST_FINALIZER_V1_0_0_PACKAGE\village_manifest.csv","a8c810368436869531bd825a16fb42b9c9680e415648decad6d53bfa012e9760","exact-adm3-pcode","accepted","UL2A-AR-NATIONAL-MANIFEST-1.0.2"
"LB-LOC-72167","رميش","SRC-NATIONAL-VILLAGE-MANIFEST","72167","C:\APEX\UL2A_AR_FINALIZER_V1_0_0\APEX_WATANYBOT_UL2A_AR_NATIONAL_MANIFEST_FINALIZER_V1_0_0_PACKAGE\village_manifest.csv","a8c810368436869531bd825a16fb42b9c9680e415648decad6d53bfa012e9760","exact-adm3-pcode","accepted","UL2A-AR-NATIONAL-MANIFEST-1.0.2"
"LB-LOC-72175","قطموم","SRC-NATIONAL-VILLAGE-MANIFEST","72175","C:\APEX\UL2A_AR_FINALIZER_V1_0_0\APEX_WATANYBOT_UL2A_AR_NATIONAL_MANIFEST_FINALIZER_V1_0_0_PACKAGE\village_manifest.csv","a8c810368436869531bd825a16fb42b9c9680e415648decad6d53bfa012e9760","exact-adm3-pcode","accepted","UL2A-AR-NATIONAL-MANIFEST-1.0.2"
"LB-LOC-72183","عيتا الشعب","SRC-NATIONAL-VILLAGE-MANIFEST","72183","C:\APEX\UL2A_AR_FINALIZER_V1_0_0\APEX_WATANYBOT_UL2A_AR_NATIONAL_MANIFEST_FINALIZER_V1_0_0_PACKAGE\village_manifest.csv","a8c810368436869531bd825a16fb42b9c9680e415648decad6d53bfa012e9760","exact-adm3-pcode","accepted","UL2A-AR-NATIONAL-MANIFEST-1.0.2"
"LB-LOC-72191","رامية بنت جبيل","SRC-NATIONAL-VILLAGE-MANIFEST","72191","C:\APEX\UL2A_AR_FINALIZER_V1_0_0\APEX_WATANYBOT_UL2A_AR_NATIONAL_MANIFEST_FINALIZER_V1_0_0_PACKAGE\village_manifest.csv","a8c810368436869531bd825a16fb42b9c9680e415648decad6d53bfa012e9760","exact-adm3-pcode","accepted","UL2A-AR-NATIONAL-MANIFEST-1.0.2"
"LB-LOC-72211","تبنين","SRC-NATIONAL-VILLAGE-MANIFEST","72211","C:\APEX\UL2A_AR_FINALIZER_V1_0_0\APEX_WATANYBOT_UL2A_AR_NATIONAL_MANIFEST_FINALIZER_V1_0_0_PACKAGE\village_manifest.csv","a8c810368436869531bd825a16fb42b9c9680e415648decad6d53bfa012e9760","exact-adm3-pcode","accepted","UL2A-AR-NATIONAL-MANIFEST-1.0.2"
"LB-LOC-72214","سلطانية","SRC-NATIONAL-VILLAGE-MANIFEST","72214","C:\APEX\UL2A_AR_FINALIZER_V1_0_0\APEX_WATANYBOT_UL2A_AR_NATIONAL_MANIFEST_FINALIZER_V1_0_0_PACKAGE\village_manifest.csv","a8c810368436869531bd825a16fb42b9c9680e415648decad6d53bfa012e9760","exact-adm3-pcode","accepted","UL2A-AR-NATIONAL-MANIFEST-1.0.2"
"LB-LOC-72217","صفد البطيخ","SRC-NATIONAL-VILLAGE-MANIFEST","72217","C:\APEX\UL2A_AR_FINALIZER_V1_0_0\APEX_WATANYBOT_UL2A_AR_NATIONAL_MANIFEST_FINALIZER_V1_0_0_PACKAGE\village_manifest.csv","a8c810368436869531bd825a16fb42b9c9680e415648decad6d53bfa012e9760","exact-adm3-pcode","accepted","UL2A-AR-NATIONAL-MANIFEST-1.0.2"
"LB-LOC-72221","جميجمة","SRC-NATIONAL-VILLAGE-MANIFEST","72221","C:\APEX\UL2A_AR_FINALIZER_V1_0_0\APEX_WATANYBOT_UL2A_AR_NATIONAL_MANIFEST_FINALIZER_V1_0_0_PACKAGE\village_manifest.csv","a8c810368436869531bd825a16fb42b9c9680e415648decad6d53bfa012e9760","exact-adm3-pcode","accepted","UL2A-AR-NATIONAL-MANIFEST-1.0.2"
"LB-LOC-72224","عيتا الجبل الزط","SRC-NATIONAL-VILLAGE-MANIFEST","72224","C:\APEX\UL2A_AR_FINALIZER_V1_0_0\APEX_WATANYBOT_UL2A_AR_NATIONAL_MANIFEST_FINALIZER_V1_0_0_PACKAGE\village_manifest.csv","a8c810368436869531bd825a16fb42b9c9680e415648decad6d53bfa012e9760","exact-adm3-pcode","accepted","UL2A-AR-NATIONAL-MANIFEST-1.0.2"
"LB-LOC-72227","برعشيت","SRC-NATIONAL-VILLAGE-MANIFEST","72227","C:\APEX\UL2A_AR_FINALIZER_V1_0_0\APEX_WATANYBOT_UL2A_AR_NATIONAL_MANIFEST_FINALIZER_V1_0_0_PACKAGE\village_manifest.csv","a8c810368436869531bd825a16fb42b9c9680e415648decad6d53bfa012e9760","exact-adm3-pcode","accepted","UL2A-AR-NATIONAL-MANIFEST-1.0.2"
"LB-LOC-72229","شقرا","SRC-NATIONAL-VILLAGE-MANIFEST","72229","C:\APEX\UL2A_AR_FINALIZER_V1_0_0\APEX_WATANYBOT_UL2A_AR_NATIONAL_MANIFEST_FINALIZER_V1_0_0_PACKAGE\village_manifest.csv","a8c810368436869531bd825a16fb42b9c9680e415648decad6d53bfa012e9760","exact-adm3-pcode","accepted","UL2A-AR-NATIONAL-MANIFEST-1.0.2"
"LB-LOC-72231","حداثا","SRC-NATIONAL-VILLAGE-MANIFEST","72231","C:\APEX\UL2A_AR_FINALIZER_V1_0_0\APEX_WATANYBOT_UL2A_AR_NATIONAL_MANIFEST_FINALIZER_V1_0_0_PACKAGE\village_manifest.csv","a8c810368436869531bd825a16fb42b9c9680e415648decad6d53bfa012e9760","exact-adm3-pcode","accepted","UL2A-AR-NATIONAL-MANIFEST-1.0.2"
"LB-LOC-72234","خربة سلم","SRC-NATIONAL-VILLAGE-MANIFEST","72234","C:\APEX\UL2A_AR_FINALIZER_V1_0_0\APEX_WATANYBOT_UL2A_AR_NATIONAL_MANIFEST_FINALIZER_V1_0_0_PACKAGE\village_manifest.csv","a8c810368436869531bd825a16fb42b9c9680e415648decad6d53bfa012e9760","exact-adm3-pcode","accepted","UL2A-AR-NATIONAL-MANIFEST-1.0.2"
"LB-LOC-72237","بيت ياحون","SRC-NATIONAL-VILLAGE-MANIFEST","72237","C:\APEX\UL2A_AR_FINALIZER_V1_0_0\APEX_WATANYBOT_UL2A_AR_NATIONAL_MANIFEST_FINALIZER_V1_0_0_PACKAGE\village_manifest.csv","a8c810368436869531bd825a16fb42b9c9680e415648decad6d53bfa012e9760","exact-adm3-pcode","accepted","UL2A-AR-NATIONAL-MANIFEST-1.0.2"
"LB-LOC-72241","حاريص","SRC-NATIONAL-VILLAGE-MANIFEST","72241","C:\APEX\UL2A_AR_FINALIZER_V1_0_0\APEX_WATANYBOT_UL2A_AR_NATIONAL_MANIFEST_FINALIZER_V1_0_0_PACKAGE\village_manifest.csv","a8c810368436869531bd825a16fb42b9c9680e415648decad6d53bfa012e9760","exact-adm3-pcode","accepted","UL2A-AR-NATIONAL-MANIFEST-1.0.2"
"LB-LOC-72244","دير نطار","SRC-NATIONAL-VILLAGE-MANIFEST","72244","C:\APEX\UL2A_AR_FINALIZER_V1_0_0\APEX_WATANYBOT_UL2A_AR_NATIONAL_MANIFEST_FINALIZER_V1_0_0_PACKAGE\village_manifest.csv","a8c810368436869531bd825a16fb42b9c9680e415648decad6d53bfa012e9760","exact-adm3-pcode","accepted","UL2A-AR-NATIONAL-MANIFEST-1.0.2"
"LB-LOC-72247","كفر دونين","SRC-NATIONAL-VILLAGE-MANIFEST","72247","C:\APEX\UL2A_AR_FINALIZER_V1_0_0\APEX_WATANYBOT_UL2A_AR_NATIONAL_MANIFEST_FINALIZER_V1_0_0_PACKAGE\village_manifest.csv","a8c810368436869531bd825a16fb42b9c9680e415648decad6d53bfa012e9760","exact-adm3-pcode","accepted","UL2A-AR-NATIONAL-MANIFEST-1.0.2"
"LB-LOC-72251","كونين","SRC-NATIONAL-VILLAGE-MANIFEST","72251","C:\APEX\UL2A_AR_FINALIZER_V1_0_0\APEX_WATANYBOT_UL2A_AR_NATIONAL_MANIFEST_FINALIZER_V1_0_0_PACKAGE\village_manifest.csv","a8c810368436869531bd825a16fb42b9c9680e415648decad6d53bfa012e9760","exact-adm3-pcode","accepted","UL2A-AR-NATIONAL-MANIFEST-1.0.2"
"LB-LOC-72254","طيري","SRC-NATIONAL-VILLAGE-MANIFEST","72254","C:\APEX\UL2A_AR_FINALIZER_V1_0_0\APEX_WATANYBOT_UL2A_AR_NATIONAL_MANIFEST_FINALIZER_V1_0_0_PACKAGE\village_manifest.csv","a8c810368436869531bd825a16fb42b9c9680e415648decad6d53bfa012e9760","exact-adm3-pcode","accepted","UL2A-AR-NATIONAL-MANIFEST-1.0.2"
"LB-LOC-72257","كفرا بنت جبيل","SRC-NATIONAL-VILLAGE-MANIFEST","72257","C:\APEX\UL2A_AR_FINALIZER_V1_0_0\APEX_WATANYBOT_UL2A_AR_NATIONAL_MANIFEST_FINALIZER_V1_0_0_PACKAGE\village_manifest.csv","a8c810368436869531bd825a16fb42b9c9680e415648decad6d53bfa012e9760","exact-adm3-pcode","accepted","UL2A-AR-NATIONAL-MANIFEST-1.0.2"
"LB-LOC-72261","قلويه","SRC-NATIONAL-VILLAGE-MANIFEST","72261","C:\APEX\UL2A_AR_FINALIZER_V1_0_0\APEX_WATANYBOT_UL2A_AR_NATIONAL_MANIFEST_FINALIZER_V1_0_0_PACKAGE\village_manifest.csv","a8c810368436869531bd825a16fb42b9c9680e415648decad6d53bfa012e9760","exact-adm3-pcode","accepted","UL2A-AR-NATIONAL-MANIFEST-1.0.2"
"LB-LOC-72264","برج قلويه","SRC-NATIONAL-VILLAGE-MANIFEST","72264","C:\APEX\UL2A_AR_FINALIZER_V1_0_0\APEX_WATANYBOT_UL2A_AR_NATIONAL_MANIFEST_FINALIZER_V1_0_0_PACKAGE\village_manifest.csv","a8c810368436869531bd825a16fb42b9c9680e415648decad6d53bfa012e9760","exact-adm3-pcode","accepted","UL2A-AR-NATIONAL-MANIFEST-1.0.2"
"LB-LOC-72267","صربين","SRC-NATIONAL-VILLAGE-MANIFEST","72267","C:\APEX\UL2A_AR_FINALIZER_V1_0_0\APEX_WATANYBOT_UL2A_AR_NATIONAL_MANIFEST_FINALIZER_V1_0_0_PACKAGE\village_manifest.csv","a8c810368436869531bd825a16fb42b9c9680e415648decad6d53bfa012e9760","exact-adm3-pcode","accepted","UL2A-AR-NATIONAL-MANIFEST-1.0.2"
"LB-LOC-72271","رشاف","SRC-NATIONAL-VILLAGE-MANIFEST","72271","C:\APEX\UL2A_AR_FINALIZER_V1_0_0\APEX_WATANYBOT_UL2A_AR_NATIONAL_MANIFEST_FINALIZER_V1_0_0_PACKAGE\village_manifest.csv","a8c810368436869531bd825a16fb42b9c9680e415648decad6d53bfa012e9760","exact-adm3-pcode","accepted","UL2A-AR-NATIONAL-MANIFEST-1.0.2"
"LB-LOC-72274","غندورية بنت جبيل","SRC-NATIONAL-VILLAGE-MANIFEST","72274","C:\APEX\UL2A_AR_FINALIZER_V1_0_0\APEX_WATANYBOT_UL2A_AR_NATIONAL_MANIFEST_FINALIZER_V1_0_0_PACKAGE\village_manifest.csv","a8c810368436869531bd825a16fb42b9c9680e415648decad6d53bfa012e9760","exact-adm3-pcode","accepted","UL2A-AR-NATIONAL-MANIFEST-1.0.2"
"LB-LOC-72276","فرون","SRC-NATIONAL-VILLAGE-MANIFEST","72276","C:\APEX\UL2A_AR_FINALIZER_V1_0_0\APEX_WATANYBOT_UL2A_AR_NATIONAL_MANIFEST_FINALIZER_V1_0_0_PACKAGE\village_manifest.csv","a8c810368436869531bd825a16fb42b9c9680e415648decad6d53bfa012e9760","exact-adm3-pcode","accepted","UL2A-AR-NATIONAL-MANIFEST-1.0.2"
"LB-LOC-72277","ياطر","SRC-NATIONAL-VILLAGE-MANIFEST","72277","C:\APEX\UL2A_AR_FINALIZER_V1_0_0\APEX_WATANYBOT_UL2A_AR_NATIONAL_MANIFEST_FINALIZER_V1_0_0_PACKAGE\village_manifest.csv","a8c810368436869531bd825a16fb42b9c9680e415648decad6d53bfa012e9760","exact-adm3-pcode","accepted","UL2A-AR-NATIONAL-MANIFEST-1.0.2"
"LB-LOC-72281","دبل امية","SRC-NATIONAL-VILLAGE-MANIFEST","72281","C:\APEX\UL2A_AR_FINALIZER_V1_0_0\APEX_WATANYBOT_UL2A_AR_NATIONAL_MANIFEST_FINALIZER_V1_0_0_PACKAGE\village_manifest.csv","a8c810368436869531bd825a16fb42b9c9680e415648decad6d53bfa012e9760","exact-adm3-pcode","accepted","UL2A-AR-NATIONAL-MANIFEST-1.0.2"
"LB-LOC-72284","حنين","SRC-NATIONAL-VILLAGE-MANIFEST","72284","C:\APEX\UL2A_AR_FINALIZER_V1_0_0\APEX_WATANYBOT_UL2A_AR_NATIONAL_MANIFEST_FINALIZER_V1_0_0_PACKAGE\village_manifest.csv","a8c810368436869531bd825a16fb42b9c9680e415648decad6d53bfa012e9760","exact-adm3-pcode","accepted","UL2A-AR-NATIONAL-MANIFEST-1.0.2"
"LB-LOC-72287","بيت ليف","SRC-NATIONAL-VILLAGE-MANIFEST","72287","C:\APEX\UL2A_AR_FINALIZER_V1_0_0\APEX_WATANYBOT_UL2A_AR_NATIONAL_MANIFEST_FINALIZER_V1_0_0_PACKAGE\village_manifest.csv","a8c810368436869531bd825a16fb42b9c9680e415648decad6d53bfa012e9760","exact-adm3-pcode","accepted","UL2A-AR-NATIONAL-MANIFEST-1.0.2"
"LB-LOC-72291","قوزح","SRC-NATIONAL-VILLAGE-MANIFEST","72291","C:\APEX\UL2A_AR_FINALIZER_V1_0_0\APEX_WATANYBOT_UL2A_AR_NATIONAL_MANIFEST_FINALIZER_V1_0_0_PACKAGE\village_manifest.csv","a8c810368436869531bd825a16fb42b9c9680e415648decad6d53bfa012e9760","exact-adm3-pcode","accepted","UL2A-AR-NATIONAL-MANIFEST-1.0.2"
"LB-LOC-73111","مرجعيون","SRC-NATIONAL-VILLAGE-MANIFEST","73111","C:\APEX\UL2A_AR_FINALIZER_V1_0_0\APEX_WATANYBOT_UL2A_AR_NATIONAL_MANIFEST_FINALIZER_V1_0_0_PACKAGE\village_manifest.csv","a8c810368436869531bd825a16fb42b9c9680e415648decad6d53bfa012e9760","exact-adm3-pcode","accepted","UL2A-AR-NATIONAL-MANIFEST-1.0.2"
"LB-LOC-73116","بويضة مرجعيون","SRC-NATIONAL-VILLAGE-MANIFEST","73116","C:\APEX\UL2A_AR_FINALIZER_V1_0_0\APEX_WATANYBOT_UL2A_AR_NATIONAL_MANIFEST_FINALIZER_V1_0_0_PACKAGE\village_manifest.csv","a8c810368436869531bd825a16fb42b9c9680e415648decad6d53bfa012e9760","exact-adm3-pcode","accepted","UL2A-AR-NATIONAL-MANIFEST-1.0.2"
"LB-LOC-73119","دبين","SRC-NATIONAL-VILLAGE-MANIFEST","73119","C:\APEX\UL2A_AR_FINALIZER_V1_0_0\APEX_WATANYBOT_UL2A_AR_NATIONAL_MANIFEST_FINALIZER_V1_0_0_PACKAGE\village_manifest.csv","a8c810368436869531bd825a16fb42b9c9680e415648decad6d53bfa012e9760","exact-adm3-pcode","accepted","UL2A-AR-NATIONAL-MANIFEST-1.0.2"
"LB-LOC-73127","إبل السقي","SRC-NATIONAL-VILLAGE-MANIFEST","73127","C:\APEX\UL2A_AR_FINALIZER_V1_0_0\APEX_WATANYBOT_UL2A_AR_NATIONAL_MANIFEST_FINALIZER_V1_0_0_PACKAGE\village_manifest.csv","a8c810368436869531bd825a16fb42b9c9680e415648decad6d53bfa012e9760","exact-adm3-pcode","accepted","UL2A-AR-NATIONAL-MANIFEST-1.0.2"
"LB-LOC-73135","بلاط مرجعيون","SRC-NATIONAL-VILLAGE-MANIFEST","73135","C:\APEX\UL2A_AR_FINALIZER_V1_0_0\APEX_WATANYBOT_UL2A_AR_NATIONAL_MANIFEST_FINALIZER_V1_0_0_PACKAGE\village_manifest.csv","a8c810368436869531bd825a16fb42b9c9680e415648decad6d53bfa012e9760","exact-adm3-pcode","accepted","UL2A-AR-NATIONAL-MANIFEST-1.0.2"
"LB-LOC-73143","مزرعة دمياط","SRC-NATIONAL-VILLAGE-MANIFEST","73143","C:\APEX\UL2A_AR_FINALIZER_V1_0_0\APEX_WATANYBOT_UL2A_AR_NATIONAL_MANIFEST_FINALIZER_V1_0_0_PACKAGE\village_manifest.csv","a8c810368436869531bd825a16fb42b9c9680e415648decad6d53bfa012e9760","exact-adm3-pcode","accepted","UL2A-AR-NATIONAL-MANIFEST-1.0.2"
"LB-LOC-73146","برج الملوك","SRC-NATIONAL-VILLAGE-MANIFEST","73146","C:\APEX\UL2A_AR_FINALIZER_V1_0_0\APEX_WATANYBOT_UL2A_AR_NATIONAL_MANIFEST_FINALIZER_V1_0_0_PACKAGE\village_manifest.csv","a8c810368436869531bd825a16fb42b9c9680e415648decad6d53bfa012e9760","exact-adm3-pcode","accepted","UL2A-AR-NATIONAL-MANIFEST-1.0.2"
"LB-LOC-73151","قليعة","SRC-NATIONAL-VILLAGE-MANIFEST","73151","C:\APEX\UL2A_AR_FINALIZER_V1_0_0\APEX_WATANYBOT_UL2A_AR_NATIONAL_MANIFEST_FINALIZER_V1_0_0_PACKAGE\village_manifest.csv","a8c810368436869531bd825a16fb42b9c9680e415648decad6d53bfa012e9760","exact-adm3-pcode","accepted","UL2A-AR-NATIONAL-MANIFEST-1.0.2"
"LB-LOC-73159","الخيام","SRC-NATIONAL-VILLAGE-MANIFEST","73159","C:\APEX\UL2A_AR_FINALIZER_V1_0_0\APEX_WATANYBOT_UL2A_AR_NATIONAL_MANIFEST_FINALIZER_V1_0_0_PACKAGE\village_manifest.csv","a8c810368436869531bd825a16fb42b9c9680e415648decad6d53bfa012e9760","exact-adm3-pcode","accepted","UL2A-AR-NATIONAL-MANIFEST-1.0.2"
"LB-LOC-73162","عين عرب مرجعيون","SRC-NATIONAL-VILLAGE-MANIFEST","73162","C:\APEX\UL2A_AR_FINALIZER_V1_0_0\APEX_WATANYBOT_UL2A_AR_NATIONAL_MANIFEST_FINALIZER_V1_0_0_PACKAGE\village_manifest.csv","a8c810368436869531bd825a16fb42b9c9680e415648decad6d53bfa012e9760","exact-adm3-pcode","accepted","UL2A-AR-NATIONAL-MANIFEST-1.0.2"
"LB-LOC-73167","دير ميماس","SRC-NATIONAL-VILLAGE-MANIFEST","73167","C:\APEX\UL2A_AR_FINALIZER_V1_0_0\APEX_WATANYBOT_UL2A_AR_NATIONAL_MANIFEST_FINALIZER_V1_0_0_PACKAGE\village_manifest.csv","a8c810368436869531bd825a16fb42b9c9680e415648decad6d53bfa012e9760","exact-adm3-pcode","accepted","UL2A-AR-NATIONAL-MANIFEST-1.0.2"
"LB-LOC-73175","مزرعة سردة","SRC-NATIONAL-VILLAGE-MANIFEST","73175","C:\APEX\UL2A_AR_FINALIZER_V1_0_0\APEX_WATANYBOT_UL2A_AR_NATIONAL_MANIFEST_FINALIZER_V1_0_0_PACKAGE\village_manifest.csv","a8c810368436869531bd825a16fb42b9c9680e415648decad6d53bfa012e9760","exact-adm3-pcode","accepted","UL2A-AR-NATIONAL-MANIFEST-1.0.2"
"LB-LOC-73183","حوره","SRC-NATIONAL-VILLAGE-MANIFEST","73183","C:\APEX\UL2A_AR_FINALIZER_V1_0_0\APEX_WATANYBOT_UL2A_AR_NATIONAL_MANIFEST_FINALIZER_V1_0_0_PACKAGE\village_manifest.csv","a8c810368436869531bd825a16fb42b9c9680e415648decad6d53bfa012e9760","exact-adm3-pcode","accepted","UL2A-AR-NATIONAL-MANIFEST-1.0.2"
"LB-LOC-73191","عمرة","SRC-NATIONAL-VILLAGE-MANIFEST","73191","C:\APEX\UL2A_AR_FINALIZER_V1_0_0\APEX_WATANYBOT_UL2A_AR_NATIONAL_MANIFEST_FINALIZER_V1_0_0_PACKAGE\village_manifest.csv","a8c810368436869531bd825a16fb42b9c9680e415648decad6d53bfa012e9760","exact-adm3-pcode","accepted","UL2A-AR-NATIONAL-MANIFEST-1.0.2"
"LB-LOC-73211","عديسة مرجعيون","SRC-NATIONAL-VILLAGE-MANIFEST","73211","C:\APEX\UL2A_AR_FINALIZER_V1_0_0\APEX_WATANYBOT_UL2A_AR_NATIONAL_MANIFEST_FINALIZER_V1_0_0_PACKAGE\village_manifest.csv","a8c810368436869531bd825a16fb42b9c9680e415648decad6d53bfa012e9760","exact-adm3-pcode","accepted","UL2A-AR-NATIONAL-MANIFEST-1.0.2"
"LB-LOC-73226","بني حيان","SRC-NATIONAL-VILLAGE-MANIFEST","73226","C:\APEX\UL2A_AR_FINALIZER_V1_0_0\APEX_WATANYBOT_UL2A_AR_NATIONAL_MANIFEST_FINALIZER_V1_0_0_PACKAGE\village_manifest.csv","a8c810368436869531bd825a16fb42b9c9680e415648decad6d53bfa012e9760","exact-adm3-pcode","accepted","UL2A-AR-NATIONAL-MANIFEST-1.0.2"
"LB-LOC-73228","كفركيلا","SRC-NATIONAL-VILLAGE-MANIFEST","73228","C:\APEX\UL2A_AR_FINALIZER_V1_0_0\APEX_WATANYBOT_UL2A_AR_NATIONAL_MANIFEST_FINALIZER_V1_0_0_PACKAGE\village_manifest.csv","a8c810368436869531bd825a16fb42b9c9680e415648decad6d53bfa012e9760","exact-adm3-pcode","accepted","UL2A-AR-NATIONAL-MANIFEST-1.0.2"
"LB-LOC-73230","دير سريان","SRC-NATIONAL-VILLAGE-MANIFEST","73230","C:\APEX\UL2A_AR_FINALIZER_V1_0_0\APEX_WATANYBOT_UL2A_AR_NATIONAL_MANIFEST_FINALIZER_V1_0_0_PACKAGE\village_manifest.csv","a8c810368436869531bd825a16fb42b9c9680e415648decad6d53bfa012e9760","exact-adm3-pcode","accepted","UL2A-AR-NATIONAL-MANIFEST-1.0.2"
"LB-LOC-73232","طيبة مرجعيون","SRC-NATIONAL-VILLAGE-MANIFEST","73232","C:\APEX\UL2A_AR_FINALIZER_V1_0_0\APEX_WATANYBOT_UL2A_AR_NATIONAL_MANIFEST_FINALIZER_V1_0_0_PACKAGE\village_manifest.csv","a8c810368436869531bd825a16fb42b9c9680e415648decad6d53bfa012e9760","exact-adm3-pcode","accepted","UL2A-AR-NATIONAL-MANIFEST-1.0.2"
"LB-LOC-73234","حولا","SRC-NATIONAL-VILLAGE-MANIFEST","73234","C:\APEX\UL2A_AR_FINALIZER_V1_0_0\APEX_WATANYBOT_UL2A_AR_NATIONAL_MANIFEST_FINALIZER_V1_0_0_PACKAGE\village_manifest.csv","a8c810368436869531bd825a16fb42b9c9680e415648decad6d53bfa012e9760","exact-adm3-pcode","accepted","UL2A-AR-NATIONAL-MANIFEST-1.0.2"
"LB-LOC-73244","طلوسة","SRC-NATIONAL-VILLAGE-MANIFEST","73244","C:\APEX\UL2A_AR_FINALIZER_V1_0_0\APEX_WATANYBOT_UL2A_AR_NATIONAL_MANIFEST_FINALIZER_V1_0_0_PACKAGE\village_manifest.csv","a8c810368436869531bd825a16fb42b9c9680e415648decad6d53bfa012e9760","exact-adm3-pcode","accepted","UL2A-AR-NATIONAL-MANIFEST-1.0.2"
"LB-LOC-73245","مركبا","SRC-NATIONAL-VILLAGE-MANIFEST","73245","C:\APEX\UL2A_AR_FINALIZER_V1_0_0\APEX_WATANYBOT_UL2A_AR_NATIONAL_MANIFEST_FINALIZER_V1_0_0_PACKAGE\village_manifest.csv","a8c810368436869531bd825a16fb42b9c9680e415648decad6d53bfa012e9760","exact-adm3-pcode","accepted","UL2A-AR-NATIONAL-MANIFEST-1.0.2"
"LB-LOC-73248","محيبيب","SRC-NATIONAL-VILLAGE-MANIFEST","73248","C:\APEX\UL2A_AR_FINALIZER_V1_0_0\APEX_WATANYBOT_UL2A_AR_NATIONAL_MANIFEST_FINALIZER_V1_0_0_PACKAGE\village_manifest.csv","a8c810368436869531bd825a16fb42b9c9680e415648decad6d53bfa012e9760","exact-adm3-pcode","accepted","UL2A-AR-NATIONAL-MANIFEST-1.0.2"
"LB-LOC-73250","ميس الجبل","SRC-NATIONAL-VILLAGE-MANIFEST","73250","C:\APEX\UL2A_AR_FINALIZER_V1_0_0\APEX_WATANYBOT_UL2A_AR_NATIONAL_MANIFEST_FINALIZER_V1_0_0_PACKAGE\village_manifest.csv","a8c810368436869531bd825a16fb42b9c9680e415648decad6d53bfa012e9760","exact-adm3-pcode","accepted","UL2A-AR-NATIONAL-MANIFEST-1.0.2"
"LB-LOC-73256","عدشيت القصير","SRC-NATIONAL-VILLAGE-MANIFEST","73256","C:\APEX\UL2A_AR_FINALIZER_V1_0_0\APEX_WATANYBOT_UL2A_AR_NATIONAL_MANIFEST_FINALIZER_V1_0_0_PACKAGE\village_manifest.csv","a8c810368436869531bd825a16fb42b9c9680e415648decad6d53bfa012e9760","exact-adm3-pcode","accepted","UL2A-AR-NATIONAL-MANIFEST-1.0.2"
"LB-LOC-73257","رب التلاتين","SRC-NATIONAL-VILLAGE-MANIFEST","73257","C:\APEX\UL2A_AR_FINALIZER_V1_0_0\APEX_WATANYBOT_UL2A_AR_NATIONAL_MANIFEST_FINALIZER_V1_0_0_PACKAGE\village_manifest.csv","a8c810368436869531bd825a16fb42b9c9680e415648decad6d53bfa012e9760","exact-adm3-pcode","accepted","UL2A-AR-NATIONAL-MANIFEST-1.0.2"
"LB-LOC-73262","قبريخا","SRC-NATIONAL-VILLAGE-MANIFEST","73262","C:\APEX\UL2A_AR_FINALIZER_V1_0_0\APEX_WATANYBOT_UL2A_AR_NATIONAL_MANIFEST_FINALIZER_V1_0_0_PACKAGE\village_manifest.csv","a8c810368436869531bd825a16fb42b9c9680e415648decad6d53bfa012e9760","exact-adm3-pcode","accepted","UL2A-AR-NATIONAL-MANIFEST-1.0.2"
"LB-LOC-73276","قنطرة","SRC-NATIONAL-VILLAGE-MANIFEST","73276","C:\APEX\UL2A_AR_FINALIZER_V1_0_0\APEX_WATANYBOT_UL2A_AR_NATIONAL_MANIFEST_FINALIZER_V1_0_0_PACKAGE\village_manifest.csv","a8c810368436869531bd825a16fb42b9c9680e415648decad6d53bfa012e9760","exact-adm3-pcode","accepted","UL2A-AR-NATIONAL-MANIFEST-1.0.2"
"LB-LOC-73279","مجدل سلم","SRC-NATIONAL-VILLAGE-MANIFEST","73279","C:\APEX\UL2A_AR_FINALIZER_V1_0_0\APEX_WATANYBOT_UL2A_AR_NATIONAL_MANIFEST_FINALIZER_V1_0_0_PACKAGE\village_manifest.csv","a8c810368436869531bd825a16fb42b9c9680e415648decad6d53bfa012e9760","exact-adm3-pcode","accepted","UL2A-AR-NATIONAL-MANIFEST-1.0.2"
"LB-LOC-73280","صوانة مرجعيون","SRC-NATIONAL-VILLAGE-MANIFEST","73280","C:\APEX\UL2A_AR_FINALIZER_V1_0_0\APEX_WATANYBOT_UL2A_AR_NATIONAL_MANIFEST_FINALIZER_V1_0_0_PACKAGE\village_manifest.csv","a8c810368436869531bd825a16fb42b9c9680e415648decad6d53bfa012e9760","exact-adm3-pcode","accepted","UL2A-AR-NATIONAL-MANIFEST-1.0.2"
"LB-LOC-73282","تولين","SRC-NATIONAL-VILLAGE-MANIFEST","73282","C:\APEX\UL2A_AR_FINALIZER_V1_0_0\APEX_WATANYBOT_UL2A_AR_NATIONAL_MANIFEST_FINALIZER_V1_0_0_PACKAGE\village_manifest.csv","a8c810368436869531bd825a16fb42b9c9680e415648decad6d53bfa012e9760","exact-adm3-pcode","accepted","UL2A-AR-NATIONAL-MANIFEST-1.0.2"
"LB-LOC-73288","بليدا","SRC-NATIONAL-VILLAGE-MANIFEST","73288","C:\APEX\UL2A_AR_FINALIZER_V1_0_0\APEX_WATANYBOT_UL2A_AR_NATIONAL_MANIFEST_FINALIZER_V1_0_0_PACKAGE\village_manifest.csv","a8c810368436869531bd825a16fb42b9c9680e415648decad6d53bfa012e9760","exact-adm3-pcode","accepted","UL2A-AR-NATIONAL-MANIFEST-1.0.2"
"LB-LOC-73293","علمانة","SRC-NATIONAL-VILLAGE-MANIFEST","73293","C:\APEX\UL2A_AR_FINALIZER_V1_0_0\APEX_WATANYBOT_UL2A_AR_NATIONAL_MANIFEST_FINALIZER_V1_0_0_PACKAGE\village_manifest.csv","a8c810368436869531bd825a16fb42b9c9680e415648decad6d53bfa012e9760","exact-adm3-pcode","accepted","UL2A-AR-NATIONAL-MANIFEST-1.0.2"
"LB-LOC-74111","حاصبيّا","SRC-NATIONAL-VILLAGE-MANIFEST","74111","C:\APEX\UL2A_AR_FINALIZER_V1_0_0\APEX_WATANYBOT_UL2A_AR_NATIONAL_MANIFEST_FINALIZER_V1_0_0_PACKAGE\village_manifest.csv","a8c810368436869531bd825a16fb42b9c9680e415648decad6d53bfa012e9760","exact-adm3-pcode","accepted","UL2A-AR-NATIONAL-MANIFEST-1.0.2"
"LB-LOC-74112","أبو قمحة","SRC-NATIONAL-VILLAGE-MANIFEST","74112","C:\APEX\UL2A_AR_FINALIZER_V1_0_0\APEX_WATANYBOT_UL2A_AR_NATIONAL_MANIFEST_FINALIZER_V1_0_0_PACKAGE\village_manifest.csv","a8c810368436869531bd825a16fb42b9c9680e415648decad6d53bfa012e9760","exact-adm3-pcode","accepted","UL2A-AR-NATIONAL-MANIFEST-1.0.2"
"LB-LOC-74114","عين جرفا","SRC-NATIONAL-VILLAGE-MANIFEST","74114","C:\APEX\UL2A_AR_FINALIZER_V1_0_0\APEX_WATANYBOT_UL2A_AR_NATIONAL_MANIFEST_FINALIZER_V1_0_0_PACKAGE\village_manifest.csv","a8c810368436869531bd825a16fb42b9c9680e415648decad6d53bfa012e9760","exact-adm3-pcode","accepted","UL2A-AR-NATIONAL-MANIFEST-1.0.2"
"LB-LOC-74116","الفرديس","SRC-NATIONAL-VILLAGE-MANIFEST","74116","C:\APEX\UL2A_AR_FINALIZER_V1_0_0\APEX_WATANYBOT_UL2A_AR_NATIONAL_MANIFEST_FINALIZER_V1_0_0_PACKAGE\village_manifest.csv","a8c810368436869531bd825a16fb42b9c9680e415648decad6d53bfa012e9760","exact-adm3-pcode","accepted","UL2A-AR-NATIONAL-MANIFEST-1.0.2"
"LB-LOC-74118","راشيّا الفخار","SRC-NATIONAL-VILLAGE-MANIFEST","74118","C:\APEX\UL2A_AR_FINALIZER_V1_0_0\APEX_WATANYBOT_UL2A_AR_NATIONAL_MANIFEST_FINALIZER_V1_0_0_PACKAGE\village_manifest.csv","a8c810368436869531bd825a16fb42b9c9680e415648decad6d53bfa012e9760","exact-adm3-pcode","accepted","UL2A-AR-NATIONAL-MANIFEST-1.0.2"
"LB-LOC-74120","كفرحمام","SRC-NATIONAL-VILLAGE-MANIFEST","74120","C:\APEX\UL2A_AR_FINALIZER_V1_0_0\APEX_WATANYBOT_UL2A_AR_NATIONAL_MANIFEST_FINALIZER_V1_0_0_PACKAGE\village_manifest.csv","a8c810368436869531bd825a16fb42b9c9680e415648decad6d53bfa012e9760","exact-adm3-pcode","accepted","UL2A-AR-NATIONAL-MANIFEST-1.0.2"
"LB-LOC-74122","هبّارية","SRC-NATIONAL-VILLAGE-MANIFEST","74122","C:\APEX\UL2A_AR_FINALIZER_V1_0_0\APEX_WATANYBOT_UL2A_AR_NATIONAL_MANIFEST_FINALIZER_V1_0_0_PACKAGE\village_manifest.csv","a8c810368436869531bd825a16fb42b9c9680e415648decad6d53bfa012e9760","exact-adm3-pcode","accepted","UL2A-AR-NATIONAL-MANIFEST-1.0.2"
"LB-LOC-74124","شويّا","SRC-NATIONAL-VILLAGE-MANIFEST","74124","C:\APEX\UL2A_AR_FINALIZER_V1_0_0\APEX_WATANYBOT_UL2A_AR_NATIONAL_MANIFEST_FINALIZER_V1_0_0_PACKAGE\village_manifest.csv","a8c810368436869531bd825a16fb42b9c9680e415648decad6d53bfa012e9760","exact-adm3-pcode","accepted","UL2A-AR-NATIONAL-MANIFEST-1.0.2"
"LB-LOC-74126","عين قنيا","SRC-NATIONAL-VILLAGE-MANIFEST","74126","C:\APEX\UL2A_AR_FINALIZER_V1_0_0\APEX_WATANYBOT_UL2A_AR_NATIONAL_MANIFEST_FINALIZER_V1_0_0_PACKAGE\village_manifest.csv","a8c810368436869531bd825a16fb42b9c9680e415648decad6d53bfa012e9760","exact-adm3-pcode","accepted","UL2A-AR-NATIONAL-MANIFEST-1.0.2"
"LB-LOC-74128","ميمس","SRC-NATIONAL-VILLAGE-MANIFEST","74128","C:\APEX\UL2A_AR_FINALIZER_V1_0_0\APEX_WATANYBOT_UL2A_AR_NATIONAL_MANIFEST_FINALIZER_V1_0_0_PACKAGE\village_manifest.csv","a8c810368436869531bd825a16fb42b9c9680e415648decad6d53bfa012e9760","exact-adm3-pcode","accepted","UL2A-AR-NATIONAL-MANIFEST-1.0.2"
"LB-LOC-74130","شبعا","SRC-NATIONAL-VILLAGE-MANIFEST","74130","C:\APEX\UL2A_AR_FINALIZER_V1_0_0\APEX_WATANYBOT_UL2A_AR_NATIONAL_MANIFEST_FINALIZER_V1_0_0_PACKAGE\village_manifest.csv","a8c810368436869531bd825a16fb42b9c9680e415648decad6d53bfa012e9760","exact-adm3-pcode","accepted","UL2A-AR-NATIONAL-MANIFEST-1.0.2"
"LB-LOC-74131","مرج الزهور الدنيبة","SRC-NATIONAL-VILLAGE-MANIFEST","74131","C:\APEX\UL2A_AR_FINALIZER_V1_0_0\APEX_WATANYBOT_UL2A_AR_NATIONAL_MANIFEST_FINALIZER_V1_0_0_PACKAGE\village_manifest.csv","a8c810368436869531bd825a16fb42b9c9680e415648decad6d53bfa012e9760","exact-adm3-pcode","accepted","UL2A-AR-NATIONAL-MANIFEST-1.0.2"
"LB-LOC-74133","كوكبا حاصبيّا","SRC-NATIONAL-VILLAGE-MANIFEST","74133","C:\APEX\UL2A_AR_FINALIZER_V1_0_0\APEX_WATANYBOT_UL2A_AR_NATIONAL_MANIFEST_FINALIZER_V1_0_0_PACKAGE\village_manifest.csv","a8c810368436869531bd825a16fb42b9c9680e415648decad6d53bfa012e9760","exact-adm3-pcode","accepted","UL2A-AR-NATIONAL-MANIFEST-1.0.2"
"LB-LOC-74141","صلايب","SRC-NATIONAL-VILLAGE-MANIFEST","74141","C:\APEX\UL2A_AR_FINALIZER_V1_0_0\APEX_WATANYBOT_UL2A_AR_NATIONAL_MANIFEST_FINALIZER_V1_0_0_PACKAGE\village_manifest.csv","a8c810368436869531bd825a16fb42b9c9680e415648decad6d53bfa012e9760","exact-adm3-pcode","accepted","UL2A-AR-NATIONAL-MANIFEST-1.0.2"
"LB-LOC-74155","برغز","SRC-NATIONAL-VILLAGE-MANIFEST","74155","C:\APEX\UL2A_AR_FINALIZER_V1_0_0\APEX_WATANYBOT_UL2A_AR_NATIONAL_MANIFEST_FINALIZER_V1_0_0_PACKAGE\village_manifest.csv","a8c810368436869531bd825a16fb42b9c9680e415648decad6d53bfa012e9760","exact-adm3-pcode","accepted","UL2A-AR-NATIONAL-MANIFEST-1.0.2"
"LB-LOC-74158","ماري","SRC-NATIONAL-VILLAGE-MANIFEST","74158","C:\APEX\UL2A_AR_FINALIZER_V1_0_0\APEX_WATANYBOT_UL2A_AR_NATIONAL_MANIFEST_FINALIZER_V1_0_0_PACKAGE\village_manifest.csv","a8c810368436869531bd825a16fb42b9c9680e415648decad6d53bfa012e9760","exact-adm3-pcode","accepted","UL2A-AR-NATIONAL-MANIFEST-1.0.2"
"LB-LOC-74160","كفر شوبا","SRC-NATIONAL-VILLAGE-MANIFEST","74160","C:\APEX\UL2A_AR_FINALIZER_V1_0_0\APEX_WATANYBOT_UL2A_AR_NATIONAL_MANIFEST_FINALIZER_V1_0_0_PACKAGE\village_manifest.csv","a8c810368436869531bd825a16fb42b9c9680e415648decad6d53bfa012e9760","exact-adm3-pcode","accepted","UL2A-AR-NATIONAL-MANIFEST-1.0.2"
"LB-LOC-74168","خلوات حاصبيّا","SRC-NATIONAL-VILLAGE-MANIFEST","74168","C:\APEX\UL2A_AR_FINALIZER_V1_0_0\APEX_WATANYBOT_UL2A_AR_NATIONAL_MANIFEST_FINALIZER_V1_0_0_PACKAGE\village_manifest.csv","a8c810368436869531bd825a16fb42b9c9680e415648decad6d53bfa012e9760","exact-adm3-pcode","accepted","UL2A-AR-NATIONAL-MANIFEST-1.0.2"
"LB-LOC-74175","كفير الزيت","SRC-NATIONAL-VILLAGE-MANIFEST","74175","C:\APEX\UL2A_AR_FINALIZER_V1_0_0\APEX_WATANYBOT_UL2A_AR_NATIONAL_MANIFEST_FINALIZER_V1_0_0_PACKAGE\village_manifest.csv","a8c810368436869531bd825a16fb42b9c9680e415648decad6d53bfa012e9760","exact-adm3-pcode","accepted","UL2A-AR-NATIONAL-MANIFEST-1.0.2"
"LB-LOC-74177","مجيدية حاصبيا","SRC-NATIONAL-VILLAGE-MANIFEST","74177","C:\APEX\UL2A_AR_FINALIZER_V1_0_0\APEX_WATANYBOT_UL2A_AR_NATIONAL_MANIFEST_FINALIZER_V1_0_0_PACKAGE\village_manifest.csv","a8c810368436869531bd825a16fb42b9c9680e415648decad6d53bfa012e9760","exact-adm3-pcode","accepted","UL2A-AR-NATIONAL-MANIFEST-1.0.2"
"LB-LOC-74179","دلافة","SRC-NATIONAL-VILLAGE-MANIFEST","74179","C:\APEX\UL2A_AR_FINALIZER_V1_0_0\APEX_WATANYBOT_UL2A_AR_NATIONAL_MANIFEST_FINALIZER_V1_0_0_PACKAGE\village_manifest.csv","a8c810368436869531bd825a16fb42b9c9680e415648decad6d53bfa012e9760","exact-adm3-pcode","accepted","UL2A-AR-NATIONAL-MANIFEST-1.0.2"
"LB-LOC-74181","خريبة حاصبيّا","SRC-NATIONAL-VILLAGE-MANIFEST","74181","C:\APEX\UL2A_AR_FINALIZER_V1_0_0\APEX_WATANYBOT_UL2A_AR_NATIONAL_MANIFEST_FINALIZER_V1_0_0_PACKAGE\village_manifest.csv","a8c810368436869531bd825a16fb42b9c9680e415648decad6d53bfa012e9760","exact-adm3-pcode","accepted","UL2A-AR-NATIONAL-MANIFEST-1.0.2"
