"id","value","normalizedValue","language","localityId","provenance","active"
"LB-ALIAS-B6EE8A510BF4","Aabboudiyeh","aabboudiyeh","en","LB-LOC-35249","[object Object]","true"
"LB-ALIAS-1BDADC855F25","العبودية","العبودية","ar","LB-LOC-35249","[object Object]","true"
"LB-ALIAS-CA27785A4F67","Aain Ez-Zeit","aain ez zeit","en","LB-LOC-35427","[object Object]","true"
"LB-ALIAS-9DFAE89E8D93","عين الزيت","عين الزيت","ar","LB-LOC-35427","[object Object]","true"
"LB-ALIAS-D45775C5DD81","Aain Tinta","aain tinta","en","LB-LOC-35435","[object Object]","true"
"LB-ALIAS-F9F2E2DDE753","عين تنتا","عين تنتا","ar","LB-LOC-35435","[object Object]","true"
"LB-ALIAS-8E8F1F639CFD","Aain Yaaqoub","aain yaaqoub","en","LB-LOC-35187","[object Object]","true"
"LB-ALIAS-61671391E652","عين يعقوب","عين يعقوب","ar","LB-LOC-35187","[object Object]","true"
"LB-ALIAS-CF67AB3105A1","Aaiyat","aaiyat","en","LB-LOC-35185","[object Object]","true"
"LB-ALIAS-6B1C287C4B4C","عيات","عيات","ar","LB-LOC-35185","[object Object]","true"
"LB-ALIAS-7D3F9C96D340","Aakkar El-Aatiqa","aakkar el aatiqa","en","LB-LOC-35191","[object Object]","true"
"LB-ALIAS-2E8B4FC3E75C","عكار العتيقة","عكار العتيقة","ar","LB-LOC-35191","[object Object]","true"
"LB-ALIAS-14A169FC3A5D","Aamaret Aakkar","aamaret aakkar","en","LB-LOC-35265","[object Object]","true"
"LB-ALIAS-7A7286F4C422","عماره","عماره","ar","LB-LOC-35265","[object Object]","true"
"LB-ALIAS-FA39E7B19694","Aamaret El-Baykat","aamaret el baykat","en","LB-LOC-35449","[object Object]","true"
"LB-ALIAS-3E3CD26BCFE1","عمار البيكات","عمار البيكات","ar","LB-LOC-35449","[object Object]","true"
"LB-ALIAS-6D4CE215AB19","Aamayer","aamayer","en","LB-LOC-35512","[object Object]","true"
"LB-ALIAS-C30263082B62","العماير","العماير","ar","LB-LOC-35512","[object Object]","true"
"LB-ALIAS-98E7E75E7029","Aamriyet Aakkar","aamriyet aakkar","en","LB-LOC-35421","[object Object]","true"
"LB-ALIAS-D9DB599062B4","العمارية","العمارية","ar","LB-LOC-35421","[object Object]","true"
"LB-ALIAS-89DB58512CCF","Aandqet","aandqet","en","LB-LOC-35498","[object Object]","true"
"LB-ALIAS-6233BAD5D516","عندقت","عندقت","ar","LB-LOC-35498","[object Object]","true"
"LB-ALIAS-E134DB0A6817","Aaouaainat Aakkar","aaouaainat aakkar","en","LB-LOC-35420","[object Object]","true"
"LB-ALIAS-48865D21FC34","العوينات","العوينات","ar","LB-LOC-35420","[object Object]","true"
"LB-ALIAS-678253D61F03","AAridet Cheikh Zennad","aaridet cheikh zennad","en","LB-LOC-35273","[object Object]","true"
"LB-ALIAS-BA1266BAC059","العريضة","العريضة","ar","LB-LOC-35273","[object Object]","true"
"LB-ALIAS-C5DA5DF9AEB4","Aarmeh","aarmeh","en","LB-LOC-35484","[object Object]","true"
"LB-ALIAS-C61BE7823CEA","عرمه","عرمه","ar","LB-LOC-35484","[object Object]","true"
"LB-ALIAS-D8A7936AB581","Aarqa","aarqa","en","LB-LOC-35141","[object Object]","true"
"LB-ALIAS-9614ABCF67D9","عرقا","عرقا","ar","LB-LOC-35141","[object Object]","true"
"LB-ALIAS-46270FE3AA9C","Aayoun Aakkar","aayoun aakkar","en","LB-LOC-35177","[object Object]","true"
"LB-ALIAS-C8791E4563D1","العيون","العيون","ar","LB-LOC-35177","[object Object]","true"
"LB-ALIAS-98E72AC4551E","Aayoun El-Ghizlane","aayoun el ghizlane","en","LB-LOC-35347","[object Object]","true"
"LB-ALIAS-675E833311F9","عيون الغزلان","عيون الغزلان","ar","LB-LOC-35347","[object Object]","true"
"LB-ALIAS-CF552A839D79","Baghdadi","baghdadi","en","LB-LOC-35439","[object Object]","true"
"LB-ALIAS-94DF82D334A6","دوسة بغدادي","دوسة بغدادي","ar","LB-LOC-35439","[object Object]","true"
"LB-ALIAS-3979A302DF4C","Balde WaMazraatBaldeh","balde wamazraatbaldeh","en","LB-LOC-35158","[object Object]","true"
"LB-ALIAS-7078CFC8EFA8","بلدي","بلدي","ar","LB-LOC-35158","[object Object]","true"
"LB-ALIAS-23FEBB42382E","Barcha","barcha","en","LB-LOC-35241","[object Object]","true"
"LB-ALIAS-2D9DFB8E639A","برشا","برشا","ar","LB-LOC-35241","[object Object]","true"
"LB-ALIAS-AED69EEE88B3","Bardeh","bardeh","en","LB-LOC-35408","[object Object]","true"
"LB-ALIAS-120937F2A584","بردي","بردي","ar","LB-LOC-35408","[object Object]","true"
"LB-ALIAS-DE40EA523F8B","Bebnine","bebnine","en","LB-LOC-35275","[object Object]","true"
"LB-ALIAS-D8FA92C75B1D","ببنين","ببنين","ar","LB-LOC-35275","[object Object]","true"
"LB-ALIAS-14E18917FB02","Beino","beino","en","LB-LOC-35175","[object Object]","true"
"LB-ALIAS-8B251D39BA82","بينو","بينو","ar","LB-LOC-35175","[object Object]","true"
"LB-ALIAS-F3E7E3008D93","Beit Ayoub","beit ayoub","en","LB-LOC-35337","[object Object]","true"
"LB-ALIAS-E9CDBEC3AF42","بيت ايوب","بيت ايوب","ar","LB-LOC-35337","[object Object]","true"
"LB-ALIAS-37D2897BDDE3","Beit El-Haouch","beit el haouch","en","LB-LOC-35367","[object Object]","true"
"LB-ALIAS-908DE38CD1E6","بيت الحوش","بيت الحوش","ar","LB-LOC-35367","[object Object]","true"
"LB-ALIAS-8470E28EA039","Beit Mellat","beit mellat","en","LB-LOC-35174","[object Object]","true"
"LB-ALIAS-72261CAFF238","بيت ملات","بيت ملات","ar","LB-LOC-35174","[object Object]","true"
"LB-ALIAS-4F9C5B63FBE4","Beit Younes","beit younes","en","LB-LOC-35321","[object Object]","true"
"LB-ALIAS-6DCF1C366707","بيت يونس","بيت يونس","ar","LB-LOC-35321","[object Object]","true"
"LB-ALIAS-6FE42A15586D","Berbara Aakkar","berbara aakkar","en","LB-LOC-35433","[object Object]","true"
"LB-ALIAS-2B58BC5D1A12","برباره","برباره","ar","LB-LOC-35433","[object Object]","true"
"LB-ALIAS-EC38FE311B30","Berqayel","berqayel","en","LB-LOC-35314","[object Object]","true"
"LB-ALIAS-5060C2CC1BD0","برقايل","برقايل","ar","LB-LOC-35314","[object Object]","true"
"LB-ALIAS-7871AF9A8E17","Bezbina","bezbina","en","LB-LOC-35189","[object Object]","true"
"LB-ALIAS-F8CC78A5ACB2","بزبينا","بزبينا","ar","LB-LOC-35189","[object Object]","true"
"LB-ALIAS-3D06D6F33BCF","Biret Aakkar","biret aakkar","en","LB-LOC-35416","[object Object]","true"
"LB-ALIAS-EAA9225335C9","البيره عكار","البيره عكار","ar","LB-LOC-35416","[object Object]","true"
"LB-ALIAS-358F2CFAFCB5","Borj Aakkar","borj aakkar","en","LB-LOC-35183","[object Object]","true"
"LB-ALIAS-ECB2DD1F989F","البرج عكار","البرج عكار","ar","LB-LOC-35183","[object Object]","true"
"LB-ALIAS-2DFBFA7EAE06","Bqerzla","bqerzla","en","LB-LOC-35147","[object Object]","true"
"LB-ALIAS-2DC58A5C7C1C","بقرزلا","بقرزلا","ar","LB-LOC-35147","[object Object]","true"
"LB-ALIAS-F7917ACC609F","Bsatine Aakkar","bsatine aakkar","en","LB-LOC-35425","[object Object]","true"
"LB-ALIAS-9C63DF960A46","فسقين و عين اشما","فسقين و عين اشما","ar","LB-LOC-35425","[object Object]","true"
"LB-ALIAS-46A2FA61FC7C","Bzal","bzal","en","LB-LOC-35316","[object Object]","true"
"LB-ALIAS-335515A4A868","بزال","بزال","ar","LB-LOC-35316","[object Object]","true"
"LB-ALIAS-6E317C2089B7","Chane","chane","en","LB-LOC-35320","[object Object]","true"
"LB-ALIAS-F87AEE06CF74","شان","شان","ar","LB-LOC-35320","[object Object]","true"
"LB-ALIAS-27421371190A","Chaqdouf","chaqdouf","en","LB-LOC-35181","[object Object]","true"
"LB-ALIAS-ECC9EFC6EDA4","الشقدوف","الشقدوف","ar","LB-LOC-35181","[object Object]","true"
"LB-ALIAS-78CD6268C5D4","Charbila","charbila","en","LB-LOC-35457","[object Object]","true"
"LB-ALIAS-B6711F45F01A","شربيلا","شربيلا","ar","LB-LOC-35457","[object Object]","true"
"LB-ALIAS-1E35B687364A","Cheikh Mohammad","cheikh mohammad","en","LB-LOC-35113","[object Object]","true"
"LB-ALIAS-71B03922C02C","الشيخ محمد","الشيخ محمد","ar","LB-LOC-35113","[object Object]","true"
"LB-ALIAS-A9EAB0A39093","Cheikh Taba","cheikh taba","en","LB-LOC-35123","[object Object]","true"
"LB-ALIAS-660A013126C3","الشيخ طابا","الشيخ طابا","ar","LB-LOC-35123","[object Object]","true"
"LB-ALIAS-3758D53E33B4","Cheikh Taba Es-Sahl","cheikh taba es sahl","en","LB-LOC-35121","[object Object]","true"
"LB-ALIAS-76D444BDD043","الشيخ طابا السهل","الشيخ طابا السهل","ar","LB-LOC-35121","[object Object]","true"
"LB-ALIAS-380442BA3887","Cheikh Zennad","cheikh zennad","en","LB-LOC-35267","[object Object]","true"
"LB-ALIAS-036BD7AB2C5A","الشيخ زناد","الشيخ زناد","ar","LB-LOC-35267","[object Object]","true"
"LB-ALIAS-A609EA97E1E8","Cheikhlar","cheikhlar","en","LB-LOC-35402","[object Object]","true"
"LB-ALIAS-21418E245CC0","شيخلار","شيخلار","ar","LB-LOC-35402","[object Object]","true"
"LB-ALIAS-A666E51EBBA9","Chir Hmairine","chir hmairine","en","LB-LOC-35224","[object Object]","true"
"LB-ALIAS-D4C4B56B69E0","شير حمارين","شير حمارين","ar","LB-LOC-35224","[object Object]","true"
"LB-ALIAS-7260A9EAA90F","Daghleh","daghleh","en","LB-LOC-35419","[object Object]","true"
"LB-ALIAS-340F0F393C85","الدغلة","الدغلة","ar","LB-LOC-35419","[object Object]","true"
"LB-ALIAS-74DF42959939","Dahr Laissine","dahr laissine","en","LB-LOC-35155","[object Object]","true"
"LB-ALIAS-523C8ED0E750","ضهر ليسينه","ضهر ليسينه","ar","LB-LOC-35155","[object Object]","true"
"LB-ALIAS-6D7E9461F38C","Daouret Aakkar","daouret aakkar","en","LB-LOC-35126","[object Object]","true"
"LB-ALIAS-54C00A5C4B03","الدوره","الدوره","ar","LB-LOC-35126","[object Object]","true"
"LB-ALIAS-AFB495F67920","Darine","darine","en","LB-LOC-35225","[object Object]","true"
"LB-ALIAS-E86D11AD7D71","دارين","دارين","ar","LB-LOC-35225","[object Object]","true"
"LB-ALIAS-C750C77713ED","Dayret Nahr El-Kabir","dayret nahr el kabir","en","LB-LOC-35511","[object Object]","true"
"LB-ALIAS-8CF2A3037DF6","دائرة النهر الكبير","دايرة النهر الكبير","ar","LB-LOC-35511","[object Object]","true"
"LB-ALIAS-BF66FC323208","Deir Dalloum","deir dalloum","en","LB-LOC-35149","[object Object]","true"
"LB-ALIAS-4CE3D9FE0A90","دير دلوم","دير دلوم","ar","LB-LOC-35149","[object Object]","true"
"LB-ALIAS-24D11333EB8B","Deir Jannine","deir jannine","en","LB-LOC-35441","[object Object]","true"
"LB-ALIAS-5F0D65B9206A","دير جنين","دير جنين","ar","LB-LOC-35441","[object Object]","true"
"LB-ALIAS-765A747F0513","Dibbabiyeh","dibbabiyeh","en","LB-LOC-35432","[object Object]","true"
"LB-ALIAS-066F80B9D1BB","دبابية","دبابية","ar","LB-LOC-35432","[object Object]","true"
"LB-ALIAS-D3283F442FE1","Dinbou","dinbou","en","LB-LOC-35318","[object Object]","true"
"LB-ALIAS-6E78BBCFD9E3","دنبو عين الذهب","دنبو عين الذهب","ar","LB-LOC-35318","[object Object]","true"
"LB-ALIAS-FFAEFFA7410D","Douair Aadouiyeh","douair aadouiyeh","en","LB-LOC-35443","[object Object]","true"
"LB-ALIAS-C461D4AD2A9E","دوير عدويه","دوير عدويه","ar","LB-LOC-35443","[object Object]","true"
"LB-ALIAS-80942000D92C","Fnaydeq","fnaydeq","en","LB-LOC-35353","[object Object]","true"
"LB-ALIAS-DCE0AB1F885A","النبي خالد","النبي خالد","ar","LB-LOC-35353","[object Object]","true"
"LB-ALIAS-E02F221F3891","Fraydes Aakkar","fraydes aakkar","en","LB-LOC-35412","[object Object]","true"
"LB-ALIAS-2A939FDC492D","فريديس","فريديس","ar","LB-LOC-35412","[object Object]","true"
"LB-ALIAS-90E24186D97D","Ghazayleh","ghazayleh","en","LB-LOC-35475","[object Object]","true"
"LB-ALIAS-4CE7D433E4F6","الغزيله","الغزيله","ar","LB-LOC-35475","[object Object]","true"
"LB-ALIAS-A471499BAC6A","Habchit","habchit","en","LB-LOC-35326","[object Object]","true"
"LB-ALIAS-971BCC4F3CB2","حبشيت","حبشيت","ar","LB-LOC-35326","[object Object]","true"
"LB-ALIAS-5BCF57109DB6","Hakour","hakour","en","LB-LOC-35131","[object Object]","true"
"LB-ALIAS-3CACBE83323F","مشيلحة الحاكور","مشيلحة الحاكور","ar","LB-LOC-35131","[object Object]","true"
"LB-ALIAS-BCFE6FB379AF","Halba","halba","en","LB-LOC-35111","[object Object]","true"
"LB-ALIAS-C920BBF54CDE","حلبا","حلبا","ar","LB-LOC-35111","[object Object]","true"
"LB-ALIAS-AF9F78A5465B","Haouchab","haouchab","en","LB-LOC-35219","[object Object]","true"
"LB-ALIAS-1EAC98483131","هوشب","هوشب","ar","LB-LOC-35219","[object Object]","true"
"LB-ALIAS-09717CFB01F2","Hayssa","hayssa","en","LB-LOC-35221","[object Object]","true"
"LB-ALIAS-A8ED72F42E8D","الحيصة","الحيصة","ar","LB-LOC-35221","[object Object]","true"
"LB-ALIAS-581327D59577","Haytla","haytla","en","LB-LOC-35463","[object Object]","true"
"LB-ALIAS-507833CD5C18","هيتلا","هيتلا","ar","LB-LOC-35463","[object Object]","true"
"LB-ALIAS-848EF8BECE22","Hayzouq","hayzouq","en","LB-LOC-35139","[object Object]","true"
"LB-ALIAS-4A94DBECD478","حيزوق","حيزوق","ar","LB-LOC-35139","[object Object]","true"
"LB-ALIAS-56471CF95687","Hedd","hedd","en","LB-LOC-35169","[object Object]","true"
"LB-ALIAS-73DEDFFCE042","الهد","الهد","ar","LB-LOC-35169","[object Object]","true"
"LB-ALIAS-40FB878107C3","Hmaireh Aakkar","hmaireh aakkar","en","LB-LOC-35331","[object Object]","true"
"LB-ALIAS-DBF0F9028A98","الحميرة","الحميرة","ar","LB-LOC-35331","[object Object]","true"
"LB-ALIAS-4CC66723D4DE","Hmaiss Aakkar","hmaiss aakkar","en","LB-LOC-35470","[object Object]","true"
"LB-ALIAS-28B415D3E2DA","حميص","حميص","ar","LB-LOC-35470","[object Object]","true"
"LB-ALIAS-870063EA2CB3","Hnaider","hnaider","en","LB-LOC-35514","[object Object]","true"
"LB-ALIAS-5F052A2ABF8D","حنيدر","حنيدر","ar","LB-LOC-35514","[object Object]","true"
"LB-ALIAS-A35583919056","Hokr Ed-Dahri","hokr ed dahri","en","LB-LOC-35253","[object Object]","true"
"LB-ALIAS-27FEF2F1DBC6","حكر الضاهري","حكر الضاهري","ar","LB-LOC-35253","[object Object]","true"
"LB-ALIAS-F57EA3C0C913","Hokr Etti","hokr etti","en","LB-LOC-35223","[object Object]","true"
"LB-ALIAS-24E818B93D23","حكر قتة","حكر قتة","ar","LB-LOC-35223","[object Object]","true"
"LB-ALIAS-EA8FB16B4668","Hokr Jouret Srar","hokr jouret srar","en","LB-LOC-35239","[object Object]","true"
"LB-ALIAS-6D75FADFCA31","حكر جورة سرار","حكر جورة سرار","ar","LB-LOC-35239","[object Object]","true"
"LB-ALIAS-E167ACF54C3D","Houaich","houaich","en","LB-LOC-35322","[object Object]","true"
"LB-ALIAS-4D7AAC61B2A8","الحويش","الحويش","ar","LB-LOC-35322","[object Object]","true"
"LB-ALIAS-1E0A46FA673E","Hrar","hrar","en","LB-LOC-35328","[object Object]","true"
"LB-ALIAS-4EE5ED0418B7","حرار","حرار","ar","LB-LOC-35328","[object Object]","true"
"LB-ALIAS-3945CCEB351F","Idbil","idbil","en","LB-LOC-35117","[object Object]","true"
"LB-ALIAS-E1D05DAB7C17","عدبل","عدبل","ar","LB-LOC-35117","[object Object]","true"
"LB-ALIAS-3995A330A203","Ilat","ilat","en","LB-LOC-35145","[object Object]","true"
"LB-ALIAS-05A60EB10AAB","ايلات","ايلات","ar","LB-LOC-35145","[object Object]","true"
"LB-ALIAS-473C65CE87A6","Janine","janine","en","LB-LOC-35263","[object Object]","true"
"LB-ALIAS-7E159F70BDDE","جنين","جنين","ar","LB-LOC-35263","[object Object]","true"
"LB-ALIAS-E8B5F267C3B8","Jdeidet El-Qaitaa","jdeidet el qaitaa","en","LB-LOC-35344","[object Object]","true"
"LB-ALIAS-4C3EEB50D135","جديدة القيطع","جديدة القيطع","ar","LB-LOC-35344","[object Object]","true"
"LB-ALIAS-B6A32448639D","Jdidet Ej-Joumeh","jdidet ej joumeh","en","LB-LOC-35125","[object Object]","true"
"LB-ALIAS-D94A3ED87A6C","جديدة الجومه","جديدة الجومه","ar","LB-LOC-35125","[object Object]","true"
"LB-ALIAS-4BCD0A4A4CD8","Jebrayel","jebrayel","en","LB-LOC-35163","[object Object]","true"
"LB-ALIAS-870017F304A4","جبرائيل","جبراييل","ar","LB-LOC-35163","[object Object]","true"
"LB-ALIAS-63E39EA71F50","Kafr","kafr","en","LB-LOC-35423","[object Object]","true"
"LB-ALIAS-189F60864DE1","كفر الفتوح","كفر الفتوح","ar","LB-LOC-35423","[object Object]","true"
"LB-ALIAS-F6374405F089","Karm Aasfour","karm aasfour","en","LB-LOC-35133","[object Object]","true"
"LB-ALIAS-9E933C3E8BF2","كرم عصفور","كرم عصفور","ar","LB-LOC-35133","[object Object]","true"
"LB-ALIAS-B6321FAA7FB5","Kfar Harra","kfar harra","en","LB-LOC-35157","[object Object]","true"
"LB-ALIAS-890131882E2C","كفرحره","كفرحره","ar","LB-LOC-35157","[object Object]","true"
"LB-ALIAS-F623FB082368","Kfar Melki Aakkar","kfar melki aakkar","en","LB-LOC-35234","[object Object]","true"
"LB-ALIAS-F6D603BD2111","كفرملكي","كفرملكي","ar","LB-LOC-35234","[object Object]","true"
"LB-ALIAS-003E4EA6B3A5","Kfar Noun","kfar noun","en","LB-LOC-35406","[object Object]","true"
"LB-ALIAS-90BE14915C23","كفرنون","كفرنون","ar","LB-LOC-35406","[object Object]","true"
"LB-ALIAS-679A20595564","Khalsa","khalsa","en","LB-LOC-35430","[object Object]","true"
"LB-ALIAS-B5B1BFB2BAB0","خالصة","خالصة","ar","LB-LOC-35430","[object Object]","true"
"LB-ALIAS-8488E6B9450D","Kharnoubet Aakkar","kharnoubet aakkar","en","LB-LOC-35257","[object Object]","true"
"LB-ALIAS-FEA2B5A7F007","الخرنوبه","الخرنوبه","ar","LB-LOC-35257","[object Object]","true"
"LB-ALIAS-1B1821FF38FB","Khirbet Char","khirbet char","en","LB-LOC-35431","[object Object]","true"
"LB-ALIAS-C1EA10C293EF","خربة شار","خربة شار","ar","LB-LOC-35431","[object Object]","true"
"LB-ALIAS-3707DC432910","Khirbet Daoud Aakkar","khirbet daoud aakkar","en","LB-LOC-35417","[object Object]","true"
"LB-ALIAS-E0011F6275A9","خربة داوود","خربة داوود","ar","LB-LOC-35417","[object Object]","true"
"LB-ALIAS-F87CDE750109","Khirbet Er Remmane","khirbet er remmane","en","LB-LOC-35410","[object Object]","true"
"LB-ALIAS-8296C52BF799","خربة الرمان","خربة الرمان","ar","LB-LOC-35410","[object Object]","true"
"LB-ALIAS-903393C1ECCB","Khreibet Aakkar","khreibet aakkar","en","LB-LOC-35330","[object Object]","true"
"LB-ALIAS-FB6C2EFF5367","الخريبة","الخريبة","ar","LB-LOC-35330","[object Object]","true"
"LB-ALIAS-0B61856AFE74","Khreibet Ej-Jindi","khreibet ej jindi","en","LB-LOC-35216","[object Object]","true"
"LB-ALIAS-E5BA442156BC","خريبة الجندي","خريبة الجندي","ar","LB-LOC-35216","[object Object]","true"
"LB-ALIAS-E874692756A2","Kneisset Aakkar","kneisset aakkar","en","LB-LOC-35245","[object Object]","true"
"LB-ALIAS-7B5CB51D6391","الكنيسة","الكنيسة","ar","LB-LOC-35245","[object Object]","true"
"LB-ALIAS-0F5507EBBBE2","Kneisset Hnaider","kneisset hnaider","en","LB-LOC-35515","[object Object]","true"
"LB-ALIAS-633E2EBF05E3","كنيسة هنيدر","كنيسة هنيدر","ar","LB-LOC-35515","[object Object]","true"
"LB-ALIAS-DAE26CFD44C6","Knisseh","knisseh","en","LB-LOC-35465","[object Object]","true"
"LB-ALIAS-3BE8B8D07F34","كنيسة","كنيسة","ar","LB-LOC-35465","[object Object]","true"
"LB-ALIAS-4FE5A26E8964","Kouachra","kouachra","en","LB-LOC-35429","[object Object]","true"
"LB-ALIAS-B3568D7F1CEA","الكواشرة","الكواشرة","ar","LB-LOC-35429","[object Object]","true"
"LB-ALIAS-2232E9A0D915","Koueikhat","koueikhat","en","LB-LOC-35215","[object Object]","true"
"LB-ALIAS-C45F269CE700","الكويخات","الكويخات","ar","LB-LOC-35215","[object Object]","true"
"LB-ALIAS-720396C73A0C","Kroum El-Aarab","kroum el aarab","en","LB-LOC-35119","[object Object]","true"
"LB-ALIAS-191CBBEE949A","كروم العرب","كروم العرب","ar","LB-LOC-35119","[object Object]","true"
"LB-ALIAS-C11B3E09DF19","Machha","machha","en","LB-LOC-35137","[object Object]","true"
"LB-ALIAS-070D2B587DD4","مشحة","مشحة","ar","LB-LOC-35137","[object Object]","true"
"LB-ALIAS-637CCFD5388A","Machta Hammoud","machta hammoud","en","LB-LOC-35437","[object Object]","true"
"LB-ALIAS-77644C18E93E","مشتى حمود","مشتي حمود","ar","LB-LOC-35437","[object Object]","true"
"LB-ALIAS-A10B6A3B7E12","Majdala","majdala","en","LB-LOC-35354","[object Object]","true"
"LB-ALIAS-8DF0D8E65CF6","مجدلا","مجدلا","ar","LB-LOC-35354","[object Object]","true"
"LB-ALIAS-AADCA6EEC707","Majdel Akkar","majdel akkar","en","LB-LOC-35128","[object Object]","true"
"LB-ALIAS-FD0FBAB382C3","المجدل عكار","المجدل عكار","ar","LB-LOC-35128","[object Object]","true"
"LB-ALIAS-E54CFE404B6E","Mar Touma","mar touma","en","LB-LOC-35167","[object Object]","true"
"LB-ALIAS-E3DE25BF3D0B","مار توما","مار توما","ar","LB-LOC-35167","[object Object]","true"
"LB-ALIAS-7A1020826A0F","Marlaya Melhem","marlaya melhem","en","LB-LOC-35255","[object Object]","true"
"LB-ALIAS-A661F49CFC5A","مار ليا ملحم","مار ليا ملحم","ar","LB-LOC-35255","[object Object]","true"
"LB-ALIAS-A58973D2067E","Massaaoudiyeh","massaaoudiyeh","en","LB-LOC-35229","[object Object]","true"
"LB-ALIAS-57FAAC1E449C","المسعودية","المسعودية","ar","LB-LOC-35229","[object Object]","true"
"LB-ALIAS-8CBF33950DE5","Mazareaa Jabal Akroum","mazareaa jabal akroum","en","LB-LOC-35516","[object Object]","true"
"LB-ALIAS-3B449B43100F","اكروم","اكروم","ar","LB-LOC-35516","[object Object]","true"
"LB-ALIAS-FCFAEB297560","Mazraat Beit Ghattas","mazraat beit ghattas","en","LB-LOC-35134","[object Object]","true"
"LB-ALIAS-CEF78B82F9BC","بيت غطاس","بيت غطاس","ar","LB-LOC-35134","[object Object]","true"
"LB-ALIAS-EF3ABC593811","Mazraat En-Nahriyeh","mazraat en nahriyeh","en","LB-LOC-35486","[object Object]","true"
"LB-ALIAS-EECF2D8E6BE4","النهريه","النهريه","ar","LB-LOC-35486","[object Object]","true"
"LB-ALIAS-78409A83B9B6","Menneaa","menneaa","en","LB-LOC-35371","[object Object]","true"
"LB-ALIAS-B2561D03AC86","ممنع","ممنع","ar","LB-LOC-35371","[object Object]","true"
"LB-ALIAS-432E689CC787","Mhammaret","mhammaret","en","LB-LOC-35277","[object Object]","true"
"LB-ALIAS-3D71B9975032","المحمرة","المحمرة","ar","LB-LOC-35277","[object Object]","true"
"LB-ALIAS-159B18BC946F","Michmich Aakkar","michmich aakkar","en","LB-LOC-35351","[object Object]","true"
"LB-ALIAS-161F7710EA2A","مشمش","مشمش","ar","LB-LOC-35351","[object Object]","true"
"LB-ALIAS-03A453BF8506","Mighraq Aakkar","mighraq aakkar","en","LB-LOC-35251","[object Object]","true"
"LB-ALIAS-15E4D3DD999F","المغراق","المغراق","ar","LB-LOC-35251","[object Object]","true"
"LB-ALIAS-DD8DABA2CE66","Minyara","minyara","en","LB-LOC-35129","[object Object]","true"
"LB-ALIAS-E0D4AB4844BB","منيارة","منيارة","ar","LB-LOC-35129","[object Object]","true"
"LB-ALIAS-CD29E4E29493","Mounjez","mounjez","en","LB-LOC-35414","[object Object]","true"
"LB-ALIAS-089DF83CF522","منجز","منجز","ar","LB-LOC-35414","[object Object]","true"
"LB-ALIAS-12CC5117B725","Mqaiteaa","mqaiteaa","en","LB-LOC-35261","[object Object]","true"
"LB-ALIAS-AB09B89E4E12","المقيطع","المقيطع","ar","LB-LOC-35261","[object Object]","true"
"LB-ALIAS-996C78357748","Msalla","msalla","en","LB-LOC-35451","[object Object]","true"
"LB-ALIAS-287071FD5975","مصلا","مصلا","ar","LB-LOC-35451","[object Object]","true"
"LB-ALIAS-270E90EFB2EC","Mzeihmeh","mzeihmeh","en","LB-LOC-35461","[object Object]","true"
"LB-ALIAS-77E04B03424C","مزيحمة","مزيحمة","ar","LB-LOC-35461","[object Object]","true"
"LB-ALIAS-F62079CB7CE4","Nfisseh","nfisseh","en","LB-LOC-35115","[object Object]","true"
"LB-ALIAS-E915BA7386CE","النفيسة","النفيسة","ar","LB-LOC-35115","[object Object]","true"
"LB-ALIAS-819A1EDC6999","Noura Et-Tahta","noura et tahta","en","LB-LOC-35445","[object Object]","true"
"LB-ALIAS-6C0D9140C359","نورا التحتا","نورا التحتا","ar","LB-LOC-35445","[object Object]","true"
"LB-ALIAS-583E613B1A2E","Ouadi El-Haour","ouadi el haour","en","LB-LOC-35455","[object Object]","true"
"LB-ALIAS-51BD843D4AE0","وادي الحور","وادي الحور","ar","LB-LOC-35455","[object Object]","true"
"LB-ALIAS-35382CA9CF5F","Ouadi El-Jamous","ouadi el jamous","en","LB-LOC-35364","[object Object]","true"
"LB-ALIAS-2AC6D8F7E88D","وادي الجاموس","وادي الجاموس","ar","LB-LOC-35364","[object Object]","true"
"LB-ALIAS-7DE6383CD278","Qaabrine","qaabrine","en","LB-LOC-35233","[object Object]","true"
"LB-ALIAS-05094EC5B33D","قعبرين","قعبرين","ar","LB-LOC-35233","[object Object]","true"
"LB-ALIAS-509D0C6ECD32","Qabaait","qabaait","en","LB-LOC-35325","[object Object]","true"
"LB-ALIAS-8B9502FF3BFF","قبعيت","قبعيت","ar","LB-LOC-35325","[object Object]","true"
"LB-ALIAS-08BAAD4ED69A","Qachlaq","qachlaq","en","LB-LOC-35453","[object Object]","true"
"LB-ALIAS-8608B3C3DE87","قشلق","قشلق","ar","LB-LOC-35453","[object Object]","true"
"LB-ALIAS-B53C20FDD7B2","Qantarat Aakkar","qantarat aakkar","en","LB-LOC-35135","[object Object]","true"
"LB-ALIAS-BFC52444519C","القنطرة","القنطرة","ar","LB-LOC-35135","[object Object]","true"
"LB-ALIAS-D76259ED9BCE","Qardaf","qardaf","en","LB-LOC-35341","[object Object]","true"
"LB-ALIAS-F38DD20D056C","القرقف","القرقف","ar","LB-LOC-35341","[object Object]","true"
"LB-ALIAS-B64A0DAC04B9","Qarha Aakkar","qarha aakkar","en","LB-LOC-35518","[object Object]","true"
"LB-ALIAS-37856D07ED56","قرحه عكار","قرحه عكار","ar","LB-LOC-35518","[object Object]","true"
"LB-ALIAS-0373654AC1AF","Qbaiyat Aakkar","qbaiyat aakkar","en","LB-LOC-35487","[object Object]","true"
"LB-ALIAS-DBC0DDB18D1F","القبيات","القبيات","ar","LB-LOC-35487","[object Object]","true"
"LB-ALIAS-811E5298B3CB","Qboula","qboula","en","LB-LOC-35179","[object Object]","true"
"LB-ALIAS-FC5EF0F98FE8","قبولا","قبولا","ar","LB-LOC-35179","[object Object]","true"
"LB-ALIAS-834950E7D3CD","Qleiaat Aakkar","qleiaat aakkar","en","LB-LOC-35243","[object Object]","true"
"LB-ALIAS-45F150B533C1","القليعات","القليعات","ar","LB-LOC-35243","[object Object]","true"
"LB-ALIAS-2DB7805450D9","Qloud El-Baqieh","qloud el baqieh","en","LB-LOC-35317","[object Object]","true"
"LB-ALIAS-702577BD75B8","قلود الباقية","قلود الباقية","ar","LB-LOC-35317","[object Object]","true"
"LB-ALIAS-6AAD6571CB60","Qornet Aakkar","qornet aakkar","en","LB-LOC-35352","[object Object]","true"
"LB-ALIAS-5DB566AEFDF1","القرنة","القرنة","ar","LB-LOC-35352","[object Object]","true"
"LB-ALIAS-77E6F89FB57E","Qoubber Chamra","qoubber chamra","en","LB-LOC-35269","[object Object]","true"
"LB-ALIAS-FA291CB0B26D","قبة شمرا","قبة شمرا","ar","LB-LOC-35269","[object Object]","true"
"LB-ALIAS-E91CB5C8291C","Qraiyat","qraiyat","en","LB-LOC-35334","[object Object]","true"
"LB-ALIAS-0CB9BA33FB13","القريات","القريات","ar","LB-LOC-35334","[object Object]","true"
"LB-ALIAS-DA750EC2D875","Qsair Aakkar","qsair aakkar","en","LB-LOC-35415","[object Object]","true"
"LB-ALIAS-6626902B99D4","القصير","القصير","ar","LB-LOC-35415","[object Object]","true"
"LB-ALIAS-57C1CAD39B49","Rahbeh","rahbeh","en","LB-LOC-35357","[object Object]","true"
"LB-ALIAS-1CEB622B2155","رحبة","رحبة","ar","LB-LOC-35357","[object Object]","true"
"LB-ALIAS-E3755F3E7694","Rihaniyet Aakkar","rihaniyet aakkar","en","LB-LOC-35467","[object Object]","true"
"LB-ALIAS-898BD2EEC871","الريحانية","الريحانية","ar","LB-LOC-35467","[object Object]","true"
"LB-ALIAS-1946DFE3E394","Rmah","rmah","en","LB-LOC-35404","[object Object]","true"
"LB-ALIAS-7F99B33ED322","رماح النهريه","رماح النهريه","ar","LB-LOC-35404","[object Object]","true"
"LB-ALIAS-A4D3D55BCDEA","Rmoul","rmoul","en","LB-LOC-35281","[object Object]","true"
"LB-ALIAS-537EB965AD62","رمول","رمول","ar","LB-LOC-35281","[object Object]","true"
"LB-ALIAS-AAF31642477E","Saadine","saadine","en","LB-LOC-35217","[object Object]","true"
"LB-ALIAS-8098F1731A9E","سعدين","سعدين","ar","LB-LOC-35217","[object Object]","true"
"LB-ALIAS-F485448D04F6","Sadaqa","sadaqa","en","LB-LOC-35327","[object Object]","true"
"LB-ALIAS-1B8B31D1E3A6","صدقة","صدقة","ar","LB-LOC-35327","[object Object]","true"
"LB-ALIAS-E4C1ECCB8F13","Saidnaya","saidnaya","en","LB-LOC-35469","[object Object]","true"
"LB-ALIAS-6B66FD5DDE2F","السنديانة","السنديانة","ar","LB-LOC-35469","[object Object]","true"
"LB-ALIAS-6561AB6E5BA0","Sammaqiyeh","sammaqiyeh","en","LB-LOC-35271","[object Object]","true"
"LB-ALIAS-956FB3AC293C","السماقية","السماقية","ar","LB-LOC-35271","[object Object]","true"
"LB-ALIAS-E1D66B5794EA","Sammouniyeh","sammouniyeh","en","LB-LOC-35227","[object Object]","true"
"LB-ALIAS-9A2B8A212AF9","السمونيه","السمونيه","ar","LB-LOC-35227","[object Object]","true"
"LB-ALIAS-6D9543319B9A","Sayssouq","sayssouq","en","LB-LOC-35311","[object Object]","true"
"LB-ALIAS-3F8961C681DB","سيسوق","سيسوق","ar","LB-LOC-35311","[object Object]","true"
"LB-ALIAS-357B433CE07D","Semmaqli","semmaqli","en","LB-LOC-35259","[object Object]","true"
"LB-ALIAS-590F687786CD","سمقالي","سمقالي","ar","LB-LOC-35259","[object Object]","true"
"LB-ALIAS-B8C688DAC7E5","Sfaynet El-Qaitaa","sfaynet el qaitaa","en","LB-LOC-35324","[object Object]","true"
"LB-ALIAS-22A9DA573DD0","سفينة القيطع","سفينة القيطع","ar","LB-LOC-35324","[object Object]","true"
"LB-ALIAS-6671AA92A2D3","Sfinet Ed-Draib","sfinet ed draib","en","LB-LOC-35447","[object Object]","true"
"LB-ALIAS-E44888128150","سفينة الدريب","سفينة الدريب","ar","LB-LOC-35447","[object Object]","true"
"LB-ALIAS-C44AC6EBDB00","Sindianet Zeidane","sindianet zeidane","en","LB-LOC-35411","[object Object]","true"
"LB-ALIAS-2C49D394DA06","سنديانة زيدان","سنديانة زيدان","ar","LB-LOC-35411","[object Object]","true"
"LB-ALIAS-C6C3D54DFDE4","Souaisset Aakkar","souaisset aakkar","en","LB-LOC-35143","[object Object]","true"
"LB-ALIAS-6D4333722C3A","السويسة","السويسة","ar","LB-LOC-35143","[object Object]","true"
"LB-ALIAS-442640B99E9C","Srar","srar","en","LB-LOC-35471","[object Object]","true"
"LB-ALIAS-51C30D054ABF","سرار","سرار","ar","LB-LOC-35471","[object Object]","true"
"LB-ALIAS-984A6EA88615","Tall Aabbas Ech-Charqi","tall aabbas ech charqi","en","LB-LOC-35213","[object Object]","true"
"LB-ALIAS-AB69088ED926","تل عباس الشرقي","تل عباس الشرقي","ar","LB-LOC-35213","[object Object]","true"
"LB-ALIAS-300E9DEFE76F","Tall Aabbas El-Gharbi","tall aabbas el gharbi","en","LB-LOC-35211","[object Object]","true"
"LB-ALIAS-4BFE9616F5CB","تلعباس غربي","تلعباس غربي","ar","LB-LOC-35211","[object Object]","true"
"LB-ALIAS-57A8251C1B73","Tall Bireh","tall bireh","en","LB-LOC-35235","[object Object]","true"
"LB-ALIAS-208B288F01A3","تلبيرة","تلبيرة","ar","LB-LOC-35235","[object Object]","true"
"LB-ALIAS-47EB22B3A721","Tall Hmayra","tall hmayra","en","LB-LOC-35237","[object Object]","true"
"LB-ALIAS-89D949EB1C76","تلحميرة","تلحميرة","ar","LB-LOC-35237","[object Object]","true"
"LB-ALIAS-5AEA710C353A","Tall Meaayan Tall Kiri","tall meaayan tall kiri","en","LB-LOC-35231","[object Object]","true"
"LB-ALIAS-07B9FACB4372","تلمعيان","تلمعيان","ar","LB-LOC-35231","[object Object]","true"
"LB-ALIAS-94574CA58AC8","Tall Sebaal","tall sebaal","en","LB-LOC-35247","[object Object]","true"
"LB-ALIAS-A84A3F463194","تل سبعل","تل سبعل","ar","LB-LOC-35247","[object Object]","true"
"LB-ALIAS-805AFEFDD9F8","Tallet Chattaha","tallet chattaha","en","LB-LOC-35173","[object Object]","true"
"LB-ALIAS-CE93E6E1922A","شطاحة","شطاحة","ar","LB-LOC-35173","[object Object]","true"
"LB-ALIAS-D94E4BDBE4C1","Tikrit","tikrit","en","LB-LOC-35171","[object Object]","true"
"LB-ALIAS-B8AA52BE8262","تكريت","تكريت","ar","LB-LOC-35171","[object Object]","true"
"LB-ALIAS-EC9446A2F369","Tleil","tleil","en","LB-LOC-35459","[object Object]","true"
"LB-ALIAS-4F409550A104","التليل","التليل","ar","LB-LOC-35459","[object Object]","true"
"LB-ALIAS-F4F40005B778","Tshea","tshea","en","LB-LOC-35356","[object Object]","true"
"LB-ALIAS-143CADF78621","تاشع","تاشع","ar","LB-LOC-35356","[object Object]","true"
"LB-ALIAS-A6A69150D8AE","Zouarib","zouarib","en","LB-LOC-35127","[object Object]","true"
"LB-ALIAS-98BD53761AD6","الزواريب","الزواريب","ar","LB-LOC-35127","[object Object]","true"
"LB-ALIAS-994ACB2F056D","Zouq El Hosniyeh","zouq el hosniyeh","en","LB-LOC-35151","[object Object]","true"
"LB-ALIAS-C4353533523F","ذوق الحصينة","ذوق الحصينة","ar","LB-LOC-35151","[object Object]","true"
"LB-ALIAS-53EDDAD23A5A","Zouq El-Hadara","zouq el hadara","en","LB-LOC-35159","[object Object]","true"
"LB-ALIAS-771A138A86CA","ذوق حدارة","ذوق حدارة","ar","LB-LOC-35159","[object Object]","true"
"LB-ALIAS-7CE250206081","Zouq El-Hbalsa","zouq el hbalsa","en","LB-LOC-35153","[object Object]","true"
"LB-ALIAS-81C813830817","ذوق الحبالصة","ذوق الحبالصة","ar","LB-LOC-35153","[object Object]","true"
"LB-ALIAS-B68DA89405A4","Zouq El-Moqachrine","zouq el moqachrine","en","LB-LOC-35161","[object Object]","true"
"LB-ALIAS-1600D1484406","ذوق المقشرين","ذوق المقشرين","ar","LB-LOC-35161","[object Object]","true"
"LB-ALIAS-1216018CAC3A","Aadous","aadous","en","LB-LOC-53127","[object Object]","true"
"LB-ALIAS-A8672925801F","عدّوس","عدوس","ar","LB-LOC-53127","[object Object]","true"
"LB-ALIAS-26659789F43B","Aain Baalbek","aain baalbek","en","LB-LOC-53217","[object Object]","true"
"LB-ALIAS-3FDC3C197B03","العين","العين","ar","LB-LOC-53217","[object Object]","true"
"LB-ALIAS-79826DB35F4C","Aain Bourday","aain bourday","en","LB-LOC-53115","[object Object]","true"
"LB-ALIAS-41F8099CDBA9","عين بورداي","عين بورداي","ar","LB-LOC-53115","[object Object]","true"
"LB-ALIAS-14057311C5AB","Aain Ej-Jaouz Baalbek","aain ej jaouz baalbek","en","LB-LOC-53473","[object Object]","true"
"LB-ALIAS-0C2CD00B0DA2","عين الجوزة","عين الجوزة","ar","LB-LOC-53473","[object Object]","true"
"LB-ALIAS-9AF911137393","Aain El-Barnaya","aain el barnaya","en","LB-LOC-53465","[object Object]","true"
"LB-ALIAS-1381DF825D69","عين البنية","عين البنية","ar","LB-LOC-53465","[object Object]","true"
"LB-ALIAS-3C927919DFF9","Aain Es-Siyaa Chadoura","aain es siyaa chadoura","en","LB-LOC-53163","[object Object]","true"
"LB-ALIAS-FAFE90C6DAF1","حصن الشادورا","حصن الشادورا","ar","LB-LOC-53163","[object Object]","true"
"LB-ALIAS-37352AC5813E","Aamchki","aamchki","en","LB-LOC-53131","[object Object]","true"
"LB-ALIAS-4A326B98FC3A","عمشكي","عمشكي","ar","LB-LOC-53131","[object Object]","true"
"LB-ALIAS-BF8B8C864AF1","Aarsal","aarsal","en","LB-LOC-53231","[object Object]","true"
"LB-ALIAS-DAB93B70C1DD","عرسال","عرسال","ar","LB-LOC-53231","[object Object]","true"
"LB-ALIAS-FC62B7C8894F","Aaynata Baalbek","aaynata baalbek","en","LB-LOC-53377","[object Object]","true"
"LB-ALIAS-C415976BF373","عيناتا","عيناتا","ar","LB-LOC-53377","[object Object]","true"
"LB-ALIAS-77F08B2AEF93","Baalbek","baalbek","en","LB-LOC-53111","[object Object]","true"
"LB-ALIAS-C1C00F9B9D61","بعلبك","بعلبك","ar","LB-LOC-53111","[object Object]","true"
"LB-ALIAS-FC97EA6821E6","Bajjaje","bajjaje","en","LB-LOC-53221","[object Object]","true"
"LB-ALIAS-EFA5CD1DC354","بجاجة","بجاجة","ar","LB-LOC-53221","[object Object]","true"
"LB-ALIAS-EF1544F8EDC6","Barqa","barqa","en","LB-LOC-53344","[object Object]","true"
"LB-ALIAS-A1BDB9BCC381","برقا","برقا","ar","LB-LOC-53344","[object Object]","true"
"LB-ALIAS-E4B8B70392C1","Bechouat","bechouat","en","LB-LOC-53333","[object Object]","true"
"LB-ALIAS-C7DEE1CC6C86","بشوات","بشوات","ar","LB-LOC-53333","[object Object]","true"
"LB-ALIAS-4E4FD18A117B","Bednayel Baalbak","bednayel baalbak","en","LB-LOC-53411","[object Object]","true"
"LB-ALIAS-0CA510A4873A","بدنايل","بدنايل","ar","LB-LOC-53411","[object Object]","true"
"LB-ALIAS-E8A0422A7E08","Beit Chama","beit chama","en","LB-LOC-53417","[object Object]","true"
"LB-ALIAS-FCC972BC1F2E","بيت شاما","بيت شاما","ar","LB-LOC-53417","[object Object]","true"
"LB-ALIAS-BDCF977E799E","Bouday","bouday","en","LB-LOC-53459","[object Object]","true"
"LB-ALIAS-018A782FA760","بوداي","بوداي","ar","LB-LOC-53459","[object Object]","true"
"LB-ALIAS-73C7C0B817CF","Brital","brital","en","LB-LOC-53453","[object Object]","true"
"LB-ALIAS-0DAE05177ACB","بريتال","بريتال","ar","LB-LOC-53453","[object Object]","true"
"LB-ALIAS-79548E0DEA7A","Btedaai","btedaai","en","LB-LOC-53375","[object Object]","true"
"LB-ALIAS-0117887F460E","بتدعي","بتدعي","ar","LB-LOC-53375","[object Object]","true"
"LB-ALIAS-2E76F36FE91C","Chaaibeh","chaaibeh","en","LB-LOC-53469","[object Object]","true"
"LB-ALIAS-7BE36AE514F6","جبل الشعيبة","جبل الشعيبة","ar","LB-LOC-53469","[object Object]","true"
"LB-ALIAS-5D08B26EA0E7","Chaat","chaat","en","LB-LOC-53274","[object Object]","true"
"LB-ALIAS-4F2FECD34DA3","شعت","شعت","ar","LB-LOC-53274","[object Object]","true"
"LB-ALIAS-C87E2ECEC08B","Chlifa","chlifa","en","LB-LOC-53467","[object Object]","true"
"LB-ALIAS-980C9926D650","شليفا","شليفا","ar","LB-LOC-53467","[object Object]","true"
"LB-ALIAS-971FC0DCB2D2","Chmistar","chmistar","en","LB-LOC-53429","[object Object]","true"
"LB-ALIAS-F5FE1F8EBFBC","شمسطار","شمسطار","ar","LB-LOC-53429","[object Object]","true"
"LB-ALIAS-ED020A1F681A","Dar El-Ouassaa","dar el ouassaa","en","LB-LOC-53366","[object Object]","true"
"LB-ALIAS-19ACCD95E018","دار الواسعة","دار الواسعة","ar","LB-LOC-53366","[object Object]","true"
"LB-ALIAS-E09E7A93542B","Deir El-Ahmar","deir el ahmar","en","LB-LOC-53311","[object Object]","true"
"LB-ALIAS-A4D0CE0709DD","دير الاحمر","دير الاحمر","ar","LB-LOC-53311","[object Object]","true"
"LB-ALIAS-5ACAED459080","Deir Mar Maroun Baalbek","deir mar maroun baalbek","en","LB-LOC-53244","[object Object]","true"
"LB-ALIAS-129EE3FDB7B8","دير مار مارون بعلبك","دير مار مارون بعلبك","ar","LB-LOC-53244","[object Object]","true"
"LB-ALIAS-733265677E32","Douris","douris","en","LB-LOC-53119","[object Object]","true"
"LB-ALIAS-B1D7BEA4CA3D","دوريس","دوريس","ar","LB-LOC-53119","[object Object]","true"
"LB-ALIAS-AFFE91847689","Fekehe","fekehe","en","LB-LOC-53214","[object Object]","true"
"LB-ALIAS-2BE9457949D9","فاكهة","فاكهة","ar","LB-LOC-53214","[object Object]","true"
"LB-ALIAS-DC28F9A48943","Hadath Baalbek","hadath baalbek","en","LB-LOC-53183","[object Object]","true"
"LB-ALIAS-C8F75853246B","حدت الهرمل","حدت الهرمل","ar","LB-LOC-53183","[object Object]","true"
"LB-ALIAS-40DCFC6E60C7","Halbata","halbata","en","LB-LOC-53247","[object Object]","true"
"LB-ALIAS-A6F0E5F90B77","حلباتا","حلباتا","ar","LB-LOC-53247","[object Object]","true"
"LB-ALIAS-87D07654A8A5","Ham","ham","en","LB-LOC-53463","[object Object]","true"
"LB-ALIAS-C3D0065DC8BA","حام","حام","ar","LB-LOC-53463","[object Object]","true"
"LB-ALIAS-28D72B831AAE","Haouch El-Dehab","haouch el dehab","en","LB-LOC-53159","[object Object]","true"
"LB-ALIAS-A64A0C1DD188","حوش الدهب","حوش الدهب","ar","LB-LOC-53159","[object Object]","true"
"LB-ALIAS-C9CA82A19853","Haouch En-Nabi","haouch en nabi","en","LB-LOC-53431","[object Object]","true"
"LB-ALIAS-00B8758F2542","حوش النبي","حوش النبي","ar","LB-LOC-53431","[object Object]","true"
"LB-ALIAS-F3ABF7C06D44","Haouch Er-Rafqa","haouch er rafqa","en","LB-LOC-53419","[object Object]","true"
"LB-ALIAS-467175EC6096","حوش الرافقة","حوش الرافقة","ar","LB-LOC-53419","[object Object]","true"
"LB-ALIAS-A6928A71E470","Haouch Snaid","haouch snaid","en","LB-LOC-53433","[object Object]","true"
"LB-ALIAS-D95D9D63CE52","حوش سنيد","حوش سنيد","ar","LB-LOC-53433","[object Object]","true"
"LB-ALIAS-BF61942FB5A4","Haouch Tall Safiyeh","haouch tall safiyeh","en","LB-LOC-53135","[object Object]","true"
"LB-ALIAS-1106DFAE87BE","حوش تل صفية","حوش تل صفية","ar","LB-LOC-53135","[object Object]","true"
"LB-ALIAS-CDFA6FFE56D1","Haouche Barada","haouche barada","en","LB-LOC-53151","[object Object]","true"
"LB-ALIAS-25F53A9A5610","حوش بردى","حوش بردي","ar","LB-LOC-53151","[object Object]","true"
"LB-ALIAS-8B8B7850807C","Haour Taala","haour taala","en","LB-LOC-53451","[object Object]","true"
"LB-ALIAS-8BCD947F6229","حور تعلا","حور تعلا","ar","LB-LOC-53451","[object Object]","true"
"LB-ALIAS-8FAC17A3651E","Harabta","harabta","en","LB-LOC-53264","[object Object]","true"
"LB-ALIAS-2E6E4D9C4AAB","حربتا","حربتا","ar","LB-LOC-53264","[object Object]","true"
"LB-ALIAS-1D903E15AD72","Hizzine","hizzine","en","LB-LOC-53441","[object Object]","true"
"LB-ALIAS-0DC76D6CA517","حزين","حزين","ar","LB-LOC-53441","[object Object]","true"
"LB-ALIAS-518D499B936A","Iaat","iaat","en","LB-LOC-53123","[object Object]","true"
"LB-ALIAS-C94E18BBD9CF","ايعات","ايعات","ar","LB-LOC-53123","[object Object]","true"
"LB-ALIAS-ED9D653FF151","Jebaa","jebaa","en","LB-LOC-53171","[object Object]","true"
"LB-ALIAS-FE021A718BA5","جبعا","جبعا","ar","LB-LOC-53171","[object Object]","true"
"LB-ALIAS-9820A3BA0C41","Jenta","jenta","en","LB-LOC-53447","[object Object]","true"
"LB-ALIAS-F626E41FE48C","جنتا","جنتا","ar","LB-LOC-53447","[object Object]","true"
"LB-ALIAS-9B9F4FF07D5F","Kfar Dabach","kfar dabach","en","LB-LOC-53427","[object Object]","true"
"LB-ALIAS-8678100338AB","كفر دبش","كفر دبش","ar","LB-LOC-53427","[object Object]","true"
"LB-ALIAS-24EB6B45F038","Kfar Dane","kfar dane","en","LB-LOC-53179","[object Object]","true"
"LB-ALIAS-3A842AE24ABC","كفر دان","كفر دان","ar","LB-LOC-53179","[object Object]","true"
"LB-ALIAS-92DA7F91E5CB","Kharayeb El-Hermel","kharayeb el hermel","en","LB-LOC-54175","[object Object]","true"
"LB-ALIAS-FBF9F8D4A9C9","الخرائب","الخرايب","ar","LB-LOC-54175","[object Object]","true"
"LB-ALIAS-930266F3B2E2","Khodr Baalbek","khodr baalbek","en","LB-LOC-53443","[object Object]","true"
"LB-ALIAS-BFDEFB5BCBD0","خضر","خضر","ar","LB-LOC-53443","[object Object]","true"
"LB-ALIAS-F783D3FE461F","Khreibet Baalbek","khreibet baalbek","en","LB-LOC-53455","[object Object]","true"
"LB-ALIAS-3611EBADD610","خريبة","خريبة","ar","LB-LOC-53455","[object Object]","true"
"LB-ALIAS-517019020231","Kneisset Baalbek","kneisset baalbek","en","LB-LOC-53322","[object Object]","true"
"LB-ALIAS-F8BA1756DC28","كنيسة","كنيسة","ar","LB-LOC-53322","[object Object]","true"
"LB-ALIAS-539AD2C27492","Laboueh","laboueh","en","LB-LOC-53234","[object Object]","true"
"LB-ALIAS-25EEB5A11E27","لبوة","لبوة","ar","LB-LOC-53234","[object Object]","true"
"LB-ALIAS-1490BF25B73E","Maaraboun","maaraboun","en","LB-LOC-53461","[object Object]","true"
"LB-ALIAS-0C1740AC0E35","معربون","معربون","ar","LB-LOC-53461","[object Object]","true"
"LB-ALIAS-22C1985B91AA","Majdaloun","majdaloun","en","LB-LOC-53147","[object Object]","true"
"LB-ALIAS-8723517C62CF","مجدلون","مجدلون","ar","LB-LOC-53147","[object Object]","true"
"LB-ALIAS-DD6C16032839","Maqneh","maqneh","en","LB-LOC-53155","[object Object]","true"
"LB-ALIAS-1F460C07F61D","مقنة","مقنة","ar","LB-LOC-53155","[object Object]","true"
"LB-ALIAS-7F580B821C2F","Mazraat beit Mchaik","mazraat beit mchaik","en","LB-LOC-53457","[object Object]","true"
"LB-ALIAS-C3B67EDAE9FE","مزرعة بيت مشيك","مزرعة بيت مشيك","ar","LB-LOC-53457","[object Object]","true"
"LB-ALIAS-CDDCF6128210","Moqraq","moqraq","en","LB-LOC-53251","[object Object]","true"
"LB-ALIAS-74CF5840C3AE","المقرق","المقرق","ar","LB-LOC-53251","[object Object]","true"
"LB-ALIAS-40AF4697ED68","Mousrayeh","mousrayeh","en","LB-LOC-53421","[object Object]","true"
"LB-ALIAS-2CD1D414166C","مطحنة مصراية","مطحنة مصراية","ar","LB-LOC-53421","[object Object]","true"
"LB-ALIAS-0E243C738AD1","Nabha Ed-Damdoum","nabha ed damdoum","en","LB-LOC-53271","[object Object]","true"
"LB-ALIAS-1ECE2FFB9C52","نبحا","نبحا","ar","LB-LOC-53271","[object Object]","true"
"LB-ALIAS-1DA1C07BC991","Nabi Chbay","nabi chbay","en","LB-LOC-53471","[object Object]","true"
"LB-ALIAS-FFF16D05CF2C","النبي سباط","النبي سباط","ar","LB-LOC-53471","[object Object]","true"
"LB-ALIAS-7C8BD398DDAA","Nabi Chit","nabi chit","en","LB-LOC-53445","[object Object]","true"
"LB-ALIAS-CE21910C401B","نبي شيت","نبي شيت","ar","LB-LOC-53445","[object Object]","true"
"LB-ALIAS-2B9DE98881B5","Nabi Osmane","nabi osmane","en","LB-LOC-53224","[object Object]","true"
"LB-ALIAS-BA37081C2D9B","نبي عثمان","نبي عثمان","ar","LB-LOC-53224","[object Object]","true"
"LB-ALIAS-E5FE5B982CC7","Nahleh baalbek","nahleh baalbek","en","LB-LOC-53143","[object Object]","true"
"LB-ALIAS-F0377FB77AFE","نحله","نحله","ar","LB-LOC-53143","[object Object]","true"
"LB-ALIAS-347E7E705B3E","Ouadi El-Aaoss","ouadi el aaoss","en","LB-LOC-54183","[object Object]","true"
"LB-ALIAS-BE4009F4031C","وادي القصص","وادي القصص","ar","LB-LOC-54183","[object Object]","true"
"LB-ALIAS-393CA0008DA7","Qaa Baalbek","qaa baalbek","en","LB-LOC-53241","[object Object]","true"
"LB-ALIAS-CCD9831BE0C3","القاع","القاع","ar","LB-LOC-53241","[object Object]","true"
"LB-ALIAS-B6B23F05528F","Qaa Baayoun","qaa baayoun","en","LB-LOC-53257","[object Object]","true"
"LB-ALIAS-EA0D29581549","قاع بعيون","قاع بعيون","ar","LB-LOC-53257","[object Object]","true"
"LB-ALIAS-E9A0F860B269","Qaa Jouar Maqiyé","qaa jouar maqiyé","en","LB-LOC-53267","[object Object]","true"
"LB-ALIAS-A8D513F1A5F1","قاع جوار مكية","قاع جوار مكية","ar","LB-LOC-53267","[object Object]","true"
"LB-ALIAS-6497C237FFBC","Qaa Ouadi El-Khanzir","qaa ouadi el khanzir","en","LB-LOC-53254","[object Object]","true"
"LB-ALIAS-22FADB4F043E","قاع وادي الخنزير","قاع وادي الخنزير","ar","LB-LOC-53254","[object Object]","true"
"LB-ALIAS-633BC899F034","Qarha Baalbek","qarha baalbek","en","LB-LOC-53277","[object Object]","true"
"LB-ALIAS-3B636D4BF7E3","قرحا","قرحا","ar","LB-LOC-53277","[object Object]","true"
"LB-ALIAS-F2C2E926AE0C","Qsarnaba","qsarnaba","en","LB-LOC-53413","[object Object]","true"
"LB-ALIAS-56193D9901DC","قصرنابا","قصرنابا","ar","LB-LOC-53413","[object Object]","true"
"LB-ALIAS-E6EDFC67CEAF","Ram Baalbek","ram baalbek","en","LB-LOC-53281","[object Object]","true"
"LB-ALIAS-AA6D256DCB5B","الرام","الرام","ar","LB-LOC-53281","[object Object]","true"
"LB-ALIAS-A0A0F340EC75","Ras Baalbek Ech-Charqi","ras baalbek ech charqi","en","LB-LOC-53227","[object Object]","true"
"LB-ALIAS-75F33E932419","راس بعلبك الشرقي","راس بعلبك الشرقي","ar","LB-LOC-53227","[object Object]","true"
"LB-ALIAS-994730961B3C","Ras Baalbek Es-Sahel","ras baalbek es sahel","en","LB-LOC-53211","[object Object]","true"
"LB-ALIAS-8F6FCD7AE335","راس بعلبك","راس بعلبك","ar","LB-LOC-53211","[object Object]","true"
"LB-ALIAS-559AA8AA5B0A","Riha","riha","en","LB-LOC-53355","[object Object]","true"
"LB-ALIAS-8F71F6C47EC7","ريحا","ريحا","ar","LB-LOC-53355","[object Object]","true"
"LB-ALIAS-2C018F4AC290","Saaideh","saaideh","en","LB-LOC-53167","[object Object]","true"
"LB-ALIAS-9929EE3F9778","سعيدة","سعيدة","ar","LB-LOC-53167","[object Object]","true"
"LB-ALIAS-DB29F2C304CB","Sbouba","sbouba","en","LB-LOC-53261","[object Object]","true"
"LB-ALIAS-6A36E25F6529","صبوبا","صبوبا","ar","LB-LOC-53261","[object Object]","true"
"LB-ALIAS-7C24D5F1BBA4","Serraaine Et-Tahta","serraaine et tahta","en","LB-LOC-53437","[object Object]","true"
"LB-ALIAS-A54B8D242774","سرعين التحتا","سرعين التحتا","ar","LB-LOC-53437","[object Object]","true"
"LB-ALIAS-4D94EDB6F4CD","Slouqi","slouqi","en","LB-LOC-53423","[object Object]","true"
"LB-ALIAS-FBDDA7C8F401","سلوقي","سلوقي","ar","LB-LOC-53423","[object Object]","true"
"LB-ALIAS-1309BE118112","Taibet Baalbek","taibet baalbek","en","LB-LOC-53139","[object Object]","true"
"LB-ALIAS-7023D9640B19","طيبة بعلبك","طيبة بعلبك","ar","LB-LOC-53139","[object Object]","true"
"LB-ALIAS-8581580D6E4A","Talia","talia","en","LB-LOC-53439","[object Object]","true"
"LB-ALIAS-562950BFFB6D","طليا","طليا","ar","LB-LOC-53439","[object Object]","true"
"LB-ALIAS-7E3CA3B947A7","Taraiya","taraiya","en","LB-LOC-53435","[object Object]","true"
"LB-ALIAS-91829BA4357D","طاريا","طاريا","ar","LB-LOC-53435","[object Object]","true"
"LB-ALIAS-6622A3C9CD3A","Temnine El-Faouqa","temnine el faouqa","en","LB-LOC-53415","[object Object]","true"
"LB-ALIAS-4CB6BB9404B7","تمنين الفوقا","تمنين الفوقا","ar","LB-LOC-53415","[object Object]","true"
"LB-ALIAS-6E59D79B9CB0","Temnine Et-Tahta","temnine et tahta","en","LB-LOC-53425","[object Object]","true"
"LB-ALIAS-F759BFA1E7DD","تمنين التحتا","تمنين التحتا","ar","LB-LOC-53425","[object Object]","true"
"LB-ALIAS-6BF29E2CE53A","Tfail","tfail","en","LB-LOC-53475","[object Object]","true"
"LB-ALIAS-A13794D600A3","طفيل","طفيل","ar","LB-LOC-53475","[object Object]","true"
"LB-ALIAS-A807FF520373","Yahfoufa","yahfoufa","en","LB-LOC-53449","[object Object]","true"
"LB-ALIAS-BA5459763954","يحفوفا","يحفوفا","ar","LB-LOC-53449","[object Object]","true"
"LB-ALIAS-27310904D28A","Yammouneh","yammouneh","en","LB-LOC-53388","[object Object]","true"
"LB-ALIAS-37748080A618","يمونة","يمونة","ar","LB-LOC-53388","[object Object]","true"
"LB-ALIAS-7359074F5AAF","Youmine","youmine","en","LB-LOC-53284","[object Object]","true"
"LB-ALIAS-517B9562EA8E","يونين","يونين","ar","LB-LOC-53284","[object Object]","true"
"LB-ALIAS-5CD664D785B6","Zabboud","zabboud","en","LB-LOC-53237","[object Object]","true"
"LB-ALIAS-16E381DEBE04","زبود","زبود","ar","LB-LOC-53237","[object Object]","true"
"LB-ALIAS-F0AD8CD56AAE","Charbine El-Hermel","charbine el hermel","en","LB-LOC-54127","[object Object]","true"
"LB-ALIAS-A9F4EA90B02B","شربين","شربين","ar","LB-LOC-54127","[object Object]","true"
"LB-ALIAS-39C5404A1987","Hermel","hermel","en","LB-LOC-54111","[object Object]","true"
"LB-ALIAS-467A16C4C0F7","هرمل","هرمل","ar","LB-LOC-54111","[object Object]","true"
"LB-ALIAS-B3C478A90163","Hermel Jbab","hermel jbab","en","LB-LOC-54159","[object Object]","true"
"LB-ALIAS-B223841A5BF1","هرمل جباب","هرمل جباب","ar","LB-LOC-54159","[object Object]","true"
"LB-ALIAS-CD53ABE067FB","Maaysra El-Hermel","maaysra el hermel","en","LB-LOC-54167","[object Object]","true"
"LB-ALIAS-80187520755F","معيصرة","معيصرة","ar","LB-LOC-54167","[object Object]","true"
"LB-ALIAS-6091B626B6DD","Michaa Mrajhineh","michaa mrajhineh","en","LB-LOC-54114","[object Object]","true"
"LB-ALIAS-F0C042C5305A","سويدية","سويدية","ar","LB-LOC-54114","[object Object]","true"
"LB-ALIAS-9D6C5C34F189","Ouadi Faara","ouadi faara","en","LB-LOC-54151","[object Object]","true"
"LB-ALIAS-D1DF63103FD1","وادي فعرا","وادي فعرا","ar","LB-LOC-54151","[object Object]","true"
"LB-ALIAS-90DABA3D7EFB","Ras Baalbek El Gharbi","ras baalbek el gharbi","en","LB-LOC-54135","[object Object]","true"
"LB-ALIAS-40EFFF887B76","راس بعلبك الغربي","راس بعلبك الغربي","ar","LB-LOC-54135","[object Object]","true"
"LB-ALIAS-A41C6C856E7A","Ras Baalbek Ouadi Faara","ras baalbek ouadi faara","en","LB-LOC-54143","[object Object]","true"
"LB-ALIAS-558CCC58FFAF","راس بعلبك وادي فعرا","راس بعلبك وادي فعرا","ar","LB-LOC-54143","[object Object]","true"
"LB-ALIAS-03D74724CE52","Zighrine","zighrine","en","LB-LOC-54119","[object Object]","true"
"LB-ALIAS-61A70D6889C9","زغرين","زغرين","ar","LB-LOC-54119","[object Object]","true"
"LB-ALIAS-84EACCB446A1","Achrafieh","achrafieh","en","LB-LOC-10650","[object Object]","true"
"LB-ALIAS-2A5293F83CCD","الاشرفية","الاشرفية","ar","LB-LOC-10650","[object Object]","true"
"LB-ALIAS-D573593E2A00","Ain el-Mreisseh","ain el mreisseh","en","LB-LOC-10110","[object Object]","true"
"LB-ALIAS-DDE759B6FCE6","عين المريسه","عين المريسه","ar","LB-LOC-10110","[object Object]","true"
"LB-ALIAS-B93BB574B201","Bachoura","bachoura","en","LB-LOC-10350","[object Object]","true"
"LB-ALIAS-5790D4302B1B","باشورة","باشورة","ar","LB-LOC-10350","[object Object]","true"
"LB-ALIAS-E31295443185","Beirut Central District","beirut central district","en","LB-LOC-10999","[object Object]","true"
"LB-ALIAS-96670A1726C2","وسط بيروت","وسط بيروت","ar","LB-LOC-10999","[object Object]","true"
"LB-ALIAS-B605613B54ED","Marfaa","marfaa","en","LB-LOC-10450","[object Object]","true"
"LB-ALIAS-4490B967F115","مرفأ","مرفا","ar","LB-LOC-10450","[object Object]","true"
"LB-ALIAS-17B51BF531F6","Mazraa","mazraa","en","LB-LOC-10310","[object Object]","true"
"LB-ALIAS-9FF579D95914","المزرعة","المزرعة","ar","LB-LOC-10310","[object Object]","true"
"LB-ALIAS-B1B9A984E42F","Medawar","medawar","en","LB-LOC-10610","[object Object]","true"
"LB-ALIAS-11BD62FC3083","مدور","مدور","ar","LB-LOC-10610","[object Object]","true"
"LB-ALIAS-E791C1EB8E57","Minet el-Hosn","minet el hosn","en","LB-LOC-10250","[object Object]","true"
"LB-ALIAS-1B7E6E4746DB","مينا الحصن","مينا الحصن","ar","LB-LOC-10250","[object Object]","true"
"LB-ALIAS-6C9586F40C5A","Moussaytbeh","moussaytbeh","en","LB-LOC-10210","[object Object]","true"
"LB-ALIAS-B083B46A930C","مصيطبة","مصيطبة","ar","LB-LOC-10210","[object Object]","true"
"LB-ALIAS-33761A967454","Ras Beyrouth","ras beyrouth","en","LB-LOC-10150","[object Object]","true"
"LB-ALIAS-9752DC4462DC","راس بيروت","راس بيروت","ar","LB-LOC-10150","[object Object]","true"
"LB-ALIAS-F42A6427CE12","Remeil","remeil","en","LB-LOC-10550","[object Object]","true"
"LB-ALIAS-EF6ABB41C16C","رميل","رميل","ar","LB-LOC-10550","[object Object]","true"
"LB-ALIAS-4ECEAEB0F5FE","Saifeh","saifeh","en","LB-LOC-10510","[object Object]","true"
"LB-ALIAS-F805F7F38C53","صيفي","صيفي","ar","LB-LOC-10510","[object Object]","true"
"LB-ALIAS-C761871E54D6","Zoukak el-Blatt","zoukak el blatt","en","LB-LOC-10410","[object Object]","true"
"LB-ALIAS-15804A17C8BF","زقاق البلاط","زقاق البلاط","ar","LB-LOC-10410","[object Object]","true"
"LB-ALIAS-1DA57E10CED9","Aain Aarab Rachaiya","aain aarab rachaiya","en","LB-LOC-55167","[object Object]","true"
"LB-ALIAS-A21A644874AE","عين عرب","عين عرب","ar","LB-LOC-55167","[object Object]","true"
"LB-ALIAS-274E2B8D00A4","Aain Aata","aain aata","en","LB-LOC-55171","[object Object]","true"
"LB-ALIAS-45DEF843F7DB","عين عطا","عين عطا","ar","LB-LOC-55171","[object Object]","true"
"LB-ALIAS-D20CFC06AFCC","Aain Rouha","aain rouha","en","LB-LOC-55147","[object Object]","true"
"LB-ALIAS-B5D4958A4E68","عين حرشة","عين حرشة","ar","LB-LOC-55147","[object Object]","true"
"LB-ALIAS-894D12EA39B6","Aaqabet Rachaya","aaqabet rachaya","en","LB-LOC-55114","[object Object]","true"
"LB-ALIAS-9F731FB10EC4","عقبة راشيّا","عقبة راشيا","ar","LB-LOC-55114","[object Object]","true"
"LB-ALIAS-3779F9FAF20D","Aayha","aayha","en","LB-LOC-55117","[object Object]","true"
"LB-ALIAS-ACF61E18A739","عيحا","عيحا","ar","LB-LOC-55117","[object Object]","true"
"LB-ALIAS-4051A21248AF","Aayta El-Foukhar","aayta el foukhar","en","LB-LOC-55194","[object Object]","true"
"LB-ALIAS-7EF33E3719E3","عيتا الفخار","عيتا الفخار","ar","LB-LOC-55194","[object Object]","true"
"LB-ALIAS-82A1BC62F169","Bakka","bakka","en","LB-LOC-55177","[object Object]","true"
"LB-ALIAS-31EA6EC80480","بكا","بكا","ar","LB-LOC-55177","[object Object]","true"
"LB-ALIAS-E456B4D4D39E","Bakkifac Rachaya","bakkifac rachaya","en","LB-LOC-55121","[object Object]","true"
"LB-ALIAS-93E0002FF9E2","بكيفا راشيا","بكيفا راشيا","ar","LB-LOC-55121","[object Object]","true"
"LB-ALIAS-E0CF11E34DD2","Beit Lahia","beit lahia","en","LB-LOC-55127","[object Object]","true"
"LB-ALIAS-7DA1D6AEEFCC","بيت لهيا","بيت لهيا","ar","LB-LOC-55127","[object Object]","true"
"LB-ALIAS-61AEB9A5E80B","Biret Rachaiya","biret rachaiya","en","LB-LOC-55164","[object Object]","true"
"LB-ALIAS-B82853DF8ED7","بيرة راشّيا","بيرة راشيا","ar","LB-LOC-55164","[object Object]","true"
"LB-ALIAS-BE89CC17A6FD","Dahr El-Ahmar","dahr el ahmar","en","LB-LOC-55124","[object Object]","true"
"LB-ALIAS-1DDDA64627E0","ضهر الاحمر","ضهر الاحمر","ar","LB-LOC-55124","[object Object]","true"
"LB-ALIAS-2DD77A5DF884","Deir El-Aachayer","deir el aachayer","en","LB-LOC-55187","[object Object]","true"
"LB-ALIAS-4BBBCD6A7C1A","دير العشاير","دير العشاير","ar","LB-LOC-55187","[object Object]","true"
"LB-ALIAS-B28E39B8CD06","Haouch El Qinnabeh Rachaiya","haouch el qinnabeh rachaiya","en","LB-LOC-55161","[object Object]","true"
"LB-ALIAS-E2A494219F44","حوش القنعبة","حوش القنعبة","ar","LB-LOC-55161","[object Object]","true"
"LB-ALIAS-49595BEB3AA5","Helouet Rachaiya","helouet rachaiya","en","LB-LOC-55197","[object Object]","true"
"LB-ALIAS-2BA434D2DEE2","حلوة","حلوة","ar","LB-LOC-55197","[object Object]","true"
"LB-ALIAS-266FDE02C492","Kaoukaba Bou Arab","kaoukaba bou arab","en","LB-LOC-55144","[object Object]","true"
"LB-ALIAS-66CB460C2524","كوكبا","كوكبا","ar","LB-LOC-55144","[object Object]","true"
"LB-ALIAS-5871EE599646","Kfar Denis","kfar denis","en","LB-LOC-55137","[object Object]","true"
"LB-ALIAS-09815342AE9B","كفر دنيس","كفر دنيس","ar","LB-LOC-55137","[object Object]","true"
"LB-ALIAS-302BF45B9113","Kfar Lichki","kfar lichki","en","LB-LOC-55154","[object Object]","true"
"LB-ALIAS-CEDFD85DCAB8","كفر مشكي","كفر مشكي","ar","LB-LOC-55154","[object Object]","true"
"LB-ALIAS-B4746D647918","Kfar Qouq","kfar qouq","en","LB-LOC-55134","[object Object]","true"
"LB-ALIAS-5E92A554377A","كفرقوق","كفرقوق","ar","LB-LOC-55134","[object Object]","true"
"LB-ALIAS-4C04C7076ADF","Khirbet Rouha","khirbet rouha","en","LB-LOC-55151","[object Object]","true"
"LB-ALIAS-B6DAAB1F6F78","خربة روحا","خربة روحا","ar","LB-LOC-55151","[object Object]","true"
"LB-ALIAS-2896D6A206F4","Majdel Balhis","majdel balhis","en","LB-LOC-55174","[object Object]","true"
"LB-ALIAS-DA7C892217E5","مجدل بلهيص","مجدل بلهيص","ar","LB-LOC-55174","[object Object]","true"
"LB-ALIAS-6908ECB59235","Mdoukha","mdoukha","en","LB-LOC-55181","[object Object]","true"
"LB-ALIAS-D0020CC468C0","مدوخا","مدوخا","ar","LB-LOC-55181","[object Object]","true"
"LB-ALIAS-D6AEFD86BBA1","Mhaiydseh Rachaiya","mhaiydseh rachaiya","en","LB-LOC-55141","[object Object]","true"
"LB-ALIAS-1AD9FB0FECA3","محيدثه","محيدثه","ar","LB-LOC-55141","[object Object]","true"
"LB-ALIAS-1EE6C3836454","Nabi Safa","nabi safa","en","LB-LOC-55199","[object Object]","true"
"LB-ALIAS-A59A5BB1462F","نبي صفا","نبي صفا","ar","LB-LOC-55199","[object Object]","true"
"LB-ALIAS-1A44B22A28E3","Rachaiya","rachaiya","en","LB-LOC-55111","[object Object]","true"
"LB-ALIAS-32CC37E0355B","راشيّا الوادي","راشيا الوادي","ar","LB-LOC-55111","[object Object]","true"
"LB-ALIAS-51282C3A6A45","Rafid Rachaiya","rafid rachaiya","en","LB-LOC-55157","[object Object]","true"
"LB-ALIAS-E3920A2EC336","الرافد راشيا","الرافد راشيا","ar","LB-LOC-55157","[object Object]","true"
"LB-ALIAS-35F3C1956F7B","Selsata (Mazraat Deir El-Aachaiyer)","selsata (mazraat deir el aachaiyer)","en","LB-LOC-55191","[object Object]","true"
"LB-ALIAS-62909C0CF760","مزرعة سلساتا","مزرعة سلساتا","ar","LB-LOC-55191","[object Object]","true"
"LB-ALIAS-E04625B9F549","Tannoura","tannoura","en","LB-LOC-55131","[object Object]","true"
"LB-ALIAS-285CF1B9F398","تنورة","تنورة","ar","LB-LOC-55131","[object Object]","true"
"LB-ALIAS-F6C6C426E10A","Yanta","yanta","en","LB-LOC-55184","[object Object]","true"
"LB-ALIAS-E9C243001DED","ينطا","ينطا","ar","LB-LOC-55184","[object Object]","true"
"LB-ALIAS-9A883123C276","Aain Et-Tineh BG","aain et tineh bg","en","LB-LOC-52116","[object Object]","true"
"LB-ALIAS-29295061F423","عين التينة بقاع الغربي","عين التينة بقاع الغربي","ar","LB-LOC-52116","[object Object]","true"
"LB-ALIAS-616ADEFCE77F","Aain Zebdeh","aain zebdeh","en","LB-LOC-52146","[object Object]","true"
"LB-ALIAS-4794CBE21FBC","عين زبدة","عين زبدة","ar","LB-LOC-52146","[object Object]","true"
"LB-ALIAS-F19C3C8A24B9","Aammiq BG","aammiq bg","en","LB-LOC-52176","[object Object]","true"
"LB-ALIAS-E58C9805429C","عميق","عميق","ar","LB-LOC-52176","[object Object]","true"
"LB-ALIAS-3020852CF1EC","Aana","aana","en","LB-LOC-52161","[object Object]","true"
"LB-ALIAS-D287579EFBAA","عانا","عانا","ar","LB-LOC-52161","[object Object]","true"
"LB-ALIAS-0106C0F0D940","Aaytanit","aaytanit","en","LB-LOC-52121","[object Object]","true"
"LB-ALIAS-2128CD49A107","عيتنيت","عيتنيت","ar","LB-LOC-52121","[object Object]","true"
"LB-ALIAS-6CCAA23D1A1E","Baaloul BG","baaloul bg","en","LB-LOC-52224","[object Object]","true"
"LB-ALIAS-2A56B13A89E8","بعلول","بعلول","ar","LB-LOC-52224","[object Object]","true"
"LB-ALIAS-0250A7F8F7AF","Bab Mareaa","bab mareaa","en","LB-LOC-52126","[object Object]","true"
"LB-ALIAS-40D718AB5BF6","باب مارع","باب مارع","ar","LB-LOC-52126","[object Object]","true"
"LB-ALIAS-530EA8A408D0","Chebrqiyet Aammiq","chebrqiyet aammiq","en","LB-LOC-52181","[object Object]","true"
"LB-ALIAS-7D6A9F1CB4B4","شبرقية عميق","شبرقية عميق","ar","LB-LOC-52181","[object Object]","true"
"LB-ALIAS-DB53E889A8F9","Dakoueh","dakoueh","en","LB-LOC-52251","[object Object]","true"
"LB-ALIAS-7869E4EAD5B1","دكوة","دكوة","ar","LB-LOC-52251","[object Object]","true"
"LB-ALIAS-0DC63F2861E3","Deir Aain Ej-Jaouzeh","deir aain ej jaouzeh","en","LB-LOC-52131","[object Object]","true"
"LB-ALIAS-5BF7A6D335C7","دير عين الجوزة","دير عين الجوزة","ar","LB-LOC-52131","[object Object]","true"
"LB-ALIAS-581955E352B3","Deir Tahniche","deir tahniche","en","LB-LOC-52166","[object Object]","true"
"LB-ALIAS-5BE1EDA56765","دير طحنيش","دير طحنيش","ar","LB-LOC-52166","[object Object]","true"
"LB-ALIAS-97985561A414","Ghazzeh","ghazzeh","en","LB-LOC-52227","[object Object]","true"
"LB-ALIAS-CFB08854CEA9","غزة","غزة","ar","LB-LOC-52227","[object Object]","true"
"LB-ALIAS-ED1680AF702D","Haouch El-Harime","haouch el harime","en","LB-LOC-52254","[object Object]","true"
"LB-ALIAS-858F1C8321FF","حوش الحريمة","حوش الحريمة","ar","LB-LOC-52254","[object Object]","true"
"LB-ALIAS-F911F0B664FA","Harimeh Es-Soughra","harimeh es soughra","en","LB-LOC-52271","[object Object]","true"
"LB-ALIAS-30C79E2B268C","حريمة الصغرى","حريمة الصغري","ar","LB-LOC-52271","[object Object]","true"
"LB-ALIAS-DA2EB42D7F7D","Jazira BG","jazira bg","en","LB-LOC-52257","[object Object]","true"
"LB-ALIAS-4F3D380AF6C4","الجزيرة","الجزيرة","ar","LB-LOC-52257","[object Object]","true"
"LB-ALIAS-BD4F8ACDC46F","Joubb Jannine","joubb jannine","en","LB-LOC-52211","[object Object]","true"
"LB-ALIAS-404FA574A755","جب جنين","جب جنين","ar","LB-LOC-52211","[object Object]","true"
"LB-ALIAS-38DCBC28B1D8","Kafraiya BG","kafraiya bg","en","LB-LOC-52156","[object Object]","true"
"LB-ALIAS-E09A1BD90034","كفريا بقاع الغربي","كفريا بقاع الغربي","ar","LB-LOC-52156","[object Object]","true"
"LB-ALIAS-3BD7827A4068","Kamed El-Laouz","kamed el laouz","en","LB-LOC-52217","[object Object]","true"
"LB-ALIAS-77665C2E92E3","كامد اللوز","كامد اللوز","ar","LB-LOC-52217","[object Object]","true"
"LB-ALIAS-3F587FA4C06A","Khiara","khiara","en","LB-LOC-52234","[object Object]","true"
"LB-ALIAS-CF8C9194A20B","الخيارة","الخيارة","ar","LB-LOC-52234","[object Object]","true"
"LB-ALIAS-4F31FFD43987","Khiara El-Aatiqa","khiara el aatiqa","en","LB-LOC-52247","[object Object]","true"
"LB-ALIAS-FEA6227F5EDD","خيارة العتيقة","خيارة العتيقة","ar","LB-LOC-52247","[object Object]","true"
"LB-ALIAS-97B456CAEE22","Khirbet Qanafar","khirbet qanafar","en","LB-LOC-52151","[object Object]","true"
"LB-ALIAS-7F056CB042BF","خربة قنافار","خربة قنافار","ar","LB-LOC-52151","[object Object]","true"
"LB-ALIAS-9F9D5FF6803D","Lala","lala","en","LB-LOC-52214","[object Object]","true"
"LB-ALIAS-75113C82CA9F","لالا","لالا","ar","LB-LOC-52214","[object Object]","true"
"LB-ALIAS-C52344C95ED3","Libbaya BG","libbaya bg","en","LB-LOC-52274","[object Object]","true"
"LB-ALIAS-E9D7B92483D6","لبايا","لبايا","ar","LB-LOC-52274","[object Object]","true"
"LB-ALIAS-B2FD92F48847","Loussa","loussa","en","LB-LOC-52141","[object Object]","true"
"LB-ALIAS-9487718546AE","لوسيا","لوسيا","ar","LB-LOC-52141","[object Object]","true"
"LB-ALIAS-B6AF838B121F","Machghara","machghara","en","LB-LOC-52111","[object Object]","true"
"LB-ALIAS-C23ED11E8C9E","مشغرة","مشغرة","ar","LB-LOC-52111","[object Object]","true"
"LB-ALIAS-A89F588628B8","Manara (Hammara) BG","manara (hammara) bg","en","LB-LOC-52244","[object Object]","true"
"LB-ALIAS-5925BF877F1C","حمارة","حمارة","ar","LB-LOC-52244","[object Object]","true"
"LB-ALIAS-73D13D035365","Mansoura BG","mansoura bg","en","LB-LOC-52171","[object Object]","true"
"LB-ALIAS-2B79A9065784","المنصورة","المنصورة","ar","LB-LOC-52171","[object Object]","true"
"LB-ALIAS-3ABD9891BAB6","Marj BG","marj bg","en","LB-LOC-52277","[object Object]","true"
"LB-ALIAS-A8B4BFD309C6","المرج","المرج","ar","LB-LOC-52277","[object Object]","true"
"LB-ALIAS-8A7A9BC95407","Maydoun","maydoun","en","LB-LOC-52287","[object Object]","true"
"LB-ALIAS-8F759CBF85D2","ميدون","ميدون","ar","LB-LOC-52287","[object Object]","true"
"LB-ALIAS-A0922C39A2B7","Ouaqf BG","ouaqf bg","en","LB-LOC-52261","[object Object]","true"
"LB-ALIAS-648FBD523FBB","الوقف بقاع الغربي","الوقف بقاع الغربي","ar","LB-LOC-52261","[object Object]","true"
"LB-ALIAS-034FCA4F5AAA","Qaraaoun","qaraaoun","en","LB-LOC-52237","[object Object]","true"
"LB-ALIAS-D8920F1F4B44","القرعون","القرعون","ar","LB-LOC-52237","[object Object]","true"
"LB-ALIAS-B37EB33ACA95","Qelaya","qelaya","en","LB-LOC-52291","[object Object]","true"
"LB-ALIAS-4C305431B7E6","قلايا","قلايا","ar","LB-LOC-52291","[object Object]","true"
"LB-ALIAS-06BC07038BFD","Raouda (Istabel)","raouda (istabel)","en","LB-LOC-52295","[object Object]","true"
"LB-ALIAS-786DE7EC8ABC","روضة إسطبل","روضة اسطبل","ar","LB-LOC-52295","[object Object]","true"
"LB-ALIAS-5A19F9A092D7","Saghbine","saghbine","en","LB-LOC-52136","[object Object]","true"
"LB-ALIAS-2FD6BC78DE24","صغبين","صغبين","ar","LB-LOC-52136","[object Object]","true"
"LB-ALIAS-58F328917270","Sohmor","sohmor","en","LB-LOC-52267","[object Object]","true"
"LB-ALIAS-4D9CFD505244","سحمر","سحمر","ar","LB-LOC-52267","[object Object]","true"
"LB-ALIAS-E58E2AC940DA","Soltan Yacoub el Aradi","soltan yacoub el aradi","en","LB-LOC-52241","[object Object]","true"
"LB-ALIAS-1DCF06EE0889","سلطان يعقوب أراضي","سلطان يعقوب اراضي","ar","LB-LOC-52241","[object Object]","true"
"LB-ALIAS-39D454817E1E","Souairi","souairi","en","LB-LOC-52264","[object Object]","true"
"LB-ALIAS-5087752DBB54","صويري","صويري","ar","LB-LOC-52264","[object Object]","true"
"LB-ALIAS-B9D557125C1F","Soultan Yaacoub Faouqa","soultan yaacoub faouqa","en","LB-LOC-52231","[object Object]","true"
"LB-ALIAS-F46FC3768CA1","سلطان يعقوب الفوقا","سلطان يعقوب الفوقا","ar","LB-LOC-52231","[object Object]","true"
"LB-ALIAS-4BBC67A8DCD1","Tall Znoub","tall znoub","en","LB-LOC-52221","[object Object]","true"
"LB-ALIAS-681EE0BA1B5C","تل زنوب","تل زنوب","ar","LB-LOC-52221","[object Object]","true"
"LB-ALIAS-3ACBFE31CF05","Yohmor BG","yohmor bg","en","LB-LOC-52281","[object Object]","true"
"LB-ALIAS-418019F9FAC9","يحمر بقاع الغربي","يحمر بقاع الغربي","ar","LB-LOC-52281","[object Object]","true"
"LB-ALIAS-5DEE4431CA7B","Zilaya","zilaya","en","LB-LOC-52284","[object Object]","true"
"LB-ALIAS-4C4C9DC38972","زلايا","زلايا","ar","LB-LOC-52284","[object Object]","true"
"LB-ALIAS-18BB594CC57B","Aain Kfar Zabad","aain kfar zabad","en","LB-LOC-51377","[object Object]","true"
"LB-ALIAS-CF04572D02EA","عين كفر زبد","عين كفر زبد","ar","LB-LOC-51377","[object Object]","true"
"LB-ALIAS-0DC6AC0198C4","Aali En-Nahri","aali en nahri","en","LB-LOC-51323","[object Object]","true"
"LB-ALIAS-CF32EB4AFCF7","علي النهري","علي النهري","ar","LB-LOC-51323","[object Object]","true"
"LB-ALIAS-A1638ED0641B","Aanjar (Haouch Moussa)","aanjar (haouch moussa)","en","LB-LOC-51281","[object Object]","true"
"LB-ALIAS-27AD1985A692","عنجر","عنجر","ar","LB-LOC-51281","[object Object]","true"
"LB-ALIAS-8A9574E403BE","Ablah","ablah","en","LB-LOC-51163","[object Object]","true"
"LB-ALIAS-428E5C4C5048","ابلح","ابلح","ar","LB-LOC-51163","[object Object]","true"
"LB-ALIAS-F9A60B01C2D4","Barr Elias","barr elias","en","LB-LOC-51267","[object Object]","true"
"LB-ALIAS-5915406DE816","بر الياس","بر الياس","ar","LB-LOC-51267","[object Object]","true"
"LB-ALIAS-7DE4BA76F086","Bouarej","bouarej","en","LB-LOC-51244","[object Object]","true"
"LB-ALIAS-7978DA1A6DF3","بوارج","بوارج","ar","LB-LOC-51244","[object Object]","true"
"LB-ALIAS-86BDC0268C51","Chebrqiyet Tabet","chebrqiyet tabet","en","LB-LOC-51247","[object Object]","true"
"LB-ALIAS-F29673B2BF53","شبرقية تابت","شبرقية تابت","ar","LB-LOC-51247","[object Object]","true"
"LB-ALIAS-AD7EA29EA1D1","Chtaura","chtaura","en","LB-LOC-51211","[object Object]","true"
"LB-ALIAS-900B86F5EBAB","شتورا","شتورا","ar","LB-LOC-51211","[object Object]","true"
"LB-ALIAS-ECE84E3F706C","Dalhamiyet Zahleh","dalhamiyet zahleh","en","LB-LOC-51383","[object Object]","true"
"LB-ALIAS-D70F2556F376","دلهميه","دلهميه","ar","LB-LOC-51383","[object Object]","true"
"LB-ALIAS-45E9AD4E5B06","Deir El-Ghazal","deir el ghazal","en","LB-LOC-51347","[object Object]","true"
"LB-ALIAS-8B2F46878330","دير الغزال","دير الغزال","ar","LB-LOC-51347","[object Object]","true"
"LB-ALIAS-BFF92D9AA53C","Fourzol","fourzol","en","LB-LOC-51139","[object Object]","true"
"LB-ALIAS-7662FD91A0D1","فرزل","فرزل","ar","LB-LOC-51139","[object Object]","true"
"LB-ALIAS-E9B73B81EF69","Haouch El-Aamara","haouch el aamara","en","LB-LOC-51335","[object Object]","true"
"LB-ALIAS-38E429BF98EF","تل العمارة","تل العمارة","ar","LB-LOC-51335","[object Object]","true"
"LB-ALIAS-28D15DE88441","Haouch El-Ghanam","haouch el ghanam","en","LB-LOC-51329","[object Object]","true"
"LB-ALIAS-CAD86BCC983B","حوش الغنم","حوش الغنم","ar","LB-LOC-51329","[object Object]","true"
"LB-ALIAS-577651FCF7ED","Haouch Es-Siyadeh","haouch es siyadeh","en","LB-LOC-51251","[object Object]","true"
"LB-ALIAS-643574471B3C","حوش الصيادي","حوش الصيادي","ar","LB-LOC-51251","[object Object]","true"
"LB-ALIAS-ABC14C77F9D7","Haouch Hala","haouch hala","en","LB-LOC-51317","[object Object]","true"
"LB-ALIAS-1CE4FC283057","حوش حالا","حوش حالا","ar","LB-LOC-51317","[object Object]","true"
"LB-ALIAS-3CD5AC3D5113","Haouch Mandara","haouch mandara","en","LB-LOC-51237","[object Object]","true"
"LB-ALIAS-B0FF9B9AA5CB","حوش مندره","حوش مندره","ar","LB-LOC-51237","[object Object]","true"
"LB-ALIAS-54E01045EAB9","Haouch Qayssar","haouch qayssar","en","LB-LOC-51264","[object Object]","true"
"LB-ALIAS-BF4D01BB30EB","قيصر","قيصر","ar","LB-LOC-51264","[object Object]","true"
"LB-ALIAS-94DA6070DA79","Hazerta","hazerta","en","LB-LOC-51157","[object Object]","true"
"LB-ALIAS-AEF1E25AF396","حزرتا","حزرتا","ar","LB-LOC-51157","[object Object]","true"
"LB-ALIAS-6929DE5C1A54","Hoshmosh","hoshmosh","en","LB-LOC-51341","[object Object]","true"
"LB-ALIAS-0201515227F7","حشمش","حشمش","ar","LB-LOC-51341","[object Object]","true"
"LB-ALIAS-4320DD0BA297","Jdita","jdita","en","LB-LOC-51224","[object Object]","true"
"LB-ALIAS-FEAB54FF7552","جديتا","جديتا","ar","LB-LOC-51224","[object Object]","true"
"LB-ALIAS-5AB6BBB7D1F6","Kfarzabad","kfarzabad","en","LB-LOC-51389","[object Object]","true"
"LB-ALIAS-D197D41020E8","كفر زبد","كفر زبد","ar","LB-LOC-51389","[object Object]","true"
"LB-ALIAS-7B9C5305F45A","Ksara","ksara","en","LB-LOC-51184","[object Object]","true"
"LB-ALIAS-4D629C49D38E","كسارة","كسارة","ar","LB-LOC-51184","[object Object]","true"
"LB-ALIAS-1A3BF9782372","Majdel Aanjar","majdel aanjar","en","LB-LOC-51284","[object Object]","true"
"LB-ALIAS-4495CE5B7DB3","مجدل عنجر","مجدل عنجر","ar","LB-LOC-51284","[object Object]","true"
"LB-ALIAS-5DDAE9970255","Makseh","makseh","en","LB-LOC-51217","[object Object]","true"
"LB-ALIAS-5E154EC78429","مكسة","مكسة","ar","LB-LOC-51217","[object Object]","true"
"LB-ALIAS-D6D192C8F1AC","Massa","massa","en","LB-LOC-51371","[object Object]","true"
"LB-ALIAS-86FF7804F8B1","مسا","مسا","ar","LB-LOC-51371","[object Object]","true"
"LB-ALIAS-CAD5727705ED","Mazraat Er-Remtaniyeh","mazraat er remtaniyeh","en","LB-LOC-51185","[object Object]","true"
"LB-ALIAS-E905D77B61BA","الرمطانية","الرمطانية","ar","LB-LOC-51185","[object Object]","true"
"LB-ALIAS-AABF4A6498A1","Mrayjat Zahleh","mrayjat zahleh","en","LB-LOC-51241","[object Object]","true"
"LB-ALIAS-8CED1957BAAB","مريجات","مريجات","ar","LB-LOC-51241","[object Object]","true"
"LB-ALIAS-000C200C9390","Mzaraat Zahleh","mzaraat zahleh","en","LB-LOC-51271","[object Object]","true"
"LB-ALIAS-31759326AD6C","مزرعة زحلة","مزرعة زحلة","ar","LB-LOC-51271","[object Object]","true"
"LB-ALIAS-D997A1849C42","Nabi Ayla","nabi ayla","en","LB-LOC-51151","[object Object]","true"
"LB-ALIAS-3F73DDB968A6","نبي ايلا","نبي ايلا","ar","LB-LOC-51151","[object Object]","true"
"LB-ALIAS-50CEFA474A18","Nasriyet Rizk","nasriyet rizk","en","LB-LOC-51354","[object Object]","true"
"LB-ALIAS-F8C7E131337E","ناصرية رزق","ناصرية رزق","ar","LB-LOC-51354","[object Object]","true"
"LB-ALIAS-54C9485E5235","Nasriyet Zahleh","nasriyet zahleh","en","LB-LOC-51287","[object Object]","true"
"LB-ALIAS-252B4D6F4840","ناصرية زحلة","ناصرية زحلة","ar","LB-LOC-51287","[object Object]","true"
"LB-ALIAS-8F36AA390B39","Niha Zahleh","niha zahleh","en","LB-LOC-51177","[object Object]","true"
"LB-ALIAS-3D03FEA25920","نيحا زحلة","نيحا زحلة","ar","LB-LOC-51177","[object Object]","true"
"LB-ALIAS-70D2CF5B02E3","Ouadi Ed-Delm","ouadi ed delm","en","LB-LOC-51257","[object Object]","true"
"LB-ALIAS-77C41702C134","وادي الدلم","وادي الدلم","ar","LB-LOC-51257","[object Object]","true"
"LB-ALIAS-28B33D64C8C3","Ouadi El-Aarayech","ouadi el aarayech","en","LB-LOC-51189","[object Object]","true"
"LB-ALIAS-2E3A570C6715","وادي العرايش","وادي العرايش","ar","LB-LOC-51189","[object Object]","true"
"LB-ALIAS-18BD98DA1A48","Qaa Er-Rim","qaa er rim","en","LB-LOC-51173","[object Object]","true"
"LB-ALIAS-65C0AC60170C","قاع الريم","قاع الريم","ar","LB-LOC-51173","[object Object]","true"
"LB-ALIAS-3BA406C60C14","Qabb Elias","qabb elias","en","LB-LOC-51234","[object Object]","true"
"LB-ALIAS-DC59F22D67B8","قب الياس","قب الياس","ar","LB-LOC-51234","[object Object]","true"
"LB-ALIAS-A7B075BCB0AA","Qoussaya","qoussaya","en","LB-LOC-51353","[object Object]","true"
"LB-ALIAS-3080A7220E86","قوسايا","قوسايا","ar","LB-LOC-51353","[object Object]","true"
"LB-ALIAS-B73F045413DB","Raait","raait","en","LB-LOC-51359","[object Object]","true"
"LB-ALIAS-B1232E230E37","رعيت","رعيت","ar","LB-LOC-51359","[object Object]","true"
"LB-ALIAS-02A0F76AB847","Riyaq","riyaq","en","LB-LOC-51311","[object Object]","true"
"LB-ALIAS-65F995E543DF","رياق","رياق","ar","LB-LOC-51311","[object Object]","true"
"LB-ALIAS-0F3DDB1806DD","Saadnayel","saadnayel","en","LB-LOC-51231","[object Object]","true"
"LB-ALIAS-C5F40AFABDBA","سعدنايل","سعدنايل","ar","LB-LOC-51231","[object Object]","true"
"LB-ALIAS-E3A22D489203","Taalbaya","taalbaya","en","LB-LOC-51221","[object Object]","true"
"LB-ALIAS-3EF4362AA4A7","تعلبايا","تعلبايا","ar","LB-LOC-51221","[object Object]","true"
"LB-ALIAS-D05CAFE43DAC","Taanayel","taanayel","en","LB-LOC-51227","[object Object]","true"
"LB-ALIAS-CDD1FB224811","تعنايل","تعنايل","ar","LB-LOC-51227","[object Object]","true"
"LB-ALIAS-4DA6D4BBFA59","Tcheflik Eddé Haouch","tcheflik eddé haouch","en","LB-LOC-51274","[object Object]","true"
"LB-ALIAS-0CD5EBF78A7A","تشفلك اده حوش","تشفلك اده حوش","ar","LB-LOC-51274","[object Object]","true"
"LB-ALIAS-1DAC06D5BE39","Tcheflik Qiqano","tcheflik qiqano","en","LB-LOC-51261","[object Object]","true"
"LB-ALIAS-DC8AA25FEB5D","تشفلك قيقانو","تشفلك قيقانو","ar","LB-LOC-51261","[object Object]","true"
"LB-ALIAS-3FE324447301","Tell El-Akhdar","tell el akhdar","en","LB-LOC-51277","[object Object]","true"
"LB-ALIAS-6F47DF39990C","تل الاخضر","تل الاخضر","ar","LB-LOC-51277","[object Object]","true"
"LB-ALIAS-448352EE43D0","Terbol Zahleh","terbol zahleh","en","LB-LOC-51365","[object Object]","true"
"LB-ALIAS-3D8595043C90","تربل","تربل","ar","LB-LOC-51365","[object Object]","true"
"LB-ALIAS-658F2C32FB4F","Touaite Zahleh","touaite zahleh","en","LB-LOC-51145","[object Object]","true"
"LB-ALIAS-8DF6AC223EC9","تويتي","تويتي","ar","LB-LOC-51145","[object Object]","true"
"LB-ALIAS-64E9AACE9650","Zahlé Haouch El-Oumara Aradi","zahlé haouch el oumara aradi","en","LB-LOC-51127","[object Object]","true"
"LB-ALIAS-44A479835214","زحلة حوش الامراء أراضي","زحلة حوش الامراء اراضي","ar","LB-LOC-51127","[object Object]","true"
"LB-ALIAS-0A1E2203DC05","Zahlé Mar Antonios","zahlé mar antonios","en","LB-LOC-51123","[object Object]","true"
"LB-ALIAS-90BDCE75EED5","زحلة مار أنطونيوس","زحلة مار انطونيوس","ar","LB-LOC-51123","[object Object]","true"
"LB-ALIAS-2E64F076E4CE","Zahlé Mar Elias","zahlé mar elias","en","LB-LOC-51135","[object Object]","true"
"LB-ALIAS-44CDFED15A2F","مار الياس زحلة","مار الياس زحلة","ar","LB-LOC-51135","[object Object]","true"
"LB-ALIAS-CC028410D9EF","Zahlé Mar Gerges","zahlé mar gerges","en","LB-LOC-51115","[object Object]","true"
"LB-ALIAS-E26B91D6C367","زحلة مار جرجس","زحلة مار جرجس","ar","LB-LOC-51115","[object Object]","true"
"LB-ALIAS-E4659C287C99","Zahlé Saydet En-Najat","zahlé saydet en najat","en","LB-LOC-51129","[object Object]","true"
"LB-ALIAS-4269F9851728","زحلة سيدة النجاة","زحلة سيدة النجاة","ar","LB-LOC-51129","[object Object]","true"
"LB-ALIAS-2008AB5FF25C","Zahleh Aradi","zahleh aradi","en","LB-LOC-51133","[object Object]","true"
"LB-ALIAS-BAF8B4BDD185","زحلة أراضي","زحلة اراضي","ar","LB-LOC-51133","[object Object]","true"
"LB-ALIAS-578071D854D7","Zahleh El-Berbara","zahleh el berbara","en","LB-LOC-51119","[object Object]","true"
"LB-ALIAS-7EA0FA3C3A1C","بربارة زحلة","بربارة زحلة","ar","LB-LOC-51119","[object Object]","true"
"LB-ALIAS-4B461F956E3D","Zahleh El-Maallaqa","zahleh el maallaqa","en","LB-LOC-51121","[object Object]","true"
"LB-ALIAS-D466C53F8172","زحلة معلقة أراضي","زحلة معلقة اراضي","ar","LB-LOC-51121","[object Object]","true"
"LB-ALIAS-6A376F9C22D1","Zahleh El-Midane","zahleh el midane","en","LB-LOC-51111","[object Object]","true"
"LB-ALIAS-DCC2EB3C2AFD","زحلة","زحلة","ar","LB-LOC-51111","[object Object]","true"
"LB-ALIAS-664A71EE031E","Zahleh Er-Rassiyeh","zahleh er rassiyeh","en","LB-LOC-51117","[object Object]","true"
"LB-ALIAS-B553802C2473","الراسية","الراسية","ar","LB-LOC-51117","[object Object]","true"
"LB-ALIAS-97060829F918","Zahleh Haouch El-Oumara","zahleh haouch el oumara","en","LB-LOC-51131","[object Object]","true"
"LB-ALIAS-EE1E887F2D97","تل شيحا","تل شيحا","ar","LB-LOC-51131","[object Object]","true"
"LB-ALIAS-0DF89AA4A691","Zahleh Haouch Ez-Zaraane","zahleh haouch ez zaraane","en","LB-LOC-51113","[object Object]","true"
"LB-ALIAS-165832685926","حوش الزراعنة","حوش الزراعنة","ar","LB-LOC-51113","[object Object]","true"
"LB-ALIAS-C35D70D54AA0","Zahleh Maallaqa Aradi","zahleh maallaqa aradi","en","LB-LOC-51125","[object Object]","true"
"LB-ALIAS-212B7D356185","مدينة الصناعية","مدينة الصناعية","ar","LB-LOC-51125","[object Object]","true"
"LB-ALIAS-8F1A1E60AF1E","Zebdoul","zebdoul","en","LB-LOC-51214","[object Object]","true"
"LB-ALIAS-BD696B77980A","زبدل","زبدل","ar","LB-LOC-51214","[object Object]","true"
"LB-ALIAS-8B11C1952CB3","Aain Ibl","aain ibl","en","LB-LOC-72143","[object Object]","true"
"LB-ALIAS-93674054AF08","عين ابل","عين ابل","ar","LB-LOC-72143","[object Object]","true"
"LB-ALIAS-F167FC8927EF","Aaintaroun","aaintaroun","en","LB-LOC-72151","[object Object]","true"
"LB-ALIAS-E2C48C1093A2","عيترون","عيترون","ar","LB-LOC-72151","[object Object]","true"
"LB-ALIAS-A134C8EBA216","Aaita Ej-Jabal","aaita ej jabal","en","LB-LOC-72224","[object Object]","true"
"LB-ALIAS-727F876AB37A","عيتا الجبل الزط","عيتا الجبل الزط","ar","LB-LOC-72224","[object Object]","true"
"LB-ALIAS-B2C2B48AF927","Aaynata Bent Jbayl","aaynata bent jbayl","en","LB-LOC-72119","[object Object]","true"
"LB-ALIAS-A673F2C0BBA6","عيناتا بنت جبيل","عيناتا بنت جبيل","ar","LB-LOC-72119","[object Object]","true"
"LB-ALIAS-00F664C0DE2C","Aayta Ech-Chaab","aayta ech chaab","en","LB-LOC-72183","[object Object]","true"
"LB-ALIAS-AAD844798C16","عيتا الشعب","عيتا الشعب","ar","LB-LOC-72183","[object Object]","true"
"LB-ALIAS-FCC8FDF438FF","Baraachit","baraachit","en","LB-LOC-72227","[object Object]","true"
"LB-ALIAS-6631932A0BF5","برعشيت","برعشيت","ar","LB-LOC-72227","[object Object]","true"
"LB-ALIAS-2979AFC662CB","Beit Lif","beit lif","en","LB-LOC-72287","[object Object]","true"
"LB-ALIAS-97CC9891B5AD","بيت ليف","بيت ليف","ar","LB-LOC-72287","[object Object]","true"
"LB-ALIAS-80B44CE21BFE","Beit Yahoun","beit yahoun","en","LB-LOC-72237","[object Object]","true"
"LB-ALIAS-1E1648769DB1","بيت ياحون","بيت ياحون","ar","LB-LOC-72237","[object Object]","true"
"LB-ALIAS-CCCB9E0550B0","Bent Jbayl","bent jbayl","en","LB-LOC-72111","[object Object]","true"
"LB-ALIAS-D727D82BCDD9","بنت جبيل","بنت جبيل","ar","LB-LOC-72111","[object Object]","true"
"LB-ALIAS-7532977EB215","Borj qalaouiyeh","borj qalaouiyeh","en","LB-LOC-72264","[object Object]","true"
"LB-ALIAS-BC830022893B","برج قلويه","برج قلويه","ar","LB-LOC-72264","[object Object]","true"
"LB-ALIAS-450E5A017619","Chaqra","chaqra","en","LB-LOC-72229","[object Object]","true"
"LB-ALIAS-C7AEF360CE99","شقرا","شقرا","ar","LB-LOC-72229","[object Object]","true"
"LB-ALIAS-90755A0F3BCD","Debl","debl","en","LB-LOC-72281","[object Object]","true"
"LB-ALIAS-0B4A8E520693","دبل امية","دبل امية","ar","LB-LOC-72281","[object Object]","true"
"LB-ALIAS-11E5AFF8EEE4","Deir Ntar","deir ntar","en","LB-LOC-72244","[object Object]","true"
"LB-ALIAS-69A9582EE0F8","دير نطار","دير نطار","ar","LB-LOC-72244","[object Object]","true"
"LB-ALIAS-80A23B2C6A0C","Froun","froun","en","LB-LOC-72276","[object Object]","true"
"LB-ALIAS-92A99A5C03BE","فرون","فرون","ar","LB-LOC-72276","[object Object]","true"
"LB-ALIAS-9FEB880A11E5","Ghandouriyet Bent Jbayl","ghandouriyet bent jbayl","en","LB-LOC-72274","[object Object]","true"
"LB-ALIAS-11F8077E6B8B","غندورية بنت جبيل","غندورية بنت جبيل","ar","LB-LOC-72274","[object Object]","true"
"LB-ALIAS-4945A82198F5","Haddatha","haddatha","en","LB-LOC-72231","[object Object]","true"
"LB-ALIAS-C63B13EED6B5","حداثا","حداثا","ar","LB-LOC-72231","[object Object]","true"
"LB-ALIAS-BBFCF728C48E","Hanine","hanine","en","LB-LOC-72284","[object Object]","true"
"LB-ALIAS-810B611967FD","حنين","حنين","ar","LB-LOC-72284","[object Object]","true"
"LB-ALIAS-2EEF56C7FA65","Haris","haris","en","LB-LOC-72241","[object Object]","true"
"LB-ALIAS-8564FF3955D1","حاريص","حاريص","ar","LB-LOC-72241","[object Object]","true"
"LB-ALIAS-400D8B48CEF6","Jmaijmeh","jmaijmeh","en","LB-LOC-72221","[object Object]","true"
"LB-ALIAS-6320AFE8ED52","جميجمة","جميجمة","ar","LB-LOC-72221","[object Object]","true"
"LB-ALIAS-48FC03BCA259","Kafra Bant Jbayl","kafra bant jbayl","en","LB-LOC-72257","[object Object]","true"
"LB-ALIAS-A38636879E2C","كفرا بنت جبيل","كفرا بنت جبيل","ar","LB-LOC-72257","[object Object]","true"
"LB-ALIAS-5ADC86AAC41C","Kfar Dounine","kfar dounine","en","LB-LOC-72247","[object Object]","true"
"LB-ALIAS-0DCCC3A10E45","كفر دونين","كفر دونين","ar","LB-LOC-72247","[object Object]","true"
"LB-ALIAS-40C6557A16D2","Khirbet Selm","khirbet selm","en","LB-LOC-72234","[object Object]","true"
"LB-ALIAS-E031AACA23D5","خربة سلم","خربة سلم","ar","LB-LOC-72234","[object Object]","true"
"LB-ALIAS-3505A39B9AE3","Kounine","kounine","en","LB-LOC-72251","[object Object]","true"
"LB-ALIAS-02F5D5D539B6","كونين","كونين","ar","LB-LOC-72251","[object Object]","true"
"LB-ALIAS-D5EE0D6F0E39","Maroun Er-Ras","maroun er ras","en","LB-LOC-72127","[object Object]","true"
"LB-ALIAS-B6AF8D1A4E76","مارون الراس","مارون الراس","ar","LB-LOC-72127","[object Object]","true"
"LB-ALIAS-4E91CAA87353","Qalaouiyeh","qalaouiyeh","en","LB-LOC-72261","[object Object]","true"
"LB-ALIAS-1A7D8BBD4655","قلويه","قلويه","ar","LB-LOC-72261","[object Object]","true"
"LB-ALIAS-A6D6874FAB84","Qaouzah","qaouzah","en","LB-LOC-72291","[object Object]","true"
"LB-ALIAS-676D7A8D1D5B","قوزح","قوزح","ar","LB-LOC-72291","[object Object]","true"
"LB-ALIAS-F2ABA49AC0D4","Qatmoun","qatmoun","en","LB-LOC-72175","[object Object]","true"
"LB-ALIAS-13559961713F","قطموم","قطموم","ar","LB-LOC-72175","[object Object]","true"
"LB-ALIAS-3D9AA376E457","Rachaf","rachaf","en","LB-LOC-72271","[object Object]","true"
"LB-ALIAS-CEB7C3D7DC31","رشاف","رشاف","ar","LB-LOC-72271","[object Object]","true"
"LB-ALIAS-23F3BC088BDD","Ramyet Bent Jbayl","ramyet bent jbayl","en","LB-LOC-72191","[object Object]","true"
"LB-ALIAS-B3E7A6D0C957","رامية بنت جبيل","رامية بنت جبيل","ar","LB-LOC-72191","[object Object]","true"
"LB-ALIAS-93ACB65EB560","Rmaich","rmaich","en","LB-LOC-72167","[object Object]","true"
"LB-ALIAS-6150AD92DB56","رميش","رميش","ar","LB-LOC-72167","[object Object]","true"
"LB-ALIAS-3B1CD54D32C0","Safad Al-Battikh","safad al battikh","en","LB-LOC-72217","[object Object]","true"
"LB-ALIAS-13FA295E33C3","صفد البطيخ","صفد البطيخ","ar","LB-LOC-72217","[object Object]","true"
"LB-ALIAS-1724087E7F33","Salhani","salhani","en","LB-LOC-72135","[object Object]","true"
"LB-ALIAS-06DC90187A15","الصلحاني","الصلحاني","ar","LB-LOC-72135","[object Object]","true"
"LB-ALIAS-AE1E4AA274FC","Soultaniyet Bent Jbayl","soultaniyet bent jbayl","en","LB-LOC-72214","[object Object]","true"
"LB-ALIAS-186173E3B10C","سلطانية","سلطانية","ar","LB-LOC-72214","[object Object]","true"
"LB-ALIAS-91B86C32308A","Srobbine","srobbine","en","LB-LOC-72267","[object Object]","true"
"LB-ALIAS-3C3BEA73EB9E","صربين","صربين","ar","LB-LOC-72267","[object Object]","true"
"LB-ALIAS-F0AA016AF6EF","Tibnine","tibnine","en","LB-LOC-72211","[object Object]","true"
"LB-ALIAS-9929D4F50590","تبنين","تبنين","ar","LB-LOC-72211","[object Object]","true"
"LB-ALIAS-B17239F5F3C1","Tiri","tiri","en","LB-LOC-72254","[object Object]","true"
"LB-ALIAS-ED3031AF653B","طيري","طيري","ar","LB-LOC-72254","[object Object]","true"
"LB-ALIAS-7F7BDEA5DDA1","Yaroun","yaroun","en","LB-LOC-72159","[object Object]","true"
"LB-ALIAS-7049E7F845E7","يارون","يارون","ar","LB-LOC-72159","[object Object]","true"
"LB-ALIAS-444A54E2C73A","Yater","yater","en","LB-LOC-72277","[object Object]","true"
"LB-ALIAS-9E49CE8B9C25","ياطر","ياطر","ar","LB-LOC-72277","[object Object]","true"
"LB-ALIAS-06DC6FF3F030","Aabba","aabba","en","LB-LOC-71351","[object Object]","true"
"LB-ALIAS-39C808172E31","عبا","عبا","ar","LB-LOC-71351","[object Object]","true"
"LB-ALIAS-9E17378F2B4E","Aadchit Ech-Chqif","aadchit ech chqif","en","LB-LOC-71347","[object Object]","true"
"LB-ALIAS-1C66D4A93577","عدشيت الشقيف","عدشيت الشقيف","ar","LB-LOC-71347","[object Object]","true"
"LB-ALIAS-E42DF91BE878","Aain Bou Souar","aain bou souar","en","LB-LOC-71216","[object Object]","true"
"LB-ALIAS-736EC6BA527B","مزرعة عين بوسوار","مزرعة عين بوسوار","ar","LB-LOC-71216","[object Object]","true"
"LB-ALIAS-436146C74355","Aain Qana","aain qana","en","LB-LOC-71226","[object Object]","true"
"LB-ALIAS-FE5A1AC95770","عين قانا","عين قانا","ar","LB-LOC-71226","[object Object]","true"
"LB-ALIAS-016ED9FC636F","Aali Et-Taher","aali et taher","en","LB-LOC-71115","[object Object]","true"
"LB-ALIAS-ACDD93321CD6","علي الطاهر","علي الطاهر","ar","LB-LOC-71115","[object Object]","true"
"LB-ALIAS-3D004D4F11FE","Aarab Salim","aarab salim","en","LB-LOC-71256","[object Object]","true"
"LB-ALIAS-052FE4932352","عرب صاليم","عرب صاليم","ar","LB-LOC-71256","[object Object]","true"
"LB-ALIAS-1279A62D31E9","Aazzi","aazzi","en","LB-LOC-71271","[object Object]","true"
"LB-ALIAS-F469F29A4DF2","عزه","عزه","ar","LB-LOC-71271","[object Object]","true"
"LB-ALIAS-C78DA44C1140","Ansar","ansar","en","LB-LOC-71361","[object Object]","true"
"LB-ALIAS-19EEF1258506","إنصار","انصار","ar","LB-LOC-71361","[object Object]","true"
"LB-ALIAS-F84C5FB5C3CB","Arnoun","arnoun","en","LB-LOC-71377","[object Object]","true"
"LB-ALIAS-EF84482D5800","أرنون","ارنون","ar","LB-LOC-71377","[object Object]","true"
"LB-ALIAS-EAFF324EC1EE","Bfaroueh","bfaroueh","en","LB-LOC-71276","[object Object]","true"
"LB-ALIAS-7D0CCA8DC948","كفروة أو بفروة","كفروة او بفروة","ar","LB-LOC-71276","[object Object]","true"
"LB-ALIAS-6C35ACCCF11C","Braiqeaa","braiqeaa","en","LB-LOC-71387","[object Object]","true"
"LB-ALIAS-6EF26FBE5CEC","بريقع","بريقع","ar","LB-LOC-71387","[object Object]","true"
"LB-ALIAS-7C37A3BF545F","Charqiyeh","charqiyeh","en","LB-LOC-71321","[object Object]","true"
"LB-ALIAS-BCB769E87425","شرقية","شرقية","ar","LB-LOC-71321","[object Object]","true"
"LB-ALIAS-BA8A50B05205","Choukine","choukine","en","LB-LOC-71144","[object Object]","true"
"LB-ALIAS-C1CE5A848C57","شوكين","شوكين","ar","LB-LOC-71144","[object Object]","true"
"LB-ALIAS-6DC591CDDC91","Deir Ez-Zahrani","deir ez zahrani","en","LB-LOC-71311","[object Object]","true"
"LB-ALIAS-BF58C333D33C","دير الزهراني","دير الزهراني","ar","LB-LOC-71311","[object Object]","true"
"LB-ALIAS-D13A1F3A0FC3","Douair En-Nabatiyeh","douair en nabatiyeh","en","LB-LOC-71334","[object Object]","true"
"LB-ALIAS-1CFA2D6E5A2A","الدوير النبطية","الدوير النبطية","ar","LB-LOC-71334","[object Object]","true"
"LB-ALIAS-6C7609891387","Habbouch En-Nabatiyeh","habbouch en nabatiyeh","en","LB-LOC-71155","[object Object]","true"
"LB-ALIAS-ADACF1EB47BA","حبوش","حبوش","ar","LB-LOC-71155","[object Object]","true"
"LB-ALIAS-75D19DDBB844","Hamra En-Nabattiyeh","hamra en nabattiyeh","en","LB-LOC-71371","[object Object]","true"
"LB-ALIAS-0707A1A3740E","الحمرا النبطية","الحمرا النبطية","ar","LB-LOC-71371","[object Object]","true"
"LB-ALIAS-67EC4808F959","Harouf En-Nabatiyeh","harouf en nabatiyeh","en","LB-LOC-71331","[object Object]","true"
"LB-ALIAS-D6D3F0549EA0","حروف","حروف","ar","LB-LOC-71331","[object Object]","true"
"LB-ALIAS-6206EEED4A71","Hmaileh","hmaileh","en","LB-LOC-71251","[object Object]","true"
"LB-ALIAS-D862EDC57FC4","حميلة","حميلة","ar","LB-LOC-71251","[object Object]","true"
"LB-ALIAS-518EF49B83E7","Houmine El-Faouqa","houmine el faouqa","en","LB-LOC-71246","[object Object]","true"
"LB-ALIAS-26C7B9F0E0EF","حومين الفوقا","حومين الفوقا","ar","LB-LOC-71246","[object Object]","true"
"LB-ALIAS-52F4757AD6C3","Houmine Et-Tahta","houmine et tahta","en","LB-LOC-71266","[object Object]","true"
"LB-ALIAS-194776CDD9C6","حومين التحتا","حومين التحتا","ar","LB-LOC-71266","[object Object]","true"
"LB-ALIAS-360432530255","Jarjouaa","jarjouaa","en","LB-LOC-71231","[object Object]","true"
"LB-ALIAS-AE56288203D7","جرجوع","جرجوع","ar","LB-LOC-71231","[object Object]","true"
"LB-ALIAS-793A7DBBB7DD","Jbaa En-Nabatiyeh","jbaa en nabatiyeh","en","LB-LOC-71211","[object Object]","true"
"LB-ALIAS-8A6D4FA5014A","جباع النبطية","جباع النبطية","ar","LB-LOC-71211","[object Object]","true"
"LB-ALIAS-55640B789BEF","Jibchit","jibchit","en","LB-LOC-71337","[object Object]","true"
"LB-ALIAS-0637D6E03BCE","جبشيت","جبشيت","ar","LB-LOC-71337","[object Object]","true"
"LB-ALIAS-956C0C5D9E52","Kfar Djal En-Nabatiyeh","kfar djal en nabatiyeh","en","LB-LOC-71354","[object Object]","true"
"LB-ALIAS-5B54E908F120","كفردجال","كفردجال","ar","LB-LOC-71354","[object Object]","true"
"LB-ALIAS-8C7FD8D89185","Kfar Roummane","kfar roummane","en","LB-LOC-71133","[object Object]","true"
"LB-ALIAS-D1265C0BDCEC","كفر رمان","كفر رمان","ar","LB-LOC-71133","[object Object]","true"
"LB-ALIAS-72AF8EC2E790","Kfar Sir","kfar sir","en","LB-LOC-71391","[object Object]","true"
"LB-ALIAS-532E7D75CBA1","كفرصير","كفرصير","ar","LB-LOC-71391","[object Object]","true"
"LB-ALIAS-37D6793406C3","Kfar Tibnit","kfar tibnit","en","LB-LOC-71166","[object Object]","true"
"LB-ALIAS-4789B14AF78B","كفر تبنيت","كفر تبنيت","ar","LB-LOC-71166","[object Object]","true"
"LB-ALIAS-1EA7B5248CC8","Kfarfila","kfarfila","en","LB-LOC-71221","[object Object]","true"
"LB-ALIAS-634CC4959096","كفرفيلا","كفرفيلا","ar","LB-LOC-71221","[object Object]","true"
"LB-ALIAS-B2EACC28ED02","Kfour En-Nabatieh","kfour en nabatieh","en","LB-LOC-71177","[object Object]","true"
"LB-ALIAS-3A4EAF42538D","الكفور النبطية","الكفور النبطية","ar","LB-LOC-71177","[object Object]","true"
"LB-ALIAS-A14B11DE6B07","Mayfadoun","mayfadoun","en","LB-LOC-71344","[object Object]","true"
"LB-ALIAS-639D9DF97DB1","ميفدون","ميفدون","ar","LB-LOC-71344","[object Object]","true"
"LB-ALIAS-C63EF0E7936A","Mazraat Bsaffour","mazraat bsaffour","en","LB-LOC-71386","[object Object]","true"
"LB-ALIAS-C7B4DF3BEC6C","مزرعة بصفُور","مزرعة بصفور","ar","LB-LOC-71386","[object Object]","true"
"LB-ALIAS-8543A1FF8749","Mazraat Chalbaal","mazraat chalbaal","en","LB-LOC-71341","[object Object]","true"
"LB-ALIAS-B236C92827AE","مزرعة شلبعل","مزرعة شلبعل","ar","LB-LOC-71341","[object Object]","true"
"LB-ALIAS-7DCA9A672D7B","Mazraat Dmoul","mazraat dmoul","en","LB-LOC-71357","[object Object]","true"
"LB-ALIAS-BF344D84E38E","مزرعة دمول","مزرعة دمول","ar","LB-LOC-71357","[object Object]","true"
"LB-ALIAS-762687006AE8","Mazraat El-Bayad En-Nabatieh","mazraat el bayad en nabatieh","en","LB-LOC-71314","[object Object]","true"
"LB-ALIAS-6FDE1116F443","مزرعة البياض","مزرعة البياض","ar","LB-LOC-71314","[object Object]","true"
"LB-ALIAS-242E9F225DEC","Mazraat Kfarjaouz","mazraat kfarjaouz","en","LB-LOC-71117","[object Object]","true"
"LB-ALIAS-675B7B957277","مزرعة كفر جوز","مزرعة كفر جوز","ar","LB-LOC-71117","[object Object]","true"
"LB-ALIAS-15F858D1B1F8","Mazraat Qalaat El-Meis","mazraat qalaat el meis","en","LB-LOC-71384","[object Object]","true"
"LB-ALIAS-AD54B2FD07B2","مزرعة قلعة ميس","مزرعة قلعة ميس","ar","LB-LOC-71384","[object Object]","true"
"LB-ALIAS-D65C27D979AE","Mzaraat El-Khreibeh","mzaraat el khreibeh","en","LB-LOC-71241","[object Object]","true"
"LB-ALIAS-8F952528A197","مزرعة الخريبة","مزرعة الخريبة","ar","LB-LOC-71241","[object Object]","true"
"LB-ALIAS-0AEC1300A88B","Nabatieh Et-Tahta","nabatieh et tahta","en","LB-LOC-71111","[object Object]","true"
"LB-ALIAS-1ABC2339E809","نبطية التحتا","نبطية التحتا","ar","LB-LOC-71111","[object Object]","true"
"LB-ALIAS-4D130E5F8233","Nabatiyeh El-Faouka","nabatiyeh el faouka","en","LB-LOC-71113","[object Object]","true"
"LB-ALIAS-D7EC79F19A13","نبطية الفوقا","نبطية الفوقا","ar","LB-LOC-71113","[object Object]","true"
"LB-ALIAS-55E6812C9274","Nmairiyeh","nmairiyeh","en","LB-LOC-71327","[object Object]","true"
"LB-ALIAS-D9E69006418A","نميرية","نميرية","ar","LB-LOC-71327","[object Object]","true"
"LB-ALIAS-F08BAEB5966A","Qaaqaaiyet Ej-Jisr","qaaqaaiyet ej jisr","en","LB-LOC-71381","[object Object]","true"
"LB-ALIAS-D06BA8B74979","قعقعية الجسر","قعقعية الجسر","ar","LB-LOC-71381","[object Object]","true"
"LB-ALIAS-9B4229BFE8BE","Qsaibet En-Nabatiyeh","qsaibet en nabatiyeh","en","LB-LOC-71374","[object Object]","true"
"LB-ALIAS-ABDD068D3157","قصيبة النبطية","قصيبة النبطية","ar","LB-LOC-71374","[object Object]","true"
"LB-ALIAS-209B994B3D8D","Roumine","roumine","en","LB-LOC-71261","[object Object]","true"
"LB-ALIAS-71D39FE2E9C9","رومين","رومين","ar","LB-LOC-71261","[object Object]","true"
"LB-ALIAS-D8606E514018","Sarba En-Nabatieh","sarba en nabatieh","en","LB-LOC-71236","[object Object]","true"
"LB-ALIAS-0822F6F5BAD5","صربا النبطية","صربا النبطية","ar","LB-LOC-71236","[object Object]","true"
"LB-ALIAS-257B6F066212","Sir El-Gharbiyeh","sir el gharbiyeh","en","LB-LOC-71397","[object Object]","true"
"LB-ALIAS-AE1CB292C754","صير الغربية","صير الغربية","ar","LB-LOC-71397","[object Object]","true"
"LB-ALIAS-A0F07926ACDD","Toul","toul","en","LB-LOC-71324","[object Object]","true"
"LB-ALIAS-28BD9AF77BA2","تول","تول","ar","LB-LOC-71324","[object Object]","true"
"LB-ALIAS-F446853BEACF","Yohmor En-Nabatiyeh","yohmor en nabatiyeh","en","LB-LOC-71394","[object Object]","true"
"LB-ALIAS-41F29BB92727","يحمر","يحمر","ar","LB-LOC-71394","[object Object]","true"
"LB-ALIAS-4160D1D8C0DF","Zaoutar Ech-Charqiyeh","zaoutar ech charqiyeh","en","LB-LOC-71367","[object Object]","true"
"LB-ALIAS-23E34692719E","زوطر الشرقية","زوطر الشرقية","ar","LB-LOC-71367","[object Object]","true"
"LB-ALIAS-E23CDCC22D90","Zaoutar El-Gharbiyeh","zaoutar el gharbiyeh","en","LB-LOC-71364","[object Object]","true"
"LB-ALIAS-2F980CA92CDF","زوطر الغربية","زوطر الغربية","ar","LB-LOC-71364","[object Object]","true"
"LB-ALIAS-FA94257F4D20","Zefta","zefta","en","LB-LOC-71281","[object Object]","true"
"LB-ALIAS-DD468C9E671C","زفتا","زفتا","ar","LB-LOC-71281","[object Object]","true"
"LB-ALIAS-75F604411781","Zibdine En-Nabatiyeh","zibdine en nabatiyeh","en","LB-LOC-71122","[object Object]","true"
"LB-ALIAS-B47EEFCAE9BD","زبدين النبطية","زبدين النبطية","ar","LB-LOC-71122","[object Object]","true"
"LB-ALIAS-E717A699B062","Aain Jarfa","aain jarfa","en","LB-LOC-74114","[object Object]","true"
"LB-ALIAS-25F4C179A956","عين جرفا","عين جرفا","ar","LB-LOC-74114","[object Object]","true"
"LB-ALIAS-76CAA529EFDF","Aain Qinia","aain qinia","en","LB-LOC-74126","[object Object]","true"
"LB-ALIAS-676BE266124C","عين قنيا","عين قنيا","ar","LB-LOC-74126","[object Object]","true"
"LB-ALIAS-3BBBB9A544AE","Abou Qamha","abou qamha","en","LB-LOC-74112","[object Object]","true"
"LB-ALIAS-9268ED4692C4","أبو قمحة","ابو قمحة","ar","LB-LOC-74112","[object Object]","true"
"LB-ALIAS-46C0DDAA0BCF","Bourghos","bourghos","en","LB-LOC-74155","[object Object]","true"
"LB-ALIAS-A64F6928C6B3","برغز","برغز","ar","LB-LOC-74155","[object Object]","true"
"LB-ALIAS-6E8C9068B74F","Chebaa","chebaa","en","LB-LOC-74130","[object Object]","true"
"LB-ALIAS-DB3B172FBF33","شبعا","شبعا","ar","LB-LOC-74130","[object Object]","true"
"LB-ALIAS-CBBE046A5C31","Chouaya Hasbaiya","chouaya hasbaiya","en","LB-LOC-74124","[object Object]","true"
"LB-ALIAS-1CC91AD9B6F5","شويّا","شويا","ar","LB-LOC-74124","[object Object]","true"
"LB-ALIAS-F0B3C978F0A1","Dellafeh","dellafeh","en","LB-LOC-74179","[object Object]","true"
"LB-ALIAS-DB080D373C7E","دلافة","دلافة","ar","LB-LOC-74179","[object Object]","true"
"LB-ALIAS-3C7682282A3E","Fardis Hasbaiya","fardis hasbaiya","en","LB-LOC-74116","[object Object]","true"
"LB-ALIAS-FD0FBCE7ACAD","الفرديس","الفرديس","ar","LB-LOC-74116","[object Object]","true"
"LB-ALIAS-AC105C675D6A","Hasbaiya","hasbaiya","en","LB-LOC-74111","[object Object]","true"
"LB-ALIAS-0922BB51B14A","حاصبيّا","حاصبيا","ar","LB-LOC-74111","[object Object]","true"
"LB-ALIAS-5FE326F90EA0","Hebbariyeh","hebbariyeh","en","LB-LOC-74122","[object Object]","true"
"LB-ALIAS-7AADE60FADB3","هبّارية","هبارية","ar","LB-LOC-74122","[object Object]","true"
"LB-ALIAS-BFEFAF0DDE32","Kaoukaba Hasbaiya","kaoukaba hasbaiya","en","LB-LOC-74133","[object Object]","true"
"LB-ALIAS-EFB11776B8FF","كوكبا حاصبيّا","كوكبا حاصبيا","ar","LB-LOC-74133","[object Object]","true"
"LB-ALIAS-5F20C0F5743C","Kfar Chouba","kfar chouba","en","LB-LOC-74160","[object Object]","true"
"LB-ALIAS-A57DE3B6B5F7","كفر شوبا","كفر شوبا","ar","LB-LOC-74160","[object Object]","true"
"LB-ALIAS-AF1325E69E55","Kfar Hamam","kfar hamam","en","LB-LOC-74120","[object Object]","true"
"LB-ALIAS-EDC54D918D46","كفرحمام","كفرحمام","ar","LB-LOC-74120","[object Object]","true"
"LB-ALIAS-B4196026598D","Kfayr Ez-Zait","kfayr ez zait","en","LB-LOC-74175","[object Object]","true"
"LB-ALIAS-1924532ECABD","كفير الزيت","كفير الزيت","ar","LB-LOC-74175","[object Object]","true"
"LB-ALIAS-922BD9116AA5","Khalouet Hasbaiya","khalouet hasbaiya","en","LB-LOC-74168","[object Object]","true"
"LB-ALIAS-02BF4EFAE0D1","خلوات حاصبيّا","خلوات حاصبيا","ar","LB-LOC-74168","[object Object]","true"
"LB-ALIAS-90F321154FEC","Khreibet Hasbaiya","khreibet hasbaiya","en","LB-LOC-74181","[object Object]","true"
"LB-ALIAS-F23579051779","خريبة حاصبيّا","خريبة حاصبيا","ar","LB-LOC-74181","[object Object]","true"
"LB-ALIAS-578157692897","Majidiyeh Hasbaiya","majidiyeh hasbaiya","en","LB-LOC-74177","[object Object]","true"
"LB-ALIAS-7687E69659FB","مجيدية حاصبيا","مجيدية حاصبيا","ar","LB-LOC-74177","[object Object]","true"
"LB-ALIAS-138E9A7D8B11","Marj Ez-Zouhour (Haouch El-Qinnaabeh)","marj ez zouhour (haouch el qinnaabeh)","en","LB-LOC-74131","[object Object]","true"
"LB-ALIAS-4C79921ED1ED","مرج الزهور الدنيبة","مرج الزهور الدنيبة","ar","LB-LOC-74131","[object Object]","true"
"LB-ALIAS-00F655F0D739","Meimes","meimes","en","LB-LOC-74128","[object Object]","true"
"LB-ALIAS-2A05BEC80357","ميمس","ميمس","ar","LB-LOC-74128","[object Object]","true"
"LB-ALIAS-511E6B9BEC22","Meri","meri","en","LB-LOC-74158","[object Object]","true"
"LB-ALIAS-D740B2C37C3B","ماري","ماري","ar","LB-LOC-74158","[object Object]","true"
"LB-ALIAS-954B2C2B684E","Rachaiya El-Foukhar","rachaiya el foukhar","en","LB-LOC-74118","[object Object]","true"
"LB-ALIAS-286B964C5AA1","راشيّا الفخار","راشيا الفخار","ar","LB-LOC-74118","[object Object]","true"
"LB-ALIAS-E2E155562DC0","Salaiyeb","salaiyeb","en","LB-LOC-74141","[object Object]","true"
"LB-ALIAS-797612068340","صلايب","صلايب","ar","LB-LOC-74141","[object Object]","true"
"LB-ALIAS-25A77B374B49","Aadaysseh Marjaayoun","aadaysseh marjaayoun","en","LB-LOC-73211","[object Object]","true"
"LB-ALIAS-95377AF95D58","عديسة مرجعيون","عديسة مرجعيون","ar","LB-LOC-73211","[object Object]","true"
"LB-ALIAS-E4213CD3D461","Aadchit El-Qoussair","aadchit el qoussair","en","LB-LOC-73256","[object Object]","true"
"LB-ALIAS-C7413E5F786D","عدشيت القصير","عدشيت القصير","ar","LB-LOC-73256","[object Object]","true"
"LB-ALIAS-93BD113958DC","Aain Aarab Marjaayoun","aain aarab marjaayoun","en","LB-LOC-73162","[object Object]","true"
"LB-ALIAS-D6128B9DDEF3","عين عرب مرجعيون","عين عرب مرجعيون","ar","LB-LOC-73162","[object Object]","true"
"LB-ALIAS-7FCFA9DDFAF5","Aalmane Marjaayoun","aalmane marjaayoun","en","LB-LOC-73293","[object Object]","true"
"LB-ALIAS-445EF82DEDD8","علمانة","علمانة","ar","LB-LOC-73293","[object Object]","true"
"LB-ALIAS-00655303E0EE","Aamra","aamra","en","LB-LOC-73191","[object Object]","true"
"LB-ALIAS-89E1F4463AB1","عمرة","عمرة","ar","LB-LOC-73191","[object Object]","true"
"LB-ALIAS-26C0F3CDCC3B","Bany haiyane","bany haiyane","en","LB-LOC-73226","[object Object]","true"
"LB-ALIAS-96B10BEA9717","بني حيان","بني حيان","ar","LB-LOC-73226","[object Object]","true"
"LB-ALIAS-93153E416C38","Blat Marjaayoun","blat marjaayoun","en","LB-LOC-73135","[object Object]","true"
"LB-ALIAS-026A754AAB33","بلاط مرجعيون","بلاط مرجعيون","ar","LB-LOC-73135","[object Object]","true"
"LB-ALIAS-EDDD6581E681","Blida","blida","en","LB-LOC-73288","[object Object]","true"
"LB-ALIAS-DDB141D94AEC","بليدا","بليدا","ar","LB-LOC-73288","[object Object]","true"
"LB-ALIAS-4C23178BF432","Borj El-Moulouk","borj el moulouk","en","LB-LOC-73146","[object Object]","true"
"LB-ALIAS-66D1CA15E65B","برج الملوك","برج الملوك","ar","LB-LOC-73146","[object Object]","true"
"LB-ALIAS-FEF0DDA6F7F2","Boueyda Marjaayoun","boueyda marjaayoun","en","LB-LOC-73116","[object Object]","true"
"LB-ALIAS-87553E9BBA73","بويضة مرجعيون","بويضة مرجعيون","ar","LB-LOC-73116","[object Object]","true"
"LB-ALIAS-7793C15431CF","Deir Mimas","deir mimas","en","LB-LOC-73167","[object Object]","true"
"LB-ALIAS-7C9C1C57C6C1","دير ميماس","دير ميماس","ar","LB-LOC-73167","[object Object]","true"
"LB-ALIAS-26C3E7C62091","Deir Siriane","deir siriane","en","LB-LOC-73230","[object Object]","true"
"LB-ALIAS-2FD97BEE3DF7","دير سريان","دير سريان","ar","LB-LOC-73230","[object Object]","true"
"LB-ALIAS-01CC7FA4A35A","Dibbine","dibbine","en","LB-LOC-73119","[object Object]","true"
"LB-ALIAS-4AE9F84F1586","دبين","دبين","ar","LB-LOC-73119","[object Object]","true"
"LB-ALIAS-849A0EF51D75","Houla","houla","en","LB-LOC-73234","[object Object]","true"
"LB-ALIAS-1A2442B213C5","حولا","حولا","ar","LB-LOC-73234","[object Object]","true"
"LB-ALIAS-734BB3AEB80A","Houra","houra","en","LB-LOC-73183","[object Object]","true"
"LB-ALIAS-A480DA1B5DBB","حوره","حوره","ar","LB-LOC-73183","[object Object]","true"
"LB-ALIAS-03D541F829D1","Ibl Es-Saqi","ibl es saqi","en","LB-LOC-73127","[object Object]","true"
"LB-ALIAS-15EA028329C3","إبل السقي","ابل السقي","ar","LB-LOC-73127","[object Object]","true"
"LB-ALIAS-6103F5D50347","Kfar Kila","kfar kila","en","LB-LOC-73228","[object Object]","true"
"LB-ALIAS-487997F4D941","كفركيلا","كفركيلا","ar","LB-LOC-73228","[object Object]","true"
"LB-ALIAS-11B4D6FF6B26","Khiyam Marjaayoun","khiyam marjaayoun","en","LB-LOC-73159","[object Object]","true"
"LB-ALIAS-21200C76EC90","الخيام","الخيام","ar","LB-LOC-73159","[object Object]","true"
"LB-ALIAS-B50CD085666E","Majdel Selm","majdel selm","en","LB-LOC-73279","[object Object]","true"
"LB-ALIAS-BC5C7DE3F274","مجدل سلم","مجدل سلم","ar","LB-LOC-73279","[object Object]","true"
"LB-ALIAS-724CB64746CD","Marjaayoun","marjaayoun","en","LB-LOC-73111","[object Object]","true"
"LB-ALIAS-2071455810FB","مرجعيون","مرجعيون","ar","LB-LOC-73111","[object Object]","true"
"LB-ALIAS-D3BED3D7B6C3","Markaba","markaba","en","LB-LOC-73245","[object Object]","true"
"LB-ALIAS-28900135E35F","مركبا","مركبا","ar","LB-LOC-73245","[object Object]","true"
"LB-ALIAS-2AFF5FB670EF","Mazraat Doumiat","mazraat doumiat","en","LB-LOC-73143","[object Object]","true"
"LB-ALIAS-0B949B130B8A","مزرعة دمياط","مزرعة دمياط","ar","LB-LOC-73143","[object Object]","true"
"LB-ALIAS-4DCE92632EAC","Mazraat Sarada","mazraat sarada","en","LB-LOC-73175","[object Object]","true"
"LB-ALIAS-B0B9B5162E60","مزرعة سردة","مزرعة سردة","ar","LB-LOC-73175","[object Object]","true"
"LB-ALIAS-D00B82CBB4D2","Meiss Ej-Jabal","meiss ej jabal","en","LB-LOC-73250","[object Object]","true"
"LB-ALIAS-8B1F2B771132","ميس الجبل","ميس الجبل","ar","LB-LOC-73250","[object Object]","true"
"LB-ALIAS-C3A66A09C328","Mhaibib","mhaibib","en","LB-LOC-73248","[object Object]","true"
"LB-ALIAS-230A84A222B0","محيبيب","محيبيب","ar","LB-LOC-73248","[object Object]","true"
"LB-ALIAS-A69AA0E2F574","Qabrikha","qabrikha","en","LB-LOC-73262","[object Object]","true"
"LB-ALIAS-02F6EA6BD52B","قبريخا","قبريخا","ar","LB-LOC-73262","[object Object]","true"
"LB-ALIAS-E67D1873497C","Qantara","qantara","en","LB-LOC-73276","[object Object]","true"
"LB-ALIAS-B37C0D630A75","قنطرة","قنطرة","ar","LB-LOC-73276","[object Object]","true"
"LB-ALIAS-178E9B5D62D9","Qlaiaa","qlaiaa","en","LB-LOC-73151","[object Object]","true"
"LB-ALIAS-3D40975E39C7","قليعة","قليعة","ar","LB-LOC-73151","[object Object]","true"
"LB-ALIAS-9A5805C882E7","Rabb Et-Tlatine","rabb et tlatine","en","LB-LOC-73257","[object Object]","true"
"LB-ALIAS-1DAD97539C7B","رب التلاتين","رب التلاتين","ar","LB-LOC-73257","[object Object]","true"
"LB-ALIAS-FD6949D87D49","Saouanet Marjayoun","saouanet marjayoun","en","LB-LOC-73280","[object Object]","true"
"LB-ALIAS-16E46B7AF6A7","صوانة مرجعيون","صوانة مرجعيون","ar","LB-LOC-73280","[object Object]","true"
"LB-ALIAS-1B1BB6DA6505","Talloussa","talloussa","en","LB-LOC-73244","[object Object]","true"
"LB-ALIAS-4728805F2858","طلوسة","طلوسة","ar","LB-LOC-73244","[object Object]","true"
"LB-ALIAS-A8B73B03D22C","Taybet Matjaayoun","taybet matjaayoun","en","LB-LOC-73232","[object Object]","true"
"LB-ALIAS-5D31087B2EBB","طيبة مرجعيون","طيبة مرجعيون","ar","LB-LOC-73232","[object Object]","true"
"LB-ALIAS-9D41AB4A9831","Touline","touline","en","LB-LOC-73282","[object Object]","true"
"LB-ALIAS-9170432A9F17","تولين","تولين","ar","LB-LOC-73282","[object Object]","true"
"LB-ALIAS-B3E7099E289F","Aabey","aabey","en","LB-LOC-24375","[object Object]","true"
"LB-ALIAS-67616E54BD57","عبيه","عبيه","ar","LB-LOC-24375","[object Object]","true"
"LB-ALIAS-9D63D0816A98","Aain Aanoub","aain aanoub","en","LB-LOC-24259","[object Object]","true"
"LB-ALIAS-EF89A89DA391","عين عنوب","عين عنوب","ar","LB-LOC-24259","[object Object]","true"
"LB-ALIAS-B1B0550A18E3","Aain Dara","aain dara","en","LB-LOC-24477","[object Object]","true"
"LB-ALIAS-6CDCC19C7F6A","عين داره","عين داره","ar","LB-LOC-24477","[object Object]","true"
"LB-ALIAS-713978EF71DB","Aain Drafil","aain drafil","en","LB-LOC-24219","[object Object]","true"
"LB-ALIAS-015DD1F0DFA5","عين درافيل","عين درافيل","ar","LB-LOC-24219","[object Object]","true"
"LB-ALIAS-0F91D02B5F4C","Aain Ej-Jdideh Aaley","aain ej jdideh aaley","en","LB-LOC-24325","[object Object]","true"
"LB-ALIAS-01BDC31F2FDE","عين الجديدة","عين الجديدة","ar","LB-LOC-24325","[object Object]","true"
"LB-ALIAS-A36CA592B5A5","Aain El Halazoun","aain el halazoun","en","LB-LOC-24431","[object Object]","true"
"LB-ALIAS-153FDB512910","عين الحلزون","عين الحلزون","ar","LB-LOC-24431","[object Object]","true"
"LB-ALIAS-600F14ED7F5A","Aain Er-Roummaneh Aaley","aain er roummaneh aaley","en","LB-LOC-24317","[object Object]","true"
"LB-ALIAS-897A2723FCA6","عين الرمانة","عين الرمانة","ar","LB-LOC-24317","[object Object]","true"
"LB-ALIAS-6C6FADBE7993","Aain Ksour","aain ksour","en","LB-LOC-24371","[object Object]","true"
"LB-ALIAS-74605A15F976","عين كسور","عين كسور","ar","LB-LOC-24371","[object Object]","true"
"LB-ALIAS-30A1EF5625E7","Aain Traz","aain traz","en","LB-LOC-24361","[object Object]","true"
"LB-ALIAS-D1A51F8976A0","عين تراز","عين تراز","ar","LB-LOC-24361","[object Object]","true"
"LB-ALIAS-3E6A1E2532FC","Aaley","aaley","en","LB-LOC-24311","[object Object]","true"
"LB-ALIAS-09B4593E198E","عاليه","عاليه","ar","LB-LOC-24311","[object Object]","true"
"LB-ALIAS-B99D3D7A447F","Aaley Bsatine","aaley bsatine","en","LB-LOC-24365","[object Object]","true"
"LB-ALIAS-74CDCA475625","البساتين","البساتين","ar","LB-LOC-24365","[object Object]","true"
"LB-ALIAS-281B17BAB6F3","Aaramoun Aaley","aaramoun aaley","en","LB-LOC-24211","[object Object]","true"
"LB-ALIAS-59D3FF442501","عرمون","عرمون","ar","LB-LOC-24211","[object Object]","true"
"LB-ALIAS-748934D662BC","Aaynab","aaynab","en","LB-LOC-24351","[object Object]","true"
"LB-ALIAS-4F8D5F16806E","عيناب","عيناب","ar","LB-LOC-24351","[object Object]","true"
"LB-ALIAS-A6C562973B3D","Aaytat","aaytat","en","LB-LOC-24329","[object Object]","true"
"LB-ALIAS-8F6A3A317FDD","عيتات","عيتات","ar","LB-LOC-24329","[object Object]","true"
"LB-ALIAS-2A872148B8D7","Aazouniyeh","aazouniyeh","en","LB-LOC-24454","[object Object]","true"
"LB-ALIAS-B1B24FBC534B","العزونيه","العزونيه","ar","LB-LOC-24454","[object Object]","true"
"LB-ALIAS-3D77ABE62BFC","Baaouerta","baaouerta","en","LB-LOC-24235","[object Object]","true"
"LB-ALIAS-0B14A3D31009","بعورته","بعورته","ar","LB-LOC-24235","[object Object]","true"
"LB-ALIAS-0D03AE41E898","Bayssour Aaley","bayssour aaley","en","LB-LOC-24343","[object Object]","true"
"LB-ALIAS-A98BD8670E0B","بيصور","بيصور","ar","LB-LOC-24343","[object Object]","true"
"LB-ALIAS-66B8C6199771","Bchamoun","bchamoun","en","LB-LOC-24243","[object Object]","true"
"LB-ALIAS-A5409CAF336C","بشامون","بشامون","ar","LB-LOC-24243","[object Object]","true"
"LB-ALIAS-2273A073379E","Bdadoun","bdadoun","en","LB-LOC-24283","[object Object]","true"
"LB-ALIAS-D191203065EA","بدادون","بدادون","ar","LB-LOC-24283","[object Object]","true"
"LB-ALIAS-EC79CAF77084","Bedghan Oua Ouadi Bedghan","bedghan oua ouadi bedghan","en","LB-LOC-24434","[object Object]","true"
"LB-ALIAS-1C911691A0DE","بدغان","بدغان","ar","LB-LOC-24434","[object Object]","true"
"LB-ALIAS-932EB701E20E","Behouara","behouara","en","LB-LOC-24327","[object Object]","true"
"LB-ALIAS-EECA6890CC7B","بحوارا","بحوارا","ar","LB-LOC-24327","[object Object]","true"
"LB-ALIAS-3B2246135DA7","Bhamdoun Ed-Dayaa","bhamdoun ed dayaa","en","LB-LOC-24414","[object Object]","true"
"LB-ALIAS-139843AC3243","بحمدون الضيعة","بحمدون الضيعة","ar","LB-LOC-24414","[object Object]","true"
"LB-ALIAS-312E962E396C","Bhamdoun El-Mhatta","bhamdoun el mhatta","en","LB-LOC-24411","[object Object]","true"
"LB-ALIAS-F2EA8BA7F158","بحمدون المحطة","بحمدون المحطة","ar","LB-LOC-24411","[object Object]","true"
"LB-ALIAS-0D4E1842005B","Binnay","binnay","en","LB-LOC-24369","[object Object]","true"
"LB-ALIAS-33B74A8AE202","البينه","البينه","ar","LB-LOC-24369","[object Object]","true"
"LB-ALIAS-FDA6A0AC9208","Bkhichtay","bkhichtay","en","LB-LOC-24321","[object Object]","true"
"LB-ALIAS-B5EF98807F4B","بخشتيه","بخشتيه","ar","LB-LOC-24321","[object Object]","true"
"LB-ALIAS-395245B76E0C","Blaybel","blaybel","en","LB-LOC-24267","[object Object]","true"
"LB-ALIAS-00CDCE597956","بليبل","بليبل","ar","LB-LOC-24267","[object Object]","true"
"LB-ALIAS-AB600BDE2699","Bmahray","bmahray","en","LB-LOC-24484","[object Object]","true"
"LB-ALIAS-85EAEF66A04A","بمهريه","بمهريه","ar","LB-LOC-24484","[object Object]","true"
"LB-ALIAS-F0E3F3141138","Bmakine","bmakine","en","LB-LOC-24319","[object Object]","true"
"LB-ALIAS-D9C0CF500BCA","بمكين","بمكين","ar","LB-LOC-24319","[object Object]","true"
"LB-ALIAS-00510176FFF5","Bou Zrideh","bou zrideh","en","LB-LOC-24355","[object Object]","true"
"LB-ALIAS-BD6EBC7622B2","بو زريده","بو زريده","ar","LB-LOC-24355","[object Object]","true"
"LB-ALIAS-811EAB2CC396","Bserrine","bserrine","en","LB-LOC-24464","[object Object]","true"
"LB-ALIAS-E1F9973C4A94","بسرين","بسرين","ar","LB-LOC-24464","[object Object]","true"
"LB-ALIAS-07D5760B3C3C","Bsous","bsous","en","LB-LOC-24291","[object Object]","true"
"LB-ALIAS-4196B5608722","بسوس","بسوس","ar","LB-LOC-24291","[object Object]","true"
"LB-ALIAS-DC16AA943D4B","Btalloun","btalloun","en","LB-LOC-24421","[object Object]","true"
"LB-ALIAS-A27D325A05C7","بطلون","بطلون","ar","LB-LOC-24421","[object Object]","true"
"LB-ALIAS-3C2C847DB3D0","Btater","btater","en","LB-LOC-24447","[object Object]","true"
"LB-ALIAS-1F4A259621EC","بتاتر","بتاتر","ar","LB-LOC-24447","[object Object]","true"
"LB-ALIAS-2140D1FEA01F","Chanay","chanay","en","LB-LOC-24417","[object Object]","true"
"LB-ALIAS-AC5AC9150280","شانيه","شانيه","ar","LB-LOC-24417","[object Object]","true"
"LB-ALIAS-07A5C64FE209","Charoun","charoun","en","LB-LOC-24444","[object Object]","true"
"LB-ALIAS-3BE8AD032D27","شارون","شارون","ar","LB-LOC-24444","[object Object]","true"
"LB-ALIAS-3503E77C270F","Chartoun","chartoun","en","LB-LOC-24353","[object Object]","true"
"LB-ALIAS-28499C552D0A","شرتون","شرتون","ar","LB-LOC-24353","[object Object]","true"
"LB-ALIAS-DAB9F9ECEEDC","Chimlane","chimlane","en","LB-LOC-24339","[object Object]","true"
"LB-ALIAS-9A41DA7423A7","شملان","شملان","ar","LB-LOC-24339","[object Object]","true"
"LB-ALIAS-04D9BBB80978","Choueifat El-Aamrousiyeh","choueifat el aamrousiyeh","en","LB-LOC-24111","[object Object]","true"
"LB-ALIAS-57EF0208F4B8","عمروسية الشويفات","عمروسية الشويفات","ar","LB-LOC-24111","[object Object]","true"
"LB-ALIAS-E64424DFBC0E","Choueifat El-Oumara","choueifat el oumara","en","LB-LOC-24155","[object Object]","true"
"LB-ALIAS-9860B92F3C80","الشويفات الامراء","الشويفات الامراء","ar","LB-LOC-24155","[object Object]","true"
"LB-ALIAS-4CEF02F0C6AF","Choueifat El-Quoubbeh","choueifat el quoubbeh","en","LB-LOC-24133","[object Object]","true"
"LB-ALIAS-9037DA53861B","قبة الشويفات","قبة الشويفات","ar","LB-LOC-24133","[object Object]","true"
"LB-ALIAS-181BA859DD08","Daqqoun","daqqoun","en","LB-LOC-24251","[object Object]","true"
"LB-ALIAS-0E9E7419B363","دقون","دقون","ar","LB-LOC-24251","[object Object]","true"
"LB-ALIAS-19B686CD91AC","Deir Qoubel","deir qoubel","en","LB-LOC-24177","[object Object]","true"
"LB-ALIAS-9D9F62E18CDF","دير قوبل","دير قوبل","ar","LB-LOC-24177","[object Object]","true"
"LB-ALIAS-199860F719B1","Dfoun","dfoun","en","LB-LOC-24357","[object Object]","true"
"LB-ALIAS-7165554F526A","دفون","دفون","ar","LB-LOC-24357","[object Object]","true"
"LB-ALIAS-7A352FD80565","Douair Er-Remmaneh","douair er remmaneh","en","LB-LOC-24345","[object Object]","true"
"LB-ALIAS-4E1FB79F8C5C","دوير الرمان","دوير الرمان","ar","LB-LOC-24345","[object Object]","true"
"LB-ALIAS-760C0CCA0F42","Ghaboune","ghaboune","en","LB-LOC-24323","[object Object]","true"
"LB-ALIAS-F4D9A92FEBC8","الغابون","الغابون","ar","LB-LOC-24323","[object Object]","true"
"LB-ALIAS-7000BA383E00","Habramoun","habramoun","en","LB-LOC-24461","[object Object]","true"
"LB-ALIAS-E9738155B08D","حبرمون","حبرمون","ar","LB-LOC-24461","[object Object]","true"
"LB-ALIAS-C88EC98B6125","Homs Oua Hama","homs oua hama","en","LB-LOC-24437","[object Object]","true"
"LB-ALIAS-4DC8C8A7DA89","حمص وحمى","حمص وحمي","ar","LB-LOC-24437","[object Object]","true"
"LB-ALIAS-BD871337534C","Houmal","houmal","en","LB-LOC-24275","[object Object]","true"
"LB-ALIAS-B8C69C600653","حومال","حومال","ar","LB-LOC-24275","[object Object]","true"
"LB-ALIAS-5F4B0D2E1417","Ighmid","ighmid","en","LB-LOC-24451","[object Object]","true"
"LB-ALIAS-770C2597D9D5","اغميد","اغميد","ar","LB-LOC-24451","[object Object]","true"
"LB-ALIAS-22BB65DF2A4D","Jisr El Qadi","jisr el qadi","en","LB-LOC-24373","[object Object]","true"
"LB-ALIAS-01345D6F6549","جسر القاضي","جسر القاضي","ar","LB-LOC-24373","[object Object]","true"
"LB-ALIAS-A6CCB22591B1","Kahhaleh","kahhaleh","en","LB-LOC-24313","[object Object]","true"
"LB-ALIAS-26E6A33F0D1B","الكحاله","الكحاله","ar","LB-LOC-24313","[object Object]","true"
"LB-ALIAS-FFF7A8A58387","Keyfoun","keyfoun","en","LB-LOC-24337","[object Object]","true"
"LB-ALIAS-8F7001DBF9B5","كيفون","كيفون","ar","LB-LOC-24337","[object Object]","true"
"LB-ALIAS-2F75E21940CF","Kfar Aamay","kfar aamay","en","LB-LOC-24341","[object Object]","true"
"LB-ALIAS-A558E361A9E0","كفرعميه","كفرعميه","ar","LB-LOC-24341","[object Object]","true"
"LB-ALIAS-783FBA33417B","Kfar Matta","kfar matta","en","LB-LOC-24377","[object Object]","true"
"LB-ALIAS-A89616061E1D","كفرمتى","كفرمتي","ar","LB-LOC-24377","[object Object]","true"
"LB-ALIAS-300C5AF841B0","Maasrati","maasrati","en","LB-LOC-24471","[object Object]","true"
"LB-ALIAS-C7C68E8581CF","معصريتي","معصريتي","ar","LB-LOC-24471","[object Object]","true"
"LB-ALIAS-255B99D61FD7","Majdel Baana","majdel baana","en","LB-LOC-24424","[object Object]","true"
"LB-ALIAS-C3F1BE11D8E8","مجدل بعنا","مجدل بعنا","ar","LB-LOC-24424","[object Object]","true"
"LB-ALIAS-C57A4920C5C7","Mansouriyet Bhamdoun","mansouriyet bhamdoun","en","LB-LOC-24441","[object Object]","true"
"LB-ALIAS-8375234C9DDF","منصورية بحمدون","منصورية بحمدون","ar","LB-LOC-24441","[object Object]","true"
"LB-ALIAS-64B467FD845A","Mazraat En-Nahr Aaley","mazraat en nahr aaley","en","LB-LOC-24474","[object Object]","true"
"LB-ALIAS-42BF32D1E2C4","مزرعة النهر","مزرعة النهر","ar","LB-LOC-24474","[object Object]","true"
"LB-ALIAS-4FC48D4747D3","Mchekhti","mchekhti","en","LB-LOC-24443","[object Object]","true"
"LB-ALIAS-72F0BF20953D","مشاقتي","مشاقتي","ar","LB-LOC-24443","[object Object]","true"
"LB-ALIAS-B9F9D6AE00DE","Mcherfeh","mcherfeh","en","LB-LOC-24457","[object Object]","true"
"LB-ALIAS-6338E347EC67","مشرفه","مشرفه","ar","LB-LOC-24457","[object Object]","true"
"LB-ALIAS-95C53CE14AD4","Mejdlaiya","mejdlaiya","en","LB-LOC-24349","[object Object]","true"
"LB-ALIAS-901C4DC88218","مجدليا","مجدليا","ar","LB-LOC-24349","[object Object]","true"
"LB-ALIAS-012BD73E5AB8","Mrayjat Aaley","mrayjat aaley","en","LB-LOC-24481","[object Object]","true"
"LB-ALIAS-7DAC47B05D0C","مريجات عاليه","مريجات عاليه","ar","LB-LOC-24481","[object Object]","true"
"LB-ALIAS-44B2ADD03002","Qmatiyeh","qmatiyeh","en","LB-LOC-24315","[object Object]","true"
"LB-ALIAS-D7B956ADDC5B","قماطية","قماطية","ar","LB-LOC-24315","[object Object]","true"
"LB-ALIAS-29BCED37F643","Ramlieh","ramlieh","en","LB-LOC-24467","[object Object]","true"
"LB-ALIAS-2068D1F8CA7C","رملية","رملية","ar","LB-LOC-24467","[object Object]","true"
"LB-ALIAS-99E9772C79D5","Richmaiya","richmaiya","en","LB-LOC-24359","[object Object]","true"
"LB-ALIAS-B527487803BC","رشميا","رشميا","ar","LB-LOC-24359","[object Object]","true"
"LB-ALIAS-398EA62A90CC","Rijmeh","rijmeh","en","LB-LOC-24335","[object Object]","true"
"LB-ALIAS-7C343C1CBA69","رجمة","رجمة","ar","LB-LOC-24335","[object Object]","true"
"LB-ALIAS-9D1D9EDE397F","Rimhala","rimhala","en","LB-LOC-24367","[object Object]","true"
"LB-ALIAS-E78F95E8B77F","رمحالا","رمحالا","ar","LB-LOC-24367","[object Object]","true"
"LB-ALIAS-CBD6B6CE1034","Rouayssat En-Naamane","rouayssat en naamane","en","LB-LOC-24347","[object Object]","true"
"LB-ALIAS-658F234ADB06","رويسة النعمان","رويسة النعمان","ar","LB-LOC-24347","[object Object]","true"
"LB-ALIAS-AC1B0BEF8004","Saoufar","saoufar","en","LB-LOC-24427","[object Object]","true"
"LB-ALIAS-16F9F2F9D777","صوفر","صوفر","ar","LB-LOC-24427","[object Object]","true"
"LB-ALIAS-06106A33018C","Selfaya","selfaya","en","LB-LOC-24363","[object Object]","true"
"LB-ALIAS-9DCDA6A72FED","سلفايا","سلفايا","ar","LB-LOC-24363","[object Object]","true"
"LB-ALIAS-FC3960AEDB56","Sirhmoul","sirhmoul","en","LB-LOC-24227","[object Object]","true"
"LB-ALIAS-4A0421C999C2","سرحمول","سرحمول","ar","LB-LOC-24227","[object Object]","true"
"LB-ALIAS-2FC662DAF50C","Souq El-Gharb","souq el gharb","en","LB-LOC-24331","[object Object]","true"
"LB-ALIAS-B5F12E2F9591","سوق الغرب","سوق الغرب","ar","LB-LOC-24331","[object Object]","true"
"LB-ALIAS-C3F2B0825F84","Taazaniyeh","taazaniyeh","en","LB-LOC-24333","[object Object]","true"
"LB-ALIAS-EE0C7C1B9912","تعزانية","تعزانية","ar","LB-LOC-24333","[object Object]","true"
"LB-ALIAS-87BEE3BABDE9","Aabadiyeh","aabadiyeh","en","LB-LOC-21341","[object Object]","true"
"LB-ALIAS-2B8C5E7736FD","عبادية","عبادية","ar","LB-LOC-21341","[object Object]","true"
"LB-ALIAS-28A9F81DC432","Aain Mouaffaq","aain mouaffaq","en","LB-LOC-21314","[object Object]","true"
"LB-ALIAS-9162AC0E3499","عين موفق","عين موفق","ar","LB-LOC-21314","[object Object]","true"
"LB-ALIAS-A437AF465244","Aaraiya","aaraiya","en","LB-LOC-21371","[object Object]","true"
"LB-ALIAS-113DAA548F74","عاريا","عاريا","ar","LB-LOC-21371","[object Object]","true"
"LB-ALIAS-F4EBEA5BB616","Aarbaniyeh","aarbaniyeh","en","LB-LOC-21381","[object Object]","true"
"LB-ALIAS-622B99F7EA7A","عربانية","عربانية","ar","LB-LOC-21381","[object Object]","true"
"LB-ALIAS-A81EBFC83176","Arsoun","arsoun","en","LB-LOC-21471","[object Object]","true"
"LB-ALIAS-C26A737AD126","ارصون","ارصون","ar","LB-LOC-21471","[object Object]","true"
"LB-ALIAS-787BE0900A50","Baabda","baabda","en","LB-LOC-21211","[object Object]","true"
"LB-ALIAS-7CE0B8CAC8ED","بعبدا","بعبدا","ar","LB-LOC-21211","[object Object]","true"
"LB-ALIAS-601CFF75B792","Baalchmay","baalchmay","en","LB-LOC-21311","[object Object]","true"
"LB-ALIAS-996EFFCFC551","بعلشميه","بعلشميه","ar","LB-LOC-21311","[object Object]","true"
"LB-ALIAS-9C1519B3633B","Bmaryam","bmaryam","en","LB-LOC-21436","[object Object]","true"
"LB-ALIAS-4B5529DE2CA8","بمريم","بمريم","ar","LB-LOC-21436","[object Object]","true"
"LB-ALIAS-24C259074F41","Bourj El-Brajneh","bourj el brajneh","en","LB-LOC-21177","[object Object]","true"
"LB-ALIAS-AF6DF8D8F200","برج البراجنة","برج البراجنة","ar","LB-LOC-21177","[object Object]","true"
"LB-ALIAS-88D8FB34AA63","Boutchay","boutchay","en","LB-LOC-21227","[object Object]","true"
"LB-ALIAS-F0E21D7E960A","بطشيه","بطشيه","ar","LB-LOC-21227","[object Object]","true"
"LB-ALIAS-0624BC13F4FB","Bsaba Baabda","bsaba baabda","en","LB-LOC-21283","[object Object]","true"
"LB-ALIAS-2835EE958EF5","بسابا وادي الدلب","بسابا وادي الدلب","ar","LB-LOC-21283","[object Object]","true"
"LB-ALIAS-6F059CC1BDDE","Btekhnay","btekhnay","en","LB-LOC-21441","[object Object]","true"
"LB-ALIAS-1BDC027E9A68","بتخناي","بتخناي","ar","LB-LOC-21441","[object Object]","true"
"LB-ALIAS-6CC24C201C82","Btibyat","btibyat","en","LB-LOC-21451","[object Object]","true"
"LB-ALIAS-6896015EC01A","بتبيات","بتبيات","ar","LB-LOC-21451","[object Object]","true"
"LB-ALIAS-8042A885FCA8","Bzebdine","bzebdine","en","LB-LOC-21466","[object Object]","true"
"LB-ALIAS-DEBB719F9305","بزبدين","بزبدين","ar","LB-LOC-21466","[object Object]","true"
"LB-ALIAS-E4FC7BF9F4F5","Chbaniyeh","chbaniyeh","en","LB-LOC-21426","[object Object]","true"
"LB-ALIAS-C3A31AD8F735","شبانية","شبانية","ar","LB-LOC-21426","[object Object]","true"
"LB-ALIAS-8BBBB6E645B9","Chiyah","chiyah","en","LB-LOC-21111","[object Object]","true"
"LB-ALIAS-1CF944AB81EA","شياح","شياح","ar","LB-LOC-21111","[object Object]","true"
"LB-ALIAS-46E69BDDB07E","Chmeisset Baabda","chmeisset baabda","en","LB-LOC-21347","[object Object]","true"
"LB-ALIAS-9D8742BAF0CB","شميسة","شميسة","ar","LB-LOC-21347","[object Object]","true"
"LB-ALIAS-3F3217A68536","Chouit","chouit","en","LB-LOC-21354","[object Object]","true"
"LB-ALIAS-6ADCDFE55708","شويت","شويت","ar","LB-LOC-21354","[object Object]","true"
"LB-ALIAS-F9020A353AB4","Deir El-harf","deir el harf","en","LB-LOC-21367","[object Object]","true"
"LB-ALIAS-5BF8AD0F9646","دير الحرف","دير الحرف","ar","LB-LOC-21367","[object Object]","true"
"LB-ALIAS-7053A632B887","Deir Khouna","deir khouna","en","LB-LOC-21337","[object Object]","true"
"LB-ALIAS-7DE7E2972097","دير خونة","دير خونة","ar","LB-LOC-21337","[object Object]","true"
"LB-ALIAS-81805CBBDBBF","Dlaybeh","dlaybeh","en","LB-LOC-21391","[object Object]","true"
"LB-ALIAS-B2526BF1F81F","دليبه","دليبه","ar","LB-LOC-21391","[object Object]","true"
"LB-ALIAS-27D9107C3D71","Falougha","falougha","en","LB-LOC-21446","[object Object]","true"
"LB-ALIAS-FAE5DEABB693","فالوغا","فالوغا","ar","LB-LOC-21446","[object Object]","true"
"LB-ALIAS-691AE900B7DE","Furn Ech-Chebbak","furn ech chebbak","en","LB-LOC-21133","[object Object]","true"
"LB-ALIAS-6465C3F82A26","فرن الشباك","فرن الشباك","ar","LB-LOC-21133","[object Object]","true"
"LB-ALIAS-A59B9384199B","Hadath Beyrouth","hadath beyrouth","en","LB-LOC-21219","[object Object]","true"
"LB-ALIAS-1E925DD357D5","حدث","حدث","ar","LB-LOC-21219","[object Object]","true"
"LB-ALIAS-5B7A08C62016","Hammana","hammana","en","LB-LOC-21411","[object Object]","true"
"LB-ALIAS-3766EC80473C","حمانا","حمانا","ar","LB-LOC-21411","[object Object]","true"
"LB-ALIAS-12B9D70F7A47","Haret Es-Sit","haret es sit","en","LB-LOC-21275","[object Object]","true"
"LB-ALIAS-D1F2C388164F","حارة الست","حارة الست","ar","LB-LOC-21275","[object Object]","true"
"LB-ALIAS-2645381F57D5","Haret Hamzeh","haret hamzeh","en","LB-LOC-21327","[object Object]","true"
"LB-ALIAS-C48C45367628","حارة حمزة","حارة حمزة","ar","LB-LOC-21327","[object Object]","true"
"LB-ALIAS-1DF66BCCBB23","Haret Hreik","haret hreik","en","LB-LOC-21144","[object Object]","true"
"LB-ALIAS-946834330210","حارة حريك","حارة حريك","ar","LB-LOC-21144","[object Object]","true"
"LB-ALIAS-B136E8D5BC63","Hasbaiya El-Matn","hasbaiya el matn","en","LB-LOC-21397","[object Object]","true"
"LB-ALIAS-9D48D050B5F4","حاصبيّا المتن","حاصبيا المتن","ar","LB-LOC-21397","[object Object]","true"
"LB-ALIAS-F4412E315E7D","Hlaliyeh Baabda","hlaliyeh baabda","en","LB-LOC-21324","[object Object]","true"
"LB-ALIAS-218F1ABBD7C0","هلالية","هلالية","ar","LB-LOC-21324","[object Object]","true"
"LB-ALIAS-7B3ED28BCAF3","Jouar El-Haouz","jouar el haouz","en","LB-LOC-21461","[object Object]","true"
"LB-ALIAS-F510599077B1","جوار الحوز","جوار الحوز","ar","LB-LOC-21461","[object Object]","true"
"LB-ALIAS-9A850E79F7FE","Jouret Arsoun","jouret arsoun","en","LB-LOC-21487","[object Object]","true"
"LB-ALIAS-2CDC2B635F78","جورة ارصون","جورة ارصون","ar","LB-LOC-21487","[object Object]","true"
"LB-ALIAS-D2DBF0B524F1","Kfar Chima","kfar chima","en","LB-LOC-21251","[object Object]","true"
"LB-ALIAS-D7917A09E828","كفرشيما","كفرشيما","ar","LB-LOC-21251","[object Object]","true"
"LB-ALIAS-520B41270A50","Kfar Selouane","kfar selouane","en","LB-LOC-21476","[object Object]","true"
"LB-ALIAS-8294A1D8FBA6","كفرسلوان","كفرسلوان","ar","LB-LOC-21476","[object Object]","true"
"LB-ALIAS-EF0961E4E5CC","Khalouat Baabda","khalouat baabda","en","LB-LOC-21421","[object Object]","true"
"LB-ALIAS-B07BD31C3002","خلوات","خلوات","ar","LB-LOC-21421","[object Object]","true"
"LB-ALIAS-3B75CA621BB0","Khreibet Baabda","khreibet baabda","en","LB-LOC-21431","[object Object]","true"
"LB-ALIAS-C16178E5480E","خريبة بعبدا","خريبة بعبدا","ar","LB-LOC-21431","[object Object]","true"
"LB-ALIAS-E39E43E6352A","Kneisset Baabda","kneisset baabda","en","LB-LOC-21377","[object Object]","true"
"LB-ALIAS-59C3144E71C3","كنيسة بعبدا","كنيسة بعبدا","ar","LB-LOC-21377","[object Object]","true"
"LB-ALIAS-3177B9E316DD","Laylakeh","laylakeh","en","LB-LOC-21166","[object Object]","true"
"LB-ALIAS-AC085C06760B","ليلكي","ليلكي","ar","LB-LOC-21166","[object Object]","true"
"LB-ALIAS-D47F5B1FE8A0","Louayzeh Baabda","louayzeh baabda","en","LB-LOC-21243","[object Object]","true"
"LB-ALIAS-A6E31B686B36","لويزة","لويزة","ar","LB-LOC-21243","[object Object]","true"
"LB-ALIAS-BB84656C3C66","Merdache","merdache","en","LB-LOC-21235","[object Object]","true"
"LB-ALIAS-26B41A66FAFE","مرداشة","مرداشة","ar","LB-LOC-21235","[object Object]","true"
"LB-ALIAS-28FE6997C3C9","Mzairaa Baabda","mzairaa baabda","en","LB-LOC-21321","[object Object]","true"
"LB-ALIAS-B7794429F926","مزيرعة بعبدا","مزيرعة بعبدا","ar","LB-LOC-21321","[object Object]","true"
"LB-ALIAS-56C04A4DFF58","Ouadi Chahrour El Aaoulia","ouadi chahrour el aaoulia","en","LB-LOC-21267","[object Object]","true"
"LB-ALIAS-1FDC1275ED82","وادي شحرور العليا","وادي شحرور العليا","ar","LB-LOC-21267","[object Object]","true"
"LB-ALIAS-DED65B275747","Ouadi Chahrour Es-Soufla","ouadi chahrour es soufla","en","LB-LOC-21259","[object Object]","true"
"LB-ALIAS-C2474661D78F","وادي شحرور السفلى","وادي شحرور السفلي","ar","LB-LOC-21259","[object Object]","true"
"LB-ALIAS-4938BD19E1CA","Qalaat Baabda","qalaat baabda","en","LB-LOC-21416","[object Object]","true"
"LB-ALIAS-26CEFEAA5149","القلعة","القلعة","ar","LB-LOC-21416","[object Object]","true"
"LB-ALIAS-3DF0BDFDB16F","Qobbayaa","qobbayaa","en","LB-LOC-21357","[object Object]","true"
"LB-ALIAS-DCC77F6BE214","قبيع","قبيع","ar","LB-LOC-21357","[object Object]","true"
"LB-ALIAS-8EB57F79133D","Qordata","qordata","en","LB-LOC-21361","[object Object]","true"
"LB-ALIAS-0250AD248F75","قرطادة","قرطادة","ar","LB-LOC-21361","[object Object]","true"
"LB-ALIAS-5CFC6A8A6BAC","Qornayel","qornayel","en","LB-LOC-21456","[object Object]","true"
"LB-ALIAS-0BCD4C98DB38","قرنايل","قرنايل","ar","LB-LOC-21456","[object Object]","true"
"LB-ALIAS-C3A56BE93DBA","Qrayet Baabda","qrayet baabda","en","LB-LOC-21344","[object Object]","true"
"LB-ALIAS-1788E1D9E6EE","قرية","قرية","ar","LB-LOC-21344","[object Object]","true"
"LB-ALIAS-3C8850C9C952","Qsaibeh Baabda","qsaibeh baabda","en","LB-LOC-21364","[object Object]","true"
"LB-ALIAS-1CF3BAFEE294","قصيبة","قصيبة","ar","LB-LOC-21364","[object Object]","true"
"LB-ALIAS-A6D9A1F1D1F7","Qtaleh Baabda","qtaleh baabda","en","LB-LOC-21331","[object Object]","true"
"LB-ALIAS-7D48ADA0BD42","قتالة","قتالة","ar","LB-LOC-21331","[object Object]","true"
"LB-ALIAS-58719C10B92C","Ras El Matn","ras el matn","en","LB-LOC-21351","[object Object]","true"
"LB-ALIAS-8D8134F6DB68","راس المتن","راس المتن","ar","LB-LOC-21351","[object Object]","true"
"LB-ALIAS-6D72A7AEF150","Ras El-Href","ras el href","en","LB-LOC-21334","[object Object]","true"
"LB-ALIAS-A6305E0F2595","راس الحرف","راس الحرف","ar","LB-LOC-21334","[object Object]","true"
"LB-ALIAS-1441FC6EDBCD","Rouayssrt El-Ballout","rouayssrt el ballout","en","LB-LOC-21317","[object Object]","true"
"LB-ALIAS-98AD9BFF5873","رويسة البلوط","رويسة البلوط","ar","LB-LOC-21317","[object Object]","true"
"LB-ALIAS-DA280B992F1F","Salima Baabda","salima baabda","en","LB-LOC-21394","[object Object]","true"
"LB-ALIAS-B0784621570C","صليما بعبدا","صليما بعبدا","ar","LB-LOC-21394","[object Object]","true"
"LB-ALIAS-1D475A4471CF","Tahouitat El Ghadir","tahouitat el ghadir","en","LB-LOC-21188","[object Object]","true"
"LB-ALIAS-8CBF9E5F7596","تحويطة الغدير","تحويطة الغدير","ar","LB-LOC-21188","[object Object]","true"
"LB-ALIAS-018CBF1B2A01","Tarchich","tarchich","en","LB-LOC-21481","[object Object]","true"
"LB-ALIAS-0842FAE84E90","ترشيش","ترشيش","ar","LB-LOC-21481","[object Object]","true"
"LB-ALIAS-AAAF8A4E68CF","Zandouqa","zandouqa","en","LB-LOC-21374","[object Object]","true"
"LB-ALIAS-46391EB593BD","زندوقة","زندوقة","ar","LB-LOC-21374","[object Object]","true"
"LB-ALIAS-89D1F1DE54FA","Aain Ouzain","aain ouzain","en","LB-LOC-23627","[object Object]","true"
"LB-ALIAS-4805DA1D0F7E","عين وزين","عين وزين","ar","LB-LOC-23627","[object Object]","true"
"LB-ALIAS-E0DDAB1E7D92","Aain Qania","aain qania","en","LB-LOC-23619","[object Object]","true"
"LB-ALIAS-50C2D1C1B05B","عين قني","عين قني","ar","LB-LOC-23619","[object Object]","true"
"LB-ALIAS-0FA14694C7A2","Aain Zhalta","aain zhalta","en","LB-LOC-23469","[object Object]","true"
"LB-ALIAS-ABE01F65DA99","عين زحلتا","عين زحلتا","ar","LB-LOC-23469","[object Object]","true"
"LB-ALIAS-C7DB13A3F92D","Aainbal","aainbal","en","LB-LOC-23533","[object Object]","true"
"LB-ALIAS-3393B7622BF1","عينبال","عينبال","ar","LB-LOC-23533","[object Object]","true"
"LB-ALIAS-195FC9A8EA8A","Aalmane Ech-Chouf","aalmane ech chouf","en","LB-LOC-23311","[object Object]","true"
"LB-ALIAS-1E0EE5881428","علمان الشوف","علمان الشوف","ar","LB-LOC-23311","[object Object]","true"
"LB-ALIAS-913F13A08BEB","Aammatour","aammatour","en","LB-LOC-23639","[object Object]","true"
"LB-ALIAS-CF29279A0912","عمّاطور","عماطور","ar","LB-LOC-23639","[object Object]","true"
"LB-ALIAS-4E9159E42412","Aammiq Ech-Chouf","aammiq ech chouf","en","LB-LOC-23427","[object Object]","true"
"LB-ALIAS-548A2E9FA622","عميق الشوف","عميق الشوف","ar","LB-LOC-23427","[object Object]","true"
"LB-ALIAS-84013A5A4734","Aanout","aanout","en","LB-LOC-23239","[object Object]","true"
"LB-ALIAS-0AC24C796382","عانوت","عانوت","ar","LB-LOC-23239","[object Object]","true"
"LB-ALIAS-889F020CC59C","Aathrine","aathrine","en","LB-LOC-23544","[object Object]","true"
"LB-ALIAS-B125E78FD433","عترين","عترين","ar","LB-LOC-23544","[object Object]","true"
"LB-ALIAS-0C1713AEDFB4","Baadarane","baadarane","en","LB-LOC-23631","[object Object]","true"
"LB-ALIAS-C463CFE3805E","بعدران","بعدران","ar","LB-LOC-23631","[object Object]","true"
"LB-ALIAS-56FDAB4527E1","Baaqline","baaqline","en","LB-LOC-23511","[object Object]","true"
"LB-ALIAS-0A11FBD19CD8","بعقلين","بعقلين","ar","LB-LOC-23511","[object Object]","true"
"LB-ALIAS-307C98287A60","Baassir","baassir","en","LB-LOC-23255","[object Object]","true"
"LB-ALIAS-9FBA2986327C","بعاصير","بعاصير","ar","LB-LOC-23255","[object Object]","true"
"LB-ALIAS-2FDD1B23C986","Barja","barja","en","LB-LOC-23251","[object Object]","true"
"LB-ALIAS-58346CD05EAE","برجا","برجا","ar","LB-LOC-23251","[object Object]","true"
"LB-ALIAS-89429B0BDEA9","Barouk","barouk","en","LB-LOC-23679","[object Object]","true"
"LB-ALIAS-68F91AF25BBA","الباروك","الباروك","ar","LB-LOC-23679","[object Object]","true"
"LB-ALIAS-CFCCF6B16D5D","Bater","bater","en","LB-LOC-23675","[object Object]","true"
"LB-ALIAS-E515AD1F5159","باتر","باتر","ar","LB-LOC-23675","[object Object]","true"
"LB-ALIAS-A38D47E378A2","Batloun","batloun","en","LB-LOC-23663","[object Object]","true"
"LB-ALIAS-EBCEE6B84FB2","بتلون","بتلون","ar","LB-LOC-23663","[object Object]","true"
"LB-ALIAS-314402F06A5F","Bayqoun","bayqoun","en","LB-LOC-23687","[object Object]","true"
"LB-ALIAS-DCE12CCA8F72","بيقون","بيقون","ar","LB-LOC-23687","[object Object]","true"
"LB-ALIAS-25F4BA79D541","Bchtfine","bchtfine","en","LB-LOC-23423","[object Object]","true"
"LB-ALIAS-B53675EA96E7","بشتفين","بشتفين","ar","LB-LOC-23423","[object Object]","true"
"LB-ALIAS-1CFB28FE21CA","Beit Ed-Dine","beit ed dine","en","LB-LOC-23411","[object Object]","true"
"LB-ALIAS-CD75A1CEC865","بيت الدين","بيت الدين","ar","LB-LOC-23411","[object Object]","true"
"LB-ALIAS-01B3D88F94F7","Benouati Ech-Chouf","benouati ech chouf","en","LB-LOC-23263","[object Object]","true"
"LB-ALIAS-6915D6E800E5","بنواتي","بنواتي","ar","LB-LOC-23263","[object Object]","true"
"LB-ALIAS-2BB2A0C8C0B3","Biret Ech-Chouf","biret ech chouf","en","LB-LOC-23451","[object Object]","true"
"LB-ALIAS-256001E09F55","بيرة","بيرة","ar","LB-LOC-23451","[object Object]","true"
"LB-ALIAS-3AA2EC184DA7","Bkechtine Ouel Mcheiaa","bkechtine ouel mcheiaa","en","LB-LOC-23253","[object Object]","true"
"LB-ALIAS-157A4542B19A","بكشتين","بكشتين","ar","LB-LOC-23253","[object Object]","true"
"LB-ALIAS-D953E14DB4CE","Bkifa Ech-Chouf","bkifa ech chouf","en","LB-LOC-23356","[object Object]","true"
"LB-ALIAS-BB5E9070FE21","بكيفا","بكيفا","ar","LB-LOC-23356","[object Object]","true"
"LB-ALIAS-6757BE3C2FF5","Botmeh","botmeh","en","LB-LOC-23615","[object Object]","true"
"LB-ALIAS-1041DE26114D","بطمة","بطمة","ar","LB-LOC-23615","[object Object]","true"
"LB-ALIAS-01D2C39CCC8E","Bourjein","bourjein","en","LB-LOC-23247","[object Object]","true"
"LB-ALIAS-DCACF1B63806","البرجين","البرجين","ar","LB-LOC-23247","[object Object]","true"
"LB-ALIAS-464E6E88E7F4","Bqaiaa Ech-Chouf","bqaiaa ech chouf","en","LB-LOC-23457","[object Object]","true"
"LB-ALIAS-3405757F32AD","بقيعة","بقيعة","ar","LB-LOC-23457","[object Object]","true"
"LB-ALIAS-28D6CF6FE181","Brih","brih","en","LB-LOC-23459","[object Object]","true"
"LB-ALIAS-0ABE6C296B60","بريح","بريح","ar","LB-LOC-23459","[object Object]","true"
"LB-ALIAS-B9E4D263FD9F","Bsaba Ech-Chouf","bsaba ech chouf","en","LB-LOC-23386","[object Object]","true"
"LB-ALIAS-691002DDA873","بسابا","بسابا","ar","LB-LOC-23386","[object Object]","true"
"LB-ALIAS-C6B2C1F1FFB5","Chammis Ech-Chouf","chammis ech chouf","en","LB-LOC-23223","[object Object]","true"
"LB-ALIAS-52AAF41DA6E7","شميس","شميس","ar","LB-LOC-23223","[object Object]","true"
"LB-ALIAS-E9F35940C888","Chhim","chhim","en","LB-LOC-23211","[object Object]","true"
"LB-ALIAS-9CDBC7D7C2C5","شحيم","شحيم","ar","LB-LOC-23211","[object Object]","true"
"LB-ALIAS-4CF2F5ED918A","Chmaarine","chmaarine","en","LB-LOC-23275","[object Object]","true"
"LB-ALIAS-C1D55F52CF64","شمعرين","شمعرين","ar","LB-LOC-23275","[object Object]","true"
"LB-ALIAS-E10CDEB2F515","Chourit","chourit","en","LB-LOC-23453","[object Object]","true"
"LB-ALIAS-25FD893B1B72","شوريت","شوريت","ar","LB-LOC-23453","[object Object]","true"
"LB-ALIAS-CAF22F139FEE","Dahr Ech-Chouf","dahr ech chouf","en","LB-LOC-23279","[object Object]","true"
"LB-ALIAS-B98818B8E6BB","ضهر المغارة","ضهر المغارة","ar","LB-LOC-23279","[object Object]","true"
"LB-ALIAS-7E4F2DDA3276","Dalhoun","dalhoun","en","LB-LOC-23219","[object Object]","true"
"LB-ALIAS-6F9B31DF7EFA","دلهون","دلهون","ar","LB-LOC-23219","[object Object]","true"
"LB-ALIAS-9845FA5DEF9A","Damour","damour","en","LB-LOC-23111","[object Object]","true"
"LB-ALIAS-DCF7CBB14A73","الدامور","الدامور","ar","LB-LOC-23111","[object Object]","true"
"LB-ALIAS-BF69C8C84D42","Daraiya Ech-Chouf","daraiya ech chouf","en","LB-LOC-23227","[object Object]","true"
"LB-ALIAS-0B410F28CE7C","داريا الشوف","داريا الشوف","ar","LB-LOC-23227","[object Object]","true"
"LB-ALIAS-538239D8A193","Deir Baba","deir baba","en","LB-LOC-23435","[object Object]","true"
"LB-ALIAS-3B57A275A13D","دير بابا","دير بابا","ar","LB-LOC-23435","[object Object]","true"
"LB-ALIAS-9B4F4C6DE299","Deir Dourit","deir dourit","en","LB-LOC-23522","[object Object]","true"
"LB-ALIAS-7BBC7EE179A7","دير دوريت","دير دوريت","ar","LB-LOC-23522","[object Object]","true"
"LB-ALIAS-A6E067444FF4","Deir El-Moukhalles Ech-Chouf","deir el moukhalles ech chouf","en","LB-LOC-23346","[object Object]","true"
"LB-ALIAS-7B9F7C3947F8","دير المخلص الشوف","دير المخلص الشوف","ar","LB-LOC-23346","[object Object]","true"
"LB-ALIAS-281A7BA59C0B","Deir El-Qamar","deir el qamar","en","LB-LOC-23413","[object Object]","true"
"LB-ALIAS-14E6FA8F4790","دير القمر","دير القمر","ar","LB-LOC-23413","[object Object]","true"
"LB-ALIAS-BE10AC13DE68","Deir Koucheh","deir koucheh","en","LB-LOC-23429","[object Object]","true"
"LB-ALIAS-35E83C9DE882","دير كوشه","دير كوشه","ar","LB-LOC-23429","[object Object]","true"
"LB-ALIAS-AFD07FA8176A","Dibbiyeh","dibbiyeh","en","LB-LOC-23259","[object Object]","true"
"LB-ALIAS-C69437B6ACA7","دبية","دبية","ar","LB-LOC-23259","[object Object]","true"
"LB-ALIAS-CFE442A948FE","Dmit","dmit","en","LB-LOC-23447","[object Object]","true"
"LB-ALIAS-8439C98A5CEA","دميت","دميت","ar","LB-LOC-23447","[object Object]","true"
"LB-ALIAS-93D9C1F08CE6","Faouarat Jaafar","faouarat jaafar","en","LB-LOC-23449","[object Object]","true"
"LB-ALIAS-BFCFF5620B2F","فوارة جعفر","فوارة جعفر","ar","LB-LOC-23449","[object Object]","true"
"LB-ALIAS-8F7286CD07CE","Fraudis Ech-Chouf","fraudis ech chouf","en","LB-LOC-23467","[object Object]","true"
"LB-ALIAS-731954882E08","فريديس الشوف","فريديس الشوف","ar","LB-LOC-23467","[object Object]","true"
"LB-ALIAS-BC50356D00B8","GHabet Jaafar","ghabet jaafar","en","LB-LOC-23438","[object Object]","true"
"LB-ALIAS-4DBBB535DB17","غابة جعفر","غابة جعفر","ar","LB-LOC-23438","[object Object]","true"
"LB-ALIAS-F6B208E2E764","Gharifeh","gharifeh","en","LB-LOC-23566","[object Object]","true"
"LB-ALIAS-04F87A7AEBD7","غريفة","غريفة","ar","LB-LOC-23566","[object Object]","true"
"LB-ALIAS-5494372F670E","Haret Jandal","haret jandal","en","LB-LOC-23647","[object Object]","true"
"LB-ALIAS-FB2B93EC9C6E","حارة جندل","حارة جندل","ar","LB-LOC-23647","[object Object]","true"
"LB-ALIAS-DEFF777FA610","Hasrout","hasrout","en","LB-LOC-23588","[object Object]","true"
"LB-ALIAS-F3A14320E3C7","حصروت","حصروت","ar","LB-LOC-23588","[object Object]","true"
"LB-ALIAS-DAFB69183F4D","Jadra","jadra","en","LB-LOC-23271","[object Object]","true"
"LB-ALIAS-160930B93B93","جدرا","جدرا","ar","LB-LOC-23271","[object Object]","true"
"LB-ALIAS-874BFAEFCA15","Jahliyeh","jahliyeh","en","LB-LOC-23577","[object Object]","true"
"LB-ALIAS-D9E465119B78","جاهلية","جاهلية","ar","LB-LOC-23577","[object Object]","true"
"LB-ALIAS-66F546B8071C","Jbaa Ech-Chouf","jbaa ech chouf","en","LB-LOC-23671","[object Object]","true"
"LB-ALIAS-2568AB7E4136","جباع","جباع","ar","LB-LOC-23671","[object Object]","true"
"LB-ALIAS-3F164176923C","Jdeidet Ech-Chouf","jdeidet ech chouf","en","LB-LOC-23623","[object Object]","true"
"LB-ALIAS-2476812AD8C4","جديدة الشوف","جديدة الشوف","ar","LB-LOC-23623","[object Object]","true"
"LB-ALIAS-8997D65D8D86","Jiyeh","jiyeh","en","LB-LOC-23267","[object Object]","true"
"LB-ALIAS-1E96875FA757","جية","جية","ar","LB-LOC-23267","[object Object]","true"
"LB-ALIAS-BB327E1061F4","Jleiliyeh","jleiliyeh","en","LB-LOC-23376","[object Object]","true"
"LB-ALIAS-9052E501D964","جليلية","جليلية","ar","LB-LOC-23376","[object Object]","true"
"LB-ALIAS-46E83C6B2336","Jmailiyeh","jmailiyeh","en","LB-LOC-23316","[object Object]","true"
"LB-ALIAS-E1140AC45C7B","جميلية","جميلية","ar","LB-LOC-23316","[object Object]","true"
"LB-ALIAS-A637FEC04F2B","Joun","joun","en","LB-LOC-23336","[object Object]","true"
"LB-ALIAS-9E6331EDED35","جون","جون","ar","LB-LOC-23336","[object Object]","true"
"LB-ALIAS-A9364F9AE36D","Kahlouniet Ech-Chouf","kahlouniet ech chouf","en","LB-LOC-23643","[object Object]","true"
"LB-ALIAS-5C3723FBB633","كحلونية الشوف","كحلونية الشوف","ar","LB-LOC-23643","[object Object]","true"
"LB-ALIAS-F6D4D77413A9","Ketermaya","ketermaya","en","LB-LOC-23231","[object Object]","true"
"LB-ALIAS-D20949FB58E5","كترمايا","كترمايا","ar","LB-LOC-23231","[object Object]","true"
"LB-ALIAS-E62EBA2D5BD7","Kfar Faqoud","kfar faqoud","en","LB-LOC-23433","[object Object]","true"
"LB-ALIAS-00A3FFF47742","كفرفاقود","كفرفاقود","ar","LB-LOC-23433","[object Object]","true"
"LB-ALIAS-5BF6B7025C33","Kfar Hamal","kfar hamal","en","LB-LOC-23415","[object Object]","true"
"LB-ALIAS-91D78224BAF6","كفر حمل","كفر حمل","ar","LB-LOC-23415","[object Object]","true"
"LB-ALIAS-564D4A839AD4","Kfar hay","kfar hay","en","LB-LOC-23454","[object Object]","true"
"LB-ALIAS-CB0DA1D9D923","كفر حي","كفر حي","ar","LB-LOC-23454","[object Object]","true"
"LB-ALIAS-EB0EEF374EA4","Kfar Him","kfar him","en","LB-LOC-23439","[object Object]","true"
"LB-ALIAS-7C312C38F2CF","كفرحيم","كفرحيم","ar","LB-LOC-23439","[object Object]","true"
"LB-ALIAS-CF6DD1D1E47B","Kfar Nabrakh","kfar nabrakh","en","LB-LOC-23655","[object Object]","true"
"LB-ALIAS-1BC83710560B","كفرنبرخ","كفرنبرخ","ar","LB-LOC-23655","[object Object]","true"
"LB-ALIAS-A7BDBF7865CF","Kfar Niss","kfar niss","en","LB-LOC-23455","[object Object]","true"
"LB-ALIAS-64DEA67D1E88","كفرنيس","كفرنيس","ar","LB-LOC-23455","[object Object]","true"
"LB-ALIAS-9C15B5C8E97C","Kfar Qatra","kfar qatra","en","LB-LOC-23419","[object Object]","true"
"LB-ALIAS-90509940B3E5","كفرقطرة","كفرقطرة","ar","LB-LOC-23419","[object Object]","true"
"LB-ALIAS-0FF0922D2B93","Khereibet Ech-Chouf","khereibet ech chouf","en","LB-LOC-23635","[object Object]","true"
"LB-ALIAS-BCD6A452B812","خريبة الشوف","خريبة الشوف","ar","LB-LOC-23635","[object Object]","true"
"LB-ALIAS-830754329DE3","Khirbet Bisri","khirbet bisri","en","LB-LOC-23371","[object Object]","true"
"LB-ALIAS-F3EE71A92EA6","خربة بسري","خربة بسري","ar","LB-LOC-23371","[object Object]","true"
"LB-ALIAS-F72A4B6D8A63","Kneisset Ech-Chouf","kneisset ech chouf","en","LB-LOC-23425","[object Object]","true"
"LB-ALIAS-8E5065A69992","كنيسة الشوف","كنيسة الشوف","ar","LB-LOC-23425","[object Object]","true"
"LB-ALIAS-7B5F0EB9750C","Maaniyeh","maaniyeh","en","LB-LOC-23235","[object Object]","true"
"LB-ALIAS-A7615C6BC2C3","معنيه","معنيه","ar","LB-LOC-23235","[object Object]","true"
"LB-ALIAS-9F0B9514BFEF","Maasser Beit Ed-Dine","maasser beit ed dine","en","LB-LOC-23421","[object Object]","true"
"LB-ALIAS-AD2F1DB45DC3","معاصر بيت الدين","معاصر بيت الدين","ar","LB-LOC-23421","[object Object]","true"
"LB-ALIAS-5884BEB7EDDB","Maasser Ech-Chouf","maasser ech chouf","en","LB-LOC-23667","[object Object]","true"
"LB-ALIAS-7A992EA3B20F","معاصر الشوف","معاصر الشوف","ar","LB-LOC-23667","[object Object]","true"
"LB-ALIAS-A4DEEC43DCAF","Majdalouna","majdalouna","en","LB-LOC-23326","[object Object]","true"
"LB-ALIAS-2872180E64C4","مجدلونا","مجدلونا","ar","LB-LOC-23326","[object Object]","true"
"LB-ALIAS-82147AD71B8A","Majdel El-Meouch","majdel el meouch","en","LB-LOC-23445","[object Object]","true"
"LB-ALIAS-63A65EB252C1","مجدل المعوش","مجدل المعوش","ar","LB-LOC-23445","[object Object]","true"
"LB-ALIAS-183C419C6E7D","Mazboud","mazboud","en","LB-LOC-23215","[object Object]","true"
"LB-ALIAS-800BA7360B5A","مزبود","مزبود","ar","LB-LOC-23215","[object Object]","true"
"LB-ALIAS-8956C048976D","Mazmoura","mazmoura","en","LB-LOC-23361","[object Object]","true"
"LB-ALIAS-CEC4AC9CB94B","مزمورة","مزمورة","ar","LB-LOC-23361","[object Object]","true"
"LB-ALIAS-B14326A3346E","Mazraat Ech-Chouf","mazraat ech chouf","en","LB-LOC-23651","[object Object]","true"
"LB-ALIAS-F9978A3CA166","مزرعة","مزرعة","ar","LB-LOC-23651","[object Object]","true"
"LB-ALIAS-F7AE5886D46B","Mazraat Ed-Douair","mazraat ed douair","en","LB-LOC-23431","[object Object]","true"
"LB-ALIAS-D7C3577F7822","مزرعة الدوير","مزرعة الدوير","ar","LB-LOC-23431","[object Object]","true"
"LB-ALIAS-33C8BEE9C0A5","Mazraat Es-Dahr","mazraat es dahr","en","LB-LOC-23366","[object Object]","true"
"LB-ALIAS-818617A56264","مزرعة الضهر","مزرعة الضهر","ar","LB-LOC-23366","[object Object]","true"
"LB-ALIAS-132AB30D5CE5","Mechref","mechref","en","LB-LOC-23171","[object Object]","true"
"LB-ALIAS-BEE2E25A247E","مشرف","مشرف","ar","LB-LOC-23171","[object Object]","true"
"LB-ALIAS-69C65721EC34","Mghairiyeh Ech-Chouf","mghairiyeh ech chouf","en","LB-LOC-23341","[object Object]","true"
"LB-ALIAS-0F27F242C4BD","مغيرية الشوف","مغيرية الشوف","ar","LB-LOC-23341","[object Object]","true"
"LB-ALIAS-836E499CA529","Moughayret Ech-Chouf","moughayret ech chouf","en","LB-LOC-23461","[object Object]","true"
"LB-ALIAS-EC02EA1D8835","مغيره","مغيره","ar","LB-LOC-23461","[object Object]","true"
"LB-ALIAS-55D48FF0CB64","Moukhtara","moukhtara","en","LB-LOC-23611","[object Object]","true"
"LB-ALIAS-3AF65EF61229","مختارة","مختارة","ar","LB-LOC-23611","[object Object]","true"
"LB-ALIAS-245D45BE15E5","Mristi","mristi","en","LB-LOC-23659","[object Object]","true"
"LB-ALIAS-1C3147004481","مرستى","مرستي","ar","LB-LOC-23659","[object Object]","true"
"LB-ALIAS-85602250192D","Mtolleh","mtolleh","en","LB-LOC-23365","[object Object]","true"
"LB-ALIAS-AE480E087623","مطله","مطله","ar","LB-LOC-23365","[object Object]","true"
"LB-ALIAS-F0BC09532CCE","Naameh","naameh","en","LB-LOC-23141","[object Object]","true"
"LB-ALIAS-AE94FEEFFBFD","ناعمه","ناعمه","ar","LB-LOC-23141","[object Object]","true"
"LB-ALIAS-64FEA8967F7C","Niha El-Chouf","niha el chouf","en","LB-LOC-23625","[object Object]","true"
"LB-ALIAS-6C0095EEB42E","نيحا","نيحا","ar","LB-LOC-23625","[object Object]","true"
"LB-ALIAS-0EC175BC440A","Ouadi Abou Youssef","ouadi abou youssef","en","LB-LOC-23237","[object Object]","true"
"LB-ALIAS-2FCAC78B06A2","وادي ابو يوسف","وادي ابو يوسف","ar","LB-LOC-23237","[object Object]","true"
"LB-ALIAS-BB8AF51B6B11","Ouadi bnehlay","ouadi bnehlay","en","LB-LOC-23555","[object Object]","true"
"LB-ALIAS-E3A13638F2EC","وادي بنحليه","وادي بنحليه","ar","LB-LOC-23555","[object Object]","true"
"LB-ALIAS-4BF225864900","Ouadi Ed-Deir","ouadi ed deir","en","LB-LOC-23441","[object Object]","true"
"LB-ALIAS-B3E15923690B","وادي الدير","وادي الدير","ar","LB-LOC-23441","[object Object]","true"
"LB-ALIAS-1FEE9859BE15","Ouadi Es-Sitt","ouadi es sitt","en","LB-LOC-23443","[object Object]","true"
"LB-ALIAS-131E53BB7662","وادي الست","وادي الست","ar","LB-LOC-23443","[object Object]","true"
"LB-ALIAS-88D1EDDCCE59","Ouardaniyeh","ouardaniyeh","en","LB-LOC-23331","[object Object]","true"
"LB-ALIAS-475F3719B1D9","وردانيه","وردانيه","ar","LB-LOC-23331","[object Object]","true"
"LB-ALIAS-7AA2EA871EC5","Ouarhaniyeh","ouarhaniyeh","en","LB-LOC-23463","[object Object]","true"
"LB-ALIAS-9EFFAF9836FD","ورهانية","ورهانية","ar","LB-LOC-23463","[object Object]","true"
"LB-ALIAS-EC886D6D117E","Qreiaa","qreiaa","en","LB-LOC-23351","[object Object]","true"
"LB-ALIAS-E0995E6262F7","قريعة","قريعة","ar","LB-LOC-23351","[object Object]","true"
"LB-ALIAS-73944145AF4A","Rmeilet Ech-Chouf","rmeilet ech chouf","en","LB-LOC-23321","[object Object]","true"
"LB-ALIAS-28C6EDC8BA32","رميلة","رميلة","ar","LB-LOC-23321","[object Object]","true"
"LB-ALIAS-57DC27B9F177","Semqaniyeh","semqaniyeh","en","LB-LOC-23417","[object Object]","true"
"LB-ALIAS-50078BA0E284","سمقانية","سمقانية","ar","LB-LOC-23417","[object Object]","true"
"LB-ALIAS-A59448873C0F","Sibline","sibline","en","LB-LOC-23243","[object Object]","true"
"LB-ALIAS-733D76D407DA","سبلين","سبلين","ar","LB-LOC-23243","[object Object]","true"
"LB-ALIAS-48A0D99F1D00","Sirjbal","sirjbal","en","LB-LOC-23437","[object Object]","true"
"LB-ALIAS-85798625ED63","سرجبال","سرجبال","ar","LB-LOC-23437","[object Object]","true"
"LB-ALIAS-DFD67884F713","Zaarouriyeh","zaarouriyeh","en","LB-LOC-23381","[object Object]","true"
"LB-ALIAS-B8FED3F6D283","زعرورية","زعرورية","ar","LB-LOC-23381","[object Object]","true"
"LB-ALIAS-D46F297D826D","Aain Aalaq","aain aalaq","en","LB-LOC-22551","[object Object]","true"
"LB-ALIAS-E66B61C68BDB","عين علق","عين علق","ar","LB-LOC-22551","[object Object]","true"
"LB-ALIAS-3BCCBA1E7E63","Aain Aar","aain aar","en","LB-LOC-22471","[object Object]","true"
"LB-ALIAS-1D069D2C9C7B","عين عار","عين عار","ar","LB-LOC-22471","[object Object]","true"
"LB-ALIAS-FADC20447311","Aain El-Kharroubeh","aain el kharroubeh","en","LB-LOC-22543","[object Object]","true"
"LB-ALIAS-8172F029B919","عين الخروبة","عين الخروبة","ar","LB-LOC-22543","[object Object]","true"
"LB-ALIAS-9179B62E8213","Aain El-Qabu","aain el qabu","en","LB-LOC-22777","[object Object]","true"
"LB-ALIAS-B2544E9F6AC7","عين القبو","عين القبو","ar","LB-LOC-22777","[object Object]","true"
"LB-ALIAS-95E46DF7DD45","Aain El-Qach","aain el qach","en","LB-LOC-22523","[object Object]","true"
"LB-ALIAS-045ACE05ED3C","عين القش","عين القش","ar","LB-LOC-22523","[object Object]","true"
"LB-ALIAS-E638A61CCDAE","Aain Es-Sindiane","aain es sindiane","en","LB-LOC-22737","[object Object]","true"
"LB-ALIAS-7A881288B7F1","عين السنديانة","عين السنديانة","ar","LB-LOC-22737","[object Object]","true"
"LB-ALIAS-C42EA759F2D4","Aain es-Sofsaf El-Matn","aain es sofsaf el matn","en","LB-LOC-22727","[object Object]","true"
"LB-ALIAS-A622E5536AA0","عين الصفصاف المتن","عين الصفصاف المتن","ar","LB-LOC-22727","[object Object]","true"
"LB-ALIAS-2DED5F487AA2","Aain Et-Teffaha","aain et teffaha","en","LB-LOC-22563","[object Object]","true"
"LB-ALIAS-FF11A0D65C1E","عين التفاحة","عين التفاحة","ar","LB-LOC-22563","[object Object]","true"
"LB-ALIAS-DBE968C56042","Aain Ez-Zeitouneh","aain ez zeitouneh","en","LB-LOC-22714","[object Object]","true"
"LB-ALIAS-77629CE5EA2C","عين الزيتونة","عين الزيتونة","ar","LB-LOC-22714","[object Object]","true"
"LB-ALIAS-B2FA61AFDE08","Aain Saadeh","aain saadeh","en","LB-LOC-22423","[object Object]","true"
"LB-ALIAS-D59588650350","عين سعادة","عين سعادة","ar","LB-LOC-22423","[object Object]","true"
"LB-ALIAS-654846636D10","Aamaret Chalhoub","aamaret chalhoub","en","LB-LOC-22343","[object Object]","true"
"LB-ALIAS-95237B67605E","الوطى عمارة شلهوب","الوطي عمارة شلهوب","ar","LB-LOC-22343","[object Object]","true"
"LB-ALIAS-86550314977B","Aatchaneh","aatchaneh","en","LB-LOC-22555","[object Object]","true"
"LB-ALIAS-81FE3D0604A8","عطشانة","عطشانة","ar","LB-LOC-22555","[object Object]","true"
"LB-ALIAS-6FD2956E1E6D","Aayoun El-Matn","aayoun el matn","en","LB-LOC-22635","[object Object]","true"
"LB-ALIAS-E786CFF19DB2","عيون المتن","عيون المتن","ar","LB-LOC-22635","[object Object]","true"
"LB-ALIAS-8087B278A25F","Aayroun","aayroun","en","LB-LOC-22767","[object Object]","true"
"LB-ALIAS-ED23174C0945","عيرون","عيرون","ar","LB-LOC-22767","[object Object]","true"
"LB-ALIAS-795A193F4CA2","Abou Mizane","abou mizane","en","LB-LOC-22575","[object Object]","true"
"LB-ALIAS-E79A3BEA8E91","أبو ميزان","ابو ميزان","ar","LB-LOC-22575","[object Object]","true"
"LB-ALIAS-72825A75D369","Aintoura El-Matn","aintoura el matn","en","LB-LOC-22751","[object Object]","true"
"LB-ALIAS-7FD699050F27","عينطورة المتن","عينطورة المتن","ar","LB-LOC-22751","[object Object]","true"
"LB-ALIAS-51E42F69F1E6","Antelias","antelias","en","LB-LOC-22311","[object Object]","true"
"LB-ALIAS-F1B948D5BCE9","انطلياس","انطلياس","ar","LB-LOC-22311","[object Object]","true"
"LB-ALIAS-55F4EE25BA78","Baabdat","baabdat","en","LB-LOC-22659","[object Object]","true"
"LB-ALIAS-C56B6FCBD587","بعبدات","بعبدات","ar","LB-LOC-22659","[object Object]","true"
"LB-ALIAS-87C542483F83","Baouchriyeh","baouchriyeh","en","LB-LOC-22228","[object Object]","true"
"LB-ALIAS-CBBDB87DC190","بوشرية","بوشرية","ar","LB-LOC-22228","[object Object]","true"
"LB-ALIAS-08F6C0B91DDC","Baskinta","baskinta","en","LB-LOC-22797","[object Object]","true"
"LB-ALIAS-CDFB339D328B","بسكنتا","بسكنتا","ar","LB-LOC-22797","[object Object]","true"
"LB-ALIAS-A8ED09213B4C","Beit Chabab","beit chabab","en","LB-LOC-22531","[object Object]","true"
"LB-ALIAS-D7C614E5EB4C","بيت شباب","بيت شباب","ar","LB-LOC-22531","[object Object]","true"
"LB-ALIAS-01FD72693CF6","Beit Ech-Chaar","beit ech chaar","en","LB-LOC-22459","[object Object]","true"
"LB-ALIAS-AFDF99DD1A91","مزرعة بيت الشعّار","مزرعة بيت الشعار","ar","LB-LOC-22459","[object Object]","true"
"LB-ALIAS-4A75662FCBDC","Beit El-Kekko","beit el kekko","en","LB-LOC-22451","[object Object]","true"
"LB-ALIAS-49D2609E978D","بيت الككو","بيت الككو","ar","LB-LOC-22451","[object Object]","true"
"LB-ALIAS-36D19D3CB417","Beit Meri","beit meri","en","LB-LOC-22667","[object Object]","true"
"LB-ALIAS-6CD2646E76FC","بيت مري","بيت مري","ar","LB-LOC-22667","[object Object]","true"
"LB-ALIAS-54A571418062","Bhersaf","bhersaf","en","LB-LOC-22535","[object Object]","true"
"LB-ALIAS-100F97F1E413","بحرصاف","بحرصاف","ar","LB-LOC-22535","[object Object]","true"
"LB-ALIAS-9EF4F8FAA03D","Bikfaya","bikfaya","en","LB-LOC-22511","[object Object]","true"
"LB-ALIAS-F1845D747CED","بكفيا","بكفيا","ar","LB-LOC-22511","[object Object]","true"
"LB-ALIAS-1D479BD16004","Bnabil","bnabil","en","LB-LOC-22724","[object Object]","true"
"LB-ALIAS-9C2F62983456","بنابيل","بنابيل","ar","LB-LOC-22724","[object Object]","true"
"LB-ALIAS-6F3304F57570","Bourj Hammoud","bourj hammoud","en","LB-LOC-22111","[object Object]","true"
"LB-ALIAS-D3275C043EB2","برج حمّود","برج حمود","ar","LB-LOC-22111","[object Object]","true"
"LB-ALIAS-7A71CC26B81A","Bqennaya","bqennaya","en","LB-LOC-22431","[object Object]","true"
"LB-ALIAS-9658C72CC360","بقنايا","بقنايا","ar","LB-LOC-22431","[object Object]","true"
"LB-ALIAS-F6B99B39B001","Broummana El-Matn","broummana el matn","en","LB-LOC-22611","[object Object]","true"
"LB-ALIAS-F043ABDCB59A","برمانا المتن","برمانا المتن","ar","LB-LOC-22611","[object Object]","true"
"LB-ALIAS-951BFC4A2C02","Bsalim","bsalim","en","LB-LOC-22439","[object Object]","true"
"LB-ALIAS-388B08C7B8F2","بصاليم","بصاليم","ar","LB-LOC-22439","[object Object]","true"
"LB-ALIAS-0AF95F6B8F4A","Bsifrine","bsifrine","en","LB-LOC-22691","[object Object]","true"
"LB-ALIAS-C439E9C37532","بسفرين","بسفرين","ar","LB-LOC-22691","[object Object]","true"
"LB-ALIAS-D3095165A890","Bteghrine","bteghrine","en","LB-LOC-22757","[object Object]","true"
"LB-ALIAS-F30DE835EFC7","بتغرين","بتغرين","ar","LB-LOC-22757","[object Object]","true"
"LB-ALIAS-F8E3B9B49F0F","Byaqout","byaqout","en","LB-LOC-22359","[object Object]","true"
"LB-ALIAS-FE7974357B86","بياقوت","بياقوت","ar","LB-LOC-22359","[object Object]","true"
"LB-ALIAS-5D6B19C976D5","Chaouiyeh","chaouiyeh","en","LB-LOC-22559","[object Object]","true"
"LB-ALIAS-3198A231B1CD","شاوية","شاوية","ar","LB-LOC-22559","[object Object]","true"
"LB-ALIAS-CD865104A8D8","Chouaya El-Matn","chouaya el matn","en","LB-LOC-22764","[object Object]","true"
"LB-ALIAS-9C6D291AD5AF","شويا","شويا","ar","LB-LOC-22764","[object Object]","true"
"LB-ALIAS-33C67D24FAB3","Choueir","choueir","en","LB-LOC-22754","[object Object]","true"
"LB-ALIAS-B3170AFCD0A0","شوير","شوير","ar","LB-LOC-22754","[object Object]","true"
"LB-ALIAS-4C58E240C704","Chrine","chrine","en","LB-LOC-22591","[object Object]","true"
"LB-ALIAS-3F0145CAF235","شرين","شرين","ar","LB-LOC-22591","[object Object]","true"
"LB-ALIAS-AB3F61CB33E4","Dahr Es-Souane El-Matn","dahr es souane el matn","en","LB-LOC-22675","[object Object]","true"
"LB-ALIAS-8D6879146C19","ضهر الصوان المتن","ضهر الصوان المتن","ar","LB-LOC-22675","[object Object]","true"
"LB-ALIAS-72FC376035B5","Daychouniyeh","daychouniyeh","en","LB-LOC-22415","[object Object]","true"
"LB-ALIAS-A21F62198458","ديشونية","ديشونية","ar","LB-LOC-22415","[object Object]","true"
"LB-ALIAS-2ED395D1C3FF","Dbayeh","dbayeh","en","LB-LOC-22375","[object Object]","true"
"LB-ALIAS-0F349D3AE6C9","ضبية","ضبية","ar","LB-LOC-22375","[object Object]","true"
"LB-ALIAS-9AE002B45075","Deir Chamra","deir chamra","en","LB-LOC-22579","[object Object]","true"
"LB-ALIAS-3D9308400D93","دير شمرا","دير شمرا","ar","LB-LOC-22579","[object Object]","true"
"LB-ALIAS-91450B236B11","Deir Mar Aabda el Mchammar","deir mar aabda el mchammar","en","LB-LOC-22487","[object Object]","true"
"LB-ALIAS-C040C6C0B77F","دير مار عبدا المشمر","دير مار عبدا المشمر","ar","LB-LOC-22487","[object Object]","true"
"LB-ALIAS-B459938C3B03","Deir mar Roukoz","deir mar roukoz","en","LB-LOC-22245","[object Object]","true"
"LB-ALIAS-E5596AD0AEBA","مار روكز","مار روكز","ar","LB-LOC-22245","[object Object]","true"
"LB-ALIAS-26A59BE058D5","Deir Tamich","deir tamich","en","LB-LOC-22479","[object Object]","true"
"LB-ALIAS-2F1328EA96DE","دير طاميش","دير طاميش","ar","LB-LOC-22479","[object Object]","true"
"LB-ALIAS-083FB4B088A3","Dekouaneh","dekouaneh","en","LB-LOC-22262","[object Object]","true"
"LB-ALIAS-22BBC0DF84E8","دكوانة","دكوانة","ar","LB-LOC-22262","[object Object]","true"
"LB-ALIAS-49B38CB122DF","Dik El-Mehdi","dik el mehdi","en","LB-LOC-22463","[object Object]","true"
"LB-ALIAS-A66DB4A1ED73","ديك المحدي","ديك المحدي","ar","LB-LOC-22463","[object Object]","true"
"LB-ALIAS-3E2D2D8CA1D4","Douar El-Matn","douar el matn","en","LB-LOC-22761","[object Object]","true"
"LB-ALIAS-BFCF417B8D30","دوار","دوار","ar","LB-LOC-22761","[object Object]","true"
"LB-ALIAS-9A2C3DD009CC","Fanar","fanar","en","LB-LOC-22419","[object Object]","true"
"LB-ALIAS-5E7838E6EDCE","الفنار","الفنار","ar","LB-LOC-22419","[object Object]","true"
"LB-ALIAS-CB16CCB5B360","Fraikeh","fraikeh","en","LB-LOC-22571","[object Object]","true"
"LB-ALIAS-B74F5DA19445","فريكه","فريكه","ar","LB-LOC-22571","[object Object]","true"
"LB-ALIAS-9AF80AF8B168","Haret El-Ballane","haret el ballane","en","LB-LOC-22383","[object Object]","true"
"LB-ALIAS-C6CA175D5FE9","حارة البلان","حارة البلان","ar","LB-LOC-22383","[object Object]","true"
"LB-ALIAS-439019E3E4CA","Hbous","hbous","en","LB-LOC-22583","[object Object]","true"
"LB-ALIAS-3E0C06CE4B58","حبوس","حبوس","ar","LB-LOC-22583","[object Object]","true"
"LB-ALIAS-6544FD65AEE9","Himlaya","himlaya","en","LB-LOC-22547","[object Object]","true"
"LB-ALIAS-F60BDD6E35CF","حملايا","حملايا","ar","LB-LOC-22547","[object Object]","true"
"LB-ALIAS-D1CBA9A5F685","Jall Ed-Did","jall ed did","en","LB-LOC-22327","[object Object]","true"
"LB-ALIAS-9F00CF8840FD","جل الديب","جل الديب","ar","LB-LOC-22327","[object Object]","true"
"LB-ALIAS-B01ED33BCBAB","Jdaidet El-Matn","jdaidet el matn","en","LB-LOC-22211","[object Object]","true"
"LB-ALIAS-7E15008BF536","جديدة المتن","جديدة المتن","ar","LB-LOC-22211","[object Object]","true"
"LB-ALIAS-16F8F3E2F360","Jouar El-Matn","jouar el matn","en","LB-LOC-22587","[object Object]","true"
"LB-ALIAS-5A77979FE595","جوار المتن","جوار المتن","ar","LB-LOC-22587","[object Object]","true"
"LB-ALIAS-574901EF8A46","Jouret El-Ballout","jouret el ballout","en","LB-LOC-22619","[object Object]","true"
"LB-ALIAS-FB7A4256CB8C","جورة البلوط","جورة البلوط","ar","LB-LOC-22619","[object Object]","true"
"LB-ALIAS-EE88BAC2376D","Kfar Aaqab","kfar aaqab","en","LB-LOC-22781","[object Object]","true"
"LB-ALIAS-FD9402D2710B","كفرعقاب","كفرعقاب","ar","LB-LOC-22781","[object Object]","true"
"LB-ALIAS-D46235A887AC","Kfar Tay El-Matn","kfar tay el matn","en","LB-LOC-22799","[object Object]","true"
"LB-ALIAS-76E42742EE86","كفرتيه","كفرتيه","ar","LB-LOC-22799","[object Object]","true"
"LB-ALIAS-604269EA5BCD","Khillet El-Mtain","khillet el mtain","en","LB-LOC-22722","[object Object]","true"
"LB-ALIAS-61E9A5F2C56B","خلة المتين","خلة المتين","ar","LB-LOC-22722","[object Object]","true"
"LB-ALIAS-738A1D3EBDBC","Khinchara","khinchara","en","LB-LOC-22747","[object Object]","true"
"LB-ALIAS-FF5DCC1D9925","خنشارة","خنشارة","ar","LB-LOC-22747","[object Object]","true"
"LB-ALIAS-390D5EB06ABE","Machraah El-Matn","machraah el matn","en","LB-LOC-22787","[object Object]","true"
"LB-ALIAS-2F58A82BFD2F","مشرح","مشرح","ar","LB-LOC-22787","[object Object]","true"
"LB-ALIAS-14C5DE5F1E34","Majdel tarchich","majdel tarchich","en","LB-LOC-22774","[object Object]","true"
"LB-ALIAS-C72D9108CAE0","مجدل ترشيش","مجدل ترشيش","ar","LB-LOC-22774","[object Object]","true"
"LB-ALIAS-731463E1B822","Majzoub","majzoub","en","LB-LOC-22435","[object Object]","true"
"LB-ALIAS-F320DF633C5F","مجذوب","مجذوب","ar","LB-LOC-22435","[object Object]","true"
"LB-ALIAS-946967F1AF47","Mansouriyet El-Matn","mansouriyet el matn","en","LB-LOC-22411","[object Object]","true"
"LB-ALIAS-E5A60975D430","منصورية","منصورية","ar","LB-LOC-22411","[object Object]","true"
"LB-ALIAS-AD3AACD5798D","Mar Boutros Karm Et-Tine","mar boutros karm et tine","en","LB-LOC-22527","[object Object]","true"
"LB-ALIAS-689977335022","مار بطرس كرم التين","مار بطرس كرم التين","ar","LB-LOC-22527","[object Object]","true"
"LB-ALIAS-4D62722A1115","Mar Moussa Ed-Douar","mar moussa ed douar","en","LB-LOC-22784","[object Object]","true"
"LB-ALIAS-0EC705084E22","مار موسى الدوار","مار موسي الدوار","ar","LB-LOC-22784","[object Object]","true"
"LB-ALIAS-AEBE6B8BF2E3","Marjaba","marjaba","en","LB-LOC-22734","[object Object]","true"
"LB-ALIAS-0EF7EB8DA8B5","مرجبا","مرجبا","ar","LB-LOC-22734","[object Object]","true"
"LB-ALIAS-12BC5D0395B7","Masqa","masqa","en","LB-LOC-22627","[object Object]","true"
"LB-ALIAS-DF0F659B41E2","المسقى","المسقي","ar","LB-LOC-22627","[object Object]","true"
"LB-ALIAS-108EBF4CB619","Mayasseh","mayasseh","en","LB-LOC-22539","[object Object]","true"
"LB-ALIAS-DEF1C8B62B7B","مياسة","مياسة","ar","LB-LOC-22539","[object Object]","true"
"LB-ALIAS-390C4C2E45E6","Mazraat Deir Aaoukar","mazraat deir aaoukar","en","LB-LOC-22391","[object Object]","true"
"LB-ALIAS-64E372C139DA","مزرعة دير عوكر","مزرعة دير عوكر","ar","LB-LOC-22391","[object Object]","true"
"LB-ALIAS-92DDA9A58F4A","Mazraat El-Hdaira","mazraat el hdaira","en","LB-LOC-22367","[object Object]","true"
"LB-ALIAS-05F2478932C9","مزرعة الحضيرة","مزرعة الحضيرة","ar","LB-LOC-22367","[object Object]","true"
"LB-ALIAS-E0D99190C98D","Mazraat Yachouaa","mazraat yachouaa","en","LB-LOC-22475","[object Object]","true"
"LB-ALIAS-FF1506AA6F35","مزرعة يشوع","مزرعة يشوع","ar","LB-LOC-22475","[object Object]","true"
"LB-ALIAS-6908A3757874","Mchikha","mchikha","en","LB-LOC-22717","[object Object]","true"
"LB-ALIAS-D8494AAB076D","مشيخا","مشيخا","ar","LB-LOC-22717","[object Object]","true"
"LB-ALIAS-5C70FE06D1FC","Menqlet Mezher","menqlet mezher","en","LB-LOC-22319","[object Object]","true"
"LB-ALIAS-DA8BE42ACB4B","مزهر","مزهر","ar","LB-LOC-22319","[object Object]","true"
"LB-ALIAS-98689849E282","Mhaidset Matn","mhaidset matn","en","LB-LOC-22515","[object Object]","true"
"LB-ALIAS-5084A34DDED7","محيدثة المتن","محيدثة المتن","ar","LB-LOC-22515","[object Object]","true"
"LB-ALIAS-84F341C47880","Mkalles","mkalles","en","LB-LOC-22279","[object Object]","true"
"LB-ALIAS-E58018E6C7DF","مكلس","مكلس","ar","LB-LOC-22279","[object Object]","true"
"LB-ALIAS-F99E8A9D3D5C","Mrouj","mrouj","en","LB-LOC-22733","[object Object]","true"
"LB-ALIAS-3CDC28D34F50","المروج","المروج","ar","LB-LOC-22733","[object Object]","true"
"LB-ALIAS-80D3CC0D83FC","Mtain","mtain","en","LB-LOC-22711","[object Object]","true"
"LB-ALIAS-1D1FE344FD97","المتين","المتين","ar","LB-LOC-22711","[object Object]","true"
"LB-ALIAS-CC7EF242C72B","Mtayleb","mtayleb","en","LB-LOC-22447","[object Object]","true"
"LB-ALIAS-914C60490D8E","مطيلب","مطيلب","ar","LB-LOC-22447","[object Object]","true"
"LB-ALIAS-B9799E649352","Mzakkeh","mzakkeh","en","LB-LOC-22651","[object Object]","true"
"LB-ALIAS-D7889FB16504","مزكة","مزكة","ar","LB-LOC-22651","[object Object]","true"
"LB-ALIAS-CC23D873166B","Nabay","nabay","en","LB-LOC-22443","[object Object]","true"
"LB-ALIAS-1B1052D973E1","نابيه","نابيه","ar","LB-LOC-22443","[object Object]","true"
"LB-ALIAS-53845F80E785","Naqqach","naqqach","en","LB-LOC-22335","[object Object]","true"
"LB-ALIAS-7815A9298D75","نقاش","نقاش","ar","LB-LOC-22335","[object Object]","true"
"LB-ALIAS-645EF3C737D1","Ouadi Chahine","ouadi chahine","en","LB-LOC-22519","[object Object]","true"
"LB-ALIAS-CE5B86AB085B","وادي شاهين","وادي شاهين","ar","LB-LOC-22519","[object Object]","true"
"LB-ALIAS-D2661A9E0C0C","Ouadi El-Karm El-Matn","ouadi el karm el matn","en","LB-LOC-22791","[object Object]","true"
"LB-ALIAS-168A95553468","وادي الكرم المتن","وادي الكرم المتن","ar","LB-LOC-22791","[object Object]","true"
"LB-ALIAS-565FECB1FD42","Ouata El-Mrouj","ouata el mrouj","en","LB-LOC-22731","[object Object]","true"
"LB-ALIAS-3DDCC0F78F8B","وطى المروج","وطي المروج","ar","LB-LOC-22731","[object Object]","true"
"LB-ALIAS-D2367BC2C509","Qaaqour","qaaqour","en","LB-LOC-22744","[object Object]","true"
"LB-ALIAS-35ACB783C6FA","القعقور","القعقور","ar","LB-LOC-22744","[object Object]","true"
"LB-ALIAS-E98F57F76A42","Qannebet Salima","qannebet salima","en","LB-LOC-22683","[object Object]","true"
"LB-ALIAS-337EDD63BC86","قنابة صليما","قنابة صليما","ar","LB-LOC-22683","[object Object]","true"
"LB-ALIAS-F425945BE13F","Qennabet Broummana","qennabet broummana","en","LB-LOC-22643","[object Object]","true"
"LB-ALIAS-8ED6436A052E","قنابة برمانا","قنابة برمانا","ar","LB-LOC-22643","[object Object]","true"
"LB-ALIAS-C3B7D19AACE1","Qornet Chehouane","qornet chehouane","en","LB-LOC-22455","[object Object]","true"
"LB-ALIAS-6AE872480059","قرنة شهوان","قرنة شهوان","ar","LB-LOC-22455","[object Object]","true"
"LB-ALIAS-E84B6CEE3364","Qornet El-Hamra","qornet el hamra","en","LB-LOC-22595","[object Object]","true"
"LB-ALIAS-DC3A0F781D85","قرنة الحمرا","قرنة الحمرا","ar","LB-LOC-22595","[object Object]","true"
"LB-ALIAS-66C41FCD546B","Roumieh","roumieh","en","LB-LOC-22427","[object Object]","true"
"LB-ALIAS-8F48B64BA7BF","روميه المتن","روميه المتن","ar","LB-LOC-22427","[object Object]","true"
"LB-ALIAS-B6AF9FC50DBE","Sfeilet Bikfaya","sfeilet bikfaya","en","LB-LOC-22567","[object Object]","true"
"LB-ALIAS-5157385016A5","سفيلة بكفيا","سفيلة بكفيا","ar","LB-LOC-22567","[object Object]","true"
"LB-ALIAS-F5956F52F689","Sinn El-Fil","sinn el fil","en","LB-LOC-22155","[object Object]","true"
"LB-ALIAS-9A451AD47781","سن الفيل","سن الفيل","ar","LB-LOC-22155","[object Object]","true"
"LB-ALIAS-DEEC311A436F","Zabbougha","zabbougha","en","LB-LOC-22794","[object Object]","true"
"LB-ALIAS-ECC18C061CC1","زبوغا","زبوغا","ar","LB-LOC-22794","[object Object]","true"
"LB-ALIAS-95A3DE33999E","Zakrit","zakrit","en","LB-LOC-22483","[object Object]","true"
"LB-ALIAS-878334523D16","زكريت","زكريت","ar","LB-LOC-22483","[object Object]","true"
"LB-ALIAS-AAB26DE86D91","Zalqa","zalqa","en","LB-LOC-22351","[object Object]","true"
"LB-ALIAS-3A4C70887BD3","الزلقا","الزلقا","ar","LB-LOC-22351","[object Object]","true"
"LB-ALIAS-90CE99CD93E7","Zaraaoun","zaraaoun","en","LB-LOC-22741","[object Object]","true"
"LB-ALIAS-0DEA3DB025C1","زرعون","زرعون","ar","LB-LOC-22741","[object Object]","true"
"LB-ALIAS-817AF48EA98E","Zighrine El-Matn","zighrine el matn","en","LB-LOC-22771","[object Object]","true"
"LB-ALIAS-96B2ED3948E0","زغرين المتن","زغرين المتن","ar","LB-LOC-22771","[object Object]","true"
"LB-ALIAS-99F37AF0584C","Zouk El-Kharab","zouk el kharab","en","LB-LOC-22467","[object Object]","true"
"LB-ALIAS-CFA03E1214F6","ذوق الخراب","ذوق الخراب","ar","LB-LOC-22467","[object Object]","true"
"LB-ALIAS-A0F7865061BE","Aabaydat","aabaydat","en","LB-LOC-26256","[object Object]","true"
"LB-ALIAS-0F80CB6C9C09","عبيدات","عبيدات","ar","LB-LOC-26256","[object Object]","true"
"LB-ALIAS-D4499456ED50","Aain Ed-Delbeh Jbayl","aain ed delbeh jbayl","en","LB-LOC-26221","[object Object]","true"
"LB-ALIAS-E7ADDE4ECC60","عين الدلبة جبيل","عين الدلبة جبيل","ar","LB-LOC-26221","[object Object]","true"
"LB-ALIAS-0806B559B97F","Aain El-Ghouaybeh","aain el ghouaybeh","en","LB-LOC-26317","[object Object]","true"
"LB-ALIAS-61D620226FF9","عين الغويبة","عين الغويبة","ar","LB-LOC-26317","[object Object]","true"
"LB-ALIAS-EE0E0555A3B9","Aain Jrain","aain jrain","en","LB-LOC-26227","[object Object]","true"
"LB-ALIAS-55F370EDD438","عين جرين","عين جرين","ar","LB-LOC-26227","[object Object]","true"
"LB-ALIAS-098BBC202E7A","Aain Kfaa","aain kfaa","en","LB-LOC-26289","[object Object]","true"
"LB-ALIAS-7CFCA57163B6","عين كفاع","عين كفاع","ar","LB-LOC-26289","[object Object]","true"
"LB-ALIAS-2A485C10311E","Aalita","aalita","en","LB-LOC-26219","[object Object]","true"
"LB-ALIAS-F3B8B6CA2094","عاليتا","عاليتا","ar","LB-LOC-26219","[object Object]","true"
"LB-ALIAS-FDF84D3953D9","Aalmat Ech-Chamliyeh","aalmat ech chamliyeh","en","LB-LOC-26212","[object Object]","true"
"LB-ALIAS-3031D4DFC859","علمات الشمالية","علمات الشمالية","ar","LB-LOC-26212","[object Object]","true"
"LB-ALIAS-F8B08D7EC7BA","Aalmat Ej-Jnoubiyeh","aalmat ej jnoubiyeh","en","LB-LOC-26214","[object Object]","true"
"LB-ALIAS-BD7340DD75A5","حصنا","حصنا","ar","LB-LOC-26214","[object Object]","true"
"LB-ALIAS-CD362091557C","Aamchit","aamchit","en","LB-LOC-26141","[object Object]","true"
"LB-ALIAS-D329FD5C98AC","عمشيت","عمشيت","ar","LB-LOC-26141","[object Object]","true"
"LB-ALIAS-0FBA855C7F55","Aaqoura","aaqoura","en","LB-LOC-26371","[object Object]","true"
"LB-ALIAS-1F684F999318","عاقورة","عاقورة","ar","LB-LOC-26371","[object Object]","true"
"LB-ALIAS-866D0273BC4C","Aarab El-Lahib","aarab el lahib","en","LB-LOC-26374","[object Object]","true"
"LB-ALIAS-749293641DDC","عرب اللهيب","عرب اللهيب","ar","LB-LOC-26374","[object Object]","true"
"LB-ALIAS-5800521C784E","Aarasta","aarasta","en","LB-LOC-26392","[object Object]","true"
"LB-ALIAS-65CEE6C515E0","عرستا","عرستا","ar","LB-LOC-26392","[object Object]","true"
"LB-ALIAS-1807AF9F93DC","Adonis Jbayl","adonis jbayl","en","LB-LOC-26239","[object Object]","true"
"LB-ALIAS-782ADCFAACD1","ادونيس","ادونيس","ar","LB-LOC-26239","[object Object]","true"
"LB-ALIAS-00723372367C","Afqa Jbayl","afqa jbayl","en","LB-LOC-26364","[object Object]","true"
"LB-ALIAS-34FBACAE34DF","افقا","افقا","ar","LB-LOC-26364","[object Object]","true"
"LB-ALIAS-CA6F9FA2F445","Bayzoun","bayzoun","en","LB-LOC-26299","[object Object]","true"
"LB-ALIAS-D64595E21174","بزيون","بزيون","ar","LB-LOC-26299","[object Object]","true"
"LB-ALIAS-5EE0A1045A84","Bchille Jbayl","bchille jbayl","en","LB-LOC-26244","[object Object]","true"
"LB-ALIAS-AA3793028ED2","بشلّلي","بشللي","ar","LB-LOC-26244","[object Object]","true"
"LB-ALIAS-020F7CB8CF43","Behdaydat","behdaydat","en","LB-LOC-26259","[object Object]","true"
"LB-ALIAS-3C0DD32D060F","بحديدات","بحديدات","ar","LB-LOC-26259","[object Object]","true"
"LB-ALIAS-048BCE8D343A","Beit Habbaq","beit habbaq","en","LB-LOC-26271","[object Object]","true"
"LB-ALIAS-DE36963FFCE6","بيت حبّاق","بيت حباق","ar","LB-LOC-26271","[object Object]","true"
"LB-ALIAS-AEBD2137ACD0","Bejjeh","bejjeh","en","LB-LOC-26276","[object Object]","true"
"LB-ALIAS-FF9D501100B5","بجه","بجه","ar","LB-LOC-26276","[object Object]","true"
"LB-ALIAS-B6A95DA9A965","Bekhaaz","bekhaaz","en","LB-LOC-26297","[object Object]","true"
"LB-ALIAS-FF8979A3BBA6","بخعاز","بخعاز","ar","LB-LOC-26297","[object Object]","true"
"LB-ALIAS-BF8D359486D5","Berbara Jbayl","berbara jbayl","en","LB-LOC-26183","[object Object]","true"
"LB-ALIAS-017FBF4F0D0C","بربارة","بربارة","ar","LB-LOC-26183","[object Object]","true"
"LB-ALIAS-4F82017D2E4B","Bichtlida","bichtlida","en","LB-LOC-26243","[object Object]","true"
"LB-ALIAS-DFEDA0403EC9","بشتليدا","بشتليدا","ar","LB-LOC-26243","[object Object]","true"
"LB-ALIAS-EAB6ACDE97A6","Bintaael","bintaael","en","LB-LOC-26269","[object Object]","true"
"LB-ALIAS-3FA365965404","بنتاعل","بنتاعل","ar","LB-LOC-26269","[object Object]","true"
"LB-ALIAS-35AC7F9D2C3D","Birket Hjoula","birket hjoula","en","LB-LOC-26237","[object Object]","true"
"LB-ALIAS-D1EBF0F803BF","بركة حجولا","بركة حجولا","ar","LB-LOC-26237","[object Object]","true"
"LB-ALIAS-3696F41A7228","Blat Jbeil","blat jbeil","en","LB-LOC-26129","[object Object]","true"
"LB-ALIAS-BCC75B3802EE","بلاط","بلاط","ar","LB-LOC-26129","[object Object]","true"
"LB-ALIAS-67BEEFE70D4C","Bmehrayn","bmehrayn","en","LB-LOC-26283","[object Object]","true"
"LB-ALIAS-729C528D75D3","بمهرين","بمهرين","ar","LB-LOC-26283","[object Object]","true"
"LB-ALIAS-4BFB7A786110","Boulhos","boulhos","en","LB-LOC-26354","[object Object]","true"
"LB-ALIAS-A42648464FDD","بلحص","بلحص","ar","LB-LOC-26354","[object Object]","true"
"LB-ALIAS-BFC35026A74E","Brayj Jbayl","brayj jbayl","en","LB-LOC-26253","[object Object]","true"
"LB-ALIAS-71EF1A165D1E","بريج","بريج","ar","LB-LOC-26253","[object Object]","true"
"LB-ALIAS-61D4D7EB5171","Chamate","chamate","en","LB-LOC-26279","[object Object]","true"
"LB-ALIAS-F0E936E62966","شامات","شامات","ar","LB-LOC-26279","[object Object]","true"
"LB-ALIAS-D6E6147A33F9","Chikhane","chikhane","en","LB-LOC-26295","[object Object]","true"
"LB-ALIAS-8FDB1AEB6F20","شيخان","شيخان","ar","LB-LOC-26295","[object Object]","true"
"LB-ALIAS-C8A385E771FA","Chmout","chmout","en","LB-LOC-26296","[object Object]","true"
"LB-ALIAS-98E3C21A529C","شموت","شموت","ar","LB-LOC-26296","[object Object]","true"
"LB-ALIAS-2CEB584C7EB8","Eddeh Jbayl","eddeh jbayl","en","LB-LOC-26135","[object Object]","true"
"LB-ALIAS-8E23AF2713B2","إده","اده","ar","LB-LOC-26135","[object Object]","true"
"LB-ALIAS-23535ADBCFFA","Ehmej","ehmej","en","LB-LOC-26211","[object Object]","true"
"LB-ALIAS-276694357783","اهمج","اهمج","ar","LB-LOC-26211","[object Object]","true"
"LB-ALIAS-E5A6077BE088","Fatre","fatre","en","LB-LOC-26266","[object Object]","true"
"LB-ALIAS-6CED3B9D14BD","فتري","فتري","ar","LB-LOC-26266","[object Object]","true"
"LB-ALIAS-09A7D378E616","Ferhet","ferhet","en","LB-LOC-26217","[object Object]","true"
"LB-ALIAS-9B3DD4DDA622","فرحت","فرحت","ar","LB-LOC-26217","[object Object]","true"
"LB-ALIAS-67254A79C98D","Fghal","fghal","en","LB-LOC-26298","[object Object]","true"
"LB-ALIAS-35DB3232ED7D","فغال","فغال","ar","LB-LOC-26298","[object Object]","true"
"LB-ALIAS-F26649E51F2B","Frat","frat","en","LB-LOC-26223","[object Object]","true"
"LB-ALIAS-1C12F83B8935","فرات","فرات","ar","LB-LOC-26223","[object Object]","true"
"LB-ALIAS-838961DF79FE","Ghabat","ghabat","en","LB-LOC-26337","[object Object]","true"
"LB-ALIAS-F5C3CD3F3A57","غابات","غابات","ar","LB-LOC-26337","[object Object]","true"
"LB-ALIAS-493C9B883497","Ghalboun","ghalboun","en","LB-LOC-26277","[object Object]","true"
"LB-ALIAS-FE9D4A1D826E","غلبون","غلبون","ar","LB-LOC-26277","[object Object]","true"
"LB-ALIAS-6ACA127EE578","Gharzouz","gharzouz","en","LB-LOC-26294","[object Object]","true"
"LB-ALIAS-F4842C533354","غرزوز","غرزوز","ar","LB-LOC-26294","[object Object]","true"
"LB-ALIAS-348A15E9E260","Ghofrine","ghofrine","en","LB-LOC-26291","[object Object]","true"
"LB-ALIAS-34F46B1A8733","غرفين","غرفين","ar","LB-LOC-26291","[object Object]","true"
"LB-ALIAS-F05D0A1197EC","Habil","habil","en","LB-LOC-26234","[object Object]","true"
"LB-ALIAS-5B97694C0263","هابيل","هابيل","ar","LB-LOC-26234","[object Object]","true"
"LB-ALIAS-8F3F0F8ECBF2","Halate","halate","en","LB-LOC-26147","[object Object]","true"
"LB-ALIAS-891EB2379CA2","حالات","حالات","ar","LB-LOC-26147","[object Object]","true"
"LB-ALIAS-6DA4A6216A9B","Haqel","haqel","en","LB-LOC-26247","[object Object]","true"
"LB-ALIAS-B8D288FD9125","حقل","حقل","ar","LB-LOC-26247","[object Object]","true"
"LB-ALIAS-91A17F948447","Hasrayel","hasrayel","en","LB-LOC-26153","[object Object]","true"
"LB-ALIAS-496E82E83E00","حصرايل","حصرايل","ar","LB-LOC-26153","[object Object]","true"
"LB-ALIAS-B8D19DE47904","Hbaline","hbaline","en","LB-LOC-26281","[object Object]","true"
"LB-ALIAS-99E13DA74AE8","حبالين","حبالين","ar","LB-LOC-26281","[object Object]","true"
"LB-ALIAS-2E930B5F9443","Hboub","hboub","en","LB-LOC-26284","[object Object]","true"
"LB-ALIAS-FA1F5E91691E","حبوب","حبوب","ar","LB-LOC-26284","[object Object]","true"
"LB-ALIAS-89DF15F46DB7","Hdeine","hdeine","en","LB-LOC-26324","[object Object]","true"
"LB-ALIAS-F6039B9B0AF0","هدينة","هدينة","ar","LB-LOC-26324","[object Object]","true"
"LB-ALIAS-2EDBB7B6392D","Hema Er-Rehban","hema er rehban","en","LB-LOC-26390","[object Object]","true"
"LB-ALIAS-87D5FA5FC57C","حمى الرهبان","حمي الرهبان","ar","LB-LOC-26390","[object Object]","true"
"LB-ALIAS-D982591C058F","Hema Mar Maroun Aannaya","hema mar maroun aannaya","en","LB-LOC-26388","[object Object]","true"
"LB-ALIAS-423E1E4D3A2F","حمى مار مارون عنَايا","حمي مار مارون عنايا","ar","LB-LOC-26388","[object Object]","true"
"LB-ALIAS-D5BE08823F19","Hjoula","hjoula","en","LB-LOC-26226","[object Object]","true"
"LB-ALIAS-562D4B4C99EE","حجولا","حجولا","ar","LB-LOC-26226","[object Object]","true"
"LB-ALIAS-7F2B68720E0F","Hsarat","hsarat","en","LB-LOC-26286","[object Object]","true"
"LB-ALIAS-FC3C18FC5FCA","حصارات","حصارات","ar","LB-LOC-26286","[object Object]","true"
"LB-ALIAS-E6EAFFDE3327","Hsoun","hsoun","en","LB-LOC-26229","[object Object]","true"
"LB-ALIAS-1D4FC61360F6","حصون","حصون","ar","LB-LOC-26229","[object Object]","true"
"LB-ALIAS-B15CBDB7DFA1","Jaj","jaj","en","LB-LOC-26381","[object Object]","true"
"LB-ALIAS-01ED3E1ED123","جاج","جاج","ar","LB-LOC-26381","[object Object]","true"
"LB-ALIAS-C0D6669F0186","Janneh","janneh","en","LB-LOC-26327","[object Object]","true"
"LB-ALIAS-E0A6CE50D5AB","جنة","جنة","ar","LB-LOC-26327","[object Object]","true"
"LB-ALIAS-078C9991DFE9","Jbayl","jbayl","en","LB-LOC-26111","[object Object]","true"
"LB-ALIAS-AD42BC794D96","جبيل","جبيل","ar","LB-LOC-26111","[object Object]","true"
"LB-ALIAS-7B9BD2D5F29B","Jeoddayel Jbayl","jeoddayel jbayl","en","LB-LOC-26165","[object Object]","true"
"LB-ALIAS-405501269778","جدايل","جدايل","ar","LB-LOC-26165","[object Object]","true"
"LB-ALIAS-91550B547F01","Jlisseh","jlisseh","en","LB-LOC-26274","[object Object]","true"
"LB-ALIAS-F6F376696F27","جليسه","جليسه","ar","LB-LOC-26274","[object Object]","true"
"LB-ALIAS-59934AFED75E","Jouret El-Qattine","jouret el qattine","en","LB-LOC-26236","[object Object]","true"
"LB-ALIAS-42A913ABCCA1","جورة القطين","جورة القطين","ar","LB-LOC-26236","[object Object]","true"
"LB-ALIAS-BBDAF8206AD5","Kafr","kafr","en","LB-LOC-26273","[object Object]","true"
"LB-ALIAS-D10DA899CB59","كفر الفتوح","كفر الفتوح","ar","LB-LOC-26273","[object Object]","true"
"LB-ALIAS-B9E1840D1CC1","Kfar Baal","kfar baal","en","LB-LOC-26224","[object Object]","true"
"LB-ALIAS-70A35E6513BE","كفر بعال","كفر بعال","ar","LB-LOC-26224","[object Object]","true"
"LB-ALIAS-1216BEDA7473","Kfar Kiddeh","kfar kiddeh","en","LB-LOC-26189","[object Object]","true"
"LB-ALIAS-5C37615DA5A9","كفر كده","كفر كده","ar","LB-LOC-26189","[object Object]","true"
"LB-ALIAS-56B8A864F57F","Kfar Mashoun","kfar mashoun","en","LB-LOC-26287","[object Object]","true"
"LB-ALIAS-9644EA3937A6","كفر مسحون","كفر مسحون","ar","LB-LOC-26287","[object Object]","true"
"LB-ALIAS-3B4B7A19C43C","Kfar Qouas","kfar qouas","en","LB-LOC-26264","[object Object]","true"
"LB-ALIAS-C6A70ABD892E","كفر قواص","كفر قواص","ar","LB-LOC-26264","[object Object]","true"
"LB-ALIAS-8F9FD322DD4C","Kfoun","kfoun","en","LB-LOC-26267","[object Object]","true"
"LB-ALIAS-13DF5DEDCD6D","كفون","كفون","ar","LB-LOC-26267","[object Object]","true"
"LB-ALIAS-D76A5C759C89","Kharbet Jbayl","kharbet jbayl","en","LB-LOC-26249","[object Object]","true"
"LB-ALIAS-9D2077E41884","خاربة جبيل","خاربة جبيل","ar","LB-LOC-26249","[object Object]","true"
"LB-ALIAS-EFC70C569074","Laqlouq","laqlouq","en","LB-LOC-26361","[object Object]","true"
"LB-ALIAS-C36F377B2972","اللقلوق","اللقلوق","ar","LB-LOC-26361","[object Object]","true"
"LB-ALIAS-A4F1225AD9CB","Lassa","lassa","en","LB-LOC-26331","[object Object]","true"
"LB-ALIAS-B315DE65D67F","لاسا","لاسا","ar","LB-LOC-26331","[object Object]","true"
"LB-ALIAS-09008BEA2AC1","Lehfed","lehfed","en","LB-LOC-26233","[object Object]","true"
"LB-ALIAS-1B267E8E6FE1","لحفد","لحفد","ar","LB-LOC-26233","[object Object]","true"
"LB-ALIAS-30FE1D4EE28A","Maad","maad","en","LB-LOC-26293","[object Object]","true"
"LB-ALIAS-02E413B15DFE","معاد","معاد","ar","LB-LOC-26293","[object Object]","true"
"LB-ALIAS-A7E10FC9431F","Majdel El-Aqoura","majdel el aqoura","en","LB-LOC-26357","[object Object]","true"
"LB-ALIAS-0A99C14DC4C0","المجدل","المجدل","ar","LB-LOC-26357","[object Object]","true"
"LB-ALIAS-8B8FF38732C0","Mar Sarkis","mar sarkis","en","LB-LOC-26314","[object Object]","true"
"LB-ALIAS-63791D7F7B95","دير مار سركيس","دير مار سركيس","ar","LB-LOC-26314","[object Object]","true"
"LB-ALIAS-C6AC28DE100A","Mastita","mastita","en","LB-LOC-26117","[object Object]","true"
"LB-ALIAS-7DA1F347ADF1","مستيتا","مستيتا","ar","LB-LOC-26117","[object Object]","true"
"LB-ALIAS-BADED97787F4","Mayfouq","mayfouq","en","LB-LOC-26257","[object Object]","true"
"LB-ALIAS-C3F4D3CC06AD","ميفوق","ميفوق","ar","LB-LOC-26257","[object Object]","true"
"LB-ALIAS-CB0BA3C47F91","Mazraat El-Maaden","mazraat el maaden","en","LB-LOC-26213","[object Object]","true"
"LB-ALIAS-29CD27845734","مزرعة المعادن","مزرعة المعادن","ar","LB-LOC-26213","[object Object]","true"
"LB-ALIAS-844C3C6C13FC","Mazraat Es Siyad","mazraat es siyad","en","LB-LOC-26321","[object Object]","true"
"LB-ALIAS-237D12089BE4","مزرعة السياد","مزرعة السياد","ar","LB-LOC-26321","[object Object]","true"
"LB-ALIAS-1E7ADE978C23","Mchaneh","mchaneh","en","LB-LOC-26231","[object Object]","true"
"LB-ALIAS-1DA612F236A4","مشان","مشان","ar","LB-LOC-26231","[object Object]","true"
"LB-ALIAS-D7642F0BD4E8","Mghayreh Jbeil","mghayreh jbeil","en","LB-LOC-26341","[object Object]","true"
"LB-ALIAS-EDADC6121410","مغيره","مغيره","ar","LB-LOC-26341","[object Object]","true"
"LB-ALIAS-E27E51B76ADF","Michmich Jbayl","michmich jbayl","en","LB-LOC-26218","[object Object]","true"
"LB-ALIAS-F989A8FC2D68","مشمش جبيل","مشمش جبيل","ar","LB-LOC-26218","[object Object]","true"
"LB-ALIAS-774FA20DDDF7","Mounsef","mounsef","en","LB-LOC-26177","[object Object]","true"
"LB-ALIAS-437613B301DE","المنصف","المنصف","ar","LB-LOC-26177","[object Object]","true"
"LB-ALIAS-ACED78DC3102","Nahr Ibrahim","nahr ibrahim","en","LB-LOC-26171","[object Object]","true"
"LB-ALIAS-4E164A67DB2B","نهر ابراهيم","نهر ابراهيم","ar","LB-LOC-26171","[object Object]","true"
"LB-ALIAS-EBE7DF680DD8","Qahmez","qahmez","en","LB-LOC-26367","[object Object]","true"
"LB-ALIAS-942EAB7291EF","قهمز","قهمز","ar","LB-LOC-26367","[object Object]","true"
"LB-ALIAS-5AE591618A81","Qartaba","qartaba","en","LB-LOC-26311","[object Object]","true"
"LB-ALIAS-3D7AE0995F37","قرطبا","قرطبا","ar","LB-LOC-26311","[object Object]","true"
"LB-ALIAS-829612BDDDDA","Qartaboun","qartaboun","en","LB-LOC-26123","[object Object]","true"
"LB-ALIAS-3E8DB20E5925","قرطبون","قرطبون","ar","LB-LOC-26123","[object Object]","true"
"LB-ALIAS-D0422FA5258A","Qorqraiya","qorqraiya","en","LB-LOC-26351","[object Object]","true"
"LB-ALIAS-3C24D3263EE0","قرقريا","قرقريا","ar","LB-LOC-26351","[object Object]","true"
"LB-ALIAS-DE634E0CDF15","Qottara Jbayl","qottara jbayl","en","LB-LOC-26251","[object Object]","true"
"LB-ALIAS-7BD7F1155BF9","قطارة","قطارة","ar","LB-LOC-26251","[object Object]","true"
"LB-ALIAS-49668E6D8EAA","Ramout","ramout","en","LB-LOC-26261","[object Object]","true"
"LB-ALIAS-EC8B18A21121","الراموط","الراموط","ar","LB-LOC-26261","[object Object]","true"
"LB-ALIAS-1DF708B71D7E","Ras Osta","ras osta","en","LB-LOC-26241","[object Object]","true"
"LB-ALIAS-5C7930A90720","راس اسطا","راس اسطا","ar","LB-LOC-26241","[object Object]","true"
"LB-ALIAS-4D045FF1EA15","Rihanet Jbayl","rihanet jbayl","en","LB-LOC-26159","[object Object]","true"
"LB-ALIAS-70F90FBD7264","ريحانة","ريحانة","ar","LB-LOC-26159","[object Object]","true"
"LB-ALIAS-2DBDA4F4EC43","Saqi Richmaya","saqi richmaya","en","LB-LOC-26377","[object Object]","true"
"LB-ALIAS-5E2F3B9180D1","سقي رشميا","سقي رشميا","ar","LB-LOC-26377","[object Object]","true"
"LB-ALIAS-509DD0F6D928","Saqiet El-Khayt","saqiet el khayt","en","LB-LOC-26263","[object Object]","true"
"LB-ALIAS-3DDFDEBDD806","ساقية الخيط","ساقية الخيط","ar","LB-LOC-26263","[object Object]","true"
"LB-ALIAS-702D0E4EC2F2","Sebrine","sebrine","en","LB-LOC-26254","[object Object]","true"
"LB-ALIAS-AD8E97B4C87C","سربين","سربين","ar","LB-LOC-26254","[object Object]","true"
"LB-ALIAS-AE51D735A3D8","Seraaiita","seraaiita","en","LB-LOC-26334","[object Object]","true"
"LB-ALIAS-5CADE063C5A4","سرعيتا","سرعيتا","ar","LB-LOC-26334","[object Object]","true"
"LB-ALIAS-B297B35427CF","Souanet Jbayl","souanet jbayl","en","LB-LOC-26220","[object Object]","true"
"LB-ALIAS-DC4B5283800F","صوانة","صوانة","ar","LB-LOC-26220","[object Object]","true"
"LB-ALIAS-48B90A964FEC","Tadmor","tadmor","en","LB-LOC-26344","[object Object]","true"
"LB-ALIAS-544FE5215BE8","تدمر","تدمر","ar","LB-LOC-26344","[object Object]","true"
"LB-ALIAS-B91088AED90D","Tartij","tartij","en","LB-LOC-26384","[object Object]","true"
"LB-ALIAS-7CA438E7B805","ترتج","ترتج","ar","LB-LOC-26384","[object Object]","true"
"LB-ALIAS-6473C1C86055","Tourzaiya","tourzaiya","en","LB-LOC-26215","[object Object]","true"
"LB-ALIAS-C793E6F07D5A","طورزيا","طورزيا","ar","LB-LOC-26215","[object Object]","true"
"LB-ALIAS-8E9D09DEAA40","Yanouh Jbayl","yanouh jbayl","en","LB-LOC-26347","[object Object]","true"
"LB-ALIAS-4425FD1CDFEF","يانوح","يانوح","ar","LB-LOC-26347","[object Object]","true"
"LB-ALIAS-6AA3A61CF187","Zibdine Jbayl","zibdine jbayl","en","LB-LOC-26246","[object Object]","true"
"LB-ALIAS-69B92B536EBF","زبدين","زبدين","ar","LB-LOC-26246","[object Object]","true"
"LB-ALIAS-BE2A3CA13B40","Aachqout","aachqout","en","LB-LOC-25423","[object Object]","true"
"LB-ALIAS-C65E164B8472","عشقوت","عشقوت","ar","LB-LOC-25423","[object Object]","true"
"LB-ALIAS-546C5B5E3F45","Aain Ed-Delbeh Kesrouane","aain ed delbeh kesrouane","en","LB-LOC-25463","[object Object]","true"
"LB-ALIAS-947711AAAF77","عين الدلبة","عين الدلبة","ar","LB-LOC-25463","[object Object]","true"
"LB-ALIAS-520253CB8AC5","Aain Er-Rihane","aain er rihane","en","LB-LOC-25251","[object Object]","true"
"LB-ALIAS-B084F1B3D8C4","عين الريحان","عين الريحان","ar","LB-LOC-25251","[object Object]","true"
"LB-ALIAS-BEAEF9C4065E","Aajaltoun","aajaltoun","en","LB-LOC-25211","[object Object]","true"
"LB-ALIAS-0F1DDDB8D6A6","عجلتون","عجلتون","ar","LB-LOC-25211","[object Object]","true"
"LB-ALIAS-C9C1CE8E1563","Aaqaibeh Kesrouane","aaqaibeh kesrouane","en","LB-LOC-25171","[object Object]","true"
"LB-ALIAS-EBE5310CD369","عقيبة","عقيبة","ar","LB-LOC-25171","[object Object]","true"
"LB-ALIAS-5C8CB426C238","Aaramoun Kesrouane","aaramoun kesrouane","en","LB-LOC-25327","[object Object]","true"
"LB-ALIAS-7EAC6821AE14","عرمون كسروان","عرمون كسروان","ar","LB-LOC-25327","[object Object]","true"
"LB-ALIAS-D78F9C570142","Aazra ouel Aazr","aazra ouel aazr","en","LB-LOC-25361","[object Object]","true"
"LB-ALIAS-0ADD8B61BFAB","عذره والعذر","عذره والعذر","ar","LB-LOC-25361","[object Object]","true"
"LB-ALIAS-9E5AE933AB59","Adma Oua Dafine","adma oua dafine","en","LB-LOC-25156","[object Object]","true"
"LB-ALIAS-0DD5C07AA3F9","أدما والدفنه","ادما والدفنه","ar","LB-LOC-25156","[object Object]","true"
"LB-ALIAS-BFDA28442A87","Aintoura Kesrouane","aintoura kesrouane","en","LB-LOC-25271","[object Object]","true"
"LB-ALIAS-1CFDC648B6C4","عينطورة","عينطورة","ar","LB-LOC-25271","[object Object]","true"
"LB-ALIAS-57E7A6D04068","Balloune","balloune","en","LB-LOC-25221","[object Object]","true"
"LB-ALIAS-2573134B9467","بلونة","بلونة","ar","LB-LOC-25221","[object Object]","true"
"LB-ALIAS-C35B4B7DC72D","Batha","batha","en","LB-LOC-25325","[object Object]","true"
"LB-ALIAS-C1CD6F163442","بطحا","بطحا","ar","LB-LOC-25325","[object Object]","true"
"LB-ALIAS-B2170A1F25B3","Beqaata Aachqout","beqaata aachqout","en","LB-LOC-25431","[object Object]","true"
"LB-ALIAS-6515A67933ED","بقعاتة عشقوت","بقعاتة عشقوت","ar","LB-LOC-25431","[object Object]","true"
"LB-ALIAS-5E676B2B1312","Beqaata Kanaan","beqaata kanaan","en","LB-LOC-25443","[object Object]","true"
"LB-ALIAS-B1C9488BB7F8","بقعاتة كنعان","بقعاتة كنعان","ar","LB-LOC-25443","[object Object]","true"
"LB-ALIAS-7BE1B2F9195A","Bizhel","bizhel","en","LB-LOC-25369","[object Object]","true"
"LB-ALIAS-507E9F4CC42A","بزحل","بزحل","ar","LB-LOC-25369","[object Object]","true"
"LB-ALIAS-94CD7EBC7819","Bouar","bouar","en","LB-LOC-25166","[object Object]","true"
"LB-ALIAS-347E07E36D2A","بوار","بوار","ar","LB-LOC-25166","[object Object]","true"
"LB-ALIAS-FE6A92A71AEB","Bourj El-Ftouh","bourj el ftouh","en","LB-LOC-25313","[object Object]","true"
"LB-ALIAS-4205D6838E77","فتقا","فتقا","ar","LB-LOC-25313","[object Object]","true"
"LB-ALIAS-7B3FFCF9EFD0","Bqaatouta","bqaatouta","en","LB-LOC-25451","[object Object]","true"
"LB-ALIAS-E1702A29337C","بقعتوتا","بقعتوتا","ar","LB-LOC-25451","[object Object]","true"
"LB-ALIAS-2B817E065B9D","Bqaq Ed-Dine","bqaq ed dine","en","LB-LOC-25176","[object Object]","true"
"LB-ALIAS-A584059788FE","بقاق الدين","بقاق الدين","ar","LB-LOC-25176","[object Object]","true"
"LB-ALIAS-595DFF2AB2A5","Bzoummar","bzoummar","en","LB-LOC-25337","[object Object]","true"
"LB-ALIAS-33EB77C5E363","بزمار","بزمار","ar","LB-LOC-25337","[object Object]","true"
"LB-ALIAS-2C94B4854C3A","Chahtoul","chahtoul","en","LB-LOC-25351","[object Object]","true"
"LB-ALIAS-7B519C3AD677","شحتول","شحتول","ar","LB-LOC-25351","[object Object]","true"
"LB-ALIAS-2C2539D21329","Chnanaair","chnanaair","en","LB-LOC-25315","[object Object]","true"
"LB-ALIAS-0D522C88D8C4","شننعير","شننعير","ar","LB-LOC-25315","[object Object]","true"
"LB-ALIAS-13E858F54985","Chouane","chouane","en","LB-LOC-25479","[object Object]","true"
"LB-ALIAS-F65FC499AE4F","شوان","شوان","ar","LB-LOC-25479","[object Object]","true"
"LB-ALIAS-D9C2D348CE85","Daraaoun","daraaoun","en","LB-LOC-25347","[object Object]","true"
"LB-ALIAS-EDCF226149CF","درعون","درعون","ar","LB-LOC-25347","[object Object]","true"
"LB-ALIAS-3E53959EAF57","Daraiya Kesrouane","daraiya kesrouane","en","LB-LOC-25241","[object Object]","true"
"LB-ALIAS-9309D38E5242","داريا كسروان","داريا كسروان","ar","LB-LOC-25241","[object Object]","true"
"LB-ALIAS-4A101A2792F7","Deir Baqlouch","deir baqlouch","en","LB-LOC-25335","[object Object]","true"
"LB-ALIAS-23A3A617E16B","دير بقلوش","دير بقلوش","ar","LB-LOC-25335","[object Object]","true"
"LB-ALIAS-277F1B9472C6","Dlebta","dlebta","en","LB-LOC-25323","[object Object]","true"
"LB-ALIAS-10866808345B","دلبتا","دلبتا","ar","LB-LOC-25323","[object Object]","true"
"LB-ALIAS-B778ACBE5970","Faraya","faraya","en","LB-LOC-25475","[object Object]","true"
"LB-ALIAS-8A326007D27D","فاريا","فاريا","ar","LB-LOC-25475","[object Object]","true"
"LB-ALIAS-000EE26339B7","Faytroun","faytroun","en","LB-LOC-25427","[object Object]","true"
"LB-ALIAS-F1DCF6063D86","فيطرون","فيطرون","ar","LB-LOC-25427","[object Object]","true"
"LB-ALIAS-92EE044693DB","Ghazir","ghazir","en","LB-LOC-25311","[object Object]","true"
"LB-ALIAS-B6DF4D416FF6","غزير","غزير","ar","LB-LOC-25311","[object Object]","true"
"LB-ALIAS-FB1ADAE3EEE9","Ghbaleh Kesrouane","ghbaleh kesrouane","en","LB-LOC-25363","[object Object]","true"
"LB-ALIAS-261DB4BC520E","غبالة","غبالة","ar","LB-LOC-25363","[object Object]","true"
"LB-ALIAS-5E4D08D10AC7","Ghidras","ghidras","en","LB-LOC-25331","[object Object]","true"
"LB-ALIAS-CBE660DA8B92","غدراس","غدراس","ar","LB-LOC-25331","[object Object]","true"
"LB-ALIAS-F8E3585BD00B","Ghineh","ghineh","en","LB-LOC-25343","[object Object]","true"
"LB-ALIAS-84179FB8E827","غينة","غينة","ar","LB-LOC-25343","[object Object]","true"
"LB-ALIAS-B5C41872F5ED","Ghosta","ghosta","en","LB-LOC-25319","[object Object]","true"
"LB-ALIAS-52B364039FC7","غوسطا","غوسطا","ar","LB-LOC-25319","[object Object]","true"
"LB-ALIAS-A81E6F38EAA6","Harharaya","harharaya","en","LB-LOC-25333","[object Object]","true"
"LB-ALIAS-E08EEA371773","هرهريا","هرهريا","ar","LB-LOC-25333","[object Object]","true"
"LB-ALIAS-1FC442A071F0","Harissa Kesrouane","harissa kesrouane","en","LB-LOC-25339","[object Object]","true"
"LB-ALIAS-12902A952478","حريصا","حريصا","ar","LB-LOC-25339","[object Object]","true"
"LB-ALIAS-3C9B89F6BC2E","Hayata","hayata","en","LB-LOC-25349","[object Object]","true"
"LB-ALIAS-7183745454B1","حياطة","حياطة","ar","LB-LOC-25349","[object Object]","true"
"LB-ALIAS-D7A82499C9C1","Hrajel","hrajel","en","LB-LOC-25471","[object Object]","true"
"LB-ALIAS-81E19644B309","حراجل","حراجل","ar","LB-LOC-25471","[object Object]","true"
"LB-ALIAS-9BE65F90C8CE","Hsayn","hsayn","en","LB-LOC-25345","[object Object]","true"
"LB-ALIAS-61B17A236959","حصين","حصين","ar","LB-LOC-25345","[object Object]","true"
"LB-ALIAS-569A01A25C6F","Ighbeh","ighbeh","en","LB-LOC-25391","[object Object]","true"
"LB-ALIAS-5D9EA4453E1F","إغبة","اغبة","ar","LB-LOC-25391","[object Object]","true"
"LB-ALIAS-85898B70DCED","Jaaita","jaaita","en","LB-LOC-25261","[object Object]","true"
"LB-ALIAS-BD9ADAF17BB3","جعيتا","جعيتا","ar","LB-LOC-25261","[object Object]","true"
"LB-ALIAS-4EED8996DC47","Jdaidet Ghazir","jdaidet ghazir","en","LB-LOC-25317","[object Object]","true"
"LB-ALIAS-169D2279BA35","جديدة غزير","جديدة غزير","ar","LB-LOC-25317","[object Object]","true"
"LB-ALIAS-4E246C57445D","Jounie Ghadir","jounie ghadir","en","LB-LOC-25121","[object Object]","true"
"LB-ALIAS-1C67F284EC6F","جونيه","جونيه","ar","LB-LOC-25121","[object Object]","true"
"LB-ALIAS-D4DC002D3DFB","Jounie Haret Sakhr","jounie haret sakhr","en","LB-LOC-25131","[object Object]","true"
"LB-ALIAS-691ED9313820","حارة صخر","حارة صخر","ar","LB-LOC-25131","[object Object]","true"
"LB-ALIAS-D49B4E2F0C1F","Jounieh Sarba","jounieh sarba","en","LB-LOC-25111","[object Object]","true"
"LB-ALIAS-5B57C8A92E50","صربا","صربا","ar","LB-LOC-25111","[object Object]","true"
"LB-ALIAS-D0DE1C4B74FB","Jouret Bedrane","jouret bedrane","en","LB-LOC-25365","[object Object]","true"
"LB-ALIAS-78B6D09D1819","جورة بدران","جورة بدران","ar","LB-LOC-25365","[object Object]","true"
"LB-ALIAS-DBE27F5BDD0D","Jouret E-Tourmos","jouret e tourmos","en","LB-LOC-25355","[object Object]","true"
"LB-ALIAS-C283C9C59968","جورة الترمس","جورة الترمس","ar","LB-LOC-25355","[object Object]","true"
"LB-ALIAS-C079430A85A4","Jouret Mhad","jouret mhad","en","LB-LOC-25359","[object Object]","true"
"LB-ALIAS-1CD815629210","جورة مهاد","جورة مهاد","ar","LB-LOC-25359","[object Object]","true"
"LB-ALIAS-FAF407638A8B","Kfar Dibiane","kfar dibiane","en","LB-LOC-25439","[object Object]","true"
"LB-ALIAS-8C31C4E72EB7","كفر دبيان","كفر دبيان","ar","LB-LOC-25439","[object Object]","true"
"LB-ALIAS-1FA01EAC885A","Kfar Tay Kesrouane","kfar tay kesrouane","en","LB-LOC-25447","[object Object]","true"
"LB-ALIAS-63783AD1E93C","دير زرعيا","دير زرعيا","ar","LB-LOC-25447","[object Object]","true"
"LB-ALIAS-49021FE546CC","Kfar Yassine","kfar yassine","en","LB-LOC-25146","[object Object]","true"
"LB-ALIAS-5DFDB0746DD2","كفر ياسين","كفر ياسين","ar","LB-LOC-25146","[object Object]","true"
"LB-ALIAS-6F6D2E9BA9A7","Kfour Kesrouane","kfour kesrouane","en","LB-LOC-25329","[object Object]","true"
"LB-ALIAS-66BF329F2783","الكفور","الكفور","ar","LB-LOC-25329","[object Object]","true"
"LB-ALIAS-CFFAC69A57C6","Kharayeb Nahr Ibrahim","kharayeb nahr ibrahim","en","LB-LOC-25181","[object Object]","true"
"LB-ALIAS-F0E6ADAA3DDD","زاير","زاير","ar","LB-LOC-25181","[object Object]","true"
"LB-ALIAS-258E652BB91C","Maarab","maarab","en","LB-LOC-25321","[object Object]","true"
"LB-ALIAS-55C359EC177A","معراب","معراب","ar","LB-LOC-25321","[object Object]","true"
"LB-ALIAS-32F1F144B1E6","Maaysra Kesrouane","maaysra kesrouane","en","LB-LOC-25357","[object Object]","true"
"LB-ALIAS-33824E5EB46B","المعيصرة","المعيصرة","ar","LB-LOC-25357","[object Object]","true"
"LB-ALIAS-472FD7D47B51","Mayrouba","mayrouba","en","LB-LOC-25459","[object Object]","true"
"LB-ALIAS-FED1A2CB3474","ميروبا","ميروبا","ar","LB-LOC-25459","[object Object]","true"
"LB-ALIAS-013D53757A95","Mazraat Er-Ras","mazraat er ras","en","LB-LOC-25281","[object Object]","true"
"LB-ALIAS-43458C3B4C3C","مزرعة الراس","مزرعة الراس","ar","LB-LOC-25281","[object Object]","true"
"LB-ALIAS-BC95E462008F","Mazraat Mrah El-Mir","mazraat mrah el mir","en","LB-LOC-25419","[object Object]","true"
"LB-ALIAS-90BA69554E0B","مراح المير","مراح المير","ar","LB-LOC-25419","[object Object]","true"
"LB-ALIAS-A12B723BB791","Mchaa El Ftouh","mchaa el ftouh","en","LB-LOC-25488","[object Object]","true"
"LB-ALIAS-3370F3850F5A","مشاع الفتوح","مشاع الفتوح","ar","LB-LOC-25488","[object Object]","true"
"LB-ALIAS-E6473F6A3AA0","Mchaa Faraya","mchaa faraya","en","LB-LOC-25485","[object Object]","true"
"LB-ALIAS-83BFB0FC61C2","مشاع فاريا","مشاع فاريا","ar","LB-LOC-25485","[object Object]","true"
"LB-ALIAS-DE63B6043E8A","Mchaa Kfar Dibiane","mchaa kfar dibiane","en","LB-LOC-25482","[object Object]","true"
"LB-ALIAS-B904E0E72347","مشاع كفر ذبيان","مشاع كفر ذبيان","ar","LB-LOC-25482","[object Object]","true"
"LB-ALIAS-2827A1493B6E","Mghayer","mghayer","en","LB-LOC-25467","[object Object]","true"
"LB-ALIAS-53D17BDF3CE0","المغاير","المغاير","ar","LB-LOC-25467","[object Object]","true"
"LB-ALIAS-5CA458CBFD03","Mradiyeh","mradiyeh","en","LB-LOC-25367","[object Object]","true"
"LB-ALIAS-511478B1B898","مرادية","مرادية","ar","LB-LOC-25367","[object Object]","true"
"LB-ALIAS-F5A6DB1379D2","Nahr Ed-Dahab","nahr ed dahab","en","LB-LOC-25371","[object Object]","true"
"LB-ALIAS-BD3F51CA1DA6","نهر الدهب","نهر الدهب","ar","LB-LOC-25371","[object Object]","true"
"LB-ALIAS-21C068E04843","Nammoura Kesrouane","nammoura kesrouane","en","LB-LOC-25341","[object Object]","true"
"LB-ALIAS-4468BE4A85E9","نمورة","نمورة","ar","LB-LOC-25341","[object Object]","true"
"LB-ALIAS-7335CA0B8CA6","Ouata El-Jaouz","ouata el jaouz","en","LB-LOC-25455","[object Object]","true"
"LB-ALIAS-750D988E23A9","وطى الجوز","وطي الجوز","ar","LB-LOC-25455","[object Object]","true"
"LB-ALIAS-0FA09A67717A","Ouata Sillam","ouata sillam","en","LB-LOC-25141","[object Object]","true"
"LB-ALIAS-C1705FBC8826","وطى سلام","وطي سلام","ar","LB-LOC-25141","[object Object]","true"
"LB-ALIAS-413963116AC4","Qleiaat Kesrouane","qleiaat kesrouane","en","LB-LOC-25415","[object Object]","true"
"LB-ALIAS-BC0726313835","قليعات كسروان","قليعات كسروان","ar","LB-LOC-25415","[object Object]","true"
"LB-ALIAS-71939E5533D0","Raachine","raachine","en","LB-LOC-25435","[object Object]","true"
"LB-ALIAS-5F256A81C343","رعشين","رعشين","ar","LB-LOC-25435","[object Object]","true"
"LB-ALIAS-0914DCBAF797","Rayfoun","rayfoun","en","LB-LOC-25411","[object Object]","true"
"LB-ALIAS-01FAF9F477C4","ريفون","ريفون","ar","LB-LOC-25411","[object Object]","true"
"LB-ALIAS-B09CCFEB92D8","Safra Kesrouane","safra kesrouane","en","LB-LOC-25161","[object Object]","true"
"LB-ALIAS-6CB47627B787","صفرا كسروان","صفرا كسروان","ar","LB-LOC-25161","[object Object]","true"
"LB-ALIAS-1F2D76F9AE49","Sahel Aalma","sahel aalma","en","LB-LOC-25136","[object Object]","true"
"LB-ALIAS-2368811355CE","ساحل علما","ساحل علما","ar","LB-LOC-25136","[object Object]","true"
"LB-ALIAS-020CF3F1AA44","Shayleh Kesrouane","shayleh kesrouane","en","LB-LOC-25231","[object Object]","true"
"LB-ALIAS-EEB880AA31B7","سهيلة","سهيلة","ar","LB-LOC-25231","[object Object]","true"
"LB-ALIAS-427BFCD1181D","Tabarja","tabarja","en","LB-LOC-25151","[object Object]","true"
"LB-ALIAS-985C4C448077","طبرجا","طبرجا","ar","LB-LOC-25151","[object Object]","true"
"LB-ALIAS-619CF8C6FE0D","Yahchouch","yahchouch","en","LB-LOC-25373","[object Object]","true"
"LB-ALIAS-FBCF7749944B","يحشوش","يحشوش","ar","LB-LOC-25373","[object Object]","true"
"LB-ALIAS-D8F8BB3ACF6E","Zaaitreh","zaaitreh","en","LB-LOC-25353","[object Object]","true"
"LB-ALIAS-225A4566F932","زعيتره","زعيتره","ar","LB-LOC-25353","[object Object]","true"
"LB-ALIAS-324A7578E538","Zaitoun","zaitoun","en","LB-LOC-25375","[object Object]","true"
"LB-ALIAS-3B28991247D4","زيتون","زيتون","ar","LB-LOC-25375","[object Object]","true"
"LB-ALIAS-A6211DEE97B1","Zouk Mkayel","zouk mkayel","en","LB-LOC-25116","[object Object]","true"
"LB-ALIAS-C0A1A2A8ECDD","ذوق مكايل","ذوق مكايل","ar","LB-LOC-25116","[object Object]","true"
"LB-ALIAS-F4C5E4CBC7A5","Zouk Mousbeh","zouk mousbeh","en","LB-LOC-25126","[object Object]","true"
"LB-ALIAS-BCC2EF2A8EBF","ذوق مصبح","ذوق مصبح","ar","LB-LOC-25126","[object Object]","true"
"LB-ALIAS-2C42A709DAFD","Aabdine","aabdine","en","LB-LOC-36121","[object Object]","true"
"LB-ALIAS-136E3400F340","عبدين بشري","عبدين بشري","ar","LB-LOC-36121","[object Object]","true"
"LB-ALIAS-F9A3E34AF7B3","Bane","bane","en","LB-LOC-36147","[object Object]","true"
"LB-ALIAS-A22DDA313758","بان","بان","ar","LB-LOC-36147","[object Object]","true"
"LB-ALIAS-D080DF2C8664","Bazaaoun","bazaaoun","en","LB-LOC-36181","[object Object]","true"
"LB-ALIAS-78431847F685","بزعون","بزعون","ar","LB-LOC-36181","[object Object]","true"
"LB-ALIAS-4BF6865DBCE2","Bcharreh","bcharreh","en","LB-LOC-36111","[object Object]","true"
"LB-ALIAS-69BA83272669","بشري","بشري","ar","LB-LOC-36111","[object Object]","true"
"LB-ALIAS-CAEB4C2052ED","Beit Menzer","beit menzer","en","LB-LOC-36187","[object Object]","true"
"LB-ALIAS-64B23F04207F","بيت منذر","بيت منذر","ar","LB-LOC-36187","[object Object]","true"
"LB-ALIAS-B9D4701D3EB2","Berhalioun","berhalioun","en","LB-LOC-36137","[object Object]","true"
"LB-ALIAS-1090562F8054","برحليون","برحليون","ar","LB-LOC-36137","[object Object]","true"
"LB-ALIAS-82D165FD2FD3","Billa","billa","en","LB-LOC-36117","[object Object]","true"
"LB-ALIAS-D408FDC21F4A","بلا","بلا","ar","LB-LOC-36117","[object Object]","true"
"LB-ALIAS-3288F711901B","Blaouza","blaouza","en","LB-LOC-36151","[object Object]","true"
"LB-ALIAS-AC0F416CF60F","بلوزا","بلوزا","ar","LB-LOC-36151","[object Object]","true"
"LB-ALIAS-D0E92A3EABCC","Bqaa Kafra","bqaa kafra","en","LB-LOC-36191","[object Object]","true"
"LB-ALIAS-74414A13E8E3","بقاع كفرا","بقاع كفرا","ar","LB-LOC-36191","[object Object]","true"
"LB-ALIAS-B01247AF2CCB","Bqerqacha","bqerqacha","en","LB-LOC-36184","[object Object]","true"
"LB-ALIAS-FD25D84B98E7","بقرقاشا","بقرقاشا","ar","LB-LOC-36184","[object Object]","true"
"LB-ALIAS-FFBF6DD2853F","Breissat","breissat","en","LB-LOC-36157","[object Object]","true"
"LB-ALIAS-BD9333C2BB9E","بريسات","بريسات","ar","LB-LOC-36157","[object Object]","true"
"LB-ALIAS-65DD336E231F","Dimane","dimane","en","LB-LOC-36161","[object Object]","true"
"LB-ALIAS-CF6F9D509DAF","ديمان","ديمان","ar","LB-LOC-36161","[object Object]","true"
"LB-ALIAS-6BD1D50AC0DF","Hadath Ej-Jebbeh","hadath ej jebbeh","en","LB-LOC-36131","[object Object]","true"
"LB-ALIAS-8EF66FEBDEE7","حدث الجبه","حدث الجبه","ar","LB-LOC-36131","[object Object]","true"
"LB-ALIAS-6EEE966A3A72","Hadchit","hadchit","en","LB-LOC-36177","[object Object]","true"
"LB-ALIAS-99516E965A9E","حدشيت","حدشيت","ar","LB-LOC-36177","[object Object]","true"
"LB-ALIAS-C852DBD24C03","Hasroun","hasroun","en","LB-LOC-36171","[object Object]","true"
"LB-ALIAS-FFA50CEAECE6","حصرون","حصرون","ar","LB-LOC-36171","[object Object]","true"
"LB-ALIAS-169D51B8A3A4","Mazraat Aassaf","mazraat aassaf","en","LB-LOC-36144","[object Object]","true"
"LB-ALIAS-857A31FE86EF","مزرعة عساف","مزرعة عساف","ar","LB-LOC-36144","[object Object]","true"
"LB-ALIAS-EC2E2841D885","Mazraat Bani Saab","mazraat bani saab","en","LB-LOC-36134","[object Object]","true"
"LB-ALIAS-D35E2414EDD1","مزرعة بني صعب","مزرعة بني صعب","ar","LB-LOC-36134","[object Object]","true"
"LB-ALIAS-AD8D69659799","Mchaa Ej-Jibbé","mchaa ej jibbé","en","LB-LOC-36110","[object Object]","true"
"LB-ALIAS-2997DCDE9B2C","مشاع الجبه","مشاع الجبه","ar","LB-LOC-36110","[object Object]","true"
"LB-ALIAS-C427041292FC","Metrit","metrit","en","LB-LOC-36164","[object Object]","true"
"LB-ALIAS-5E9B8ABF7CF5","متريت","متريت","ar","LB-LOC-36164","[object Object]","true"
"LB-ALIAS-9BD7765E30D9","Moghr El-Ahoual","moghr el ahoual","en","LB-LOC-36154","[object Object]","true"
"LB-ALIAS-9E504B8295DB","مغر الاحول","مغر الاحول","ar","LB-LOC-36154","[object Object]","true"
"LB-ALIAS-BC337AC87D00","Ouadi Qannoubine","ouadi qannoubine","en","LB-LOC-36141","[object Object]","true"
"LB-ALIAS-91079E68CDBA","وادي قنوبين","وادي قنوبين","ar","LB-LOC-36141","[object Object]","true"
"LB-ALIAS-1D8B5471B09E","Qnat","qnat","en","LB-LOC-36127","[object Object]","true"
"LB-ALIAS-E459F075787D","قناة","قناة","ar","LB-LOC-36127","[object Object]","true"
"LB-ALIAS-4AF776486DAB","Qnayouer","qnayouer","en","LB-LOC-36114","[object Object]","true"
"LB-ALIAS-505DE41369A1","قنيور","قنيور","ar","LB-LOC-36114","[object Object]","true"
"LB-ALIAS-76F474B6DF78","Tourza","tourza","en","LB-LOC-36124","[object Object]","true"
"LB-ALIAS-4CEC8A28A557","طورزا","طورزا","ar","LB-LOC-36124","[object Object]","true"
"LB-ALIAS-AE8486E5B092","AAbdelli","aabdelli","en","LB-LOC-34217","[object Object]","true"
"LB-ALIAS-FC956B708603","عبدللي","عبدللي","ar","LB-LOC-34217","[object Object]","true"
"LB-ALIAS-705D3A18F67E","Aabrine","aabrine","en","LB-LOC-34269","[object Object]","true"
"LB-ALIAS-9B66D1E229A5","عبرين","عبرين","ar","LB-LOC-34269","[object Object]","true"
"LB-ALIAS-4D2833324EB4","Aalali","aalali","en","LB-LOC-34237","[object Object]","true"
"LB-ALIAS-ABBAB68EE448","علالي","علالي","ar","LB-LOC-34237","[object Object]","true"
"LB-ALIAS-F936CAC2CEA4","Aartiz","aartiz","en","LB-LOC-34251","[object Object]","true"
"LB-ALIAS-3AC494B83E6F","عرطز","عرطز","ar","LB-LOC-34251","[object Object]","true"
"LB-ALIAS-D0BFC4E13A86","Assia","assia","en","LB-LOC-34263","[object Object]","true"
"LB-ALIAS-2BFB67AA1377","اسيا","اسيا","ar","LB-LOC-34263","[object Object]","true"
"LB-ALIAS-B1843A19A2B4","Basbina","basbina","en","LB-LOC-34249","[object Object]","true"
"LB-ALIAS-E7D603DE2886","بسبينا","بسبينا","ar","LB-LOC-34249","[object Object]","true"
"LB-ALIAS-9C3EFBB31DE0","Batroun","batroun","en","LB-LOC-34111","[object Object]","true"
"LB-ALIAS-226C0F2D7A79","بترون","بترون","ar","LB-LOC-34111","[object Object]","true"
"LB-ALIAS-129BA78320DA","Bcheaali","bcheaali","en","LB-LOC-34316","[object Object]","true"
"LB-ALIAS-11B559550EDF","بشعلة","بشعلة","ar","LB-LOC-34316","[object Object]","true"
"LB-ALIAS-D0F88DDC80BC","Bechtoudar","bechtoudar","en","LB-LOC-34331","[object Object]","true"
"LB-ALIAS-BBE45C78DF60","بشتودار","بشتودار","ar","LB-LOC-34331","[object Object]","true"
"LB-ALIAS-035D2B474DE3","Beit Chlala","beit chlala","en","LB-LOC-34321","[object Object]","true"
"LB-ALIAS-465101D3A756","بيت شلالا","بيت شلالا","ar","LB-LOC-34321","[object Object]","true"
"LB-ALIAS-CB0395F8A4BB","Beit Kassab","beit kassab","en","LB-LOC-34371","[object Object]","true"
"LB-ALIAS-FE90A8CE68E2","بيت كسّاب","بيت كساب","ar","LB-LOC-34371","[object Object]","true"
"LB-ALIAS-803821632763","Bijdarfil","bijdarfil","en","LB-LOC-34264","[object Object]","true"
"LB-ALIAS-FA1D98B4898C","بجدرفل","بجدرفل","ar","LB-LOC-34264","[object Object]","true"
"LB-ALIAS-4227674A88EE","Boqsmaiya","boqsmaiya","en","LB-LOC-34277","[object Object]","true"
"LB-ALIAS-E30F0ACF3B91","بقسميا","بقسميا","ar","LB-LOC-34277","[object Object]","true"
"LB-ALIAS-31AA198D8844","Chatine","chatine","en","LB-LOC-34366","[object Object]","true"
"LB-ALIAS-5977781948D5","شاتين","شاتين","ar","LB-LOC-34366","[object Object]","true"
"LB-ALIAS-CCB56304C295","Chibtine","chibtine","en","LB-LOC-34221","[object Object]","true"
"LB-ALIAS-EB6C78566C5E","شبطين","شبطين","ar","LB-LOC-34221","[object Object]","true"
"LB-ALIAS-46F74EF54A1F","Chikka","chikka","en","LB-LOC-34188","[object Object]","true"
"LB-ALIAS-0556AA596332","شكَا","شكا","ar","LB-LOC-34188","[object Object]","true"
"LB-ALIAS-EC864F9E7CBF","Daael","daael","en","LB-LOC-34279","[object Object]","true"
"LB-ALIAS-EE0117DD61B0","داعل","داعل","ar","LB-LOC-34279","[object Object]","true"
"LB-ALIAS-D5B9BE0A6C25","Dahr Abi Yaghi","dahr abi yaghi","en","LB-LOC-34211","[object Object]","true"
"LB-ALIAS-1E7139F9E6BA","ضهر ابي ياغي","ضهر ابي ياغي","ar","LB-LOC-34211","[object Object]","true"
"LB-ALIAS-68943A4186D7","Daraya El-Batroun","daraya el batroun","en","LB-LOC-34215","[object Object]","true"
"LB-ALIAS-FDD788832694","دريا","دريا","ar","LB-LOC-34215","[object Object]","true"
"LB-ALIAS-41A5F3D3E32A","Deir Billa","deir billa","en","LB-LOC-34374","[object Object]","true"
"LB-ALIAS-68B8AA979841","ديربلا","ديربلا","ar","LB-LOC-34374","[object Object]","true"
"LB-ALIAS-F65EB3DDFF06","Deir Kfifane","deir kfifane","en","LB-LOC-34223","[object Object]","true"
"LB-ALIAS-F81A60A1F8D0","دير كفيفان","دير كفيفان","ar","LB-LOC-34223","[object Object]","true"
"LB-ALIAS-A4577162C324","Deir Mar Youhanna EL-Batroun","deir mar youhanna el batroun","en","LB-LOC-34326","[object Object]","true"
"LB-ALIAS-5956B6E3358A","دير مار يوحنا دوما","دير مار يوحنا دوما","ar","LB-LOC-34326","[object Object]","true"
"LB-ALIAS-04C608160D32","Deir Mar Youssef Jrabta","deir mar youssef jrabta","en","LB-LOC-34227","[object Object]","true"
"LB-ALIAS-02C2F5A06F09","دير مار يوسف جربتا","دير مار يوسف جربتا","ar","LB-LOC-34227","[object Object]","true"
"LB-ALIAS-91D7CB25A26D","Douma","douma","en","LB-LOC-34311","[object Object]","true"
"LB-ALIAS-A9BA282A605E","دوما","دوما","ar","LB-LOC-34311","[object Object]","true"
"LB-ALIAS-6B6635AB0CD8","Douq","douq","en","LB-LOC-34218","[object Object]","true"
"LB-ALIAS-1820DE745377","دوق","دوق","ar","LB-LOC-34218","[object Object]","true"
"LB-ALIAS-6844C0BD201A","Edde El-Batroun","edde el batroun","en","LB-LOC-34259","[object Object]","true"
"LB-ALIAS-4EAD7C4052A2","إده البترون","اده البترون","ar","LB-LOC-34259","[object Object]","true"
"LB-ALIAS-06E1E432AB51","Ftahat El-Batroun","ftahat el batroun","en","LB-LOC-34244","[object Object]","true"
"LB-ALIAS-CB2FC5D42EFD","فتاحات","فتاحات","ar","LB-LOC-34244","[object Object]","true"
"LB-ALIAS-7A1C674B3E4A","Ghouma","ghouma","en","LB-LOC-34231","[object Object]","true"
"LB-ALIAS-8A325CAF7792","غوما","غوما","ar","LB-LOC-34231","[object Object]","true"
"LB-ALIAS-1E04995C2551","Hadtoun","hadtoun","en","LB-LOC-34351","[object Object]","true"
"LB-ALIAS-8EE10E4C8386","حدتون","حدتون","ar","LB-LOC-34351","[object Object]","true"
"LB-ALIAS-69550BC4FA9C","Hamat","hamat","en","LB-LOC-34287","[object Object]","true"
"LB-ALIAS-06D7C8B80728","حامات","حامات","ar","LB-LOC-34287","[object Object]","true"
"LB-ALIAS-89837481B26F","Harbouna","harbouna","en","LB-LOC-34253","[object Object]","true"
"LB-ALIAS-0CD76D0027A6","حربونا","حربونا","ar","LB-LOC-34253","[object Object]","true"
"LB-ALIAS-19C19440991D","Hardine","hardine","en","LB-LOC-34361","[object Object]","true"
"LB-ALIAS-A38A6FFBC6D1","حردين","حردين","ar","LB-LOC-34361","[object Object]","true"
"LB-ALIAS-AA2980FC70DA","Helta","helta","en","LB-LOC-34267","[object Object]","true"
"LB-ALIAS-4BAF01AA97AB","حلتا","حلتا","ar","LB-LOC-34267","[object Object]","true"
"LB-ALIAS-523C993D9923","Heri","heri","en","LB-LOC-34177","[object Object]","true"
"LB-ALIAS-BEC35E0890A3","هري","هري","ar","LB-LOC-34177","[object Object]","true"
"LB-ALIAS-15FCC4A7AFDF","Ijdabra","ijdabra","en","LB-LOC-34266","[object Object]","true"
"LB-ALIAS-46F44E86B73C","اجدبرا","اجدبرا","ar","LB-LOC-34266","[object Object]","true"
"LB-ALIAS-9F29ADD96D7C","Jebla","jebla","en","LB-LOC-34274","[object Object]","true"
"LB-ALIAS-F995F46E5C8A","جبلا","جبلا","ar","LB-LOC-34274","[object Object]","true"
"LB-ALIAS-498E2AB59887","Jrabta El-Batroun","jrabta el batroun","en","LB-LOC-34219","[object Object]","true"
"LB-ALIAS-D059E2867A7E","جربتا","جربتا","ar","LB-LOC-34219","[object Object]","true"
"LB-ALIAS-9ABA1B876C13","Jrane El-Batroun","jrane el batroun","en","LB-LOC-34234","[object Object]","true"
"LB-ALIAS-FD95F64B27EA","جران","جران","ar","LB-LOC-34234","[object Object]","true"
"LB-ALIAS-38622B5A626C","Kfar Aabida","kfar aabida","en","LB-LOC-34144","[object Object]","true"
"LB-ALIAS-CC56988D3A04","كفر عبيدا","كفر عبيدا","ar","LB-LOC-34144","[object Object]","true"
"LB-ALIAS-197FDD6FB550","Kfar Hatna","kfar hatna","en","LB-LOC-34241","[object Object]","true"
"LB-ALIAS-C03B1829DCB3","كفرحتنا","كفرحتنا","ar","LB-LOC-34241","[object Object]","true"
"LB-ALIAS-0D9FA30692E9","Kfar Hay","kfar hay","en","LB-LOC-34271","[object Object]","true"
"LB-ALIAS-8C4A78742673","كفرحي","كفرحي","ar","LB-LOC-34271","[object Object]","true"
"LB-ALIAS-7CB1DB3DEEF7","Kfar Hilda","kfar hilda","en","LB-LOC-34336","[object Object]","true"
"LB-ALIAS-CC7B881695B1","كفر حلدا","كفر حلدا","ar","LB-LOC-34336","[object Object]","true"
"LB-ALIAS-B124FE65FE1E","Kfar Khollos","kfar khollos","en","LB-LOC-34281","[object Object]","true"
"LB-ALIAS-36B0A734F03E","كفر خلص","كفر خلص","ar","LB-LOC-34281","[object Object]","true"
"LB-ALIAS-26F3B8D2D81A","Kfarb Shlaimane","kfarb shlaimane","en","LB-LOC-34257","[object Object]","true"
"LB-ALIAS-84CDEE107E18","كفر شليمان","كفر شليمان","ar","LB-LOC-34257","[object Object]","true"
"LB-ALIAS-7C3F45C78601","Kfifane","kfifane","en","LB-LOC-34233","[object Object]","true"
"LB-ALIAS-8FBCD67CE904","كفيفان","كفيفان","ar","LB-LOC-34233","[object Object]","true"
"LB-ALIAS-5EF0C2DB5965","Kfour El-Aarbi","kfour el aarbi","en","LB-LOC-34341","[object Object]","true"
"LB-ALIAS-8A23F5A9D3B1","كفور العربي","كفور العربي","ar","LB-LOC-34341","[object Object]","true"
"LB-ALIAS-0FB346183D9F","Koubba","koubba","en","LB-LOC-34155","[object Object]","true"
"LB-ALIAS-BF2459FE4EF7","كوبا","كوبا","ar","LB-LOC-34155","[object Object]","true"
"LB-ALIAS-4B6BD5B8DB09","Kour","kour","en","LB-LOC-34246","[object Object]","true"
"LB-ALIAS-ABDAE03150CF","كور","كور","ar","LB-LOC-34246","[object Object]","true"
"LB-ALIAS-A6A0FBE0BAC4","Mar Mama","mar mama","en","LB-LOC-34226","[object Object]","true"
"LB-ALIAS-770232EB2D17","مار ماما","مار ماما","ar","LB-LOC-34226","[object Object]","true"
"LB-ALIAS-81E8D81E3D72","Masrah","masrah","en","LB-LOC-34214","[object Object]","true"
"LB-ALIAS-AD34159F6612","مسرح","مسرح","ar","LB-LOC-34214","[object Object]","true"
"LB-ALIAS-B071170EE257","Mehmarch","mehmarch","en","LB-LOC-34236","[object Object]","true"
"LB-ALIAS-CB9D50356CC7","محمرش","محمرش","ar","LB-LOC-34236","[object Object]","true"
"LB-ALIAS-8D2F99E96E87","Mrah Chdid","mrah chdid","en","LB-LOC-34256","[object Object]","true"
"LB-ALIAS-0B46AA99DA86","مراح شديد","مراح شديد","ar","LB-LOC-34256","[object Object]","true"
"LB-ALIAS-82092A5C533C","Mrah El-Hajj","mrah el hajj","en","LB-LOC-34254","[object Object]","true"
"LB-ALIAS-795282988CCE","مراح الحاج","مراح الحاج","ar","LB-LOC-34254","[object Object]","true"
"LB-ALIAS-D3A589A65924","Mrah Ez Ziyat","mrah ez ziyat","en","LB-LOC-34229","[object Object]","true"
"LB-ALIAS-232DD4341BEE","مراح الزيات","مراح الزيات","ar","LB-LOC-34229","[object Object]","true"
"LB-ALIAS-59D0B31D9078","Nahleh El-Batroun","nahleh el batroun","en","LB-LOC-34273","[object Object]","true"
"LB-ALIAS-851F3DA4423A","نحلا البترون","نحلا البترون","ar","LB-LOC-34273","[object Object]","true"
"LB-ALIAS-25AEBA12665C","Niha El-Batroun","niha el batroun","en","LB-LOC-34376","[object Object]","true"
"LB-ALIAS-FD934728DBB6","نيحا البترون","نيحا البترون","ar","LB-LOC-34376","[object Object]","true"
"LB-ALIAS-1CE9B38F82E3","Ouajh El-Hajjar","ouajh el hajjar","en","LB-LOC-34286","[object Object]","true"
"LB-ALIAS-0576AEE115CC","وجه الحجر","وجه الحجر","ar","LB-LOC-34286","[object Object]","true"
"LB-ALIAS-27735F59B658","Ouata Houb","ouata houb","en","LB-LOC-34381","[object Object]","true"
"LB-ALIAS-15907CD3C4D8","وطى حوب","وطي حوب","ar","LB-LOC-34381","[object Object]","true"
"LB-ALIAS-7E0E1D3FB6A7","Qatnaaoun","qatnaaoun","en","LB-LOC-34283","[object Object]","true"
"LB-ALIAS-3133E6A9184F","قرنعون","قرنعون","ar","LB-LOC-34283","[object Object]","true"
"LB-ALIAS-6AA7BA20B6CF","Racha","racha","en","LB-LOC-34247","[object Object]","true"
"LB-ALIAS-895A18C26413","راشا","راشا","ar","LB-LOC-34247","[object Object]","true"
"LB-ALIAS-B95B2A47F402","Rachana","rachana","en","LB-LOC-34122","[object Object]","true"
"LB-ALIAS-FFC042A1B1C9","راشانا","راشانا","ar","LB-LOC-34122","[object Object]","true"
"LB-ALIAS-3FAFE70B7103","Rachkida","rachkida","en","LB-LOC-34276","[object Object]","true"
"LB-ALIAS-5BCF0752DBE4","راشكيدا","راشكيدا","ar","LB-LOC-34276","[object Object]","true"
"LB-ALIAS-8104B7151D8E","Ram El-Batroun","ram el batroun","en","LB-LOC-34346","[object Object]","true"
"LB-ALIAS-7BCB1C733D7F","الرام البترون","الرام البترون","ar","LB-LOC-34346","[object Object]","true"
"LB-ALIAS-2545D2BEEB36","Ras Nahhach","ras nahhach","en","LB-LOC-34284","[object Object]","true"
"LB-ALIAS-464E927FD67F","راس نحاش","راس نحاش","ar","LB-LOC-34284","[object Object]","true"
"LB-ALIAS-FF2448150C70","Selaata","selaata","en","LB-LOC-34166","[object Object]","true"
"LB-ALIAS-AF28D040F831","سلعاتا","سلعاتا","ar","LB-LOC-34166","[object Object]","true"
"LB-ALIAS-47CF6F2EE75F","Sghar","sghar","en","LB-LOC-34224","[object Object]","true"
"LB-ALIAS-663D882F3658","صغار","صغار","ar","LB-LOC-34224","[object Object]","true"
"LB-ALIAS-B9DE31521970","Smar Jbayl","smar jbayl","en","LB-LOC-34239","[object Object]","true"
"LB-ALIAS-AAB8DEC7B13F","سمار جبيل","سمار جبيل","ar","LB-LOC-34239","[object Object]","true"
"LB-ALIAS-981A0DA596A4","Sourat El-Batroun","sourat el batroun","en","LB-LOC-34261","[object Object]","true"
"LB-ALIAS-CFB7F3D864F9","صورات","صورات","ar","LB-LOC-34261","[object Object]","true"
"LB-ALIAS-CA9CB15C7E00","Tannourine El-Faouqa","tannourine el faouqa","en","LB-LOC-34386","[object Object]","true"
"LB-ALIAS-39508A030340","تنورين الفوقا","تنورين الفوقا","ar","LB-LOC-34386","[object Object]","true"
"LB-ALIAS-07B51BD0754A","Tannourine Et-Tahta","tannourine et tahta","en","LB-LOC-34356","[object Object]","true"
"LB-ALIAS-3514486737A0","تنورين التحتا","تنورين التحتا","ar","LB-LOC-34356","[object Object]","true"
"LB-ALIAS-555C65353D65","Thoum","thoum","en","LB-LOC-34133","[object Object]","true"
"LB-ALIAS-9E180821396C","تحوم","تحوم","ar","LB-LOC-34133","[object Object]","true"
"LB-ALIAS-8C6985817F17","Toula El-Batroun","toula el batroun","en","LB-LOC-34212","[object Object]","true"
"LB-ALIAS-6188D4C1B0B3","تولا","تولا","ar","LB-LOC-34212","[object Object]","true"
"LB-ALIAS-EFE25233AFEA","Zaneh","zaneh","en","LB-LOC-34243","[object Object]","true"
"LB-ALIAS-D8EE542E3D56","زان","زان","ar","LB-LOC-34243","[object Object]","true"
"LB-ALIAS-5B424F4F89FD","Aaba","aaba","en","LB-LOC-32143","[object Object]","true"
"LB-ALIAS-144C711BE7C7","عبا الكورة","عبا الكورة","ar","LB-LOC-32143","[object Object]","true"
"LB-ALIAS-6647D23B31E1","Aafsdiq","aafsdiq","en","LB-LOC-32127","[object Object]","true"
"LB-ALIAS-E3938907C684","عفصديق","عفصديق","ar","LB-LOC-32127","[object Object]","true"
"LB-ALIAS-A6ECE1517CCF","Ain Aakrine","ain aakrine","en","LB-LOC-32135","[object Object]","true"
"LB-ALIAS-B82FDDF4AFE2","عين عكرين","عين عكرين","ar","LB-LOC-32135","[object Object]","true"
"LB-ALIAS-299E50853E6B","Amioun","amioun","en","LB-LOC-32111","[object Object]","true"
"LB-ALIAS-B0AE907D2B38","اميون","اميون","ar","LB-LOC-32111","[object Object]","true"
"LB-ALIAS-B0CEB34B04EC","Badbhoun","badbhoun","en","LB-LOC-32161","[object Object]","true"
"LB-ALIAS-8F913DA79369","بدبهون","بدبهون","ar","LB-LOC-32161","[object Object]","true"
"LB-ALIAS-0650CD318350","Barghoun","barghoun","en","LB-LOC-32163","[object Object]","true"
"LB-ALIAS-9D07E43F197C","برغون","برغون","ar","LB-LOC-32163","[object Object]","true"
"LB-ALIAS-AAA5D45C1DB1","Barsa","barsa","en","LB-LOC-32187","[object Object]","true"
"LB-ALIAS-D8B51787E770","برصا","برصا","ar","LB-LOC-32187","[object Object]","true"
"LB-ALIAS-FB116CD3C114","Batroumine","batroumine","en","LB-LOC-32159","[object Object]","true"
"LB-ALIAS-D50E2DA6F358","بترومين","بترومين","ar","LB-LOC-32159","[object Object]","true"
"LB-ALIAS-4F79E23C8CC6","Bdebba","bdebba","en","LB-LOC-32145","[object Object]","true"
"LB-ALIAS-90140AA5515F","بدبا","بدبا","ar","LB-LOC-32145","[object Object]","true"
"LB-ALIAS-CE712A78685A","Bechmizzine","bechmizzine","en","LB-LOC-32117","[object Object]","true"
"LB-ALIAS-950729B97ACA","بشمزين","بشمزين","ar","LB-LOC-32117","[object Object]","true"
"LB-ALIAS-DCC6CF96FBB9","Bednayel El-Koura","bednayel el koura","en","LB-LOC-32165","[object Object]","true"
"LB-ALIAS-EC911BA19E1E","بدنايل الكورة","بدنايل الكورة","ar","LB-LOC-32165","[object Object]","true"
"LB-ALIAS-598EEB1D5EEB","Bhabbouch El-Koura","bhabbouch el koura","en","LB-LOC-32133","[object Object]","true"
"LB-ALIAS-2CE9F47813DA","بحبوش","بحبوش","ar","LB-LOC-32133","[object Object]","true"
"LB-ALIAS-9D806CFEBF20","Bkeftine","bkeftine","en","LB-LOC-32189","[object Object]","true"
"LB-ALIAS-7EFCEBDF1522","بكفتين","بكفتين","ar","LB-LOC-32189","[object Object]","true"
"LB-ALIAS-D828C075D92E","Bnehran","bnehran","en","LB-LOC-32141","[object Object]","true"
"LB-ALIAS-BB1A081134B4","بنهران","بنهران","ar","LB-LOC-32141","[object Object]","true"
"LB-ALIAS-0A9B595B9883","Bqaiaa El-Koura","bqaiaa el koura","en","LB-LOC-32193","[object Object]","true"
"LB-ALIAS-48CCF9E483BC","البقيعة","البقيعة","ar","LB-LOC-32193","[object Object]","true"
"LB-ALIAS-7AD661654256","Bsarma","bsarma","en","LB-LOC-32125","[object Object]","true"
"LB-ALIAS-DDE18E348DCE","بصرما","بصرما","ar","LB-LOC-32125","[object Object]","true"
"LB-ALIAS-A1EAA7870626","Btaaboura","btaaboura","en","LB-LOC-32153","[object Object]","true"
"LB-ALIAS-56A5DC5C0A22","بتعبورة","بتعبورة","ar","LB-LOC-32153","[object Object]","true"
"LB-ALIAS-303F6D400C8E","Bterram","bterram","en","LB-LOC-32119","[object Object]","true"
"LB-ALIAS-CEA16D4D6740","بطرام","بطرام","ar","LB-LOC-32119","[object Object]","true"
"LB-ALIAS-BE097117C7E1","Btouratij","btouratij","en","LB-LOC-32169","[object Object]","true"
"LB-ALIAS-CCDBE3BC9B20","بتوراتيج","بتوراتيج","ar","LB-LOC-32169","[object Object]","true"
"LB-ALIAS-4DF41F704D7D","Bziza","bziza","en","LB-LOC-32121","[object Object]","true"
"LB-ALIAS-73910F8BB642","بزيزا","بزيزا","ar","LB-LOC-32121","[object Object]","true"
"LB-ALIAS-19077A1CC527","Dar Baaechtar","dar baaechtar","en","LB-LOC-32131","[object Object]","true"
"LB-ALIAS-CCD86BB67627","دار بعشتار","دار بعشتار","ar","LB-LOC-32131","[object Object]","true"
"LB-ALIAS-D5F66ECBD12E","Dar Chmizzine","dar chmizzine","en","LB-LOC-32129","[object Object]","true"
"LB-ALIAS-6F0448191953","دار شمزين","دار شمزين","ar","LB-LOC-32129","[object Object]","true"
"LB-ALIAS-5AA80E84CAB9","Deddeh","deddeh","en","LB-LOC-32179","[object Object]","true"
"LB-ALIAS-FF7EE112A35E","دده","دده","ar","LB-LOC-32179","[object Object]","true"
"LB-ALIAS-23ADEAA7A872","Deir El-Balamand","deir el balamand","en","LB-LOC-32173","[object Object]","true"
"LB-ALIAS-3FBA777043D3","دير البلمند","دير البلمند","ar","LB-LOC-32173","[object Object]","true"
"LB-ALIAS-98437DDE7DAE","Enfeh","enfeh","en","LB-LOC-32181","[object Object]","true"
"LB-ALIAS-89DD184823C4","أنفه","انفه","ar","LB-LOC-32181","[object Object]","true"
"LB-ALIAS-51F0E500A561","Fiaa","fiaa","en","LB-LOC-32147","[object Object]","true"
"LB-ALIAS-91F7683D7D78","فيع","فيع","ar","LB-LOC-32147","[object Object]","true"
"LB-ALIAS-B52C3093ACE4","Hraiche","hraiche","en","LB-LOC-32183","[object Object]","true"
"LB-ALIAS-E0949904CB16","حريشه","حريشه","ar","LB-LOC-32183","[object Object]","true"
"LB-ALIAS-F7DEF50D8223","Ijdaabrine","ijdaabrine","en","LB-LOC-32157","[object Object]","true"
"LB-ALIAS-C05B45F20FAC","اجدعبرين","اجدعبرين","ar","LB-LOC-32157","[object Object]","true"
"LB-ALIAS-591339B3D18F","Kafraya El-Koura","kafraya el koura","en","LB-LOC-32177","[object Object]","true"
"LB-ALIAS-CBF4FB2CF5D2","كفريا الكورة","كفريا الكورة","ar","LB-LOC-32177","[object Object]","true"
"LB-ALIAS-CFDBDBC80FB7","Kaftoun","kaftoun","en","LB-LOC-32151","[object Object]","true"
"LB-ALIAS-328C97794750","كفتون","كفتون","ar","LB-LOC-32151","[object Object]","true"
"LB-ALIAS-0EEA44B19A3A","Kfar Aaqqa","kfar aaqqa","en","LB-LOC-32113","[object Object]","true"
"LB-ALIAS-9E1A3FA71533","كفر عقا","كفر عقا","ar","LB-LOC-32113","[object Object]","true"
"LB-ALIAS-AA60091B5937","Kfar Hata El-Koura","kfar hata el koura","en","LB-LOC-32155","[object Object]","true"
"LB-ALIAS-FCBB42C21A56","كفرحاتا","كفرحاتا","ar","LB-LOC-32155","[object Object]","true"
"LB-ALIAS-EE9DF5F1AEA9","Kfar Hazir","kfar hazir","en","LB-LOC-32123","[object Object]","true"
"LB-ALIAS-AF9983D09D45","كفرحزير","كفرحزير","ar","LB-LOC-32123","[object Object]","true"
"LB-ALIAS-D13E4C60619B","Kfar Kahel","kfar kahel","en","LB-LOC-32167","[object Object]","true"
"LB-ALIAS-3739EE7DE112","كفرقاهل","كفرقاهل","ar","LB-LOC-32167","[object Object]","true"
"LB-ALIAS-F3F0CAA58B70","Kfar Saroun El-Koura","kfar saroun el koura","en","LB-LOC-32115","[object Object]","true"
"LB-ALIAS-ED0D488CAF9C","كفرصارون","كفرصارون","ar","LB-LOC-32115","[object Object]","true"
"LB-ALIAS-96D56028C871","Kousba","kousba","en","LB-LOC-32137","[object Object]","true"
"LB-ALIAS-C6DDB797E0DE","كوسبا","كوسبا","ar","LB-LOC-32137","[object Object]","true"
"LB-ALIAS-23AFEADC17B1","Majdel el-Koura","majdel el koura","en","LB-LOC-32149","[object Object]","true"
"LB-ALIAS-BECE7BBF9668","مجدل الكورة","مجدل الكورة","ar","LB-LOC-32149","[object Object]","true"
"LB-ALIAS-251C3353B647","Nakhleh","nakhleh","en","LB-LOC-32191","[object Object]","true"
"LB-ALIAS-16E745C74FED","نخلة","نخلة","ar","LB-LOC-32191","[object Object]","true"
"LB-ALIAS-7FE52638DE7F","Qalhat","qalhat","en","LB-LOC-32171","[object Object]","true"
"LB-ALIAS-79EA0FB141D8","قلحات","قلحات","ar","LB-LOC-32171","[object Object]","true"
"LB-ALIAS-EC84E6311A82","Ras Masqa","ras masqa","en","LB-LOC-32185","[object Object]","true"
"LB-ALIAS-C328FEF6A8A3","راس مسقا الجنوبية","راس مسقا الجنوبية","ar","LB-LOC-32185","[object Object]","true"
"LB-ALIAS-4071326569FB","Rechdibbine","rechdibbine","en","LB-LOC-32139","[object Object]","true"
"LB-ALIAS-741E03EE09A5","رشدبين","رشدبين","ar","LB-LOC-32139","[object Object]","true"
"LB-ALIAS-7F54FF9F7F7D","Zakroun","zakroun","en","LB-LOC-32175","[object Object]","true"
"LB-ALIAS-7D357146A19D","زكرون","زكرون","ar","LB-LOC-32175","[object Object]","true"
"LB-ALIAS-854B0E1811FF","Zgharta El-Mtaouile","zgharta el mtaouile","en","LB-LOC-32195","[object Object]","true"
"LB-ALIAS-C7A24634ADB6","زغرتا المتاولة","زغرتا المتاولة","ar","LB-LOC-32195","[object Object]","true"
"LB-ALIAS-2D75E686DB9F","Aain Et-Tineh-Miniyeh","aain et tineh miniyeh","en","LB-LOC-37333","[object Object]","true"
"LB-ALIAS-8819F4D61992","عين التينه المنيه","عين التينه المنيه","ar","LB-LOC-37333","[object Object]","true"
"LB-ALIAS-C699A89ADB5B","Aasaymout","aasaymout","en","LB-LOC-37362","[object Object]","true"
"LB-ALIAS-84AA195093D3","عصيموت","عصيموت","ar","LB-LOC-37362","[object Object]","true"
"LB-ALIAS-4D050B9C5CB8","Aassoun","aassoun","en","LB-LOC-37313","[object Object]","true"
"LB-ALIAS-4B37FF448258","عاصون","عاصون","ar","LB-LOC-37313","[object Object]","true"
"LB-ALIAS-6014A905A14B","Aaymar","aaymar","en","LB-LOC-37367","[object Object]","true"
"LB-ALIAS-6453002AC0FB","عيمر","عيمر","ar","LB-LOC-37367","[object Object]","true"
"LB-ALIAS-F70306F02B5D","Aazqai","aazqai","en","LB-LOC-37361","[object Object]","true"
"LB-ALIAS-57136C048F43","عزقي","عزقي","ar","LB-LOC-37361","[object Object]","true"
"LB-ALIAS-8D338F349267","Bakhaaoun","bakhaaoun","en","LB-LOC-37391","[object Object]","true"
"LB-ALIAS-37677C63081A","بخعون","بخعون","ar","LB-LOC-37391","[object Object]","true"
"LB-ALIAS-2222098782F0","Bechehhara","bechehhara","en","LB-LOC-37379","[object Object]","true"
"LB-ALIAS-2978E6EE5C5B","بشحارة","بشحارة","ar","LB-LOC-37379","[object Object]","true"
"LB-ALIAS-360727DF82BA","Bechnnata","bechnnata","en","LB-LOC-37359","[object Object]","true"
"LB-ALIAS-63CEFA8EA62C","بشناتا","بشناتا","ar","LB-LOC-37359","[object Object]","true"
"LB-ALIAS-3133CCB66EC2","Beddaoui","beddaoui","en","LB-LOC-37231","[object Object]","true"
"LB-ALIAS-550AB8D40255","بداوي","بداوي","ar","LB-LOC-37231","[object Object]","true"
"LB-ALIAS-D3A647F0D282","Behouaita","behouaita","en","LB-LOC-37371","[object Object]","true"
"LB-ALIAS-E2D6E05D635E","بحويتا","بحويتا","ar","LB-LOC-37371","[object Object]","true"
"LB-ALIAS-353741EBF282","Beit El-Faqs","beit el faqs","en","LB-LOC-37329","[object Object]","true"
"LB-ALIAS-200F8A7B5ADC","بيت الفقس","بيت الفقس","ar","LB-LOC-37329","[object Object]","true"
"LB-ALIAS-7277D0D9B934","Beit Haouik","beit haouik","en","LB-LOC-37357","[object Object]","true"
"LB-ALIAS-478CB0AC34F1","بيت حاويك","بيت حاويك","ar","LB-LOC-37357","[object Object]","true"
"LB-ALIAS-306E74B386C8","Beit Zoud","beit zoud","en","LB-LOC-37349","[object Object]","true"
"LB-ALIAS-A06824D1C539","بيت زود","بيت زود","ar","LB-LOC-37349","[object Object]","true"
"LB-ALIAS-B1B35719DA5A","Borj El-Yahoudiyeh","borj el yahoudiyeh","en","LB-LOC-37251","[object Object]","true"
"LB-ALIAS-B1E32828307A","برج اليهودية","برج اليهودية","ar","LB-LOC-37251","[object Object]","true"
"LB-ALIAS-672308ED6CF5","Bqaa Sefrine","bqaa sefrine","en","LB-LOC-37317","[object Object]","true"
"LB-ALIAS-93BDDCF9DD02","بقاع صفرين","بقاع صفرين","ar","LB-LOC-37317","[object Object]","true"
"LB-ALIAS-DE0698A77C92","Bqarsouna","bqarsouna","en","LB-LOC-37319","[object Object]","true"
"LB-ALIAS-FDC0C39BFD8D","بقرصونه","بقرصونه","ar","LB-LOC-37319","[object Object]","true"
"LB-ALIAS-1A3C4D6BDD8F","Btermaz","btermaz","en","LB-LOC-37343","[object Object]","true"
"LB-ALIAS-35573725ECB5","بطرماز","بطرماز","ar","LB-LOC-37343","[object Object]","true"
"LB-ALIAS-070D668C472C","Debaael","debaael","en","LB-LOC-37356","[object Object]","true"
"LB-ALIAS-40E2FB620AD4","دبعل المنيه","دبعل المنيه","ar","LB-LOC-37356","[object Object]","true"
"LB-ALIAS-52B370BE4580","Deir Aammar","deir aammar","en","LB-LOC-37241","[object Object]","true"
"LB-ALIAS-77D0455C000A","دير عمار","دير عمار","ar","LB-LOC-37241","[object Object]","true"
"LB-ALIAS-4B2EAADE3617","Deir Nbouh","deir nbouh","en","LB-LOC-37377","[object Object]","true"
"LB-ALIAS-FA23A60E6734","دير نبوح","دير نبوح","ar","LB-LOC-37377","[object Object]","true"
"LB-ALIAS-2C7C0C9A1F09","Haouaret-Miniyeh","haouaret miniyeh","en","LB-LOC-37355","[object Object]","true"
"LB-ALIAS-5BDF421DA835","حوارة","حوارة","ar","LB-LOC-37355","[object Object]","true"
"LB-ALIAS-21AD5088EB4F","Haql el Aazimeh","haql el aazimeh","en","LB-LOC-37327","[object Object]","true"
"LB-ALIAS-2474DBC86413","حقل العزيمة","حقل العزيمة","ar","LB-LOC-37327","[object Object]","true"
"LB-ALIAS-D225322BAE99","Harf Es-Sayad","harf es sayad","en","LB-LOC-37345","[object Object]","true"
"LB-ALIAS-75D7E70B323F","حرف السياد","حرف السياد","ar","LB-LOC-37345","[object Object]","true"
"LB-ALIAS-C5D829648D1C","Hazmiyet-Miniyeh","hazmiyet miniyeh","en","LB-LOC-37321","[object Object]","true"
"LB-ALIAS-8157B65FA516","حازمية المنيه","حازمية المنيه","ar","LB-LOC-37321","[object Object]","true"
"LB-ALIAS-C1238686A60B","Izal","izal","en","LB-LOC-37341","[object Object]","true"
"LB-ALIAS-B2FCA6E4746A","إيزال","ايزال","ar","LB-LOC-37341","[object Object]","true"
"LB-ALIAS-7FDAFDFC5EB4","Jarjour","jarjour","en","LB-LOC-37375","[object Object]","true"
"LB-ALIAS-AC22E153A07A","جرجور","جرجور","ar","LB-LOC-37375","[object Object]","true"
"LB-ALIAS-D76E10DFD5FE","Jayroun","jayroun","en","LB-LOC-37358","[object Object]","true"
"LB-ALIAS-5982D01EF5C6","جيرون","جيرون","ar","LB-LOC-37358","[object Object]","true"
"LB-ALIAS-C9BB778C676A","Kahf El-Malloul","kahf el malloul","en","LB-LOC-37373","[object Object]","true"
"LB-ALIAS-CCD1636433FD","كفَ الملول","كف الملول","ar","LB-LOC-37373","[object Object]","true"
"LB-ALIAS-EB0EFD601F2D","Karm El-Mohr","karm el mohr","en","LB-LOC-37347","[object Object]","true"
"LB-ALIAS-822B673FF7F1","كرم المهر","كرم المهر","ar","LB-LOC-37347","[object Object]","true"
"LB-ALIAS-F5A4D430C509","Kfar Bibnine","kfar bibnine","en","LB-LOC-37395","[object Object]","true"
"LB-ALIAS-F95B198827CA","كفر ببنين","كفر ببنين","ar","LB-LOC-37395","[object Object]","true"
"LB-ALIAS-A78AA6FF703A","Kfar Chellane","kfar chellane","en","LB-LOC-37363","[object Object]","true"
"LB-ALIAS-BA54E38108AC","كفر شلان","كفر شلان","ar","LB-LOC-37363","[object Object]","true"
"LB-ALIAS-2A9EEA06C5E8","Kfar Habou","kfar habou","en","LB-LOC-37365","[object Object]","true"
"LB-ALIAS-B957828DBCF8","كفر حبو","كفر حبو","ar","LB-LOC-37365","[object Object]","true"
"LB-ALIAS-4F6DCBAE0459","Kharroub-Miniyeh","kharroub miniyeh","en","LB-LOC-37335","[object Object]","true"
"LB-ALIAS-18DD0951FC8B","خرنوب المنيه","خرنوب المنيه","ar","LB-LOC-37335","[object Object]","true"
"LB-ALIAS-EA39D1368D4B","Mazraat El-Kreme","mazraat el kreme","en","LB-LOC-37389","[object Object]","true"
"LB-ALIAS-D0747E3CB3A1","مزرعة الكريم","مزرعة الكريم","ar","LB-LOC-37389","[object Object]","true"
"LB-ALIAS-A51FF35C8D16","Mazraat Ketrane","mazraat ketrane","en","LB-LOC-37314","[object Object]","true"
"LB-ALIAS-FA166CE16D5F","مزرعة كتران","مزرعة كتران","ar","LB-LOC-37314","[object Object]","true"
"LB-ALIAS-8CBB998DEB24","Merkebta","merkebta","en","LB-LOC-37381","[object Object]","true"
"LB-ALIAS-606C1C5988E9","مركبتا","مركبتا","ar","LB-LOC-37381","[object Object]","true"
"LB-ALIAS-3EF93B0C0A1E","Mimrine","mimrine","en","LB-LOC-37325","[object Object]","true"
"LB-ALIAS-D883C56115BF","نمرين","نمرين","ar","LB-LOC-37325","[object Object]","true"
"LB-ALIAS-535BE095B345","Minie","minie","en","LB-LOC-37271","[object Object]","true"
"LB-ALIAS-F7D5C209E5C5","المنيه","المنيه","ar","LB-LOC-37271","[object Object]","true"
"LB-ALIAS-21AD6E62A737","Mrah Es-Sfire","mrah es sfire","en","LB-LOC-37331","[object Object]","true"
"LB-ALIAS-5D13D922C75A","مراح السفيرة","مراح السفيرة","ar","LB-LOC-37331","[object Object]","true"
"LB-ALIAS-9D7F1E622602","Mrah Es-Srayj","mrah es srayj","en","LB-LOC-37351","[object Object]","true"
"LB-ALIAS-01DF4E13D555","مراح السريج","مراح السريج","ar","LB-LOC-37351","[object Object]","true"
"LB-ALIAS-39738FBB4E95","Mrebbine","mrebbine","en","LB-LOC-37385","[object Object]","true"
"LB-ALIAS-68C4A9B676CF","مربين","مربين","ar","LB-LOC-37385","[object Object]","true"
"LB-ALIAS-9BE17A58C0FE","Nabi Youcheaa","nabi youcheaa","en","LB-LOC-37261","[object Object]","true"
"LB-ALIAS-8EB74355B0FA","النبي يوشع","النبي يوشع","ar","LB-LOC-37261","[object Object]","true"
"LB-ALIAS-02B95D06F9E5","Qarhaiya","qarhaiya","en","LB-LOC-37360","[object Object]","true"
"LB-ALIAS-610F894908A3","قرحيا","قرحيا","ar","LB-LOC-37360","[object Object]","true"
"LB-ALIAS-B588CC1FBC4B","Qarne","qarne","en","LB-LOC-37383","[object Object]","true"
"LB-ALIAS-96751B7DFCA2","القرن","القرن","ar","LB-LOC-37383","[object Object]","true"
"LB-ALIAS-9815E82AABE2","Qarsaita","qarsaita","en","LB-LOC-37339","[object Object]","true"
"LB-ALIAS-AB996F068F91","قرصيتا","قرصيتا","ar","LB-LOC-37339","[object Object]","true"
"LB-ALIAS-B5E1EF1446F3","Qattineh-Miniyeh","qattineh miniyeh","en","LB-LOC-37315","[object Object]","true"
"LB-ALIAS-1AE974EA32EA","القطين المنيه","القطين المنيه","ar","LB-LOC-37315","[object Object]","true"
"LB-ALIAS-C39E9970F40D","Qemmamine","qemmamine","en","LB-LOC-37344","[object Object]","true"
"LB-ALIAS-2149111FB4C7","قمامين","قمامين","ar","LB-LOC-37344","[object Object]","true"
"LB-ALIAS-F5FECEFE81A7","Qraine","qraine","en","LB-LOC-37353","[object Object]","true"
"LB-ALIAS-7140E859B0EA","قرين","قرين","ar","LB-LOC-37353","[object Object]","true"
"LB-ALIAS-42924039405C","Raouda-Aadoua","raouda aadoua","en","LB-LOC-37382","[object Object]","true"
"LB-ALIAS-4230098F98E8","روضه المنيه","روضه المنيه","ar","LB-LOC-37382","[object Object]","true"
"LB-ALIAS-DAD1BCA9DF5F","Rihaniyet-Miniyeh","rihaniyet miniyeh","en","LB-LOC-37281","[object Object]","true"
"LB-ALIAS-5FFD66475A41","ريحانيه المنيه","ريحانيه المنيه","ar","LB-LOC-37281","[object Object]","true"
"LB-ALIAS-A6D4DF11A1C8","Sfireh","sfireh","en","LB-LOC-37337","[object Object]","true"
"LB-ALIAS-3D9C100F174E","سفيرة","سفيرة","ar","LB-LOC-37337","[object Object]","true"
"LB-ALIAS-54A7F41CB495","Sir Ed-Danniyeh","sir ed danniyeh","en","LB-LOC-37311","[object Object]","true"
"LB-ALIAS-E36813CEB935","سير الضنية","سير الضنية","ar","LB-LOC-37311","[object Object]","true"
"LB-ALIAS-C7B260BE4179","Tarane","tarane","en","LB-LOC-37323","[object Object]","true"
"LB-ALIAS-B61E71DB63A1","طاران","طاران","ar","LB-LOC-37323","[object Object]","true"
"LB-ALIAS-8D20F96BC7BE","Terbol-Miniyeh","terbol miniyeh","en","LB-LOC-37387","[object Object]","true"
"LB-ALIAS-66D1E17C1827","تربل المنيه","تربل المنيه","ar","LB-LOC-37387","[object Object]","true"
"LB-ALIAS-F84E637C7A8C","Zaghartaghrine","zaghartaghrine","en","LB-LOC-37369","[object Object]","true"
"LB-ALIAS-91BE10000960","زغرتغرين","زغرتغرين","ar","LB-LOC-37369","[object Object]","true"
"LB-ALIAS-4E294FBFCA2D","Zouq Bhannine","zouq bhannine","en","LB-LOC-37291","[object Object]","true"
"LB-ALIAS-467D9AC0E7D5","ذوق بحنين","ذوق بحنين","ar","LB-LOC-37291","[object Object]","true"
"LB-ALIAS-7584A6909C29","Mina Jardin","mina jardin","en","LB-LOC-31186","[object Object]","true"
"LB-ALIAS-C5AECE88C21E","بساتين المينا","بساتين المينا","ar","LB-LOC-31186","[object Object]","true"
"LB-ALIAS-FBCC9922133A","Mina N:1","mina n:1","en","LB-LOC-31171","[object Object]","true"
"LB-ALIAS-03F313D5BB76","مينا طرابلس 1","مينا طرابلس 1","ar","LB-LOC-31171","[object Object]","true"
"LB-ALIAS-A8242BCBAEB0","Mina N:2","mina n:2","en","LB-LOC-31176","[object Object]","true"
"LB-ALIAS-83E544ADB95F","مينا طرابلس 2","مينا طرابلس 2","ar","LB-LOC-31176","[object Object]","true"
"LB-ALIAS-0BC9D2E33857","Mina N:3","mina n:3","en","LB-LOC-31181","[object Object]","true"
"LB-ALIAS-89AB6977B8F6","المينا","المينا","ar","LB-LOC-31181","[object Object]","true"
"LB-ALIAS-B4061FE97725","Qalamoun","qalamoun","en","LB-LOC-31221","[object Object]","true"
"LB-ALIAS-EC6B3E6B74E5","القلمون","القلمون","ar","LB-LOC-31221","[object Object]","true"
"LB-ALIAS-2A556C96E9F9","Trablous El Hadid","trablous el hadid","en","LB-LOC-31146","[object Object]","true"
"LB-ALIAS-389CAB2821B5","الحديد","الحديد","ar","LB-LOC-31146","[object Object]","true"
"LB-ALIAS-28F53929444F","Trablous El Mhatra","trablous el mhatra","en","LB-LOC-31131","[object Object]","true"
"LB-ALIAS-94DDE299DD1A","المهاترة","المهاترة","ar","LB-LOC-31131","[object Object]","true"
"LB-ALIAS-4BB68BD9BB91","Trablous El-Haddadine, El-Hadid, El-Mharta","trablous el haddadine, el hadid, el mharta","en","LB-LOC-31116","[object Object]","true"
"LB-ALIAS-505D413E2DA0","الحدادين","الحدادين","ar","LB-LOC-31116","[object Object]","true"
"LB-ALIAS-50526301F88F","Trablous El-Qobbe","trablous el qobbe","en","LB-LOC-31151","[object Object]","true"
"LB-ALIAS-D34F2C365159","القبة","القبة","ar","LB-LOC-31151","[object Object]","true"
"LB-ALIAS-02BFF652678D","Trablous En-Nouri","trablous en nouri","en","LB-LOC-31126","[object Object]","true"
"LB-ALIAS-0DB3766F5BD5","النوري","النوري","ar","LB-LOC-31126","[object Object]","true"
"LB-ALIAS-8209C78B0AC9","Trablous Er-Remmaneh","trablous er remmaneh","en","LB-LOC-31136","[object Object]","true"
"LB-ALIAS-B776B5BC1967","الرمانة","الرمانة","ar","LB-LOC-31136","[object Object]","true"
"LB-ALIAS-928CE05B419B","Trablous Es-Souayqa","trablous es souayqa","en","LB-LOC-31141","[object Object]","true"
"LB-ALIAS-E537FF44AF6C","السويقة","السويقة","ar","LB-LOC-31141","[object Object]","true"
"LB-ALIAS-0A682E2F8219","Trablous et Tabbaneh","trablous et tabbaneh","en","LB-LOC-31161","[object Object]","true"
"LB-ALIAS-898C136C4466","التبانة","التبانة","ar","LB-LOC-31161","[object Object]","true"
"LB-ALIAS-F6A4083AF106","Trablous Et-Tell","trablous et tell","en","LB-LOC-31121","[object Object]","true"
"LB-ALIAS-017BBA58B86D","التل","التل","ar","LB-LOC-31121","[object Object]","true"
"LB-ALIAS-DA15A625FB65","Trablous Ez-Zahrieh","trablous ez zahrieh","en","LB-LOC-31156","[object Object]","true"
"LB-ALIAS-BC3AF3B098B6","الزاهرية","الزاهرية","ar","LB-LOC-31156","[object Object]","true"
"LB-ALIAS-FCCD00817EFF","Trablous Ez-Zeitoun","trablous ez zeitoun","en","LB-LOC-31111","[object Object]","true"
"LB-ALIAS-1DBDFF46F938","طرابلس الزيتون","طرابلس الزيتون","ar","LB-LOC-31111","[object Object]","true"
"LB-ALIAS-146970E075E1","Trablous jardins","trablous jardins","en","LB-LOC-31166","[object Object]","true"
"LB-ALIAS-26B88938F520","بساتين طرابلس","بساتين طرابلس","ar","LB-LOC-31166","[object Object]","true"
"LB-ALIAS-A8972186B638","Aachach","aachach","en","LB-LOC-33267","[object Object]","true"
"LB-ALIAS-BF6748D49F60","عشاش","عشاش","ar","LB-LOC-33267","[object Object]","true"
"LB-ALIAS-26BF924F8C03","Aalma","aalma","en","LB-LOC-33133","[object Object]","true"
"LB-ALIAS-36D2A7D05732","علما","علما","ar","LB-LOC-33133","[object Object]","true"
"LB-ALIAS-3DF776760668","Aarbet Qozhaiya","aarbet qozhaiya","en","LB-LOC-33227","[object Object]","true"
"LB-ALIAS-B69919BFBAC4","عربة قزحيا","عربة قزحيا","ar","LB-LOC-33227","[object Object]","true"
"LB-ALIAS-C011B632679F","Aardat","aardat","en","LB-LOC-33113","[object Object]","true"
"LB-ALIAS-278D344DF7A2","عردات","عردات","ar","LB-LOC-33113","[object Object]","true"
"LB-ALIAS-DE2F1B357CD1","Aarjis","aarjis","en","LB-LOC-33161","[object Object]","true"
"LB-ALIAS-BA6C2CDF40B1","عرجس","عرجس","ar","LB-LOC-33161","[object Object]","true"
"LB-ALIAS-CEC2986175D0","Aintourine","aintourine","en","LB-LOC-33219","[object Object]","true"
"LB-ALIAS-4C6BD9542DAD","عينطورين","عينطورين","ar","LB-LOC-33219","[object Object]","true"
"LB-ALIAS-324E79A3BAF3","Arde","arde","en","LB-LOC-33123","[object Object]","true"
"LB-ALIAS-FACE68FC7FE2","أرده","ارده","ar","LB-LOC-33123","[object Object]","true"
"LB-ALIAS-1749313EC198","Asnoun","asnoun","en","LB-LOC-33125","[object Object]","true"
"LB-ALIAS-0EF2544A8655","اصنون","اصنون","ar","LB-LOC-33125","[object Object]","true"
"LB-ALIAS-51DA3E30E39E","Ayto","ayto","en","LB-LOC-33243","[object Object]","true"
"LB-ALIAS-1A5591750BD5","أيطو","ايطو","ar","LB-LOC-33243","[object Object]","true"
"LB-ALIAS-12565EDE2575","Bchannine","bchannine","en","LB-LOC-33157","[object Object]","true"
"LB-ALIAS-A0CC4BAFAB15","بشنين","بشنين","ar","LB-LOC-33157","[object Object]","true"
"LB-ALIAS-25EB49D0C96A","Beslouqit","beslouqit","en","LB-LOC-33215","[object Object]","true"
"LB-ALIAS-AF3FAD177808","بسلوقيت","بسلوقيت","ar","LB-LOC-33215","[object Object]","true"
"LB-ALIAS-620F027BEA26","Bhairet Toula","bhairet toula","en","LB-LOC-33239","[object Object]","true"
"LB-ALIAS-8306AB4E418B","بحيرة تولا","بحيرة تولا","ar","LB-LOC-33239","[object Object]","true"
"LB-ALIAS-21D98D574874","Bnechaai","bnechaai","en","LB-LOC-33159","[object Object]","true"
"LB-ALIAS-22EA25CBB4F3","بنشعي","بنشعي","ar","LB-LOC-33159","[object Object]","true"
"LB-ALIAS-B4A2BE0461CB","Boussit","boussit","en","LB-LOC-33279","[object Object]","true"
"LB-ALIAS-4B80396BE321","بوسيط","بوسيط","ar","LB-LOC-33279","[object Object]","true"
"LB-ALIAS-A11A0AF2B4F0","Bsebaal","bsebaal","en","LB-LOC-33149","[object Object]","true"
"LB-ALIAS-67DFDAE16B72","بسبعل","بسبعل","ar","LB-LOC-33149","[object Object]","true"
"LB-ALIAS-8CC4581AD166","Danha","danha","en","LB-LOC-33263","[object Object]","true"
"LB-ALIAS-BA2BB3D05BF2","دنها","دنها","ar","LB-LOC-33263","[object Object]","true"
"LB-ALIAS-A4F3B6ACFE5D","Daraiya Zgharta","daraiya zgharta","en","LB-LOC-33163","[object Object]","true"
"LB-ALIAS-62A5641E8E65","داريا","داريا","ar","LB-LOC-33163","[object Object]","true"
"LB-ALIAS-6062987C376D","Deir Jdeide","deir jdeide","en","LB-LOC-33137","[object Object]","true"
"LB-ALIAS-229662D5B3B5","الجديدة زغرتا","الجديدة زغرتا","ar","LB-LOC-33137","[object Object]","true"
"LB-ALIAS-57C576E5807D","Ehden","ehden","en","LB-LOC-33211","[object Object]","true"
"LB-ALIAS-4127C16856FE","اهدن","اهدن","ar","LB-LOC-33211","[object Object]","true"
"LB-ALIAS-6676904EC18C","Hailan","hailan","en","LB-LOC-33275","[object Object]","true"
"LB-ALIAS-D75A03F8D121","حيلان زغرتا","حيلان زغرتا","ar","LB-LOC-33275","[object Object]","true"
"LB-ALIAS-0EAE48D661DF","Hariq Zgharta","hariq zgharta","en","LB-LOC-33131","[object Object]","true"
"LB-ALIAS-8525DB21ABA8","حريق زغرتا","حريق زغرتا","ar","LB-LOC-33131","[object Object]","true"
"LB-ALIAS-2D27D743BF39","Houakir","houakir","en","LB-LOC-33152","[object Object]","true"
"LB-ALIAS-BF859F539CC4","حواكير","حواكير","ar","LB-LOC-33152","[object Object]","true"
"LB-ALIAS-9FC82C350AF1","Hraiqis","hraiqis","en","LB-LOC-33287","[object Object]","true"
"LB-ALIAS-809AC4480369","حريقص","حريقص","ar","LB-LOC-33287","[object Object]","true"
"LB-ALIAS-32979AAC538F","Iaal","iaal","en","LB-LOC-33141","[object Object]","true"
"LB-ALIAS-A691F3058334","إيعال","ايعال","ar","LB-LOC-33141","[object Object]","true"
"LB-ALIAS-3E8CD6392519","Ijbaa","ijbaa","en","LB-LOC-33291","[object Object]","true"
"LB-ALIAS-2B43EEF0A918","اجبع","اجبع","ar","LB-LOC-33291","[object Object]","true"
"LB-ALIAS-C1824C766D44","Karm Saddeh","karm saddeh","en","LB-LOC-33169","[object Object]","true"
"LB-ALIAS-678636BBB8CB","كرم سده","كرم سده","ar","LB-LOC-33169","[object Object]","true"
"LB-ALIAS-00FCBCDC35FF","Kfarchakhna","kfarchakhna","en","LB-LOC-33147","[object Object]","true"
"LB-ALIAS-F4CC17C26793","كفر شخنا","كفر شخنا","ar","LB-LOC-33147","[object Object]","true"
"LB-ALIAS-BEF6F5FE3F61","Kfardlaqous","kfardlaqous","en","LB-LOC-33115","[object Object]","true"
"LB-ALIAS-A2F23A72B960","كفردلاقوس","كفردلاقوس","ar","LB-LOC-33115","[object Object]","true"
"LB-ALIAS-74B2AE2A4F46","Kfarfou","kfarfou","en","LB-LOC-33165","[object Object]","true"
"LB-ALIAS-077976F10E27","كفر فو","كفر فو","ar","LB-LOC-33165","[object Object]","true"
"LB-ALIAS-D28012C41C22","Kfarhata Zgharta","kfarhata zgharta","en","LB-LOC-33121","[object Object]","true"
"LB-ALIAS-823ED626CF58","كفر حاتا","كفر حاتا","ar","LB-LOC-33121","[object Object]","true"
"LB-ALIAS-50D2D56990DE","Kfarhoura","kfarhoura","en","LB-LOC-33143","[object Object]","true"
"LB-ALIAS-5F23CE6D810A","كفر حورا","كفر حورا","ar","LB-LOC-33143","[object Object]","true"
"LB-ALIAS-D94281EB7179","Kfarsghab","kfarsghab","en","LB-LOC-33223","[object Object]","true"
"LB-ALIAS-21C855D3BCC7","كفر صغاب","كفر صغاب","ar","LB-LOC-33223","[object Object]","true"
"LB-ALIAS-9A789F7F388A","Kfaryachit","kfaryachit","en","LB-LOC-33153","[object Object]","true"
"LB-ALIAS-D6CD36A226F1","كفر ياشيت","كفر ياشيت","ar","LB-LOC-33153","[object Object]","true"
"LB-ALIAS-09EB091CC1C2","Kfarzaina","kfarzaina","en","LB-LOC-33145","[object Object]","true"
"LB-ALIAS-7B1A4DA00F62","كفر زينا","كفر زينا","ar","LB-LOC-33145","[object Object]","true"
"LB-ALIAS-CEB857F2F9A6","Khaldiyeh","khaldiyeh","en","LB-LOC-33139","[object Object]","true"
"LB-ALIAS-AE0876257B8A","خالدية","خالدية","ar","LB-LOC-33139","[object Object]","true"
"LB-ALIAS-D485E2B53FA2","Mazraat Ajbeaa","mazraat ajbeaa","en","LB-LOC-33127","[object Object]","true"
"LB-ALIAS-47409F9F1E54","مزرعة إجبع","مزرعة اجبع","ar","LB-LOC-33127","[object Object]","true"
"LB-ALIAS-CF264AF94701","Mazraat Et-Teffah","mazraat et teffah","en","LB-LOC-33235","[object Object]","true"
"LB-ALIAS-7FEA9949F34F","مزرعة التفاح","مزرعة التفاح","ar","LB-LOC-33235","[object Object]","true"
"LB-ALIAS-7137AE8FBF2B","Mazraat Jnaid","mazraat jnaid","en","LB-LOC-33135","[object Object]","true"
"LB-ALIAS-5731AAA4AD2A","مزرعة جنيد","مزرعة جنيد","ar","LB-LOC-33135","[object Object]","true"
"LB-ALIAS-D96AF70DAA81","Mejdlaiya Zgharta","mejdlaiya zgharta","en","LB-LOC-33129","[object Object]","true"
"LB-ALIAS-56DBC6E19781","مجدليا زغرتا","مجدليا زغرتا","ar","LB-LOC-33129","[object Object]","true"
"LB-ALIAS-9DE79490AA37","Miriata","miriata","en","LB-LOC-33271","[object Object]","true"
"LB-ALIAS-AA452ABAC9A1","مرياطا","مرياطا","ar","LB-LOC-33271","[object Object]","true"
"LB-ALIAS-49A9B0ECE9BC","Miziara","miziara","en","LB-LOC-33251","[object Object]","true"
"LB-ALIAS-54A3001E07F0","مزيارة","مزيارة","ar","LB-LOC-33251","[object Object]","true"
"LB-ALIAS-2AF65696361C","Morh Kfarsghab","morh kfarsghab","en","LB-LOC-33155","[object Object]","true"
"LB-ALIAS-D38347A2A133","كفرصغاب","كفرصغاب","ar","LB-LOC-33155","[object Object]","true"
"LB-ALIAS-1A4FBC8B2904","Mzraat Kefraya","mzraat kefraya","en","LB-LOC-33283","[object Object]","true"
"LB-ALIAS-AC532CA36CDE","كفريا زغرتا","كفريا زغرتا","ar","LB-LOC-33283","[object Object]","true"
"LB-ALIAS-4818C7550BA4","Qarah Bach","qarah bach","en","LB-LOC-33119","[object Object]","true"
"LB-ALIAS-A84902ABADA7","قره باش","قره باش","ar","LB-LOC-33119","[object Object]","true"
"LB-ALIAS-D34DE44B680E","Rachaaine","rachaaine","en","LB-LOC-33117","[object Object]","true"
"LB-ALIAS-032B6139154F","رشعين","رشعين","ar","LB-LOC-33117","[object Object]","true"
"LB-ALIAS-5E5E0B858E5B","Ras Kifa","ras kifa","en","LB-LOC-33167","[object Object]","true"
"LB-ALIAS-1D8B30AB7AD7","راس كيفا","راس كيفا","ar","LB-LOC-33167","[object Object]","true"
"LB-ALIAS-0B3CA9BE51A6","Sakhra","sakhra","en","LB-LOC-33151","[object Object]","true"
"LB-ALIAS-98B6FC271477","صخرة","صخرة","ar","LB-LOC-33151","[object Object]","true"
"LB-ALIAS-2696E6CAFE6A","Sebaal Zgharta","sebaal zgharta","en","LB-LOC-33259","[object Object]","true"
"LB-ALIAS-C5954FCCFDFF","سبعل زغرتا","سبعل زغرتا","ar","LB-LOC-33259","[object Object]","true"
"LB-ALIAS-6D24E7A9D5F5","Seraal","seraal","en","LB-LOC-33255","[object Object]","true"
"LB-ALIAS-22FAEA6D5797","سرعيل","سرعيل","ar","LB-LOC-33255","[object Object]","true"
"LB-ALIAS-35C83811D4FA","Tallet Zgharta","tallet zgharta","en","LB-LOC-33171","[object Object]","true"
"LB-ALIAS-E56603D57612","تلة زغرتا","تلة زغرتا","ar","LB-LOC-33171","[object Object]","true"
"LB-ALIAS-EF1F835FBB40","Toula Zgharta","toula zgharta","en","LB-LOC-33231","[object Object]","true"
"LB-ALIAS-827B01603225","تولا زغرتا","تولا زغرتا","ar","LB-LOC-33231","[object Object]","true"
"LB-ALIAS-1C4F2ABE6E26","Zgharta","zgharta","en","LB-LOC-33111","[object Object]","true"
"LB-ALIAS-F6791C842771","زغرتا","زغرتا","ar","LB-LOC-33111","[object Object]","true"
"LB-ALIAS-301748745B23","A'ain El-Mir (El Establ)","a ain el mir (el establ)","en","LB-LOC-63214","[object Object]","true"
"LB-ALIAS-189B214D9DAD","عين المير إسطبل","عين المير اسطبل","ar","LB-LOC-63214","[object Object]","true"
"LB-ALIAS-02DE927DBEB7","Aaramta","aaramta","en","LB-LOC-63311","[object Object]","true"
"LB-ALIAS-DC4B2EBADD8C","عرمتى","عرمتي","ar","LB-LOC-63311","[object Object]","true"
"LB-ALIAS-6FABCD679679","Aaray","aaray","en","LB-LOC-63131","[object Object]","true"
"LB-ALIAS-DB2D00E56EFE","عاريه","عاريه","ar","LB-LOC-63131","[object Object]","true"
"LB-ALIAS-42FA12257CA6","Aaychiyeh","aaychiyeh","en","LB-LOC-63355","[object Object]","true"
"LB-ALIAS-303B903A67A2","عيشية","عيشية","ar","LB-LOC-63355","[object Object]","true"
"LB-ALIAS-53D9A4422221","Aazour","aazour","en","LB-LOC-63184","[object Object]","true"
"LB-ALIAS-FEB0B460F3B2","عازور","عازور","ar","LB-LOC-63184","[object Object]","true"
"LB-ALIAS-77BB833CE713","Anane","anane","en","LB-LOC-63274","[object Object]","true"
"LB-ALIAS-3D1DCA217F50","أنان","انان","ar","LB-LOC-63274","[object Object]","true"
"LB-ALIAS-1A70C50CDCF6","Bayssour Jezzine","bayssour jezzine","en","LB-LOC-63221","[object Object]","true"
"LB-ALIAS-D5A6DA6D1AC1","بيصور جزين","بيصور جزين","ar","LB-LOC-63221","[object Object]","true"
"LB-ALIAS-6D6FA541182E","Behbeh","behbeh","en","LB-LOC-63174","[object Object]","true"
"LB-ALIAS-B9A2123A0AC0","بيبه","بيبه","ar","LB-LOC-63174","[object Object]","true"
"LB-ALIAS-B22FCC0BB976","Benouati Jezzine","benouati jezzine","en","LB-LOC-63144","[object Object]","true"
"LB-ALIAS-BCCFDDACC7DC","بنواتي جزين","بنواتي جزين","ar","LB-LOC-63144","[object Object]","true"
"LB-ALIAS-8A584AC7BD47","Bhannine","bhannine","en","LB-LOC-63181","[object Object]","true"
"LB-ALIAS-B8E723576FDB","بحنين","بحنين","ar","LB-LOC-63181","[object Object]","true"
"LB-ALIAS-4E4AEEB8352C","Bisri","bisri","en","LB-LOC-63191","[object Object]","true"
"LB-ALIAS-D83CE7F57C8D","بسري","بسري","ar","LB-LOC-63191","[object Object]","true"
"LB-ALIAS-DDA39B6442FF","Bkassine","bkassine","en","LB-LOC-63124","[object Object]","true"
"LB-ALIAS-FF9B9B2B36C1","بكاسين","بكاسين","ar","LB-LOC-63124","[object Object]","true"
"LB-ALIAS-BCD4389231C5","Bouslaya","bouslaya","en","LB-LOC-63385","[object Object]","true"
"LB-ALIAS-A4F31AFF2BB2","بوصلايا","بوصلايا","ar","LB-LOC-63385","[object Object]","true"
"LB-ALIAS-08610438DBDF","Btedine El-Leqch","btedine el leqch","en","LB-LOC-63151","[object Object]","true"
"LB-ALIAS-862C8607C466","بتدين اللقش","بتدين اللقش","ar","LB-LOC-63151","[object Object]","true"
"LB-ALIAS-AEEFEE5525F6","Chbail","chbail","en","LB-LOC-63347","[object Object]","true"
"LB-ALIAS-0919DD5C6810","شبيل","شبيل","ar","LB-LOC-63347","[object Object]","true"
"LB-ALIAS-B8D05FB2C47F","Choualiq Jezzine","choualiq jezzine","en","LB-LOC-63247","[object Object]","true"
"LB-ALIAS-BB2B764045A3","شواليق جزين","شواليق جزين","ar","LB-LOC-63247","[object Object]","true"
"LB-ALIAS-E667F0AAABA6","Dahr Ed-Deir","dahr ed deir","en","LB-LOC-63257","[object Object]","true"
"LB-ALIAS-13A9BF64E04D","ضهر الدير","ضهر الدير","ar","LB-LOC-63257","[object Object]","true"
"LB-ALIAS-BD056B362914","Deir El Qattine","deir el qattine","en","LB-LOC-63284","[object Object]","true"
"LB-ALIAS-2B8DCBCF89EC","دير قطِين","دير قطين","ar","LB-LOC-63284","[object Object]","true"
"LB-ALIAS-0F5DB317F088","Demachqiyeh","demachqiyeh","en","LB-LOC-63379","[object Object]","true"
"LB-ALIAS-C50CCBD110A3","دمشقية","دمشقية","ar","LB-LOC-63379","[object Object]","true"
"LB-ALIAS-D75FC2565240","Ghabbatiyeh","ghabbatiyeh","en","LB-LOC-63141","[object Object]","true"
"LB-ALIAS-C8661FFFEE30","غبَاطية","غباطية","ar","LB-LOC-63141","[object Object]","true"
"LB-ALIAS-DDB0FF98F163","Harf Jezzine","harf jezzine","en","LB-LOC-63171","[object Object]","true"
"LB-ALIAS-35BBC045E50B","الحرف","الحرف","ar","LB-LOC-63171","[object Object]","true"
"LB-ALIAS-22FDC80D8F28","Hassaniyeh","hassaniyeh","en","LB-LOC-63241","[object Object]","true"
"LB-ALIAS-97760BE7C305","حسانية","حسانية","ar","LB-LOC-63241","[object Object]","true"
"LB-ALIAS-694349C8A643","Haytouleh","haytouleh","en","LB-LOC-63224","[object Object]","true"
"LB-ALIAS-FA2428A0368B","حيتوله","حيتوله","ar","LB-LOC-63224","[object Object]","true"
"LB-ALIAS-BF9C901ECE81","Haytoura","haytoura","en","LB-LOC-63137","[object Object]","true"
"LB-ALIAS-5FFFA936A8DB","حيطورة","حيطورة","ar","LB-LOC-63137","[object Object]","true"
"LB-ALIAS-026C61FDE90D","Hidab","hidab","en","LB-LOC-63281","[object Object]","true"
"LB-ALIAS-EFD62D0C9E9E","حيداب","حيداب","ar","LB-LOC-63281","[object Object]","true"
"LB-ALIAS-EB730EBC3C07","Homsiyeh","homsiyeh","en","LB-LOC-63127","[object Object]","true"
"LB-ALIAS-F980E0749BB4","حمصية","حمصية","ar","LB-LOC-63127","[object Object]","true"
"LB-ALIAS-8BC39E204F52","Jabal Toura","jabal toura","en","LB-LOC-63164","[object Object]","true"
"LB-ALIAS-A805B09B102F","جبل طوره","جبل طوره","ar","LB-LOC-63164","[object Object]","true"
"LB-ALIAS-EA1F3CCF7CBD","Jarmaq","jarmaq","en","LB-LOC-63375","[object Object]","true"
"LB-ALIAS-4375245C0C7F","الجرمق","الجرمق","ar","LB-LOC-63375","[object Object]","true"
"LB-ALIAS-A6DECB72D21D","Jensnaya","jensnaya","en","LB-LOC-63261","[object Object]","true"
"LB-ALIAS-A7F093955AEB","جنسنايا","جنسنايا","ar","LB-LOC-63261","[object Object]","true"
"LB-ALIAS-7E08D38F7748","Jernaya","jernaya","en","LB-LOC-63294","[object Object]","true"
"LB-ALIAS-59405410EC10","جرنايا","جرنايا","ar","LB-LOC-63294","[object Object]","true"
"LB-ALIAS-5E51886F0B80","Jezzine","jezzine","en","LB-LOC-63111","[object Object]","true"
"LB-ALIAS-A610AC60DB0F","جزين","جزين","ar","LB-LOC-63111","[object Object]","true"
"LB-ALIAS-A50DEF1FCB46","Karkha","karkha","en","LB-LOC-63244","[object Object]","true"
"LB-ALIAS-AF48C3FAEE11","كرخا","كرخا","ar","LB-LOC-63244","[object Object]","true"
"LB-ALIAS-5AE7D80EBC86","Kfar Falous","kfar falous","en","LB-LOC-63211","[object Object]","true"
"LB-ALIAS-207C6A20B1DC","كفرفالوس","كفرفالوس","ar","LB-LOC-63211","[object Object]","true"
"LB-ALIAS-47298370A652","Kfar Houneh","kfar houneh","en","LB-LOC-63167","[object Object]","true"
"LB-ALIAS-1291C766A8B0","كفرحون","كفرحون","ar","LB-LOC-63167","[object Object]","true"
"LB-ALIAS-EF097DD3E98D","Kfar Jarra","kfar jarra","en","LB-LOC-63267","[object Object]","true"
"LB-ALIAS-71673AC6A77C","كفرجرا","كفرجرا","ar","LB-LOC-63267","[object Object]","true"
"LB-ALIAS-8146DFC6CED5","Lebaa","lebaa","en","LB-LOC-63227","[object Object]","true"
"LB-ALIAS-E85CA8B41187","لبعا","لبعا","ar","LB-LOC-63227","[object Object]","true"
"LB-ALIAS-6057101AD880","Louayzet Jezzine","louayzet jezzine","en","LB-LOC-63331","[object Object]","true"
"LB-ALIAS-6D055CF6A3E6","لويزة جزين","لويزة جزين","ar","LB-LOC-63331","[object Object]","true"
"LB-ALIAS-BD205B9050ED","Machmoucheh","machmoucheh","en","LB-LOC-63157","[object Object]","true"
"LB-ALIAS-ADF9BF8DBC79","مشموشة","مشموشة","ar","LB-LOC-63157","[object Object]","true"
"LB-ALIAS-94EB7C5A9180","Mahmoudiyeh Jezzine","mahmoudiyeh jezzine","en","LB-LOC-63371","[object Object]","true"
"LB-ALIAS-9F291AF8514D","محمودية جزين","محمودية جزين","ar","LB-LOC-63371","[object Object]","true"
"LB-ALIAS-0412DC727D2B","Maknounet Jezzine","maknounet jezzine","en","LB-LOC-63147","[object Object]","true"
"LB-ALIAS-7DF8288C1F44","مكنونية","مكنونية","ar","LB-LOC-63147","[object Object]","true"
"LB-ALIAS-12EF26F1EFC2","Maraat Ouazaiyeh","maraat ouazaiyeh","en","LB-LOC-63359","[object Object]","true"
"LB-ALIAS-AB1D1221A476","اوزاعية","اوزاعية","ar","LB-LOC-63359","[object Object]","true"
"LB-ALIAS-30A978BA4FC4","Mazraat","mazraat","en","LB-LOC-63323","[object Object]","true"
"LB-ALIAS-4B87A04BE914","مزرعة عقماتا","مزرعة عقماتا","ar","LB-LOC-63323","[object Object]","true"
"LB-ALIAS-ACE5594DB3E3","Mazraat Daraya","mazraat daraya","en","LB-LOC-63378","[object Object]","true"
"LB-ALIAS-D20269428B77","داريا جزين","داريا جزين","ar","LB-LOC-63378","[object Object]","true"
"LB-ALIAS-AB0B041B2602","Mazraat El-Aarqoub","mazraat el aarqoub","en","LB-LOC-63367","[object Object]","true"
"LB-ALIAS-DA3263BA9949","مزرعة العرقوب","مزرعة العرقوب","ar","LB-LOC-63367","[object Object]","true"
"LB-ALIAS-C5E372A19F08","Mazraat El-Mathane","mazraat el mathane","en","LB-LOC-63297","[object Object]","true"
"LB-ALIAS-C47C5E5AED85","مزرعة المطحنة","مزرعة المطحنة","ar","LB-LOC-63297","[object Object]","true"
"LB-ALIAS-B38926BA008A","Mazraat Er-Rouhbane","mazraat er rouhbane","en","LB-LOC-63194","[object Object]","true"
"LB-ALIAS-66D3D6C22B45","مزرعة الرهبان","مزرعة الرهبان","ar","LB-LOC-63194","[object Object]","true"
"LB-ALIAS-78AF4353A0EC","Mazraat Khallet Khazen","mazraat khallet khazen","en","LB-LOC-63335","[object Object]","true"
"LB-ALIAS-3FA4078C6E7E","خلة خازن","خلة خازن","ar","LB-LOC-63335","[object Object]","true"
"LB-ALIAS-9A21B6BB34FC","Mazraat Louzid (Louayziyeh)","mazraat louzid (louayziyeh)","en","LB-LOC-63348","[object Object]","true"
"LB-ALIAS-310F2D066FB0","مزرعة لوزيد","مزرعة لوزيد","ar","LB-LOC-63348","[object Object]","true"
"LB-ALIAS-2EA54838D4EC","Mazraat Qrouh","mazraat qrouh","en","LB-LOC-63339","[object Object]","true"
"LB-ALIAS-95DF10D1FAAE","قروح","قروح","ar","LB-LOC-63339","[object Object]","true"
"LB-ALIAS-120C9EACAE9F","Mazraat Tamra","mazraat tamra","en","LB-LOC-63383","[object Object]","true"
"LB-ALIAS-91D6AFA3C9C2","مزرعة طمره","مزرعة طمره","ar","LB-LOC-63383","[object Object]","true"
"LB-ALIAS-AECE690419CF","Mazraat Zighrine Jezzine","mazraat zighrine jezzine","en","LB-LOC-63343","[object Object]","true"
"LB-ALIAS-54908B72047C","زغرين جزين","زغرين جزين","ar","LB-LOC-63343","[object Object]","true"
"LB-ALIAS-C3FCC7CE47A9","Mharbiyeh","mharbiyeh","en","LB-LOC-63231","[object Object]","true"
"LB-ALIAS-858E8D61BBDA","محاربية","محاربية","ar","LB-LOC-63231","[object Object]","true"
"LB-ALIAS-89750765CE37","Midane Jezzine","midane jezzine","en","LB-LOC-63161","[object Object]","true"
"LB-ALIAS-D270F1FB0956","ميدان","ميدان","ar","LB-LOC-63161","[object Object]","true"
"LB-ALIAS-5C1BF30877AF","Mjaydel Jezzine","mjaydel jezzine","en","LB-LOC-63254","[object Object]","true"
"LB-ALIAS-7FEC551861B6","مجيدل","مجيدل","ar","LB-LOC-63254","[object Object]","true"
"LB-ALIAS-B4FF698C6E04","Mlikh","mlikh","en","LB-LOC-63315","[object Object]","true"
"LB-ALIAS-07032926049B","مليخ","مليخ","ar","LB-LOC-63315","[object Object]","true"
"LB-ALIAS-4EDAC27C5C0A","Mrah El-Hbasse","mrah el hbasse","en","LB-LOC-63217","[object Object]","true"
"LB-ALIAS-9664B488ADC1","مراح الحباس","مراح الحباس","ar","LB-LOC-63217","[object Object]","true"
"LB-ALIAS-0FFC9DEDBE41","Ouadi Baanqoudaine","ouadi baanqoudaine","en","LB-LOC-63251","[object Object]","true"
"LB-ALIAS-6E285075C6AA","وادي بعنقودين","وادي بعنقودين","ar","LB-LOC-63251","[object Object]","true"
"LB-ALIAS-5DEE3792442E","Ouadi El-Laymoun","ouadi el laymoun","en","LB-LOC-63234","[object Object]","true"
"LB-ALIAS-59D24798361E","وادي الليمون","وادي الليمون","ar","LB-LOC-63234","[object Object]","true"
"LB-ALIAS-46D761C3ED45","Ouardiyeh","ouardiyeh","en","LB-LOC-63363","[object Object]","true"
"LB-ALIAS-E8D74B6112D8","وردية","وردية","ar","LB-LOC-63363","[object Object]","true"
"LB-ALIAS-14D989BAE198","Qabaa Jezzine","qabaa jezzine","en","LB-LOC-63117","[object Object]","true"
"LB-ALIAS-CDEA07971E26","قبع","قبع","ar","LB-LOC-63117","[object Object]","true"
"LB-ALIAS-46201F1EF51B","Qatrani","qatrani","en","LB-LOC-63327","[object Object]","true"
"LB-ALIAS-DF6BA22BA8EE","قطراني","قطراني","ar","LB-LOC-63327","[object Object]","true"
"LB-ALIAS-D3C6281B1A94","Qaytouleh","qaytouleh","en","LB-LOC-63121","[object Object]","true"
"LB-ALIAS-16C0071B0329","قيتولي","قيتولي","ar","LB-LOC-63121","[object Object]","true"
"LB-ALIAS-159AA1852278","Qtaleh Jezzine","qtaleh jezzine","en","LB-LOC-63291","[object Object]","true"
"LB-ALIAS-07047D17F59C","قتالة جزين","قتالة جزين","ar","LB-LOC-63291","[object Object]","true"
"LB-ALIAS-F439BC164EDB","Rihane Jezzine","rihane jezzine","en","LB-LOC-63319","[object Object]","true"
"LB-ALIAS-05E2C43D2545","ريحانة جزين","ريحانة جزين","ar","LB-LOC-63319","[object Object]","true"
"LB-ALIAS-92B887B52EDC","Rimat","rimat","en","LB-LOC-63264","[object Object]","true"
"LB-ALIAS-35012633CDC0","ريمات","ريمات","ar","LB-LOC-63264","[object Object]","true"
"LB-ALIAS-67E6D6996FA2","Roum","roum","en","LB-LOC-63277","[object Object]","true"
"LB-ALIAS-DA941BC9C74B","روم","روم","ar","LB-LOC-63277","[object Object]","true"
"LB-ALIAS-E7A6BFA67E81","Roummanet","roummanet","en","LB-LOC-63154","[object Object]","true"
"LB-ALIAS-2122ECDC62EA","رمانة","رمانة","ar","LB-LOC-63154","[object Object]","true"
"LB-ALIAS-364365B4183F","Sabbah","sabbah","en","LB-LOC-63134","[object Object]","true"
"LB-ALIAS-92E5874EB319","صّباح","صباح","ar","LB-LOC-63134","[object Object]","true"
"LB-ALIAS-A46EF1BCAA9B","Sanaya","sanaya","en","LB-LOC-63287","[object Object]","true"
"LB-ALIAS-2D16B86C0BB1","سنيَا","سنيا","ar","LB-LOC-63287","[object Object]","true"
"LB-ALIAS-D193C4702DA9","Saydoun","saydoun","en","LB-LOC-63271","[object Object]","true"
"LB-ALIAS-52C7DE5019D1","صيدون","صيدون","ar","LB-LOC-63271","[object Object]","true"
"LB-ALIAS-58A311FFA200","Sehjoud","sehjoud","en","LB-LOC-63351","[object Object]","true"
"LB-ALIAS-A722AF03C304","سجد","سجد","ar","LB-LOC-63351","[object Object]","true"
"LB-ALIAS-6449AD7C4112","Sfaray","sfaray","en","LB-LOC-63237","[object Object]","true"
"LB-ALIAS-973F886FA99C","صفاريه","صفاريه","ar","LB-LOC-63237","[object Object]","true"
"LB-ALIAS-62B75DCE72FD","Srayri","srayri","en","LB-LOC-63298","[object Object]","true"
"LB-ALIAS-CD4F2C69DE36","سريرة","سريرة","ar","LB-LOC-63298","[object Object]","true"
"LB-ALIAS-E6BCEC5B0F78","Taaid","taaid","en","LB-LOC-63187","[object Object]","true"
"LB-ALIAS-5F7144DA05D6","تعيد","تعيد","ar","LB-LOC-63187","[object Object]","true"
"LB-ALIAS-C6465376973C","Wadi Jezzine","wadi jezzine","en","LB-LOC-63114","[object Object]","true"
"LB-ALIAS-1F1974A1FC91","وادي جزين","وادي جزين","ar","LB-LOC-63114","[object Object]","true"
"LB-ALIAS-06AECDFA1818","Zhilta","zhilta","en","LB-LOC-63177","[object Object]","true"
"LB-ALIAS-C70ABAB9A0EA","زحلتا","زحلتا","ar","LB-LOC-63177","[object Object]","true"
"LB-ALIAS-955CC5D9AC16","AAbra Saida","aabra saida","en","LB-LOC-61244","[object Object]","true"
"LB-ALIAS-475996C8FA04","عبرا","عبرا","ar","LB-LOC-61244","[object Object]","true"
"LB-ALIAS-99C623160A44","Aadloun","aadloun","en","LB-LOC-61434","[object Object]","true"
"LB-ALIAS-D4B2F9AE95A5","عدلون","عدلون","ar","LB-LOC-61434","[object Object]","true"
"LB-ALIAS-5772FF81EA56","Aadoussiyeh","aadoussiyeh","en","LB-LOC-61466","[object Object]","true"
"LB-ALIAS-06D86CB8F6B6","عدّوسية","عدوسية","ar","LB-LOC-61466","[object Object]","true"
"LB-ALIAS-BC30EB6394DB","Aain Ed-Delb","aain ed delb","en","LB-LOC-61277","[object Object]","true"
"LB-ALIAS-0676E5FA0FEC","عين الدلب","عين الدلب","ar","LB-LOC-61277","[object Object]","true"
"LB-ALIAS-361D033C1A5C","Aanqoun","aanqoun","en","LB-LOC-61489","[object Object]","true"
"LB-ALIAS-CFC14358D03B","عنقون","عنقون","ar","LB-LOC-61489","[object Object]","true"
"LB-ALIAS-FF052BFA2ACE","Aaqtanit","aaqtanit","en","LB-LOC-61477","[object Object]","true"
"LB-ALIAS-BDD90CD499D4","عقتنيت","عقتنيت","ar","LB-LOC-61477","[object Object]","true"
"LB-ALIAS-82DC6DEDB011","Aarab Ej-Jall","aarab ej jall","en","LB-LOC-61487","[object Object]","true"
"LB-ALIAS-522BB8AD0637","مزرعة عرب الجل","مزرعة عرب الجل","ar","LB-LOC-61487","[object Object]","true"
"LB-ALIAS-BFF6A22F0185","Aarab Tabbaya","aarab tabbaya","en","LB-LOC-61483","[object Object]","true"
"LB-ALIAS-1A481E29B919","مزرعة عرب طبَايا","مزرعة عرب طبايا","ar","LB-LOC-61483","[object Object]","true"
"LB-ALIAS-9C97A380AE70","Arzai","arzai","en","LB-LOC-61417","[object Object]","true"
"LB-ALIAS-EED97FBD242E","أرزي","ارزي","ar","LB-LOC-61417","[object Object]","true"
"LB-ALIAS-6D2FF71BF6F8","Babliyeh","babliyeh","en","LB-LOC-61444","[object Object]","true"
"LB-ALIAS-42F6EFF0F4A5","بابلية","بابلية","ar","LB-LOC-61444","[object Object]","true"
"LB-ALIAS-179476EFAB1A","Berti","berti","en","LB-LOC-61488","[object Object]","true"
"LB-ALIAS-67CDC788BF2C","برتي","برتي","ar","LB-LOC-61488","[object Object]","true"
"LB-ALIAS-01DB577B4E4A","Bissariyeh","bissariyeh","en","LB-LOC-61453","[object Object]","true"
"LB-ALIAS-9F2F85ED4140","بيسارية","بيسارية","ar","LB-LOC-61453","[object Object]","true"
"LB-ALIAS-4EF510DA903A","Bnaafoul","bnaafoul","en","LB-LOC-61481","[object Object]","true"
"LB-ALIAS-18B502549616","بنعفول","بنعفول","ar","LB-LOC-61481","[object Object]","true"
"LB-ALIAS-4E609BD2A403","Bqosta","bqosta","en","LB-LOC-61266","[object Object]","true"
"LB-ALIAS-74CB7FD102CC","بقسطا","بقسطا","ar","LB-LOC-61266","[object Object]","true"
"LB-ALIAS-C9E469CDABE8","Bramiyeh","bramiyeh","en","LB-LOC-61123","[object Object]","true"
"LB-ALIAS-BF0AEA955168","برامية","برامية","ar","LB-LOC-61123","[object Object]","true"
"LB-ALIAS-D35E29186B33","Daoudiyeh","daoudiyeh","en","LB-LOC-61441","[object Object]","true"
"LB-ALIAS-141D86143C0B","الداودية","الداودية","ar","LB-LOC-61441","[object Object]","true"
"LB-ALIAS-6848EF535C9F","Darb Es-Sim","darb es sim","en","LB-LOC-61335","[object Object]","true"
"LB-ALIAS-CD2E3D2D5787","درب السيم","درب السيم","ar","LB-LOC-61335","[object Object]","true"
"LB-ALIAS-5D38D2A153F0","Erkay","erkay","en","LB-LOC-61479","[object Object]","true"
"LB-ALIAS-D599A9897BE2","اركي","اركي","ar","LB-LOC-61479","[object Object]","true"
"LB-ALIAS-9128827111A4","Ghassaniyeh","ghassaniyeh","en","LB-LOC-61447","[object Object]","true"
"LB-ALIAS-E6D43EF3CF2D","غسانية","غسانية","ar","LB-LOC-61447","[object Object]","true"
"LB-ALIAS-6135C0D94F18","Ghaziyeh","ghaziyeh","en","LB-LOC-61311","[object Object]","true"
"LB-ALIAS-A34EF6EF4182","غازية","غازية","ar","LB-LOC-61311","[object Object]","true"
"LB-ALIAS-36F137F2BF32","Hajjeh","hajjeh","en","LB-LOC-61471","[object Object]","true"
"LB-ALIAS-E4A3577F8EF0","حجة","حجة","ar","LB-LOC-61471","[object Object]","true"
"LB-ALIAS-DD1639CE66EC","Haret Saida","haret saida","en","LB-LOC-61159","[object Object]","true"
"LB-ALIAS-12ECCF5C74FA","حارة صيدا","حارة صيدا","ar","LB-LOC-61159","[object Object]","true"
"LB-ALIAS-2A159D7C9B70","Hartiyeh","hartiyeh","en","LB-LOC-61423","[object Object]","true"
"LB-ALIAS-FA22AB9DD394","حارتية","حارتية","ar","LB-LOC-61423","[object Object]","true"
"LB-ALIAS-5EE64B2FB502","Hlaliyeh Saida","hlaliyeh saida","en","LB-LOC-61147","[object Object]","true"
"LB-ALIAS-5EB46D2C2DD8","هلالية صيدا","هلالية صيدا","ar","LB-LOC-61147","[object Object]","true"
"LB-ALIAS-F34459778872","Insariyeh","insariyeh","en","LB-LOC-61436","[object Object]","true"
"LB-ALIAS-D64D56C63642","إنصارية","انصارية","ar","LB-LOC-61436","[object Object]","true"
"LB-ALIAS-1E692D7F8B5F","Jazira Saida","jazira saida","en","LB-LOC-61411","[object Object]","true"
"LB-ALIAS-543278C776E6","جزيرة صيدا","جزيرة صيدا","ar","LB-LOC-61411","[object Object]","true"
"LB-ALIAS-A6B85811F854","Kaoutariyet Es-Siyad","kaoutariyet es siyad","en","LB-LOC-61454","[object Object]","true"
"LB-ALIAS-24FAF91C3820","كوثرية السياد","كوثرية السياد","ar","LB-LOC-61454","[object Object]","true"
"LB-ALIAS-43F248ED3FFF","Kfar Beit","kfar beit","en","LB-LOC-61491","[object Object]","true"
"LB-ALIAS-046E7A33D4BE","كفربيت","كفربيت","ar","LB-LOC-61491","[object Object]","true"
"LB-ALIAS-486472017C7B","Kfar Chellal","kfar chellal","en","LB-LOC-61494","[object Object]","true"
"LB-ALIAS-1B8FCF048BE9","كفر شلال","كفر شلال","ar","LB-LOC-61494","[object Object]","true"
"LB-ALIAS-333B8429BCD3","Kfar Hatta Saida","kfar hatta saida","en","LB-LOC-61493","[object Object]","true"
"LB-ALIAS-9A654A366BD6","كفرحتى","كفرحتي","ar","LB-LOC-61493","[object Object]","true"
"LB-ALIAS-72FB0C5B51EE","Kfar Melki Saida","kfar melki saida","en","LB-LOC-61496","[object Object]","true"
"LB-ALIAS-E7BC33266EA9","كفرملكي صيدا","كفرملكي صيدا","ar","LB-LOC-61496","[object Object]","true"
"LB-ALIAS-8CFEE6FDF0BC","Khartoum","khartoum","en","LB-LOC-61446","[object Object]","true"
"LB-ALIAS-854A2DFF28FA","خرطوم","خرطوم","ar","LB-LOC-61446","[object Object]","true"
"LB-ALIAS-CD169CF573F5","Khayayeb Saida","khayayeb saida","en","LB-LOC-61419","[object Object]","true"
"LB-ALIAS-45377DC4C624","الخرائب صيدا","الخرايب صيدا","ar","LB-LOC-61419","[object Object]","true"
"LB-ALIAS-E3EC90A97ECE","Khirbet Ed-Douair Saida","khirbet ed douair saida","en","LB-LOC-61443","[object Object]","true"
"LB-ALIAS-A3706ABDF531","خربة الدوير صيدا","خربة الدوير صيدا","ar","LB-LOC-61443","[object Object]","true"
"LB-ALIAS-ED0542021A23","Khirbet El-Bassal","khirbet el bassal","en","LB-LOC-61467","[object Object]","true"
"LB-ALIAS-975C88E757A2","خربة البصل","خربة البصل","ar","LB-LOC-61467","[object Object]","true"
"LB-ALIAS-539AC9035963","Khzaiz","khzaiz","en","LB-LOC-61474","[object Object]","true"
"LB-ALIAS-13508FD89F08","خزيز","خزيز","ar","LB-LOC-61474","[object Object]","true"
"LB-ALIAS-8BBBA6DE14BA","Loubieh","loubieh","en","LB-LOC-61439","[object Object]","true"
"LB-ALIAS-DA6C7752BAD0","لوبية","لوبية","ar","LB-LOC-61439","[object Object]","true"
"LB-ALIAS-FCC8310A6943","Maamriyeh","maamriyeh","en","LB-LOC-61476","[object Object]","true"
"LB-ALIAS-90DAF864C912","معمارية","معمارية","ar","LB-LOC-61476","[object Object]","true"
"LB-ALIAS-A3974B33A20A","Maghdoucheh","maghdoucheh","en","LB-LOC-61323","[object Object]","true"
"LB-ALIAS-AFAEFB010F72","مغدوشة","مغدوشة","ar","LB-LOC-61323","[object Object]","true"
"LB-ALIAS-ED490DBA1AD8","Majdelyoun","majdelyoun","en","LB-LOC-61233","[object Object]","true"
"LB-ALIAS-443A25875622","مجدليون","مجدليون","ar","LB-LOC-61233","[object Object]","true"
"LB-ALIAS-1BF8F8244F86","Matariyet Ech-Choumar","matariyet ech choumar","en","LB-LOC-61415","[object Object]","true"
"LB-ALIAS-84DA2A878DED","مطرية الشومر","مطرية الشومر","ar","LB-LOC-61415","[object Object]","true"
"LB-ALIAS-B1FCF028A630","Mazraat Aarab Soukkar","mazraat aarab soukkar","en","LB-LOC-61486","[object Object]","true"
"LB-ALIAS-3C8AA678A898","مزرعة عرب سكر","مزرعة عرب سكر","ar","LB-LOC-61486","[object Object]","true"
"LB-ALIAS-711546A6F9A7","Mazraat Deir Taqla","mazraat deir taqla","en","LB-LOC-61431","[object Object]","true"
"LB-ALIAS-C9893026F9EF","دير تقلا","دير تقلا","ar","LB-LOC-61431","[object Object]","true"
"LB-ALIAS-1705533CF375","Mazraat El Yahoudiyeh (Aaitaniyeh)","mazraat el yahoudiyeh (aaitaniyeh)","en","LB-LOC-61412","[object Object]","true"
"LB-ALIAS-54C2D1D1317A","مزرعة العيتانية","مزرعة العيتانية","ar","LB-LOC-61412","[object Object]","true"
"LB-ALIAS-B6C5F8A60B4D","Mazraat El-Houssainiyeh","mazraat el houssainiyeh","en","LB-LOC-61473","[object Object]","true"
"LB-ALIAS-C5FFD9F86B66","مزرعة الحسينية","مزرعة الحسينية","ar","LB-LOC-61473","[object Object]","true"
"LB-ALIAS-D370E4376A18","Mazraat El-Mhaydaleh","mazraat el mhaydaleh","en","LB-LOC-61424","[object Object]","true"
"LB-ALIAS-0E3AEAA74BAA","المحيدلة","المحيدلة","ar","LB-LOC-61424","[object Object]","true"
"LB-ALIAS-048EBE00BE95","Mazraat Jamjim","mazraat jamjim","en","LB-LOC-61421","[object Object]","true"
"LB-ALIAS-7C148ADD6CA7","مزرعة جمجيم","مزرعة جمجيم","ar","LB-LOC-61421","[object Object]","true"
"LB-ALIAS-76912F17F0EF","Mazraat Kaoutariyet Er-Riz","mazraat kaoutariyet er riz","en","LB-LOC-61426","[object Object]","true"
"LB-ALIAS-4340A3E41FD6","مزرعة كوثرية الرز","مزرعة كوثرية الرز","ar","LB-LOC-61426","[object Object]","true"
"LB-ALIAS-674B8D49A2BA","Mazraat Kfar Beda","mazraat kfar beda","en","LB-LOC-61418","[object Object]","true"
"LB-ALIAS-F1AEBF3591A5","كفر بدَه","كفر بده","ar","LB-LOC-61418","[object Object]","true"
"LB-ALIAS-EB5BEEE9122B","Mazraat 'Mseileh","mazraat mseileh","en","LB-LOC-61469","[object Object]","true"
"LB-ALIAS-61E4D8BE634E","المصيلح","المصيلح","ar","LB-LOC-61469","[object Object]","true"
"LB-ALIAS-078362035C31","Mazraat Oussamiyat","mazraat oussamiyat","en","LB-LOC-61433","[object Object]","true"
"LB-ALIAS-14FA90407B46","الاوساميات","الاوساميات","ar","LB-LOC-61433","[object Object]","true"
"LB-ALIAS-C6D02D671398","Mazraat Sari","mazraat sari","en","LB-LOC-61429","[object Object]","true"
"LB-ALIAS-8651E801EF15","ساري","ساري","ar","LB-LOC-61429","[object Object]","true"
"LB-ALIAS-B5F45C71612E","Mazraat Sinai","mazraat sinai","en","LB-LOC-61437","[object Object]","true"
"LB-ALIAS-2D63739EB2BD","مزرعة سيناي","مزرعة سيناي","ar","LB-LOC-61437","[object Object]","true"
"LB-ALIAS-933D708B6B35","Mazraat 'Snaiber","mazraat snaiber","en","LB-LOC-61457","[object Object]","true"
"LB-ALIAS-A6A2A6996B54","مزرعة سنيبر","مزرعة سنيبر","ar","LB-LOC-61457","[object Object]","true"
"LB-ALIAS-5587C3BCEFEF","Merouaniyeh","merouaniyeh","en","LB-LOC-61463","[object Object]","true"
"LB-ALIAS-08B83705FEAD","مروانية","مروانية","ar","LB-LOC-61463","[object Object]","true"
"LB-ALIAS-F84C9E7C7490","Miyeh ou Miyeh","miyeh ou miyeh","en","LB-LOC-61183","[object Object]","true"
"LB-ALIAS-7A79B28738B8","مية ومية","مية ومية","ar","LB-LOC-61183","[object Object]","true"
"LB-ALIAS-627B84632270","Mtayriyeh","mtayriyeh","en","LB-LOC-61484","[object Object]","true"
"LB-ALIAS-6B180F775C12","مزرعة مطيرية جباع","مزرعة مطيرية جباع","ar","LB-LOC-61484","[object Object]","true"
"LB-ALIAS-7C1F3DD7E7A5","Mzaraat El-Ouasta","mzaraat el ouasta","en","LB-LOC-61414","[object Object]","true"
"LB-ALIAS-C10FA6BCAB7B","مزرعة الواسطة","مزرعة الواسطة","ar","LB-LOC-61414","[object Object]","true"
"LB-ALIAS-C16DFAC5F59A","Najjariyeh","najjariyeh","en","LB-LOC-61464","[object Object]","true"
"LB-ALIAS-BD1DEA9591D3","نجارية","نجارية","ar","LB-LOC-61464","[object Object]","true"
"LB-ALIAS-1D4F1247B57D","Qaaqaiyet Es-Snaoubar","qaaqaiyet es snaoubar","en","LB-LOC-61451","[object Object]","true"
"LB-ALIAS-C9C082ED87C2","قعقعية الصنوبر","قعقعية الصنوبر","ar","LB-LOC-61451","[object Object]","true"
"LB-ALIAS-C0523AD87516","Qennarit","qennarit","en","LB-LOC-61347","[object Object]","true"
"LB-ALIAS-59EAE82A6463","قناريت","قناريت","ar","LB-LOC-61347","[object Object]","true"
"LB-ALIAS-C0AD03D49E6D","Qraiyet Saida","qraiyet saida","en","LB-LOC-61255","[object Object]","true"
"LB-ALIAS-107918C7ADCF","قرية صيدا","قرية صيدا","ar","LB-LOC-61255","[object Object]","true"
"LB-ALIAS-7DD279FEC04B","Saida Ed-Dekermane","saida ed dekermane","en","LB-LOC-61119","[object Object]","true"
"LB-ALIAS-7D28BE2FA4C0","صيدا الدكرمان","صيدا الدكرمان","ar","LB-LOC-61119","[object Object]","true"
"LB-ALIAS-EEE1A2007689","Saida El-Oustani","saida el oustani","en","LB-LOC-61111","[object Object]","true"
"LB-ALIAS-78378B83DDE0","الوسطاني","الوسطاني","ar","LB-LOC-61111","[object Object]","true"
"LB-ALIAS-8CC51004A717","Saida El-Qadimeh","saida el qadimeh","en","LB-LOC-61115","[object Object]","true"
"LB-ALIAS-48F583CB863D","صيدا","صيدا","ar","LB-LOC-61115","[object Object]","true"
"LB-ALIAS-341FC1E35561","Saida Kefraya","saida kefraya","en","LB-LOC-61222","[object Object]","true"
"LB-ALIAS-2BEE251EC1DA","كفريا","كفريا","ar","LB-LOC-61222","[object Object]","true"
"LB-ALIAS-88C3CAFC06A0","Saksakiyeh","saksakiyeh","en","LB-LOC-61461","[object Object]","true"
"LB-ALIAS-04D60707006D","سكسكية","سكسكية","ar","LB-LOC-61461","[object Object]","true"
"LB-ALIAS-611C45A416C9","Salhiyet Saida","salhiyet saida","en","LB-LOC-61211","[object Object]","true"
"LB-ALIAS-3315620C1F09","صالحية","صالحية","ar","LB-LOC-61211","[object Object]","true"
"LB-ALIAS-7C6235FE6066","Sarafand","sarafand","en","LB-LOC-61449","[object Object]","true"
"LB-ALIAS-67B85ED1F2B1","صرفند","صرفند","ar","LB-LOC-61449","[object Object]","true"
"LB-ALIAS-37AD716941F4","Sfenta","sfenta","en","LB-LOC-61497","[object Object]","true"
"LB-ALIAS-8CAA8AB4AF15","سفنتا","سفنتا","ar","LB-LOC-61497","[object Object]","true"
"LB-ALIAS-DAF3D07E660A","Tanbourit","tanbourit","en","LB-LOC-61383","[object Object]","true"
"LB-ALIAS-8F6D8073F99A","طنبوريت","طنبوريت","ar","LB-LOC-61383","[object Object]","true"
"LB-ALIAS-99C039BEFE2B","Tebna","tebna","en","LB-LOC-61456","[object Object]","true"
"LB-ALIAS-4EE48D01BE18","تبنا","تبنا","ar","LB-LOC-61456","[object Object]","true"
"LB-ALIAS-C5D979FC32DB","Teffahta","teffahta","en","LB-LOC-61459","[object Object]","true"
"LB-ALIAS-D15E2EE7F4E1","تفاحتا","تفاحتا","ar","LB-LOC-61459","[object Object]","true"
"LB-ALIAS-EDE2E4432FFB","Zaghdraiya","zaghdraiya","en","LB-LOC-61371","[object Object]","true"
"LB-ALIAS-BA644D60567B","زغدرايا","زغدرايا","ar","LB-LOC-61371","[object Object]","true"
"LB-ALIAS-A1C57A509009","Zeita","zeita","en","LB-LOC-61359","[object Object]","true"
"LB-ALIAS-1E4B84099FB0","زيتا","زيتا","ar","LB-LOC-61359","[object Object]","true"
"LB-ALIAS-0BA46BA1FCA0","Zrariyeh","zrariyeh","en","LB-LOC-61427","[object Object]","true"
"LB-ALIAS-927AA9E270DE","زرارية","زرارية","ar","LB-LOC-61427","[object Object]","true"
"LB-ALIAS-CE71B85D622D","Aabbassiyet Sour","aabbassiyet sour","en","LB-LOC-62276","[object Object]","true"
"LB-ALIAS-9EDBDD83A8B7","عباسية","عباسية","ar","LB-LOC-62276","[object Object]","true"
"LB-ALIAS-D10165646AF9","Aain Abou Abdallah","aain abou abdallah","en","LB-LOC-62291","[object Object]","true"
"LB-ALIAS-9CBC4176D8CC","عين أبو عبدالله","عين ابو عبدالله","ar","LB-LOC-62291","[object Object]","true"
"LB-ALIAS-AC0560FB35DD","Aain Baal","aain baal","en","LB-LOC-62243","[object Object]","true"
"LB-ALIAS-D1FDAFF3299D","عين بعل","عين بعل","ar","LB-LOC-62243","[object Object]","true"
"LB-ALIAS-794E66C9713F","Aaiyeh","aaiyeh","en","LB-LOC-62242","[object Object]","true"
"LB-ALIAS-F0872F86C7CC","مزرعة عيا","مزرعة عيا","ar","LB-LOC-62242","[object Object]","true"
"LB-ALIAS-51576E0488FB","Aalma Ech-Chaab","aalma ech chaab","en","LB-LOC-62316","[object Object]","true"
"LB-ALIAS-621788995CCE","علما الشعب","علما الشعب","ar","LB-LOC-62316","[object Object]","true"
"LB-ALIAS-6EF4D4CE796C","Aaytit","aaytit","en","LB-LOC-62217","[object Object]","true"
"LB-ALIAS-CDF505416F54","عيتيت","عيتيت","ar","LB-LOC-62217","[object Object]","true"
"LB-ALIAS-75DB573DB54D","Aaziyeh","aaziyeh","en","LB-LOC-62294","[object Object]","true"
"LB-ALIAS-2A5740A4E958","عزِّيه","عزيه","ar","LB-LOC-62294","[object Object]","true"
"LB-ALIAS-58B0ABD8C939","Abou Chech","abou chech","en","LB-LOC-62319","[object Object]","true"
"LB-ALIAS-9F3D3E903CEA","أبو شاش","ابو شاش","ar","LB-LOC-62319","[object Object]","true"
"LB-ALIAS-8185AB2D38EA","Arzoun","arzoun","en","LB-LOC-62256","[object Object]","true"
"LB-ALIAS-037403C2BA03","ارزون","ارزون","ar","LB-LOC-62256","[object Object]","true"
"LB-ALIAS-27FE20A0C2CA","Bafliyeh","bafliyeh","en","LB-LOC-62221","[object Object]","true"
"LB-ALIAS-F2243AC77218","بافليه","بافليه","ar","LB-LOC-62221","[object Object]","true"
"LB-ALIAS-6BCF6ED61BC4","Barich","barich","en","LB-LOC-62224","[object Object]","true"
"LB-ALIAS-D9D26ECF7D3F","باريش","باريش","ar","LB-LOC-62224","[object Object]","true"
"LB-ALIAS-3993DA892015","Batoulay","batoulay","en","LB-LOC-62162","[object Object]","true"
"LB-ALIAS-CFA3291CD642","باتوليه","باتوليه","ar","LB-LOC-62162","[object Object]","true"
"LB-ALIAS-FF4FE500B355","Bazouriyeh","bazouriyeh","en","LB-LOC-62246","[object Object]","true"
"LB-ALIAS-C504D5BBB593","بازورية","بازورية","ar","LB-LOC-62246","[object Object]","true"
"LB-ALIAS-3438E6B1C748","Bedias","bedias","en","LB-LOC-62274","[object Object]","true"
"LB-ALIAS-0C42A28FF987","بدياس","بدياس","ar","LB-LOC-62274","[object Object]","true"
"LB-ALIAS-DADF7419E68F","Bestiyat","bestiyat","en","LB-LOC-62249","[object Object]","true"
"LB-ALIAS-F949B326FDE8","بستيات","بستيات","ar","LB-LOC-62249","[object Object]","true"
"LB-ALIAS-CA3127C987AE","Biyad","biyad","en","LB-LOC-62226","[object Object]","true"
"LB-ALIAS-1A5F80040027","البياض صور","البياض صور","ar","LB-LOC-62226","[object Object]","true"
"LB-ALIAS-4164D7D98C03","Borj Ech-Chemali","borj ech chemali","en","LB-LOC-62128","[object Object]","true"
"LB-ALIAS-74B129DCE389","برج الشمالي","برج الشمالي","ar","LB-LOC-62128","[object Object]","true"
"LB-ALIAS-5E2270BEDF5D","Borj En-Naqoura","borj en naqoura","en","LB-LOC-62312","[object Object]","true"
"LB-ALIAS-7D2EF1DEFE1B","الناقورة","الناقورة","ar","LB-LOC-62312","[object Object]","true"
"LB-ALIAS-E38B3CE899B7","Borj Rahhal","borj rahhal","en","LB-LOC-62283","[object Object]","true"
"LB-ALIAS-5444453CBFA0","برج رحال","برج رحال","ar","LB-LOC-62283","[object Object]","true"
"LB-ALIAS-4944CBAB69D2","Boustane","boustane","en","LB-LOC-62321","[object Object]","true"
"LB-ALIAS-F9C978A8627B","بستان صور","بستان صور","ar","LB-LOC-62321","[object Object]","true"
"LB-ALIAS-51AAFEFAA4C9","Btaychiyeh","btaychiyeh","en","LB-LOC-62331","[object Object]","true"
"LB-ALIAS-882EEEAEDED1","بطيشية","بطيشية","ar","LB-LOC-62331","[object Object]","true"
"LB-ALIAS-CFD68BC92058","Chaaitiyeh","chaaitiyeh","en","LB-LOC-62277","[object Object]","true"
"LB-ALIAS-656BC9114824","شعيتية","شعيتية","ar","LB-LOC-62277","[object Object]","true"
"LB-ALIAS-8F557B2D6318","Chamaa","chamaa","en","LB-LOC-62298","[object Object]","true"
"LB-ALIAS-2096086A8052","شمع","شمع","ar","LB-LOC-62298","[object Object]","true"
"LB-ALIAS-D869AC9076F6","Chehabiyeh","chehabiyeh","en","LB-LOC-62254","[object Object]","true"
"LB-ALIAS-B5BEB5538C61","شهابية","شهابية","ar","LB-LOC-62254","[object Object]","true"
"LB-ALIAS-155432D099F3","Chehour","chehour","en","LB-LOC-62264","[object Object]","true"
"LB-ALIAS-90D4E1F866BE","شحور","شحور","ar","LB-LOC-62264","[object Object]","true"
"LB-ALIAS-24C048A01337","Chihine","chihine","en","LB-LOC-62285","[object Object]","true"
"LB-ALIAS-3E5F863F0A99","شيحين","شيحين","ar","LB-LOC-62285","[object Object]","true"
"LB-ALIAS-5BC7D2E621CD","Debaal Sour","debaal sour","en","LB-LOC-62212","[object Object]","true"
"LB-ALIAS-7E85F5C350C2","دبعل","دبعل","ar","LB-LOC-62212","[object Object]","true"
"LB-ALIAS-6974EC3CFB59","Deir Aames","deir aames","en","LB-LOC-62223","[object Object]","true"
"LB-ALIAS-82D8C43E602E","ديرعامص","ديرعامص","ar","LB-LOC-62223","[object Object]","true"
"LB-ALIAS-0CCEC6976DF4","Deir Kifa","deir kifa","en","LB-LOC-62251","[object Object]","true"
"LB-ALIAS-C78418944A7B","دير كيفا","دير كيفا","ar","LB-LOC-62251","[object Object]","true"
"LB-ALIAS-110703105571","Deir Qanoun El-Aain","deir qanoun el aain","en","LB-LOC-62179","[object Object]","true"
"LB-ALIAS-B47555E9C43B","دير قانون","دير قانون","ar","LB-LOC-62179","[object Object]","true"
"LB-ALIAS-CA1663B014FD","Deir Qanoun En-Nahr","deir qanoun en nahr","en","LB-LOC-62263","[object Object]","true"
"LB-ALIAS-B05762BC4C04","دير قانون النهر","دير قانون النهر","ar","LB-LOC-62263","[object Object]","true"
"LB-ALIAS-7B211E861FF3","Derdaghaiya","derdaghaiya","en","LB-LOC-62239","[object Object]","true"
"LB-ALIAS-0982F5140F68","دردغايا","دردغايا","ar","LB-LOC-62239","[object Object]","true"
"LB-ALIAS-7025C03FC527","Dhayra","dhayra","en","LB-LOC-62341","[object Object]","true"
"LB-ALIAS-172FF831BD4A","ظهيرة","ظهيرة","ar","LB-LOC-62341","[object Object]","true"
"LB-ALIAS-5BED1855B3C0","Halloussiyeh","halloussiyeh","en","LB-LOC-62269","[object Object]","true"
"LB-ALIAS-E266A8B39CB6","حلوسية","حلوسية","ar","LB-LOC-62269","[object Object]","true"
"LB-ALIAS-6E30A7E09B3B","Hamoul","hamoul","en","LB-LOC-62314","[object Object]","true"
"LB-ALIAS-71CCAE82E25F","حامول","حامول","ar","LB-LOC-62314","[object Object]","true"
"LB-ALIAS-3AC0BFD48508","Hanaouay","hanaouay","en","LB-LOC-62247","[object Object]","true"
"LB-ALIAS-3B7FC5920A4A","حناوي","حناوي","ar","LB-LOC-62247","[object Object]","true"
"LB-ALIAS-C947C3A417EB","Henniyeh","henniyeh","en","LB-LOC-62293","[object Object]","true"
"LB-ALIAS-E96306210577","حنية","حنية","ar","LB-LOC-62293","[object Object]","true"
"LB-ALIAS-49F9596F8669","Hmairi Sour","hmairi sour","en","LB-LOC-62244","[object Object]","true"
"LB-ALIAS-ED710E2C58D6","حميري","حميري","ar","LB-LOC-62244","[object Object]","true"
"LB-ALIAS-F421CB0300EC","Iskandarouna Sour","iskandarouna sour","en","LB-LOC-62299","[object Object]","true"
"LB-ALIAS-57A8D607DCA0","إسكندرونة","اسكندرونة","ar","LB-LOC-62299","[object Object]","true"
"LB-ALIAS-D83D9A60A6EA","Jbal El-Botm","jbal el botm","en","LB-LOC-62279","[object Object]","true"
"LB-ALIAS-F7D01B31555F","جبال البطم","جبال البطم","ar","LB-LOC-62279","[object Object]","true"
"LB-ALIAS-0F99313000D3","Jennata","jennata","en","LB-LOC-62237","[object Object]","true"
"LB-ALIAS-5136EF7B4A47","جناتا","جناتا","ar","LB-LOC-62237","[object Object]","true"
"LB-ALIAS-C107D0A6B0C5","Jibbayn","jibbayn","en","LB-LOC-62292","[object Object]","true"
"LB-ALIAS-69596C28051E","جبين","جبين","ar","LB-LOC-62292","[object Object]","true"
"LB-ALIAS-8FCE7209698C","Jijim","jijim","en","LB-LOC-62318","[object Object]","true"
"LB-ALIAS-88CD9C00E8CC","ججيم","ججيم","ar","LB-LOC-62318","[object Object]","true"
"LB-ALIAS-AFAA6903494E","Jouaiya","jouaiya","en","LB-LOC-62211","[object Object]","true"
"LB-ALIAS-B50627F1A3A8","جويا","جويا","ar","LB-LOC-62211","[object Object]","true"
"LB-ALIAS-16C465232E85","Kneisset Sour","kneisset sour","en","LB-LOC-62267","[object Object]","true"
"LB-ALIAS-7F375D6411D4","كنيسة صور","كنيسة صور","ar","LB-LOC-62267","[object Object]","true"
"LB-ALIAS-E47978771C7E","Maarakeh","maarakeh","en","LB-LOC-62231","[object Object]","true"
"LB-ALIAS-B2D89AA808A6","معركة","معركة","ar","LB-LOC-62231","[object Object]","true"
"LB-ALIAS-24B6F6EEDA43","Maaroub","maaroub","en","LB-LOC-62234","[object Object]","true"
"LB-ALIAS-B230CA6F33AC","معروب","معروب","ar","LB-LOC-62234","[object Object]","true"
"LB-ALIAS-B8E73D8D3642","Majdel","majdel","en","LB-LOC-62214","[object Object]","true"
"LB-ALIAS-1BDB994C9900","المجادل","المجادل","ar","LB-LOC-62214","[object Object]","true"
"LB-ALIAS-C860FABDFB09","Majdelzoun","majdelzoun","en","LB-LOC-62297","[object Object]","true"
"LB-ALIAS-0351EB567B44","مجدل زون","مجدل زون","ar","LB-LOC-62297","[object Object]","true"
"LB-ALIAS-DD27BE784A4F","Mansouri Sour","mansouri sour","en","LB-LOC-62296","[object Object]","true"
"LB-ALIAS-1A4C8F754FAF","المنصوري","المنصوري","ar","LB-LOC-62296","[object Object]","true"
"LB-ALIAS-95728C3137BC","Marnba","marnba","en","LB-LOC-62284","[object Object]","true"
"LB-ALIAS-879A0DF5D866","مرنبا","مرنبا","ar","LB-LOC-62284","[object Object]","true"
"LB-ALIAS-692D910346CB","Mazraat Ez-Zalloutiyeh","mazraat ez zalloutiyeh","en","LB-LOC-62351","[object Object]","true"
"LB-ALIAS-1E5D5F06D7EB","مزرعة الزلوطية","مزرعة الزلوطية","ar","LB-LOC-62351","[object Object]","true"
"LB-ALIAS-21435C89ACE7","Mazraat Mechref","mazraat mechref","en","LB-LOC-62215","[object Object]","true"
"LB-ALIAS-E6FD2E45D536","مزرعة المشرف","مزرعة المشرف","ar","LB-LOC-62215","[object Object]","true"
"LB-ALIAS-20935B77EC9F","Mazraat Tayr Semhat","mazraat tayr semhat","en","LB-LOC-62281","[object Object]","true"
"LB-ALIAS-96794C6E0A0B","طير سمحات","طير سمحات","ar","LB-LOC-62281","[object Object]","true"
"LB-ALIAS-E89F63178F8C","Merouahine","merouahine","en","LB-LOC-62311","[object Object]","true"
"LB-ALIAS-72125586D24E","مروحين","مروحين","ar","LB-LOC-62311","[object Object]","true"
"LB-ALIAS-4D4AD0348897","Mheilib","mheilib","en","LB-LOC-62245","[object Object]","true"
"LB-ALIAS-BB964883BDC7","محيليب","محيليب","ar","LB-LOC-62245","[object Object]","true"
"LB-ALIAS-86EBD5A73733","Neftakhiyeh","neftakhiyeh","en","LB-LOC-62233","[object Object]","true"
"LB-ALIAS-188F682D5C55","نفاخية","نفاخية","ar","LB-LOC-62233","[object Object]","true"
"LB-ALIAS-BFCEF68015B4","Niha Sour","niha sour","en","LB-LOC-62257","[object Object]","true"
"LB-ALIAS-828B462FB71C","نيحا صور","نيحا صور","ar","LB-LOC-62257","[object Object]","true"
"LB-ALIAS-896DE1C1C75F","Ouadi Jilo","ouadi jilo","en","LB-LOC-62218","[object Object]","true"
"LB-ALIAS-74897FAE4983","وادي جيلو","وادي جيلو","ar","LB-LOC-62218","[object Object]","true"
"LB-ALIAS-655F08E5D447","Qana","qana","en","LB-LOC-62229","[object Object]","true"
"LB-ALIAS-197E686F92E7","قانا","قانا","ar","LB-LOC-62229","[object Object]","true"
"LB-ALIAS-B8B1E3BCDF81","Qlaileh Sour","qlaileh sour","en","LB-LOC-62287","[object Object]","true"
"LB-ALIAS-3AF85F1A0C12","قليلة","قليلة","ar","LB-LOC-62287","[object Object]","true"
"LB-ALIAS-B95ED42FFF35","Recheknanay","recheknanay","en","LB-LOC-62236","[object Object]","true"
"LB-ALIAS-44E17B8E74D0","رشكنانيه","رشكنانيه","ar","LB-LOC-62236","[object Object]","true"
"LB-ALIAS-6CAFCAD4BAB6","Rmadiyeh","rmadiyeh","en","LB-LOC-62259","[object Object]","true"
"LB-ALIAS-7DE24BC1635C","رمادية","رمادية","ar","LB-LOC-62259","[object Object]","true"
"LB-ALIAS-804A75B611DF","Sadiqine","sadiqine","en","LB-LOC-62241","[object Object]","true"
"LB-ALIAS-2D883B20D6DB","صديقين","صديقين","ar","LB-LOC-62241","[object Object]","true"
"LB-ALIAS-7F68712F6C02","Selaa Sour","selaa sour","en","LB-LOC-62227","[object Object]","true"
"LB-ALIAS-147F0411AD5C","سلعا","سلعا","ar","LB-LOC-62227","[object Object]","true"
"LB-ALIAS-7B36EBC7975B","Sour","sour","en","LB-LOC-62111","[object Object]","true"
"LB-ALIAS-998F4B2EBD28","صور","صور","ar","LB-LOC-62111","[object Object]","true"
"LB-ALIAS-84345905DF65","Srifa","srifa","en","LB-LOC-62266","[object Object]","true"
"LB-ALIAS-41D4DC84DFE5","صريفا","صريفا","ar","LB-LOC-62266","[object Object]","true"
"LB-ALIAS-0D1A14A08EF4","Tayr Debbeh","tayr debbeh","en","LB-LOC-62253","[object Object]","true"
"LB-ALIAS-2B2C0CD85439","طير دبّه","طير دبه","ar","LB-LOC-62253","[object Object]","true"
"LB-ALIAS-E898F599AC85","Tayr Falsay","tayr falsay","en","LB-LOC-62271","[object Object]","true"
"LB-ALIAS-7533F42E3725","طير فلسيه","طير فلسيه","ar","LB-LOC-62271","[object Object]","true"
"LB-ALIAS-95E5B96E8C0B","Tayr Harfa","tayr harfa","en","LB-LOC-62295","[object Object]","true"
"LB-ALIAS-EEBC0AA77101","طير حرفا","طير حرفا","ar","LB-LOC-62295","[object Object]","true"
"LB-ALIAS-18C3E7ADB422","Touayri","touayri","en","LB-LOC-62273","[object Object]","true"
"LB-ALIAS-7CAC85076606","طويري","طويري","ar","LB-LOC-62273","[object Object]","true"
"LB-ALIAS-CF7781DD5EA2","Toura","toura","en","LB-LOC-62261","[object Object]","true"
"LB-ALIAS-4D520AA4C7FF","طورا","طورا","ar","LB-LOC-62261","[object Object]","true"
"LB-ALIAS-358D1C26BE21","Yanouh Sour","yanouh sour","en","LB-LOC-62219","[object Object]","true"
"LB-ALIAS-4853B1979E68","يانوح صور","يانوح صور","ar","LB-LOC-62219","[object Object]","true"
"LB-ALIAS-48F046FA8527","Yarine","yarine","en","LB-LOC-62308","[object Object]","true"
"LB-ALIAS-77E44EE8D881","يارين","يارين","ar","LB-LOC-62308","[object Object]","true"
"LB-ALIAS-A6A38EBC43CE","Zebqine","zebqine","en","LB-LOC-62286","[object Object]","true"
"LB-ALIAS-2C75070B2741","زبقين","زبقين","ar","LB-LOC-62286","[object Object]","true"
