"canonical_locality_id","arabic_name","source_id","source_record_id","source_url","source_sha256","match_method","review_status","review_reference"
"LB-LOC-35249","","","","","","fuzzy-suggestion","unresolved","UL2A-AR-UNRESOLVED"
"LB-LOC-35427","","","","","","fuzzy-suggestion","unresolved","UL2A-AR-UNRESOLVED"
"LB-LOC-35435","","","","","","fuzzy-suggestion","unresolved","UL2A-AR-UNRESOLVED"
"LB-LOC-35187","","","","","","fuzzy-suggestion","unresolved","UL2A-AR-UNRESOLVED"
"LB-LOC-35185","","","","","","fuzzy-suggestion","unresolved","UL2A-AR-UNRESOLVED"
"LB-LOC-35191","","","","","","fuzzy-suggestion","unresolved","UL2A-AR-UNRESOLVED"
"LB-LOC-35265","","","","","","fuzzy-suggestion","unresolved","UL2A-AR-UNRESOLVED"
"LB-LOC-35449","","","","","","fuzzy-suggestion","unresolved","UL2A-AR-UNRESOLVED"
"LB-LOC-35512","","","","","","fuzzy-suggestion","unresolved","UL2A-AR-UNRESOLVED"
"LB-LOC-35421","","","","","","fuzzy-suggestion","unresolved","UL2A-AR-UNRESOLVED"
"LB-LOC-35498","","","","","","fuzzy-suggestion","unresolved","UL2A-AR-UNRESOLVED"
"LB-LOC-35420","","","","","","fuzzy-suggestion","unresolved","UL2A-AR-UNRESOLVED"
"LB-LOC-35273","","","","","","fuzzy-suggestion","unresolved","UL2A-AR-UNRESOLVED"
"LB-LOC-35484","","","","","","fuzzy-suggestion","unresolved","UL2A-AR-UNRESOLVED"
"LB-LOC-35141","","","","","","fuzzy-suggestion","unresolved","UL2A-AR-UNRESOLVED"
"LB-LOC-35177","","","","","","fuzzy-suggestion","unresolved","UL2A-AR-UNRESOLVED"
"LB-LOC-35347","","","","","","fuzzy-suggestion","unresolved","UL2A-AR-UNRESOLVED"
"LB-LOC-35439","","","","","","fuzzy-suggestion","unresolved","UL2A-AR-UNRESOLVED"
"LB-LOC-35158","","","","","","fuzzy-suggestion","unresolved","UL2A-AR-UNRESOLVED"
"LB-LOC-35241","","","","","","fuzzy-suggestion","unresolved","UL2A-AR-UNRESOLVED"
"LB-LOC-35408","","","","","","fuzzy-suggestion","unresolved","UL2A-AR-UNRESOLVED"
"LB-LOC-35275","","","","","","fuzzy-suggestion","unresolved","UL2A-AR-UNRESOLVED"
"LB-LOC-35175","","","","","","fuzzy-suggestion","unresolved","UL2A-AR-UNRESOLVED"
"LB-LOC-35337","","","","","","fuzzy-suggestion","unresolved","UL2A-AR-UNRESOLVED"
"LB-LOC-35367","","","","","","fuzzy-suggestion","unresolved","UL2A-AR-UNRESOLVED"
"LB-LOC-35174","","","","","","fuzzy-suggestion","unresolved","UL2A-AR-UNRESOLVED"
"LB-LOC-35321","","","","","","fuzzy-suggestion","unresolved","UL2A-AR-UNRESOLVED"
"LB-LOC-35433","","","","","","fuzzy-suggestion","unresolved","UL2A-AR-UNRESOLVED"
"LB-LOC-35314","","","","","","fuzzy-suggestion","unresolved","UL2A-AR-UNRESOLVED"
"LB-LOC-35189","","","","","","fuzzy-suggestion","unresolved","UL2A-AR-UNRESOLVED"
"LB-LOC-35416","","","","","","fuzzy-suggestion","unresolved","UL2A-AR-UNRESOLVED"
"LB-LOC-35183","","","","","","fuzzy-suggestion","unresolved","UL2A-AR-UNRESOLVED"
"LB-LOC-35147","","","","","","fuzzy-suggestion","unresolved","UL2A-AR-UNRESOLVED"
"LB-LOC-35425","","","","","","fuzzy-suggestion","unresolved","UL2A-AR-UNRESOLVED"
"LB-LOC-35316","","","","","","fuzzy-suggestion","unresolved","UL2A-AR-UNRESOLVED"
"LB-LOC-35320","","","","","","fuzzy-suggestion","unresolved","UL2A-AR-UNRESOLVED"
"LB-LOC-35181","","","","","","fuzzy-suggestion","unresolved","UL2A-AR-UNRESOLVED"
"LB-LOC-35457","","","","","","fuzzy-suggestion","unresolved","UL2A-AR-UNRESOLVED"
"LB-LOC-35113","","","","","","fuzzy-suggestion","unresolved","UL2A-AR-UNRESOLVED"
"LB-LOC-35123","","","","","","fuzzy-suggestion","unresolved","UL2A-AR-UNRESOLVED"
"LB-LOC-35121","","","","","","fuzzy-suggestion","unresolved","UL2A-AR-UNRESOLVED"
"LB-LOC-35267","","","","","","fuzzy-suggestion","unresolved","UL2A-AR-UNRESOLVED"
"LB-LOC-35402","","","","","","fuzzy-suggestion","unresolved","UL2A-AR-UNRESOLVED"
"LB-LOC-35224","","","","","","fuzzy-suggestion","unresolved","UL2A-AR-UNRESOLVED"
"LB-LOC-35419","","","","","","fuzzy-suggestion","unresolved","UL2A-AR-UNRESOLVED"
"LB-LOC-35155","","","","","","fuzzy-suggestion","unresolved","UL2A-AR-UNRESOLVED"
"LB-LOC-35126","","","","","","fuzzy-suggestion","unresolved","UL2A-AR-UNRESOLVED"
"LB-LOC-35225","","","","","","fuzzy-suggestion","unresolved","UL2A-AR-UNRESOLVED"
"LB-LOC-35511","","","","","","fuzzy-suggestion","unresolved","UL2A-AR-UNRESOLVED"
"LB-LOC-35149","","","","","","fuzzy-suggestion","unresolved","UL2A-AR-UNRESOLVED"
"LB-LOC-35441","","","","","","fuzzy-suggestion","unresolved","UL2A-AR-UNRESOLVED"
"LB-LOC-35432","","","","","","fuzzy-suggestion","unresolved","UL2A-AR-UNRESOLVED"
"LB-LOC-35318","","","","","","fuzzy-suggestion","unresolved","UL2A-AR-UNRESOLVED"
"LB-LOC-35443","","","","","","fuzzy-suggestion","unresolved","UL2A-AR-UNRESOLVED"
"LB-LOC-35353","","","","","","fuzzy-suggestion","unresolved","UL2A-AR-UNRESOLVED"
"LB-LOC-35412","","","","","","fuzzy-suggestion","unresolved","UL2A-AR-UNRESOLVED"
"LB-LOC-35475","","","","","","fuzzy-suggestion","unresolved","UL2A-AR-UNRESOLVED"
"LB-LOC-35326","","","","","","fuzzy-suggestion","unresolved","UL2A-AR-UNRESOLVED"
"LB-LOC-35131","","","","","","fuzzy-suggestion","unresolved","UL2A-AR-UNRESOLVED"
"LB-LOC-35111","","","","","","fuzzy-suggestion","unresolved","UL2A-AR-UNRESOLVED"
"LB-LOC-35219","","","","","","fuzzy-suggestion","unresolved","UL2A-AR-UNRESOLVED"
"LB-LOC-35221","","","","","","fuzzy-suggestion","unresolved","UL2A-AR-UNRESOLVED"
"LB-LOC-35463","","","","","","fuzzy-suggestion","unresolved","UL2A-AR-UNRESOLVED"
"LB-LOC-35139","","","","","","fuzzy-suggestion","unresolved","UL2A-AR-UNRESOLVED"
"LB-LOC-35169","","","","","","fuzzy-suggestion","unresolved","UL2A-AR-UNRESOLVED"
"LB-LOC-35331","","","","","","fuzzy-suggestion","unresolved","UL2A-AR-UNRESOLVED"
"LB-LOC-35470","","","","","","fuzzy-suggestion","unresolved","UL2A-AR-UNRESOLVED"
"LB-LOC-35514","","","","","","fuzzy-suggestion","unresolved","UL2A-AR-UNRESOLVED"
"LB-LOC-35253","","","","","","fuzzy-suggestion","unresolved","UL2A-AR-UNRESOLVED"
"LB-LOC-35223","","","","","","fuzzy-suggestion","unresolved","UL2A-AR-UNRESOLVED"
"LB-LOC-35239","","","","","","fuzzy-suggestion","unresolved","UL2A-AR-UNRESOLVED"
"LB-LOC-35322","","","","","","fuzzy-suggestion","unresolved","UL2A-AR-UNRESOLVED"
"LB-LOC-35328","","","","","","fuzzy-suggestion","unresolved","UL2A-AR-UNRESOLVED"
"LB-LOC-35117","","","","","","fuzzy-suggestion","unresolved","UL2A-AR-UNRESOLVED"
"LB-LOC-35145","","","","","","fuzzy-suggestion","unresolved","UL2A-AR-UNRESOLVED"
"LB-LOC-35263","","","","","","fuzzy-suggestion","unresolved","UL2A-AR-UNRESOLVED"
"LB-LOC-35344","","","","","","fuzzy-suggestion","unresolved","UL2A-AR-UNRESOLVED"
"LB-LOC-35125","","","","","","fuzzy-suggestion","unresolved","UL2A-AR-UNRESOLVED"
"LB-LOC-35163","","","","","","fuzzy-suggestion","unresolved","UL2A-AR-UNRESOLVED"
"LB-LOC-35423","","","","","","fuzzy-suggestion","unresolved","UL2A-AR-UNRESOLVED"
"LB-LOC-35133","","","","","","fuzzy-suggestion","unresolved","UL2A-AR-UNRESOLVED"
"LB-LOC-35157","","","","","","fuzzy-suggestion","unresolved","UL2A-AR-UNRESOLVED"
"LB-LOC-35234","","","","","","fuzzy-suggestion","unresolved","UL2A-AR-UNRESOLVED"
"LB-LOC-35406","","","","","","fuzzy-suggestion","unresolved","UL2A-AR-UNRESOLVED"
"LB-LOC-35430","","","","","","fuzzy-suggestion","unresolved","UL2A-AR-UNRESOLVED"
"LB-LOC-35257","","","","","","fuzzy-suggestion","unresolved","UL2A-AR-UNRESOLVED"
"LB-LOC-35431","","","","","","fuzzy-suggestion","unresolved","UL2A-AR-UNRESOLVED"
"LB-LOC-35417","","","","","","fuzzy-suggestion","unresolved","UL2A-AR-UNRESOLVED"
"LB-LOC-35410","","","","","","fuzzy-suggestion","unresolved","UL2A-AR-UNRESOLVED"
"LB-LOC-35330","","","","","","fuzzy-suggestion","unresolved","UL2A-AR-UNRESOLVED"
"LB-LOC-35216","","","","","","fuzzy-suggestion","unresolved","UL2A-AR-UNRESOLVED"
"LB-LOC-35245","","","","","","fuzzy-suggestion","unresolved","UL2A-AR-UNRESOLVED"
"LB-LOC-35515","","","","","","fuzzy-suggestion","unresolved","UL2A-AR-UNRESOLVED"
"LB-LOC-35465","","","","","","fuzzy-suggestion","unresolved","UL2A-AR-UNRESOLVED"
"LB-LOC-35429","","","","","","fuzzy-suggestion","unresolved","UL2A-AR-UNRESOLVED"
"LB-LOC-35215","","","","","","fuzzy-suggestion","unresolved","UL2A-AR-UNRESOLVED"
"LB-LOC-35119","","","","","","fuzzy-suggestion","unresolved","UL2A-AR-UNRESOLVED"
"LB-LOC-35137","","","","","","fuzzy-suggestion","unresolved","UL2A-AR-UNRESOLVED"
"LB-LOC-35437","","","","","","fuzzy-suggestion","unresolved","UL2A-AR-UNRESOLVED"
"LB-LOC-35354","","","","","","fuzzy-suggestion","unresolved","UL2A-AR-UNRESOLVED"
"LB-LOC-35128","","","","","","fuzzy-suggestion","unresolved","UL2A-AR-UNRESOLVED"
"LB-LOC-35167","","","","","","fuzzy-suggestion","unresolved","UL2A-AR-UNRESOLVED"
"LB-LOC-35255","","","","","","fuzzy-suggestion","unresolved","UL2A-AR-UNRESOLVED"
"LB-LOC-35229","","","","","","fuzzy-suggestion","unresolved","UL2A-AR-UNRESOLVED"
"LB-LOC-35516","","","","","","fuzzy-suggestion","unresolved","UL2A-AR-UNRESOLVED"
"LB-LOC-35134","","","","","","fuzzy-suggestion","unresolved","UL2A-AR-UNRESOLVED"
"LB-LOC-35486","","","","","","fuzzy-suggestion","unresolved","UL2A-AR-UNRESOLVED"
"LB-LOC-35371","","","","","","fuzzy-suggestion","unresolved","UL2A-AR-UNRESOLVED"
"LB-LOC-35277","","","","","","fuzzy-suggestion","unresolved","UL2A-AR-UNRESOLVED"
"LB-LOC-35351","","","","","","fuzzy-suggestion","unresolved","UL2A-AR-UNRESOLVED"
"LB-LOC-35251","","","","","","fuzzy-suggestion","unresolved","UL2A-AR-UNRESOLVED"
"LB-LOC-35129","","","","","","fuzzy-suggestion","unresolved","UL2A-AR-UNRESOLVED"
"LB-LOC-35414","","","","","","fuzzy-suggestion","unresolved","UL2A-AR-UNRESOLVED"
"LB-LOC-35261","","","","","","fuzzy-suggestion","unresolved","UL2A-AR-UNRESOLVED"
"LB-LOC-35451","","","","","","fuzzy-suggestion","unresolved","UL2A-AR-UNRESOLVED"
"LB-LOC-35461","","","","","","fuzzy-suggestion","unresolved","UL2A-AR-UNRESOLVED"
"LB-LOC-35115","","","","","","fuzzy-suggestion","unresolved","UL2A-AR-UNRESOLVED"
"LB-LOC-35445","","","","","","fuzzy-suggestion","unresolved","UL2A-AR-UNRESOLVED"
"LB-LOC-35455","","","","","","fuzzy-suggestion","unresolved","UL2A-AR-UNRESOLVED"
"LB-LOC-35364","","","","","","fuzzy-suggestion","unresolved","UL2A-AR-UNRESOLVED"
"LB-LOC-35233","","","","","","fuzzy-suggestion","unresolved","UL2A-AR-UNRESOLVED"
"LB-LOC-35325","","","","","","fuzzy-suggestion","unresolved","UL2A-AR-UNRESOLVED"
"LB-LOC-35453","","","","","","fuzzy-suggestion","unresolved","UL2A-AR-UNRESOLVED"
"LB-LOC-35135","","","","","","fuzzy-suggestion","unresolved","UL2A-AR-UNRESOLVED"
"LB-LOC-35341","","","","","","fuzzy-suggestion","unresolved","UL2A-AR-UNRESOLVED"
"LB-LOC-35518","","","","","","fuzzy-suggestion","unresolved","UL2A-AR-UNRESOLVED"
"LB-LOC-35487","","","","","","fuzzy-suggestion","unresolved","UL2A-AR-UNRESOLVED"
"LB-LOC-35179","","","","","","fuzzy-suggestion","unresolved","UL2A-AR-UNRESOLVED"
"LB-LOC-35243","","","","","","fuzzy-suggestion","unresolved","UL2A-AR-UNRESOLVED"
"LB-LOC-35317","","","","","","fuzzy-suggestion","unresolved","UL2A-AR-UNRESOLVED"
"LB-LOC-35352","","","","","","fuzzy-suggestion","unresolved","UL2A-AR-UNRESOLVED"
"LB-LOC-35269","","","","","","fuzzy-suggestion","unresolved","UL2A-AR-UNRESOLVED"
"LB-LOC-35334","","","","","","fuzzy-suggestion","unresolved","UL2A-AR-UNRESOLVED"
"LB-LOC-35415","","","","","","fuzzy-suggestion","unresolved","UL2A-AR-UNRESOLVED"
"LB-LOC-35357","","","","","","fuzzy-suggestion","unresolved","UL2A-AR-UNRESOLVED"
"LB-LOC-35467","","","","","","fuzzy-suggestion","unresolved","UL2A-AR-UNRESOLVED"
"LB-LOC-35404","","","","","","fuzzy-suggestion","unresolved","UL2A-AR-UNRESOLVED"
"LB-LOC-35281","","","","","","fuzzy-suggestion","unresolved","UL2A-AR-UNRESOLVED"
"LB-LOC-35217","","","","","","fuzzy-suggestion","unresolved","UL2A-AR-UNRESOLVED"
"LB-LOC-35327","","","","","","fuzzy-suggestion","unresolved","UL2A-AR-UNRESOLVED"
"LB-LOC-35469","","","","","","fuzzy-suggestion","unresolved","UL2A-AR-UNRESOLVED"
"LB-LOC-35271","","","","","","fuzzy-suggestion","unresolved","UL2A-AR-UNRESOLVED"
"LB-LOC-35227","","","","","","fuzzy-suggestion","unresolved","UL2A-AR-UNRESOLVED"
"LB-LOC-35311","","","","","","fuzzy-suggestion","unresolved","UL2A-AR-UNRESOLVED"
"LB-LOC-35259","","","","","","fuzzy-suggestion","unresolved","UL2A-AR-UNRESOLVED"
"LB-LOC-35324","","","","","","fuzzy-suggestion","unresolved","UL2A-AR-UNRESOLVED"
"LB-LOC-35447","","","","","","fuzzy-suggestion","unresolved","UL2A-AR-UNRESOLVED"
"LB-LOC-35411","","","","","","fuzzy-suggestion","unresolved","UL2A-AR-UNRESOLVED"
"LB-LOC-35143","","","","","","fuzzy-suggestion","unresolved","UL2A-AR-UNRESOLVED"
"LB-LOC-35471","","","","","","fuzzy-suggestion","unresolved","UL2A-AR-UNRESOLVED"
"LB-LOC-35213","","","","","","fuzzy-suggestion","unresolved","UL2A-AR-UNRESOLVED"
"LB-LOC-35211","","","","","","fuzzy-suggestion","unresolved","UL2A-AR-UNRESOLVED"
"LB-LOC-35235","","","","","","fuzzy-suggestion","unresolved","UL2A-AR-UNRESOLVED"
"LB-LOC-35237","","","","","","fuzzy-suggestion","unresolved","UL2A-AR-UNRESOLVED"
"LB-LOC-35231","","","","","","fuzzy-suggestion","unresolved","UL2A-AR-UNRESOLVED"
"LB-LOC-35247","","","","","","fuzzy-suggestion","unresolved","UL2A-AR-UNRESOLVED"
"LB-LOC-35173","","","","","","fuzzy-suggestion","unresolved","UL2A-AR-UNRESOLVED"
"LB-LOC-35171","","","","","","fuzzy-suggestion","unresolved","UL2A-AR-UNRESOLVED"
"LB-LOC-35459","","","","","","fuzzy-suggestion","unresolved","UL2A-AR-UNRESOLVED"
"LB-LOC-35356","","","","","","fuzzy-suggestion","unresolved","UL2A-AR-UNRESOLVED"
"LB-LOC-35127","","","","","","fuzzy-suggestion","unresolved","UL2A-AR-UNRESOLVED"
"LB-LOC-35151","","","","","","fuzzy-suggestion","unresolved","UL2A-AR-UNRESOLVED"
"LB-LOC-35159","","","","","","fuzzy-suggestion","unresolved","UL2A-AR-UNRESOLVED"
"LB-LOC-35153","","","","","","fuzzy-suggestion","unresolved","UL2A-AR-UNRESOLVED"
"LB-LOC-35161","","","","","","fuzzy-suggestion","unresolved","UL2A-AR-UNRESOLVED"
"LB-LOC-53127","","","","","","fuzzy-suggestion","unresolved","UL2A-AR-UNRESOLVED"
"LB-LOC-53217","","","","","","fuzzy-suggestion","unresolved","UL2A-AR-UNRESOLVED"
"LB-LOC-53115","","","","","","fuzzy-suggestion","unresolved","UL2A-AR-UNRESOLVED"
"LB-LOC-53473","","","","","","fuzzy-suggestion","unresolved","UL2A-AR-UNRESOLVED"
"LB-LOC-53465","","","","","","fuzzy-suggestion","unresolved","UL2A-AR-UNRESOLVED"
"LB-LOC-53163","","","","","","fuzzy-suggestion","unresolved","UL2A-AR-UNRESOLVED"
"LB-LOC-53131","","","","","","fuzzy-suggestion","unresolved","UL2A-AR-UNRESOLVED"
"LB-LOC-53231","","","","","","fuzzy-suggestion","unresolved","UL2A-AR-UNRESOLVED"
"LB-LOC-53377","","","","","","fuzzy-suggestion","unresolved","UL2A-AR-UNRESOLVED"
"LB-LOC-53111","","","","","","fuzzy-suggestion","unresolved","UL2A-AR-UNRESOLVED"
"LB-LOC-53221","","","","","","fuzzy-suggestion","unresolved","UL2A-AR-UNRESOLVED"
"LB-LOC-53344","","","","","","fuzzy-suggestion","unresolved","UL2A-AR-UNRESOLVED"
"LB-LOC-53333","","","","","","fuzzy-suggestion","unresolved","UL2A-AR-UNRESOLVED"
"LB-LOC-53411","","","","","","fuzzy-suggestion","unresolved","UL2A-AR-UNRESOLVED"
"LB-LOC-53417","","","","","","fuzzy-suggestion","unresolved","UL2A-AR-UNRESOLVED"
"LB-LOC-53459","","","","","","fuzzy-suggestion","unresolved","UL2A-AR-UNRESOLVED"
"LB-LOC-53453","","","","","","fuzzy-suggestion","unresolved","UL2A-AR-UNRESOLVED"
"LB-LOC-53375","","","","","","fuzzy-suggestion","unresolved","UL2A-AR-UNRESOLVED"
"LB-LOC-53469","","","","","","fuzzy-suggestion","unresolved","UL2A-AR-UNRESOLVED"
"LB-LOC-53274","","","","","","fuzzy-suggestion","unresolved","UL2A-AR-UNRESOLVED"
"LB-LOC-53467","","","","","","fuzzy-suggestion","unresolved","UL2A-AR-UNRESOLVED"
"LB-LOC-53429","","","","","","fuzzy-suggestion","unresolved","UL2A-AR-UNRESOLVED"
"LB-LOC-53366","","","","","","fuzzy-suggestion","unresolved","UL2A-AR-UNRESOLVED"
"LB-LOC-53311","","","","","","fuzzy-suggestion","unresolved","UL2A-AR-UNRESOLVED"
"LB-LOC-53244","","","","","","fuzzy-suggestion","unresolved","UL2A-AR-UNRESOLVED"
"LB-LOC-53119","","","","","","fuzzy-suggestion","unresolved","UL2A-AR-UNRESOLVED"
"LB-LOC-53214","","","","","","fuzzy-suggestion","unresolved","UL2A-AR-UNRESOLVED"
"LB-LOC-53183","","","","","","fuzzy-suggestion","unresolved","UL2A-AR-UNRESOLVED"
"LB-LOC-53247","","","","","","fuzzy-suggestion","unresolved","UL2A-AR-UNRESOLVED"
"LB-LOC-53463","","","","","","fuzzy-suggestion","unresolved","UL2A-AR-UNRESOLVED"
"LB-LOC-53159","","","","","","fuzzy-suggestion","unresolved","UL2A-AR-UNRESOLVED"
"LB-LOC-53431","","","","","","fuzzy-suggestion","unresolved","UL2A-AR-UNRESOLVED"
"LB-LOC-53419","","","","","","fuzzy-suggestion","unresolved","UL2A-AR-UNRESOLVED"
"LB-LOC-53433","","","","","","fuzzy-suggestion","unresolved","UL2A-AR-UNRESOLVED"
"LB-LOC-53135","","","","","","fuzzy-suggestion","unresolved","UL2A-AR-UNRESOLVED"
"LB-LOC-53151","","","","","","fuzzy-suggestion","unresolved","UL2A-AR-UNRESOLVED"
"LB-LOC-53451","","","","","","fuzzy-suggestion","unresolved","UL2A-AR-UNRESOLVED"
"LB-LOC-53264","","","","","","fuzzy-suggestion","unresolved","UL2A-AR-UNRESOLVED"
"LB-LOC-53441","","","","","","fuzzy-suggestion","unresolved","UL2A-AR-UNRESOLVED"
"LB-LOC-53123","","","","","","fuzzy-suggestion","unresolved","UL2A-AR-UNRESOLVED"
"LB-LOC-53171","","","","","","fuzzy-suggestion","unresolved","UL2A-AR-UNRESOLVED"
"LB-LOC-53447","","","","","","fuzzy-suggestion","unresolved","UL2A-AR-UNRESOLVED"
"LB-LOC-53427","","","","","","fuzzy-suggestion","unresolved","UL2A-AR-UNRESOLVED"
"LB-LOC-53179","","","","","","fuzzy-suggestion","unresolved","UL2A-AR-UNRESOLVED"
"LB-LOC-54175","","","","","","fuzzy-suggestion","unresolved","UL2A-AR-UNRESOLVED"
"LB-LOC-53443","","","","","","fuzzy-suggestion","unresolved","UL2A-AR-UNRESOLVED"
"LB-LOC-53455","","","","","","fuzzy-suggestion","unresolved","UL2A-AR-UNRESOLVED"
"LB-LOC-53322","","","","","","fuzzy-suggestion","unresolved","UL2A-AR-UNRESOLVED"
"LB-LOC-53234","","","","","","fuzzy-suggestion","unresolved","UL2A-AR-UNRESOLVED"
"LB-LOC-53461","","","","","","fuzzy-suggestion","unresolved","UL2A-AR-UNRESOLVED"
"LB-LOC-53147","","","","","","fuzzy-suggestion","unresolved","UL2A-AR-UNRESOLVED"
"LB-LOC-53155","","","","","","fuzzy-suggestion","unresolved","UL2A-AR-UNRESOLVED"
"LB-LOC-53457","","","","","","fuzzy-suggestion","unresolved","UL2A-AR-UNRESOLVED"
"LB-LOC-53251","","","","","","fuzzy-suggestion","unresolved","UL2A-AR-UNRESOLVED"
"LB-LOC-53421","","","","","","fuzzy-suggestion","unresolved","UL2A-AR-UNRESOLVED"
"LB-LOC-53271","","","","","","fuzzy-suggestion","unresolved","UL2A-AR-UNRESOLVED"
"LB-LOC-53471","","","","","","fuzzy-suggestion","unresolved","UL2A-AR-UNRESOLVED"
"LB-LOC-53445","","","","","","fuzzy-suggestion","unresolved","UL2A-AR-UNRESOLVED"
"LB-LOC-53224","","","","","","fuzzy-suggestion","unresolved","UL2A-AR-UNRESOLVED"
"LB-LOC-53143","","","","","","fuzzy-suggestion","unresolved","UL2A-AR-UNRESOLVED"
"LB-LOC-54183","","","","","","fuzzy-suggestion","unresolved","UL2A-AR-UNRESOLVED"
"LB-LOC-53241","","","","","","fuzzy-suggestion","unresolved","UL2A-AR-UNRESOLVED"
"LB-LOC-53257","","","","","","fuzzy-suggestion","unresolved","UL2A-AR-UNRESOLVED"
"LB-LOC-53267","","","","","","fuzzy-suggestion","unresolved","UL2A-AR-UNRESOLVED"
"LB-LOC-53254","","","","","","fuzzy-suggestion","unresolved","UL2A-AR-UNRESOLVED"
"LB-LOC-53277","","","","","","fuzzy-suggestion","unresolved","UL2A-AR-UNRESOLVED"
"LB-LOC-53413","","","","","","fuzzy-suggestion","unresolved","UL2A-AR-UNRESOLVED"
"LB-LOC-53281","","","","","","fuzzy-suggestion","unresolved","UL2A-AR-UNRESOLVED"
"LB-LOC-53227","","","","","","fuzzy-suggestion","unresolved","UL2A-AR-UNRESOLVED"
"LB-LOC-53211","","","","","","fuzzy-suggestion","unresolved","UL2A-AR-UNRESOLVED"
"LB-LOC-53355","","","","","","fuzzy-suggestion","unresolved","UL2A-AR-UNRESOLVED"
"LB-LOC-53167","","","","","","fuzzy-suggestion","unresolved","UL2A-AR-UNRESOLVED"
"LB-LOC-53261","","","","","","fuzzy-suggestion","unresolved","UL2A-AR-UNRESOLVED"
"LB-LOC-53437","","","","","","fuzzy-suggestion","unresolved","UL2A-AR-UNRESOLVED"
"LB-LOC-53423","","","","","","fuzzy-suggestion","unresolved","UL2A-AR-UNRESOLVED"
"LB-LOC-53139","","","","","","fuzzy-suggestion","unresolved","UL2A-AR-UNRESOLVED"
"LB-LOC-53439","","","","","","fuzzy-suggestion","unresolved","UL2A-AR-UNRESOLVED"
"LB-LOC-53435","","","","","","fuzzy-suggestion","unresolved","UL2A-AR-UNRESOLVED"
"LB-LOC-53415","","","","","","fuzzy-suggestion","unresolved","UL2A-AR-UNRESOLVED"
"LB-LOC-53425","","","","","","fuzzy-suggestion","unresolved","UL2A-AR-UNRESOLVED"
"LB-LOC-53475","","","","","","fuzzy-suggestion","unresolved","UL2A-AR-UNRESOLVED"
"LB-LOC-53449","","","","","","fuzzy-suggestion","unresolved","UL2A-AR-UNRESOLVED"
"LB-LOC-53388","","","","","","fuzzy-suggestion","unresolved","UL2A-AR-UNRESOLVED"
"LB-LOC-53284","","","","","","fuzzy-suggestion","unresolved","UL2A-AR-UNRESOLVED"
"LB-LOC-53237","","","","","","fuzzy-suggestion","unresolved","UL2A-AR-UNRESOLVED"
"LB-LOC-54127","","","","","","fuzzy-suggestion","unresolved","UL2A-AR-UNRESOLVED"
"LB-LOC-54111","","","","","","fuzzy-suggestion","unresolved","UL2A-AR-UNRESOLVED"
"LB-LOC-54159","","","","","","fuzzy-suggestion","unresolved","UL2A-AR-UNRESOLVED"
"LB-LOC-54167","","","","","","fuzzy-suggestion","unresolved","UL2A-AR-UNRESOLVED"
"LB-LOC-54114","","","","","","fuzzy-suggestion","unresolved","UL2A-AR-UNRESOLVED"
"LB-LOC-54151","","","","","","fuzzy-suggestion","unresolved","UL2A-AR-UNRESOLVED"
"LB-LOC-54135","","","","","","fuzzy-suggestion","unresolved","UL2A-AR-UNRESOLVED"
"LB-LOC-54143","","","","","","fuzzy-suggestion","unresolved","UL2A-AR-UNRESOLVED"
"LB-LOC-54119","","","","","","fuzzy-suggestion","unresolved","UL2A-AR-UNRESOLVED"
"LB-LOC-10650","","","","","","fuzzy-suggestion","unresolved","UL2A-AR-UNRESOLVED"
"LB-LOC-10110","","","","","","fuzzy-suggestion","unresolved","UL2A-AR-UNRESOLVED"
"LB-LOC-10350","","","","","","fuzzy-suggestion","unresolved","UL2A-AR-UNRESOLVED"
"LB-LOC-10999","","","","","","fuzzy-suggestion","unresolved","UL2A-AR-UNRESOLVED"
"LB-LOC-10450","","","","","","fuzzy-suggestion","unresolved","UL2A-AR-UNRESOLVED"
"LB-LOC-10310","","","","","","fuzzy-suggestion","unresolved","UL2A-AR-UNRESOLVED"
"LB-LOC-10610","","","","","","fuzzy-suggestion","unresolved","UL2A-AR-UNRESOLVED"
"LB-LOC-10250","","","","","","fuzzy-suggestion","unresolved","UL2A-AR-UNRESOLVED"
"LB-LOC-10210","","","","","","fuzzy-suggestion","unresolved","UL2A-AR-UNRESOLVED"
"LB-LOC-10150","","","","","","fuzzy-suggestion","unresolved","UL2A-AR-UNRESOLVED"
"LB-LOC-10550","","","","","","fuzzy-suggestion","unresolved","UL2A-AR-UNRESOLVED"
"LB-LOC-10510","","","","","","fuzzy-suggestion","unresolved","UL2A-AR-UNRESOLVED"
"LB-LOC-10410","","","","","","fuzzy-suggestion","unresolved","UL2A-AR-UNRESOLVED"
"LB-LOC-55167","","","","","","fuzzy-suggestion","unresolved","UL2A-AR-UNRESOLVED"
"LB-LOC-55171","","","","","","fuzzy-suggestion","unresolved","UL2A-AR-UNRESOLVED"
"LB-LOC-55147","","","","","","fuzzy-suggestion","unresolved","UL2A-AR-UNRESOLVED"
"LB-LOC-55114","","","","","","fuzzy-suggestion","unresolved","UL2A-AR-UNRESOLVED"
"LB-LOC-55117","","","","","","fuzzy-suggestion","unresolved","UL2A-AR-UNRESOLVED"
"LB-LOC-55194","","","","","","fuzzy-suggestion","unresolved","UL2A-AR-UNRESOLVED"
"LB-LOC-55177","","","","","","fuzzy-suggestion","unresolved","UL2A-AR-UNRESOLVED"
"LB-LOC-55121","","","","","","fuzzy-suggestion","unresolved","UL2A-AR-UNRESOLVED"
"LB-LOC-55127","","","","","","fuzzy-suggestion","unresolved","UL2A-AR-UNRESOLVED"
"LB-LOC-55164","","","","","","fuzzy-suggestion","unresolved","UL2A-AR-UNRESOLVED"
"LB-LOC-55124","","","","","","fuzzy-suggestion","unresolved","UL2A-AR-UNRESOLVED"
"LB-LOC-55187","","","","","","fuzzy-suggestion","unresolved","UL2A-AR-UNRESOLVED"
"LB-LOC-55161","","","","","","fuzzy-suggestion","unresolved","UL2A-AR-UNRESOLVED"
"LB-LOC-55197","","","","","","fuzzy-suggestion","unresolved","UL2A-AR-UNRESOLVED"
"LB-LOC-55144","","","","","","fuzzy-suggestion","unresolved","UL2A-AR-UNRESOLVED"
"LB-LOC-55137","","","","","","fuzzy-suggestion","unresolved","UL2A-AR-UNRESOLVED"
"LB-LOC-55154","","","","","","fuzzy-suggestion","unresolved","UL2A-AR-UNRESOLVED"
"LB-LOC-55134","","","","","","fuzzy-suggestion","unresolved","UL2A-AR-UNRESOLVED"
"LB-LOC-55151","","","","","","fuzzy-suggestion","unresolved","UL2A-AR-UNRESOLVED"
"LB-LOC-55174","","","","","","fuzzy-suggestion","unresolved","UL2A-AR-UNRESOLVED"
"LB-LOC-55181","","","","","","fuzzy-suggestion","unresolved","UL2A-AR-UNRESOLVED"
"LB-LOC-55141","","","","","","fuzzy-suggestion","unresolved","UL2A-AR-UNRESOLVED"
"LB-LOC-55199","","","","","","fuzzy-suggestion","unresolved","UL2A-AR-UNRESOLVED"
"LB-LOC-55111","","","","","","fuzzy-suggestion","unresolved","UL2A-AR-UNRESOLVED"
"LB-LOC-55157","","","","","","fuzzy-suggestion","unresolved","UL2A-AR-UNRESOLVED"
"LB-LOC-55191","","","","","","fuzzy-suggestion","unresolved","UL2A-AR-UNRESOLVED"
"LB-LOC-55131","","","","","","fuzzy-suggestion","unresolved","UL2A-AR-UNRESOLVED"
"LB-LOC-55184","","","","","","fuzzy-suggestion","unresolved","UL2A-AR-UNRESOLVED"
"LB-LOC-52116","","","","","","fuzzy-suggestion","unresolved","UL2A-AR-UNRESOLVED"
"LB-LOC-52146","","","","","","fuzzy-suggestion","unresolved","UL2A-AR-UNRESOLVED"
"LB-LOC-52176","","","","","","fuzzy-suggestion","unresolved","UL2A-AR-UNRESOLVED"
"LB-LOC-52161","","","","","","fuzzy-suggestion","unresolved","UL2A-AR-UNRESOLVED"
"LB-LOC-52121","","","","","","fuzzy-suggestion","unresolved","UL2A-AR-UNRESOLVED"
"LB-LOC-52224","","","","","","fuzzy-suggestion","unresolved","UL2A-AR-UNRESOLVED"
"LB-LOC-52126","","","","","","fuzzy-suggestion","unresolved","UL2A-AR-UNRESOLVED"
"LB-LOC-52181","","","","","","fuzzy-suggestion","unresolved","UL2A-AR-UNRESOLVED"
"LB-LOC-52251","","","","","","fuzzy-suggestion","unresolved","UL2A-AR-UNRESOLVED"
"LB-LOC-52131","","","","","","fuzzy-suggestion","unresolved","UL2A-AR-UNRESOLVED"
"LB-LOC-52166","","","","","","fuzzy-suggestion","unresolved","UL2A-AR-UNRESOLVED"
"LB-LOC-52227","","","","","","fuzzy-suggestion","unresolved","UL2A-AR-UNRESOLVED"
"LB-LOC-52254","","","","","","fuzzy-suggestion","unresolved","UL2A-AR-UNRESOLVED"
"LB-LOC-52271","","","","","","fuzzy-suggestion","unresolved","UL2A-AR-UNRESOLVED"
"LB-LOC-52257","","","","","","fuzzy-suggestion","unresolved","UL2A-AR-UNRESOLVED"
"LB-LOC-52211","","","","","","fuzzy-suggestion","unresolved","UL2A-AR-UNRESOLVED"
"LB-LOC-52156","","","","","","fuzzy-suggestion","unresolved","UL2A-AR-UNRESOLVED"
"LB-LOC-52217","","","","","","fuzzy-suggestion","unresolved","UL2A-AR-UNRESOLVED"
"LB-LOC-52234","","","","","","fuzzy-suggestion","unresolved","UL2A-AR-UNRESOLVED"
"LB-LOC-52247","","","","","","fuzzy-suggestion","unresolved","UL2A-AR-UNRESOLVED"
"LB-LOC-52151","","","","","","fuzzy-suggestion","unresolved","UL2A-AR-UNRESOLVED"
"LB-LOC-52214","","","","","","fuzzy-suggestion","unresolved","UL2A-AR-UNRESOLVED"
"LB-LOC-52274","","","","","","fuzzy-suggestion","unresolved","UL2A-AR-UNRESOLVED"
"LB-LOC-52141","","","","","","fuzzy-suggestion","unresolved","UL2A-AR-UNRESOLVED"
"LB-LOC-52111","","","","","","fuzzy-suggestion","unresolved","UL2A-AR-UNRESOLVED"
"LB-LOC-52244","","","","","","fuzzy-suggestion","unresolved","UL2A-AR-UNRESOLVED"
"LB-LOC-52171","","","","","","fuzzy-suggestion","unresolved","UL2A-AR-UNRESOLVED"
"LB-LOC-52277","","","","","","fuzzy-suggestion","unresolved","UL2A-AR-UNRESOLVED"
"LB-LOC-52287","","","","","","fuzzy-suggestion","unresolved","UL2A-AR-UNRESOLVED"
"LB-LOC-52261","","","","","","fuzzy-suggestion","unresolved","UL2A-AR-UNRESOLVED"
"LB-LOC-52237","","","","","","fuzzy-suggestion","unresolved","UL2A-AR-UNRESOLVED"
"LB-LOC-52291","","","","","","fuzzy-suggestion","unresolved","UL2A-AR-UNRESOLVED"
"LB-LOC-52295","","","","","","fuzzy-suggestion","unresolved","UL2A-AR-UNRESOLVED"
"LB-LOC-52136","","","","","","fuzzy-suggestion","unresolved","UL2A-AR-UNRESOLVED"
"LB-LOC-52267","","","","","","fuzzy-suggestion","unresolved","UL2A-AR-UNRESOLVED"
"LB-LOC-52241","","","","","","fuzzy-suggestion","unresolved","UL2A-AR-UNRESOLVED"
"LB-LOC-52264","","","","","","fuzzy-suggestion","unresolved","UL2A-AR-UNRESOLVED"
"LB-LOC-52231","","","","","","fuzzy-suggestion","unresolved","UL2A-AR-UNRESOLVED"
"LB-LOC-52221","","","","","","fuzzy-suggestion","unresolved","UL2A-AR-UNRESOLVED"
"LB-LOC-52281","","","","","","fuzzy-suggestion","unresolved","UL2A-AR-UNRESOLVED"
"LB-LOC-52284","","","","","","fuzzy-suggestion","unresolved","UL2A-AR-UNRESOLVED"
"LB-LOC-51377","","","","","","fuzzy-suggestion","unresolved","UL2A-AR-UNRESOLVED"
"LB-LOC-51323","","","","","","fuzzy-suggestion","unresolved","UL2A-AR-UNRESOLVED"
"LB-LOC-51281","","","","","","fuzzy-suggestion","unresolved","UL2A-AR-UNRESOLVED"
"LB-LOC-51163","","","","","","fuzzy-suggestion","unresolved","UL2A-AR-UNRESOLVED"
"LB-LOC-51267","","","","","","fuzzy-suggestion","unresolved","UL2A-AR-UNRESOLVED"
"LB-LOC-51244","","","","","","fuzzy-suggestion","unresolved","UL2A-AR-UNRESOLVED"
"LB-LOC-51247","","","","","","fuzzy-suggestion","unresolved","UL2A-AR-UNRESOLVED"
"LB-LOC-51211","","","","","","fuzzy-suggestion","unresolved","UL2A-AR-UNRESOLVED"
"LB-LOC-51383","","","","","","fuzzy-suggestion","unresolved","UL2A-AR-UNRESOLVED"
"LB-LOC-51347","","","","","","fuzzy-suggestion","unresolved","UL2A-AR-UNRESOLVED"
"LB-LOC-51139","","","","","","fuzzy-suggestion","unresolved","UL2A-AR-UNRESOLVED"
"LB-LOC-51335","","","","","","fuzzy-suggestion","unresolved","UL2A-AR-UNRESOLVED"
"LB-LOC-51329","","","","","","fuzzy-suggestion","unresolved","UL2A-AR-UNRESOLVED"
"LB-LOC-51251","","","","","","fuzzy-suggestion","unresolved","UL2A-AR-UNRESOLVED"
"LB-LOC-51317","","","","","","fuzzy-suggestion","unresolved","UL2A-AR-UNRESOLVED"
"LB-LOC-51237","","","","","","fuzzy-suggestion","unresolved","UL2A-AR-UNRESOLVED"
"LB-LOC-51264","","","","","","fuzzy-suggestion","unresolved","UL2A-AR-UNRESOLVED"
"LB-LOC-51157","","","","","","fuzzy-suggestion","unresolved","UL2A-AR-UNRESOLVED"
"LB-LOC-51341","","","","","","fuzzy-suggestion","unresolved","UL2A-AR-UNRESOLVED"
"LB-LOC-51224","","","","","","fuzzy-suggestion","unresolved","UL2A-AR-UNRESOLVED"
"LB-LOC-51389","","","","","","fuzzy-suggestion","unresolved","UL2A-AR-UNRESOLVED"
"LB-LOC-51184","","","","","","fuzzy-suggestion","unresolved","UL2A-AR-UNRESOLVED"
"LB-LOC-51284","","","","","","fuzzy-suggestion","unresolved","UL2A-AR-UNRESOLVED"
"LB-LOC-51217","","","","","","fuzzy-suggestion","unresolved","UL2A-AR-UNRESOLVED"
"LB-LOC-51371","","","","","","fuzzy-suggestion","unresolved","UL2A-AR-UNRESOLVED"
"LB-LOC-51185","","","","","","fuzzy-suggestion","unresolved","UL2A-AR-UNRESOLVED"
"LB-LOC-51241","","","","","","fuzzy-suggestion","unresolved","UL2A-AR-UNRESOLVED"
"LB-LOC-51271","","","","","","fuzzy-suggestion","unresolved","UL2A-AR-UNRESOLVED"
"LB-LOC-51151","","","","","","fuzzy-suggestion","unresolved","UL2A-AR-UNRESOLVED"
"LB-LOC-51354","","","","","","fuzzy-suggestion","unresolved","UL2A-AR-UNRESOLVED"
"LB-LOC-51287","","","","","","fuzzy-suggestion","unresolved","UL2A-AR-UNRESOLVED"
"LB-LOC-51177","","","","","","fuzzy-suggestion","unresolved","UL2A-AR-UNRESOLVED"
"LB-LOC-51257","","","","","","fuzzy-suggestion","unresolved","UL2A-AR-UNRESOLVED"
"LB-LOC-51189","","","","","","fuzzy-suggestion","unresolved","UL2A-AR-UNRESOLVED"
"LB-LOC-51173","","","","","","fuzzy-suggestion","unresolved","UL2A-AR-UNRESOLVED"
"LB-LOC-51234","","","","","","fuzzy-suggestion","unresolved","UL2A-AR-UNRESOLVED"
"LB-LOC-51353","","","","","","fuzzy-suggestion","unresolved","UL2A-AR-UNRESOLVED"
"LB-LOC-51359","","","","","","fuzzy-suggestion","unresolved","UL2A-AR-UNRESOLVED"
"LB-LOC-51311","","","","","","fuzzy-suggestion","unresolved","UL2A-AR-UNRESOLVED"
"LB-LOC-51231","","","","","","fuzzy-suggestion","unresolved","UL2A-AR-UNRESOLVED"
"LB-LOC-51221","","","","","","fuzzy-suggestion","unresolved","UL2A-AR-UNRESOLVED"
"LB-LOC-51227","","","","","","fuzzy-suggestion","unresolved","UL2A-AR-UNRESOLVED"
"LB-LOC-51274","","","","","","fuzzy-suggestion","unresolved","UL2A-AR-UNRESOLVED"
"LB-LOC-51261","","","","","","fuzzy-suggestion","unresolved","UL2A-AR-UNRESOLVED"
"LB-LOC-51277","","","","","","fuzzy-suggestion","unresolved","UL2A-AR-UNRESOLVED"
"LB-LOC-51365","","","","","","fuzzy-suggestion","unresolved","UL2A-AR-UNRESOLVED"
"LB-LOC-51145","","","","","","fuzzy-suggestion","unresolved","UL2A-AR-UNRESOLVED"
"LB-LOC-51127","","","","","","fuzzy-suggestion","unresolved","UL2A-AR-UNRESOLVED"
"LB-LOC-51123","","","","","","fuzzy-suggestion","unresolved","UL2A-AR-UNRESOLVED"
"LB-LOC-51135","","","","","","fuzzy-suggestion","unresolved","UL2A-AR-UNRESOLVED"
"LB-LOC-51115","","","","","","fuzzy-suggestion","unresolved","UL2A-AR-UNRESOLVED"
"LB-LOC-51129","","","","","","fuzzy-suggestion","unresolved","UL2A-AR-UNRESOLVED"
"LB-LOC-51133","","","","","","fuzzy-suggestion","unresolved","UL2A-AR-UNRESOLVED"
"LB-LOC-51119","","","","","","fuzzy-suggestion","unresolved","UL2A-AR-UNRESOLVED"
"LB-LOC-51121","","","","","","fuzzy-suggestion","unresolved","UL2A-AR-UNRESOLVED"
"LB-LOC-51111","","","","","","fuzzy-suggestion","unresolved","UL2A-AR-UNRESOLVED"
"LB-LOC-51117","","","","","","fuzzy-suggestion","unresolved","UL2A-AR-UNRESOLVED"
"LB-LOC-51131","","","","","","fuzzy-suggestion","unresolved","UL2A-AR-UNRESOLVED"
"LB-LOC-51113","","","","","","fuzzy-suggestion","unresolved","UL2A-AR-UNRESOLVED"
"LB-LOC-51125","","","","","","fuzzy-suggestion","unresolved","UL2A-AR-UNRESOLVED"
"LB-LOC-51214","","","","","","fuzzy-suggestion","unresolved","UL2A-AR-UNRESOLVED"
"LB-LOC-72143","","","","","","fuzzy-suggestion","unresolved","UL2A-AR-UNRESOLVED"
"LB-LOC-72151","","","","","","fuzzy-suggestion","unresolved","UL2A-AR-UNRESOLVED"
"LB-LOC-72224","","","","","","fuzzy-suggestion","unresolved","UL2A-AR-UNRESOLVED"
"LB-LOC-72119","","","","","","fuzzy-suggestion","unresolved","UL2A-AR-UNRESOLVED"
"LB-LOC-72183","","","","","","fuzzy-suggestion","unresolved","UL2A-AR-UNRESOLVED"
"LB-LOC-72227","","","","","","fuzzy-suggestion","unresolved","UL2A-AR-UNRESOLVED"
"LB-LOC-72287","","","","","","fuzzy-suggestion","unresolved","UL2A-AR-UNRESOLVED"
"LB-LOC-72237","","","","","","fuzzy-suggestion","unresolved","UL2A-AR-UNRESOLVED"
"LB-LOC-72111","","","","","","fuzzy-suggestion","unresolved","UL2A-AR-UNRESOLVED"
"LB-LOC-72264","","","","","","fuzzy-suggestion","unresolved","UL2A-AR-UNRESOLVED"
"LB-LOC-72229","","","","","","fuzzy-suggestion","unresolved","UL2A-AR-UNRESOLVED"
"LB-LOC-72281","","","","","","fuzzy-suggestion","unresolved","UL2A-AR-UNRESOLVED"
"LB-LOC-72244","","","","","","fuzzy-suggestion","unresolved","UL2A-AR-UNRESOLVED"
"LB-LOC-72276","","","","","","fuzzy-suggestion","unresolved","UL2A-AR-UNRESOLVED"
"LB-LOC-72274","","","","","","fuzzy-suggestion","unresolved","UL2A-AR-UNRESOLVED"
"LB-LOC-72231","","","","","","fuzzy-suggestion","unresolved","UL2A-AR-UNRESOLVED"
"LB-LOC-72284","","","","","","fuzzy-suggestion","unresolved","UL2A-AR-UNRESOLVED"
"LB-LOC-72241","","","","","","fuzzy-suggestion","unresolved","UL2A-AR-UNRESOLVED"
"LB-LOC-72221","","","","","","fuzzy-suggestion","unresolved","UL2A-AR-UNRESOLVED"
"LB-LOC-72257","","","","","","fuzzy-suggestion","unresolved","UL2A-AR-UNRESOLVED"
"LB-LOC-72247","","","","","","fuzzy-suggestion","unresolved","UL2A-AR-UNRESOLVED"
"LB-LOC-72234","","","","","","fuzzy-suggestion","unresolved","UL2A-AR-UNRESOLVED"
"LB-LOC-72251","","","","","","fuzzy-suggestion","unresolved","UL2A-AR-UNRESOLVED"
"LB-LOC-72127","","","","","","fuzzy-suggestion","unresolved","UL2A-AR-UNRESOLVED"
"LB-LOC-72261","","","","","","fuzzy-suggestion","unresolved","UL2A-AR-UNRESOLVED"
"LB-LOC-72291","","","","","","fuzzy-suggestion","unresolved","UL2A-AR-UNRESOLVED"
"LB-LOC-72175","","","","","","fuzzy-suggestion","unresolved","UL2A-AR-UNRESOLVED"
"LB-LOC-72271","","","","","","fuzzy-suggestion","unresolved","UL2A-AR-UNRESOLVED"
"LB-LOC-72191","","","","","","fuzzy-suggestion","unresolved","UL2A-AR-UNRESOLVED"
"LB-LOC-72167","","","","","","fuzzy-suggestion","unresolved","UL2A-AR-UNRESOLVED"
"LB-LOC-72217","","","","","","fuzzy-suggestion","unresolved","UL2A-AR-UNRESOLVED"
"LB-LOC-72135","","","","","","fuzzy-suggestion","unresolved","UL2A-AR-UNRESOLVED"
"LB-LOC-72214","","","","","","fuzzy-suggestion","unresolved","UL2A-AR-UNRESOLVED"
"LB-LOC-72267","","","","","","fuzzy-suggestion","unresolved","UL2A-AR-UNRESOLVED"
"LB-LOC-72211","","","","","","fuzzy-suggestion","unresolved","UL2A-AR-UNRESOLVED"
"LB-LOC-72254","","","","","","fuzzy-suggestion","unresolved","UL2A-AR-UNRESOLVED"
"LB-LOC-72159","","","","","","fuzzy-suggestion","unresolved","UL2A-AR-UNRESOLVED"
"LB-LOC-72277","","","","","","fuzzy-suggestion","unresolved","UL2A-AR-UNRESOLVED"
"LB-LOC-71351","","","","","","fuzzy-suggestion","unresolved","UL2A-AR-UNRESOLVED"
"LB-LOC-71347","","","","","","fuzzy-suggestion","unresolved","UL2A-AR-UNRESOLVED"
"LB-LOC-71216","","","","","","fuzzy-suggestion","unresolved","UL2A-AR-UNRESOLVED"
"LB-LOC-71226","","","","","","fuzzy-suggestion","unresolved","UL2A-AR-UNRESOLVED"
"LB-LOC-71115","","","","","","fuzzy-suggestion","unresolved","UL2A-AR-UNRESOLVED"
"LB-LOC-71256","","","","","","fuzzy-suggestion","unresolved","UL2A-AR-UNRESOLVED"
"LB-LOC-71271","","","","","","fuzzy-suggestion","unresolved","UL2A-AR-UNRESOLVED"
"LB-LOC-71361","","","","","","fuzzy-suggestion","unresolved","UL2A-AR-UNRESOLVED"
"LB-LOC-71377","","","","","","fuzzy-suggestion","unresolved","UL2A-AR-UNRESOLVED"
"LB-LOC-71276","","","","","","fuzzy-suggestion","unresolved","UL2A-AR-UNRESOLVED"
"LB-LOC-71387","","","","","","fuzzy-suggestion","unresolved","UL2A-AR-UNRESOLVED"
"LB-LOC-71321","","","","","","fuzzy-suggestion","unresolved","UL2A-AR-UNRESOLVED"
"LB-LOC-71144","","","","","","fuzzy-suggestion","unresolved","UL2A-AR-UNRESOLVED"
"LB-LOC-71311","","","","","","fuzzy-suggestion","unresolved","UL2A-AR-UNRESOLVED"
"LB-LOC-71334","","","","","","fuzzy-suggestion","unresolved","UL2A-AR-UNRESOLVED"
"LB-LOC-71155","","","","","","fuzzy-suggestion","unresolved","UL2A-AR-UNRESOLVED"
"LB-LOC-71371","","","","","","fuzzy-suggestion","unresolved","UL2A-AR-UNRESOLVED"
"LB-LOC-71331","","","","","","fuzzy-suggestion","unresolved","UL2A-AR-UNRESOLVED"
"LB-LOC-71251","","","","","","fuzzy-suggestion","unresolved","UL2A-AR-UNRESOLVED"
"LB-LOC-71246","","","","","","fuzzy-suggestion","unresolved","UL2A-AR-UNRESOLVED"
"LB-LOC-71266","","","","","","fuzzy-suggestion","unresolved","UL2A-AR-UNRESOLVED"
"LB-LOC-71231","","","","","","fuzzy-suggestion","unresolved","UL2A-AR-UNRESOLVED"
"LB-LOC-71211","","","","","","fuzzy-suggestion","unresolved","UL2A-AR-UNRESOLVED"
"LB-LOC-71337","","","","","","fuzzy-suggestion","unresolved","UL2A-AR-UNRESOLVED"
"LB-LOC-71354","","","","","","fuzzy-suggestion","unresolved","UL2A-AR-UNRESOLVED"
"LB-LOC-71133","","","","","","fuzzy-suggestion","unresolved","UL2A-AR-UNRESOLVED"
"LB-LOC-71391","","","","","","fuzzy-suggestion","unresolved","UL2A-AR-UNRESOLVED"
"LB-LOC-71166","","","","","","fuzzy-suggestion","unresolved","UL2A-AR-UNRESOLVED"
"LB-LOC-71221","","","","","","fuzzy-suggestion","unresolved","UL2A-AR-UNRESOLVED"
"LB-LOC-71177","","","","","","fuzzy-suggestion","unresolved","UL2A-AR-UNRESOLVED"
"LB-LOC-71344","","","","","","fuzzy-suggestion","unresolved","UL2A-AR-UNRESOLVED"
"LB-LOC-71386","","","","","","fuzzy-suggestion","unresolved","UL2A-AR-UNRESOLVED"
"LB-LOC-71341","","","","","","fuzzy-suggestion","unresolved","UL2A-AR-UNRESOLVED"
"LB-LOC-71357","","","","","","fuzzy-suggestion","unresolved","UL2A-AR-UNRESOLVED"
"LB-LOC-71314","","","","","","fuzzy-suggestion","unresolved","UL2A-AR-UNRESOLVED"
"LB-LOC-71117","","","","","","fuzzy-suggestion","unresolved","UL2A-AR-UNRESOLVED"
"LB-LOC-71384","","","","","","fuzzy-suggestion","unresolved","UL2A-AR-UNRESOLVED"
"LB-LOC-71241","","","","","","fuzzy-suggestion","unresolved","UL2A-AR-UNRESOLVED"
"LB-LOC-71111","","","","","","fuzzy-suggestion","unresolved","UL2A-AR-UNRESOLVED"
"LB-LOC-71113","","","","","","fuzzy-suggestion","unresolved","UL2A-AR-UNRESOLVED"
"LB-LOC-71327","","","","","","fuzzy-suggestion","unresolved","UL2A-AR-UNRESOLVED"
"LB-LOC-71381","","","","","","fuzzy-suggestion","unresolved","UL2A-AR-UNRESOLVED"
"LB-LOC-71374","","","","","","fuzzy-suggestion","unresolved","UL2A-AR-UNRESOLVED"
"LB-LOC-71261","","","","","","fuzzy-suggestion","unresolved","UL2A-AR-UNRESOLVED"
"LB-LOC-71236","","","","","","fuzzy-suggestion","unresolved","UL2A-AR-UNRESOLVED"
"LB-LOC-71397","","","","","","fuzzy-suggestion","unresolved","UL2A-AR-UNRESOLVED"
"LB-LOC-71324","","","","","","fuzzy-suggestion","unresolved","UL2A-AR-UNRESOLVED"
"LB-LOC-71394","","","","","","fuzzy-suggestion","unresolved","UL2A-AR-UNRESOLVED"
"LB-LOC-71367","","","","","","fuzzy-suggestion","unresolved","UL2A-AR-UNRESOLVED"
"LB-LOC-71364","","","","","","fuzzy-suggestion","unresolved","UL2A-AR-UNRESOLVED"
"LB-LOC-71281","","","","","","fuzzy-suggestion","unresolved","UL2A-AR-UNRESOLVED"
"LB-LOC-71122","","","","","","fuzzy-suggestion","unresolved","UL2A-AR-UNRESOLVED"
"LB-LOC-74114","","","","","","fuzzy-suggestion","unresolved","UL2A-AR-UNRESOLVED"
"LB-LOC-74126","","","","","","fuzzy-suggestion","unresolved","UL2A-AR-UNRESOLVED"
"LB-LOC-74112","","","","","","fuzzy-suggestion","unresolved","UL2A-AR-UNRESOLVED"
"LB-LOC-74155","","","","","","fuzzy-suggestion","unresolved","UL2A-AR-UNRESOLVED"
"LB-LOC-74130","","","","","","fuzzy-suggestion","unresolved","UL2A-AR-UNRESOLVED"
"LB-LOC-74124","","","","","","fuzzy-suggestion","unresolved","UL2A-AR-UNRESOLVED"
"LB-LOC-74179","","","","","","fuzzy-suggestion","unresolved","UL2A-AR-UNRESOLVED"
"LB-LOC-74116","","","","","","fuzzy-suggestion","unresolved","UL2A-AR-UNRESOLVED"
"LB-LOC-74111","","","","","","fuzzy-suggestion","unresolved","UL2A-AR-UNRESOLVED"
"LB-LOC-74122","","","","","","fuzzy-suggestion","unresolved","UL2A-AR-UNRESOLVED"
"LB-LOC-74133","","","","","","fuzzy-suggestion","unresolved","UL2A-AR-UNRESOLVED"
"LB-LOC-74160","","","","","","fuzzy-suggestion","unresolved","UL2A-AR-UNRESOLVED"
"LB-LOC-74120","","","","","","fuzzy-suggestion","unresolved","UL2A-AR-UNRESOLVED"
"LB-LOC-74175","","","","","","fuzzy-suggestion","unresolved","UL2A-AR-UNRESOLVED"
"LB-LOC-74168","","","","","","fuzzy-suggestion","unresolved","UL2A-AR-UNRESOLVED"
"LB-LOC-74181","","","","","","fuzzy-suggestion","unresolved","UL2A-AR-UNRESOLVED"
"LB-LOC-74177","","","","","","fuzzy-suggestion","unresolved","UL2A-AR-UNRESOLVED"
"LB-LOC-74131","","","","","","fuzzy-suggestion","unresolved","UL2A-AR-UNRESOLVED"
"LB-LOC-74128","","","","","","fuzzy-suggestion","unresolved","UL2A-AR-UNRESOLVED"
"LB-LOC-74158","","","","","","fuzzy-suggestion","unresolved","UL2A-AR-UNRESOLVED"
"LB-LOC-74118","","","","","","fuzzy-suggestion","unresolved","UL2A-AR-UNRESOLVED"
"LB-LOC-74141","","","","","","fuzzy-suggestion","unresolved","UL2A-AR-UNRESOLVED"
"LB-LOC-73211","","","","","","fuzzy-suggestion","unresolved","UL2A-AR-UNRESOLVED"
"LB-LOC-73256","","","","","","fuzzy-suggestion","unresolved","UL2A-AR-UNRESOLVED"
"LB-LOC-73162","","","","","","fuzzy-suggestion","unresolved","UL2A-AR-UNRESOLVED"
"LB-LOC-73293","","","","","","fuzzy-suggestion","unresolved","UL2A-AR-UNRESOLVED"
"LB-LOC-73191","","","","","","fuzzy-suggestion","unresolved","UL2A-AR-UNRESOLVED"
"LB-LOC-73226","","","","","","fuzzy-suggestion","unresolved","UL2A-AR-UNRESOLVED"
"LB-LOC-73135","","","","","","fuzzy-suggestion","unresolved","UL2A-AR-UNRESOLVED"
"LB-LOC-73288","","","","","","fuzzy-suggestion","unresolved","UL2A-AR-UNRESOLVED"
"LB-LOC-73146","","","","","","fuzzy-suggestion","unresolved","UL2A-AR-UNRESOLVED"
"LB-LOC-73116","","","","","","fuzzy-suggestion","unresolved","UL2A-AR-UNRESOLVED"
"LB-LOC-73167","","","","","","fuzzy-suggestion","unresolved","UL2A-AR-UNRESOLVED"
"LB-LOC-73230","","","","","","fuzzy-suggestion","unresolved","UL2A-AR-UNRESOLVED"
"LB-LOC-73119","","","","","","fuzzy-suggestion","unresolved","UL2A-AR-UNRESOLVED"
"LB-LOC-73234","","","","","","fuzzy-suggestion","unresolved","UL2A-AR-UNRESOLVED"
"LB-LOC-73183","","","","","","fuzzy-suggestion","unresolved","UL2A-AR-UNRESOLVED"
"LB-LOC-73127","","","","","","fuzzy-suggestion","unresolved","UL2A-AR-UNRESOLVED"
"LB-LOC-73228","","","","","","fuzzy-suggestion","unresolved","UL2A-AR-UNRESOLVED"
"LB-LOC-73159","","","","","","fuzzy-suggestion","unresolved","UL2A-AR-UNRESOLVED"
"LB-LOC-73279","","","","","","fuzzy-suggestion","unresolved","UL2A-AR-UNRESOLVED"
"LB-LOC-73111","","","","","","fuzzy-suggestion","unresolved","UL2A-AR-UNRESOLVED"
"LB-LOC-73245","","","","","","fuzzy-suggestion","unresolved","UL2A-AR-UNRESOLVED"
"LB-LOC-73143","","","","","","fuzzy-suggestion","unresolved","UL2A-AR-UNRESOLVED"
"LB-LOC-73175","","","","","","fuzzy-suggestion","unresolved","UL2A-AR-UNRESOLVED"
"LB-LOC-73250","","","","","","fuzzy-suggestion","unresolved","UL2A-AR-UNRESOLVED"
"LB-LOC-73248","","","","","","fuzzy-suggestion","unresolved","UL2A-AR-UNRESOLVED"
"LB-LOC-73262","","","","","","fuzzy-suggestion","unresolved","UL2A-AR-UNRESOLVED"
"LB-LOC-73276","","","","","","fuzzy-suggestion","unresolved","UL2A-AR-UNRESOLVED"
"LB-LOC-73151","","","","","","fuzzy-suggestion","unresolved","UL2A-AR-UNRESOLVED"
"LB-LOC-73257","","","","","","fuzzy-suggestion","unresolved","UL2A-AR-UNRESOLVED"
"LB-LOC-73280","","","","","","fuzzy-suggestion","unresolved","UL2A-AR-UNRESOLVED"
"LB-LOC-73244","","","","","","fuzzy-suggestion","unresolved","UL2A-AR-UNRESOLVED"
"LB-LOC-73232","","","","","","fuzzy-suggestion","unresolved","UL2A-AR-UNRESOLVED"
"LB-LOC-73282","","","","","","fuzzy-suggestion","unresolved","UL2A-AR-UNRESOLVED"
"LB-LOC-24375","","","","","","fuzzy-suggestion","unresolved","UL2A-AR-UNRESOLVED"
"LB-LOC-24259","","","","","","fuzzy-suggestion","unresolved","UL2A-AR-UNRESOLVED"
"LB-LOC-24477","","","","","","fuzzy-suggestion","unresolved","UL2A-AR-UNRESOLVED"
"LB-LOC-24219","","","","","","fuzzy-suggestion","unresolved","UL2A-AR-UNRESOLVED"
"LB-LOC-24325","","","","","","fuzzy-suggestion","unresolved","UL2A-AR-UNRESOLVED"
"LB-LOC-24431","","","","","","fuzzy-suggestion","unresolved","UL2A-AR-UNRESOLVED"
"LB-LOC-24317","","","","","","fuzzy-suggestion","unresolved","UL2A-AR-UNRESOLVED"
"LB-LOC-24371","","","","","","fuzzy-suggestion","unresolved","UL2A-AR-UNRESOLVED"
"LB-LOC-24361","","","","","","fuzzy-suggestion","unresolved","UL2A-AR-UNRESOLVED"
"LB-LOC-24311","","","","","","fuzzy-suggestion","unresolved","UL2A-AR-UNRESOLVED"
"LB-LOC-24365","","","","","","fuzzy-suggestion","unresolved","UL2A-AR-UNRESOLVED"
"LB-LOC-24211","","","","","","fuzzy-suggestion","unresolved","UL2A-AR-UNRESOLVED"
"LB-LOC-24351","","","","","","fuzzy-suggestion","unresolved","UL2A-AR-UNRESOLVED"
"LB-LOC-24329","","","","","","fuzzy-suggestion","unresolved","UL2A-AR-UNRESOLVED"
"LB-LOC-24454","","","","","","fuzzy-suggestion","unresolved","UL2A-AR-UNRESOLVED"
"LB-LOC-24235","","","","","","fuzzy-suggestion","unresolved","UL2A-AR-UNRESOLVED"
"LB-LOC-24343","","","","","","fuzzy-suggestion","unresolved","UL2A-AR-UNRESOLVED"
"LB-LOC-24243","","","","","","fuzzy-suggestion","unresolved","UL2A-AR-UNRESOLVED"
"LB-LOC-24283","","","","","","fuzzy-suggestion","unresolved","UL2A-AR-UNRESOLVED"
"LB-LOC-24434","","","","","","fuzzy-suggestion","unresolved","UL2A-AR-UNRESOLVED"
"LB-LOC-24327","","","","","","fuzzy-suggestion","unresolved","UL2A-AR-UNRESOLVED"
"LB-LOC-24414","","","","","","fuzzy-suggestion","unresolved","UL2A-AR-UNRESOLVED"
"LB-LOC-24411","","","","","","fuzzy-suggestion","unresolved","UL2A-AR-UNRESOLVED"
"LB-LOC-24369","","","","","","fuzzy-suggestion","unresolved","UL2A-AR-UNRESOLVED"
"LB-LOC-24321","","","","","","fuzzy-suggestion","unresolved","UL2A-AR-UNRESOLVED"
"LB-LOC-24267","","","","","","fuzzy-suggestion","unresolved","UL2A-AR-UNRESOLVED"
"LB-LOC-24484","","","","","","fuzzy-suggestion","unresolved","UL2A-AR-UNRESOLVED"
"LB-LOC-24319","","","","","","fuzzy-suggestion","unresolved","UL2A-AR-UNRESOLVED"
"LB-LOC-24355","","","","","","fuzzy-suggestion","unresolved","UL2A-AR-UNRESOLVED"
"LB-LOC-24464","","","","","","fuzzy-suggestion","unresolved","UL2A-AR-UNRESOLVED"
"LB-LOC-24291","","","","","","fuzzy-suggestion","unresolved","UL2A-AR-UNRESOLVED"
"LB-LOC-24421","","","","","","fuzzy-suggestion","unresolved","UL2A-AR-UNRESOLVED"
"LB-LOC-24447","","","","","","fuzzy-suggestion","unresolved","UL2A-AR-UNRESOLVED"
"LB-LOC-24417","","","","","","fuzzy-suggestion","unresolved","UL2A-AR-UNRESOLVED"
"LB-LOC-24444","","","","","","fuzzy-suggestion","unresolved","UL2A-AR-UNRESOLVED"
"LB-LOC-24353","","","","","","fuzzy-suggestion","unresolved","UL2A-AR-UNRESOLVED"
"LB-LOC-24339","","","","","","fuzzy-suggestion","unresolved","UL2A-AR-UNRESOLVED"
"LB-LOC-24111","","","","","","fuzzy-suggestion","unresolved","UL2A-AR-UNRESOLVED"
"LB-LOC-24155","","","","","","fuzzy-suggestion","unresolved","UL2A-AR-UNRESOLVED"
"LB-LOC-24133","","","","","","fuzzy-suggestion","unresolved","UL2A-AR-UNRESOLVED"
"LB-LOC-24251","","","","","","fuzzy-suggestion","unresolved","UL2A-AR-UNRESOLVED"
"LB-LOC-24177","","","","","","fuzzy-suggestion","unresolved","UL2A-AR-UNRESOLVED"
"LB-LOC-24357","","","","","","fuzzy-suggestion","unresolved","UL2A-AR-UNRESOLVED"
"LB-LOC-24345","","","","","","fuzzy-suggestion","unresolved","UL2A-AR-UNRESOLVED"
"LB-LOC-24323","","","","","","fuzzy-suggestion","unresolved","UL2A-AR-UNRESOLVED"
"LB-LOC-24461","","","","","","fuzzy-suggestion","unresolved","UL2A-AR-UNRESOLVED"
"LB-LOC-24437","","","","","","fuzzy-suggestion","unresolved","UL2A-AR-UNRESOLVED"
"LB-LOC-24275","","","","","","fuzzy-suggestion","unresolved","UL2A-AR-UNRESOLVED"
"LB-LOC-24451","","","","","","fuzzy-suggestion","unresolved","UL2A-AR-UNRESOLVED"
"LB-LOC-24373","","","","","","fuzzy-suggestion","unresolved","UL2A-AR-UNRESOLVED"
"LB-LOC-24313","","","","","","fuzzy-suggestion","unresolved","UL2A-AR-UNRESOLVED"
"LB-LOC-24337","","","","","","fuzzy-suggestion","unresolved","UL2A-AR-UNRESOLVED"
"LB-LOC-24341","","","","","","fuzzy-suggestion","unresolved","UL2A-AR-UNRESOLVED"
"LB-LOC-24377","","","","","","fuzzy-suggestion","unresolved","UL2A-AR-UNRESOLVED"
"LB-LOC-24471","","","","","","fuzzy-suggestion","unresolved","UL2A-AR-UNRESOLVED"
"LB-LOC-24424","","","","","","fuzzy-suggestion","unresolved","UL2A-AR-UNRESOLVED"
"LB-LOC-24441","","","","","","fuzzy-suggestion","unresolved","UL2A-AR-UNRESOLVED"
"LB-LOC-24474","","","","","","fuzzy-suggestion","unresolved","UL2A-AR-UNRESOLVED"
"LB-LOC-24443","","","","","","fuzzy-suggestion","unresolved","UL2A-AR-UNRESOLVED"
"LB-LOC-24457","","","","","","fuzzy-suggestion","unresolved","UL2A-AR-UNRESOLVED"
"LB-LOC-24349","","","","","","fuzzy-suggestion","unresolved","UL2A-AR-UNRESOLVED"
"LB-LOC-24481","","","","","","fuzzy-suggestion","unresolved","UL2A-AR-UNRESOLVED"
"LB-LOC-24315","","","","","","fuzzy-suggestion","unresolved","UL2A-AR-UNRESOLVED"
"LB-LOC-24467","","","","","","fuzzy-suggestion","unresolved","UL2A-AR-UNRESOLVED"
"LB-LOC-24359","","","","","","fuzzy-suggestion","unresolved","UL2A-AR-UNRESOLVED"
"LB-LOC-24335","","","","","","fuzzy-suggestion","unresolved","UL2A-AR-UNRESOLVED"
"LB-LOC-24367","","","","","","fuzzy-suggestion","unresolved","UL2A-AR-UNRESOLVED"
"LB-LOC-24347","","","","","","fuzzy-suggestion","unresolved","UL2A-AR-UNRESOLVED"
"LB-LOC-24427","","","","","","fuzzy-suggestion","unresolved","UL2A-AR-UNRESOLVED"
"LB-LOC-24363","","","","","","fuzzy-suggestion","unresolved","UL2A-AR-UNRESOLVED"
"LB-LOC-24227","","","","","","fuzzy-suggestion","unresolved","UL2A-AR-UNRESOLVED"
"LB-LOC-24331","","","","","","fuzzy-suggestion","unresolved","UL2A-AR-UNRESOLVED"
"LB-LOC-24333","","","","","","fuzzy-suggestion","unresolved","UL2A-AR-UNRESOLVED"
"LB-LOC-21341","","","","","","fuzzy-suggestion","unresolved","UL2A-AR-UNRESOLVED"
"LB-LOC-21314","","","","","","fuzzy-suggestion","unresolved","UL2A-AR-UNRESOLVED"
"LB-LOC-21371","","","","","","fuzzy-suggestion","unresolved","UL2A-AR-UNRESOLVED"
"LB-LOC-21381","","","","","","fuzzy-suggestion","unresolved","UL2A-AR-UNRESOLVED"
"LB-LOC-21471","","","","","","fuzzy-suggestion","unresolved","UL2A-AR-UNRESOLVED"
"LB-LOC-21211","","","","","","fuzzy-suggestion","unresolved","UL2A-AR-UNRESOLVED"
"LB-LOC-21311","","","","","","fuzzy-suggestion","unresolved","UL2A-AR-UNRESOLVED"
"LB-LOC-21436","","","","","","fuzzy-suggestion","unresolved","UL2A-AR-UNRESOLVED"
"LB-LOC-21177","","","","","","fuzzy-suggestion","unresolved","UL2A-AR-UNRESOLVED"
"LB-LOC-21227","","","","","","fuzzy-suggestion","unresolved","UL2A-AR-UNRESOLVED"
"LB-LOC-21283","","","","","","fuzzy-suggestion","unresolved","UL2A-AR-UNRESOLVED"
"LB-LOC-21441","","","","","","fuzzy-suggestion","unresolved","UL2A-AR-UNRESOLVED"
"LB-LOC-21451","","","","","","fuzzy-suggestion","unresolved","UL2A-AR-UNRESOLVED"
"LB-LOC-21466","","","","","","fuzzy-suggestion","unresolved","UL2A-AR-UNRESOLVED"
"LB-LOC-21426","","","","","","fuzzy-suggestion","unresolved","UL2A-AR-UNRESOLVED"
"LB-LOC-21111","","","","","","fuzzy-suggestion","unresolved","UL2A-AR-UNRESOLVED"
"LB-LOC-21347","","","","","","fuzzy-suggestion","unresolved","UL2A-AR-UNRESOLVED"
"LB-LOC-21354","","","","","","fuzzy-suggestion","unresolved","UL2A-AR-UNRESOLVED"
"LB-LOC-21367","","","","","","fuzzy-suggestion","unresolved","UL2A-AR-UNRESOLVED"
"LB-LOC-21337","","","","","","fuzzy-suggestion","unresolved","UL2A-AR-UNRESOLVED"
"LB-LOC-21391","","","","","","fuzzy-suggestion","unresolved","UL2A-AR-UNRESOLVED"
"LB-LOC-21446","","","","","","fuzzy-suggestion","unresolved","UL2A-AR-UNRESOLVED"
"LB-LOC-21133","","","","","","fuzzy-suggestion","unresolved","UL2A-AR-UNRESOLVED"
"LB-LOC-21219","","","","","","fuzzy-suggestion","unresolved","UL2A-AR-UNRESOLVED"
"LB-LOC-21411","","","","","","fuzzy-suggestion","unresolved","UL2A-AR-UNRESOLVED"
"LB-LOC-21275","","","","","","fuzzy-suggestion","unresolved","UL2A-AR-UNRESOLVED"
"LB-LOC-21327","","","","","","fuzzy-suggestion","unresolved","UL2A-AR-UNRESOLVED"
"LB-LOC-21144","","","","","","fuzzy-suggestion","unresolved","UL2A-AR-UNRESOLVED"
"LB-LOC-21397","","","","","","fuzzy-suggestion","unresolved","UL2A-AR-UNRESOLVED"
"LB-LOC-21324","","","","","","fuzzy-suggestion","unresolved","UL2A-AR-UNRESOLVED"
"LB-LOC-21461","","","","","","fuzzy-suggestion","unresolved","UL2A-AR-UNRESOLVED"
"LB-LOC-21487","","","","","","fuzzy-suggestion","unresolved","UL2A-AR-UNRESOLVED"
"LB-LOC-21251","","","","","","fuzzy-suggestion","unresolved","UL2A-AR-UNRESOLVED"
"LB-LOC-21476","","","","","","fuzzy-suggestion","unresolved","UL2A-AR-UNRESOLVED"
"LB-LOC-21421","","","","","","fuzzy-suggestion","unresolved","UL2A-AR-UNRESOLVED"
"LB-LOC-21431","","","","","","fuzzy-suggestion","unresolved","UL2A-AR-UNRESOLVED"
"LB-LOC-21377","","","","","","fuzzy-suggestion","unresolved","UL2A-AR-UNRESOLVED"
"LB-LOC-21166","","","","","","fuzzy-suggestion","unresolved","UL2A-AR-UNRESOLVED"
"LB-LOC-21243","","","","","","fuzzy-suggestion","unresolved","UL2A-AR-UNRESOLVED"
"LB-LOC-21235","","","","","","fuzzy-suggestion","unresolved","UL2A-AR-UNRESOLVED"
"LB-LOC-21321","","","","","","fuzzy-suggestion","unresolved","UL2A-AR-UNRESOLVED"
"LB-LOC-21267","","","","","","fuzzy-suggestion","unresolved","UL2A-AR-UNRESOLVED"
"LB-LOC-21259","","","","","","fuzzy-suggestion","unresolved","UL2A-AR-UNRESOLVED"
"LB-LOC-21416","","","","","","fuzzy-suggestion","unresolved","UL2A-AR-UNRESOLVED"
"LB-LOC-21357","","","","","","fuzzy-suggestion","unresolved","UL2A-AR-UNRESOLVED"
"LB-LOC-21361","","","","","","fuzzy-suggestion","unresolved","UL2A-AR-UNRESOLVED"
"LB-LOC-21456","","","","","","fuzzy-suggestion","unresolved","UL2A-AR-UNRESOLVED"
"LB-LOC-21344","","","","","","fuzzy-suggestion","unresolved","UL2A-AR-UNRESOLVED"
"LB-LOC-21364","","","","","","fuzzy-suggestion","unresolved","UL2A-AR-UNRESOLVED"
"LB-LOC-21331","","","","","","fuzzy-suggestion","unresolved","UL2A-AR-UNRESOLVED"
"LB-LOC-21351","","","","","","fuzzy-suggestion","unresolved","UL2A-AR-UNRESOLVED"
"LB-LOC-21334","","","","","","fuzzy-suggestion","unresolved","UL2A-AR-UNRESOLVED"
"LB-LOC-21317","","","","","","fuzzy-suggestion","unresolved","UL2A-AR-UNRESOLVED"
"LB-LOC-21394","","","","","","fuzzy-suggestion","unresolved","UL2A-AR-UNRESOLVED"
"LB-LOC-21188","","","","","","fuzzy-suggestion","unresolved","UL2A-AR-UNRESOLVED"
"LB-LOC-21481","","","","","","fuzzy-suggestion","unresolved","UL2A-AR-UNRESOLVED"
"LB-LOC-21374","","","","","","fuzzy-suggestion","unresolved","UL2A-AR-UNRESOLVED"
"LB-LOC-23627","","","","","","fuzzy-suggestion","unresolved","UL2A-AR-UNRESOLVED"
"LB-LOC-23619","","","","","","fuzzy-suggestion","unresolved","UL2A-AR-UNRESOLVED"
"LB-LOC-23469","","","","","","fuzzy-suggestion","unresolved","UL2A-AR-UNRESOLVED"
"LB-LOC-23533","","","","","","fuzzy-suggestion","unresolved","UL2A-AR-UNRESOLVED"
"LB-LOC-23311","","","","","","fuzzy-suggestion","unresolved","UL2A-AR-UNRESOLVED"
"LB-LOC-23639","","","","","","fuzzy-suggestion","unresolved","UL2A-AR-UNRESOLVED"
"LB-LOC-23427","","","","","","fuzzy-suggestion","unresolved","UL2A-AR-UNRESOLVED"
"LB-LOC-23239","","","","","","fuzzy-suggestion","unresolved","UL2A-AR-UNRESOLVED"
"LB-LOC-23544","","","","","","fuzzy-suggestion","unresolved","UL2A-AR-UNRESOLVED"
"LB-LOC-23631","","","","","","fuzzy-suggestion","unresolved","UL2A-AR-UNRESOLVED"
"LB-LOC-23511","","","","","","fuzzy-suggestion","unresolved","UL2A-AR-UNRESOLVED"
"LB-LOC-23255","","","","","","fuzzy-suggestion","unresolved","UL2A-AR-UNRESOLVED"
"LB-LOC-23251","","","","","","fuzzy-suggestion","unresolved","UL2A-AR-UNRESOLVED"
"LB-LOC-23679","","","","","","fuzzy-suggestion","unresolved","UL2A-AR-UNRESOLVED"
"LB-LOC-23675","","","","","","fuzzy-suggestion","unresolved","UL2A-AR-UNRESOLVED"
"LB-LOC-23663","","","","","","fuzzy-suggestion","unresolved","UL2A-AR-UNRESOLVED"
"LB-LOC-23687","","","","","","fuzzy-suggestion","unresolved","UL2A-AR-UNRESOLVED"
"LB-LOC-23423","","","","","","fuzzy-suggestion","unresolved","UL2A-AR-UNRESOLVED"
"LB-LOC-23411","","","","","","fuzzy-suggestion","unresolved","UL2A-AR-UNRESOLVED"
"LB-LOC-23263","","","","","","fuzzy-suggestion","unresolved","UL2A-AR-UNRESOLVED"
"LB-LOC-23451","","","","","","fuzzy-suggestion","unresolved","UL2A-AR-UNRESOLVED"
"LB-LOC-23253","","","","","","fuzzy-suggestion","unresolved","UL2A-AR-UNRESOLVED"
"LB-LOC-23356","","","","","","fuzzy-suggestion","unresolved","UL2A-AR-UNRESOLVED"
"LB-LOC-23615","","","","","","fuzzy-suggestion","unresolved","UL2A-AR-UNRESOLVED"
"LB-LOC-23247","","","","","","fuzzy-suggestion","unresolved","UL2A-AR-UNRESOLVED"
"LB-LOC-23457","","","","","","fuzzy-suggestion","unresolved","UL2A-AR-UNRESOLVED"
"LB-LOC-23459","","","","","","fuzzy-suggestion","unresolved","UL2A-AR-UNRESOLVED"
"LB-LOC-23386","","","","","","fuzzy-suggestion","unresolved","UL2A-AR-UNRESOLVED"
"LB-LOC-23223","","","","","","fuzzy-suggestion","unresolved","UL2A-AR-UNRESOLVED"
"LB-LOC-23211","","","","","","fuzzy-suggestion","unresolved","UL2A-AR-UNRESOLVED"
"LB-LOC-23275","","","","","","fuzzy-suggestion","unresolved","UL2A-AR-UNRESOLVED"
"LB-LOC-23453","","","","","","fuzzy-suggestion","unresolved","UL2A-AR-UNRESOLVED"
"LB-LOC-23279","","","","","","fuzzy-suggestion","unresolved","UL2A-AR-UNRESOLVED"
"LB-LOC-23219","","","","","","fuzzy-suggestion","unresolved","UL2A-AR-UNRESOLVED"
"LB-LOC-23111","","","","","","fuzzy-suggestion","unresolved","UL2A-AR-UNRESOLVED"
"LB-LOC-23227","","","","","","fuzzy-suggestion","unresolved","UL2A-AR-UNRESOLVED"
"LB-LOC-23435","","","","","","fuzzy-suggestion","unresolved","UL2A-AR-UNRESOLVED"
"LB-LOC-23522","","","","","","fuzzy-suggestion","unresolved","UL2A-AR-UNRESOLVED"
"LB-LOC-23346","","","","","","fuzzy-suggestion","unresolved","UL2A-AR-UNRESOLVED"
"LB-LOC-23413","","","","","","fuzzy-suggestion","unresolved","UL2A-AR-UNRESOLVED"
"LB-LOC-23429","","","","","","fuzzy-suggestion","unresolved","UL2A-AR-UNRESOLVED"
"LB-LOC-23259","","","","","","fuzzy-suggestion","unresolved","UL2A-AR-UNRESOLVED"
"LB-LOC-23447","","","","","","fuzzy-suggestion","unresolved","UL2A-AR-UNRESOLVED"
"LB-LOC-23449","","","","","","fuzzy-suggestion","unresolved","UL2A-AR-UNRESOLVED"
"LB-LOC-23467","","","","","","fuzzy-suggestion","unresolved","UL2A-AR-UNRESOLVED"
"LB-LOC-23438","","","","","","fuzzy-suggestion","unresolved","UL2A-AR-UNRESOLVED"
"LB-LOC-23566","","","","","","fuzzy-suggestion","unresolved","UL2A-AR-UNRESOLVED"
"LB-LOC-23647","","","","","","fuzzy-suggestion","unresolved","UL2A-AR-UNRESOLVED"
"LB-LOC-23588","","","","","","fuzzy-suggestion","unresolved","UL2A-AR-UNRESOLVED"
"LB-LOC-23271","","","","","","fuzzy-suggestion","unresolved","UL2A-AR-UNRESOLVED"
"LB-LOC-23577","","","","","","fuzzy-suggestion","unresolved","UL2A-AR-UNRESOLVED"
"LB-LOC-23671","","","","","","fuzzy-suggestion","unresolved","UL2A-AR-UNRESOLVED"
"LB-LOC-23623","","","","","","fuzzy-suggestion","unresolved","UL2A-AR-UNRESOLVED"
"LB-LOC-23267","","","","","","fuzzy-suggestion","unresolved","UL2A-AR-UNRESOLVED"
"LB-LOC-23376","","","","","","fuzzy-suggestion","unresolved","UL2A-AR-UNRESOLVED"
"LB-LOC-23316","","","","","","fuzzy-suggestion","unresolved","UL2A-AR-UNRESOLVED"
"LB-LOC-23336","","","","","","fuzzy-suggestion","unresolved","UL2A-AR-UNRESOLVED"
"LB-LOC-23643","","","","","","fuzzy-suggestion","unresolved","UL2A-AR-UNRESOLVED"
"LB-LOC-23231","","","","","","fuzzy-suggestion","unresolved","UL2A-AR-UNRESOLVED"
"LB-LOC-23433","","","","","","fuzzy-suggestion","unresolved","UL2A-AR-UNRESOLVED"
"LB-LOC-23415","","","","","","fuzzy-suggestion","unresolved","UL2A-AR-UNRESOLVED"
"LB-LOC-23454","","","","","","fuzzy-suggestion","unresolved","UL2A-AR-UNRESOLVED"
"LB-LOC-23439","","","","","","fuzzy-suggestion","unresolved","UL2A-AR-UNRESOLVED"
"LB-LOC-23655","","","","","","fuzzy-suggestion","unresolved","UL2A-AR-UNRESOLVED"
"LB-LOC-23455","","","","","","fuzzy-suggestion","unresolved","UL2A-AR-UNRESOLVED"
"LB-LOC-23419","","","","","","fuzzy-suggestion","unresolved","UL2A-AR-UNRESOLVED"
"LB-LOC-23635","","","","","","fuzzy-suggestion","unresolved","UL2A-AR-UNRESOLVED"
"LB-LOC-23371","","","","","","fuzzy-suggestion","unresolved","UL2A-AR-UNRESOLVED"
"LB-LOC-23425","","","","","","fuzzy-suggestion","unresolved","UL2A-AR-UNRESOLVED"
"LB-LOC-23235","","","","","","fuzzy-suggestion","unresolved","UL2A-AR-UNRESOLVED"
"LB-LOC-23421","","","","","","fuzzy-suggestion","unresolved","UL2A-AR-UNRESOLVED"
"LB-LOC-23667","","","","","","fuzzy-suggestion","unresolved","UL2A-AR-UNRESOLVED"
"LB-LOC-23326","","","","","","fuzzy-suggestion","unresolved","UL2A-AR-UNRESOLVED"
"LB-LOC-23445","","","","","","fuzzy-suggestion","unresolved","UL2A-AR-UNRESOLVED"
"LB-LOC-23215","","","","","","fuzzy-suggestion","unresolved","UL2A-AR-UNRESOLVED"
"LB-LOC-23361","","","","","","fuzzy-suggestion","unresolved","UL2A-AR-UNRESOLVED"
"LB-LOC-23651","","","","","","fuzzy-suggestion","unresolved","UL2A-AR-UNRESOLVED"
"LB-LOC-23431","","","","","","fuzzy-suggestion","unresolved","UL2A-AR-UNRESOLVED"
"LB-LOC-23366","","","","","","fuzzy-suggestion","unresolved","UL2A-AR-UNRESOLVED"
"LB-LOC-23171","","","","","","fuzzy-suggestion","unresolved","UL2A-AR-UNRESOLVED"
"LB-LOC-23341","","","","","","fuzzy-suggestion","unresolved","UL2A-AR-UNRESOLVED"
"LB-LOC-23461","","","","","","fuzzy-suggestion","unresolved","UL2A-AR-UNRESOLVED"
"LB-LOC-23611","","","","","","fuzzy-suggestion","unresolved","UL2A-AR-UNRESOLVED"
"LB-LOC-23659","","","","","","fuzzy-suggestion","unresolved","UL2A-AR-UNRESOLVED"
"LB-LOC-23365","","","","","","fuzzy-suggestion","unresolved","UL2A-AR-UNRESOLVED"
"LB-LOC-23141","","","","","","fuzzy-suggestion","unresolved","UL2A-AR-UNRESOLVED"
"LB-LOC-23625","","","","","","fuzzy-suggestion","unresolved","UL2A-AR-UNRESOLVED"
"LB-LOC-23237","","","","","","fuzzy-suggestion","unresolved","UL2A-AR-UNRESOLVED"
"LB-LOC-23555","","","","","","fuzzy-suggestion","unresolved","UL2A-AR-UNRESOLVED"
"LB-LOC-23441","","","","","","fuzzy-suggestion","unresolved","UL2A-AR-UNRESOLVED"
"LB-LOC-23443","","","","","","fuzzy-suggestion","unresolved","UL2A-AR-UNRESOLVED"
"LB-LOC-23331","","","","","","fuzzy-suggestion","unresolved","UL2A-AR-UNRESOLVED"
"LB-LOC-23463","","","","","","fuzzy-suggestion","unresolved","UL2A-AR-UNRESOLVED"
"LB-LOC-23351","","","","","","fuzzy-suggestion","unresolved","UL2A-AR-UNRESOLVED"
"LB-LOC-23321","","","","","","fuzzy-suggestion","unresolved","UL2A-AR-UNRESOLVED"
"LB-LOC-23417","","","","","","fuzzy-suggestion","unresolved","UL2A-AR-UNRESOLVED"
"LB-LOC-23243","","","","","","fuzzy-suggestion","unresolved","UL2A-AR-UNRESOLVED"
"LB-LOC-23437","","","","","","fuzzy-suggestion","unresolved","UL2A-AR-UNRESOLVED"
"LB-LOC-23381","","","","","","fuzzy-suggestion","unresolved","UL2A-AR-UNRESOLVED"
"LB-LOC-22551","","","","","","fuzzy-suggestion","unresolved","UL2A-AR-UNRESOLVED"
"LB-LOC-22471","","","","","","fuzzy-suggestion","unresolved","UL2A-AR-UNRESOLVED"
"LB-LOC-22543","","","","","","fuzzy-suggestion","unresolved","UL2A-AR-UNRESOLVED"
"LB-LOC-22777","","","","","","fuzzy-suggestion","unresolved","UL2A-AR-UNRESOLVED"
"LB-LOC-22523","","","","","","fuzzy-suggestion","unresolved","UL2A-AR-UNRESOLVED"
"LB-LOC-22737","","","","","","fuzzy-suggestion","unresolved","UL2A-AR-UNRESOLVED"
"LB-LOC-22727","","","","","","fuzzy-suggestion","unresolved","UL2A-AR-UNRESOLVED"
"LB-LOC-22563","","","","","","fuzzy-suggestion","unresolved","UL2A-AR-UNRESOLVED"
"LB-LOC-22714","","","","","","fuzzy-suggestion","unresolved","UL2A-AR-UNRESOLVED"
"LB-LOC-22423","","","","","","fuzzy-suggestion","unresolved","UL2A-AR-UNRESOLVED"
"LB-LOC-22343","","","","","","fuzzy-suggestion","unresolved","UL2A-AR-UNRESOLVED"
"LB-LOC-22555","","","","","","fuzzy-suggestion","unresolved","UL2A-AR-UNRESOLVED"
"LB-LOC-22635","","","","","","fuzzy-suggestion","unresolved","UL2A-AR-UNRESOLVED"
"LB-LOC-22767","","","","","","fuzzy-suggestion","unresolved","UL2A-AR-UNRESOLVED"
"LB-LOC-22575","","","","","","fuzzy-suggestion","unresolved","UL2A-AR-UNRESOLVED"
"LB-LOC-22751","","","","","","fuzzy-suggestion","unresolved","UL2A-AR-UNRESOLVED"
"LB-LOC-22311","","","","","","fuzzy-suggestion","unresolved","UL2A-AR-UNRESOLVED"
"LB-LOC-22659","","","","","","fuzzy-suggestion","unresolved","UL2A-AR-UNRESOLVED"
"LB-LOC-22228","","","","","","fuzzy-suggestion","unresolved","UL2A-AR-UNRESOLVED"
"LB-LOC-22797","","","","","","fuzzy-suggestion","unresolved","UL2A-AR-UNRESOLVED"
"LB-LOC-22531","","","","","","fuzzy-suggestion","unresolved","UL2A-AR-UNRESOLVED"
"LB-LOC-22459","","","","","","fuzzy-suggestion","unresolved","UL2A-AR-UNRESOLVED"
"LB-LOC-22451","","","","","","fuzzy-suggestion","unresolved","UL2A-AR-UNRESOLVED"
"LB-LOC-22667","","","","","","fuzzy-suggestion","unresolved","UL2A-AR-UNRESOLVED"
"LB-LOC-22535","","","","","","fuzzy-suggestion","unresolved","UL2A-AR-UNRESOLVED"
"LB-LOC-22511","","","","","","fuzzy-suggestion","unresolved","UL2A-AR-UNRESOLVED"
"LB-LOC-22724","","","","","","fuzzy-suggestion","unresolved","UL2A-AR-UNRESOLVED"
"LB-LOC-22111","","","","","","fuzzy-suggestion","unresolved","UL2A-AR-UNRESOLVED"
"LB-LOC-22431","","","","","","fuzzy-suggestion","unresolved","UL2A-AR-UNRESOLVED"
"LB-LOC-22611","","","","","","fuzzy-suggestion","unresolved","UL2A-AR-UNRESOLVED"
"LB-LOC-22439","","","","","","fuzzy-suggestion","unresolved","UL2A-AR-UNRESOLVED"
"LB-LOC-22691","","","","","","fuzzy-suggestion","unresolved","UL2A-AR-UNRESOLVED"
"LB-LOC-22757","","","","","","fuzzy-suggestion","unresolved","UL2A-AR-UNRESOLVED"
"LB-LOC-22359","","","","","","fuzzy-suggestion","unresolved","UL2A-AR-UNRESOLVED"
"LB-LOC-22559","","","","","","fuzzy-suggestion","unresolved","UL2A-AR-UNRESOLVED"
"LB-LOC-22764","","","","","","fuzzy-suggestion","unresolved","UL2A-AR-UNRESOLVED"
"LB-LOC-22754","","","","","","fuzzy-suggestion","unresolved","UL2A-AR-UNRESOLVED"
"LB-LOC-22591","","","","","","fuzzy-suggestion","unresolved","UL2A-AR-UNRESOLVED"
"LB-LOC-22675","","","","","","fuzzy-suggestion","unresolved","UL2A-AR-UNRESOLVED"
"LB-LOC-22415","","","","","","fuzzy-suggestion","unresolved","UL2A-AR-UNRESOLVED"
"LB-LOC-22375","","","","","","fuzzy-suggestion","unresolved","UL2A-AR-UNRESOLVED"
"LB-LOC-22579","","","","","","fuzzy-suggestion","unresolved","UL2A-AR-UNRESOLVED"
"LB-LOC-22487","","","","","","fuzzy-suggestion","unresolved","UL2A-AR-UNRESOLVED"
"LB-LOC-22245","","","","","","fuzzy-suggestion","unresolved","UL2A-AR-UNRESOLVED"
"LB-LOC-22479","","","","","","fuzzy-suggestion","unresolved","UL2A-AR-UNRESOLVED"
"LB-LOC-22262","","","","","","fuzzy-suggestion","unresolved","UL2A-AR-UNRESOLVED"
"LB-LOC-22463","","","","","","fuzzy-suggestion","unresolved","UL2A-AR-UNRESOLVED"
"LB-LOC-22761","","","","","","fuzzy-suggestion","unresolved","UL2A-AR-UNRESOLVED"
"LB-LOC-22419","","","","","","fuzzy-suggestion","unresolved","UL2A-AR-UNRESOLVED"
"LB-LOC-22571","","","","","","fuzzy-suggestion","unresolved","UL2A-AR-UNRESOLVED"
"LB-LOC-22383","","","","","","fuzzy-suggestion","unresolved","UL2A-AR-UNRESOLVED"
"LB-LOC-22583","","","","","","fuzzy-suggestion","unresolved","UL2A-AR-UNRESOLVED"
"LB-LOC-22547","","","","","","fuzzy-suggestion","unresolved","UL2A-AR-UNRESOLVED"
"LB-LOC-22327","","","","","","fuzzy-suggestion","unresolved","UL2A-AR-UNRESOLVED"
"LB-LOC-22211","","","","","","fuzzy-suggestion","unresolved","UL2A-AR-UNRESOLVED"
"LB-LOC-22587","","","","","","fuzzy-suggestion","unresolved","UL2A-AR-UNRESOLVED"
"LB-LOC-22619","","","","","","fuzzy-suggestion","unresolved","UL2A-AR-UNRESOLVED"
"LB-LOC-22781","","","","","","fuzzy-suggestion","unresolved","UL2A-AR-UNRESOLVED"
"LB-LOC-22799","","","","","","fuzzy-suggestion","unresolved","UL2A-AR-UNRESOLVED"
"LB-LOC-22722","","","","","","fuzzy-suggestion","unresolved","UL2A-AR-UNRESOLVED"
"LB-LOC-22747","","","","","","fuzzy-suggestion","unresolved","UL2A-AR-UNRESOLVED"
"LB-LOC-22787","","","","","","fuzzy-suggestion","unresolved","UL2A-AR-UNRESOLVED"
"LB-LOC-22774","","","","","","fuzzy-suggestion","unresolved","UL2A-AR-UNRESOLVED"
"LB-LOC-22435","","","","","","fuzzy-suggestion","unresolved","UL2A-AR-UNRESOLVED"
"LB-LOC-22411","","","","","","fuzzy-suggestion","unresolved","UL2A-AR-UNRESOLVED"
"LB-LOC-22527","","","","","","fuzzy-suggestion","unresolved","UL2A-AR-UNRESOLVED"
"LB-LOC-22784","","","","","","fuzzy-suggestion","unresolved","UL2A-AR-UNRESOLVED"
"LB-LOC-22734","","","","","","fuzzy-suggestion","unresolved","UL2A-AR-UNRESOLVED"
"LB-LOC-22627","","","","","","fuzzy-suggestion","unresolved","UL2A-AR-UNRESOLVED"
"LB-LOC-22539","","","","","","fuzzy-suggestion","unresolved","UL2A-AR-UNRESOLVED"
"LB-LOC-22391","","","","","","fuzzy-suggestion","unresolved","UL2A-AR-UNRESOLVED"
"LB-LOC-22367","","","","","","fuzzy-suggestion","unresolved","UL2A-AR-UNRESOLVED"
"LB-LOC-22475","","","","","","fuzzy-suggestion","unresolved","UL2A-AR-UNRESOLVED"
"LB-LOC-22717","","","","","","fuzzy-suggestion","unresolved","UL2A-AR-UNRESOLVED"
"LB-LOC-22319","","","","","","fuzzy-suggestion","unresolved","UL2A-AR-UNRESOLVED"
"LB-LOC-22515","","","","","","fuzzy-suggestion","unresolved","UL2A-AR-UNRESOLVED"
"LB-LOC-22279","","","","","","fuzzy-suggestion","unresolved","UL2A-AR-UNRESOLVED"
"LB-LOC-22733","","","","","","fuzzy-suggestion","unresolved","UL2A-AR-UNRESOLVED"
"LB-LOC-22711","","","","","","fuzzy-suggestion","unresolved","UL2A-AR-UNRESOLVED"
"LB-LOC-22447","","","","","","fuzzy-suggestion","unresolved","UL2A-AR-UNRESOLVED"
"LB-LOC-22651","","","","","","fuzzy-suggestion","unresolved","UL2A-AR-UNRESOLVED"
"LB-LOC-22443","","","","","","fuzzy-suggestion","unresolved","UL2A-AR-UNRESOLVED"
"LB-LOC-22335","","","","","","fuzzy-suggestion","unresolved","UL2A-AR-UNRESOLVED"
"LB-LOC-22519","","","","","","fuzzy-suggestion","unresolved","UL2A-AR-UNRESOLVED"
"LB-LOC-22791","","","","","","fuzzy-suggestion","unresolved","UL2A-AR-UNRESOLVED"
"LB-LOC-22731","","","","","","fuzzy-suggestion","unresolved","UL2A-AR-UNRESOLVED"
"LB-LOC-22744","","","","","","fuzzy-suggestion","unresolved","UL2A-AR-UNRESOLVED"
"LB-LOC-22683","","","","","","fuzzy-suggestion","unresolved","UL2A-AR-UNRESOLVED"
"LB-LOC-22643","","","","","","fuzzy-suggestion","unresolved","UL2A-AR-UNRESOLVED"
"LB-LOC-22455","","","","","","fuzzy-suggestion","unresolved","UL2A-AR-UNRESOLVED"
"LB-LOC-22595","","","","","","fuzzy-suggestion","unresolved","UL2A-AR-UNRESOLVED"
"LB-LOC-22427","","","","","","fuzzy-suggestion","unresolved","UL2A-AR-UNRESOLVED"
"LB-LOC-22567","","","","","","fuzzy-suggestion","unresolved","UL2A-AR-UNRESOLVED"
"LB-LOC-22155","","","","","","fuzzy-suggestion","unresolved","UL2A-AR-UNRESOLVED"
"LB-LOC-22794","","","","","","fuzzy-suggestion","unresolved","UL2A-AR-UNRESOLVED"
"LB-LOC-22483","","","","","","fuzzy-suggestion","unresolved","UL2A-AR-UNRESOLVED"
"LB-LOC-22351","","","","","","fuzzy-suggestion","unresolved","UL2A-AR-UNRESOLVED"
"LB-LOC-22741","","","","","","fuzzy-suggestion","unresolved","UL2A-AR-UNRESOLVED"
"LB-LOC-22771","","","","","","fuzzy-suggestion","unresolved","UL2A-AR-UNRESOLVED"
"LB-LOC-22467","","","","","","fuzzy-suggestion","unresolved","UL2A-AR-UNRESOLVED"
"LB-LOC-26256","","","","","","fuzzy-suggestion","unresolved","UL2A-AR-UNRESOLVED"
"LB-LOC-26221","","","","","","fuzzy-suggestion","unresolved","UL2A-AR-UNRESOLVED"
"LB-LOC-26317","","","","","","fuzzy-suggestion","unresolved","UL2A-AR-UNRESOLVED"
"LB-LOC-26227","","","","","","fuzzy-suggestion","unresolved","UL2A-AR-UNRESOLVED"
"LB-LOC-26289","","","","","","fuzzy-suggestion","unresolved","UL2A-AR-UNRESOLVED"
"LB-LOC-26219","","","","","","fuzzy-suggestion","unresolved","UL2A-AR-UNRESOLVED"
"LB-LOC-26212","","","","","","fuzzy-suggestion","unresolved","UL2A-AR-UNRESOLVED"
"LB-LOC-26214","","","","","","fuzzy-suggestion","unresolved","UL2A-AR-UNRESOLVED"
"LB-LOC-26141","","","","","","fuzzy-suggestion","unresolved","UL2A-AR-UNRESOLVED"
"LB-LOC-26371","","","","","","fuzzy-suggestion","unresolved","UL2A-AR-UNRESOLVED"
"LB-LOC-26374","","","","","","fuzzy-suggestion","unresolved","UL2A-AR-UNRESOLVED"
"LB-LOC-26392","","","","","","fuzzy-suggestion","unresolved","UL2A-AR-UNRESOLVED"
"LB-LOC-26239","","","","","","fuzzy-suggestion","unresolved","UL2A-AR-UNRESOLVED"
"LB-LOC-26364","","","","","","fuzzy-suggestion","unresolved","UL2A-AR-UNRESOLVED"
"LB-LOC-26299","","","","","","fuzzy-suggestion","unresolved","UL2A-AR-UNRESOLVED"
"LB-LOC-26244","","","","","","fuzzy-suggestion","unresolved","UL2A-AR-UNRESOLVED"
"LB-LOC-26259","","","","","","fuzzy-suggestion","unresolved","UL2A-AR-UNRESOLVED"
"LB-LOC-26271","","","","","","fuzzy-suggestion","unresolved","UL2A-AR-UNRESOLVED"
"LB-LOC-26276","","","","","","fuzzy-suggestion","unresolved","UL2A-AR-UNRESOLVED"
"LB-LOC-26297","","","","","","fuzzy-suggestion","unresolved","UL2A-AR-UNRESOLVED"
"LB-LOC-26183","","","","","","fuzzy-suggestion","unresolved","UL2A-AR-UNRESOLVED"
"LB-LOC-26243","","","","","","fuzzy-suggestion","unresolved","UL2A-AR-UNRESOLVED"
"LB-LOC-26269","","","","","","fuzzy-suggestion","unresolved","UL2A-AR-UNRESOLVED"
"LB-LOC-26237","","","","","","fuzzy-suggestion","unresolved","UL2A-AR-UNRESOLVED"
"LB-LOC-26129","","","","","","fuzzy-suggestion","unresolved","UL2A-AR-UNRESOLVED"
"LB-LOC-26283","","","","","","fuzzy-suggestion","unresolved","UL2A-AR-UNRESOLVED"
"LB-LOC-26354","","","","","","fuzzy-suggestion","unresolved","UL2A-AR-UNRESOLVED"
"LB-LOC-26253","","","","","","fuzzy-suggestion","unresolved","UL2A-AR-UNRESOLVED"
"LB-LOC-26279","","","","","","fuzzy-suggestion","unresolved","UL2A-AR-UNRESOLVED"
"LB-LOC-26295","","","","","","fuzzy-suggestion","unresolved","UL2A-AR-UNRESOLVED"
"LB-LOC-26296","","","","","","fuzzy-suggestion","unresolved","UL2A-AR-UNRESOLVED"
"LB-LOC-26135","","","","","","fuzzy-suggestion","unresolved","UL2A-AR-UNRESOLVED"
"LB-LOC-26211","","","","","","fuzzy-suggestion","unresolved","UL2A-AR-UNRESOLVED"
"LB-LOC-26266","","","","","","fuzzy-suggestion","unresolved","UL2A-AR-UNRESOLVED"
"LB-LOC-26217","","","","","","fuzzy-suggestion","unresolved","UL2A-AR-UNRESOLVED"
"LB-LOC-26298","","","","","","fuzzy-suggestion","unresolved","UL2A-AR-UNRESOLVED"
"LB-LOC-26223","","","","","","fuzzy-suggestion","unresolved","UL2A-AR-UNRESOLVED"
"LB-LOC-26337","","","","","","fuzzy-suggestion","unresolved","UL2A-AR-UNRESOLVED"
"LB-LOC-26277","","","","","","fuzzy-suggestion","unresolved","UL2A-AR-UNRESOLVED"
"LB-LOC-26294","","","","","","fuzzy-suggestion","unresolved","UL2A-AR-UNRESOLVED"
"LB-LOC-26291","","","","","","fuzzy-suggestion","unresolved","UL2A-AR-UNRESOLVED"
"LB-LOC-26234","","","","","","fuzzy-suggestion","unresolved","UL2A-AR-UNRESOLVED"
"LB-LOC-26147","","","","","","fuzzy-suggestion","unresolved","UL2A-AR-UNRESOLVED"
"LB-LOC-26247","","","","","","fuzzy-suggestion","unresolved","UL2A-AR-UNRESOLVED"
"LB-LOC-26153","","","","","","fuzzy-suggestion","unresolved","UL2A-AR-UNRESOLVED"
"LB-LOC-26281","","","","","","fuzzy-suggestion","unresolved","UL2A-AR-UNRESOLVED"
"LB-LOC-26284","","","","","","fuzzy-suggestion","unresolved","UL2A-AR-UNRESOLVED"
"LB-LOC-26324","","","","","","fuzzy-suggestion","unresolved","UL2A-AR-UNRESOLVED"
"LB-LOC-26390","","","","","","fuzzy-suggestion","unresolved","UL2A-AR-UNRESOLVED"
"LB-LOC-26388","","","","","","fuzzy-suggestion","unresolved","UL2A-AR-UNRESOLVED"
"LB-LOC-26226","","","","","","fuzzy-suggestion","unresolved","UL2A-AR-UNRESOLVED"
"LB-LOC-26286","","","","","","fuzzy-suggestion","unresolved","UL2A-AR-UNRESOLVED"
"LB-LOC-26229","","","","","","fuzzy-suggestion","unresolved","UL2A-AR-UNRESOLVED"
"LB-LOC-26381","","","","","","fuzzy-suggestion","unresolved","UL2A-AR-UNRESOLVED"
"LB-LOC-26327","","","","","","fuzzy-suggestion","unresolved","UL2A-AR-UNRESOLVED"
"LB-LOC-26111","","","","","","fuzzy-suggestion","unresolved","UL2A-AR-UNRESOLVED"
"LB-LOC-26165","","","","","","fuzzy-suggestion","unresolved","UL2A-AR-UNRESOLVED"
"LB-LOC-26274","","","","","","fuzzy-suggestion","unresolved","UL2A-AR-UNRESOLVED"
"LB-LOC-26236","","","","","","fuzzy-suggestion","unresolved","UL2A-AR-UNRESOLVED"
"LB-LOC-26273","","","","","","fuzzy-suggestion","unresolved","UL2A-AR-UNRESOLVED"
"LB-LOC-26224","","","","","","fuzzy-suggestion","unresolved","UL2A-AR-UNRESOLVED"
"LB-LOC-26189","","","","","","fuzzy-suggestion","unresolved","UL2A-AR-UNRESOLVED"
"LB-LOC-26287","","","","","","fuzzy-suggestion","unresolved","UL2A-AR-UNRESOLVED"
"LB-LOC-26264","","","","","","fuzzy-suggestion","unresolved","UL2A-AR-UNRESOLVED"
"LB-LOC-26267","","","","","","fuzzy-suggestion","unresolved","UL2A-AR-UNRESOLVED"
"LB-LOC-26249","","","","","","fuzzy-suggestion","unresolved","UL2A-AR-UNRESOLVED"
"LB-LOC-26361","","","","","","fuzzy-suggestion","unresolved","UL2A-AR-UNRESOLVED"
"LB-LOC-26331","","","","","","fuzzy-suggestion","unresolved","UL2A-AR-UNRESOLVED"
"LB-LOC-26233","","","","","","fuzzy-suggestion","unresolved","UL2A-AR-UNRESOLVED"
"LB-LOC-26293","","","","","","fuzzy-suggestion","unresolved","UL2A-AR-UNRESOLVED"
"LB-LOC-26357","","","","","","fuzzy-suggestion","unresolved","UL2A-AR-UNRESOLVED"
"LB-LOC-26314","","","","","","fuzzy-suggestion","unresolved","UL2A-AR-UNRESOLVED"
"LB-LOC-26117","","","","","","fuzzy-suggestion","unresolved","UL2A-AR-UNRESOLVED"
"LB-LOC-26257","","","","","","fuzzy-suggestion","unresolved","UL2A-AR-UNRESOLVED"
"LB-LOC-26213","","","","","","fuzzy-suggestion","unresolved","UL2A-AR-UNRESOLVED"
"LB-LOC-26321","","","","","","fuzzy-suggestion","unresolved","UL2A-AR-UNRESOLVED"
"LB-LOC-26231","","","","","","fuzzy-suggestion","unresolved","UL2A-AR-UNRESOLVED"
"LB-LOC-26341","","","","","","fuzzy-suggestion","unresolved","UL2A-AR-UNRESOLVED"
"LB-LOC-26218","","","","","","fuzzy-suggestion","unresolved","UL2A-AR-UNRESOLVED"
"LB-LOC-26177","","","","","","fuzzy-suggestion","unresolved","UL2A-AR-UNRESOLVED"
"LB-LOC-26171","","","","","","fuzzy-suggestion","unresolved","UL2A-AR-UNRESOLVED"
"LB-LOC-26367","","","","","","fuzzy-suggestion","unresolved","UL2A-AR-UNRESOLVED"
"LB-LOC-26311","","","","","","fuzzy-suggestion","unresolved","UL2A-AR-UNRESOLVED"
"LB-LOC-26123","","","","","","fuzzy-suggestion","unresolved","UL2A-AR-UNRESOLVED"
"LB-LOC-26351","","","","","","fuzzy-suggestion","unresolved","UL2A-AR-UNRESOLVED"
"LB-LOC-26251","","","","","","fuzzy-suggestion","unresolved","UL2A-AR-UNRESOLVED"
"LB-LOC-26261","","","","","","fuzzy-suggestion","unresolved","UL2A-AR-UNRESOLVED"
"LB-LOC-26241","","","","","","fuzzy-suggestion","unresolved","UL2A-AR-UNRESOLVED"
"LB-LOC-26159","","","","","","fuzzy-suggestion","unresolved","UL2A-AR-UNRESOLVED"
"LB-LOC-26377","","","","","","fuzzy-suggestion","unresolved","UL2A-AR-UNRESOLVED"
"LB-LOC-26263","","","","","","fuzzy-suggestion","unresolved","UL2A-AR-UNRESOLVED"
"LB-LOC-26254","","","","","","fuzzy-suggestion","unresolved","UL2A-AR-UNRESOLVED"
"LB-LOC-26334","","","","","","fuzzy-suggestion","unresolved","UL2A-AR-UNRESOLVED"
"LB-LOC-26220","","","","","","fuzzy-suggestion","unresolved","UL2A-AR-UNRESOLVED"
"LB-LOC-26344","","","","","","fuzzy-suggestion","unresolved","UL2A-AR-UNRESOLVED"
"LB-LOC-26384","","","","","","fuzzy-suggestion","unresolved","UL2A-AR-UNRESOLVED"
"LB-LOC-26215","","","","","","fuzzy-suggestion","unresolved","UL2A-AR-UNRESOLVED"
"LB-LOC-26347","","","","","","fuzzy-suggestion","unresolved","UL2A-AR-UNRESOLVED"
"LB-LOC-26246","","","","","","fuzzy-suggestion","unresolved","UL2A-AR-UNRESOLVED"
"LB-LOC-25423","","","","","","fuzzy-suggestion","unresolved","UL2A-AR-UNRESOLVED"
"LB-LOC-25463","","","","","","fuzzy-suggestion","unresolved","UL2A-AR-UNRESOLVED"
"LB-LOC-25251","","","","","","fuzzy-suggestion","unresolved","UL2A-AR-UNRESOLVED"
"LB-LOC-25211","","","","","","fuzzy-suggestion","unresolved","UL2A-AR-UNRESOLVED"
"LB-LOC-25171","","","","","","fuzzy-suggestion","unresolved","UL2A-AR-UNRESOLVED"
"LB-LOC-25327","","","","","","fuzzy-suggestion","unresolved","UL2A-AR-UNRESOLVED"
"LB-LOC-25361","","","","","","fuzzy-suggestion","unresolved","UL2A-AR-UNRESOLVED"
"LB-LOC-25156","","","","","","fuzzy-suggestion","unresolved","UL2A-AR-UNRESOLVED"
"LB-LOC-25271","","","","","","fuzzy-suggestion","unresolved","UL2A-AR-UNRESOLVED"
"LB-LOC-25221","","","","","","fuzzy-suggestion","unresolved","UL2A-AR-UNRESOLVED"
"LB-LOC-25325","","","","","","fuzzy-suggestion","unresolved","UL2A-AR-UNRESOLVED"
"LB-LOC-25431","","","","","","fuzzy-suggestion","unresolved","UL2A-AR-UNRESOLVED"
"LB-LOC-25443","","","","","","fuzzy-suggestion","unresolved","UL2A-AR-UNRESOLVED"
"LB-LOC-25369","","","","","","fuzzy-suggestion","unresolved","UL2A-AR-UNRESOLVED"
"LB-LOC-25166","","","","","","fuzzy-suggestion","unresolved","UL2A-AR-UNRESOLVED"
"LB-LOC-25313","","","","","","fuzzy-suggestion","unresolved","UL2A-AR-UNRESOLVED"
"LB-LOC-25451","","","","","","fuzzy-suggestion","unresolved","UL2A-AR-UNRESOLVED"
"LB-LOC-25176","","","","","","fuzzy-suggestion","unresolved","UL2A-AR-UNRESOLVED"
"LB-LOC-25337","","","","","","fuzzy-suggestion","unresolved","UL2A-AR-UNRESOLVED"
"LB-LOC-25351","","","","","","fuzzy-suggestion","unresolved","UL2A-AR-UNRESOLVED"
"LB-LOC-25315","","","","","","fuzzy-suggestion","unresolved","UL2A-AR-UNRESOLVED"
"LB-LOC-25479","","","","","","fuzzy-suggestion","unresolved","UL2A-AR-UNRESOLVED"
"LB-LOC-25347","","","","","","fuzzy-suggestion","unresolved","UL2A-AR-UNRESOLVED"
"LB-LOC-25241","","","","","","fuzzy-suggestion","unresolved","UL2A-AR-UNRESOLVED"
"LB-LOC-25335","","","","","","fuzzy-suggestion","unresolved","UL2A-AR-UNRESOLVED"
"LB-LOC-25323","","","","","","fuzzy-suggestion","unresolved","UL2A-AR-UNRESOLVED"
"LB-LOC-25475","","","","","","fuzzy-suggestion","unresolved","UL2A-AR-UNRESOLVED"
"LB-LOC-25427","","","","","","fuzzy-suggestion","unresolved","UL2A-AR-UNRESOLVED"
"LB-LOC-25311","","","","","","fuzzy-suggestion","unresolved","UL2A-AR-UNRESOLVED"
"LB-LOC-25363","","","","","","fuzzy-suggestion","unresolved","UL2A-AR-UNRESOLVED"
"LB-LOC-25331","","","","","","fuzzy-suggestion","unresolved","UL2A-AR-UNRESOLVED"
"LB-LOC-25343","","","","","","fuzzy-suggestion","unresolved","UL2A-AR-UNRESOLVED"
"LB-LOC-25319","","","","","","fuzzy-suggestion","unresolved","UL2A-AR-UNRESOLVED"
"LB-LOC-25333","","","","","","fuzzy-suggestion","unresolved","UL2A-AR-UNRESOLVED"
"LB-LOC-25339","","","","","","fuzzy-suggestion","unresolved","UL2A-AR-UNRESOLVED"
"LB-LOC-25349","","","","","","fuzzy-suggestion","unresolved","UL2A-AR-UNRESOLVED"
"LB-LOC-25471","","","","","","fuzzy-suggestion","unresolved","UL2A-AR-UNRESOLVED"
"LB-LOC-25345","","","","","","fuzzy-suggestion","unresolved","UL2A-AR-UNRESOLVED"
"LB-LOC-25391","","","","","","fuzzy-suggestion","unresolved","UL2A-AR-UNRESOLVED"
"LB-LOC-25261","","","","","","fuzzy-suggestion","unresolved","UL2A-AR-UNRESOLVED"
"LB-LOC-25317","","","","","","fuzzy-suggestion","unresolved","UL2A-AR-UNRESOLVED"
"LB-LOC-25121","","","","","","fuzzy-suggestion","unresolved","UL2A-AR-UNRESOLVED"
"LB-LOC-25131","","","","","","fuzzy-suggestion","unresolved","UL2A-AR-UNRESOLVED"
"LB-LOC-25111","","","","","","fuzzy-suggestion","unresolved","UL2A-AR-UNRESOLVED"
"LB-LOC-25365","","","","","","fuzzy-suggestion","unresolved","UL2A-AR-UNRESOLVED"
"LB-LOC-25355","","","","","","fuzzy-suggestion","unresolved","UL2A-AR-UNRESOLVED"
"LB-LOC-25359","","","","","","fuzzy-suggestion","unresolved","UL2A-AR-UNRESOLVED"
"LB-LOC-25439","","","","","","fuzzy-suggestion","unresolved","UL2A-AR-UNRESOLVED"
"LB-LOC-25447","","","","","","fuzzy-suggestion","unresolved","UL2A-AR-UNRESOLVED"
"LB-LOC-25146","","","","","","fuzzy-suggestion","unresolved","UL2A-AR-UNRESOLVED"
"LB-LOC-25329","","","","","","fuzzy-suggestion","unresolved","UL2A-AR-UNRESOLVED"
"LB-LOC-25181","","","","","","fuzzy-suggestion","unresolved","UL2A-AR-UNRESOLVED"
"LB-LOC-25321","","","","","","fuzzy-suggestion","unresolved","UL2A-AR-UNRESOLVED"
"LB-LOC-25357","","","","","","fuzzy-suggestion","unresolved","UL2A-AR-UNRESOLVED"
"LB-LOC-25459","","","","","","fuzzy-suggestion","unresolved","UL2A-AR-UNRESOLVED"
"LB-LOC-25281","","","","","","fuzzy-suggestion","unresolved","UL2A-AR-UNRESOLVED"
"LB-LOC-25419","","","","","","fuzzy-suggestion","unresolved","UL2A-AR-UNRESOLVED"
"LB-LOC-25488","","","","","","fuzzy-suggestion","unresolved","UL2A-AR-UNRESOLVED"
"LB-LOC-25485","","","","","","fuzzy-suggestion","unresolved","UL2A-AR-UNRESOLVED"
"LB-LOC-25482","","","","","","fuzzy-suggestion","unresolved","UL2A-AR-UNRESOLVED"
"LB-LOC-25467","","","","","","fuzzy-suggestion","unresolved","UL2A-AR-UNRESOLVED"
"LB-LOC-25367","","","","","","fuzzy-suggestion","unresolved","UL2A-AR-UNRESOLVED"
"LB-LOC-25371","","","","","","fuzzy-suggestion","unresolved","UL2A-AR-UNRESOLVED"
"LB-LOC-25341","","","","","","fuzzy-suggestion","unresolved","UL2A-AR-UNRESOLVED"
"LB-LOC-25455","","","","","","fuzzy-suggestion","unresolved","UL2A-AR-UNRESOLVED"
"LB-LOC-25141","","","","","","fuzzy-suggestion","unresolved","UL2A-AR-UNRESOLVED"
"LB-LOC-25415","","","","","","fuzzy-suggestion","unresolved","UL2A-AR-UNRESOLVED"
"LB-LOC-25435","","","","","","fuzzy-suggestion","unresolved","UL2A-AR-UNRESOLVED"
"LB-LOC-25411","","","","","","fuzzy-suggestion","unresolved","UL2A-AR-UNRESOLVED"
"LB-LOC-25161","","","","","","fuzzy-suggestion","unresolved","UL2A-AR-UNRESOLVED"
"LB-LOC-25136","","","","","","fuzzy-suggestion","unresolved","UL2A-AR-UNRESOLVED"
"LB-LOC-25231","","","","","","fuzzy-suggestion","unresolved","UL2A-AR-UNRESOLVED"
"LB-LOC-25151","","","","","","fuzzy-suggestion","unresolved","UL2A-AR-UNRESOLVED"
"LB-LOC-25373","","","","","","fuzzy-suggestion","unresolved","UL2A-AR-UNRESOLVED"
"LB-LOC-25353","","","","","","fuzzy-suggestion","unresolved","UL2A-AR-UNRESOLVED"
"LB-LOC-25375","","","","","","fuzzy-suggestion","unresolved","UL2A-AR-UNRESOLVED"
"LB-LOC-25116","","","","","","fuzzy-suggestion","unresolved","UL2A-AR-UNRESOLVED"
"LB-LOC-25126","","","","","","fuzzy-suggestion","unresolved","UL2A-AR-UNRESOLVED"
"LB-LOC-36121","","","","","","fuzzy-suggestion","unresolved","UL2A-AR-UNRESOLVED"
"LB-LOC-36147","","","","","","fuzzy-suggestion","unresolved","UL2A-AR-UNRESOLVED"
"LB-LOC-36181","","","","","","fuzzy-suggestion","unresolved","UL2A-AR-UNRESOLVED"
"LB-LOC-36111","","","","","","fuzzy-suggestion","unresolved","UL2A-AR-UNRESOLVED"
"LB-LOC-36187","","","","","","fuzzy-suggestion","unresolved","UL2A-AR-UNRESOLVED"
"LB-LOC-36137","","","","","","fuzzy-suggestion","unresolved","UL2A-AR-UNRESOLVED"
"LB-LOC-36117","","","","","","fuzzy-suggestion","unresolved","UL2A-AR-UNRESOLVED"
"LB-LOC-36151","","","","","","fuzzy-suggestion","unresolved","UL2A-AR-UNRESOLVED"
"LB-LOC-36191","","","","","","fuzzy-suggestion","unresolved","UL2A-AR-UNRESOLVED"
"LB-LOC-36184","","","","","","fuzzy-suggestion","unresolved","UL2A-AR-UNRESOLVED"
"LB-LOC-36157","","","","","","fuzzy-suggestion","unresolved","UL2A-AR-UNRESOLVED"
"LB-LOC-36161","","","","","","fuzzy-suggestion","unresolved","UL2A-AR-UNRESOLVED"
"LB-LOC-36131","","","","","","fuzzy-suggestion","unresolved","UL2A-AR-UNRESOLVED"
"LB-LOC-36177","","","","","","fuzzy-suggestion","unresolved","UL2A-AR-UNRESOLVED"
"LB-LOC-36171","","","","","","fuzzy-suggestion","unresolved","UL2A-AR-UNRESOLVED"
"LB-LOC-36144","","","","","","fuzzy-suggestion","unresolved","UL2A-AR-UNRESOLVED"
"LB-LOC-36134","","","","","","fuzzy-suggestion","unresolved","UL2A-AR-UNRESOLVED"
"LB-LOC-36110","","","","","","fuzzy-suggestion","unresolved","UL2A-AR-UNRESOLVED"
"LB-LOC-36164","","","","","","fuzzy-suggestion","unresolved","UL2A-AR-UNRESOLVED"
"LB-LOC-36154","","","","","","fuzzy-suggestion","unresolved","UL2A-AR-UNRESOLVED"
"LB-LOC-36141","","","","","","fuzzy-suggestion","unresolved","UL2A-AR-UNRESOLVED"
"LB-LOC-36127","","","","","","fuzzy-suggestion","unresolved","UL2A-AR-UNRESOLVED"
"LB-LOC-36114","","","","","","fuzzy-suggestion","unresolved","UL2A-AR-UNRESOLVED"
"LB-LOC-36124","","","","","","fuzzy-suggestion","unresolved","UL2A-AR-UNRESOLVED"
"LB-LOC-34217","","","","","","fuzzy-suggestion","unresolved","UL2A-AR-UNRESOLVED"
"LB-LOC-34269","","","","","","fuzzy-suggestion","unresolved","UL2A-AR-UNRESOLVED"
"LB-LOC-34237","","","","","","fuzzy-suggestion","unresolved","UL2A-AR-UNRESOLVED"
"LB-LOC-34251","","","","","","fuzzy-suggestion","unresolved","UL2A-AR-UNRESOLVED"
"LB-LOC-34263","","","","","","fuzzy-suggestion","unresolved","UL2A-AR-UNRESOLVED"
"LB-LOC-34249","","","","","","fuzzy-suggestion","unresolved","UL2A-AR-UNRESOLVED"
"LB-LOC-34111","","","","","","fuzzy-suggestion","unresolved","UL2A-AR-UNRESOLVED"
"LB-LOC-34316","","","","","","fuzzy-suggestion","unresolved","UL2A-AR-UNRESOLVED"
"LB-LOC-34331","","","","","","fuzzy-suggestion","unresolved","UL2A-AR-UNRESOLVED"
"LB-LOC-34321","","","","","","fuzzy-suggestion","unresolved","UL2A-AR-UNRESOLVED"
"LB-LOC-34371","","","","","","fuzzy-suggestion","unresolved","UL2A-AR-UNRESOLVED"
"LB-LOC-34264","","","","","","fuzzy-suggestion","unresolved","UL2A-AR-UNRESOLVED"
"LB-LOC-34277","","","","","","fuzzy-suggestion","unresolved","UL2A-AR-UNRESOLVED"
"LB-LOC-34366","","","","","","fuzzy-suggestion","unresolved","UL2A-AR-UNRESOLVED"
"LB-LOC-34221","","","","","","fuzzy-suggestion","unresolved","UL2A-AR-UNRESOLVED"
"LB-LOC-34188","","","","","","fuzzy-suggestion","unresolved","UL2A-AR-UNRESOLVED"
"LB-LOC-34279","","","","","","fuzzy-suggestion","unresolved","UL2A-AR-UNRESOLVED"
"LB-LOC-34211","","","","","","fuzzy-suggestion","unresolved","UL2A-AR-UNRESOLVED"
"LB-LOC-34215","","","","","","fuzzy-suggestion","unresolved","UL2A-AR-UNRESOLVED"
"LB-LOC-34374","","","","","","fuzzy-suggestion","unresolved","UL2A-AR-UNRESOLVED"
"LB-LOC-34223","","","","","","fuzzy-suggestion","unresolved","UL2A-AR-UNRESOLVED"
"LB-LOC-34326","","","","","","fuzzy-suggestion","unresolved","UL2A-AR-UNRESOLVED"
"LB-LOC-34227","","","","","","fuzzy-suggestion","unresolved","UL2A-AR-UNRESOLVED"
"LB-LOC-34311","","","","","","fuzzy-suggestion","unresolved","UL2A-AR-UNRESOLVED"
"LB-LOC-34218","","","","","","fuzzy-suggestion","unresolved","UL2A-AR-UNRESOLVED"
"LB-LOC-34259","","","","","","fuzzy-suggestion","unresolved","UL2A-AR-UNRESOLVED"
"LB-LOC-34244","","","","","","fuzzy-suggestion","unresolved","UL2A-AR-UNRESOLVED"
"LB-LOC-34231","","","","","","fuzzy-suggestion","unresolved","UL2A-AR-UNRESOLVED"
"LB-LOC-34351","","","","","","fuzzy-suggestion","unresolved","UL2A-AR-UNRESOLVED"
"LB-LOC-34287","","","","","","fuzzy-suggestion","unresolved","UL2A-AR-UNRESOLVED"
"LB-LOC-34253","","","","","","fuzzy-suggestion","unresolved","UL2A-AR-UNRESOLVED"
"LB-LOC-34361","","","","","","fuzzy-suggestion","unresolved","UL2A-AR-UNRESOLVED"
"LB-LOC-34267","","","","","","fuzzy-suggestion","unresolved","UL2A-AR-UNRESOLVED"
"LB-LOC-34177","","","","","","fuzzy-suggestion","unresolved","UL2A-AR-UNRESOLVED"
"LB-LOC-34266","","","","","","fuzzy-suggestion","unresolved","UL2A-AR-UNRESOLVED"
"LB-LOC-34274","","","","","","fuzzy-suggestion","unresolved","UL2A-AR-UNRESOLVED"
"LB-LOC-34219","","","","","","fuzzy-suggestion","unresolved","UL2A-AR-UNRESOLVED"
"LB-LOC-34234","","","","","","fuzzy-suggestion","unresolved","UL2A-AR-UNRESOLVED"
"LB-LOC-34144","","","","","","fuzzy-suggestion","unresolved","UL2A-AR-UNRESOLVED"
"LB-LOC-34241","","","","","","fuzzy-suggestion","unresolved","UL2A-AR-UNRESOLVED"
"LB-LOC-34271","","","","","","fuzzy-suggestion","unresolved","UL2A-AR-UNRESOLVED"
"LB-LOC-34336","","","","","","fuzzy-suggestion","unresolved","UL2A-AR-UNRESOLVED"
"LB-LOC-34281","","","","","","fuzzy-suggestion","unresolved","UL2A-AR-UNRESOLVED"
"LB-LOC-34257","","","","","","fuzzy-suggestion","unresolved","UL2A-AR-UNRESOLVED"
"LB-LOC-34233","","","","","","fuzzy-suggestion","unresolved","UL2A-AR-UNRESOLVED"
"LB-LOC-34341","","","","","","fuzzy-suggestion","unresolved","UL2A-AR-UNRESOLVED"
"LB-LOC-34155","","","","","","fuzzy-suggestion","unresolved","UL2A-AR-UNRESOLVED"
"LB-LOC-34246","","","","","","fuzzy-suggestion","unresolved","UL2A-AR-UNRESOLVED"
"LB-LOC-34226","","","","","","fuzzy-suggestion","unresolved","UL2A-AR-UNRESOLVED"
"LB-LOC-34214","","","","","","fuzzy-suggestion","unresolved","UL2A-AR-UNRESOLVED"
"LB-LOC-34236","","","","","","fuzzy-suggestion","unresolved","UL2A-AR-UNRESOLVED"
"LB-LOC-34256","","","","","","fuzzy-suggestion","unresolved","UL2A-AR-UNRESOLVED"
"LB-LOC-34254","","","","","","fuzzy-suggestion","unresolved","UL2A-AR-UNRESOLVED"
"LB-LOC-34229","","","","","","fuzzy-suggestion","unresolved","UL2A-AR-UNRESOLVED"
"LB-LOC-34273","","","","","","fuzzy-suggestion","unresolved","UL2A-AR-UNRESOLVED"
"LB-LOC-34376","","","","","","fuzzy-suggestion","unresolved","UL2A-AR-UNRESOLVED"
"LB-LOC-34286","","","","","","fuzzy-suggestion","unresolved","UL2A-AR-UNRESOLVED"
"LB-LOC-34381","","","","","","fuzzy-suggestion","unresolved","UL2A-AR-UNRESOLVED"
"LB-LOC-34283","","","","","","fuzzy-suggestion","unresolved","UL2A-AR-UNRESOLVED"
"LB-LOC-34247","","","","","","fuzzy-suggestion","unresolved","UL2A-AR-UNRESOLVED"
"LB-LOC-34122","","","","","","fuzzy-suggestion","unresolved","UL2A-AR-UNRESOLVED"
"LB-LOC-34276","","","","","","fuzzy-suggestion","unresolved","UL2A-AR-UNRESOLVED"
"LB-LOC-34346","","","","","","fuzzy-suggestion","unresolved","UL2A-AR-UNRESOLVED"
"LB-LOC-34284","","","","","","fuzzy-suggestion","unresolved","UL2A-AR-UNRESOLVED"
"LB-LOC-34166","","","","","","fuzzy-suggestion","unresolved","UL2A-AR-UNRESOLVED"
"LB-LOC-34224","","","","","","fuzzy-suggestion","unresolved","UL2A-AR-UNRESOLVED"
"LB-LOC-34239","","","","","","fuzzy-suggestion","unresolved","UL2A-AR-UNRESOLVED"
"LB-LOC-34261","","","","","","fuzzy-suggestion","unresolved","UL2A-AR-UNRESOLVED"
"LB-LOC-34386","","","","","","fuzzy-suggestion","unresolved","UL2A-AR-UNRESOLVED"
"LB-LOC-34356","","","","","","fuzzy-suggestion","unresolved","UL2A-AR-UNRESOLVED"
"LB-LOC-34133","","","","","","fuzzy-suggestion","unresolved","UL2A-AR-UNRESOLVED"
"LB-LOC-34212","","","","","","fuzzy-suggestion","unresolved","UL2A-AR-UNRESOLVED"
"LB-LOC-34243","","","","","","fuzzy-suggestion","unresolved","UL2A-AR-UNRESOLVED"
"LB-LOC-32143","","","","","","fuzzy-suggestion","unresolved","UL2A-AR-UNRESOLVED"
"LB-LOC-32127","","","","","","fuzzy-suggestion","unresolved","UL2A-AR-UNRESOLVED"
"LB-LOC-32135","","","","","","fuzzy-suggestion","unresolved","UL2A-AR-UNRESOLVED"
"LB-LOC-32111","","","","","","fuzzy-suggestion","unresolved","UL2A-AR-UNRESOLVED"
"LB-LOC-32161","","","","","","fuzzy-suggestion","unresolved","UL2A-AR-UNRESOLVED"
"LB-LOC-32163","","","","","","fuzzy-suggestion","unresolved","UL2A-AR-UNRESOLVED"
"LB-LOC-32187","","","","","","fuzzy-suggestion","unresolved","UL2A-AR-UNRESOLVED"
"LB-LOC-32159","","","","","","fuzzy-suggestion","unresolved","UL2A-AR-UNRESOLVED"
"LB-LOC-32145","","","","","","fuzzy-suggestion","unresolved","UL2A-AR-UNRESOLVED"
"LB-LOC-32117","","","","","","fuzzy-suggestion","unresolved","UL2A-AR-UNRESOLVED"
"LB-LOC-32165","","","","","","fuzzy-suggestion","unresolved","UL2A-AR-UNRESOLVED"
"LB-LOC-32133","","","","","","fuzzy-suggestion","unresolved","UL2A-AR-UNRESOLVED"
"LB-LOC-32189","","","","","","fuzzy-suggestion","unresolved","UL2A-AR-UNRESOLVED"
"LB-LOC-32141","","","","","","fuzzy-suggestion","unresolved","UL2A-AR-UNRESOLVED"
"LB-LOC-32193","","","","","","fuzzy-suggestion","unresolved","UL2A-AR-UNRESOLVED"
"LB-LOC-32125","","","","","","fuzzy-suggestion","unresolved","UL2A-AR-UNRESOLVED"
"LB-LOC-32153","","","","","","fuzzy-suggestion","unresolved","UL2A-AR-UNRESOLVED"
"LB-LOC-32119","","","","","","fuzzy-suggestion","unresolved","UL2A-AR-UNRESOLVED"
"LB-LOC-32169","","","","","","fuzzy-suggestion","unresolved","UL2A-AR-UNRESOLVED"
"LB-LOC-32121","","","","","","fuzzy-suggestion","unresolved","UL2A-AR-UNRESOLVED"
"LB-LOC-32131","","","","","","fuzzy-suggestion","unresolved","UL2A-AR-UNRESOLVED"
"LB-LOC-32129","","","","","","fuzzy-suggestion","unresolved","UL2A-AR-UNRESOLVED"
"LB-LOC-32179","","","","","","fuzzy-suggestion","unresolved","UL2A-AR-UNRESOLVED"
"LB-LOC-32173","","","","","","fuzzy-suggestion","unresolved","UL2A-AR-UNRESOLVED"
"LB-LOC-32181","","","","","","fuzzy-suggestion","unresolved","UL2A-AR-UNRESOLVED"
"LB-LOC-32147","","","","","","fuzzy-suggestion","unresolved","UL2A-AR-UNRESOLVED"
"LB-LOC-32183","","","","","","fuzzy-suggestion","unresolved","UL2A-AR-UNRESOLVED"
"LB-LOC-32157","","","","","","fuzzy-suggestion","unresolved","UL2A-AR-UNRESOLVED"
"LB-LOC-32177","","","","","","fuzzy-suggestion","unresolved","UL2A-AR-UNRESOLVED"
"LB-LOC-32151","","","","","","fuzzy-suggestion","unresolved","UL2A-AR-UNRESOLVED"
"LB-LOC-32113","","","","","","fuzzy-suggestion","unresolved","UL2A-AR-UNRESOLVED"
"LB-LOC-32155","","","","","","fuzzy-suggestion","unresolved","UL2A-AR-UNRESOLVED"
"LB-LOC-32123","","","","","","fuzzy-suggestion","unresolved","UL2A-AR-UNRESOLVED"
"LB-LOC-32167","","","","","","fuzzy-suggestion","unresolved","UL2A-AR-UNRESOLVED"
"LB-LOC-32115","","","","","","fuzzy-suggestion","unresolved","UL2A-AR-UNRESOLVED"
"LB-LOC-32137","","","","","","fuzzy-suggestion","unresolved","UL2A-AR-UNRESOLVED"
"LB-LOC-32149","","","","","","fuzzy-suggestion","unresolved","UL2A-AR-UNRESOLVED"
"LB-LOC-32191","","","","","","fuzzy-suggestion","unresolved","UL2A-AR-UNRESOLVED"
"LB-LOC-32171","","","","","","fuzzy-suggestion","unresolved","UL2A-AR-UNRESOLVED"
"LB-LOC-32185","","","","","","fuzzy-suggestion","unresolved","UL2A-AR-UNRESOLVED"
"LB-LOC-32139","","","","","","fuzzy-suggestion","unresolved","UL2A-AR-UNRESOLVED"
"LB-LOC-32175","","","","","","fuzzy-suggestion","unresolved","UL2A-AR-UNRESOLVED"
"LB-LOC-32195","","","","","","fuzzy-suggestion","unresolved","UL2A-AR-UNRESOLVED"
"LB-LOC-37333","","","","","","fuzzy-suggestion","unresolved","UL2A-AR-UNRESOLVED"
"LB-LOC-37362","","","","","","fuzzy-suggestion","unresolved","UL2A-AR-UNRESOLVED"
"LB-LOC-37313","","","","","","fuzzy-suggestion","unresolved","UL2A-AR-UNRESOLVED"
"LB-LOC-37367","","","","","","fuzzy-suggestion","unresolved","UL2A-AR-UNRESOLVED"
"LB-LOC-37361","","","","","","fuzzy-suggestion","unresolved","UL2A-AR-UNRESOLVED"
"LB-LOC-37391","","","","","","fuzzy-suggestion","unresolved","UL2A-AR-UNRESOLVED"
"LB-LOC-37379","","","","","","fuzzy-suggestion","unresolved","UL2A-AR-UNRESOLVED"
"LB-LOC-37359","","","","","","fuzzy-suggestion","unresolved","UL2A-AR-UNRESOLVED"
"LB-LOC-37231","","","","","","fuzzy-suggestion","unresolved","UL2A-AR-UNRESOLVED"
"LB-LOC-37371","","","","","","fuzzy-suggestion","unresolved","UL2A-AR-UNRESOLVED"
"LB-LOC-37329","","","","","","fuzzy-suggestion","unresolved","UL2A-AR-UNRESOLVED"
"LB-LOC-37357","","","","","","fuzzy-suggestion","unresolved","UL2A-AR-UNRESOLVED"
"LB-LOC-37349","","","","","","fuzzy-suggestion","unresolved","UL2A-AR-UNRESOLVED"
"LB-LOC-37251","","","","","","fuzzy-suggestion","unresolved","UL2A-AR-UNRESOLVED"
"LB-LOC-37317","","","","","","fuzzy-suggestion","unresolved","UL2A-AR-UNRESOLVED"
"LB-LOC-37319","","","","","","fuzzy-suggestion","unresolved","UL2A-AR-UNRESOLVED"
"LB-LOC-37343","","","","","","fuzzy-suggestion","unresolved","UL2A-AR-UNRESOLVED"
"LB-LOC-37356","","","","","","fuzzy-suggestion","unresolved","UL2A-AR-UNRESOLVED"
"LB-LOC-37241","","","","","","fuzzy-suggestion","unresolved","UL2A-AR-UNRESOLVED"
"LB-LOC-37377","","","","","","fuzzy-suggestion","unresolved","UL2A-AR-UNRESOLVED"
"LB-LOC-37355","","","","","","fuzzy-suggestion","unresolved","UL2A-AR-UNRESOLVED"
"LB-LOC-37327","","","","","","fuzzy-suggestion","unresolved","UL2A-AR-UNRESOLVED"
"LB-LOC-37345","","","","","","fuzzy-suggestion","unresolved","UL2A-AR-UNRESOLVED"
"LB-LOC-37321","","","","","","fuzzy-suggestion","unresolved","UL2A-AR-UNRESOLVED"
"LB-LOC-37341","","","","","","fuzzy-suggestion","unresolved","UL2A-AR-UNRESOLVED"
"LB-LOC-37375","","","","","","fuzzy-suggestion","unresolved","UL2A-AR-UNRESOLVED"
"LB-LOC-37358","","","","","","fuzzy-suggestion","unresolved","UL2A-AR-UNRESOLVED"
"LB-LOC-37373","","","","","","fuzzy-suggestion","unresolved","UL2A-AR-UNRESOLVED"
"LB-LOC-37347","","","","","","fuzzy-suggestion","unresolved","UL2A-AR-UNRESOLVED"
"LB-LOC-37395","","","","","","fuzzy-suggestion","unresolved","UL2A-AR-UNRESOLVED"
"LB-LOC-37363","","","","","","fuzzy-suggestion","unresolved","UL2A-AR-UNRESOLVED"
"LB-LOC-37365","","","","","","fuzzy-suggestion","unresolved","UL2A-AR-UNRESOLVED"
"LB-LOC-37335","","","","","","fuzzy-suggestion","unresolved","UL2A-AR-UNRESOLVED"
"LB-LOC-37389","","","","","","fuzzy-suggestion","unresolved","UL2A-AR-UNRESOLVED"
"LB-LOC-37314","","","","","","fuzzy-suggestion","unresolved","UL2A-AR-UNRESOLVED"
"LB-LOC-37381","","","","","","fuzzy-suggestion","unresolved","UL2A-AR-UNRESOLVED"
"LB-LOC-37325","","","","","","fuzzy-suggestion","unresolved","UL2A-AR-UNRESOLVED"
"LB-LOC-37271","","","","","","fuzzy-suggestion","unresolved","UL2A-AR-UNRESOLVED"
"LB-LOC-37331","","","","","","fuzzy-suggestion","unresolved","UL2A-AR-UNRESOLVED"
"LB-LOC-37351","","","","","","fuzzy-suggestion","unresolved","UL2A-AR-UNRESOLVED"
"LB-LOC-37385","","","","","","fuzzy-suggestion","unresolved","UL2A-AR-UNRESOLVED"
"LB-LOC-37261","","","","","","fuzzy-suggestion","unresolved","UL2A-AR-UNRESOLVED"
"LB-LOC-37360","","","","","","fuzzy-suggestion","unresolved","UL2A-AR-UNRESOLVED"
"LB-LOC-37383","","","","","","fuzzy-suggestion","unresolved","UL2A-AR-UNRESOLVED"
"LB-LOC-37339","","","","","","fuzzy-suggestion","unresolved","UL2A-AR-UNRESOLVED"
"LB-LOC-37315","","","","","","fuzzy-suggestion","unresolved","UL2A-AR-UNRESOLVED"
"LB-LOC-37344","","","","","","fuzzy-suggestion","unresolved","UL2A-AR-UNRESOLVED"
"LB-LOC-37353","","","","","","fuzzy-suggestion","unresolved","UL2A-AR-UNRESOLVED"
"LB-LOC-37382","","","","","","fuzzy-suggestion","unresolved","UL2A-AR-UNRESOLVED"
"LB-LOC-37281","","","","","","fuzzy-suggestion","unresolved","UL2A-AR-UNRESOLVED"
"LB-LOC-37337","","","","","","fuzzy-suggestion","unresolved","UL2A-AR-UNRESOLVED"
"LB-LOC-37311","","","","","","fuzzy-suggestion","unresolved","UL2A-AR-UNRESOLVED"
"LB-LOC-37323","","","","","","fuzzy-suggestion","unresolved","UL2A-AR-UNRESOLVED"
"LB-LOC-37387","","","","","","fuzzy-suggestion","unresolved","UL2A-AR-UNRESOLVED"
"LB-LOC-37369","","","","","","fuzzy-suggestion","unresolved","UL2A-AR-UNRESOLVED"
"LB-LOC-37291","","","","","","fuzzy-suggestion","unresolved","UL2A-AR-UNRESOLVED"
"LB-LOC-31186","","","","","","fuzzy-suggestion","unresolved","UL2A-AR-UNRESOLVED"
"LB-LOC-31171","","","","","","fuzzy-suggestion","unresolved","UL2A-AR-UNRESOLVED"
"LB-LOC-31176","","","","","","fuzzy-suggestion","unresolved","UL2A-AR-UNRESOLVED"
"LB-LOC-31181","","","","","","fuzzy-suggestion","unresolved","UL2A-AR-UNRESOLVED"
"LB-LOC-31221","","","","","","fuzzy-suggestion","unresolved","UL2A-AR-UNRESOLVED"
"LB-LOC-31146","","","","","","fuzzy-suggestion","unresolved","UL2A-AR-UNRESOLVED"
"LB-LOC-31131","","","","","","fuzzy-suggestion","unresolved","UL2A-AR-UNRESOLVED"
"LB-LOC-31116","","","","","","fuzzy-suggestion","unresolved","UL2A-AR-UNRESOLVED"
"LB-LOC-31151","","","","","","fuzzy-suggestion","unresolved","UL2A-AR-UNRESOLVED"
"LB-LOC-31126","","","","","","fuzzy-suggestion","unresolved","UL2A-AR-UNRESOLVED"
"LB-LOC-31136","","","","","","fuzzy-suggestion","unresolved","UL2A-AR-UNRESOLVED"
"LB-LOC-31141","","","","","","fuzzy-suggestion","unresolved","UL2A-AR-UNRESOLVED"
"LB-LOC-31161","","","","","","fuzzy-suggestion","unresolved","UL2A-AR-UNRESOLVED"
"LB-LOC-31121","","","","","","fuzzy-suggestion","unresolved","UL2A-AR-UNRESOLVED"
"LB-LOC-31156","","","","","","fuzzy-suggestion","unresolved","UL2A-AR-UNRESOLVED"
"LB-LOC-31111","","","","","","fuzzy-suggestion","unresolved","UL2A-AR-UNRESOLVED"
"LB-LOC-31166","","","","","","fuzzy-suggestion","unresolved","UL2A-AR-UNRESOLVED"
"LB-LOC-33267","","","","","","fuzzy-suggestion","unresolved","UL2A-AR-UNRESOLVED"
"LB-LOC-33133","","","","","","fuzzy-suggestion","unresolved","UL2A-AR-UNRESOLVED"
"LB-LOC-33227","","","","","","fuzzy-suggestion","unresolved","UL2A-AR-UNRESOLVED"
"LB-LOC-33113","","","","","","fuzzy-suggestion","unresolved","UL2A-AR-UNRESOLVED"
"LB-LOC-33161","","","","","","fuzzy-suggestion","unresolved","UL2A-AR-UNRESOLVED"
"LB-LOC-33219","","","","","","fuzzy-suggestion","unresolved","UL2A-AR-UNRESOLVED"
"LB-LOC-33123","","","","","","fuzzy-suggestion","unresolved","UL2A-AR-UNRESOLVED"
"LB-LOC-33125","","","","","","fuzzy-suggestion","unresolved","UL2A-AR-UNRESOLVED"
"LB-LOC-33243","","","","","","fuzzy-suggestion","unresolved","UL2A-AR-UNRESOLVED"
"LB-LOC-33157","","","","","","fuzzy-suggestion","unresolved","UL2A-AR-UNRESOLVED"
"LB-LOC-33215","","","","","","fuzzy-suggestion","unresolved","UL2A-AR-UNRESOLVED"
"LB-LOC-33239","","","","","","fuzzy-suggestion","unresolved","UL2A-AR-UNRESOLVED"
"LB-LOC-33159","","","","","","fuzzy-suggestion","unresolved","UL2A-AR-UNRESOLVED"
"LB-LOC-33279","","","","","","fuzzy-suggestion","unresolved","UL2A-AR-UNRESOLVED"
"LB-LOC-33149","","","","","","fuzzy-suggestion","unresolved","UL2A-AR-UNRESOLVED"
"LB-LOC-33263","","","","","","fuzzy-suggestion","unresolved","UL2A-AR-UNRESOLVED"
"LB-LOC-33163","","","","","","fuzzy-suggestion","unresolved","UL2A-AR-UNRESOLVED"
"LB-LOC-33137","","","","","","fuzzy-suggestion","unresolved","UL2A-AR-UNRESOLVED"
"LB-LOC-33211","","","","","","fuzzy-suggestion","unresolved","UL2A-AR-UNRESOLVED"
"LB-LOC-33275","","","","","","fuzzy-suggestion","unresolved","UL2A-AR-UNRESOLVED"
"LB-LOC-33131","","","","","","fuzzy-suggestion","unresolved","UL2A-AR-UNRESOLVED"
"LB-LOC-33152","","","","","","fuzzy-suggestion","unresolved","UL2A-AR-UNRESOLVED"
"LB-LOC-33287","","","","","","fuzzy-suggestion","unresolved","UL2A-AR-UNRESOLVED"
"LB-LOC-33141","","","","","","fuzzy-suggestion","unresolved","UL2A-AR-UNRESOLVED"
"LB-LOC-33291","","","","","","fuzzy-suggestion","unresolved","UL2A-AR-UNRESOLVED"
"LB-LOC-33169","","","","","","fuzzy-suggestion","unresolved","UL2A-AR-UNRESOLVED"
"LB-LOC-33147","","","","","","fuzzy-suggestion","unresolved","UL2A-AR-UNRESOLVED"
"LB-LOC-33115","","","","","","fuzzy-suggestion","unresolved","UL2A-AR-UNRESOLVED"
"LB-LOC-33165","","","","","","fuzzy-suggestion","unresolved","UL2A-AR-UNRESOLVED"
"LB-LOC-33121","","","","","","fuzzy-suggestion","unresolved","UL2A-AR-UNRESOLVED"
"LB-LOC-33143","","","","","","fuzzy-suggestion","unresolved","UL2A-AR-UNRESOLVED"
"LB-LOC-33223","","","","","","fuzzy-suggestion","unresolved","UL2A-AR-UNRESOLVED"
"LB-LOC-33153","","","","","","fuzzy-suggestion","unresolved","UL2A-AR-UNRESOLVED"
"LB-LOC-33145","","","","","","fuzzy-suggestion","unresolved","UL2A-AR-UNRESOLVED"
"LB-LOC-33139","","","","","","fuzzy-suggestion","unresolved","UL2A-AR-UNRESOLVED"
"LB-LOC-33127","","","","","","fuzzy-suggestion","unresolved","UL2A-AR-UNRESOLVED"
"LB-LOC-33235","","","","","","fuzzy-suggestion","unresolved","UL2A-AR-UNRESOLVED"
"LB-LOC-33135","","","","","","fuzzy-suggestion","unresolved","UL2A-AR-UNRESOLVED"
"LB-LOC-33129","","","","","","fuzzy-suggestion","unresolved","UL2A-AR-UNRESOLVED"
"LB-LOC-33271","","","","","","fuzzy-suggestion","unresolved","UL2A-AR-UNRESOLVED"
"LB-LOC-33251","","","","","","fuzzy-suggestion","unresolved","UL2A-AR-UNRESOLVED"
"LB-LOC-33155","","","","","","fuzzy-suggestion","unresolved","UL2A-AR-UNRESOLVED"
"LB-LOC-33283","","","","","","fuzzy-suggestion","unresolved","UL2A-AR-UNRESOLVED"
"LB-LOC-33119","","","","","","fuzzy-suggestion","unresolved","UL2A-AR-UNRESOLVED"
"LB-LOC-33117","","","","","","fuzzy-suggestion","unresolved","UL2A-AR-UNRESOLVED"
"LB-LOC-33167","","","","","","fuzzy-suggestion","unresolved","UL2A-AR-UNRESOLVED"
"LB-LOC-33151","","","","","","fuzzy-suggestion","unresolved","UL2A-AR-UNRESOLVED"
"LB-LOC-33259","","","","","","fuzzy-suggestion","unresolved","UL2A-AR-UNRESOLVED"
"LB-LOC-33255","","","","","","fuzzy-suggestion","unresolved","UL2A-AR-UNRESOLVED"
"LB-LOC-33171","","","","","","fuzzy-suggestion","unresolved","UL2A-AR-UNRESOLVED"
"LB-LOC-33231","","","","","","fuzzy-suggestion","unresolved","UL2A-AR-UNRESOLVED"
"LB-LOC-33111","","","","","","fuzzy-suggestion","unresolved","UL2A-AR-UNRESOLVED"
"LB-LOC-63214","","","","","","fuzzy-suggestion","unresolved","UL2A-AR-UNRESOLVED"
"LB-LOC-63311","","","","","","fuzzy-suggestion","unresolved","UL2A-AR-UNRESOLVED"
"LB-LOC-63131","","","","","","fuzzy-suggestion","unresolved","UL2A-AR-UNRESOLVED"
"LB-LOC-63355","","","","","","fuzzy-suggestion","unresolved","UL2A-AR-UNRESOLVED"
"LB-LOC-63184","","","","","","fuzzy-suggestion","unresolved","UL2A-AR-UNRESOLVED"
"LB-LOC-63274","","","","","","fuzzy-suggestion","unresolved","UL2A-AR-UNRESOLVED"
"LB-LOC-63221","","","","","","fuzzy-suggestion","unresolved","UL2A-AR-UNRESOLVED"
"LB-LOC-63174","","","","","","fuzzy-suggestion","unresolved","UL2A-AR-UNRESOLVED"
"LB-LOC-63144","","","","","","fuzzy-suggestion","unresolved","UL2A-AR-UNRESOLVED"
"LB-LOC-63181","","","","","","fuzzy-suggestion","unresolved","UL2A-AR-UNRESOLVED"
"LB-LOC-63191","","","","","","fuzzy-suggestion","unresolved","UL2A-AR-UNRESOLVED"
"LB-LOC-63124","","","","","","fuzzy-suggestion","unresolved","UL2A-AR-UNRESOLVED"
"LB-LOC-63385","","","","","","fuzzy-suggestion","unresolved","UL2A-AR-UNRESOLVED"
"LB-LOC-63151","","","","","","fuzzy-suggestion","unresolved","UL2A-AR-UNRESOLVED"
"LB-LOC-63347","","","","","","fuzzy-suggestion","unresolved","UL2A-AR-UNRESOLVED"
"LB-LOC-63247","","","","","","fuzzy-suggestion","unresolved","UL2A-AR-UNRESOLVED"
"LB-LOC-63257","","","","","","fuzzy-suggestion","unresolved","UL2A-AR-UNRESOLVED"
"LB-LOC-63284","","","","","","fuzzy-suggestion","unresolved","UL2A-AR-UNRESOLVED"
"LB-LOC-63379","","","","","","fuzzy-suggestion","unresolved","UL2A-AR-UNRESOLVED"
"LB-LOC-63141","","","","","","fuzzy-suggestion","unresolved","UL2A-AR-UNRESOLVED"
"LB-LOC-63171","","","","","","fuzzy-suggestion","unresolved","UL2A-AR-UNRESOLVED"
"LB-LOC-63241","","","","","","fuzzy-suggestion","unresolved","UL2A-AR-UNRESOLVED"
"LB-LOC-63224","","","","","","fuzzy-suggestion","unresolved","UL2A-AR-UNRESOLVED"
"LB-LOC-63137","","","","","","fuzzy-suggestion","unresolved","UL2A-AR-UNRESOLVED"
"LB-LOC-63281","","","","","","fuzzy-suggestion","unresolved","UL2A-AR-UNRESOLVED"
"LB-LOC-63127","","","","","","fuzzy-suggestion","unresolved","UL2A-AR-UNRESOLVED"
"LB-LOC-63164","","","","","","fuzzy-suggestion","unresolved","UL2A-AR-UNRESOLVED"
"LB-LOC-63375","","","","","","fuzzy-suggestion","unresolved","UL2A-AR-UNRESOLVED"
"LB-LOC-63261","","","","","","fuzzy-suggestion","unresolved","UL2A-AR-UNRESOLVED"
"LB-LOC-63294","","","","","","fuzzy-suggestion","unresolved","UL2A-AR-UNRESOLVED"
"LB-LOC-63111","","","","","","fuzzy-suggestion","unresolved","UL2A-AR-UNRESOLVED"
"LB-LOC-63244","","","","","","fuzzy-suggestion","unresolved","UL2A-AR-UNRESOLVED"
"LB-LOC-63211","","","","","","fuzzy-suggestion","unresolved","UL2A-AR-UNRESOLVED"
"LB-LOC-63167","","","","","","fuzzy-suggestion","unresolved","UL2A-AR-UNRESOLVED"
"LB-LOC-63267","","","","","","fuzzy-suggestion","unresolved","UL2A-AR-UNRESOLVED"
"LB-LOC-63227","","","","","","fuzzy-suggestion","unresolved","UL2A-AR-UNRESOLVED"
"LB-LOC-63331","","","","","","fuzzy-suggestion","unresolved","UL2A-AR-UNRESOLVED"
"LB-LOC-63157","","","","","","fuzzy-suggestion","unresolved","UL2A-AR-UNRESOLVED"
"LB-LOC-63371","","","","","","fuzzy-suggestion","unresolved","UL2A-AR-UNRESOLVED"
"LB-LOC-63147","","","","","","fuzzy-suggestion","unresolved","UL2A-AR-UNRESOLVED"
"LB-LOC-63359","","","","","","fuzzy-suggestion","unresolved","UL2A-AR-UNRESOLVED"
"LB-LOC-63323","","","","","","fuzzy-suggestion","unresolved","UL2A-AR-UNRESOLVED"
"LB-LOC-63378","","","","","","fuzzy-suggestion","unresolved","UL2A-AR-UNRESOLVED"
"LB-LOC-63367","","","","","","fuzzy-suggestion","unresolved","UL2A-AR-UNRESOLVED"
"LB-LOC-63297","","","","","","fuzzy-suggestion","unresolved","UL2A-AR-UNRESOLVED"
"LB-LOC-63194","","","","","","fuzzy-suggestion","unresolved","UL2A-AR-UNRESOLVED"
"LB-LOC-63335","","","","","","fuzzy-suggestion","unresolved","UL2A-AR-UNRESOLVED"
"LB-LOC-63348","","","","","","fuzzy-suggestion","unresolved","UL2A-AR-UNRESOLVED"
"LB-LOC-63339","","","","","","fuzzy-suggestion","unresolved","UL2A-AR-UNRESOLVED"
"LB-LOC-63383","","","","","","fuzzy-suggestion","unresolved","UL2A-AR-UNRESOLVED"
"LB-LOC-63343","","","","","","fuzzy-suggestion","unresolved","UL2A-AR-UNRESOLVED"
"LB-LOC-63231","","","","","","fuzzy-suggestion","unresolved","UL2A-AR-UNRESOLVED"
"LB-LOC-63161","","","","","","fuzzy-suggestion","unresolved","UL2A-AR-UNRESOLVED"
"LB-LOC-63254","","","","","","fuzzy-suggestion","unresolved","UL2A-AR-UNRESOLVED"
"LB-LOC-63315","","","","","","fuzzy-suggestion","unresolved","UL2A-AR-UNRESOLVED"
"LB-LOC-63217","","","","","","fuzzy-suggestion","unresolved","UL2A-AR-UNRESOLVED"
"LB-LOC-63251","","","","","","fuzzy-suggestion","unresolved","UL2A-AR-UNRESOLVED"
"LB-LOC-63234","","","","","","fuzzy-suggestion","unresolved","UL2A-AR-UNRESOLVED"
"LB-LOC-63363","","","","","","fuzzy-suggestion","unresolved","UL2A-AR-UNRESOLVED"
"LB-LOC-63117","","","","","","fuzzy-suggestion","unresolved","UL2A-AR-UNRESOLVED"
"LB-LOC-63327","","","","","","fuzzy-suggestion","unresolved","UL2A-AR-UNRESOLVED"
"LB-LOC-63121","","","","","","fuzzy-suggestion","unresolved","UL2A-AR-UNRESOLVED"
"LB-LOC-63291","","","","","","fuzzy-suggestion","unresolved","UL2A-AR-UNRESOLVED"
"LB-LOC-63319","","","","","","fuzzy-suggestion","unresolved","UL2A-AR-UNRESOLVED"
"LB-LOC-63264","","","","","","fuzzy-suggestion","unresolved","UL2A-AR-UNRESOLVED"
"LB-LOC-63277","","","","","","fuzzy-suggestion","unresolved","UL2A-AR-UNRESOLVED"
"LB-LOC-63154","","","","","","fuzzy-suggestion","unresolved","UL2A-AR-UNRESOLVED"
"LB-LOC-63134","","","","","","fuzzy-suggestion","unresolved","UL2A-AR-UNRESOLVED"
"LB-LOC-63287","","","","","","fuzzy-suggestion","unresolved","UL2A-AR-UNRESOLVED"
"LB-LOC-63271","","","","","","fuzzy-suggestion","unresolved","UL2A-AR-UNRESOLVED"
"LB-LOC-63351","","","","","","fuzzy-suggestion","unresolved","UL2A-AR-UNRESOLVED"
"LB-LOC-63237","","","","","","fuzzy-suggestion","unresolved","UL2A-AR-UNRESOLVED"
"LB-LOC-63298","","","","","","fuzzy-suggestion","unresolved","UL2A-AR-UNRESOLVED"
"LB-LOC-63187","","","","","","fuzzy-suggestion","unresolved","UL2A-AR-UNRESOLVED"
"LB-LOC-63114","","","","","","fuzzy-suggestion","unresolved","UL2A-AR-UNRESOLVED"
"LB-LOC-63177","","","","","","fuzzy-suggestion","unresolved","UL2A-AR-UNRESOLVED"
"LB-LOC-61244","","","","","","fuzzy-suggestion","unresolved","UL2A-AR-UNRESOLVED"
"LB-LOC-61434","","","","","","fuzzy-suggestion","unresolved","UL2A-AR-UNRESOLVED"
"LB-LOC-61466","","","","","","fuzzy-suggestion","unresolved","UL2A-AR-UNRESOLVED"
"LB-LOC-61277","","","","","","fuzzy-suggestion","unresolved","UL2A-AR-UNRESOLVED"
"LB-LOC-61489","","","","","","fuzzy-suggestion","unresolved","UL2A-AR-UNRESOLVED"
"LB-LOC-61477","","","","","","fuzzy-suggestion","unresolved","UL2A-AR-UNRESOLVED"
"LB-LOC-61487","","","","","","fuzzy-suggestion","unresolved","UL2A-AR-UNRESOLVED"
"LB-LOC-61483","","","","","","fuzzy-suggestion","unresolved","UL2A-AR-UNRESOLVED"
"LB-LOC-61417","","","","","","fuzzy-suggestion","unresolved","UL2A-AR-UNRESOLVED"
"LB-LOC-61444","","","","","","fuzzy-suggestion","unresolved","UL2A-AR-UNRESOLVED"
"LB-LOC-61488","","","","","","fuzzy-suggestion","unresolved","UL2A-AR-UNRESOLVED"
"LB-LOC-61453","","","","","","fuzzy-suggestion","unresolved","UL2A-AR-UNRESOLVED"
"LB-LOC-61481","","","","","","fuzzy-suggestion","unresolved","UL2A-AR-UNRESOLVED"
"LB-LOC-61266","","","","","","fuzzy-suggestion","unresolved","UL2A-AR-UNRESOLVED"
"LB-LOC-61123","","","","","","fuzzy-suggestion","unresolved","UL2A-AR-UNRESOLVED"
"LB-LOC-61441","","","","","","fuzzy-suggestion","unresolved","UL2A-AR-UNRESOLVED"
"LB-LOC-61335","","","","","","fuzzy-suggestion","unresolved","UL2A-AR-UNRESOLVED"
"LB-LOC-61479","","","","","","fuzzy-suggestion","unresolved","UL2A-AR-UNRESOLVED"
"LB-LOC-61447","","","","","","fuzzy-suggestion","unresolved","UL2A-AR-UNRESOLVED"
"LB-LOC-61311","","","","","","fuzzy-suggestion","unresolved","UL2A-AR-UNRESOLVED"
"LB-LOC-61471","","","","","","fuzzy-suggestion","unresolved","UL2A-AR-UNRESOLVED"
"LB-LOC-61159","","","","","","fuzzy-suggestion","unresolved","UL2A-AR-UNRESOLVED"
"LB-LOC-61423","","","","","","fuzzy-suggestion","unresolved","UL2A-AR-UNRESOLVED"
"LB-LOC-61147","","","","","","fuzzy-suggestion","unresolved","UL2A-AR-UNRESOLVED"
"LB-LOC-61436","","","","","","fuzzy-suggestion","unresolved","UL2A-AR-UNRESOLVED"
"LB-LOC-61411","","","","","","fuzzy-suggestion","unresolved","UL2A-AR-UNRESOLVED"
"LB-LOC-61454","","","","","","fuzzy-suggestion","unresolved","UL2A-AR-UNRESOLVED"
"LB-LOC-61491","","","","","","fuzzy-suggestion","unresolved","UL2A-AR-UNRESOLVED"
"LB-LOC-61494","","","","","","fuzzy-suggestion","unresolved","UL2A-AR-UNRESOLVED"
"LB-LOC-61493","","","","","","fuzzy-suggestion","unresolved","UL2A-AR-UNRESOLVED"
"LB-LOC-61496","","","","","","fuzzy-suggestion","unresolved","UL2A-AR-UNRESOLVED"
"LB-LOC-61446","","","","","","fuzzy-suggestion","unresolved","UL2A-AR-UNRESOLVED"
"LB-LOC-61419","","","","","","fuzzy-suggestion","unresolved","UL2A-AR-UNRESOLVED"
"LB-LOC-61443","","","","","","fuzzy-suggestion","unresolved","UL2A-AR-UNRESOLVED"
"LB-LOC-61467","","","","","","fuzzy-suggestion","unresolved","UL2A-AR-UNRESOLVED"
"LB-LOC-61474","","","","","","fuzzy-suggestion","unresolved","UL2A-AR-UNRESOLVED"
"LB-LOC-61439","","","","","","fuzzy-suggestion","unresolved","UL2A-AR-UNRESOLVED"
"LB-LOC-61476","","","","","","fuzzy-suggestion","unresolved","UL2A-AR-UNRESOLVED"
"LB-LOC-61323","","","","","","fuzzy-suggestion","unresolved","UL2A-AR-UNRESOLVED"
"LB-LOC-61233","","","","","","fuzzy-suggestion","unresolved","UL2A-AR-UNRESOLVED"
"LB-LOC-61415","","","","","","fuzzy-suggestion","unresolved","UL2A-AR-UNRESOLVED"
"LB-LOC-61486","","","","","","fuzzy-suggestion","unresolved","UL2A-AR-UNRESOLVED"
"LB-LOC-61431","","","","","","fuzzy-suggestion","unresolved","UL2A-AR-UNRESOLVED"
"LB-LOC-61412","","","","","","fuzzy-suggestion","unresolved","UL2A-AR-UNRESOLVED"
"LB-LOC-61473","","","","","","fuzzy-suggestion","unresolved","UL2A-AR-UNRESOLVED"
"LB-LOC-61424","","","","","","fuzzy-suggestion","unresolved","UL2A-AR-UNRESOLVED"
"LB-LOC-61421","","","","","","fuzzy-suggestion","unresolved","UL2A-AR-UNRESOLVED"
"LB-LOC-61426","","","","","","fuzzy-suggestion","unresolved","UL2A-AR-UNRESOLVED"
"LB-LOC-61418","","","","","","fuzzy-suggestion","unresolved","UL2A-AR-UNRESOLVED"
"LB-LOC-61469","","","","","","fuzzy-suggestion","unresolved","UL2A-AR-UNRESOLVED"
"LB-LOC-61433","","","","","","fuzzy-suggestion","unresolved","UL2A-AR-UNRESOLVED"
"LB-LOC-61429","","","","","","fuzzy-suggestion","unresolved","UL2A-AR-UNRESOLVED"
"LB-LOC-61437","","","","","","fuzzy-suggestion","unresolved","UL2A-AR-UNRESOLVED"
"LB-LOC-61457","","","","","","fuzzy-suggestion","unresolved","UL2A-AR-UNRESOLVED"
"LB-LOC-61463","","","","","","fuzzy-suggestion","unresolved","UL2A-AR-UNRESOLVED"
"LB-LOC-61183","","","","","","fuzzy-suggestion","unresolved","UL2A-AR-UNRESOLVED"
"LB-LOC-61484","","","","","","fuzzy-suggestion","unresolved","UL2A-AR-UNRESOLVED"
"LB-LOC-61414","","","","","","fuzzy-suggestion","unresolved","UL2A-AR-UNRESOLVED"
"LB-LOC-61464","","","","","","fuzzy-suggestion","unresolved","UL2A-AR-UNRESOLVED"
"LB-LOC-61451","","","","","","fuzzy-suggestion","unresolved","UL2A-AR-UNRESOLVED"
"LB-LOC-61347","","","","","","fuzzy-suggestion","unresolved","UL2A-AR-UNRESOLVED"
"LB-LOC-61255","","","","","","fuzzy-suggestion","unresolved","UL2A-AR-UNRESOLVED"
"LB-LOC-61119","","","","","","fuzzy-suggestion","unresolved","UL2A-AR-UNRESOLVED"
"LB-LOC-61111","","","","","","fuzzy-suggestion","unresolved","UL2A-AR-UNRESOLVED"
"LB-LOC-61115","","","","","","fuzzy-suggestion","unresolved","UL2A-AR-UNRESOLVED"
"LB-LOC-61222","","","","","","fuzzy-suggestion","unresolved","UL2A-AR-UNRESOLVED"
"LB-LOC-61461","","","","","","fuzzy-suggestion","unresolved","UL2A-AR-UNRESOLVED"
"LB-LOC-61211","","","","","","fuzzy-suggestion","unresolved","UL2A-AR-UNRESOLVED"
"LB-LOC-61449","","","","","","fuzzy-suggestion","unresolved","UL2A-AR-UNRESOLVED"
"LB-LOC-61497","","","","","","fuzzy-suggestion","unresolved","UL2A-AR-UNRESOLVED"
"LB-LOC-61383","","","","","","fuzzy-suggestion","unresolved","UL2A-AR-UNRESOLVED"
"LB-LOC-61456","","","","","","fuzzy-suggestion","unresolved","UL2A-AR-UNRESOLVED"
"LB-LOC-61459","","","","","","fuzzy-suggestion","unresolved","UL2A-AR-UNRESOLVED"
"LB-LOC-61371","","","","","","fuzzy-suggestion","unresolved","UL2A-AR-UNRESOLVED"
"LB-LOC-61359","","","","","","fuzzy-suggestion","unresolved","UL2A-AR-UNRESOLVED"
"LB-LOC-61427","","","","","","fuzzy-suggestion","unresolved","UL2A-AR-UNRESOLVED"
"LB-LOC-62276","","","","","","fuzzy-suggestion","unresolved","UL2A-AR-UNRESOLVED"
"LB-LOC-62291","","","","","","fuzzy-suggestion","unresolved","UL2A-AR-UNRESOLVED"
"LB-LOC-62243","","","","","","fuzzy-suggestion","unresolved","UL2A-AR-UNRESOLVED"
"LB-LOC-62242","","","","","","fuzzy-suggestion","unresolved","UL2A-AR-UNRESOLVED"
"LB-LOC-62316","","","","","","fuzzy-suggestion","unresolved","UL2A-AR-UNRESOLVED"
"LB-LOC-62217","","","","","","fuzzy-suggestion","unresolved","UL2A-AR-UNRESOLVED"
"LB-LOC-62294","","","","","","fuzzy-suggestion","unresolved","UL2A-AR-UNRESOLVED"
"LB-LOC-62319","","","","","","fuzzy-suggestion","unresolved","UL2A-AR-UNRESOLVED"
"LB-LOC-62256","","","","","","fuzzy-suggestion","unresolved","UL2A-AR-UNRESOLVED"
"LB-LOC-62221","","","","","","fuzzy-suggestion","unresolved","UL2A-AR-UNRESOLVED"
"LB-LOC-62224","","","","","","fuzzy-suggestion","unresolved","UL2A-AR-UNRESOLVED"
"LB-LOC-62162","","","","","","fuzzy-suggestion","unresolved","UL2A-AR-UNRESOLVED"
"LB-LOC-62246","","","","","","fuzzy-suggestion","unresolved","UL2A-AR-UNRESOLVED"
"LB-LOC-62274","","","","","","fuzzy-suggestion","unresolved","UL2A-AR-UNRESOLVED"
"LB-LOC-62249","","","","","","fuzzy-suggestion","unresolved","UL2A-AR-UNRESOLVED"
"LB-LOC-62226","","","","","","fuzzy-suggestion","unresolved","UL2A-AR-UNRESOLVED"
"LB-LOC-62128","","","","","","fuzzy-suggestion","unresolved","UL2A-AR-UNRESOLVED"
"LB-LOC-62312","","","","","","fuzzy-suggestion","unresolved","UL2A-AR-UNRESOLVED"
"LB-LOC-62283","","","","","","fuzzy-suggestion","unresolved","UL2A-AR-UNRESOLVED"
"LB-LOC-62321","","","","","","fuzzy-suggestion","unresolved","UL2A-AR-UNRESOLVED"
"LB-LOC-62331","","","","","","fuzzy-suggestion","unresolved","UL2A-AR-UNRESOLVED"
"LB-LOC-62277","","","","","","fuzzy-suggestion","unresolved","UL2A-AR-UNRESOLVED"
"LB-LOC-62298","","","","","","fuzzy-suggestion","unresolved","UL2A-AR-UNRESOLVED"
"LB-LOC-62254","","","","","","fuzzy-suggestion","unresolved","UL2A-AR-UNRESOLVED"
"LB-LOC-62264","","","","","","fuzzy-suggestion","unresolved","UL2A-AR-UNRESOLVED"
"LB-LOC-62285","","","","","","fuzzy-suggestion","unresolved","UL2A-AR-UNRESOLVED"
"LB-LOC-62212","","","","","","fuzzy-suggestion","unresolved","UL2A-AR-UNRESOLVED"
"LB-LOC-62223","","","","","","fuzzy-suggestion","unresolved","UL2A-AR-UNRESOLVED"
"LB-LOC-62251","","","","","","fuzzy-suggestion","unresolved","UL2A-AR-UNRESOLVED"
"LB-LOC-62179","","","","","","fuzzy-suggestion","unresolved","UL2A-AR-UNRESOLVED"
"LB-LOC-62263","","","","","","fuzzy-suggestion","unresolved","UL2A-AR-UNRESOLVED"
"LB-LOC-62239","","","","","","fuzzy-suggestion","unresolved","UL2A-AR-UNRESOLVED"
"LB-LOC-62341","","","","","","fuzzy-suggestion","unresolved","UL2A-AR-UNRESOLVED"
"LB-LOC-62269","","","","","","fuzzy-suggestion","unresolved","UL2A-AR-UNRESOLVED"
"LB-LOC-62314","","","","","","fuzzy-suggestion","unresolved","UL2A-AR-UNRESOLVED"
"LB-LOC-62247","","","","","","fuzzy-suggestion","unresolved","UL2A-AR-UNRESOLVED"
"LB-LOC-62293","","","","","","fuzzy-suggestion","unresolved","UL2A-AR-UNRESOLVED"
"LB-LOC-62244","","","","","","fuzzy-suggestion","unresolved","UL2A-AR-UNRESOLVED"
"LB-LOC-62299","","","","","","fuzzy-suggestion","unresolved","UL2A-AR-UNRESOLVED"
"LB-LOC-62279","","","","","","fuzzy-suggestion","unresolved","UL2A-AR-UNRESOLVED"
"LB-LOC-62237","","","","","","fuzzy-suggestion","unresolved","UL2A-AR-UNRESOLVED"
"LB-LOC-62292","","","","","","fuzzy-suggestion","unresolved","UL2A-AR-UNRESOLVED"
"LB-LOC-62318","","","","","","fuzzy-suggestion","unresolved","UL2A-AR-UNRESOLVED"
"LB-LOC-62211","","","","","","fuzzy-suggestion","unresolved","UL2A-AR-UNRESOLVED"
"LB-LOC-62267","","","","","","fuzzy-suggestion","unresolved","UL2A-AR-UNRESOLVED"
"LB-LOC-62231","","","","","","fuzzy-suggestion","unresolved","UL2A-AR-UNRESOLVED"
"LB-LOC-62234","","","","","","fuzzy-suggestion","unresolved","UL2A-AR-UNRESOLVED"
"LB-LOC-62214","","","","","","fuzzy-suggestion","unresolved","UL2A-AR-UNRESOLVED"
"LB-LOC-62297","","","","","","fuzzy-suggestion","unresolved","UL2A-AR-UNRESOLVED"
"LB-LOC-62296","","","","","","fuzzy-suggestion","unresolved","UL2A-AR-UNRESOLVED"
"LB-LOC-62284","","","","","","fuzzy-suggestion","unresolved","UL2A-AR-UNRESOLVED"
"LB-LOC-62351","","","","","","fuzzy-suggestion","unresolved","UL2A-AR-UNRESOLVED"
"LB-LOC-62215","","","","","","fuzzy-suggestion","unresolved","UL2A-AR-UNRESOLVED"
"LB-LOC-62281","","","","","","fuzzy-suggestion","unresolved","UL2A-AR-UNRESOLVED"
"LB-LOC-62311","","","","","","fuzzy-suggestion","unresolved","UL2A-AR-UNRESOLVED"
"LB-LOC-62245","","","","","","fuzzy-suggestion","unresolved","UL2A-AR-UNRESOLVED"
"LB-LOC-62233","","","","","","fuzzy-suggestion","unresolved","UL2A-AR-UNRESOLVED"
"LB-LOC-62257","","","","","","fuzzy-suggestion","unresolved","UL2A-AR-UNRESOLVED"
"LB-LOC-62218","","","","","","fuzzy-suggestion","unresolved","UL2A-AR-UNRESOLVED"
"LB-LOC-62229","","","","","","fuzzy-suggestion","unresolved","UL2A-AR-UNRESOLVED"
"LB-LOC-62287","","","","","","fuzzy-suggestion","unresolved","UL2A-AR-UNRESOLVED"
"LB-LOC-62236","","","","","","fuzzy-suggestion","unresolved","UL2A-AR-UNRESOLVED"
"LB-LOC-62259","","","","","","fuzzy-suggestion","unresolved","UL2A-AR-UNRESOLVED"
"LB-LOC-62241","","","","","","fuzzy-suggestion","unresolved","UL2A-AR-UNRESOLVED"
"LB-LOC-62227","","","","","","fuzzy-suggestion","unresolved","UL2A-AR-UNRESOLVED"
"LB-LOC-62111","","","","","","fuzzy-suggestion","unresolved","UL2A-AR-UNRESOLVED"
"LB-LOC-62266","","","","","","fuzzy-suggestion","unresolved","UL2A-AR-UNRESOLVED"
"LB-LOC-62253","","","","","","fuzzy-suggestion","unresolved","UL2A-AR-UNRESOLVED"
"LB-LOC-62271","","","","","","fuzzy-suggestion","unresolved","UL2A-AR-UNRESOLVED"
"LB-LOC-62295","","","","","","fuzzy-suggestion","unresolved","UL2A-AR-UNRESOLVED"
"LB-LOC-62273","","","","","","fuzzy-suggestion","unresolved","UL2A-AR-UNRESOLVED"
"LB-LOC-62261","","","","","","fuzzy-suggestion","unresolved","UL2A-AR-UNRESOLVED"
"LB-LOC-62219","","","","","","fuzzy-suggestion","unresolved","UL2A-AR-UNRESOLVED"
"LB-LOC-62308","","","","","","fuzzy-suggestion","unresolved","UL2A-AR-UNRESOLVED"
"LB-LOC-62286","","","","","","fuzzy-suggestion","unresolved","UL2A-AR-UNRESOLVED"
