"id","countryCode","governorateId","districtId","municipalityId","cadastralCode","pcode","nameAr","nameEn","nameFr","kind","latitude","longitude","coordinateMethod","coordinateSource","coordinateAccuracy","coordinateVerifiedStatus","verifiedStatus","aliases","sourceRecordId","active","provenance"
"LB-LOC-35249","LB","LB-GOV-0B6790F71D48","LB-DIST-C08378A1F450","","","35249","العبودية","Aabboudiyeh","","populated-place","34.6358627","36.11869755","national-manifest","C:\xampp\htdocs\projectx\watanybot\packages\lebanese-administrative-authority\authority\sources\arabic\national-village-manifest-clean.csv","","source-reported","accepted","","35249","true","[object Object]"
"LB-LOC-35427","LB","LB-GOV-0B6790F71D48","LB-DIST-C08378A1F450","","","35427","عين الزيت","Aain Ez-Zeit","","populated-place","34.5898834","36.19806475","national-manifest","C:\xampp\htdocs\projectx\watanybot\packages\lebanese-administrative-authority\authority\sources\arabic\national-village-manifest-clean.csv","","source-reported","accepted","","35427","true","[object Object]"
"LB-LOC-35435","LB","LB-GOV-0B6790F71D48","LB-DIST-C08378A1F450","","","35435","عين تنتا","Aain Tinta","","populated-place","34.5865719","36.18302053","national-manifest","C:\xampp\htdocs\projectx\watanybot\packages\lebanese-administrative-authority\authority\sources\arabic\national-village-manifest-clean.csv","","source-reported","accepted","","35435","true","[object Object]"
"LB-LOC-35187","LB","LB-GOV-0B6790F71D48","LB-DIST-C08378A1F450","","","35187","عين يعقوب","Aain Yaaqoub","","populated-place","34.52149379","36.2033353","national-manifest","C:\xampp\htdocs\projectx\watanybot\packages\lebanese-administrative-authority\authority\sources\arabic\national-village-manifest-clean.csv","","source-reported","accepted","","35187","true","[object Object]"
"LB-LOC-35185","LB","LB-GOV-0B6790F71D48","LB-DIST-C08378A1F450","","","35185","عيات","Aaiyat","","populated-place","34.5379369","36.19864908","national-manifest","C:\xampp\htdocs\projectx\watanybot\packages\lebanese-administrative-authority\authority\sources\arabic\national-village-manifest-clean.csv","","source-reported","accepted","","35185","true","[object Object]"
"LB-LOC-35191","LB","LB-GOV-0B6790F71D48","LB-DIST-C08378A1F450","","","35191","عكار العتيقة","Aakkar El-Aatiqa","","populated-place","34.53167704","36.24460095","national-manifest","C:\xampp\htdocs\projectx\watanybot\packages\lebanese-administrative-authority\authority\sources\arabic\national-village-manifest-clean.csv","","source-reported","accepted","","35191","true","[object Object]"
"LB-LOC-35265","LB","LB-GOV-0B6790F71D48","LB-DIST-C08378A1F450","","","35265","عماره","Aamaret Aakkar","","populated-place","34.53128334","36.00705852","national-manifest","C:\xampp\htdocs\projectx\watanybot\packages\lebanese-administrative-authority\authority\sources\arabic\national-village-manifest-clean.csv","","source-reported","accepted","","35265","true","[object Object]"
"LB-LOC-35449","LB","LB-GOV-0B6790F71D48","LB-DIST-C08378A1F450","","","35449","عمار البيكات","Aamaret El-Baykat","","populated-place","34.61148895","36.16647835","national-manifest","C:\xampp\htdocs\projectx\watanybot\packages\lebanese-administrative-authority\authority\sources\arabic\national-village-manifest-clean.csv","","source-reported","accepted","","35449","true","[object Object]"
"LB-LOC-35512","LB","LB-GOV-0B6790F71D48","LB-DIST-C08378A1F450","","","35512","العماير","Aamayer","","populated-place","34.61926706","36.37144716","national-manifest","C:\xampp\htdocs\projectx\watanybot\packages\lebanese-administrative-authority\authority\sources\arabic\national-village-manifest-clean.csv","","source-reported","accepted","","35512","true","[object Object]"
"LB-LOC-35421","LB","LB-GOV-0B6790F71D48","LB-DIST-C08378A1F450","","","35421","العمارية","Aamriyet Aakkar","","populated-place","34.60237408","36.23046383","national-manifest","C:\xampp\htdocs\projectx\watanybot\packages\lebanese-administrative-authority\authority\sources\arabic\national-village-manifest-clean.csv","","source-reported","accepted","","35421","true","[object Object]"
"LB-LOC-35498","LB","LB-GOV-0B6790F71D48","LB-DIST-C08378A1F450","","","35498","عندقت","Aandqet","","populated-place","34.568107","36.31161589","national-manifest","C:\xampp\htdocs\projectx\watanybot\packages\lebanese-administrative-authority\authority\sources\arabic\national-village-manifest-clean.csv","","source-reported","accepted","","35498","true","[object Object]"
"LB-LOC-35420","LB","LB-GOV-0B6790F71D48","LB-DIST-C08378A1F450","","","35420","العوينات","Aaouaainat Aakkar","","populated-place","34.62841075","36.30054491","national-manifest","C:\xampp\htdocs\projectx\watanybot\packages\lebanese-administrative-authority\authority\sources\arabic\national-village-manifest-clean.csv","","source-reported","accepted","","35420","true","[object Object]"
"LB-LOC-35273","LB","LB-GOV-0B6790F71D48","LB-DIST-C08378A1F450","","","35273","العريضة","AAridet Cheikh Zennad","","populated-place","34.63536119","35.98615918","national-manifest","C:\xampp\htdocs\projectx\watanybot\packages\lebanese-administrative-authority\authority\sources\arabic\national-village-manifest-clean.csv","","source-reported","accepted","","35273","true","[object Object]"
"LB-LOC-35484","LB","LB-GOV-0B6790F71D48","LB-DIST-C08378A1F450","","","35484","عرمه","Aarmeh","","populated-place","34.62753035","36.16445943","national-manifest","C:\xampp\htdocs\projectx\watanybot\packages\lebanese-administrative-authority\authority\sources\arabic\national-village-manifest-clean.csv","","source-reported","accepted","","35484","true","[object Object]"
"LB-LOC-35141","LB","LB-GOV-0B6790F71D48","LB-DIST-C08378A1F450","","","35141","عرقا","Aarqa","","populated-place","34.54432298","36.04291526","national-manifest","C:\xampp\htdocs\projectx\watanybot\packages\lebanese-administrative-authority\authority\sources\arabic\national-village-manifest-clean.csv","","source-reported","accepted","","35141","true","[object Object]"
"LB-LOC-35177","LB","LB-GOV-0B6790F71D48","LB-DIST-C08378A1F450","","","35177","العيون","Aayoun Aakkar","","populated-place","34.53127615","36.17360872","national-manifest","C:\xampp\htdocs\projectx\watanybot\packages\lebanese-administrative-authority\authority\sources\arabic\national-village-manifest-clean.csv","","source-reported","accepted","","35177","true","[object Object]"
"LB-LOC-35347","LB","LB-GOV-0B6790F71D48","LB-DIST-C08378A1F450","","","35347","عيون الغزلان","Aayoun El-Ghizlane","","populated-place","34.4724024","36.01560496","national-manifest","C:\xampp\htdocs\projectx\watanybot\packages\lebanese-administrative-authority\authority\sources\arabic\national-village-manifest-clean.csv","","source-reported","accepted","","35347","true","[object Object]"
"LB-LOC-35439","LB","LB-GOV-0B6790F71D48","LB-DIST-C08378A1F450","","","35439","دوسة بغدادي","Baghdadi","","populated-place","34.60424003","36.18298737","national-manifest","C:\xampp\htdocs\projectx\watanybot\packages\lebanese-administrative-authority\authority\sources\arabic\national-village-manifest-clean.csv","","source-reported","accepted","","35439","true","[object Object]"
"LB-LOC-35158","LB","LB-GOV-0B6790F71D48","LB-DIST-C08378A1F450","","","35158","بلدي","Balde WaMazraatBaldeh","","populated-place","34.56075783","36.14531445","national-manifest","C:\xampp\htdocs\projectx\watanybot\packages\lebanese-administrative-authority\authority\sources\arabic\national-village-manifest-clean.csv","","source-reported","accepted","","35158","true","[object Object]"
"LB-LOC-35241","LB","LB-GOV-0B6790F71D48","LB-DIST-C08378A1F450","","","35241","برشا","Barcha","","populated-place","34.62651357","36.12083727","national-manifest","C:\xampp\htdocs\projectx\watanybot\packages\lebanese-administrative-authority\authority\sources\arabic\national-village-manifest-clean.csv","","source-reported","accepted","","35241","true","[object Object]"
"LB-LOC-35408","LB","LB-GOV-0B6790F71D48","LB-DIST-C08378A1F450","","","35408","بردي","Bardeh","","populated-place","34.59509775","36.25555102","national-manifest","C:\xampp\htdocs\projectx\watanybot\packages\lebanese-administrative-authority\authority\sources\arabic\national-village-manifest-clean.csv","","source-reported","accepted","","35408","true","[object Object]"
"LB-LOC-35275","LB","LB-GOV-0B6790F71D48","LB-DIST-C08378A1F450","","","35275","ببنين","Bebnine","","populated-place","34.50669367","35.99120282","national-manifest","C:\xampp\htdocs\projectx\watanybot\packages\lebanese-administrative-authority\authority\sources\arabic\national-village-manifest-clean.csv","","source-reported","accepted","","35275","true","[object Object]"
"LB-LOC-35175","LB","LB-GOV-0B6790F71D48","LB-DIST-C08378A1F450","","","35175","بينو","Beino","","populated-place","34.54779501","36.17623847","national-manifest","C:\xampp\htdocs\projectx\watanybot\packages\lebanese-administrative-authority\authority\sources\arabic\national-village-manifest-clean.csv","","source-reported","accepted","","35175","true","[object Object]"
"LB-LOC-35337","LB","LB-GOV-0B6790F71D48","LB-DIST-C08378A1F450","","","35337","بيت ايوب","Beit Ayoub","","populated-place","34.4724027","36.15807892","national-manifest","C:\xampp\htdocs\projectx\watanybot\packages\lebanese-administrative-authority\authority\sources\arabic\national-village-manifest-clean.csv","","source-reported","accepted","","35337","true","[object Object]"
"LB-LOC-35367","LB","LB-GOV-0B6790F71D48","LB-DIST-C08378A1F450","","","35367","بيت الحوش","Beit El-Haouch","","populated-place","34.47848866","35.99739508","national-manifest","C:\xampp\htdocs\projectx\watanybot\packages\lebanese-administrative-authority\authority\sources\arabic\national-village-manifest-clean.csv","","source-reported","accepted","","35367","true","[object Object]"
"LB-LOC-35174","LB","LB-GOV-0B6790F71D48","LB-DIST-C08378A1F450","","","35174","بيت ملات","Beit Mellat","","populated-place","34.53323338","36.15777595","national-manifest","C:\xampp\htdocs\projectx\watanybot\packages\lebanese-administrative-authority\authority\sources\arabic\national-village-manifest-clean.csv","","source-reported","accepted","","35174","true","[object Object]"
"LB-LOC-35321","LB","LB-GOV-0B6790F71D48","LB-DIST-C08378A1F450","","","35321","بيت يونس","Beit Younes","","populated-place","34.47484675","36.14681425","national-manifest","C:\xampp\htdocs\projectx\watanybot\packages\lebanese-administrative-authority\authority\sources\arabic\national-village-manifest-clean.csv","","source-reported","accepted","","35321","true","[object Object]"
"LB-LOC-35433","LB","LB-GOV-0B6790F71D48","LB-DIST-C08378A1F450","","","35433","برباره","Berbara Aakkar","","populated-place","34.57402383","36.18761807","national-manifest","C:\xampp\htdocs\projectx\watanybot\packages\lebanese-administrative-authority\authority\sources\arabic\national-village-manifest-clean.csv","","source-reported","accepted","","35433","true","[object Object]"
"LB-LOC-35314","LB","LB-GOV-0B6790F71D48","LB-DIST-C08378A1F450","","","35314","برقايل","Berqayel","","populated-place","34.49043247","36.03035292","national-manifest","C:\xampp\htdocs\projectx\watanybot\packages\lebanese-administrative-authority\authority\sources\arabic\national-village-manifest-clean.csv","","source-reported","accepted","","35314","true","[object Object]"
"LB-LOC-35189","LB","LB-GOV-0B6790F71D48","LB-DIST-C08378A1F450","","","35189","بزبينا","Bezbina","","populated-place","34.51315875","36.19154409","national-manifest","C:\xampp\htdocs\projectx\watanybot\packages\lebanese-administrative-authority\authority\sources\arabic\national-village-manifest-clean.csv","","source-reported","accepted","","35189","true","[object Object]"
"LB-LOC-35416","LB","LB-GOV-0B6790F71D48","LB-DIST-C08378A1F450","","","35416","البيره عكار","Biret Aakkar","","populated-place","34.59199817","36.23805436","national-manifest","C:\xampp\htdocs\projectx\watanybot\packages\lebanese-administrative-authority\authority\sources\arabic\national-village-manifest-clean.csv","","source-reported","accepted","","35416","true","[object Object]"
"LB-LOC-35183","LB","LB-GOV-0B6790F71D48","LB-DIST-C08378A1F450","","","35183","البرج عكار","Borj Aakkar","","populated-place","34.53251213","36.18740557","national-manifest","C:\xampp\htdocs\projectx\watanybot\packages\lebanese-administrative-authority\authority\sources\arabic\national-village-manifest-clean.csv","","source-reported","accepted","","35183","true","[object Object]"
"LB-LOC-35147","LB","LB-GOV-0B6790F71D48","LB-DIST-C08378A1F450","","","35147","بقرزلا","Bqerzla","","populated-place","34.51162099","36.06552146","national-manifest","C:\xampp\htdocs\projectx\watanybot\packages\lebanese-administrative-authority\authority\sources\arabic\national-village-manifest-clean.csv","","source-reported","accepted","","35147","true","[object Object]"
"LB-LOC-35425","LB","LB-GOV-0B6790F71D48","LB-DIST-C08378A1F450","","","35425","فسقين و عين اشما","Bsatine Aakkar","","populated-place","34.57919095","36.20179217","national-manifest","C:\xampp\htdocs\projectx\watanybot\packages\lebanese-administrative-authority\authority\sources\arabic\national-village-manifest-clean.csv","","source-reported","accepted","","35425","true","[object Object]"
"LB-LOC-35316","LB","LB-GOV-0B6790F71D48","LB-DIST-C08378A1F450","","","35316","بزال","Bzal","","populated-place","34.46448326","36.04661974","national-manifest","C:\xampp\htdocs\projectx\watanybot\packages\lebanese-administrative-authority\authority\sources\arabic\national-village-manifest-clean.csv","","source-reported","accepted","","35316","true","[object Object]"
"LB-LOC-35320","LB","LB-GOV-0B6790F71D48","LB-DIST-C08378A1F450","","","35320","شان","Chane","","populated-place","34.48495798","36.11117027","national-manifest","C:\xampp\htdocs\projectx\watanybot\packages\lebanese-administrative-authority\authority\sources\arabic\national-village-manifest-clean.csv","","source-reported","accepted","","35320","true","[object Object]"
"LB-LOC-35181","LB","LB-GOV-0B6790F71D48","LB-DIST-C08378A1F450","","","35181","الشقدوف","Chaqdouf","","populated-place","34.52887421","36.19149113","national-manifest","C:\xampp\htdocs\projectx\watanybot\packages\lebanese-administrative-authority\authority\sources\arabic\national-village-manifest-clean.csv","","source-reported","accepted","","35181","true","[object Object]"
"LB-LOC-35457","LB","LB-GOV-0B6790F71D48","LB-DIST-C08378A1F450","","","35457","شربيلا","Charbila","","populated-place","34.58149992","36.14562121","national-manifest","C:\xampp\htdocs\projectx\watanybot\packages\lebanese-administrative-authority\authority\sources\arabic\national-village-manifest-clean.csv","","source-reported","accepted","","35457","true","[object Object]"
"LB-LOC-35113","LB","LB-GOV-0B6790F71D48","LB-DIST-C08378A1F450","","","35113","الشيخ محمد","Cheikh Mohammad","","populated-place","34.55413693","36.08262082","national-manifest","C:\xampp\htdocs\projectx\watanybot\packages\lebanese-administrative-authority\authority\sources\arabic\national-village-manifest-clean.csv","","source-reported","accepted","","35113","true","[object Object]"
"LB-LOC-35123","LB","LB-GOV-0B6790F71D48","LB-DIST-C08378A1F450","","","35123","الشيخ طابا","Cheikh Taba","","populated-place","34.53421683","36.08081822","national-manifest","C:\xampp\htdocs\projectx\watanybot\packages\lebanese-administrative-authority\authority\sources\arabic\national-village-manifest-clean.csv","","source-reported","accepted","","35123","true","[object Object]"
"LB-LOC-35121","LB","LB-GOV-0B6790F71D48","LB-DIST-C08378A1F450","","","35121","الشيخ طابا السهل","Cheikh Taba Es-Sahl","","populated-place","34.55128354","36.06115666","national-manifest","C:\xampp\htdocs\projectx\watanybot\packages\lebanese-administrative-authority\authority\sources\arabic\national-village-manifest-clean.csv","","source-reported","accepted","","35121","true","[object Object]"
"LB-LOC-35267","LB","LB-GOV-0B6790F71D48","LB-DIST-C08378A1F450","","","35267","الشيخ زناد","Cheikh Zennad","","populated-place","34.61133454","35.99717436","national-manifest","C:\xampp\htdocs\projectx\watanybot\packages\lebanese-administrative-authority\authority\sources\arabic\national-village-manifest-clean.csv","","source-reported","accepted","","35267","true","[object Object]"
"LB-LOC-35402","LB","LB-GOV-0B6790F71D48","LB-DIST-C08378A1F450","","","35402","شيخلار","Cheikhlar","","populated-place","34.61994607","36.27798376","national-manifest","C:\xampp\htdocs\projectx\watanybot\packages\lebanese-administrative-authority\authority\sources\arabic\national-village-manifest-clean.csv","","source-reported","accepted","","35402","true","[object Object]"
"LB-LOC-35224","LB","LB-GOV-0B6790F71D48","LB-DIST-C08378A1F450","","","35224","شير حمارين","Chir Hmairine","","populated-place","34.62333336","36.10150596","national-manifest","C:\xampp\htdocs\projectx\watanybot\packages\lebanese-administrative-authority\authority\sources\arabic\national-village-manifest-clean.csv","","source-reported","accepted","","35224","true","[object Object]"
"LB-LOC-35419","LB","LB-GOV-0B6790F71D48","LB-DIST-C08378A1F450","","","35419","الدغلة","Daghleh","","populated-place","34.5799263","36.21335808","national-manifest","C:\xampp\htdocs\projectx\watanybot\packages\lebanese-administrative-authority\authority\sources\arabic\national-village-manifest-clean.csv","","source-reported","accepted","","35419","true","[object Object]"
"LB-LOC-35155","LB","LB-GOV-0B6790F71D48","LB-DIST-C08378A1F450","","","35155","ضهر ليسينه","Dahr Laissine","","populated-place","34.53912922","36.13917067","national-manifest","C:\xampp\htdocs\projectx\watanybot\packages\lebanese-administrative-authority\authority\sources\arabic\national-village-manifest-clean.csv","","source-reported","accepted","","35155","true","[object Object]"
"LB-LOC-35126","LB","LB-GOV-0B6790F71D48","LB-DIST-C08378A1F450","","","35126","الدوره","Daouret Aakkar","","populated-place","34.54490924","36.22232754","national-manifest","C:\xampp\htdocs\projectx\watanybot\packages\lebanese-administrative-authority\authority\sources\arabic\national-village-manifest-clean.csv","","source-reported","accepted","","35126","true","[object Object]"
"LB-LOC-35225","LB","LB-GOV-0B6790F71D48","LB-DIST-C08378A1F450","","","35225","دارين","Darine","","populated-place","34.61041715","36.10402549","national-manifest","C:\xampp\htdocs\projectx\watanybot\packages\lebanese-administrative-authority\authority\sources\arabic\national-village-manifest-clean.csv","","source-reported","accepted","","35225","true","[object Object]"
"LB-LOC-35511","LB","LB-GOV-0B6790F71D48","LB-DIST-C08378A1F450","","","35511","دائرة النهر الكبير","Dayret Nahr El-Kabir","","populated-place","34.67702765","36.33158004","national-manifest","C:\xampp\htdocs\projectx\watanybot\packages\lebanese-administrative-authority\authority\sources\arabic\national-village-manifest-clean.csv","","source-reported","accepted","","35511","true","[object Object]"
"LB-LOC-35149","LB","LB-GOV-0B6790F71D48","LB-DIST-C08378A1F450","","","35149","دير دلوم","Deir Dalloum","","populated-place","34.52567172","36.01840347","national-manifest","C:\xampp\htdocs\projectx\watanybot\packages\lebanese-administrative-authority\authority\sources\arabic\national-village-manifest-clean.csv","","source-reported","accepted","","35149","true","[object Object]"
"LB-LOC-35441","LB","LB-GOV-0B6790F71D48","LB-DIST-C08378A1F450","","","35441","دير جنين","Deir Jannine","","populated-place","34.56660852","36.17642791","national-manifest","C:\xampp\htdocs\projectx\watanybot\packages\lebanese-administrative-authority\authority\sources\arabic\national-village-manifest-clean.csv","","source-reported","accepted","","35441","true","[object Object]"
"LB-LOC-35432","LB","LB-GOV-0B6790F71D48","LB-DIST-C08378A1F450","","","35432","دبابية","Dibbabiyeh","","populated-place","34.62704141","36.20866385","national-manifest","C:\xampp\htdocs\projectx\watanybot\packages\lebanese-administrative-authority\authority\sources\arabic\national-village-manifest-clean.csv","","source-reported","accepted","","35432","true","[object Object]"
"LB-LOC-35318","LB","LB-GOV-0B6790F71D48","LB-DIST-C08378A1F450","","","35318","دنبو عين الذهب","Dinbou","","populated-place","34.48903737","36.08430394","national-manifest","C:\xampp\htdocs\projectx\watanybot\packages\lebanese-administrative-authority\authority\sources\arabic\national-village-manifest-clean.csv","","source-reported","accepted","","35318","true","[object Object]"
"LB-LOC-35443","LB","LB-GOV-0B6790F71D48","LB-DIST-C08378A1F450","","","35443","دوير عدويه","Douair Aadouiyeh","","populated-place","34.58020723","36.17220345","national-manifest","C:\xampp\htdocs\projectx\watanybot\packages\lebanese-administrative-authority\authority\sources\arabic\national-village-manifest-clean.csv","","source-reported","accepted","","35443","true","[object Object]"
"LB-LOC-35353","LB","LB-GOV-0B6790F71D48","LB-DIST-C08378A1F450","","","35353","النبي خالد","Fnaydeq","","populated-place","34.45923044","36.22006118","national-manifest","C:\xampp\htdocs\projectx\watanybot\packages\lebanese-administrative-authority\authority\sources\arabic\national-village-manifest-clean.csv","","source-reported","accepted","","35353","true","[object Object]"
"LB-LOC-35412","LB","LB-GOV-0B6790F71D48","LB-DIST-C08378A1F450","","","35412","فريديس","Fraydes Aakkar","","populated-place","34.61736032","36.2272085","national-manifest","C:\xampp\htdocs\projectx\watanybot\packages\lebanese-administrative-authority\authority\sources\arabic\national-village-manifest-clean.csv","","source-reported","accepted","","35412","true","[object Object]"
"LB-LOC-35475","LB","LB-GOV-0B6790F71D48","LB-DIST-C08378A1F450","","","35475","الغزيله","Ghazayleh","","populated-place","34.59739042","36.10952871","national-manifest","C:\xampp\htdocs\projectx\watanybot\packages\lebanese-administrative-authority\authority\sources\arabic\national-village-manifest-clean.csv","","source-reported","accepted","","35475","true","[object Object]"
"LB-LOC-35326","LB","LB-GOV-0B6790F71D48","LB-DIST-C08378A1F450","","","35326","حبشيت","Habchit","","populated-place","34.46770132","36.09094061","national-manifest","C:\xampp\htdocs\projectx\watanybot\packages\lebanese-administrative-authority\authority\sources\arabic\national-village-manifest-clean.csv","","source-reported","accepted","","35326","true","[object Object]"
"LB-LOC-35131","LB","LB-GOV-0B6790F71D48","LB-DIST-C08378A1F450","","","35131","مشيلحة الحاكور","Hakour","","populated-place","34.52513775","36.05302755","national-manifest","C:\xampp\htdocs\projectx\watanybot\packages\lebanese-administrative-authority\authority\sources\arabic\national-village-manifest-clean.csv","","source-reported","accepted","","35131","true","[object Object]"
"LB-LOC-35111","LB","LB-GOV-0B6790F71D48","LB-DIST-C08378A1F450","","","35111","حلبا","Halba","","populated-place","34.55468929","36.07270725","national-manifest","C:\xampp\htdocs\projectx\watanybot\packages\lebanese-administrative-authority\authority\sources\arabic\national-village-manifest-clean.csv","","source-reported","accepted","","35111","true","[object Object]"
"LB-LOC-35219","LB","LB-GOV-0B6790F71D48","LB-DIST-C08378A1F450","","","35219","هوشب","Haouchab","","populated-place","34.58666969","36.10164105","national-manifest","C:\xampp\htdocs\projectx\watanybot\packages\lebanese-administrative-authority\authority\sources\arabic\national-village-manifest-clean.csv","","source-reported","accepted","","35219","true","[object Object]"
"LB-LOC-35221","LB","LB-GOV-0B6790F71D48","LB-DIST-C08378A1F450","","","35221","الحيصة","Hayssa","","populated-place","34.58882649","36.04973553","national-manifest","C:\xampp\htdocs\projectx\watanybot\packages\lebanese-administrative-authority\authority\sources\arabic\national-village-manifest-clean.csv","","source-reported","accepted","","35221","true","[object Object]"
"LB-LOC-35463","LB","LB-GOV-0B6790F71D48","LB-DIST-C08378A1F450","","","35463","هيتلا","Haytla","","populated-place","34.60449682","36.13026137","national-manifest","C:\xampp\htdocs\projectx\watanybot\packages\lebanese-administrative-authority\authority\sources\arabic\national-village-manifest-clean.csv","","source-reported","accepted","","35463","true","[object Object]"
"LB-LOC-35139","LB","LB-GOV-0B6790F71D48","LB-DIST-C08378A1F450","","","35139","حيزوق","Hayzouq","","populated-place","34.55119939","36.13692596","national-manifest","C:\xampp\htdocs\projectx\watanybot\packages\lebanese-administrative-authority\authority\sources\arabic\national-village-manifest-clean.csv","","source-reported","accepted","","35139","true","[object Object]"
"LB-LOC-35169","LB","LB-GOV-0B6790F71D48","LB-DIST-C08378A1F450","","","35169","الهد","Hedd","","populated-place","34.56262393","36.15663073","national-manifest","C:\xampp\htdocs\projectx\watanybot\packages\lebanese-administrative-authority\authority\sources\arabic\national-village-manifest-clean.csv","","source-reported","accepted","","35169","true","[object Object]"
"LB-LOC-35331","LB","LB-GOV-0B6790F71D48","LB-DIST-C08378A1F450","","","35331","الحميرة","Hmaireh Aakkar","","populated-place","34.49549137","36.04730321","national-manifest","C:\xampp\htdocs\projectx\watanybot\packages\lebanese-administrative-authority\authority\sources\arabic\national-village-manifest-clean.csv","","source-reported","accepted","","35331","true","[object Object]"
"LB-LOC-35470","LB","LB-GOV-0B6790F71D48","LB-DIST-C08378A1F450","","","35470","حميص","Hmaiss Aakkar","","populated-place","34.57384863","36.12479393","national-manifest","C:\xampp\htdocs\projectx\watanybot\packages\lebanese-administrative-authority\authority\sources\arabic\national-village-manifest-clean.csv","","source-reported","accepted","","35470","true","[object Object]"
"LB-LOC-35514","LB","LB-GOV-0B6790F71D48","LB-DIST-C08378A1F450","","","35514","حنيدر","Hnaider","","populated-place","34.61546422","36.41891726","national-manifest","C:\xampp\htdocs\projectx\watanybot\packages\lebanese-administrative-authority\authority\sources\arabic\national-village-manifest-clean.csv","","source-reported","accepted","","35514","true","[object Object]"
"LB-LOC-35253","LB","LB-GOV-0B6790F71D48","LB-DIST-C08378A1F450","","","35253","حكر الضاهري","Hokr Ed-Dahri","","populated-place","34.63118811","36.02414921","national-manifest","C:\xampp\htdocs\projectx\watanybot\packages\lebanese-administrative-authority\authority\sources\arabic\national-village-manifest-clean.csv","","source-reported","accepted","","35253","true","[object Object]"
"LB-LOC-35223","LB","LB-GOV-0B6790F71D48","LB-DIST-C08378A1F450","","","35223","حكر قتة","Hokr Etti","","populated-place","34.56866439","36.10969098","national-manifest","C:\xampp\htdocs\projectx\watanybot\packages\lebanese-administrative-authority\authority\sources\arabic\national-village-manifest-clean.csv","","source-reported","accepted","","35223","true","[object Object]"
"LB-LOC-35239","LB","LB-GOV-0B6790F71D48","LB-DIST-C08378A1F450","","","35239","حكر جورة سرار","Hokr Jouret Srar","","populated-place","34.63062579","36.10886626","national-manifest","C:\xampp\htdocs\projectx\watanybot\packages\lebanese-administrative-authority\authority\sources\arabic\national-village-manifest-clean.csv","","source-reported","accepted","","35239","true","[object Object]"
"LB-LOC-35322","LB","LB-GOV-0B6790F71D48","LB-DIST-C08378A1F450","","","35322","الحويش","Houaich","","populated-place","34.49288641","36.12002845","national-manifest","C:\xampp\htdocs\projectx\watanybot\packages\lebanese-administrative-authority\authority\sources\arabic\national-village-manifest-clean.csv","","source-reported","accepted","","35322","true","[object Object]"
"LB-LOC-35328","LB","LB-GOV-0B6790F71D48","LB-DIST-C08378A1F450","","","35328","حرار","Hrar","","populated-place","34.45808591","36.12819689","national-manifest","C:\xampp\htdocs\projectx\watanybot\packages\lebanese-administrative-authority\authority\sources\arabic\national-village-manifest-clean.csv","","source-reported","accepted","","35328","true","[object Object]"
"LB-LOC-35117","LB","LB-GOV-0B6790F71D48","LB-DIST-C08378A1F450","","","35117","عدبل","Idbil","","populated-place","34.53283077","36.10081511","national-manifest","C:\xampp\htdocs\projectx\watanybot\packages\lebanese-administrative-authority\authority\sources\arabic\national-village-manifest-clean.csv","","source-reported","accepted","","35117","true","[object Object]"
"LB-LOC-35145","LB","LB-GOV-0B6790F71D48","LB-DIST-C08378A1F450","","","35145","ايلات","Ilat","","populated-place","34.52030063","36.10276255","national-manifest","C:\xampp\htdocs\projectx\watanybot\packages\lebanese-administrative-authority\authority\sources\arabic\national-village-manifest-clean.csv","","source-reported","accepted","","35145","true","[object Object]"
"LB-LOC-35263","LB","LB-GOV-0B6790F71D48","LB-DIST-C08378A1F450","","","35263","جنين","Janine","","populated-place","34.63227332","36.14076387","national-manifest","C:\xampp\htdocs\projectx\watanybot\packages\lebanese-administrative-authority\authority\sources\arabic\national-village-manifest-clean.csv","","source-reported","accepted","","35263","true","[object Object]"
"LB-LOC-35344","LB","LB-GOV-0B6790F71D48","LB-DIST-C08378A1F450","","","35344","جديدة القيطع","Jdeidet El-Qaitaa","","populated-place","34.46277824","36.00134845","national-manifest","C:\xampp\htdocs\projectx\watanybot\packages\lebanese-administrative-authority\authority\sources\arabic\national-village-manifest-clean.csv","","source-reported","accepted","","35344","true","[object Object]"
"LB-LOC-35125","LB","LB-GOV-0B6790F71D48","LB-DIST-C08378A1F450","","","35125","جديدة الجومه","Jdidet Ej-Joumeh","","populated-place","34.53920434","36.06437948","national-manifest","C:\xampp\htdocs\projectx\watanybot\packages\lebanese-administrative-authority\authority\sources\arabic\national-village-manifest-clean.csv","","source-reported","accepted","","35125","true","[object Object]"
"LB-LOC-35163","LB","LB-GOV-0B6790F71D48","LB-DIST-C08378A1F450","","","35163","جبرائيل","Jebrayel","","populated-place","34.52356599","36.12793074","national-manifest","C:\xampp\htdocs\projectx\watanybot\packages\lebanese-administrative-authority\authority\sources\arabic\national-village-manifest-clean.csv","","source-reported","accepted","","35163","true","[object Object]"
"LB-LOC-35423","LB","LB-GOV-0B6790F71D48","LB-DIST-C08378A1F450","","","35423","كفر الفتوح","Kafr","","populated-place","34.59059059","36.21106325","national-manifest","C:\xampp\htdocs\projectx\watanybot\packages\lebanese-administrative-authority\authority\sources\arabic\national-village-manifest-clean.csv","","source-reported","accepted","","35423","true","[object Object]"
"LB-LOC-35133","LB","LB-GOV-0B6790F71D48","LB-DIST-C08378A1F450","","","35133","كرم عصفور","Karm Aasfour","","populated-place","34.52406131","36.0667888","national-manifest","C:\xampp\htdocs\projectx\watanybot\packages\lebanese-administrative-authority\authority\sources\arabic\national-village-manifest-clean.csv","","source-reported","accepted","","35133","true","[object Object]"
"LB-LOC-35157","LB","LB-GOV-0B6790F71D48","LB-DIST-C08378A1F450","","","35157","كفرحره","Kfar Harra","","populated-place","34.56701124","36.13698481","national-manifest","C:\xampp\htdocs\projectx\watanybot\packages\lebanese-administrative-authority\authority\sources\arabic\national-village-manifest-clean.csv","","source-reported","accepted","","35157","true","[object Object]"
"LB-LOC-35234","LB","LB-GOV-0B6790F71D48","LB-DIST-C08378A1F450","","","35234","كفرملكي","Kfar Melki Aakkar","","populated-place","34.5577676","36.01442703","national-manifest","C:\xampp\htdocs\projectx\watanybot\packages\lebanese-administrative-authority\authority\sources\arabic\national-village-manifest-clean.csv","","source-reported","accepted","","35234","true","[object Object]"
"LB-LOC-35406","LB","LB-GOV-0B6790F71D48","LB-DIST-C08378A1F450","","","35406","كفرنون","Kfar Noun","","populated-place","34.62884994","36.24971561","national-manifest","C:\xampp\htdocs\projectx\watanybot\packages\lebanese-administrative-authority\authority\sources\arabic\national-village-manifest-clean.csv","","source-reported","accepted","","35406","true","[object Object]"
"LB-LOC-35430","LB","LB-GOV-0B6790F71D48","LB-DIST-C08378A1F450","","","35430","خالصة","Khalsa","","populated-place","34.63310158","36.31414353","national-manifest","C:\xampp\htdocs\projectx\watanybot\packages\lebanese-administrative-authority\authority\sources\arabic\national-village-manifest-clean.csv","","source-reported","accepted","","35430","true","[object Object]"
"LB-LOC-35257","LB","LB-GOV-0B6790F71D48","LB-DIST-C08378A1F450","","","35257","الخرنوبه","Kharnoubet Aakkar","","populated-place","34.62988863","36.12915451","national-manifest","C:\xampp\htdocs\projectx\watanybot\packages\lebanese-administrative-authority\authority\sources\arabic\national-village-manifest-clean.csv","","source-reported","accepted","","35257","true","[object Object]"
"LB-LOC-35431","LB","LB-GOV-0B6790F71D48","LB-DIST-C08378A1F450","","","35431","خربة شار","Khirbet Char","","populated-place","34.57884808","36.19062043","national-manifest","C:\xampp\htdocs\projectx\watanybot\packages\lebanese-administrative-authority\authority\sources\arabic\national-village-manifest-clean.csv","","source-reported","accepted","","35431","true","[object Object]"
"LB-LOC-35417","LB","LB-GOV-0B6790F71D48","LB-DIST-C08378A1F450","","","35417","خربة داوود","Khirbet Daoud Aakkar","","populated-place","34.58739158","36.22008973","national-manifest","C:\xampp\htdocs\projectx\watanybot\packages\lebanese-administrative-authority\authority\sources\arabic\national-village-manifest-clean.csv","","source-reported","accepted","","35417","true","[object Object]"
"LB-LOC-35410","LB","LB-GOV-0B6790F71D48","LB-DIST-C08378A1F450","","","35410","خربة الرمان","Khirbet Er Remmane","","populated-place","34.62676237","36.28270468","national-manifest","C:\xampp\htdocs\projectx\watanybot\packages\lebanese-administrative-authority\authority\sources\arabic\national-village-manifest-clean.csv","","source-reported","accepted","","35410","true","[object Object]"
"LB-LOC-35330","LB","LB-GOV-0B6790F71D48","LB-DIST-C08378A1F450","","","35330","الخريبة","Khreibet Aakkar","","populated-place","34.47808208","36.12595768","national-manifest","C:\xampp\htdocs\projectx\watanybot\packages\lebanese-administrative-authority\authority\sources\arabic\national-village-manifest-clean.csv","","source-reported","accepted","","35330","true","[object Object]"
"LB-LOC-35216","LB","LB-GOV-0B6790F71D48","LB-DIST-C08378A1F450","","","35216","خريبة الجندي","Khreibet Ej-Jindi","","populated-place","34.56671303","36.09123023","national-manifest","C:\xampp\htdocs\projectx\watanybot\packages\lebanese-administrative-authority\authority\sources\arabic\national-village-manifest-clean.csv","","source-reported","accepted","","35216","true","[object Object]"
"LB-LOC-35245","LB","LB-GOV-0B6790F71D48","LB-DIST-C08378A1F450","","","35245","الكنيسة","Kneisset Aakkar","","populated-place","34.61587241","36.02623351","national-manifest","C:\xampp\htdocs\projectx\watanybot\packages\lebanese-administrative-authority\authority\sources\arabic\national-village-manifest-clean.csv","","source-reported","accepted","","35245","true","[object Object]"
"LB-LOC-35515","LB","LB-GOV-0B6790F71D48","LB-DIST-C08378A1F450","","","35515","كنيسة هنيدر","Kneisset Hnaider","","populated-place","34.59845057","36.44330855","national-manifest","C:\xampp\htdocs\projectx\watanybot\packages\lebanese-administrative-authority\authority\sources\arabic\national-village-manifest-clean.csv","","source-reported","accepted","","35515","true","[object Object]"
"LB-LOC-35465","LB","LB-GOV-0B6790F71D48","LB-DIST-C08378A1F450","","","35465","كنيسة","Knisseh","","populated-place","34.56557591","36.12476431","national-manifest","C:\xampp\htdocs\projectx\watanybot\packages\lebanese-administrative-authority\authority\sources\arabic\national-village-manifest-clean.csv","","source-reported","accepted","","35465","true","[object Object]"
"LB-LOC-35429","LB","LB-GOV-0B6790F71D48","LB-DIST-C08378A1F450","","","35429","الكواشرة","Kouachra","","populated-place","34.61014453","36.20752006","national-manifest","C:\xampp\htdocs\projectx\watanybot\packages\lebanese-administrative-authority\authority\sources\arabic\national-village-manifest-clean.csv","","source-reported","accepted","","35429","true","[object Object]"
"LB-LOC-35215","LB","LB-GOV-0B6790F71D48","LB-DIST-C08378A1F450","","","35215","الكويخات","Koueikhat","","populated-place","34.58340237","36.08934058","national-manifest","C:\xampp\htdocs\projectx\watanybot\packages\lebanese-administrative-authority\authority\sources\arabic\national-village-manifest-clean.csv","","source-reported","accepted","","35215","true","[object Object]"
"LB-LOC-35119","LB","LB-GOV-0B6790F71D48","LB-DIST-C08378A1F450","","","35119","كروم العرب","Kroum El-Aarab","","populated-place","34.55579667","36.09106642","national-manifest","C:\xampp\htdocs\projectx\watanybot\packages\lebanese-administrative-authority\authority\sources\arabic\national-village-manifest-clean.csv","","source-reported","accepted","","35119","true","[object Object]"
"LB-LOC-35137","LB","LB-GOV-0B6790F71D48","LB-DIST-C08378A1F450","","","35137","مشحة","Machha","","populated-place","34.54444692","36.10957743","national-manifest","C:\xampp\htdocs\projectx\watanybot\packages\lebanese-administrative-authority\authority\sources\arabic\national-village-manifest-clean.csv","","source-reported","accepted","","35137","true","[object Object]"
"LB-LOC-35437","LB","LB-GOV-0B6790F71D48","LB-DIST-C08378A1F450","","","35437","مشتى حمود","Machta Hammoud","","populated-place","34.63243363","36.32508771","national-manifest","C:\xampp\htdocs\projectx\watanybot\packages\lebanese-administrative-authority\authority\sources\arabic\national-village-manifest-clean.csv","","source-reported","accepted","","35437","true","[object Object]"
"LB-LOC-35354","LB","LB-GOV-0B6790F71D48","LB-DIST-C08378A1F450","","","35354","مجدلا","Majdala","","populated-place","34.50122443","36.03526286","national-manifest","C:\xampp\htdocs\projectx\watanybot\packages\lebanese-administrative-authority\authority\sources\arabic\national-village-manifest-clean.csv","","source-reported","accepted","","35354","true","[object Object]"
"LB-LOC-35128","LB","LB-GOV-0B6790F71D48","LB-DIST-C08378A1F450","","","35128","المجدل عكار","Majdel Akkar","","populated-place","34.57121938","36.21080501","national-manifest","C:\xampp\htdocs\projectx\watanybot\packages\lebanese-administrative-authority\authority\sources\arabic\national-village-manifest-clean.csv","","source-reported","accepted","","35128","true","[object Object]"
"LB-LOC-35167","LB","LB-GOV-0B6790F71D48","LB-DIST-C08378A1F450","","","35167","مار توما","Mar Touma","","populated-place","34.51409148","36.01805265","national-manifest","C:\xampp\htdocs\projectx\watanybot\packages\lebanese-administrative-authority\authority\sources\arabic\national-village-manifest-clean.csv","","source-reported","accepted","","35167","true","[object Object]"
"LB-LOC-35255","LB","LB-GOV-0B6790F71D48","LB-DIST-C08378A1F450","","","35255","مار ليا ملحم","Marlaya Melhem","","populated-place","34.54021086","36.0234886","national-manifest","C:\xampp\htdocs\projectx\watanybot\packages\lebanese-administrative-authority\authority\sources\arabic\national-village-manifest-clean.csv","","source-reported","accepted","","35255","true","[object Object]"
"LB-LOC-35229","LB","LB-GOV-0B6790F71D48","LB-DIST-C08378A1F450","","","35229","المسعودية","Massaaoudiyeh","","populated-place","34.61371399","36.0443259","national-manifest","C:\xampp\htdocs\projectx\watanybot\packages\lebanese-administrative-authority\authority\sources\arabic\national-village-manifest-clean.csv","","source-reported","accepted","","35229","true","[object Object]"
"LB-LOC-35516","LB","LB-GOV-0B6790F71D48","LB-DIST-C08378A1F450","","","35516","اكروم","Mazareaa Jabal Akroum","","populated-place","34.55626313","36.36628163","national-manifest","C:\xampp\htdocs\projectx\watanybot\packages\lebanese-administrative-authority\authority\sources\arabic\national-village-manifest-clean.csv","","source-reported","accepted","","35516","true","[object Object]"
"LB-LOC-35134","LB","LB-GOV-0B6790F71D48","LB-DIST-C08378A1F450","","","35134","بيت غطاس","Mazraat Beit Ghattas","","populated-place","34.52415406","36.06156324","national-manifest","C:\xampp\htdocs\projectx\watanybot\packages\lebanese-administrative-authority\authority\sources\arabic\national-village-manifest-clean.csv","","source-reported","accepted","","35134","true","[object Object]"
"LB-LOC-35486","LB","LB-GOV-0B6790F71D48","LB-DIST-C08378A1F450","","","35486","النهريه","Mazraat En-Nahriyeh","","populated-place","34.60015704","36.2803954","national-manifest","C:\xampp\htdocs\projectx\watanybot\packages\lebanese-administrative-authority\authority\sources\arabic\national-village-manifest-clean.csv","","source-reported","accepted","","35486","true","[object Object]"
"LB-LOC-35371","LB","LB-GOV-0B6790F71D48","LB-DIST-C08378A1F450","","","35371","ممنع","Menneaa","","populated-place","34.50402295","36.17769643","national-manifest","C:\xampp\htdocs\projectx\watanybot\packages\lebanese-administrative-authority\authority\sources\arabic\national-village-manifest-clean.csv","","source-reported","accepted","","35371","true","[object Object]"
"LB-LOC-35277","LB","LB-GOV-0B6790F71D48","LB-DIST-C08378A1F450","","","35277","المحمرة","Mhammaret","","populated-place","34.50639105","35.96989341","national-manifest","C:\xampp\htdocs\projectx\watanybot\packages\lebanese-administrative-authority\authority\sources\arabic\national-village-manifest-clean.csv","","source-reported","accepted","","35277","true","[object Object]"
"LB-LOC-35351","LB","LB-GOV-0B6790F71D48","LB-DIST-C08378A1F450","","","35351","مشمش","Michmich Aakkar","","populated-place","34.44585548","36.16766793","national-manifest","C:\xampp\htdocs\projectx\watanybot\packages\lebanese-administrative-authority\authority\sources\arabic\national-village-manifest-clean.csv","","source-reported","accepted","","35351","true","[object Object]"
"LB-LOC-35251","LB","LB-GOV-0B6790F71D48","LB-DIST-C08378A1F450","","","35251","المغراق","Mighraq Aakkar","","populated-place","34.61282309","36.01519148","national-manifest","C:\xampp\htdocs\projectx\watanybot\packages\lebanese-administrative-authority\authority\sources\arabic\national-village-manifest-clean.csv","","source-reported","accepted","","35251","true","[object Object]"
"LB-LOC-35129","LB","LB-GOV-0B6790F71D48","LB-DIST-C08378A1F450","","","35129","منيارة","Minyara","","populated-place","34.5368006","36.06067816","national-manifest","C:\xampp\htdocs\projectx\watanybot\packages\lebanese-administrative-authority\authority\sources\arabic\national-village-manifest-clean.csv","","source-reported","accepted","","35129","true","[object Object]"
"LB-LOC-35414","LB","LB-GOV-0B6790F71D48","LB-DIST-C08378A1F450","","","35414","منجز","Mounjez","","populated-place","34.61520692","36.24652757","national-manifest","C:\xampp\htdocs\projectx\watanybot\packages\lebanese-administrative-authority\authority\sources\arabic\national-village-manifest-clean.csv","","source-reported","accepted","","35414","true","[object Object]"
"LB-LOC-35261","LB","LB-GOV-0B6790F71D48","LB-DIST-C08378A1F450","","","35261","المقيطع","Mqaiteaa","","populated-place","34.56268415","35.9977293","national-manifest","C:\xampp\htdocs\projectx\watanybot\packages\lebanese-administrative-authority\authority\sources\arabic\national-village-manifest-clean.csv","","source-reported","accepted","","35261","true","[object Object]"
"LB-LOC-35451","LB","LB-GOV-0B6790F71D48","LB-DIST-C08378A1F450","","","35451","مصلا","Msalla","","populated-place","34.59346507","36.16987428","national-manifest","C:\xampp\htdocs\projectx\watanybot\packages\lebanese-administrative-authority\authority\sources\arabic\national-village-manifest-clean.csv","","source-reported","accepted","","35451","true","[object Object]"
"LB-LOC-35461","LB","LB-GOV-0B6790F71D48","LB-DIST-C08378A1F450","","","35461","مزيحمة","Mzeihmeh","","populated-place","34.60953316","36.14247121","national-manifest","C:\xampp\htdocs\projectx\watanybot\packages\lebanese-administrative-authority\authority\sources\arabic\national-village-manifest-clean.csv","","source-reported","accepted","","35461","true","[object Object]"
"LB-LOC-35115","LB","LB-GOV-0B6790F71D48","LB-DIST-C08378A1F450","","","35115","النفيسة","Nfisseh","","populated-place","34.54617468","36.08832207","national-manifest","C:\xampp\htdocs\projectx\watanybot\packages\lebanese-administrative-authority\authority\sources\arabic\national-village-manifest-clean.csv","","source-reported","accepted","","35115","true","[object Object]"
"LB-LOC-35445","LB","LB-GOV-0B6790F71D48","LB-DIST-C08378A1F450","","","35445","نورا التحتا","Noura Et-Tahta","","populated-place","34.6243999","36.18691175","national-manifest","C:\xampp\htdocs\projectx\watanybot\packages\lebanese-administrative-authority\authority\sources\arabic\national-village-manifest-clean.csv","","source-reported","accepted","","35445","true","[object Object]"
"LB-LOC-35455","LB","LB-GOV-0B6790F71D48","LB-DIST-C08378A1F450","","","35455","وادي الحور","Ouadi El-Haour","","populated-place","34.60979018","36.15216545","national-manifest","C:\xampp\htdocs\projectx\watanybot\packages\lebanese-administrative-authority\authority\sources\arabic\national-village-manifest-clean.csv","","source-reported","accepted","","35455","true","[object Object]"
"LB-LOC-35364","LB","LB-GOV-0B6790F71D48","LB-DIST-C08378A1F450","","","35364","وادي الجاموس","Ouadi El-Jamous","","populated-place","34.50859292","36.00929557","national-manifest","C:\xampp\htdocs\projectx\watanybot\packages\lebanese-administrative-authority\authority\sources\arabic\national-village-manifest-clean.csv","","source-reported","accepted","","35364","true","[object Object]"
"LB-LOC-35233","LB","LB-GOV-0B6790F71D48","LB-DIST-C08378A1F450","","","35233","قعبرين","Qaabrine","","populated-place","34.56889822","36.02799503","national-manifest","C:\xampp\htdocs\projectx\watanybot\packages\lebanese-administrative-authority\authority\sources\arabic\national-village-manifest-clean.csv","","source-reported","accepted","","35233","true","[object Object]"
"LB-LOC-35325","LB","LB-GOV-0B6790F71D48","LB-DIST-C08378A1F450","","","35325","قبعيت","Qabaait","","populated-place","34.45445851","36.08138796","national-manifest","C:\xampp\htdocs\projectx\watanybot\packages\lebanese-administrative-authority\authority\sources\arabic\national-village-manifest-clean.csv","","source-reported","accepted","","35325","true","[object Object]"
"LB-LOC-35453","LB","LB-GOV-0B6790F71D48","LB-DIST-C08378A1F450","","","35453","قشلق","Qachlaq","","populated-place","34.61863745","36.14940727","national-manifest","C:\xampp\htdocs\projectx\watanybot\packages\lebanese-administrative-authority\authority\sources\arabic\national-village-manifest-clean.csv","","source-reported","accepted","","35453","true","[object Object]"
"LB-LOC-35135","LB","LB-GOV-0B6790F71D48","LB-DIST-C08378A1F450","","","35135","القنطرة","Qantarat Aakkar","","populated-place","34.52284899","36.0796148","national-manifest","C:\xampp\htdocs\projectx\watanybot\packages\lebanese-administrative-authority\authority\sources\arabic\national-village-manifest-clean.csv","","source-reported","accepted","","35135","true","[object Object]"
"LB-LOC-35341","LB","LB-GOV-0B6790F71D48","LB-DIST-C08378A1F450","","","35341","القرقف","Qardaf","","populated-place","34.4923719","36.01383391","national-manifest","C:\xampp\htdocs\projectx\watanybot\packages\lebanese-administrative-authority\authority\sources\arabic\national-village-manifest-clean.csv","","source-reported","accepted","","35341","true","[object Object]"
"LB-LOC-35518","LB","LB-GOV-0B6790F71D48","LB-DIST-C08378A1F450","","","35518","قرحه عكار","Qarha Aakkar","","populated-place","34.62234064","36.44525065","national-manifest","C:\xampp\htdocs\projectx\watanybot\packages\lebanese-administrative-authority\authority\sources\arabic\national-village-manifest-clean.csv","","source-reported","accepted","","35518","true","[object Object]"
"LB-LOC-35487","LB","LB-GOV-0B6790F71D48","LB-DIST-C08378A1F450","","","35487","القبيات","Qbaiyat Aakkar","","populated-place","34.54588242","36.27700307","national-manifest","C:\xampp\htdocs\projectx\watanybot\packages\lebanese-administrative-authority\authority\sources\arabic\national-village-manifest-clean.csv","","source-reported","accepted","","35487","true","[object Object]"
"LB-LOC-35179","LB","LB-GOV-0B6790F71D48","LB-DIST-C08378A1F450","","","35179","قبولا","Qboula","","populated-place","34.53133045","36.17900233","national-manifest","C:\xampp\htdocs\projectx\watanybot\packages\lebanese-administrative-authority\authority\sources\arabic\national-village-manifest-clean.csv","","source-reported","accepted","","35179","true","[object Object]"
"LB-LOC-35243","LB","LB-GOV-0B6790F71D48","LB-DIST-C08378A1F450","","","35243","القليعات","Qleiaat Aakkar","","populated-place","34.59441641","36.00908278","national-manifest","C:\xampp\htdocs\projectx\watanybot\packages\lebanese-administrative-authority\authority\sources\arabic\national-village-manifest-clean.csv","","source-reported","accepted","","35243","true","[object Object]"
"LB-LOC-35317","LB","LB-GOV-0B6790F71D48","LB-DIST-C08378A1F450","","","35317","قلود الباقية","Qloud El-Baqieh","","populated-place","34.49686204","36.05869474","national-manifest","C:\xampp\htdocs\projectx\watanybot\packages\lebanese-administrative-authority\authority\sources\arabic\national-village-manifest-clean.csv","","source-reported","accepted","","35317","true","[object Object]"
"LB-LOC-35352","LB","LB-GOV-0B6790F71D48","LB-DIST-C08378A1F450","","","35352","القرنة","Qornet Aakkar","","populated-place","34.48241957","36.16524192","national-manifest","C:\xampp\htdocs\projectx\watanybot\packages\lebanese-administrative-authority\authority\sources\arabic\national-village-manifest-clean.csv","","source-reported","accepted","","35352","true","[object Object]"
"LB-LOC-35269","LB","LB-GOV-0B6790F71D48","LB-DIST-C08378A1F450","","","35269","قبة شمرا","Qoubber Chamra","","populated-place","34.53756892","35.99751586","national-manifest","C:\xampp\htdocs\projectx\watanybot\packages\lebanese-administrative-authority\authority\sources\arabic\national-village-manifest-clean.csv","","source-reported","accepted","","35269","true","[object Object]"
"LB-LOC-35334","LB","LB-GOV-0B6790F71D48","LB-DIST-C08378A1F450","","","35334","القريات","Qraiyat","","populated-place","34.4814929","36.15322397","national-manifest","C:\xampp\htdocs\projectx\watanybot\packages\lebanese-administrative-authority\authority\sources\arabic\national-village-manifest-clean.csv","","source-reported","accepted","","35334","true","[object Object]"
"LB-LOC-35415","LB","LB-GOV-0B6790F71D48","LB-DIST-C08378A1F450","","","35415","القصير","Qsair Aakkar","","populated-place","34.60819476","36.23898936","national-manifest","C:\xampp\htdocs\projectx\watanybot\packages\lebanese-administrative-authority\authority\sources\arabic\national-village-manifest-clean.csv","","source-reported","accepted","","35415","true","[object Object]"
"LB-LOC-35357","LB","LB-GOV-0B6790F71D48","LB-DIST-C08378A1F450","","","35357","رحبة","Rahbeh","","populated-place","34.50211586","36.14037285","national-manifest","C:\xampp\htdocs\projectx\watanybot\packages\lebanese-administrative-authority\authority\sources\arabic\national-village-manifest-clean.csv","","source-reported","accepted","","35357","true","[object Object]"
"LB-LOC-35467","LB","LB-GOV-0B6790F71D48","LB-DIST-C08378A1F450","","","35467","الريحانية","Rihaniyet Aakkar","","populated-place","34.58198328","36.11780745","national-manifest","C:\xampp\htdocs\projectx\watanybot\packages\lebanese-administrative-authority\authority\sources\arabic\national-village-manifest-clean.csv","","source-reported","accepted","","35467","true","[object Object]"
"LB-LOC-35404","LB","LB-GOV-0B6790F71D48","LB-DIST-C08378A1F450","","","35404","رماح النهريه","Rmah","","populated-place","34.61831138","36.26282591","national-manifest","C:\xampp\htdocs\projectx\watanybot\packages\lebanese-administrative-authority\authority\sources\arabic\national-village-manifest-clean.csv","","source-reported","accepted","","35404","true","[object Object]"
"LB-LOC-35281","LB","LB-GOV-0B6790F71D48","LB-DIST-C08378A1F450","","","35281","رمول","Rmoul","","populated-place","34.57373196","36.00673388","national-manifest","C:\xampp\htdocs\projectx\watanybot\packages\lebanese-administrative-authority\authority\sources\arabic\national-village-manifest-clean.csv","","source-reported","accepted","","35281","true","[object Object]"
"LB-LOC-35217","LB","LB-GOV-0B6790F71D48","LB-DIST-C08378A1F450","","","35217","سعدين","Saadine","","populated-place","34.60204434","36.08821627","national-manifest","C:\xampp\htdocs\projectx\watanybot\packages\lebanese-administrative-authority\authority\sources\arabic\national-village-manifest-clean.csv","","source-reported","accepted","","35217","true","[object Object]"
"LB-LOC-35327","LB","LB-GOV-0B6790F71D48","LB-DIST-C08378A1F450","","","35327","صدقة","Sadaqa","","populated-place","34.46514678","36.14956122","national-manifest","C:\xampp\htdocs\projectx\watanybot\packages\lebanese-administrative-authority\authority\sources\arabic\national-village-manifest-clean.csv","","source-reported","accepted","","35327","true","[object Object]"
"LB-LOC-35469","LB","LB-GOV-0B6790F71D48","LB-DIST-C08378A1F450","","","35469","السنديانة","Saidnaya","","populated-place","34.58947208","36.12514175","national-manifest","C:\xampp\htdocs\projectx\watanybot\packages\lebanese-administrative-authority\authority\sources\arabic\national-village-manifest-clean.csv","","source-reported","accepted","","35469","true","[object Object]"
"LB-LOC-35271","LB","LB-GOV-0B6790F71D48","LB-DIST-C08378A1F450","","","35271","السماقية","Sammaqiyeh","","populated-place","34.63456511","36.00897889","national-manifest","C:\xampp\htdocs\projectx\watanybot\packages\lebanese-administrative-authority\authority\sources\arabic\national-village-manifest-clean.csv","","source-reported","accepted","","35271","true","[object Object]"
"LB-LOC-35227","LB","LB-GOV-0B6790F71D48","LB-DIST-C08378A1F450","","","35227","السمونيه","Sammouniyeh","","populated-place","34.56939305","36.05392336","national-manifest","C:\xampp\htdocs\projectx\watanybot\packages\lebanese-administrative-authority\authority\sources\arabic\national-village-manifest-clean.csv","","source-reported","accepted","","35227","true","[object Object]"
"LB-LOC-35311","LB","LB-GOV-0B6790F71D48","LB-DIST-C08378A1F450","","","35311","سيسوق","Sayssouq","","populated-place","34.4864962","36.05830784","national-manifest","C:\xampp\htdocs\projectx\watanybot\packages\lebanese-administrative-authority\authority\sources\arabic\national-village-manifest-clean.csv","","source-reported","accepted","","35311","true","[object Object]"
"LB-LOC-35259","LB","LB-GOV-0B6790F71D48","LB-DIST-C08378A1F450","","","35259","سمقالي","Semmaqli","","populated-place","34.54287011","36.01386741","national-manifest","C:\xampp\htdocs\projectx\watanybot\packages\lebanese-administrative-authority\authority\sources\arabic\national-village-manifest-clean.csv","","source-reported","accepted","","35259","true","[object Object]"
"LB-LOC-35324","LB","LB-GOV-0B6790F71D48","LB-DIST-C08378A1F450","","","35324","سفينة القيطع","Sfaynet El-Qaitaa","","populated-place","34.45634407","36.0250722","national-manifest","C:\xampp\htdocs\projectx\watanybot\packages\lebanese-administrative-authority\authority\sources\arabic\national-village-manifest-clean.csv","","source-reported","accepted","","35324","true","[object Object]"
"LB-LOC-35447","LB","LB-GOV-0B6790F71D48","LB-DIST-C08378A1F450","","","35447","سفينة الدريب","Sfinet Ed-Draib","","populated-place","34.57705874","36.16285224","national-manifest","C:\xampp\htdocs\projectx\watanybot\packages\lebanese-administrative-authority\authority\sources\arabic\national-village-manifest-clean.csv","","source-reported","accepted","","35447","true","[object Object]"
"LB-LOC-35411","LB","LB-GOV-0B6790F71D48","LB-DIST-C08378A1F450","","","35411","سنديانة زيدان","Sindianet Zeidane","","populated-place","34.57568746","36.23855307","national-manifest","C:\xampp\htdocs\projectx\watanybot\packages\lebanese-administrative-authority\authority\sources\arabic\national-village-manifest-clean.csv","","source-reported","accepted","","35411","true","[object Object]"
"LB-LOC-35143","LB","LB-GOV-0B6790F71D48","LB-DIST-C08378A1F450","","","35143","السويسة","Souaisset Aakkar","","populated-place","34.55574459","36.11919533","national-manifest","C:\xampp\htdocs\projectx\watanybot\packages\lebanese-administrative-authority\authority\sources\arabic\national-village-manifest-clean.csv","","source-reported","accepted","","35143","true","[object Object]"
"LB-LOC-35471","LB","LB-GOV-0B6790F71D48","LB-DIST-C08378A1F450","","","35471","سرار","Srar","","populated-place","34.6167551","36.13172368","national-manifest","C:\xampp\htdocs\projectx\watanybot\packages\lebanese-administrative-authority\authority\sources\arabic\national-village-manifest-clean.csv","","source-reported","accepted","","35471","true","[object Object]"
"LB-LOC-35213","LB","LB-GOV-0B6790F71D48","LB-DIST-C08378A1F450","","","35213","تل عباس الشرقي","Tall Aabbas Ech-Charqi","","populated-place","34.59880849","36.07253433","national-manifest","C:\xampp\htdocs\projectx\watanybot\packages\lebanese-administrative-authority\authority\sources\arabic\national-village-manifest-clean.csv","","source-reported","accepted","","35213","true","[object Object]"
"LB-LOC-35211","LB","LB-GOV-0B6790F71D48","LB-DIST-C08378A1F450","","","35211","تلعباس غربي","Tall Aabbas El-Gharbi","","populated-place","34.58437068","36.06715819","national-manifest","C:\xampp\htdocs\projectx\watanybot\packages\lebanese-administrative-authority\authority\sources\arabic\national-village-manifest-clean.csv","","source-reported","accepted","","35211","true","[object Object]"
"LB-LOC-35235","LB","LB-GOV-0B6790F71D48","LB-DIST-C08378A1F450","","","35235","تلبيرة","Tall Bireh","","populated-place","34.6192999","36.05709754","national-manifest","C:\xampp\htdocs\projectx\watanybot\packages\lebanese-administrative-authority\authority\sources\arabic\national-village-manifest-clean.csv","","source-reported","accepted","","35235","true","[object Object]"
"LB-LOC-35237","LB","LB-GOV-0B6790F71D48","LB-DIST-C08378A1F450","","","35237","تلحميرة","Tall Hmayra","","populated-place","34.62156287","36.07799996","national-manifest","C:\xampp\htdocs\projectx\watanybot\packages\lebanese-administrative-authority\authority\sources\arabic\national-village-manifest-clean.csv","","source-reported","accepted","","35237","true","[object Object]"
"LB-LOC-35231","LB","LB-GOV-0B6790F71D48","LB-DIST-C08378A1F450","","","35231","تلمعيان","Tall Meaayan Tall Kiri","","populated-place","34.59945833","36.0357437","national-manifest","C:\xampp\htdocs\projectx\watanybot\packages\lebanese-administrative-authority\authority\sources\arabic\national-village-manifest-clean.csv","","source-reported","accepted","","35231","true","[object Object]"
"LB-LOC-35247","LB","LB-GOV-0B6790F71D48","LB-DIST-C08378A1F450","","","35247","تل سبعل","Tall Sebaal","","populated-place","34.55262777","36.02922733","national-manifest","C:\xampp\htdocs\projectx\watanybot\packages\lebanese-administrative-authority\authority\sources\arabic\national-village-manifest-clean.csv","","source-reported","accepted","","35247","true","[object Object]"
"LB-LOC-35173","LB","LB-GOV-0B6790F71D48","LB-DIST-C08378A1F450","","","35173","شطاحة","Tallet Chattaha","","populated-place","34.53292269","36.17074551","national-manifest","C:\xampp\htdocs\projectx\watanybot\packages\lebanese-administrative-authority\authority\sources\arabic\national-village-manifest-clean.csv","","source-reported","accepted","","35173","true","[object Object]"
"LB-LOC-35171","LB","LB-GOV-0B6790F71D48","LB-DIST-C08378A1F450","","","35171","تكريت","Tikrit","","populated-place","34.51526977","36.16358514","national-manifest","C:\xampp\htdocs\projectx\watanybot\packages\lebanese-administrative-authority\authority\sources\arabic\national-village-manifest-clean.csv","","source-reported","accepted","","35171","true","[object Object]"
"LB-LOC-35459","LB","LB-GOV-0B6790F71D48","LB-DIST-C08378A1F450","","","35459","التليل","Tleil","","populated-place","34.59606861","36.13922764","national-manifest","C:\xampp\htdocs\projectx\watanybot\packages\lebanese-administrative-authority\authority\sources\arabic\national-village-manifest-clean.csv","","source-reported","accepted","","35459","true","[object Object]"
"LB-LOC-35356","LB","LB-GOV-0B6790F71D48","LB-DIST-C08378A1F450","","","35356","تاشع","Tshea","","populated-place","34.49831863","36.19665293","national-manifest","C:\xampp\htdocs\projectx\watanybot\packages\lebanese-administrative-authority\authority\sources\arabic\national-village-manifest-clean.csv","","source-reported","accepted","","35356","true","[object Object]"
"LB-LOC-35127","LB","LB-GOV-0B6790F71D48","LB-DIST-C08378A1F450","","","35127","الزواريب","Zouarib","","populated-place","34.53374425","36.07029886","national-manifest","C:\xampp\htdocs\projectx\watanybot\packages\lebanese-administrative-authority\authority\sources\arabic\national-village-manifest-clean.csv","","source-reported","accepted","","35127","true","[object Object]"
"LB-LOC-35151","LB","LB-GOV-0B6790F71D48","LB-DIST-C08378A1F450","","","35151","ذوق الحصينة","Zouq El Hosniyeh","","populated-place","34.52177905","36.03965052","national-manifest","C:\xampp\htdocs\projectx\watanybot\packages\lebanese-administrative-authority\authority\sources\arabic\national-village-manifest-clean.csv","","source-reported","accepted","","35151","true","[object Object]"
"LB-LOC-35159","LB","LB-GOV-0B6790F71D48","LB-DIST-C08378A1F450","","","35159","ذوق حدارة","Zouq El-Hadara","","populated-place","34.51215221","36.03527514","national-manifest","C:\xampp\htdocs\projectx\watanybot\packages\lebanese-administrative-authority\authority\sources\arabic\national-village-manifest-clean.csv","","source-reported","accepted","","35159","true","[object Object]"
"LB-LOC-35153","LB","LB-GOV-0B6790F71D48","LB-DIST-C08378A1F450","","","35153","ذوق الحبالصة","Zouq El-Hbalsa","","populated-place","34.51528773","36.03966955","national-manifest","C:\xampp\htdocs\projectx\watanybot\packages\lebanese-administrative-authority\authority\sources\arabic\national-village-manifest-clean.csv","","source-reported","accepted","","35153","true","[object Object]"
"LB-LOC-35161","LB","LB-GOV-0B6790F71D48","LB-DIST-C08378A1F450","","","35161","ذوق المقشرين","Zouq El-Moqachrine","","populated-place","34.51860345","36.02861205","national-manifest","C:\xampp\htdocs\projectx\watanybot\packages\lebanese-administrative-authority\authority\sources\arabic\national-village-manifest-clean.csv","","source-reported","accepted","","35161","true","[object Object]"
"LB-LOC-53127","LB","LB-GOV-E147CDE110C1","LB-DIST-05365E53925F","","","53127","عدّوس","Aadous","","populated-place","34.02197337","36.15066178","national-manifest","C:\xampp\htdocs\projectx\watanybot\packages\lebanese-administrative-authority\authority\sources\arabic\national-village-manifest-clean.csv","","source-reported","accepted","","53127","true","[object Object]"
"LB-LOC-53217","LB","LB-GOV-E147CDE110C1","LB-DIST-05365E53925F","","","53217","العين","Aain Baalbek","","populated-place","34.22358","36.38539791","national-manifest","C:\xampp\htdocs\projectx\watanybot\packages\lebanese-administrative-authority\authority\sources\arabic\national-village-manifest-clean.csv","","source-reported","accepted","","53217","true","[object Object]"
"LB-LOC-53115","LB","LB-GOV-E147CDE110C1","LB-DIST-05365E53925F","","","53115","عين بورداي","Aain Bourday","","populated-place","33.97454041","36.21629237","national-manifest","C:\xampp\htdocs\projectx\watanybot\packages\lebanese-administrative-authority\authority\sources\arabic\national-village-manifest-clean.csv","","source-reported","accepted","","53115","true","[object Object]"
"LB-LOC-53473","LB","LB-GOV-E147CDE110C1","LB-DIST-05365E53925F","","","53473","عين الجوزة","Aain Ej-Jaouz Baalbek","","populated-place","33.85375463","36.30302343","national-manifest","C:\xampp\htdocs\projectx\watanybot\packages\lebanese-administrative-authority\authority\sources\arabic\national-village-manifest-clean.csv","","source-reported","accepted","","53473","true","[object Object]"
"LB-LOC-53465","LB","LB-GOV-E147CDE110C1","LB-DIST-05365E53925F","","","53465","عين البنية","Aain El-Barnaya","","populated-place","33.88718376","36.25368819","national-manifest","C:\xampp\htdocs\projectx\watanybot\packages\lebanese-administrative-authority\authority\sources\arabic\national-village-manifest-clean.csv","","source-reported","accepted","","53465","true","[object Object]"
"LB-LOC-53163","LB","LB-GOV-E147CDE110C1","LB-DIST-05365E53925F","","","53163","حصن الشادورا","Aain Es-Siyaa Chadoura","","populated-place","33.95254571","36.27740025","national-manifest","C:\xampp\htdocs\projectx\watanybot\packages\lebanese-administrative-authority\authority\sources\arabic\national-village-manifest-clean.csv","","source-reported","accepted","","53163","true","[object Object]"
"LB-LOC-53131","LB","LB-GOV-E147CDE110C1","LB-DIST-05365E53925F","","","53131","عمشكي","Aamchki","","populated-place","33.99182521","36.30352392","national-manifest","C:\xampp\htdocs\projectx\watanybot\packages\lebanese-administrative-authority\authority\sources\arabic\national-village-manifest-clean.csv","","source-reported","accepted","","53131","true","[object Object]"
"LB-LOC-53231","LB","LB-GOV-E147CDE110C1","LB-DIST-05365E53925F","","","53231","عرسال","Aarsal","","populated-place","34.14183114","36.45730012","national-manifest","C:\xampp\htdocs\projectx\watanybot\packages\lebanese-administrative-authority\authority\sources\arabic\national-village-manifest-clean.csv","","source-reported","accepted","","53231","true","[object Object]"
"LB-LOC-53377","LB","LB-GOV-E147CDE110C1","LB-DIST-05365E53925F","","","53377","عيناتا","Aaynata Baalbek","","populated-place","34.19496294","36.0769738","national-manifest","C:\xampp\htdocs\projectx\watanybot\packages\lebanese-administrative-authority\authority\sources\arabic\national-village-manifest-clean.csv","","source-reported","accepted","","53377","true","[object Object]"
"LB-LOC-53111","LB","LB-GOV-E147CDE110C1","LB-DIST-05365E53925F","","","53111","بعلبك","Baalbek","","populated-place","34.01729491","36.20460033","national-manifest","C:\xampp\htdocs\projectx\watanybot\packages\lebanese-administrative-authority\authority\sources\arabic\national-village-manifest-clean.csv","","source-reported","accepted","","53111","true","[object Object]"
"LB-LOC-53221","LB","LB-GOV-E147CDE110C1","LB-DIST-05365E53925F","","","53221","بجاجة","Bajjaje","","populated-place","34.22548892","36.34290465","national-manifest","C:\xampp\htdocs\projectx\watanybot\packages\lebanese-administrative-authority\authority\sources\arabic\national-village-manifest-clean.csv","","source-reported","accepted","","53221","true","[object Object]"
"LB-LOC-53344","LB","LB-GOV-E147CDE110C1","LB-DIST-05365E53925F","","","53344","برقا","Barqa","","populated-place","34.18568872","36.14070679","national-manifest","C:\xampp\htdocs\projectx\watanybot\packages\lebanese-administrative-authority\authority\sources\arabic\national-village-manifest-clean.csv","","source-reported","accepted","","53344","true","[object Object]"
"LB-LOC-53333","LB","LB-GOV-E147CDE110C1","LB-DIST-05365E53925F","","","53333","بشوات","Bechouat","","populated-place","34.15141942","36.1334637","national-manifest","C:\xampp\htdocs\projectx\watanybot\packages\lebanese-administrative-authority\authority\sources\arabic\national-village-manifest-clean.csv","","source-reported","accepted","","53333","true","[object Object]"
"LB-LOC-53411","LB","LB-GOV-E147CDE110C1","LB-DIST-05365E53925F","","","53411","بدنايل","Bednayel Baalbak","","populated-place","33.92408732","35.94041131","national-manifest","C:\xampp\htdocs\projectx\watanybot\packages\lebanese-administrative-authority\authority\sources\arabic\national-village-manifest-clean.csv","","source-reported","accepted","","53411","true","[object Object]"
"LB-LOC-53417","LB","LB-GOV-E147CDE110C1","LB-DIST-05365E53925F","","","53417","بيت شاما","Beit Chama","","populated-place","33.92478885","36.02585111","national-manifest","C:\xampp\htdocs\projectx\watanybot\packages\lebanese-administrative-authority\authority\sources\arabic\national-village-manifest-clean.csv","","source-reported","accepted","","53417","true","[object Object]"
"LB-LOC-53459","LB","LB-GOV-E147CDE110C1","LB-DIST-05365E53925F","","","53459","بوداي","Bouday","","populated-place","34.06116581","36.05390214","national-manifest","C:\xampp\htdocs\projectx\watanybot\packages\lebanese-administrative-authority\authority\sources\arabic\national-village-manifest-clean.csv","","source-reported","accepted","","53459","true","[object Object]"
"LB-LOC-53453","LB","LB-GOV-E147CDE110C1","LB-DIST-05365E53925F","","","53453","بريتال","Brital","","populated-place","33.93200008","36.18491271","national-manifest","C:\xampp\htdocs\projectx\watanybot\packages\lebanese-administrative-authority\authority\sources\arabic\national-village-manifest-clean.csv","","source-reported","accepted","","53453","true","[object Object]"
"LB-LOC-53375","LB","LB-GOV-E147CDE110C1","LB-DIST-05365E53925F","","","53375","بتدعي","Btedaai","","populated-place","34.10770594","36.09957226","national-manifest","C:\xampp\htdocs\projectx\watanybot\packages\lebanese-administrative-authority\authority\sources\arabic\national-village-manifest-clean.csv","","source-reported","accepted","","53375","true","[object Object]"
"LB-LOC-53469","LB","LB-GOV-E147CDE110C1","LB-DIST-05365E53925F","","","53469","جبل الشعيبة","Chaaibeh","","populated-place","33.92060466","36.25743601","national-manifest","C:\xampp\htdocs\projectx\watanybot\packages\lebanese-administrative-authority\authority\sources\arabic\national-village-manifest-clean.csv","","source-reported","accepted","","53469","true","[object Object]"
"LB-LOC-53274","LB","LB-GOV-E147CDE110C1","LB-DIST-05365E53925F","","","53274","شعت","Chaat","","populated-place","34.13808863","36.26947092","national-manifest","C:\xampp\htdocs\projectx\watanybot\packages\lebanese-administrative-authority\authority\sources\arabic\national-village-manifest-clean.csv","","source-reported","accepted","","53274","true","[object Object]"
"LB-LOC-53467","LB","LB-GOV-E147CDE110C1","LB-DIST-05365E53925F","","","53467","شليفا","Chlifa","","populated-place","34.08149825","36.10996825","national-manifest","C:\xampp\htdocs\projectx\watanybot\packages\lebanese-administrative-authority\authority\sources\arabic\national-village-manifest-clean.csv","","source-reported","accepted","","53467","true","[object Object]"
"LB-LOC-53429","LB","LB-GOV-E147CDE110C1","LB-DIST-05365E53925F","","","53429","شمسطار","Chmistar","","populated-place","33.95892496","36.01441757","national-manifest","C:\xampp\htdocs\projectx\watanybot\packages\lebanese-administrative-authority\authority\sources\arabic\national-village-manifest-clean.csv","","source-reported","accepted","","53429","true","[object Object]"
"LB-LOC-53366","LB","LB-GOV-E147CDE110C1","LB-DIST-05365E53925F","","","53366","دار الواسعة","Dar El-Ouassaa","","populated-place","34.1091215","36.05364711","national-manifest","C:\xampp\htdocs\projectx\watanybot\packages\lebanese-administrative-authority\authority\sources\arabic\national-village-manifest-clean.csv","","source-reported","accepted","","53366","true","[object Object]"
"LB-LOC-53311","LB","LB-GOV-E147CDE110C1","LB-DIST-05365E53925F","","","53311","دير الاحمر","Deir El-Ahmar","","populated-place","34.11995846","36.13130665","national-manifest","C:\xampp\htdocs\projectx\watanybot\packages\lebanese-administrative-authority\authority\sources\arabic\national-village-manifest-clean.csv","","source-reported","accepted","","53311","true","[object Object]"
"LB-LOC-53244","LB","LB-GOV-E147CDE110C1","LB-DIST-05365E53925F","","","53244","دير مار مارون بعلبك","Deir Mar Maroun Baalbek","","populated-place","34.3532709","36.39506045","national-manifest","C:\xampp\htdocs\projectx\watanybot\packages\lebanese-administrative-authority\authority\sources\arabic\national-village-manifest-clean.csv","","source-reported","accepted","","53244","true","[object Object]"
"LB-LOC-53119","LB","LB-GOV-E147CDE110C1","LB-DIST-05365E53925F","","","53119","دوريس","Douris","","populated-place","33.98923209","36.17016081","national-manifest","C:\xampp\htdocs\projectx\watanybot\packages\lebanese-administrative-authority\authority\sources\arabic\national-village-manifest-clean.csv","","source-reported","accepted","","53119","true","[object Object]"
"LB-LOC-53214","LB","LB-GOV-E147CDE110C1","LB-DIST-05365E53925F","","","53214","فاكهة","Fekehe","","populated-place","34.25016436","36.36706775","national-manifest","C:\xampp\htdocs\projectx\watanybot\packages\lebanese-administrative-authority\authority\sources\arabic\national-village-manifest-clean.csv","","source-reported","accepted","","53214","true","[object Object]"
"LB-LOC-53183","LB","LB-GOV-E147CDE110C1","LB-DIST-05365E53925F","","","53183","حدت الهرمل","Hadath Baalbek","","populated-place","34.00589663","36.01095522","national-manifest","C:\xampp\htdocs\projectx\watanybot\packages\lebanese-administrative-authority\authority\sources\arabic\national-village-manifest-clean.csv","","source-reported","accepted","","53183","true","[object Object]"
"LB-LOC-53247","LB","LB-GOV-E147CDE110C1","LB-DIST-05365E53925F","","","53247","حلباتا","Halbata","","populated-place","34.2607895","36.22947537","national-manifest","C:\xampp\htdocs\projectx\watanybot\packages\lebanese-administrative-authority\authority\sources\arabic\national-village-manifest-clean.csv","","source-reported","accepted","","53247","true","[object Object]"
"LB-LOC-53463","LB","LB-GOV-E147CDE110C1","LB-DIST-05365E53925F","","","53463","حام","Ham","","populated-place","33.86529344","36.21128676","national-manifest","C:\xampp\htdocs\projectx\watanybot\packages\lebanese-administrative-authority\authority\sources\arabic\national-village-manifest-clean.csv","","source-reported","accepted","","53463","true","[object Object]"
"LB-LOC-53159","LB","LB-GOV-E147CDE110C1","LB-DIST-05365E53925F","","","53159","حوش الدهب","Haouch El-Dehab","","populated-place","34.03663895","36.11970801","national-manifest","C:\xampp\htdocs\projectx\watanybot\packages\lebanese-administrative-authority\authority\sources\arabic\national-village-manifest-clean.csv","","source-reported","accepted","","53159","true","[object Object]"
"LB-LOC-53431","LB","LB-GOV-E147CDE110C1","LB-DIST-05365E53925F","","","53431","حوش النبي","Haouch En-Nabi","","populated-place","33.9339398","36.06209359","national-manifest","C:\xampp\htdocs\projectx\watanybot\packages\lebanese-administrative-authority\authority\sources\arabic\national-village-manifest-clean.csv","","source-reported","accepted","","53431","true","[object Object]"
"LB-LOC-53419","LB","LB-GOV-E147CDE110C1","LB-DIST-05365E53925F","","","53419","حوش الرافقة","Haouch Er-Rafqa","","populated-place","33.91076966","36.03743273","national-manifest","C:\xampp\htdocs\projectx\watanybot\packages\lebanese-administrative-authority\authority\sources\arabic\national-village-manifest-clean.csv","","source-reported","accepted","","53419","true","[object Object]"
"LB-LOC-53433","LB","LB-GOV-E147CDE110C1","LB-DIST-05365E53925F","","","53433","حوش سنيد","Haouch Snaid","","populated-place","33.93327285","36.08626186","national-manifest","C:\xampp\htdocs\projectx\watanybot\packages\lebanese-administrative-authority\authority\sources\arabic\national-village-manifest-clean.csv","","source-reported","accepted","","53433","true","[object Object]"
"LB-LOC-53135","LB","LB-GOV-E147CDE110C1","LB-DIST-05365E53925F","","","53135","حوش تل صفية","Haouch Tall Safiyeh","","populated-place","34.0244525","36.13551512","national-manifest","C:\xampp\htdocs\projectx\watanybot\packages\lebanese-administrative-authority\authority\sources\arabic\national-village-manifest-clean.csv","","source-reported","accepted","","53135","true","[object Object]"
"LB-LOC-53151","LB","LB-GOV-E147CDE110C1","LB-DIST-05365E53925F","","","53151","حوش بردى","Haouche Barada","","populated-place","34.00988702","36.11658901","national-manifest","C:\xampp\htdocs\projectx\watanybot\packages\lebanese-administrative-authority\authority\sources\arabic\national-village-manifest-clean.csv","","source-reported","accepted","","53151","true","[object Object]"
"LB-LOC-53451","LB","LB-GOV-E147CDE110C1","LB-DIST-05365E53925F","","","53451","حور تعلا","Haour Taala","","populated-place","33.90969524","36.16301672","national-manifest","C:\xampp\htdocs\projectx\watanybot\packages\lebanese-administrative-authority\authority\sources\arabic\national-village-manifest-clean.csv","","source-reported","accepted","","53451","true","[object Object]"
"LB-LOC-53264","LB","LB-GOV-E147CDE110C1","LB-DIST-05365E53925F","","","53264","حربتا","Harabta","","populated-place","34.21230335","36.26612568","national-manifest","C:\xampp\htdocs\projectx\watanybot\packages\lebanese-administrative-authority\authority\sources\arabic\national-village-manifest-clean.csv","","source-reported","accepted","","53264","true","[object Object]"
"LB-LOC-53441","LB","LB-GOV-E147CDE110C1","LB-DIST-05365E53925F","","","53441","حزين","Hizzine","","populated-place","33.9689175","36.09508413","national-manifest","C:\xampp\htdocs\projectx\watanybot\packages\lebanese-administrative-authority\authority\sources\arabic\national-village-manifest-clean.csv","","source-reported","accepted","","53441","true","[object Object]"
"LB-LOC-53123","LB","LB-GOV-E147CDE110C1","LB-DIST-05365E53925F","","","53123","ايعات","Iaat","","populated-place","34.05661509","36.15714976","national-manifest","C:\xampp\htdocs\projectx\watanybot\packages\lebanese-administrative-authority\authority\sources\arabic\national-village-manifest-clean.csv","","source-reported","accepted","","53123","true","[object Object]"
"LB-LOC-53171","LB","LB-GOV-E147CDE110C1","LB-DIST-05365E53925F","","","53171","جبعا","Jebaa","","populated-place","34.02267796","36.02138445","national-manifest","C:\xampp\htdocs\projectx\watanybot\packages\lebanese-administrative-authority\authority\sources\arabic\national-village-manifest-clean.csv","","source-reported","accepted","","53171","true","[object Object]"
"LB-LOC-53447","LB","LB-GOV-E147CDE110C1","LB-DIST-05365E53925F","","","53447","جنتا","Jenta","","populated-place","33.83722266","36.09737448","national-manifest","C:\xampp\htdocs\projectx\watanybot\packages\lebanese-administrative-authority\authority\sources\arabic\national-village-manifest-clean.csv","","source-reported","accepted","","53447","true","[object Object]"
"LB-LOC-53427","LB","LB-GOV-E147CDE110C1","LB-DIST-05365E53925F","","","53427","كفر دبش","Kfar Dabach","","populated-place","33.93932723","36.03857246","national-manifest","C:\xampp\htdocs\projectx\watanybot\packages\lebanese-administrative-authority\authority\sources\arabic\national-village-manifest-clean.csv","","source-reported","accepted","","53427","true","[object Object]"
"LB-LOC-53179","LB","LB-GOV-E147CDE110C1","LB-DIST-05365E53925F","","","53179","كفر دان","Kfar Dane","","populated-place","34.02067728","36.05140983","national-manifest","C:\xampp\htdocs\projectx\watanybot\packages\lebanese-administrative-authority\authority\sources\arabic\national-village-manifest-clean.csv","","source-reported","accepted","","53179","true","[object Object]"
"LB-LOC-54175","LB","LB-GOV-E147CDE110C1","LB-DIST-05365E53925F","","","54175","الخرائب","Kharayeb El-Hermel","","populated-place","34.23731007","36.28872207","national-manifest","C:\xampp\htdocs\projectx\watanybot\packages\lebanese-administrative-authority\authority\sources\arabic\national-village-manifest-clean.csv","","source-reported","accepted","","54175","true","[object Object]"
"LB-LOC-53443","LB","LB-GOV-E147CDE110C1","LB-DIST-05365E53925F","","","53443","خضر","Khodr Baalbek","","populated-place","33.90822214","36.12021304","national-manifest","C:\xampp\htdocs\projectx\watanybot\packages\lebanese-administrative-authority\authority\sources\arabic\national-village-manifest-clean.csv","","source-reported","accepted","","53443","true","[object Object]"
"LB-LOC-53455","LB","LB-GOV-E147CDE110C1","LB-DIST-05365E53925F","","","53455","خريبة","Khreibet Baalbek","","populated-place","33.87645226","36.16658683","national-manifest","C:\xampp\htdocs\projectx\watanybot\packages\lebanese-administrative-authority\authority\sources\arabic\national-village-manifest-clean.csv","","source-reported","accepted","","53455","true","[object Object]"
"LB-LOC-53322","LB","LB-GOV-E147CDE110C1","LB-DIST-05365E53925F","","","53322","كنيسة","Kneisset Baalbek","","populated-place","34.12309887","36.18132516","national-manifest","C:\xampp\htdocs\projectx\watanybot\packages\lebanese-administrative-authority\authority\sources\arabic\national-village-manifest-clean.csv","","source-reported","accepted","","53322","true","[object Object]"
"LB-LOC-53234","LB","LB-GOV-E147CDE110C1","LB-DIST-05365E53925F","","","53234","لبوة","Laboueh","","populated-place","34.19223997","36.34823387","national-manifest","C:\xampp\htdocs\projectx\watanybot\packages\lebanese-administrative-authority\authority\sources\arabic\national-village-manifest-clean.csv","","source-reported","accepted","","53234","true","[object Object]"
"LB-LOC-53461","LB","LB-GOV-E147CDE110C1","LB-DIST-05365E53925F","","","53461","معربون","Maaraboun","","populated-place","33.84926151","36.19283709","national-manifest","C:\xampp\htdocs\projectx\watanybot\packages\lebanese-administrative-authority\authority\sources\arabic\national-village-manifest-clean.csv","","source-reported","accepted","","53461","true","[object Object]"
"LB-LOC-53147","LB","LB-GOV-E147CDE110C1","LB-DIST-05365E53925F","","","53147","مجدلون","Majdaloun","","populated-place","33.99195023","36.11762781","national-manifest","C:\xampp\htdocs\projectx\watanybot\packages\lebanese-administrative-authority\authority\sources\arabic\national-village-manifest-clean.csv","","source-reported","accepted","","53147","true","[object Object]"
"LB-LOC-53155","LB","LB-GOV-E147CDE110C1","LB-DIST-05365E53925F","","","53155","مقنة","Maqneh","","populated-place","34.07715217","36.20131272","national-manifest","C:\xampp\htdocs\projectx\watanybot\packages\lebanese-administrative-authority\authority\sources\arabic\national-village-manifest-clean.csv","","source-reported","accepted","","53155","true","[object Object]"
"LB-LOC-53457","LB","LB-GOV-E147CDE110C1","LB-DIST-05365E53925F","","","53457","مزرعة بيت مشيك","Mazraat beit Mchaik","","populated-place","34.05985733","35.98932628","national-manifest","C:\xampp\htdocs\projectx\watanybot\packages\lebanese-administrative-authority\authority\sources\arabic\national-village-manifest-clean.csv","","source-reported","accepted","","53457","true","[object Object]"
"LB-LOC-53251","LB","LB-GOV-E147CDE110C1","LB-DIST-05365E53925F","","","53251","المقرق","Moqraq","","populated-place","34.15927612","36.33245241","national-manifest","C:\xampp\htdocs\projectx\watanybot\packages\lebanese-administrative-authority\authority\sources\arabic\national-village-manifest-clean.csv","","source-reported","accepted","","53251","true","[object Object]"
"LB-LOC-53421","LB","LB-GOV-E147CDE110C1","LB-DIST-05365E53925F","","","53421","مطحنة مصراية","Mousrayeh","","populated-place","33.91236008","36.05393376","national-manifest","C:\xampp\htdocs\projectx\watanybot\packages\lebanese-administrative-authority\authority\sources\arabic\national-village-manifest-clean.csv","","source-reported","accepted","","53421","true","[object Object]"
"LB-LOC-53271","LB","LB-GOV-E147CDE110C1","LB-DIST-05365E53925F","","","53271","نبحا","Nabha Ed-Damdoum","","populated-place","34.22035977","36.14166246","national-manifest","C:\xampp\htdocs\projectx\watanybot\packages\lebanese-administrative-authority\authority\sources\arabic\national-village-manifest-clean.csv","","source-reported","accepted","","53271","true","[object Object]"
"LB-LOC-53471","LB","LB-GOV-E147CDE110C1","LB-DIST-05365E53925F","","","53471","النبي سباط","Nabi Chbay","","populated-place","33.93470553","36.23411742","national-manifest","C:\xampp\htdocs\projectx\watanybot\packages\lebanese-administrative-authority\authority\sources\arabic\national-village-manifest-clean.csv","","source-reported","accepted","","53471","true","[object Object]"
"LB-LOC-53445","LB","LB-GOV-E147CDE110C1","LB-DIST-05365E53925F","","","53445","نبي شيت","Nabi Chit","","populated-place","33.89033426","36.11741514","national-manifest","C:\xampp\htdocs\projectx\watanybot\packages\lebanese-administrative-authority\authority\sources\arabic\national-village-manifest-clean.csv","","source-reported","accepted","","53445","true","[object Object]"
"LB-LOC-53224","LB","LB-GOV-E147CDE110C1","LB-DIST-05365E53925F","","","53224","نبي عثمان","Nabi Osmane","","populated-place","34.21535147","36.3604347","national-manifest","C:\xampp\htdocs\projectx\watanybot\packages\lebanese-administrative-authority\authority\sources\arabic\national-village-manifest-clean.csv","","source-reported","accepted","","53224","true","[object Object]"
"LB-LOC-53143","LB","LB-GOV-E147CDE110C1","LB-DIST-05365E53925F","","","53143","نحله","Nahleh baalbek","","populated-place","34.05600287","36.34726224","national-manifest","C:\xampp\htdocs\projectx\watanybot\packages\lebanese-administrative-authority\authority\sources\arabic\national-village-manifest-clean.csv","","source-reported","accepted","","53143","true","[object Object]"
"LB-LOC-54183","LB","LB-GOV-E147CDE110C1","LB-DIST-05365E53925F","","","54183","وادي القصص","Ouadi El-Aaoss","","populated-place","34.24581411","36.24440451","national-manifest","C:\xampp\htdocs\projectx\watanybot\packages\lebanese-administrative-authority\authority\sources\arabic\national-village-manifest-clean.csv","","source-reported","accepted","","54183","true","[object Object]"
"LB-LOC-53241","LB","LB-GOV-E147CDE110C1","LB-DIST-05365E53925F","","","53241","القاع","Qaa Baalbek","","populated-place","34.33486368","36.45791599","national-manifest","C:\xampp\htdocs\projectx\watanybot\packages\lebanese-administrative-authority\authority\sources\arabic\national-village-manifest-clean.csv","","source-reported","accepted","","53241","true","[object Object]"
"LB-LOC-53257","LB","LB-GOV-E147CDE110C1","LB-DIST-05365E53925F","","","53257","قاع بعيون","Qaa Baayoun","","populated-place","34.3394112","36.51351308","national-manifest","C:\xampp\htdocs\projectx\watanybot\packages\lebanese-administrative-authority\authority\sources\arabic\national-village-manifest-clean.csv","","source-reported","accepted","","53257","true","[object Object]"
"LB-LOC-53267","LB","LB-GOV-E147CDE110C1","LB-DIST-05365E53925F","","","53267","قاع جوار مكية","Qaa Jouar Maqiyé","","populated-place","34.38682098","36.51244986","national-manifest","C:\xampp\htdocs\projectx\watanybot\packages\lebanese-administrative-authority\authority\sources\arabic\national-village-manifest-clean.csv","","source-reported","accepted","","53267","true","[object Object]"
"LB-LOC-53254","LB","LB-GOV-E147CDE110C1","LB-DIST-05365E53925F","","","53254","قاع وادي الخنزير","Qaa Ouadi El-Khanzir","","populated-place","34.38609759","36.45880094","national-manifest","C:\xampp\htdocs\projectx\watanybot\packages\lebanese-administrative-authority\authority\sources\arabic\national-village-manifest-clean.csv","","source-reported","accepted","","53254","true","[object Object]"
"LB-LOC-53277","LB","LB-GOV-E147CDE110C1","LB-DIST-05365E53925F","","","53277","قرحا","Qarha Baalbek","","populated-place","34.16582549","36.20951401","national-manifest","C:\xampp\htdocs\projectx\watanybot\packages\lebanese-administrative-authority\authority\sources\arabic\national-village-manifest-clean.csv","","source-reported","accepted","","53277","true","[object Object]"
"LB-LOC-53413","LB","LB-GOV-E147CDE110C1","LB-DIST-05365E53925F","","","53413","قصرنابا","Qsarnaba","","populated-place","33.90655847","35.99521716","national-manifest","C:\xampp\htdocs\projectx\watanybot\packages\lebanese-administrative-authority\authority\sources\arabic\national-village-manifest-clean.csv","","source-reported","accepted","","53413","true","[object Object]"
"LB-LOC-53281","LB","LB-GOV-E147CDE110C1","LB-DIST-05365E53925F","","","53281","الرام","Ram Baalbek","","populated-place","34.17544673","36.17591599","national-manifest","C:\xampp\htdocs\projectx\watanybot\packages\lebanese-administrative-authority\authority\sources\arabic\national-village-manifest-clean.csv","","source-reported","accepted","","53281","true","[object Object]"
"LB-LOC-53227","LB","LB-GOV-E147CDE110C1","LB-DIST-05365E53925F","","","53227","راس بعلبك الشرقي","Ras Baalbek Ech-Charqi","","populated-place","34.2584902","36.49085496","national-manifest","C:\xampp\htdocs\projectx\watanybot\packages\lebanese-administrative-authority\authority\sources\arabic\national-village-manifest-clean.csv","","source-reported","accepted","","53227","true","[object Object]"
"LB-LOC-53211","LB","LB-GOV-E147CDE110C1","LB-DIST-05365E53925F","","","53211","راس بعلبك","Ras Baalbek Es-Sahel","","populated-place","34.29537446","36.41604014","national-manifest","C:\xampp\htdocs\projectx\watanybot\packages\lebanese-administrative-authority\authority\sources\arabic\national-village-manifest-clean.csv","","source-reported","accepted","","53211","true","[object Object]"
"LB-LOC-53355","LB","LB-GOV-E147CDE110C1","LB-DIST-05365E53925F","","","53355","ريحا","Riha","","populated-place","34.13494946","36.22035049","national-manifest","C:\xampp\htdocs\projectx\watanybot\packages\lebanese-administrative-authority\authority\sources\arabic\national-village-manifest-clean.csv","","source-reported","accepted","","53355","true","[object Object]"
"LB-LOC-53167","LB","LB-GOV-E147CDE110C1","LB-DIST-05365E53925F","","","53167","سعيدة","Saaideh","","populated-place","34.02493673","36.07601114","national-manifest","C:\xampp\htdocs\projectx\watanybot\packages\lebanese-administrative-authority\authority\sources\arabic\national-village-manifest-clean.csv","","source-reported","accepted","","53167","true","[object Object]"
"LB-LOC-53261","LB","LB-GOV-E147CDE110C1","LB-DIST-05365E53925F","","","53261","صبوبا","Sbouba","","populated-place","34.22341866","36.28711619","national-manifest","C:\xampp\htdocs\projectx\watanybot\packages\lebanese-administrative-authority\authority\sources\arabic\national-village-manifest-clean.csv","","source-reported","accepted","","53261","true","[object Object]"
"LB-LOC-53437","LB","LB-GOV-E147CDE110C1","LB-DIST-05365E53925F","","","53437","سرعين التحتا","Serraaine Et-Tahta","","populated-place","33.89000391","36.06714548","national-manifest","C:\xampp\htdocs\projectx\watanybot\packages\lebanese-administrative-authority\authority\sources\arabic\national-village-manifest-clean.csv","","source-reported","accepted","","53437","true","[object Object]"
"LB-LOC-53423","LB","LB-GOV-E147CDE110C1","LB-DIST-05365E53925F","","","53423","سلوقي","Slouqi","","populated-place","33.97271283","35.91916773","national-manifest","C:\xampp\htdocs\projectx\watanybot\packages\lebanese-administrative-authority\authority\sources\arabic\national-village-manifest-clean.csv","","source-reported","accepted","","53423","true","[object Object]"
"LB-LOC-53139","LB","LB-GOV-E147CDE110C1","LB-DIST-05365E53925F","","","53139","طيبة بعلبك","Taibet Baalbek","","populated-place","33.9630524","36.13765317","national-manifest","C:\xampp\htdocs\projectx\watanybot\packages\lebanese-administrative-authority\authority\sources\arabic\national-village-manifest-clean.csv","","source-reported","accepted","","53139","true","[object Object]"
"LB-LOC-53439","LB","LB-GOV-E147CDE110C1","LB-DIST-05365E53925F","","","53439","طليا","Talia","","populated-place","33.94230214","36.09460031","national-manifest","C:\xampp\htdocs\projectx\watanybot\packages\lebanese-administrative-authority\authority\sources\arabic\national-village-manifest-clean.csv","","source-reported","accepted","","53439","true","[object Object]"
"LB-LOC-53435","LB","LB-GOV-E147CDE110C1","LB-DIST-05365E53925F","","","53435","طاريا","Taraiya","","populated-place","33.98920882","35.98362493","national-manifest","C:\xampp\htdocs\projectx\watanybot\packages\lebanese-administrative-authority\authority\sources\arabic\national-village-manifest-clean.csv","","source-reported","accepted","","53435","true","[object Object]"
"LB-LOC-53415","LB","LB-GOV-E147CDE110C1","LB-DIST-05365E53925F","","","53415","تمنين الفوقا","Temnine El-Faouqa","","populated-place","33.91106634","35.97128357","national-manifest","C:\xampp\htdocs\projectx\watanybot\packages\lebanese-administrative-authority\authority\sources\arabic\national-village-manifest-clean.csv","","source-reported","accepted","","53415","true","[object Object]"
"LB-LOC-53425","LB","LB-GOV-E147CDE110C1","LB-DIST-05365E53925F","","","53425","تمنين التحتا","Temnine Et-Tahta","","populated-place","33.87607401","36.00387435","national-manifest","C:\xampp\htdocs\projectx\watanybot\packages\lebanese-administrative-authority\authority\sources\arabic\national-village-manifest-clean.csv","","source-reported","accepted","","53425","true","[object Object]"
"LB-LOC-53475","LB","LB-GOV-E147CDE110C1","LB-DIST-05365E53925F","","","53475","طفيل","Tfail","","populated-place","33.8582872","36.35905533","national-manifest","C:\xampp\htdocs\projectx\watanybot\packages\lebanese-administrative-authority\authority\sources\arabic\national-village-manifest-clean.csv","","source-reported","accepted","","53475","true","[object Object]"
"LB-LOC-53449","LB","LB-GOV-E147CDE110C1","LB-DIST-05365E53925F","","","53449","يحفوفا","Yahfoufa","","populated-place","33.85397239","36.13091195","national-manifest","C:\xampp\htdocs\projectx\watanybot\packages\lebanese-administrative-authority\authority\sources\arabic\national-village-manifest-clean.csv","","source-reported","accepted","","53449","true","[object Object]"
"LB-LOC-53388","LB","LB-GOV-E147CDE110C1","LB-DIST-05365E53925F","","","53388","يمونة","Yammouneh","","populated-place","34.12890059","36.04496027","national-manifest","C:\xampp\htdocs\projectx\watanybot\packages\lebanese-administrative-authority\authority\sources\arabic\national-village-manifest-clean.csv","","source-reported","accepted","","53388","true","[object Object]"
"LB-LOC-53284","LB","LB-GOV-E147CDE110C1","LB-DIST-05365E53925F","","","53284","يونين","Youmine","","populated-place","34.10841514","36.28235965","national-manifest","C:\xampp\htdocs\projectx\watanybot\packages\lebanese-administrative-authority\authority\sources\arabic\national-village-manifest-clean.csv","","source-reported","accepted","","53284","true","[object Object]"
"LB-LOC-53237","LB","LB-GOV-E147CDE110C1","LB-DIST-05365E53925F","","","53237","زبود","Zabboud","","populated-place","34.23762429","36.31915295","national-manifest","C:\xampp\htdocs\projectx\watanybot\packages\lebanese-administrative-authority\authority\sources\arabic\national-village-manifest-clean.csv","","source-reported","accepted","","53237","true","[object Object]"
"LB-LOC-54127","LB","LB-GOV-E147CDE110C1","LB-DIST-9FFB8D778C3B","","","54127","شربين","Charbine El-Hermel","","populated-place","34.45837539","36.32005843","national-manifest","C:\xampp\htdocs\projectx\watanybot\packages\lebanese-administrative-authority\authority\sources\arabic\national-village-manifest-clean.csv","","source-reported","accepted","","54127","true","[object Object]"
"LB-LOC-54111","LB","LB-GOV-E147CDE110C1","LB-DIST-9FFB8D778C3B","","","54111","هرمل","Hermel","","populated-place","34.4162615","36.41553835","national-manifest","C:\xampp\htdocs\projectx\watanybot\packages\lebanese-administrative-authority\authority\sources\arabic\national-village-manifest-clean.csv","","source-reported","accepted","","54111","true","[object Object]"
"LB-LOC-54159","LB","LB-GOV-E147CDE110C1","LB-DIST-9FFB8D778C3B","","","54159","هرمل جباب","Hermel Jbab","","populated-place","34.34392032","36.22370122","national-manifest","C:\xampp\htdocs\projectx\watanybot\packages\lebanese-administrative-authority\authority\sources\arabic\national-village-manifest-clean.csv","","source-reported","accepted","","54159","true","[object Object]"
"LB-LOC-54167","LB","LB-GOV-E147CDE110C1","LB-DIST-9FFB8D778C3B","","","54167","معيصرة","Maaysra El-Hermel","","populated-place","34.27216622","36.28847107","national-manifest","C:\xampp\htdocs\projectx\watanybot\packages\lebanese-administrative-authority\authority\sources\arabic\national-village-manifest-clean.csv","","source-reported","accepted","","54167","true","[object Object]"
"LB-LOC-54114","LB","LB-GOV-E147CDE110C1","LB-DIST-9FFB8D778C3B","","","54114","سويدية","Michaa Mrajhineh","","populated-place","34.41255486","36.19973875","national-manifest","C:\xampp\htdocs\projectx\watanybot\packages\lebanese-administrative-authority\authority\sources\arabic\national-village-manifest-clean.csv","","source-reported","accepted","","54114","true","[object Object]"
"LB-LOC-54151","LB","LB-GOV-E147CDE110C1","LB-DIST-9FFB8D778C3B","","","54151","وادي فعرا","Ouadi Faara","","populated-place","34.28019456","36.25228688","national-manifest","C:\xampp\htdocs\projectx\watanybot\packages\lebanese-administrative-authority\authority\sources\arabic\national-village-manifest-clean.csv","","source-reported","accepted","","54151","true","[object Object]"
"LB-LOC-54135","LB","LB-GOV-E147CDE110C1","LB-DIST-9FFB8D778C3B","","","54135","راس بعلبك الغربي","Ras Baalbek El Gharbi","","populated-place","34.3097844","36.26480458","national-manifest","C:\xampp\htdocs\projectx\watanybot\packages\lebanese-administrative-authority\authority\sources\arabic\national-village-manifest-clean.csv","","source-reported","accepted","","54135","true","[object Object]"
"LB-LOC-54143","LB","LB-GOV-E147CDE110C1","LB-DIST-9FFB8D778C3B","","","54143","راس بعلبك وادي فعرا","Ras Baalbek Ouadi Faara","","populated-place","34.29938022","36.34744617","national-manifest","C:\xampp\htdocs\projectx\watanybot\packages\lebanese-administrative-authority\authority\sources\arabic\national-village-manifest-clean.csv","","source-reported","accepted","","54143","true","[object Object]"
"LB-LOC-54119","LB","LB-GOV-E147CDE110C1","LB-DIST-9FFB8D778C3B","","","54119","زغرين","Zighrine","","populated-place","34.38611536","36.31204195","national-manifest","C:\xampp\htdocs\projectx\watanybot\packages\lebanese-administrative-authority\authority\sources\arabic\national-village-manifest-clean.csv","","source-reported","accepted","","54119","true","[object Object]"
"LB-LOC-10650","LB","LB-GOV-0B663FD45FF5","LB-DIST-E4C306B8B0BB","","","10650","الاشرفية","Achrafieh","","populated-place","33.88426562","35.52113167","national-manifest","C:\xampp\htdocs\projectx\watanybot\packages\lebanese-administrative-authority\authority\sources\arabic\national-village-manifest-clean.csv","","source-reported","accepted","","10650","true","[object Object]"
"LB-LOC-10110","LB","LB-GOV-0B663FD45FF5","LB-DIST-E4C306B8B0BB","","","10110","عين المريسه","Ain el-Mreisseh","","populated-place","33.89916066","35.47483536","national-manifest","C:\xampp\htdocs\projectx\watanybot\packages\lebanese-administrative-authority\authority\sources\arabic\national-village-manifest-clean.csv","","source-reported","accepted","","10110","true","[object Object]"
"LB-LOC-10350","LB","LB-GOV-0B663FD45FF5","LB-DIST-E4C306B8B0BB","","","10350","باشورة","Bachoura","","populated-place","33.89031715","35.50391804","national-manifest","C:\xampp\htdocs\projectx\watanybot\packages\lebanese-administrative-authority\authority\sources\arabic\national-village-manifest-clean.csv","","source-reported","accepted","","10350","true","[object Object]"
"LB-LOC-10999","LB","LB-GOV-0B663FD45FF5","LB-DIST-E4C306B8B0BB","","","10999","وسط بيروت","Beirut Central District","","populated-place","33.90799262","35.52191979","national-manifest","C:\xampp\htdocs\projectx\watanybot\packages\lebanese-administrative-authority\authority\sources\arabic\national-village-manifest-clean.csv","","source-reported","accepted","","10999","true","[object Object]"
"LB-LOC-10450","LB","LB-GOV-0B663FD45FF5","LB-DIST-E4C306B8B0BB","","","10450","مرفأ","Marfaa","","populated-place","33.89950518","35.51162009","national-manifest","C:\xampp\htdocs\projectx\watanybot\packages\lebanese-administrative-authority\authority\sources\arabic\national-village-manifest-clean.csv","","source-reported","accepted","","10450","true","[object Object]"
"LB-LOC-10310","LB","LB-GOV-0B663FD45FF5","LB-DIST-E4C306B8B0BB","","","10310","المزرعة","Mazraa","","populated-place","33.87444831","35.50674399","national-manifest","C:\xampp\htdocs\projectx\watanybot\packages\lebanese-administrative-authority\authority\sources\arabic\national-village-manifest-clean.csv","","source-reported","accepted","","10310","true","[object Object]"
"LB-LOC-10610","LB","LB-GOV-0B663FD45FF5","LB-DIST-E4C306B8B0BB","","","10610","مدور","Medawar","","populated-place","33.90192198","35.53029396","national-manifest","C:\xampp\htdocs\projectx\watanybot\packages\lebanese-administrative-authority\authority\sources\arabic\national-village-manifest-clean.csv","","source-reported","accepted","","10610","true","[object Object]"
"LB-LOC-10250","LB","LB-GOV-0B663FD45FF5","LB-DIST-E4C306B8B0BB","","","10250","مينا الحصن","Minet el-Hosn","","populated-place","33.90042644","35.49633758","national-manifest","C:\xampp\htdocs\projectx\watanybot\packages\lebanese-administrative-authority\authority\sources\arabic\national-village-manifest-clean.csv","","source-reported","accepted","","10250","true","[object Object]"
"LB-LOC-10210","LB","LB-GOV-0B663FD45FF5","LB-DIST-E4C306B8B0BB","","","10210","مصيطبة","Moussaytbeh","","populated-place","33.88159006","35.48821684","national-manifest","C:\xampp\htdocs\projectx\watanybot\packages\lebanese-administrative-authority\authority\sources\arabic\national-village-manifest-clean.csv","","source-reported","accepted","","10210","true","[object Object]"
"LB-LOC-10150","LB","LB-GOV-0B663FD45FF5","LB-DIST-E4C306B8B0BB","","","10150","راس بيروت","Ras Beyrouth","","populated-place","33.89083207","35.47784863","national-manifest","C:\xampp\htdocs\projectx\watanybot\packages\lebanese-administrative-authority\authority\sources\arabic\national-village-manifest-clean.csv","","source-reported","accepted","","10150","true","[object Object]"
"LB-LOC-10550","LB","LB-GOV-0B663FD45FF5","LB-DIST-E4C306B8B0BB","","","10550","رميل","Remeil","","populated-place","33.89447514","35.52357541","national-manifest","C:\xampp\htdocs\projectx\watanybot\packages\lebanese-administrative-authority\authority\sources\arabic\national-village-manifest-clean.csv","","source-reported","accepted","","10550","true","[object Object]"
"LB-LOC-10510","LB","LB-GOV-0B663FD45FF5","LB-DIST-E4C306B8B0BB","","","10510","صيفي","Saifeh","","populated-place","33.89261907","35.50898343","national-manifest","C:\xampp\htdocs\projectx\watanybot\packages\lebanese-administrative-authority\authority\sources\arabic\national-village-manifest-clean.csv","","source-reported","accepted","","10510","true","[object Object]"
"LB-LOC-10410","LB","LB-GOV-0B663FD45FF5","LB-DIST-E4C306B8B0BB","","","10410","زقاق البلاط","Zoukak el-Blatt","","populated-place","33.8931518","35.49902581","national-manifest","C:\xampp\htdocs\projectx\watanybot\packages\lebanese-administrative-authority\authority\sources\arabic\national-village-manifest-clean.csv","","source-reported","accepted","","10410","true","[object Object]"
"LB-LOC-55167","LB","LB-GOV-7B1E9DBA436A","LB-DIST-2985765BD3F8","","","55167","عين عرب","Aain Aarab Rachaiya","","populated-place","33.57715063","35.88320812","national-manifest","C:\xampp\htdocs\projectx\watanybot\packages\lebanese-administrative-authority\authority\sources\arabic\national-village-manifest-clean.csv","","source-reported","accepted","","55167","true","[object Object]"
"LB-LOC-55171","LB","LB-GOV-7B1E9DBA436A","LB-DIST-2985765BD3F8","","","55171","عين عطا","Aain Aata","","populated-place","33.43926878","35.78028383","national-manifest","C:\xampp\htdocs\projectx\watanybot\packages\lebanese-administrative-authority\authority\sources\arabic\national-village-manifest-clean.csv","","source-reported","accepted","","55171","true","[object Object]"
"LB-LOC-55147","LB","LB-GOV-7B1E9DBA436A","LB-DIST-2985765BD3F8","","","55147","عين حرشة","Aain Rouha","","populated-place","33.4615293","35.77972149","national-manifest","C:\xampp\htdocs\projectx\watanybot\packages\lebanese-administrative-authority\authority\sources\arabic\national-village-manifest-clean.csv","","source-reported","accepted","","55147","true","[object Object]"
"LB-LOC-55114","LB","LB-GOV-7B1E9DBA436A","LB-DIST-2985765BD3F8","","","55114","عقبة راشيّا","Aaqabet Rachaya","","populated-place","33.51184065","35.80893426","national-manifest","C:\xampp\htdocs\projectx\watanybot\packages\lebanese-administrative-authority\authority\sources\arabic\national-village-manifest-clean.csv","","source-reported","accepted","","55114","true","[object Object]"
"LB-LOC-55117","LB","LB-GOV-7B1E9DBA436A","LB-DIST-2985765BD3F8","","","55117","عيحا","Aayha","","populated-place","33.48438379","35.90597013","national-manifest","C:\xampp\htdocs\projectx\watanybot\packages\lebanese-administrative-authority\authority\sources\arabic\national-village-manifest-clean.csv","","source-reported","accepted","","55117","true","[object Object]"
"LB-LOC-55194","LB","LB-GOV-7B1E9DBA436A","LB-DIST-2985765BD3F8","","","55194","عيتا الفخار","Aayta El-Foukhar","","populated-place","33.65039064","35.92116813","national-manifest","C:\xampp\htdocs\projectx\watanybot\packages\lebanese-administrative-authority\authority\sources\arabic\national-village-manifest-clean.csv","","source-reported","accepted","","55194","true","[object Object]"
"LB-LOC-55177","LB","LB-GOV-7B1E9DBA436A","LB-DIST-2985765BD3F8","","","55177","بكا","Bakka","","populated-place","33.6007692","35.92597942","national-manifest","C:\xampp\htdocs\projectx\watanybot\packages\lebanese-administrative-authority\authority\sources\arabic\national-village-manifest-clean.csv","","source-reported","accepted","","55177","true","[object Object]"
"LB-LOC-55121","LB","LB-GOV-7B1E9DBA436A","LB-DIST-2985765BD3F8","","","55121","بكيفا راشيا","Bakkifac Rachaya","","populated-place","33.48865614","35.81785938","national-manifest","C:\xampp\htdocs\projectx\watanybot\packages\lebanese-administrative-authority\authority\sources\arabic\national-village-manifest-clean.csv","","source-reported","accepted","","55121","true","[object Object]"
"LB-LOC-55127","LB","LB-GOV-7B1E9DBA436A","LB-DIST-2985765BD3F8","","","55127","بيت لهيا","Beit Lahia","","populated-place","33.48578653","35.79068983","national-manifest","C:\xampp\htdocs\projectx\watanybot\packages\lebanese-administrative-authority\authority\sources\arabic\national-village-manifest-clean.csv","","source-reported","accepted","","55127","true","[object Object]"
"LB-LOC-55164","LB","LB-GOV-7B1E9DBA436A","LB-DIST-2985765BD3F8","","","55164","بيرة راشّيا","Biret Rachaiya","","populated-place","33.6024033","35.83931131","national-manifest","C:\xampp\htdocs\projectx\watanybot\packages\lebanese-administrative-authority\authority\sources\arabic\national-village-manifest-clean.csv","","source-reported","accepted","","55164","true","[object Object]"
"LB-LOC-55124","LB","LB-GOV-7B1E9DBA436A","LB-DIST-2985765BD3F8","","","55124","ضهر الاحمر","Dahr El-Ahmar","","populated-place","33.53702153","35.8420335","national-manifest","C:\xampp\htdocs\projectx\watanybot\packages\lebanese-administrative-authority\authority\sources\arabic\national-village-manifest-clean.csv","","source-reported","accepted","","55124","true","[object Object]"
"LB-LOC-55187","LB","LB-GOV-7B1E9DBA436A","LB-DIST-2985765BD3F8","","","55187","دير العشاير","Deir El-Aachayer","","populated-place","33.55839108","36.00644631","national-manifest","C:\xampp\htdocs\projectx\watanybot\packages\lebanese-administrative-authority\authority\sources\arabic\national-village-manifest-clean.csv","","source-reported","accepted","","55187","true","[object Object]"
"LB-LOC-55161","LB","LB-GOV-7B1E9DBA436A","LB-DIST-2985765BD3F8","","","55161","حوش القنعبة","Haouch El Qinnabeh Rachaiya","","populated-place","33.47649019","35.76364046","national-manifest","C:\xampp\htdocs\projectx\watanybot\packages\lebanese-administrative-authority\authority\sources\arabic\national-village-manifest-clean.csv","","source-reported","accepted","","55161","true","[object Object]"
"LB-LOC-55197","LB","LB-GOV-7B1E9DBA436A","LB-DIST-2985765BD3F8","","","55197","حلوة","Helouet Rachaiya","","populated-place","33.61173541","36.00265289","national-manifest","C:\xampp\htdocs\projectx\watanybot\packages\lebanese-administrative-authority\authority\sources\arabic\national-village-manifest-clean.csv","","source-reported","accepted","","55197","true","[object Object]"
"LB-LOC-55144","LB","LB-GOV-7B1E9DBA436A","LB-DIST-2985765BD3F8","","","55144","كوكبا","Kaoukaba Bou Arab","","populated-place","33.53645513","35.77764059","national-manifest","C:\xampp\htdocs\projectx\watanybot\packages\lebanese-administrative-authority\authority\sources\arabic\national-village-manifest-clean.csv","","source-reported","accepted","","55144","true","[object Object]"
"LB-LOC-55137","LB","LB-GOV-7B1E9DBA436A","LB-DIST-2985765BD3F8","","","55137","كفر دنيس","Kfar Denis","","populated-place","33.55348338","35.85509493","national-manifest","C:\xampp\htdocs\projectx\watanybot\packages\lebanese-administrative-authority\authority\sources\arabic\national-village-manifest-clean.csv","","source-reported","accepted","","55137","true","[object Object]"
"LB-LOC-55154","LB","LB-GOV-7B1E9DBA436A","LB-DIST-2985765BD3F8","","","55154","كفر مشكي","Kfar Lichki","","populated-place","33.50952517","35.76943452","national-manifest","C:\xampp\htdocs\projectx\watanybot\packages\lebanese-administrative-authority\authority\sources\arabic\national-village-manifest-clean.csv","","source-reported","accepted","","55154","true","[object Object]"
"LB-LOC-55134","LB","LB-GOV-7B1E9DBA436A","LB-DIST-2985765BD3F8","","","55134","كفرقوق","Kfar Qouq","","populated-place","33.54815111","35.92118025","national-manifest","C:\xampp\htdocs\projectx\watanybot\packages\lebanese-administrative-authority\authority\sources\arabic\national-village-manifest-clean.csv","","source-reported","accepted","","55134","true","[object Object]"
"LB-LOC-55151","LB","LB-GOV-7B1E9DBA436A","LB-DIST-2985765BD3F8","","","55151","خربة روحا","Khirbet Rouha","","populated-place","33.57823286","35.84824708","national-manifest","C:\xampp\htdocs\projectx\watanybot\packages\lebanese-administrative-authority\authority\sources\arabic\national-village-manifest-clean.csv","","source-reported","accepted","","55151","true","[object Object]"
"LB-LOC-55174","LB","LB-GOV-7B1E9DBA436A","LB-DIST-2985765BD3F8","","","55174","مجدل بلهيص","Majdel Balhis","","populated-place","33.53990692","35.73001881","national-manifest","C:\xampp\htdocs\projectx\watanybot\packages\lebanese-administrative-authority\authority\sources\arabic\national-village-manifest-clean.csv","","source-reported","accepted","","55174","true","[object Object]"
"LB-LOC-55181","LB","LB-GOV-7B1E9DBA436A","LB-DIST-2985765BD3F8","","","55181","مدوخا","Mdoukha","","populated-place","33.60670648","35.87838432","national-manifest","C:\xampp\htdocs\projectx\watanybot\packages\lebanese-administrative-authority\authority\sources\arabic\national-village-manifest-clean.csv","","source-reported","accepted","","55181","true","[object Object]"
"LB-LOC-55141","LB","LB-GOV-7B1E9DBA436A","LB-DIST-2985765BD3F8","","","55141","محيدثه","Mhaiydseh Rachaiya","","populated-place","33.56198466","35.79180167","national-manifest","C:\xampp\htdocs\projectx\watanybot\packages\lebanese-administrative-authority\authority\sources\arabic\national-village-manifest-clean.csv","","source-reported","accepted","","55141","true","[object Object]"
"LB-LOC-55199","LB","LB-GOV-7B1E9DBA436A","LB-DIST-2985765BD3F8","","","55199","نبي صفا","Nabi Safa","","populated-place","33.49673295","35.74211127","national-manifest","C:\xampp\htdocs\projectx\watanybot\packages\lebanese-administrative-authority\authority\sources\arabic\national-village-manifest-clean.csv","","source-reported","accepted","","55199","true","[object Object]"
"LB-LOC-55111","LB","LB-GOV-7B1E9DBA436A","LB-DIST-2985765BD3F8","","","55111","راشيّا الوادي","Rachaiya","","populated-place","33.48063185","35.84794667","national-manifest","C:\xampp\htdocs\projectx\watanybot\packages\lebanese-administrative-authority\authority\sources\arabic\national-village-manifest-clean.csv","","source-reported","accepted","","55111","true","[object Object]"
"LB-LOC-55157","LB","LB-GOV-7B1E9DBA436A","LB-DIST-2985765BD3F8","","","55157","الرافد راشيا","Rafid Rachaiya","","populated-place","33.5763089","35.80374957","national-manifest","C:\xampp\htdocs\projectx\watanybot\packages\lebanese-administrative-authority\authority\sources\arabic\national-village-manifest-clean.csv","","source-reported","accepted","","55157","true","[object Object]"
"LB-LOC-55191","LB","LB-GOV-7B1E9DBA436A","LB-DIST-2985765BD3F8","","","55191","مزرعة سلساتا","Selsata (Mazraat Deir El-Aachaiyer)","","populated-place","33.58314677","35.98628736","national-manifest","C:\xampp\htdocs\projectx\watanybot\packages\lebanese-administrative-authority\authority\sources\arabic\national-village-manifest-clean.csv","","source-reported","accepted","","55191","true","[object Object]"
"LB-LOC-55131","LB","LB-GOV-7B1E9DBA436A","LB-DIST-2985765BD3F8","","","55131","تنورة","Tannoura","","populated-place","33.47024865","35.80193136","national-manifest","C:\xampp\htdocs\projectx\watanybot\packages\lebanese-administrative-authority\authority\sources\arabic\national-village-manifest-clean.csv","","source-reported","accepted","","55131","true","[object Object]"
"LB-LOC-55184","LB","LB-GOV-7B1E9DBA436A","LB-DIST-2985765BD3F8","","","55184","ينطا","Yanta","","populated-place","33.60201688","35.96260621","national-manifest","C:\xampp\htdocs\projectx\watanybot\packages\lebanese-administrative-authority\authority\sources\arabic\national-village-manifest-clean.csv","","source-reported","accepted","","55184","true","[object Object]"
"LB-LOC-52116","LB","LB-GOV-7B1E9DBA436A","LB-DIST-8B19B9546D66","","","52116","عين التينة بقاع الغربي","Aain Et-Tineh BG","","populated-place","33.49278219","35.63550787","national-manifest","C:\xampp\htdocs\projectx\watanybot\packages\lebanese-administrative-authority\authority\sources\arabic\national-village-manifest-clean.csv","","source-reported","accepted","","52116","true","[object Object]"
"LB-LOC-52146","LB","LB-GOV-7B1E9DBA436A","LB-DIST-8B19B9546D66","","","52146","عين زبدة","Aain Zebdeh","","populated-place","33.62745411","35.70044567","national-manifest","C:\xampp\htdocs\projectx\watanybot\packages\lebanese-administrative-authority\authority\sources\arabic\national-village-manifest-clean.csv","","source-reported","accepted","","52146","true","[object Object]"
"LB-LOC-52176","LB","LB-GOV-7B1E9DBA436A","LB-DIST-8B19B9546D66","","","52176","عميق","Aammiq BG","","populated-place","33.72442107","35.78903153","national-manifest","C:\xampp\htdocs\projectx\watanybot\packages\lebanese-administrative-authority\authority\sources\arabic\national-village-manifest-clean.csv","","source-reported","accepted","","52176","true","[object Object]"
"LB-LOC-52161","LB","LB-GOV-7B1E9DBA436A","LB-DIST-8B19B9546D66","","","52161","عانا","Aana","","populated-place","33.68133641","35.76800481","national-manifest","C:\xampp\htdocs\projectx\watanybot\packages\lebanese-administrative-authority\authority\sources\arabic\national-village-manifest-clean.csv","","source-reported","accepted","","52161","true","[object Object]"
"LB-LOC-52121","LB","LB-GOV-7B1E9DBA436A","LB-DIST-8B19B9546D66","","","52121","عيتنيت","Aaytanit","","populated-place","33.56213806","35.66847457","national-manifest","C:\xampp\htdocs\projectx\watanybot\packages\lebanese-administrative-authority\authority\sources\arabic\national-village-manifest-clean.csv","","source-reported","accepted","","52121","true","[object Object]"
"LB-LOC-52224","LB","LB-GOV-7B1E9DBA436A","LB-DIST-8B19B9546D66","","","52224","بعلول","Baaloul BG","","populated-place","33.58879302","35.75180732","national-manifest","C:\xampp\htdocs\projectx\watanybot\packages\lebanese-administrative-authority\authority\sources\arabic\national-village-manifest-clean.csv","","source-reported","accepted","","52224","true","[object Object]"
"LB-LOC-52126","LB","LB-GOV-7B1E9DBA436A","LB-DIST-8B19B9546D66","","","52126","باب مارع","Bab Mareaa","","populated-place","33.58906899","35.67598588","national-manifest","C:\xampp\htdocs\projectx\watanybot\packages\lebanese-administrative-authority\authority\sources\arabic\national-village-manifest-clean.csv","","source-reported","accepted","","52126","true","[object Object]"
"LB-LOC-52181","LB","LB-GOV-7B1E9DBA436A","LB-DIST-8B19B9546D66","","","52181","شبرقية عميق","Chebrqiyet Aammiq","","populated-place","33.71663356","35.8155635","national-manifest","C:\xampp\htdocs\projectx\watanybot\packages\lebanese-administrative-authority\authority\sources\arabic\national-village-manifest-clean.csv","","source-reported","accepted","","52181","true","[object Object]"
"LB-LOC-52251","LB","LB-GOV-7B1E9DBA436A","LB-DIST-8B19B9546D66","","","52251","دكوة","Dakoueh","","populated-place","33.69304304","35.87635213","national-manifest","C:\xampp\htdocs\projectx\watanybot\packages\lebanese-administrative-authority\authority\sources\arabic\national-village-manifest-clean.csv","","source-reported","accepted","","52251","true","[object Object]"
"LB-LOC-52131","LB","LB-GOV-7B1E9DBA436A","LB-DIST-8B19B9546D66","","","52131","دير عين الجوزة","Deir Aain Ej-Jaouzeh","","populated-place","33.59324767","35.70020465","national-manifest","C:\xampp\htdocs\projectx\watanybot\packages\lebanese-administrative-authority\authority\sources\arabic\national-village-manifest-clean.csv","","source-reported","accepted","","52131","true","[object Object]"
"LB-LOC-52166","LB","LB-GOV-7B1E9DBA436A","LB-DIST-8B19B9546D66","","","52166","دير طحنيش","Deir Tahniche","","populated-place","33.70009142","35.77079407","national-manifest","C:\xampp\htdocs\projectx\watanybot\packages\lebanese-administrative-authority\authority\sources\arabic\national-village-manifest-clean.csv","","source-reported","accepted","","52166","true","[object Object]"
"LB-LOC-52227","LB","LB-GOV-7B1E9DBA436A","LB-DIST-8B19B9546D66","","","52227","غزة","Ghazzeh","","populated-place","33.67536887","35.83002975","national-manifest","C:\xampp\htdocs\projectx\watanybot\packages\lebanese-administrative-authority\authority\sources\arabic\national-village-manifest-clean.csv","","source-reported","accepted","","52227","true","[object Object]"
"LB-LOC-52254","LB","LB-GOV-7B1E9DBA436A","LB-DIST-8B19B9546D66","","","52254","حوش الحريمة","Haouch El-Harime","","populated-place","33.71662999","35.86125282","national-manifest","C:\xampp\htdocs\projectx\watanybot\packages\lebanese-administrative-authority\authority\sources\arabic\national-village-manifest-clean.csv","","source-reported","accepted","","52254","true","[object Object]"
"LB-LOC-52271","LB","LB-GOV-7B1E9DBA436A","LB-DIST-8B19B9546D66","","","52271","حريمة الصغرى","Harimeh Es-Soughra","","populated-place","33.7335213","35.87549198","national-manifest","C:\xampp\htdocs\projectx\watanybot\packages\lebanese-administrative-authority\authority\sources\arabic\national-village-manifest-clean.csv","","source-reported","accepted","","52271","true","[object Object]"
"LB-LOC-52257","LB","LB-GOV-7B1E9DBA436A","LB-DIST-8B19B9546D66","","","52257","الجزيرة","Jazira BG","","populated-place","33.72658733","35.84327368","national-manifest","C:\xampp\htdocs\projectx\watanybot\packages\lebanese-administrative-authority\authority\sources\arabic\national-village-manifest-clean.csv","","source-reported","accepted","","52257","true","[object Object]"
"LB-LOC-52211","LB","LB-GOV-7B1E9DBA436A","LB-DIST-8B19B9546D66","","","52211","جب جنين","Joubb Jannine","","populated-place","33.63664492","35.79136049","national-manifest","C:\xampp\htdocs\projectx\watanybot\packages\lebanese-administrative-authority\authority\sources\arabic\national-village-manifest-clean.csv","","source-reported","accepted","","52211","true","[object Object]"
"LB-LOC-52156","LB","LB-GOV-7B1E9DBA436A","LB-DIST-8B19B9546D66","","","52156","كفريا بقاع الغربي","Kafraiya BG","","populated-place","33.65793904","35.73437331","national-manifest","C:\xampp\htdocs\projectx\watanybot\packages\lebanese-administrative-authority\authority\sources\arabic\national-village-manifest-clean.csv","","source-reported","accepted","","52156","true","[object Object]"
"LB-LOC-52217","LB","LB-GOV-7B1E9DBA436A","LB-DIST-8B19B9546D66","","","52217","كامد اللوز","Kamed El-Laouz","","populated-place","33.62392929","35.8254101","national-manifest","C:\xampp\htdocs\projectx\watanybot\packages\lebanese-administrative-authority\authority\sources\arabic\national-village-manifest-clean.csv","","source-reported","accepted","","52217","true","[object Object]"
"LB-LOC-52234","LB","LB-GOV-7B1E9DBA436A","LB-DIST-8B19B9546D66","","","52234","الخيارة","Khiara","","populated-place","33.68487933","35.84924616","national-manifest","C:\xampp\htdocs\projectx\watanybot\packages\lebanese-administrative-authority\authority\sources\arabic\national-village-manifest-clean.csv","","source-reported","accepted","","52234","true","[object Object]"
"LB-LOC-52247","LB","LB-GOV-7B1E9DBA436A","LB-DIST-8B19B9546D66","","","52247","خيارة العتيقة","Khiara El-Aatiqa","","populated-place","33.71024011","35.83555503","national-manifest","C:\xampp\htdocs\projectx\watanybot\packages\lebanese-administrative-authority\authority\sources\arabic\national-village-manifest-clean.csv","","source-reported","accepted","","52247","true","[object Object]"
"LB-LOC-52151","LB","LB-GOV-7B1E9DBA436A","LB-DIST-8B19B9546D66","","","52151","خربة قنافار","Khirbet Qanafar","","populated-place","33.63984843","35.71002327","national-manifest","C:\xampp\htdocs\projectx\watanybot\packages\lebanese-administrative-authority\authority\sources\arabic\national-village-manifest-clean.csv","","source-reported","accepted","","52151","true","[object Object]"
"LB-LOC-52214","LB","LB-GOV-7B1E9DBA436A","LB-DIST-8B19B9546D66","","","52214","لالا","Lala","","populated-place","33.61149176","35.75739081","national-manifest","C:\xampp\htdocs\projectx\watanybot\packages\lebanese-administrative-authority\authority\sources\arabic\national-village-manifest-clean.csv","","source-reported","accepted","","52214","true","[object Object]"
"LB-LOC-52274","LB","LB-GOV-7B1E9DBA436A","LB-DIST-8B19B9546D66","","","52274","لبايا","Libbaya BG","","populated-place","33.47838955","35.71408714","national-manifest","C:\xampp\htdocs\projectx\watanybot\packages\lebanese-administrative-authority\authority\sources\arabic\national-village-manifest-clean.csv","","source-reported","accepted","","52274","true","[object Object]"
"LB-LOC-52141","LB","LB-GOV-7B1E9DBA436A","LB-DIST-8B19B9546D66","","","52141","لوسيا","Loussa","","populated-place","33.45927363","35.65285907","national-manifest","C:\xampp\htdocs\projectx\watanybot\packages\lebanese-administrative-authority\authority\sources\arabic\national-village-manifest-clean.csv","","source-reported","accepted","","52141","true","[object Object]"
"LB-LOC-52111","LB","LB-GOV-7B1E9DBA436A","LB-DIST-8B19B9546D66","","","52111","مشغرة","Machghara","","populated-place","33.52185453","35.65685701","national-manifest","C:\xampp\htdocs\projectx\watanybot\packages\lebanese-administrative-authority\authority\sources\arabic\national-village-manifest-clean.csv","","source-reported","accepted","","52111","true","[object Object]"
"LB-LOC-52244","LB","LB-GOV-7B1E9DBA436A","LB-DIST-8B19B9546D66","","","52244","حمارة","Manara (Hammara) BG","","populated-place","33.65585402","35.89322654","national-manifest","C:\xampp\htdocs\projectx\watanybot\packages\lebanese-administrative-authority\authority\sources\arabic\national-village-manifest-clean.csv","","source-reported","accepted","","52244","true","[object Object]"
"LB-LOC-52171","LB","LB-GOV-7B1E9DBA436A","LB-DIST-8B19B9546D66","","","52171","المنصورة","Mansoura BG","","populated-place","33.68018896","35.80589037","national-manifest","C:\xampp\htdocs\projectx\watanybot\packages\lebanese-administrative-authority\authority\sources\arabic\national-village-manifest-clean.csv","","source-reported","accepted","","52171","true","[object Object]"
"LB-LOC-52277","LB","LB-GOV-7B1E9DBA436A","LB-DIST-8B19B9546D66","","","52277","المرج","Marj BG","","populated-place","33.75781014","35.86935095","national-manifest","C:\xampp\htdocs\projectx\watanybot\packages\lebanese-administrative-authority\authority\sources\arabic\national-village-manifest-clean.csv","","source-reported","accepted","","52277","true","[object Object]"
"LB-LOC-52287","LB","LB-GOV-7B1E9DBA436A","LB-DIST-8B19B9546D66","","","52287","ميدون","Maydoun","","populated-place","33.45860921","35.62983696","national-manifest","C:\xampp\htdocs\projectx\watanybot\packages\lebanese-administrative-authority\authority\sources\arabic\national-village-manifest-clean.csv","","source-reported","accepted","","52287","true","[object Object]"
"LB-LOC-52261","LB","LB-GOV-7B1E9DBA436A","LB-DIST-8B19B9546D66","","","52261","الوقف بقاع الغربي","Ouaqf BG","","populated-place","33.73735555","35.84793497","national-manifest","C:\xampp\htdocs\projectx\watanybot\packages\lebanese-administrative-authority\authority\sources\arabic\national-village-manifest-clean.csv","","source-reported","accepted","","52261","true","[object Object]"
"LB-LOC-52237","LB","LB-GOV-7B1E9DBA436A","LB-DIST-8B19B9546D66","","","52237","القرعون","Qaraaoun","","populated-place","33.56542969","35.73045037","national-manifest","C:\xampp\htdocs\projectx\watanybot\packages\lebanese-administrative-authority\authority\sources\arabic\national-village-manifest-clean.csv","","source-reported","accepted","","52237","true","[object Object]"
"LB-LOC-52291","LB","LB-GOV-7B1E9DBA436A","LB-DIST-8B19B9546D66","","","52291","قلايا","Qelaya","","populated-place","33.43774814","35.6586375","national-manifest","C:\xampp\htdocs\projectx\watanybot\packages\lebanese-administrative-authority\authority\sources\arabic\national-village-manifest-clean.csv","","source-reported","accepted","","52291","true","[object Object]"
"LB-LOC-52295","LB","LB-GOV-7B1E9DBA436A","LB-DIST-8B19B9546D66","","","52295","روضة إسطبل","Raouda (Istabel)","","populated-place","33.7444292","35.89334449","national-manifest","C:\xampp\htdocs\projectx\watanybot\packages\lebanese-administrative-authority\authority\sources\arabic\national-village-manifest-clean.csv","","source-reported","accepted","","52295","true","[object Object]"
"LB-LOC-52136","LB","LB-GOV-7B1E9DBA436A","LB-DIST-8B19B9546D66","","","52136","صغبين","Saghbine","","populated-place","33.61110924","35.69818752","national-manifest","C:\xampp\htdocs\projectx\watanybot\packages\lebanese-administrative-authority\authority\sources\arabic\national-village-manifest-clean.csv","","source-reported","accepted","","52136","true","[object Object]"
"LB-LOC-52267","LB","LB-GOV-7B1E9DBA436A","LB-DIST-8B19B9546D66","","","52267","سحمر","Sohmor","","populated-place","33.50864385","35.69465514","national-manifest","C:\xampp\htdocs\projectx\watanybot\packages\lebanese-administrative-authority\authority\sources\arabic\national-village-manifest-clean.csv","","source-reported","accepted","","52267","true","[object Object]"
"LB-LOC-52241","LB","LB-GOV-7B1E9DBA436A","LB-DIST-8B19B9546D66","","","52241","سلطان يعقوب أراضي","Soltan Yacoub el Aradi","","populated-place","33.67259468","35.86853328","national-manifest","C:\xampp\htdocs\projectx\watanybot\packages\lebanese-administrative-authority\authority\sources\arabic\national-village-manifest-clean.csv","","source-reported","accepted","","52241","true","[object Object]"
"LB-LOC-52264","LB","LB-GOV-7B1E9DBA436A","LB-DIST-8B19B9546D66","","","52264","صويري","Souairi","","populated-place","33.68565653","35.91521832","national-manifest","C:\xampp\htdocs\projectx\watanybot\packages\lebanese-administrative-authority\authority\sources\arabic\national-village-manifest-clean.csv","","source-reported","accepted","","52264","true","[object Object]"
"LB-LOC-52231","LB","LB-GOV-7B1E9DBA436A","LB-DIST-8B19B9546D66","","","52231","سلطان يعقوب الفوقا","Soultan Yaacoub Faouqa","","populated-place","33.65579151","35.85089537","national-manifest","C:\xampp\htdocs\projectx\watanybot\packages\lebanese-administrative-authority\authority\sources\arabic\national-village-manifest-clean.csv","","source-reported","accepted","","52231","true","[object Object]"
"LB-LOC-52221","LB","LB-GOV-7B1E9DBA436A","LB-DIST-8B19B9546D66","","","52221","تل زنوب","Tall Znoub","","populated-place","33.65903613","35.77719977","national-manifest","C:\xampp\htdocs\projectx\watanybot\packages\lebanese-administrative-authority\authority\sources\arabic\national-village-manifest-clean.csv","","source-reported","accepted","","52221","true","[object Object]"
"LB-LOC-52281","LB","LB-GOV-7B1E9DBA436A","LB-DIST-8B19B9546D66","","","52281","يحمر بقاع الغربي","Yohmor BG","","populated-place","33.48057392","35.67666799","national-manifest","C:\xampp\htdocs\projectx\watanybot\packages\lebanese-administrative-authority\authority\sources\arabic\national-village-manifest-clean.csv","","source-reported","accepted","","52281","true","[object Object]"
"LB-LOC-52284","LB","LB-GOV-7B1E9DBA436A","LB-DIST-8B19B9546D66","","","52284","زلايا","Zilaya","","populated-place","33.45704105","35.67205482","national-manifest","C:\xampp\htdocs\projectx\watanybot\packages\lebanese-administrative-authority\authority\sources\arabic\national-village-manifest-clean.csv","","source-reported","accepted","","52284","true","[object Object]"
"LB-LOC-51377","LB","LB-GOV-7B1E9DBA436A","LB-DIST-BD4134C26B67","","","51377","عين كفر زبد","Aain Kfar Zabad","","populated-place","33.78997111","36.01117394","national-manifest","C:\xampp\htdocs\projectx\watanybot\packages\lebanese-administrative-authority\authority\sources\arabic\national-village-manifest-clean.csv","","source-reported","accepted","","51377","true","[object Object]"
"LB-LOC-51323","LB","LB-GOV-7B1E9DBA436A","LB-DIST-BD4134C26B67","","","51323","علي النهري","Aali En-Nahri","","populated-place","33.86185688","36.03175462","national-manifest","C:\xampp\htdocs\projectx\watanybot\packages\lebanese-administrative-authority\authority\sources\arabic\national-village-manifest-clean.csv","","source-reported","accepted","","51323","true","[object Object]"
"LB-LOC-51281","LB","LB-GOV-7B1E9DBA436A","LB-DIST-BD4134C26B67","","","51281","عنجر","Aanjar (Haouch Moussa)","","populated-place","33.74099824","35.93406454","national-manifest","C:\xampp\htdocs\projectx\watanybot\packages\lebanese-administrative-authority\authority\sources\arabic\national-village-manifest-clean.csv","","source-reported","accepted","","51281","true","[object Object]"
"LB-LOC-51163","LB","LB-GOV-7B1E9DBA436A","LB-DIST-BD4134C26B67","","","51163","ابلح","Ablah","","populated-place","33.86362288","35.97205493","national-manifest","C:\xampp\htdocs\projectx\watanybot\packages\lebanese-administrative-authority\authority\sources\arabic\national-village-manifest-clean.csv","","source-reported","accepted","","51163","true","[object Object]"
"LB-LOC-51267","LB","LB-GOV-7B1E9DBA436A","LB-DIST-BD4134C26B67","","","51267","بر الياس","Barr Elias","","populated-place","33.78001349","35.93172132","national-manifest","C:\xampp\htdocs\projectx\watanybot\packages\lebanese-administrative-authority\authority\sources\arabic\national-village-manifest-clean.csv","","source-reported","accepted","","51267","true","[object Object]"
"LB-LOC-51244","LB","LB-GOV-7B1E9DBA436A","LB-DIST-BD4134C26B67","","","51244","بوارج","Bouarej","","populated-place","33.81684784","35.81288473","national-manifest","C:\xampp\htdocs\projectx\watanybot\packages\lebanese-administrative-authority\authority\sources\arabic\national-village-manifest-clean.csv","","source-reported","accepted","","51244","true","[object Object]"
"LB-LOC-51247","LB","LB-GOV-7B1E9DBA436A","LB-DIST-BD4134C26B67","","","51247","شبرقية تابت","Chebrqiyet Tabet","","populated-place","33.77958424","35.86716437","national-manifest","C:\xampp\htdocs\projectx\watanybot\packages\lebanese-administrative-authority\authority\sources\arabic\national-village-manifest-clean.csv","","source-reported","accepted","","51247","true","[object Object]"
"LB-LOC-51211","LB","LB-GOV-7B1E9DBA436A","LB-DIST-BD4134C26B67","","","51211","شتورا","Chtaura","","populated-place","33.81558892","35.85692578","national-manifest","C:\xampp\htdocs\projectx\watanybot\packages\lebanese-administrative-authority\authority\sources\arabic\national-village-manifest-clean.csv","","source-reported","accepted","","51211","true","[object Object]"
"LB-LOC-51383","LB","LB-GOV-7B1E9DBA436A","LB-DIST-BD4134C26B67","","","51383","دلهميه","Dalhamiyet Zahleh","","populated-place","33.8159725","35.95838014","national-manifest","C:\xampp\htdocs\projectx\watanybot\packages\lebanese-administrative-authority\authority\sources\arabic\national-village-manifest-clean.csv","","source-reported","accepted","","51383","true","[object Object]"
"LB-LOC-51347","LB","LB-GOV-7B1E9DBA436A","LB-DIST-BD4134C26B67","","","51347","دير الغزال","Deir El-Ghazal","","populated-place","33.82404986","36.04562763","national-manifest","C:\xampp\htdocs\projectx\watanybot\packages\lebanese-administrative-authority\authority\sources\arabic\national-village-manifest-clean.csv","","source-reported","accepted","","51347","true","[object Object]"
"LB-LOC-51139","LB","LB-GOV-7B1E9DBA436A","LB-DIST-BD4134C26B67","","","51139","فرزل","Fourzol","","populated-place","33.86430866","35.94608588","national-manifest","C:\xampp\htdocs\projectx\watanybot\packages\lebanese-administrative-authority\authority\sources\arabic\national-village-manifest-clean.csv","","source-reported","accepted","","51139","true","[object Object]"
"LB-LOC-51335","LB","LB-GOV-7B1E9DBA436A","LB-DIST-BD4134C26B67","","","51335","تل العمارة","Haouch El-Aamara","","populated-place","33.85691681","35.98850531","national-manifest","C:\xampp\htdocs\projectx\watanybot\packages\lebanese-administrative-authority\authority\sources\arabic\national-village-manifest-clean.csv","","source-reported","accepted","","51335","true","[object Object]"
"LB-LOC-51329","LB","LB-GOV-7B1E9DBA436A","LB-DIST-BD4134C26B67","","","51329","حوش الغنم","Haouch El-Ghanam","","populated-place","33.87430902","36.02650908","national-manifest","C:\xampp\htdocs\projectx\watanybot\packages\lebanese-administrative-authority\authority\sources\arabic\national-village-manifest-clean.csv","","source-reported","accepted","","51329","true","[object Object]"
"LB-LOC-51251","LB","LB-GOV-7B1E9DBA436A","LB-DIST-BD4134C26B67","","","51251","حوش الصيادي","Haouch Es-Siyadeh","","populated-place","33.7674649","35.82389112","national-manifest","C:\xampp\htdocs\projectx\watanybot\packages\lebanese-administrative-authority\authority\sources\arabic\national-village-manifest-clean.csv","","source-reported","accepted","","51251","true","[object Object]"
"LB-LOC-51317","LB","LB-GOV-7B1E9DBA436A","LB-DIST-BD4134C26B67","","","51317","حوش حالا","Haouch Hala","","populated-place","33.84733242","35.99231503","national-manifest","C:\xampp\htdocs\projectx\watanybot\packages\lebanese-administrative-authority\authority\sources\arabic\national-village-manifest-clean.csv","","source-reported","accepted","","51317","true","[object Object]"
"LB-LOC-51237","LB","LB-GOV-7B1E9DBA436A","LB-DIST-BD4134C26B67","","","51237","حوش مندره","Haouch Mandara","","populated-place","33.77671564","35.86094282","national-manifest","C:\xampp\htdocs\projectx\watanybot\packages\lebanese-administrative-authority\authority\sources\arabic\national-village-manifest-clean.csv","","source-reported","accepted","","51237","true","[object Object]"
"LB-LOC-51264","LB","LB-GOV-7B1E9DBA436A","LB-DIST-BD4134C26B67","","","51264","قيصر","Haouch Qayssar","","populated-place","33.7615358","35.81422825","national-manifest","C:\xampp\htdocs\projectx\watanybot\packages\lebanese-administrative-authority\authority\sources\arabic\national-village-manifest-clean.csv","","source-reported","accepted","","51264","true","[object Object]"
"LB-LOC-51157","LB","LB-GOV-7B1E9DBA436A","LB-DIST-BD4134C26B67","","","51157","حزرتا","Hazerta","","populated-place","33.875389","35.86691585","national-manifest","C:\xampp\htdocs\projectx\watanybot\packages\lebanese-administrative-authority\authority\sources\arabic\national-village-manifest-clean.csv","","source-reported","accepted","","51157","true","[object Object]"
"LB-LOC-51341","LB","LB-GOV-7B1E9DBA436A","LB-DIST-BD4134C26B67","","","51341","حشمش","Hoshmosh","","populated-place","33.82903513","36.01408329","national-manifest","C:\xampp\htdocs\projectx\watanybot\packages\lebanese-administrative-authority\authority\sources\arabic\national-village-manifest-clean.csv","","source-reported","accepted","","51341","true","[object Object]"
"LB-LOC-51224","LB","LB-GOV-7B1E9DBA436A","LB-DIST-BD4134C26B67","","","51224","جديتا","Jdita","","populated-place","33.81335729","35.84616393","national-manifest","C:\xampp\htdocs\projectx\watanybot\packages\lebanese-administrative-authority\authority\sources\arabic\national-village-manifest-clean.csv","","source-reported","accepted","","51224","true","[object Object]"
"LB-LOC-51389","LB","LB-GOV-7B1E9DBA436A","LB-DIST-BD4134C26B67","","","51389","كفر زبد","Kfarzabad","","populated-place","33.76472315","35.98284372","national-manifest","C:\xampp\htdocs\projectx\watanybot\packages\lebanese-administrative-authority\authority\sources\arabic\national-village-manifest-clean.csv","","source-reported","accepted","","51389","true","[object Object]"
"LB-LOC-51184","LB","LB-GOV-7B1E9DBA436A","LB-DIST-BD4134C26B67","","","51184","كسارة","Ksara","","populated-place","33.82626808","35.89201022","national-manifest","C:\xampp\htdocs\projectx\watanybot\packages\lebanese-administrative-authority\authority\sources\arabic\national-village-manifest-clean.csv","","source-reported","accepted","","51184","true","[object Object]"
"LB-LOC-51284","LB","LB-GOV-7B1E9DBA436A","LB-DIST-BD4134C26B67","","","51284","مجدل عنجر","Majdel Aanjar","","populated-place","33.70979827","35.91398783","national-manifest","C:\xampp\htdocs\projectx\watanybot\packages\lebanese-administrative-authority\authority\sources\arabic\national-village-manifest-clean.csv","","source-reported","accepted","","51284","true","[object Object]"
"LB-LOC-51217","LB","LB-GOV-7B1E9DBA436A","LB-DIST-BD4134C26B67","","","51217","مكسة","Makseh","","populated-place","33.79943002","35.8429013","national-manifest","C:\xampp\htdocs\projectx\watanybot\packages\lebanese-administrative-authority\authority\sources\arabic\national-village-manifest-clean.csv","","source-reported","accepted","","51217","true","[object Object]"
"LB-LOC-51371","LB","LB-GOV-7B1E9DBA436A","LB-DIST-BD4134C26B67","","","51371","مسا","Massa","","populated-place","33.84419719","36.06681689","national-manifest","C:\xampp\htdocs\projectx\watanybot\packages\lebanese-administrative-authority\authority\sources\arabic\national-village-manifest-clean.csv","","source-reported","accepted","","51371","true","[object Object]"
"LB-LOC-51185","LB","LB-GOV-7B1E9DBA436A","LB-DIST-BD4134C26B67","","","51185","الرمطانية","Mazraat Er-Remtaniyeh","","populated-place","33.83624527","35.81743781","national-manifest","C:\xampp\htdocs\projectx\watanybot\packages\lebanese-administrative-authority\authority\sources\arabic\national-village-manifest-clean.csv","","source-reported","accepted","","51185","true","[object Object]"
"LB-LOC-51241","LB","LB-GOV-7B1E9DBA436A","LB-DIST-BD4134C26B67","","","51241","مريجات","Mrayjat Zahleh","","populated-place","33.81099602","35.79845813","national-manifest","C:\xampp\htdocs\projectx\watanybot\packages\lebanese-administrative-authority\authority\sources\arabic\national-village-manifest-clean.csv","","source-reported","accepted","","51241","true","[object Object]"
"LB-LOC-51271","LB","LB-GOV-7B1E9DBA436A","LB-DIST-BD4134C26B67","","","51271","مزرعة زحلة","Mzaraat Zahleh","","populated-place","33.76743881","35.80612111","national-manifest","C:\xampp\htdocs\projectx\watanybot\packages\lebanese-administrative-authority\authority\sources\arabic\national-village-manifest-clean.csv","","source-reported","accepted","","51271","true","[object Object]"
"LB-LOC-51151","LB","LB-GOV-7B1E9DBA436A","LB-DIST-BD4134C26B67","","","51151","نبي ايلا","Nabi Ayla","","populated-place","33.86944666","35.98729351","national-manifest","C:\xampp\htdocs\projectx\watanybot\packages\lebanese-administrative-authority\authority\sources\arabic\national-village-manifest-clean.csv","","source-reported","accepted","","51151","true","[object Object]"
"LB-LOC-51354","LB","LB-GOV-7B1E9DBA436A","LB-DIST-BD4134C26B67","","","51354","ناصرية رزق","Nasriyet Rizk","","populated-place","33.85730008","36.07752026","national-manifest","C:\xampp\htdocs\projectx\watanybot\packages\lebanese-administrative-authority\authority\sources\arabic\national-village-manifest-clean.csv","","source-reported","accepted","","51354","true","[object Object]"
"LB-LOC-51287","LB","LB-GOV-7B1E9DBA436A","LB-DIST-BD4134C26B67","","","51287","ناصرية زحلة","Nasriyet Zahleh","","populated-place","33.75317501","35.85008336","national-manifest","C:\xampp\htdocs\projectx\watanybot\packages\lebanese-administrative-authority\authority\sources\arabic\national-village-manifest-clean.csv","","source-reported","accepted","","51287","true","[object Object]"
"LB-LOC-51177","LB","LB-GOV-7B1E9DBA436A","LB-DIST-BD4134C26B67","","","51177","نيحا زحلة","Niha Zahleh","","populated-place","33.8953696","35.9642923","national-manifest","C:\xampp\htdocs\projectx\watanybot\packages\lebanese-administrative-authority\authority\sources\arabic\national-village-manifest-clean.csv","","source-reported","accepted","","51177","true","[object Object]"
"LB-LOC-51257","LB","LB-GOV-7B1E9DBA436A","LB-DIST-BD4134C26B67","","","51257","وادي الدلم","Ouadi Ed-Delm","","populated-place","33.80105405","35.78566356","national-manifest","C:\xampp\htdocs\projectx\watanybot\packages\lebanese-administrative-authority\authority\sources\arabic\national-village-manifest-clean.csv","","source-reported","accepted","","51257","true","[object Object]"
"LB-LOC-51189","LB","LB-GOV-7B1E9DBA436A","LB-DIST-BD4134C26B67","","","51189","وادي العرايش","Ouadi El-Aarayech","","populated-place","33.87279258","35.90879997","national-manifest","C:\xampp\htdocs\projectx\watanybot\packages\lebanese-administrative-authority\authority\sources\arabic\national-village-manifest-clean.csv","","source-reported","accepted","","51189","true","[object Object]"
"LB-LOC-51173","LB","LB-GOV-7B1E9DBA436A","LB-DIST-BD4134C26B67","","","51173","قاع الريم","Qaa Er-Rim","","populated-place","33.901626","35.89826886","national-manifest","C:\xampp\htdocs\projectx\watanybot\packages\lebanese-administrative-authority\authority\sources\arabic\national-village-manifest-clean.csv","","source-reported","accepted","","51173","true","[object Object]"
"LB-LOC-51234","LB","LB-GOV-7B1E9DBA436A","LB-DIST-BD4134C26B67","","","51234","قب الياس","Qabb Elias","","populated-place","33.77783607","35.83762321","national-manifest","C:\xampp\htdocs\projectx\watanybot\packages\lebanese-administrative-authority\authority\sources\arabic\national-village-manifest-clean.csv","","source-reported","accepted","","51234","true","[object Object]"
"LB-LOC-51353","LB","LB-GOV-7B1E9DBA436A","LB-DIST-BD4134C26B67","","","51353","قوسايا","Qoussaya","","populated-place","33.80082853","36.03467765","national-manifest","C:\xampp\htdocs\projectx\watanybot\packages\lebanese-administrative-authority\authority\sources\arabic\national-village-manifest-clean.csv","","source-reported","accepted","","51353","true","[object Object]"
"LB-LOC-51359","LB","LB-GOV-7B1E9DBA436A","LB-DIST-BD4134C26B67","","","51359","رعيت","Raait","","populated-place","33.83889626","36.04099099","national-manifest","C:\xampp\htdocs\projectx\watanybot\packages\lebanese-administrative-authority\authority\sources\arabic\national-village-manifest-clean.csv","","source-reported","accepted","","51359","true","[object Object]"
"LB-LOC-51311","LB","LB-GOV-7B1E9DBA436A","LB-DIST-BD4134C26B67","","","51311","رياق","Riyaq","","populated-place","33.85240828","36.01890248","national-manifest","C:\xampp\htdocs\projectx\watanybot\packages\lebanese-administrative-authority\authority\sources\arabic\national-village-manifest-clean.csv","","source-reported","accepted","","51311","true","[object Object]"
"LB-LOC-51231","LB","LB-GOV-7B1E9DBA436A","LB-DIST-BD4134C26B67","","","51231","سعدنايل","Saadnayel","","populated-place","33.81698434","35.88540492","national-manifest","C:\xampp\htdocs\projectx\watanybot\packages\lebanese-administrative-authority\authority\sources\arabic\national-village-manifest-clean.csv","","source-reported","accepted","","51231","true","[object Object]"
"LB-LOC-51221","LB","LB-GOV-7B1E9DBA436A","LB-DIST-BD4134C26B67","","","51221","تعلبايا","Taalbaya","","populated-place","33.81090657","35.872026","national-manifest","C:\xampp\htdocs\projectx\watanybot\packages\lebanese-administrative-authority\authority\sources\arabic\national-village-manifest-clean.csv","","source-reported","accepted","","51221","true","[object Object]"
"LB-LOC-51227","LB","LB-GOV-7B1E9DBA436A","LB-DIST-BD4134C26B67","","","51227","تعنايل","Taanayel","","populated-place","33.78874337","35.8784204","national-manifest","C:\xampp\htdocs\projectx\watanybot\packages\lebanese-administrative-authority\authority\sources\arabic\national-village-manifest-clean.csv","","source-reported","accepted","","51227","true","[object Object]"
"LB-LOC-51274","LB","LB-GOV-7B1E9DBA436A","LB-DIST-BD4134C26B67","","","51274","تشفلك اده حوش","Tcheflik Eddé Haouch","","populated-place","33.75592324","35.80496779","national-manifest","C:\xampp\htdocs\projectx\watanybot\packages\lebanese-administrative-authority\authority\sources\arabic\national-village-manifest-clean.csv","","source-reported","accepted","","51274","true","[object Object]"
"LB-LOC-51261","LB","LB-GOV-7B1E9DBA436A","LB-DIST-BD4134C26B67","","","51261","تشفلك قيقانو","Tcheflik Qiqano","","populated-place","33.75589252","35.82880911","national-manifest","C:\xampp\htdocs\projectx\watanybot\packages\lebanese-administrative-authority\authority\sources\arabic\national-village-manifest-clean.csv","","source-reported","accepted","","51261","true","[object Object]"
"LB-LOC-51277","LB","LB-GOV-7B1E9DBA436A","LB-DIST-BD4134C26B67","","","51277","تل الاخضر","Tell El-Akhdar","","populated-place","33.7320219","35.82435786","national-manifest","C:\xampp\htdocs\projectx\watanybot\packages\lebanese-administrative-authority\authority\sources\arabic\national-village-manifest-clean.csv","","source-reported","accepted","","51277","true","[object Object]"
"LB-LOC-51365","LB","LB-GOV-7B1E9DBA436A","LB-DIST-BD4134C26B67","","","51365","تربل","Terbol Zahleh","","populated-place","33.81178636","35.99246387","national-manifest","C:\xampp\htdocs\projectx\watanybot\packages\lebanese-administrative-authority\authority\sources\arabic\national-village-manifest-clean.csv","","source-reported","accepted","","51365","true","[object Object]"
"LB-LOC-51145","LB","LB-GOV-7B1E9DBA436A","LB-DIST-BD4134C26B67","","","51145","تويتي","Touaite Zahleh","","populated-place","33.85650902","35.8389924","national-manifest","C:\xampp\htdocs\projectx\watanybot\packages\lebanese-administrative-authority\authority\sources\arabic\national-village-manifest-clean.csv","","source-reported","accepted","","51145","true","[object Object]"
"LB-LOC-51127","LB","LB-GOV-7B1E9DBA436A","LB-DIST-BD4134C26B67","","","51127","زحلة حوش الامراء أراضي","Zahlé Haouch El-Oumara Aradi","","populated-place","33.8041323","35.92046163","national-manifest","C:\xampp\htdocs\projectx\watanybot\packages\lebanese-administrative-authority\authority\sources\arabic\national-village-manifest-clean.csv","","source-reported","accepted","","51127","true","[object Object]"
"LB-LOC-51123","LB","LB-GOV-7B1E9DBA436A","LB-DIST-BD4134C26B67","","","51123","زحلة مار أنطونيوس","Zahlé Mar Antonios","","populated-place","33.84780593","35.89863931","national-manifest","C:\xampp\htdocs\projectx\watanybot\packages\lebanese-administrative-authority\authority\sources\arabic\national-village-manifest-clean.csv","","source-reported","accepted","","51123","true","[object Object]"
"LB-LOC-51135","LB","LB-GOV-7B1E9DBA436A","LB-DIST-BD4134C26B67","","","51135","مار الياس زحلة","Zahlé Mar Elias","","populated-place","33.84466321","35.89852975","national-manifest","C:\xampp\htdocs\projectx\watanybot\packages\lebanese-administrative-authority\authority\sources\arabic\national-village-manifest-clean.csv","","source-reported","accepted","","51135","true","[object Object]"
"LB-LOC-51115","LB","LB-GOV-7B1E9DBA436A","LB-DIST-BD4134C26B67","","","51115","زحلة مار جرجس","Zahlé Mar Gerges","","populated-place","33.84466602","35.90268484","national-manifest","C:\xampp\htdocs\projectx\watanybot\packages\lebanese-administrative-authority\authority\sources\arabic\national-village-manifest-clean.csv","","source-reported","accepted","","51115","true","[object Object]"
"LB-LOC-51129","LB","LB-GOV-7B1E9DBA436A","LB-DIST-BD4134C26B67","","","51129","زحلة سيدة النجاة","Zahlé Saydet En-Najat","","populated-place","33.84584219","35.894299","national-manifest","C:\xampp\htdocs\projectx\watanybot\packages\lebanese-administrative-authority\authority\sources\arabic\national-village-manifest-clean.csv","","source-reported","accepted","","51129","true","[object Object]"
"LB-LOC-51133","LB","LB-GOV-7B1E9DBA436A","LB-DIST-BD4134C26B67","","","51133","زحلة أراضي","Zahleh Aradi","","populated-place","33.84529825","35.87485309","national-manifest","C:\xampp\htdocs\projectx\watanybot\packages\lebanese-administrative-authority\authority\sources\arabic\national-village-manifest-clean.csv","","source-reported","accepted","","51133","true","[object Object]"
"LB-LOC-51119","LB","LB-GOV-7B1E9DBA436A","LB-DIST-BD4134C26B67","","","51119","بربارة زحلة","Zahleh El-Berbara","","populated-place","33.85159304","35.89812315","national-manifest","C:\xampp\htdocs\projectx\watanybot\packages\lebanese-administrative-authority\authority\sources\arabic\national-village-manifest-clean.csv","","source-reported","accepted","","51119","true","[object Object]"
"LB-LOC-51121","LB","LB-GOV-7B1E9DBA436A","LB-DIST-BD4134C26B67","","","51121","زحلة معلقة أراضي","Zahleh El-Maallaqa","","populated-place","33.8436432","35.91585702","national-manifest","C:\xampp\htdocs\projectx\watanybot\packages\lebanese-administrative-authority\authority\sources\arabic\national-village-manifest-clean.csv","","source-reported","accepted","","51121","true","[object Object]"
"LB-LOC-51111","LB","LB-GOV-7B1E9DBA436A","LB-DIST-BD4134C26B67","","","51111","زحلة","Zahleh El-Midane","","populated-place","33.84729271","35.90417548","national-manifest","C:\xampp\htdocs\projectx\watanybot\packages\lebanese-administrative-authority\authority\sources\arabic\national-village-manifest-clean.csv","","source-reported","accepted","","51111","true","[object Object]"
"LB-LOC-51117","LB","LB-GOV-7B1E9DBA436A","LB-DIST-BD4134C26B67","","","51117","الراسية","Zahleh Er-Rassiyeh","","populated-place","33.84963838","35.89699694","national-manifest","C:\xampp\htdocs\projectx\watanybot\packages\lebanese-administrative-authority\authority\sources\arabic\national-village-manifest-clean.csv","","source-reported","accepted","","51117","true","[object Object]"
"LB-LOC-51131","LB","LB-GOV-7B1E9DBA436A","LB-DIST-BD4134C26B67","","","51131","تل شيحا","Zahleh Haouch El-Oumara","","populated-place","33.83270896","35.91304364","national-manifest","C:\xampp\htdocs\projectx\watanybot\packages\lebanese-administrative-authority\authority\sources\arabic\national-village-manifest-clean.csv","","source-reported","accepted","","51131","true","[object Object]"
"LB-LOC-51113","LB","LB-GOV-7B1E9DBA436A","LB-DIST-BD4134C26B67","","","51113","حوش الزراعنة","Zahleh Haouch Ez-Zaraane","","populated-place","33.84380931","35.91021092","national-manifest","C:\xampp\htdocs\projectx\watanybot\packages\lebanese-administrative-authority\authority\sources\arabic\national-village-manifest-clean.csv","","source-reported","accepted","","51113","true","[object Object]"
"LB-LOC-51125","LB","LB-GOV-7B1E9DBA436A","LB-DIST-BD4134C26B67","","","51125","مدينة الصناعية","Zahleh Maallaqa Aradi","","populated-place","33.82860168","35.94092316","national-manifest","C:\xampp\htdocs\projectx\watanybot\packages\lebanese-administrative-authority\authority\sources\arabic\national-village-manifest-clean.csv","","source-reported","accepted","","51125","true","[object Object]"
"LB-LOC-51214","LB","LB-GOV-7B1E9DBA436A","LB-DIST-BD4134C26B67","","","51214","زبدل","Zebdoul","","populated-place","33.81247112","35.84024667","national-manifest","C:\xampp\htdocs\projectx\watanybot\packages\lebanese-administrative-authority\authority\sources\arabic\national-village-manifest-clean.csv","","source-reported","accepted","","51214","true","[object Object]"
"LB-LOC-72143","LB","LB-GOV-FCD3D044F36B","LB-DIST-73C2DF9AE3DE","","","72143","عين ابل","Aain Ibl","","populated-place","33.10865028","35.40363784","national-manifest","C:\xampp\htdocs\projectx\watanybot\packages\lebanese-administrative-authority\authority\sources\arabic\national-village-manifest-clean.csv","","source-reported","accepted","","72143","true","[object Object]"
"LB-LOC-72151","LB","LB-GOV-FCD3D044F36B","LB-DIST-73C2DF9AE3DE","","","72151","عيترون","Aaintaroun","","populated-place","33.11185467","35.48264287","national-manifest","C:\xampp\htdocs\projectx\watanybot\packages\lebanese-administrative-authority\authority\sources\arabic\national-village-manifest-clean.csv","","source-reported","accepted","","72151","true","[object Object]"
"LB-LOC-72224","LB","LB-GOV-FCD3D044F36B","LB-DIST-73C2DF9AE3DE","","","72224","عيتا الجبل الزط","Aaita Ej-Jabal","","populated-place","33.17439514","35.41005945","national-manifest","C:\xampp\htdocs\projectx\watanybot\packages\lebanese-administrative-authority\authority\sources\arabic\national-village-manifest-clean.csv","","source-reported","accepted","","72224","true","[object Object]"
"LB-LOC-72119","LB","LB-GOV-FCD3D044F36B","LB-DIST-73C2DF9AE3DE","","","72119","عيناتا بنت جبيل","Aaynata Bent Jbayl","","populated-place","33.13014077","35.45000046","national-manifest","C:\xampp\htdocs\projectx\watanybot\packages\lebanese-administrative-authority\authority\sources\arabic\national-village-manifest-clean.csv","","source-reported","accepted","","72119","true","[object Object]"
"LB-LOC-72183","LB","LB-GOV-FCD3D044F36B","LB-DIST-73C2DF9AE3DE","","","72183","عيتا الشعب","Aayta Ech-Chaab","","populated-place","33.09393019","35.34153305","national-manifest","C:\xampp\htdocs\projectx\watanybot\packages\lebanese-administrative-authority\authority\sources\arabic\national-village-manifest-clean.csv","","source-reported","accepted","","72183","true","[object Object]"
"LB-LOC-72227","LB","LB-GOV-FCD3D044F36B","LB-DIST-73C2DF9AE3DE","","","72227","برعشيت","Baraachit","","populated-place","33.17869668","35.43873928","national-manifest","C:\xampp\htdocs\projectx\watanybot\packages\lebanese-administrative-authority\authority\sources\arabic\national-village-manifest-clean.csv","","source-reported","accepted","","72227","true","[object Object]"
"LB-LOC-72287","LB","LB-GOV-FCD3D044F36B","LB-DIST-73C2DF9AE3DE","","","72287","بيت ليف","Beit Lif","","populated-place","33.13287294","35.33559062","national-manifest","C:\xampp\htdocs\projectx\watanybot\packages\lebanese-administrative-authority\authority\sources\arabic\national-village-manifest-clean.csv","","source-reported","accepted","","72287","true","[object Object]"
"LB-LOC-72237","LB","LB-GOV-FCD3D044F36B","LB-DIST-73C2DF9AE3DE","","","72237","بيت ياحون","Beit Yahoun","","populated-place","33.15799611","35.42255213","national-manifest","C:\xampp\htdocs\projectx\watanybot\packages\lebanese-administrative-authority\authority\sources\arabic\national-village-manifest-clean.csv","","source-reported","accepted","","72237","true","[object Object]"
"LB-LOC-72111","LB","LB-GOV-FCD3D044F36B","LB-DIST-73C2DF9AE3DE","","","72111","بنت جبيل","Bent Jbayl","","populated-place","33.12075755","35.43842422","national-manifest","C:\xampp\htdocs\projectx\watanybot\packages\lebanese-administrative-authority\authority\sources\arabic\national-village-manifest-clean.csv","","source-reported","accepted","","72111","true","[object Object]"
"LB-LOC-72264","LB","LB-GOV-FCD3D044F36B","LB-DIST-73C2DF9AE3DE","","","72264","برج قلويه","Borj qalaouiyeh","","populated-place","33.25967974","35.42365055","national-manifest","C:\xampp\htdocs\projectx\watanybot\packages\lebanese-administrative-authority\authority\sources\arabic\national-village-manifest-clean.csv","","source-reported","accepted","","72264","true","[object Object]"
"LB-LOC-72229","LB","LB-GOV-FCD3D044F36B","LB-DIST-73C2DF9AE3DE","","","72229","شقرا","Chaqra","","populated-place","33.17633311","35.46863358","national-manifest","C:\xampp\htdocs\projectx\watanybot\packages\lebanese-administrative-authority\authority\sources\arabic\national-village-manifest-clean.csv","","source-reported","accepted","","72229","true","[object Object]"
"LB-LOC-72281","LB","LB-GOV-FCD3D044F36B","LB-DIST-73C2DF9AE3DE","","","72281","دبل امية","Debl","","populated-place","33.12217404","35.37745357","national-manifest","C:\xampp\htdocs\projectx\watanybot\packages\lebanese-administrative-authority\authority\sources\arabic\national-village-manifest-clean.csv","","source-reported","accepted","","72281","true","[object Object]"
"LB-LOC-72244","LB","LB-GOV-FCD3D044F36B","LB-DIST-73C2DF9AE3DE","","","72244","دير نطار","Deir Ntar","","populated-place","33.21785244","35.37728332","national-manifest","C:\xampp\htdocs\projectx\watanybot\packages\lebanese-administrative-authority\authority\sources\arabic\national-village-manifest-clean.csv","","source-reported","accepted","","72244","true","[object Object]"
"LB-LOC-72276","LB","LB-GOV-FCD3D044F36B","LB-DIST-73C2DF9AE3DE","","","72276","فرون","Froun","","populated-place","33.29735878","35.42946787","national-manifest","C:\xampp\htdocs\projectx\watanybot\packages\lebanese-administrative-authority\authority\sources\arabic\national-village-manifest-clean.csv","","source-reported","accepted","","72276","true","[object Object]"
"LB-LOC-72274","LB","LB-GOV-FCD3D044F36B","LB-DIST-73C2DF9AE3DE","","","72274","غندورية بنت جبيل","Ghandouriyet Bent Jbayl","","populated-place","33.27745318","35.43709405","national-manifest","C:\xampp\htdocs\projectx\watanybot\packages\lebanese-administrative-authority\authority\sources\arabic\national-village-manifest-clean.csv","","source-reported","accepted","","72274","true","[object Object]"
"LB-LOC-72231","LB","LB-GOV-FCD3D044F36B","LB-DIST-73C2DF9AE3DE","","","72231","حداثا","Haddatha","","populated-place","33.15629094","35.39220151","national-manifest","C:\xampp\htdocs\projectx\watanybot\packages\lebanese-administrative-authority\authority\sources\arabic\national-village-manifest-clean.csv","","source-reported","accepted","","72231","true","[object Object]"
"LB-LOC-72284","LB","LB-GOV-FCD3D044F36B","LB-DIST-73C2DF9AE3DE","","","72284","حنين","Hanine","","populated-place","33.10344673","35.37469897","national-manifest","C:\xampp\htdocs\projectx\watanybot\packages\lebanese-administrative-authority\authority\sources\arabic\national-village-manifest-clean.csv","","source-reported","accepted","","72284","true","[object Object]"
"LB-LOC-72241","LB","LB-GOV-FCD3D044F36B","LB-DIST-73C2DF9AE3DE","","","72241","حاريص","Haris","","populated-place","33.1773403","35.3810485","national-manifest","C:\xampp\htdocs\projectx\watanybot\packages\lebanese-administrative-authority\authority\sources\arabic\national-village-manifest-clean.csv","","source-reported","accepted","","72241","true","[object Object]"
"LB-LOC-72221","LB","LB-GOV-FCD3D044F36B","LB-DIST-73C2DF9AE3DE","","","72221","جميجمة","Jmaijmeh","","populated-place","33.20873859","35.43813286","national-manifest","C:\xampp\htdocs\projectx\watanybot\packages\lebanese-administrative-authority\authority\sources\arabic\national-village-manifest-clean.csv","","source-reported","accepted","","72221","true","[object Object]"
"LB-LOC-72257","LB","LB-GOV-FCD3D044F36B","LB-DIST-73C2DF9AE3DE","","","72257","كفرا بنت جبيل","Kafra Bant Jbayl","","populated-place","33.18018617","35.35453449","national-manifest","C:\xampp\htdocs\projectx\watanybot\packages\lebanese-administrative-authority\authority\sources\arabic\national-village-manifest-clean.csv","","source-reported","accepted","","72257","true","[object Object]"
"LB-LOC-72247","LB","LB-GOV-FCD3D044F36B","LB-DIST-73C2DF9AE3DE","","","72247","كفر دونين","Kfar Dounine","","populated-place","33.23194532","35.39938334","national-manifest","C:\xampp\htdocs\projectx\watanybot\packages\lebanese-administrative-authority\authority\sources\arabic\national-village-manifest-clean.csv","","source-reported","accepted","","72247","true","[object Object]"
"LB-LOC-72234","LB","LB-GOV-FCD3D044F36B","LB-DIST-73C2DF9AE3DE","","","72234","خربة سلم","Khirbet Selm","","populated-place","33.23234175","35.41988782","national-manifest","C:\xampp\htdocs\projectx\watanybot\packages\lebanese-administrative-authority\authority\sources\arabic\national-village-manifest-clean.csv","","source-reported","accepted","","72234","true","[object Object]"
"LB-LOC-72251","LB","LB-GOV-FCD3D044F36B","LB-DIST-73C2DF9AE3DE","","","72251","كونين","Kounine","","populated-place","33.14941212","35.44990373","national-manifest","C:\xampp\htdocs\projectx\watanybot\packages\lebanese-administrative-authority\authority\sources\arabic\national-village-manifest-clean.csv","","source-reported","accepted","","72251","true","[object Object]"
"LB-LOC-72127","LB","LB-GOV-FCD3D044F36B","LB-DIST-73C2DF9AE3DE","","","72127","مارون الراس","Maroun Er-Ras","","populated-place","33.10438126","35.44976692","national-manifest","C:\xampp\htdocs\projectx\watanybot\packages\lebanese-administrative-authority\authority\sources\arabic\national-village-manifest-clean.csv","","source-reported","accepted","","72127","true","[object Object]"
"LB-LOC-72261","LB","LB-GOV-FCD3D044F36B","LB-DIST-73C2DF9AE3DE","","","72261","قلويه","Qalaouiyeh","","populated-place","33.25093058","35.42036647","national-manifest","C:\xampp\htdocs\projectx\watanybot\packages\lebanese-administrative-authority\authority\sources\arabic\national-village-manifest-clean.csv","","source-reported","accepted","","72261","true","[object Object]"
"LB-LOC-72291","LB","LB-GOV-FCD3D044F36B","LB-DIST-73C2DF9AE3DE","","","72291","قوزح","Qaouzah","","populated-place","33.12110777","35.34475244","national-manifest","C:\xampp\htdocs\projectx\watanybot\packages\lebanese-administrative-authority\authority\sources\arabic\national-village-manifest-clean.csv","","source-reported","accepted","","72291","true","[object Object]"
"LB-LOC-72175","LB","LB-GOV-FCD3D044F36B","LB-DIST-73C2DF9AE3DE","","","72175","قطموم","Qatmoun","","populated-place","33.06194944","35.3658193","national-manifest","C:\xampp\htdocs\projectx\watanybot\packages\lebanese-administrative-authority\authority\sources\arabic\national-village-manifest-clean.csv","","source-reported","accepted","","72175","true","[object Object]"
"LB-LOC-72271","LB","LB-GOV-FCD3D044F36B","LB-DIST-73C2DF9AE3DE","","","72271","رشاف","Rachaf","","populated-place","33.14392119","35.36185633","national-manifest","C:\xampp\htdocs\projectx\watanybot\packages\lebanese-administrative-authority\authority\sources\arabic\national-village-manifest-clean.csv","","source-reported","accepted","","72271","true","[object Object]"
"LB-LOC-72191","LB","LB-GOV-FCD3D044F36B","LB-DIST-73C2DF9AE3DE","","","72191","رامية بنت جبيل","Ramyet Bent Jbayl","","populated-place","33.11332148","35.31545022","national-manifest","C:\xampp\htdocs\projectx\watanybot\packages\lebanese-administrative-authority\authority\sources\arabic\national-village-manifest-clean.csv","","source-reported","accepted","","72191","true","[object Object]"
"LB-LOC-72167","LB","LB-GOV-FCD3D044F36B","LB-DIST-73C2DF9AE3DE","","","72167","رميش","Rmaich","","populated-place","33.0746782","35.36978916","national-manifest","C:\xampp\htdocs\projectx\watanybot\packages\lebanese-administrative-authority\authority\sources\arabic\national-village-manifest-clean.csv","","source-reported","accepted","","72167","true","[object Object]"
"LB-LOC-72217","LB","LB-GOV-FCD3D044F36B","LB-DIST-73C2DF9AE3DE","","","72217","صفد البطيخ","Safad Al-Battikh","","populated-place","33.19613125","35.43336388","national-manifest","C:\xampp\htdocs\projectx\watanybot\packages\lebanese-administrative-authority\authority\sources\arabic\national-village-manifest-clean.csv","","source-reported","accepted","","72217","true","[object Object]"
"LB-LOC-72135","LB","LB-GOV-FCD3D044F36B","LB-DIST-73C2DF9AE3DE","","","72135","الصلحاني","Salhani","","populated-place","33.13184565","35.30736827","national-manifest","C:\xampp\htdocs\projectx\watanybot\packages\lebanese-administrative-authority\authority\sources\arabic\national-village-manifest-clean.csv","","source-reported","accepted","","72135","true","[object Object]"
"LB-LOC-72214","LB","LB-GOV-FCD3D044F36B","LB-DIST-73C2DF9AE3DE","","","72214","سلطانية","Soultaniyet Bent Jbayl","","populated-place","33.20570841","35.40290408","national-manifest","C:\xampp\htdocs\projectx\watanybot\packages\lebanese-administrative-authority\authority\sources\arabic\national-village-manifest-clean.csv","","source-reported","accepted","","72214","true","[object Object]"
"LB-LOC-72267","LB","LB-GOV-FCD3D044F36B","LB-DIST-73C2DF9AE3DE","","","72267","صربين","Srobbine","","populated-place","33.15369488","35.36093463","national-manifest","C:\xampp\htdocs\projectx\watanybot\packages\lebanese-administrative-authority\authority\sources\arabic\national-village-manifest-clean.csv","","source-reported","accepted","","72267","true","[object Object]"
"LB-LOC-72211","LB","LB-GOV-FCD3D044F36B","LB-DIST-73C2DF9AE3DE","","","72211","تبنين","Tibnine","","populated-place","33.19157728","35.40607103","national-manifest","C:\xampp\htdocs\projectx\watanybot\packages\lebanese-administrative-authority\authority\sources\arabic\national-village-manifest-clean.csv","","source-reported","accepted","","72211","true","[object Object]"
"LB-LOC-72254","LB","LB-GOV-FCD3D044F36B","LB-DIST-73C2DF9AE3DE","","","72254","طيري","Tiri","","populated-place","33.14360029","35.40145474","national-manifest","C:\xampp\htdocs\projectx\watanybot\packages\lebanese-administrative-authority\authority\sources\arabic\national-village-manifest-clean.csv","","source-reported","accepted","","72254","true","[object Object]"
"LB-LOC-72159","LB","LB-GOV-FCD3D044F36B","LB-DIST-73C2DF9AE3DE","","","72159","يارون","Yaroun","","populated-place","33.08387446","35.41679984","national-manifest","C:\xampp\htdocs\projectx\watanybot\packages\lebanese-administrative-authority\authority\sources\arabic\national-village-manifest-clean.csv","","source-reported","accepted","","72159","true","[object Object]"
"LB-LOC-72277","LB","LB-GOV-FCD3D044F36B","LB-DIST-73C2DF9AE3DE","","","72277","ياطر","Yater","","populated-place","33.1476715","35.32461494","national-manifest","C:\xampp\htdocs\projectx\watanybot\packages\lebanese-administrative-authority\authority\sources\arabic\national-village-manifest-clean.csv","","source-reported","accepted","","72277","true","[object Object]"
"LB-LOC-71351","LB","LB-GOV-FCD3D044F36B","LB-DIST-F78AE923A8D3","","","71351","عبا","Aabba","","populated-place","33.35713193","35.39248319","national-manifest","C:\xampp\htdocs\projectx\watanybot\packages\lebanese-administrative-authority\authority\sources\arabic\national-village-manifest-clean.csv","","source-reported","accepted","","71351","true","[object Object]"
"LB-LOC-71347","LB","LB-GOV-FCD3D044F36B","LB-DIST-F78AE923A8D3","","","71347","عدشيت الشقيف","Aadchit Ech-Chqif","","populated-place","33.34635453","35.41642555","national-manifest","C:\xampp\htdocs\projectx\watanybot\packages\lebanese-administrative-authority\authority\sources\arabic\national-village-manifest-clean.csv","","source-reported","accepted","","71347","true","[object Object]"
"LB-LOC-71216","LB","LB-GOV-FCD3D044F36B","LB-DIST-F78AE923A8D3","","","71216","مزرعة عين بوسوار","Aain Bou Souar","","populated-place","33.46951738","35.51936541","national-manifest","C:\xampp\htdocs\projectx\watanybot\packages\lebanese-administrative-authority\authority\sources\arabic\national-village-manifest-clean.csv","","source-reported","accepted","","71216","true","[object Object]"
"LB-LOC-71226","LB","LB-GOV-FCD3D044F36B","LB-DIST-F78AE923A8D3","","","71226","عين قانا","Aain Qana","","populated-place","33.4676975","35.50040717","national-manifest","C:\xampp\htdocs\projectx\watanybot\packages\lebanese-administrative-authority\authority\sources\arabic\national-village-manifest-clean.csv","","source-reported","accepted","","71226","true","[object Object]"
"LB-LOC-71115","LB","LB-GOV-FCD3D044F36B","LB-DIST-F78AE923A8D3","","","71115","علي الطاهر","Aali Et-Taher","","populated-place","33.36516945","35.5176766","national-manifest","C:\xampp\htdocs\projectx\watanybot\packages\lebanese-administrative-authority\authority\sources\arabic\national-village-manifest-clean.csv","","source-reported","accepted","","71115","true","[object Object]"
"LB-LOC-71256","LB","LB-GOV-FCD3D044F36B","LB-DIST-F78AE923A8D3","","","71256","عرب صاليم","Aarab Salim","","populated-place","33.42360507","35.50380053","national-manifest","C:\xampp\htdocs\projectx\watanybot\packages\lebanese-administrative-authority\authority\sources\arabic\national-village-manifest-clean.csv","","source-reported","accepted","","71256","true","[object Object]"
"LB-LOC-71271","LB","LB-GOV-FCD3D044F36B","LB-DIST-F78AE923A8D3","","","71271","عزه","Aazzi","","populated-place","33.4520654","35.43521307","national-manifest","C:\xampp\htdocs\projectx\watanybot\packages\lebanese-administrative-authority\authority\sources\arabic\national-village-manifest-clean.csv","","source-reported","accepted","","71271","true","[object Object]"
"LB-LOC-71361","LB","LB-GOV-FCD3D044F36B","LB-DIST-F78AE923A8D3","","","71361","إنصار","Ansar","","populated-place","33.37895061","35.33968759","national-manifest","C:\xampp\htdocs\projectx\watanybot\packages\lebanese-administrative-authority\authority\sources\arabic\national-village-manifest-clean.csv","","source-reported","accepted","","71361","true","[object Object]"
"LB-LOC-71377","LB","LB-GOV-FCD3D044F36B","LB-DIST-F78AE923A8D3","","","71377","أرنون","Arnoun","","populated-place","33.33380892","35.52708841","national-manifest","C:\xampp\htdocs\projectx\watanybot\packages\lebanese-administrative-authority\authority\sources\arabic\national-village-manifest-clean.csv","","source-reported","accepted","","71377","true","[object Object]"
"LB-LOC-71276","LB","LB-GOV-FCD3D044F36B","LB-DIST-F78AE923A8D3","","","71276","كفروة أو بفروة","Bfaroueh","","populated-place","33.44174726","35.42380713","national-manifest","C:\xampp\htdocs\projectx\watanybot\packages\lebanese-administrative-authority\authority\sources\arabic\national-village-manifest-clean.csv","","source-reported","accepted","","71276","true","[object Object]"
"LB-LOC-71387","LB","LB-GOV-FCD3D044F36B","LB-DIST-F78AE923A8D3","","","71387","بريقع","Braiqeaa","","populated-place","33.34082474","35.37751111","national-manifest","C:\xampp\htdocs\projectx\watanybot\packages\lebanese-administrative-authority\authority\sources\arabic\national-village-manifest-clean.csv","","source-reported","accepted","","71387","true","[object Object]"
"LB-LOC-71321","LB","LB-GOV-FCD3D044F36B","LB-DIST-F78AE923A8D3","","","71321","شرقية","Charqiyeh","","populated-place","33.40823079","35.42508874","national-manifest","C:\xampp\htdocs\projectx\watanybot\packages\lebanese-administrative-authority\authority\sources\arabic\national-village-manifest-clean.csv","","source-reported","accepted","","71321","true","[object Object]"
"LB-LOC-71144","LB","LB-GOV-FCD3D044F36B","LB-DIST-F78AE923A8D3","","","71144","شوكين","Choukine","","populated-place","33.35100815","35.45819986","national-manifest","C:\xampp\htdocs\projectx\watanybot\packages\lebanese-administrative-authority\authority\sources\arabic\national-village-manifest-clean.csv","","source-reported","accepted","","71144","true","[object Object]"
"LB-LOC-71311","LB","LB-GOV-FCD3D044F36B","LB-DIST-F78AE923A8D3","","","71311","دير الزهراني","Deir Ez-Zahrani","","populated-place","33.42813976","35.44780283","national-manifest","C:\xampp\htdocs\projectx\watanybot\packages\lebanese-administrative-authority\authority\sources\arabic\national-village-manifest-clean.csv","","source-reported","accepted","","71311","true","[object Object]"
"LB-LOC-71334","LB","LB-GOV-FCD3D044F36B","LB-DIST-F78AE923A8D3","","","71334","الدوير النبطية","Douair En-Nabatiyeh","","populated-place","33.38299728","35.41426841","national-manifest","C:\xampp\htdocs\projectx\watanybot\packages\lebanese-administrative-authority\authority\sources\arabic\national-village-manifest-clean.csv","","source-reported","accepted","","71334","true","[object Object]"
"LB-LOC-71155","LB","LB-GOV-FCD3D044F36B","LB-DIST-F78AE923A8D3","","","71155","حبوش","Habbouch En-Nabatiyeh","","populated-place","33.4068379","35.48646515","national-manifest","C:\xampp\htdocs\projectx\watanybot\packages\lebanese-administrative-authority\authority\sources\arabic\national-village-manifest-clean.csv","","source-reported","accepted","","71155","true","[object Object]"
"LB-LOC-71371","LB","LB-GOV-FCD3D044F36B","LB-DIST-F78AE923A8D3","","","71371","الحمرا النبطية","Hamra En-Nabattiyeh","","populated-place","33.32563706","35.49380944","national-manifest","C:\xampp\htdocs\projectx\watanybot\packages\lebanese-administrative-authority\authority\sources\arabic\national-village-manifest-clean.csv","","source-reported","accepted","","71371","true","[object Object]"
"LB-LOC-71331","LB","LB-GOV-FCD3D044F36B","LB-DIST-F78AE923A8D3","","","71331","حروف","Harouf En-Nabatiyeh","","populated-place","33.36914739","35.44464353","national-manifest","C:\xampp\htdocs\projectx\watanybot\packages\lebanese-administrative-authority\authority\sources\arabic\national-village-manifest-clean.csv","","source-reported","accepted","","71331","true","[object Object]"
"LB-LOC-71251","LB","LB-GOV-FCD3D044F36B","LB-DIST-F78AE923A8D3","","","71251","حميلة","Hmaileh","","populated-place","33.44617043","35.4673848","national-manifest","C:\xampp\htdocs\projectx\watanybot\packages\lebanese-administrative-authority\authority\sources\arabic\national-village-manifest-clean.csv","","source-reported","accepted","","71251","true","[object Object]"
"LB-LOC-71246","LB","LB-GOV-FCD3D044F36B","LB-DIST-F78AE923A8D3","","","71246","حومين الفوقا","Houmine El-Faouqa","","populated-place","33.44123037","35.49038912","national-manifest","C:\xampp\htdocs\projectx\watanybot\packages\lebanese-administrative-authority\authority\sources\arabic\national-village-manifest-clean.csv","","source-reported","accepted","","71246","true","[object Object]"
"LB-LOC-71266","LB","LB-GOV-FCD3D044F36B","LB-DIST-F78AE923A8D3","","","71266","حومين التحتا","Houmine Et-Tahta","","populated-place","33.47874468","35.43601072","national-manifest","C:\xampp\htdocs\projectx\watanybot\packages\lebanese-administrative-authority\authority\sources\arabic\national-village-manifest-clean.csv","","source-reported","accepted","","71266","true","[object Object]"
"LB-LOC-71231","LB","LB-GOV-FCD3D044F36B","LB-DIST-F78AE923A8D3","","","71231","جرجوع","Jarjouaa","","populated-place","33.44907692","35.52520147","national-manifest","C:\xampp\htdocs\projectx\watanybot\packages\lebanese-administrative-authority\authority\sources\arabic\national-village-manifest-clean.csv","","source-reported","accepted","","71231","true","[object Object]"
"LB-LOC-71211","LB","LB-GOV-FCD3D044F36B","LB-DIST-F78AE923A8D3","","","71211","جباع النبطية","Jbaa En-Nabatiyeh","","populated-place","33.48879983","35.52275496","national-manifest","C:\xampp\htdocs\projectx\watanybot\packages\lebanese-administrative-authority\authority\sources\arabic\national-village-manifest-clean.csv","","source-reported","accepted","","71211","true","[object Object]"
"LB-LOC-71337","LB","LB-GOV-FCD3D044F36B","LB-DIST-F78AE923A8D3","","","71337","جبشيت","Jibchit","","populated-place","33.36138589","35.42805324","national-manifest","C:\xampp\htdocs\projectx\watanybot\packages\lebanese-administrative-authority\authority\sources\arabic\national-village-manifest-clean.csv","","source-reported","accepted","","71337","true","[object Object]"
"LB-LOC-71354","LB","LB-GOV-FCD3D044F36B","LB-DIST-F78AE923A8D3","","","71354","كفردجال","Kfar Djal En-Nabatiyeh","","populated-place","33.34347175","35.43986854","national-manifest","C:\xampp\htdocs\projectx\watanybot\packages\lebanese-administrative-authority\authority\sources\arabic\national-village-manifest-clean.csv","","source-reported","accepted","","71354","true","[object Object]"
"LB-LOC-71133","LB","LB-GOV-FCD3D044F36B","LB-DIST-F78AE923A8D3","","","71133","كفر رمان","Kfar Roummane","","populated-place","33.39841848","35.51796377","national-manifest","C:\xampp\htdocs\projectx\watanybot\packages\lebanese-administrative-authority\authority\sources\arabic\national-village-manifest-clean.csv","","source-reported","accepted","","71133","true","[object Object]"
"LB-LOC-71391","LB","LB-GOV-FCD3D044F36B","LB-DIST-F78AE923A8D3","","","71391","كفرصير","Kfar Sir","","populated-place","33.31613862","35.39678815","national-manifest","C:\xampp\htdocs\projectx\watanybot\packages\lebanese-administrative-authority\authority\sources\arabic\national-village-manifest-clean.csv","","source-reported","accepted","","71391","true","[object Object]"
"LB-LOC-71166","LB","LB-GOV-FCD3D044F36B","LB-DIST-F78AE923A8D3","","","71166","كفر تبنيت","Kfar Tibnit","","populated-place","33.35094617","35.51920784","national-manifest","C:\xampp\htdocs\projectx\watanybot\packages\lebanese-administrative-authority\authority\sources\arabic\national-village-manifest-clean.csv","","source-reported","accepted","","71166","true","[object Object]"
"LB-LOC-71221","LB","LB-GOV-FCD3D044F36B","LB-DIST-F78AE923A8D3","","","71221","كفرفيلا","Kfarfila","","populated-place","33.48113","35.49763654","national-manifest","C:\xampp\htdocs\projectx\watanybot\packages\lebanese-administrative-authority\authority\sources\arabic\national-village-manifest-clean.csv","","source-reported","accepted","","71221","true","[object Object]"
"LB-LOC-71177","LB","LB-GOV-FCD3D044F36B","LB-DIST-F78AE923A8D3","","","71177","الكفور النبطية","Kfour En-Nabatieh","","populated-place","33.40426179","35.45161563","national-manifest","C:\xampp\htdocs\projectx\watanybot\packages\lebanese-administrative-authority\authority\sources\arabic\national-village-manifest-clean.csv","","source-reported","accepted","","71177","true","[object Object]"
"LB-LOC-71344","LB","LB-GOV-FCD3D044F36B","LB-DIST-F78AE923A8D3","","","71344","ميفدون","Mayfadoun","","populated-place","33.34467741","35.47487465","national-manifest","C:\xampp\htdocs\projectx\watanybot\packages\lebanese-administrative-authority\authority\sources\arabic\national-village-manifest-clean.csv","","source-reported","accepted","","71344","true","[object Object]"
"LB-LOC-71386","LB","LB-GOV-FCD3D044F36B","LB-DIST-F78AE923A8D3","","","71386","مزرعة بصفُور","Mazraat Bsaffour","","populated-place","33.391866","35.38100244","national-manifest","C:\xampp\htdocs\projectx\watanybot\packages\lebanese-administrative-authority\authority\sources\arabic\national-village-manifest-clean.csv","","source-reported","accepted","","71386","true","[object Object]"
"LB-LOC-71341","LB","LB-GOV-FCD3D044F36B","LB-DIST-F78AE923A8D3","","","71341","مزرعة شلبعل","Mazraat Chalbaal","","populated-place","33.38565593","35.39112498","national-manifest","C:\xampp\htdocs\projectx\watanybot\packages\lebanese-administrative-authority\authority\sources\arabic\national-village-manifest-clean.csv","","source-reported","accepted","","71341","true","[object Object]"
"LB-LOC-71357","LB","LB-GOV-FCD3D044F36B","LB-DIST-F78AE923A8D3","","","71357","مزرعة دمول","Mazraat Dmoul","","populated-place","33.37005319","35.3798966","national-manifest","C:\xampp\htdocs\projectx\watanybot\packages\lebanese-administrative-authority\authority\sources\arabic\national-village-manifest-clean.csv","","source-reported","accepted","","71357","true","[object Object]"
"LB-LOC-71314","LB","LB-GOV-FCD3D044F36B","LB-DIST-F78AE923A8D3","","","71314","مزرعة البياض","Mazraat El-Bayad En-Nabatieh","","populated-place","33.4275361","35.48088171","national-manifest","C:\xampp\htdocs\projectx\watanybot\packages\lebanese-administrative-authority\authority\sources\arabic\national-village-manifest-clean.csv","","source-reported","accepted","","71314","true","[object Object]"
"LB-LOC-71117","LB","LB-GOV-FCD3D044F36B","LB-DIST-F78AE923A8D3","","","71117","مزرعة كفر جوز","Mazraat Kfarjaouz","","populated-place","33.39477931","35.47470916","national-manifest","C:\xampp\htdocs\projectx\watanybot\packages\lebanese-administrative-authority\authority\sources\arabic\national-village-manifest-clean.csv","","source-reported","accepted","","71117","true","[object Object]"
"LB-LOC-71384","LB","LB-GOV-FCD3D044F36B","LB-DIST-F78AE923A8D3","","","71384","مزرعة قلعة ميس","Mazraat Qalaat El-Meis","","populated-place","33.35787073","35.35959685","national-manifest","C:\xampp\htdocs\projectx\watanybot\packages\lebanese-administrative-authority\authority\sources\arabic\national-village-manifest-clean.csv","","source-reported","accepted","","71384","true","[object Object]"
"LB-LOC-71241","LB","LB-GOV-FCD3D044F36B","LB-DIST-F78AE923A8D3","","","71241","مزرعة الخريبة","Mzaraat El-Khreibeh","","populated-place","33.47231032","35.45958684","national-manifest","C:\xampp\htdocs\projectx\watanybot\packages\lebanese-administrative-authority\authority\sources\arabic\national-village-manifest-clean.csv","","source-reported","accepted","","71241","true","[object Object]"
"LB-LOC-71111","LB","LB-GOV-FCD3D044F36B","LB-DIST-F78AE923A8D3","","","71111","نبطية التحتا","Nabatieh Et-Tahta","","populated-place","33.37893488","35.4832614","national-manifest","C:\xampp\htdocs\projectx\watanybot\packages\lebanese-administrative-authority\authority\sources\arabic\national-village-manifest-clean.csv","","source-reported","accepted","","71111","true","[object Object]"
"LB-LOC-71113","LB","LB-GOV-FCD3D044F36B","LB-DIST-F78AE923A8D3","","","71113","نبطية الفوقا","Nabatiyeh El-Faouka","","populated-place","33.35485982","35.49267998","national-manifest","C:\xampp\htdocs\projectx\watanybot\packages\lebanese-administrative-authority\authority\sources\arabic\national-village-manifest-clean.csv","","source-reported","accepted","","71113","true","[object Object]"
"LB-LOC-71327","LB","LB-GOV-FCD3D044F36B","LB-DIST-F78AE923A8D3","","","71327","نميرية","Nmairiyeh","","populated-place","33.41831725","35.40908154","national-manifest","C:\xampp\htdocs\projectx\watanybot\packages\lebanese-administrative-authority\authority\sources\arabic\national-village-manifest-clean.csv","","source-reported","accepted","","71327","true","[object Object]"
"LB-LOC-71381","LB","LB-GOV-FCD3D044F36B","LB-DIST-F78AE923A8D3","","","71381","قعقعية الجسر","Qaaqaaiyet Ej-Jisr","","populated-place","33.32554985","35.42636543","national-manifest","C:\xampp\htdocs\projectx\watanybot\packages\lebanese-administrative-authority\authority\sources\arabic\national-village-manifest-clean.csv","","source-reported","accepted","","71381","true","[object Object]"
"LB-LOC-71374","LB","LB-GOV-FCD3D044F36B","LB-DIST-F78AE923A8D3","","","71374","قصيبة النبطية","Qsaibet En-Nabatiyeh","","populated-place","33.33496211","35.4033509","national-manifest","C:\xampp\htdocs\projectx\watanybot\packages\lebanese-administrative-authority\authority\sources\arabic\national-village-manifest-clean.csv","","source-reported","accepted","","71374","true","[object Object]"
"LB-LOC-71261","LB","LB-GOV-FCD3D044F36B","LB-DIST-F78AE923A8D3","","","71261","رومين","Roumine","","populated-place","33.45951339","35.4529906","national-manifest","C:\xampp\htdocs\projectx\watanybot\packages\lebanese-administrative-authority\authority\sources\arabic\national-village-manifest-clean.csv","","source-reported","accepted","","71261","true","[object Object]"
"LB-LOC-71236","LB","LB-GOV-FCD3D044F36B","LB-DIST-F78AE923A8D3","","","71236","صربا النبطية","Sarba En-Nabatieh","","populated-place","33.47066113","35.47563015","national-manifest","C:\xampp\htdocs\projectx\watanybot\packages\lebanese-administrative-authority\authority\sources\arabic\national-village-manifest-clean.csv","","source-reported","accepted","","71236","true","[object Object]"
"LB-LOC-71397","LB","LB-GOV-FCD3D044F36B","LB-DIST-F78AE923A8D3","","","71397","صير الغربية","Sir El-Gharbiyeh","","populated-place","33.32227119","35.36011536","national-manifest","C:\xampp\htdocs\projectx\watanybot\packages\lebanese-administrative-authority\authority\sources\arabic\national-village-manifest-clean.csv","","source-reported","accepted","","71397","true","[object Object]"
"LB-LOC-71324","LB","LB-GOV-FCD3D044F36B","LB-DIST-F78AE923A8D3","","","71324","تول","Toul","","populated-place","33.39102058","35.44985458","national-manifest","C:\xampp\htdocs\projectx\watanybot\packages\lebanese-administrative-authority\authority\sources\arabic\national-village-manifest-clean.csv","","source-reported","accepted","","71324","true","[object Object]"
"LB-LOC-71394","LB","LB-GOV-FCD3D044F36B","LB-DIST-F78AE923A8D3","","","71394","يحمر","Yohmor En-Nabatiyeh","","populated-place","33.31443876","35.51333432","national-manifest","C:\xampp\htdocs\projectx\watanybot\packages\lebanese-administrative-authority\authority\sources\arabic\national-village-manifest-clean.csv","","source-reported","accepted","","71394","true","[object Object]"
"LB-LOC-71367","LB","LB-GOV-FCD3D044F36B","LB-DIST-F78AE923A8D3","","","71367","زوطر الشرقية","Zaoutar Ech-Charqiyeh","","populated-place","33.32021833","35.47518275","national-manifest","C:\xampp\htdocs\projectx\watanybot\packages\lebanese-administrative-authority\authority\sources\arabic\national-village-manifest-clean.csv","","source-reported","accepted","","71367","true","[object Object]"
"LB-LOC-71364","LB","LB-GOV-FCD3D044F36B","LB-DIST-F78AE923A8D3","","","71364","زوطر الغربية","Zaoutar El-Gharbiyeh","","populated-place","33.32444272","35.45348927","national-manifest","C:\xampp\htdocs\projectx\watanybot\packages\lebanese-administrative-authority\authority\sources\arabic\national-village-manifest-clean.csv","","source-reported","accepted","","71364","true","[object Object]"
"LB-LOC-71281","LB","LB-GOV-FCD3D044F36B","LB-DIST-F78AE923A8D3","","","71281","زفتا","Zefta","","populated-place","33.44368638","35.40064722","national-manifest","C:\xampp\htdocs\projectx\watanybot\packages\lebanese-administrative-authority\authority\sources\arabic\national-village-manifest-clean.csv","","source-reported","accepted","","71281","true","[object Object]"
"LB-LOC-71122","LB","LB-GOV-FCD3D044F36B","LB-DIST-F78AE923A8D3","","","71122","زبدين النبطية","Zibdine En-Nabatiyeh","","populated-place","33.3728811","35.46248964","national-manifest","C:\xampp\htdocs\projectx\watanybot\packages\lebanese-administrative-authority\authority\sources\arabic\national-village-manifest-clean.csv","","source-reported","accepted","","71122","true","[object Object]"
"LB-LOC-74114","LB","LB-GOV-FCD3D044F36B","LB-DIST-08F50C3578A8","","","74114","عين جرفا","Aain Jarfa","","populated-place","33.38202016","35.68403958","national-manifest","C:\xampp\htdocs\projectx\watanybot\packages\lebanese-administrative-authority\authority\sources\arabic\national-village-manifest-clean.csv","","source-reported","accepted","","74114","true","[object Object]"
"LB-LOC-74126","LB","LB-GOV-FCD3D044F36B","LB-DIST-08F50C3578A8","","","74126","عين قنيا","Aain Qinia","","populated-place","33.39785601","35.70263292","national-manifest","C:\xampp\htdocs\projectx\watanybot\packages\lebanese-administrative-authority\authority\sources\arabic\national-village-manifest-clean.csv","","source-reported","accepted","","74126","true","[object Object]"
"LB-LOC-74112","LB","LB-GOV-FCD3D044F36B","LB-DIST-08F50C3578A8","","","74112","أبو قمحة","Abou Qamha","","populated-place","33.38174567","35.6573549","national-manifest","C:\xampp\htdocs\projectx\watanybot\packages\lebanese-administrative-authority\authority\sources\arabic\national-village-manifest-clean.csv","","source-reported","accepted","","74112","true","[object Object]"
"LB-LOC-74155","LB","LB-GOV-FCD3D044F36B","LB-DIST-08F50C3578A8","","","74155","برغز","Bourghos","","populated-place","33.40960483","35.62493215","national-manifest","C:\xampp\htdocs\projectx\watanybot\packages\lebanese-administrative-authority\authority\sources\arabic\national-village-manifest-clean.csv","","source-reported","accepted","","74155","true","[object Object]"
"LB-LOC-74130","LB","LB-GOV-FCD3D044F36B","LB-DIST-08F50C3578A8","","","74130","شبعا","Chebaa","","populated-place","33.35408123","35.7488426","national-manifest","C:\xampp\htdocs\projectx\watanybot\packages\lebanese-administrative-authority\authority\sources\arabic\national-village-manifest-clean.csv","","source-reported","accepted","","74130","true","[object Object]"
"LB-LOC-74124","LB","LB-GOV-FCD3D044F36B","LB-DIST-08F50C3578A8","","","74124","شويّا","Chouaya Hasbaiya","","populated-place","33.38762775","35.73653516","national-manifest","C:\xampp\htdocs\projectx\watanybot\packages\lebanese-administrative-authority\authority\sources\arabic\national-village-manifest-clean.csv","","source-reported","accepted","","74124","true","[object Object]"
"LB-LOC-74179","LB","LB-GOV-FCD3D044F36B","LB-DIST-08F50C3578A8","","","74179","دلافة","Dellafeh","","populated-place","33.42535907","35.64380286","national-manifest","C:\xampp\htdocs\projectx\watanybot\packages\lebanese-administrative-authority\authority\sources\arabic\national-village-manifest-clean.csv","","source-reported","accepted","","74179","true","[object Object]"
"LB-LOC-74116","LB","LB-GOV-FCD3D044F36B","LB-DIST-08F50C3578A8","","","74116","الفرديس","Fardis Hasbaiya","","populated-place","33.36740924","35.65647695","national-manifest","C:\xampp\htdocs\projectx\watanybot\packages\lebanese-administrative-authority\authority\sources\arabic\national-village-manifest-clean.csv","","source-reported","accepted","","74116","true","[object Object]"
"LB-LOC-74111","LB","LB-GOV-FCD3D044F36B","LB-DIST-08F50C3578A8","","","74111","حاصبيّا","Hasbaiya","","populated-place","33.41981512","35.67206856","national-manifest","C:\xampp\htdocs\projectx\watanybot\packages\lebanese-administrative-authority\authority\sources\arabic\national-village-manifest-clean.csv","","source-reported","accepted","","74111","true","[object Object]"
"LB-LOC-74122","LB","LB-GOV-FCD3D044F36B","LB-DIST-08F50C3578A8","","","74122","هبّارية","Hebbariyeh","","populated-place","33.36088606","35.69955282","national-manifest","C:\xampp\htdocs\projectx\watanybot\packages\lebanese-administrative-authority\authority\sources\arabic\national-village-manifest-clean.csv","","source-reported","accepted","","74122","true","[object Object]"
"LB-LOC-74133","LB","LB-GOV-FCD3D044F36B","LB-DIST-08F50C3578A8","","","74133","كوكبا حاصبيّا","Kaoukaba Hasbaiya","","populated-place","33.39252712","35.63399173","national-manifest","C:\xampp\htdocs\projectx\watanybot\packages\lebanese-administrative-authority\authority\sources\arabic\national-village-manifest-clean.csv","","source-reported","accepted","","74133","true","[object Object]"
"LB-LOC-74160","LB","LB-GOV-FCD3D044F36B","LB-DIST-08F50C3578A8","","","74160","كفر شوبا","Kfar Chouba","","populated-place","33.32106953","35.68472076","national-manifest","C:\xampp\htdocs\projectx\watanybot\packages\lebanese-administrative-authority\authority\sources\arabic\national-village-manifest-clean.csv","","source-reported","accepted","","74160","true","[object Object]"
"LB-LOC-74120","LB","LB-GOV-FCD3D044F36B","LB-DIST-08F50C3578A8","","","74120","كفرحمام","Kfar Hamam","","populated-place","33.34106439","35.67094792","national-manifest","C:\xampp\htdocs\projectx\watanybot\packages\lebanese-administrative-authority\authority\sources\arabic\national-village-manifest-clean.csv","","source-reported","accepted","","74120","true","[object Object]"
"LB-LOC-74175","LB","LB-GOV-FCD3D044F36B","LB-DIST-08F50C3578A8","","","74175","كفير الزيت","Kfayr Ez-Zait","","populated-place","33.44034832","35.73445038","national-manifest","C:\xampp\htdocs\projectx\watanybot\packages\lebanese-administrative-authority\authority\sources\arabic\national-village-manifest-clean.csv","","source-reported","accepted","","74175","true","[object Object]"
"LB-LOC-74168","LB","LB-GOV-FCD3D044F36B","LB-DIST-08F50C3578A8","","","74168","خلوات حاصبيّا","Khalouet Hasbaiya","","populated-place","33.40426938","35.75242407","national-manifest","C:\xampp\htdocs\projectx\watanybot\packages\lebanese-administrative-authority\authority\sources\arabic\national-village-manifest-clean.csv","","source-reported","accepted","","74168","true","[object Object]"
"LB-LOC-74181","LB","LB-GOV-FCD3D044F36B","LB-DIST-08F50C3578A8","","","74181","خريبة حاصبيّا","Khreibet Hasbaiya","","populated-place","33.33294027","35.64404543","national-manifest","C:\xampp\htdocs\projectx\watanybot\packages\lebanese-administrative-authority\authority\sources\arabic\national-village-manifest-clean.csv","","source-reported","accepted","","74181","true","[object Object]"
"LB-LOC-74177","LB","LB-GOV-FCD3D044F36B","LB-DIST-08F50C3578A8","","","74177","مجيدية حاصبيا","Majidiyeh Hasbaiya","","populated-place","33.28987248","35.65625521","national-manifest","C:\xampp\htdocs\projectx\watanybot\packages\lebanese-administrative-authority\authority\sources\arabic\national-village-manifest-clean.csv","","source-reported","accepted","","74177","true","[object Object]"
"LB-LOC-74131","LB","LB-GOV-FCD3D044F36B","LB-DIST-08F50C3578A8","","","74131","مرج الزهور الدنيبة","Marj Ez-Zouhour (Haouch El-Qinnaabeh)","","populated-place","33.46562098","35.74074682","national-manifest","C:\xampp\htdocs\projectx\watanybot\packages\lebanese-administrative-authority\authority\sources\arabic\national-village-manifest-clean.csv","","source-reported","accepted","","74131","true","[object Object]"
"LB-LOC-74128","LB","LB-GOV-FCD3D044F36B","LB-DIST-08F50C3578A8","","","74128","ميمس","Meimes","","populated-place","33.43526451","35.69814419","national-manifest","C:\xampp\htdocs\projectx\watanybot\packages\lebanese-administrative-authority\authority\sources\arabic\national-village-manifest-clean.csv","","source-reported","accepted","","74128","true","[object Object]"
"LB-LOC-74158","LB","LB-GOV-FCD3D044F36B","LB-DIST-08F50C3578A8","","","74158","ماري","Meri","","populated-place","33.31649867","35.64635066","national-manifest","C:\xampp\htdocs\projectx\watanybot\packages\lebanese-administrative-authority\authority\sources\arabic\national-village-manifest-clean.csv","","source-reported","accepted","","74158","true","[object Object]"
"LB-LOC-74118","LB","LB-GOV-FCD3D044F36B","LB-DIST-08F50C3578A8","","","74118","راشيّا الفخار","Rachaiya El-Foukhar","","populated-place","33.34953219","35.6516202","national-manifest","C:\xampp\htdocs\projectx\watanybot\packages\lebanese-administrative-authority\authority\sources\arabic\national-village-manifest-clean.csv","","source-reported","accepted","","74118","true","[object Object]"
"LB-LOC-74141","LB","LB-GOV-FCD3D044F36B","LB-DIST-08F50C3578A8","","","74141","صلايب","Salaiyeb","","populated-place","33.28388556","35.62934387","national-manifest","C:\xampp\htdocs\projectx\watanybot\packages\lebanese-administrative-authority\authority\sources\arabic\national-village-manifest-clean.csv","","source-reported","accepted","","74141","true","[object Object]"
"LB-LOC-73211","LB","LB-GOV-FCD3D044F36B","LB-DIST-4843EFFE7408","","","73211","عديسة مرجعيون","Aadaysseh Marjaayoun","","populated-place","33.24843608","35.53808597","national-manifest","C:\xampp\htdocs\projectx\watanybot\packages\lebanese-administrative-authority\authority\sources\arabic\national-village-manifest-clean.csv","","source-reported","accepted","","73211","true","[object Object]"
"LB-LOC-73256","LB","LB-GOV-FCD3D044F36B","LB-DIST-4843EFFE7408","","","73256","عدشيت القصير","Aadchit El-Qoussair","","populated-place","33.26973381","35.48921737","national-manifest","C:\xampp\htdocs\projectx\watanybot\packages\lebanese-administrative-authority\authority\sources\arabic\national-village-manifest-clean.csv","","source-reported","accepted","","73256","true","[object Object]"
"LB-LOC-73162","LB","LB-GOV-FCD3D044F36B","LB-DIST-4843EFFE7408","","","73162","عين عرب مرجعيون","Aain Aarab Marjaayoun","","populated-place","33.29878678","35.62279287","national-manifest","C:\xampp\htdocs\projectx\watanybot\packages\lebanese-administrative-authority\authority\sources\arabic\national-village-manifest-clean.csv","","source-reported","accepted","","73162","true","[object Object]"
"LB-LOC-73293","LB","LB-GOV-FCD3D044F36B","LB-DIST-4843EFFE7408","","","73293","علمانة","Aalmane Marjaayoun","","populated-place","33.30318602","35.46574991","national-manifest","C:\xampp\htdocs\projectx\watanybot\packages\lebanese-administrative-authority\authority\sources\arabic\national-village-manifest-clean.csv","","source-reported","accepted","","73293","true","[object Object]"
"LB-LOC-73191","LB","LB-GOV-FCD3D044F36B","LB-DIST-4843EFFE7408","","","73191","عمرة","Aamra","","populated-place","33.26580686","35.60385959","national-manifest","C:\xampp\htdocs\projectx\watanybot\packages\lebanese-administrative-authority\authority\sources\arabic\national-village-manifest-clean.csv","","source-reported","accepted","","73191","true","[object Object]"
"LB-LOC-73226","LB","LB-GOV-FCD3D044F36B","LB-DIST-4843EFFE7408","","","73226","بني حيان","Bany haiyane","","populated-place","33.24780761","35.48791513","national-manifest","C:\xampp\htdocs\projectx\watanybot\packages\lebanese-administrative-authority\authority\sources\arabic\national-village-manifest-clean.csv","","source-reported","accepted","","73226","true","[object Object]"
"LB-LOC-73135","LB","LB-GOV-FCD3D044F36B","LB-DIST-4843EFFE7408","","","73135","بلاط مرجعيون","Blat Marjaayoun","","populated-place","33.38414863","35.60516834","national-manifest","C:\xampp\htdocs\projectx\watanybot\packages\lebanese-administrative-authority\authority\sources\arabic\national-village-manifest-clean.csv","","source-reported","accepted","","73135","true","[object Object]"
"LB-LOC-73288","LB","LB-GOV-FCD3D044F36B","LB-DIST-4843EFFE7408","","","73288","بليدا","Blida","","populated-place","33.13683887","35.50411788","national-manifest","C:\xampp\htdocs\projectx\watanybot\packages\lebanese-administrative-authority\authority\sources\arabic\national-village-manifest-clean.csv","","source-reported","accepted","","73288","true","[object Object]"
"LB-LOC-73146","LB","LB-GOV-FCD3D044F36B","LB-DIST-4843EFFE7408","","","73146","برج الملوك","Borj El-Moulouk","","populated-place","33.31289812","35.56624765","national-manifest","C:\xampp\htdocs\projectx\watanybot\packages\lebanese-administrative-authority\authority\sources\arabic\national-village-manifest-clean.csv","","source-reported","accepted","","73146","true","[object Object]"
"LB-LOC-73116","LB","LB-GOV-FCD3D044F36B","LB-DIST-4843EFFE7408","","","73116","بويضة مرجعيون","Boueyda Marjaayoun","","populated-place","33.3647688","35.56624564","national-manifest","C:\xampp\htdocs\projectx\watanybot\packages\lebanese-administrative-authority\authority\sources\arabic\national-village-manifest-clean.csv","","source-reported","accepted","","73116","true","[object Object]"
"LB-LOC-73167","LB","LB-GOV-FCD3D044F36B","LB-DIST-4843EFFE7408","","","73167","دير ميماس","Deir Mimas","","populated-place","33.30186442","35.5436247","national-manifest","C:\xampp\htdocs\projectx\watanybot\packages\lebanese-administrative-authority\authority\sources\arabic\national-village-manifest-clean.csv","","source-reported","accepted","","73167","true","[object Object]"
"LB-LOC-73230","LB","LB-GOV-FCD3D044F36B","LB-DIST-4843EFFE7408","","","73230","دير سريان","Deir Siriane","","populated-place","33.29310161","35.49810578","national-manifest","C:\xampp\htdocs\projectx\watanybot\packages\lebanese-administrative-authority\authority\sources\arabic\national-village-manifest-clean.csv","","source-reported","accepted","","73230","true","[object Object]"
"LB-LOC-73119","LB","LB-GOV-FCD3D044F36B","LB-DIST-4843EFFE7408","","","73119","دبين","Dibbine","","populated-place","33.36875268","35.59987856","national-manifest","C:\xampp\htdocs\projectx\watanybot\packages\lebanese-administrative-authority\authority\sources\arabic\national-village-manifest-clean.csv","","source-reported","accepted","","73119","true","[object Object]"
"LB-LOC-73234","LB","LB-GOV-FCD3D044F36B","LB-DIST-4843EFFE7408","","","73234","حولا","Houla","","populated-place","33.20737879","35.5111617","national-manifest","C:\xampp\htdocs\projectx\watanybot\packages\lebanese-administrative-authority\authority\sources\arabic\national-village-manifest-clean.csv","","source-reported","accepted","","73234","true","[object Object]"
"LB-LOC-73183","LB","LB-GOV-FCD3D044F36B","LB-DIST-4843EFFE7408","","","73183","حوره","Houra","","populated-place","33.29696747","35.5577477","national-manifest","C:\xampp\htdocs\projectx\watanybot\packages\lebanese-administrative-authority\authority\sources\arabic\national-village-manifest-clean.csv","","source-reported","accepted","","73183","true","[object Object]"
"LB-LOC-73127","LB","LB-GOV-FCD3D044F36B","LB-DIST-4843EFFE7408","","","73127","إبل السقي","Ibl Es-Saqi","","populated-place","33.35644133","35.62186278","national-manifest","C:\xampp\htdocs\projectx\watanybot\packages\lebanese-administrative-authority\authority\sources\arabic\national-village-manifest-clean.csv","","source-reported","accepted","","73127","true","[object Object]"
"LB-LOC-73228","LB","LB-GOV-FCD3D044F36B","LB-DIST-4843EFFE7408","","","73228","كفركيلا","Kfar Kila","","populated-place","33.27418811","35.54834208","national-manifest","C:\xampp\htdocs\projectx\watanybot\packages\lebanese-administrative-authority\authority\sources\arabic\national-village-manifest-clean.csv","","source-reported","accepted","","73228","true","[object Object]"
"LB-LOC-73159","LB","LB-GOV-FCD3D044F36B","LB-DIST-4843EFFE7408","","","73159","الخيام","Khiyam Marjaayoun","","populated-place","33.31672913","35.61066056","national-manifest","C:\xampp\htdocs\projectx\watanybot\packages\lebanese-administrative-authority\authority\sources\arabic\national-village-manifest-clean.csv","","source-reported","accepted","","73159","true","[object Object]"
"LB-LOC-73279","LB","LB-GOV-FCD3D044F36B","LB-DIST-4843EFFE7408","","","73279","مجدل سلم","Majdel Selm","","populated-place","33.22211227","35.46080514","national-manifest","C:\xampp\htdocs\projectx\watanybot\packages\lebanese-administrative-authority\authority\sources\arabic\national-village-manifest-clean.csv","","source-reported","accepted","","73279","true","[object Object]"
"LB-LOC-73111","LB","LB-GOV-FCD3D044F36B","LB-DIST-4843EFFE7408","","","73111","مرجعيون","Marjaayoun","","populated-place","33.35090655","35.59510141","national-manifest","C:\xampp\htdocs\projectx\watanybot\packages\lebanese-administrative-authority\authority\sources\arabic\national-village-manifest-clean.csv","","source-reported","accepted","","73111","true","[object Object]"
"LB-LOC-73245","LB","LB-GOV-FCD3D044F36B","LB-DIST-4843EFFE7408","","","73245","مركبا","Markaba","","populated-place","33.23097551","35.51846334","national-manifest","C:\xampp\htdocs\projectx\watanybot\packages\lebanese-administrative-authority\authority\sources\arabic\national-village-manifest-clean.csv","","source-reported","accepted","","73245","true","[object Object]"
"LB-LOC-73143","LB","LB-GOV-FCD3D044F36B","LB-DIST-4843EFFE7408","","","73143","مزرعة دمياط","Mazraat Doumiat","","populated-place","33.34897735","35.54813031","national-manifest","C:\xampp\htdocs\projectx\watanybot\packages\lebanese-administrative-authority\authority\sources\arabic\national-village-manifest-clean.csv","","source-reported","accepted","","73143","true","[object Object]"
"LB-LOC-73175","LB","LB-GOV-FCD3D044F36B","LB-DIST-4843EFFE7408","","","73175","مزرعة سردة","Mazraat Sarada","","populated-place","33.2961222","35.60053561","national-manifest","C:\xampp\htdocs\projectx\watanybot\packages\lebanese-administrative-authority\authority\sources\arabic\national-village-manifest-clean.csv","","source-reported","accepted","","73175","true","[object Object]"
"LB-LOC-73250","LB","LB-GOV-FCD3D044F36B","LB-DIST-4843EFFE7408","","","73250","ميس الجبل","Meiss Ej-Jabal","","populated-place","33.17658192","35.51113052","national-manifest","C:\xampp\htdocs\projectx\watanybot\packages\lebanese-administrative-authority\authority\sources\arabic\national-village-manifest-clean.csv","","source-reported","accepted","","73250","true","[object Object]"
"LB-LOC-73248","LB","LB-GOV-FCD3D044F36B","LB-DIST-4843EFFE7408","","","73248","محيبيب","Mhaibib","","populated-place","33.15063421","35.49983517","national-manifest","C:\xampp\htdocs\projectx\watanybot\packages\lebanese-administrative-authority\authority\sources\arabic\national-village-manifest-clean.csv","","source-reported","accepted","","73248","true","[object Object]"
"LB-LOC-73262","LB","LB-GOV-FCD3D044F36B","LB-DIST-4843EFFE7408","","","73262","قبريخا","Qabrikha","","populated-place","33.25147078","35.46781234","national-manifest","C:\xampp\htdocs\projectx\watanybot\packages\lebanese-administrative-authority\authority\sources\arabic\national-village-manifest-clean.csv","","source-reported","accepted","","73262","true","[object Object]"
"LB-LOC-73276","LB","LB-GOV-FCD3D044F36B","LB-DIST-4843EFFE7408","","","73276","قنطرة","Qantara","","populated-place","33.2711742","35.4591219","national-manifest","C:\xampp\htdocs\projectx\watanybot\packages\lebanese-administrative-authority\authority\sources\arabic\national-village-manifest-clean.csv","","source-reported","accepted","","73276","true","[object Object]"
"LB-LOC-73151","LB","LB-GOV-FCD3D044F36B","LB-DIST-4843EFFE7408","","","73151","قليعة","Qlaiaa","","populated-place","33.33044066","35.56392523","national-manifest","C:\xampp\htdocs\projectx\watanybot\packages\lebanese-administrative-authority\authority\sources\arabic\national-village-manifest-clean.csv","","source-reported","accepted","","73151","true","[object Object]"
"LB-LOC-73257","LB","LB-GOV-FCD3D044F36B","LB-DIST-4843EFFE7408","","","73257","رب التلاتين","Rabb Et-Tlatine","","populated-place","33.25396001","35.51535027","national-manifest","C:\xampp\htdocs\projectx\watanybot\packages\lebanese-administrative-authority\authority\sources\arabic\national-village-manifest-clean.csv","","source-reported","accepted","","73257","true","[object Object]"
"LB-LOC-73280","LB","LB-GOV-FCD3D044F36B","LB-DIST-4843EFFE7408","","","73280","صوانة مرجعيون","Saouanet Marjayoun","","populated-place","33.23256539","35.4438547","national-manifest","C:\xampp\htdocs\projectx\watanybot\packages\lebanese-administrative-authority\authority\sources\arabic\national-village-manifest-clean.csv","","source-reported","accepted","","73280","true","[object Object]"
"LB-LOC-73244","LB","LB-GOV-FCD3D044F36B","LB-DIST-4843EFFE7408","","","73244","طلوسة","Talloussa","","populated-place","33.22866838","35.48933461","national-manifest","C:\xampp\htdocs\projectx\watanybot\packages\lebanese-administrative-authority\authority\sources\arabic\national-village-manifest-clean.csv","","source-reported","accepted","","73244","true","[object Object]"
"LB-LOC-73232","LB","LB-GOV-FCD3D044F36B","LB-DIST-4843EFFE7408","","","73232","طيبة مرجعيون","Taybet Matjaayoun","","populated-place","33.27890639","35.51709432","national-manifest","C:\xampp\htdocs\projectx\watanybot\packages\lebanese-administrative-authority\authority\sources\arabic\national-village-manifest-clean.csv","","source-reported","accepted","","73232","true","[object Object]"
"LB-LOC-73282","LB","LB-GOV-FCD3D044F36B","LB-DIST-4843EFFE7408","","","73282","تولين","Touline","","populated-place","33.25380623","35.44064451","national-manifest","C:\xampp\htdocs\projectx\watanybot\packages\lebanese-administrative-authority\authority\sources\arabic\national-village-manifest-clean.csv","","source-reported","accepted","","73282","true","[object Object]"
"LB-LOC-24375","LB","LB-GOV-C98952C33ACF","LB-DIST-6FB616814DFF","","","24375","عبيه","Aabey","","populated-place","33.73905788","35.52263964","national-manifest","C:\xampp\htdocs\projectx\watanybot\packages\lebanese-administrative-authority\authority\sources\arabic\national-village-manifest-clean.csv","","source-reported","accepted","","24375","true","[object Object]"
"LB-LOC-24259","LB","LB-GOV-C98952C33ACF","LB-DIST-6FB616814DFF","","","24259","عين عنوب","Aain Aanoub","","populated-place","33.79228607","35.53917193","national-manifest","C:\xampp\htdocs\projectx\watanybot\packages\lebanese-administrative-authority\authority\sources\arabic\national-village-manifest-clean.csv","","source-reported","accepted","","24259","true","[object Object]"
"LB-LOC-24477","LB","LB-GOV-C98952C33ACF","LB-DIST-6FB616814DFF","","","24477","عين داره","Aain Dara","","populated-place","33.7877411","35.76658909","national-manifest","C:\xampp\htdocs\projectx\watanybot\packages\lebanese-administrative-authority\authority\sources\arabic\national-village-manifest-clean.csv","","source-reported","accepted","","24477","true","[object Object]"
"LB-LOC-24219","LB","LB-GOV-C98952C33ACF","LB-DIST-6FB616814DFF","","","24219","عين درافيل","Aain Drafil","","populated-place","33.75254598","35.49944234","national-manifest","C:\xampp\htdocs\projectx\watanybot\packages\lebanese-administrative-authority\authority\sources\arabic\national-village-manifest-clean.csv","","source-reported","accepted","","24219","true","[object Object]"
"LB-LOC-24325","LB","LB-GOV-C98952C33ACF","LB-DIST-6FB616814DFF","","","24325","عين الجديدة","Aain Ej-Jdideh Aaley","","populated-place","33.80697717","35.63077944","national-manifest","C:\xampp\htdocs\projectx\watanybot\packages\lebanese-administrative-authority\authority\sources\arabic\national-village-manifest-clean.csv","","source-reported","accepted","","24325","true","[object Object]"
"LB-LOC-24431","LB","LB-GOV-C98952C33ACF","LB-DIST-6FB616814DFF","","","24431","عين الحلزون","Aain El Halazoun","","populated-place","33.77112231","35.64958794","national-manifest","C:\xampp\htdocs\projectx\watanybot\packages\lebanese-administrative-authority\authority\sources\arabic\national-village-manifest-clean.csv","","source-reported","accepted","","24431","true","[object Object]"
"LB-LOC-24317","LB","LB-GOV-C98952C33ACF","LB-DIST-6FB616814DFF","","","24317","عين الرمانة","Aain Er-Roummaneh Aaley","","populated-place","33.80369895","35.58752938","national-manifest","C:\xampp\htdocs\projectx\watanybot\packages\lebanese-administrative-authority\authority\sources\arabic\national-village-manifest-clean.csv","","source-reported","accepted","","24317","true","[object Object]"
"LB-LOC-24371","LB","LB-GOV-C98952C33ACF","LB-DIST-6FB616814DFF","","","24371","عين كسور","Aain Ksour","","populated-place","33.74692014","35.53386986","national-manifest","C:\xampp\htdocs\projectx\watanybot\packages\lebanese-administrative-authority\authority\sources\arabic\national-village-manifest-clean.csv","","source-reported","accepted","","24371","true","[object Object]"
"LB-LOC-24361","LB","LB-GOV-C98952C33ACF","LB-DIST-6FB616814DFF","","","24361","عين تراز","Aain Traz","","populated-place","33.7348058","35.58194455","national-manifest","C:\xampp\htdocs\projectx\watanybot\packages\lebanese-administrative-authority\authority\sources\arabic\national-village-manifest-clean.csv","","source-reported","accepted","","24361","true","[object Object]"
"LB-LOC-24311","LB","LB-GOV-C98952C33ACF","LB-DIST-6FB616814DFF","","","24311","عاليه","Aaley","","populated-place","33.80805703","35.60745751","national-manifest","C:\xampp\htdocs\projectx\watanybot\packages\lebanese-administrative-authority\authority\sources\arabic\national-village-manifest-clean.csv","","source-reported","accepted","","24311","true","[object Object]"
"LB-LOC-24365","LB","LB-GOV-C98952C33ACF","LB-DIST-6FB616814DFF","","","24365","البساتين","Aaley Bsatine","","populated-place","33.75381996","35.52518532","national-manifest","C:\xampp\htdocs\projectx\watanybot\packages\lebanese-administrative-authority\authority\sources\arabic\national-village-manifest-clean.csv","","source-reported","accepted","","24365","true","[object Object]"
"LB-LOC-24211","LB","LB-GOV-C98952C33ACF","LB-DIST-6FB616814DFF","","","24211","عرمون","Aaramoun Aaley","","populated-place","33.76555083","35.50313681","national-manifest","C:\xampp\htdocs\projectx\watanybot\packages\lebanese-administrative-authority\authority\sources\arabic\national-village-manifest-clean.csv","","source-reported","accepted","","24211","true","[object Object]"
"LB-LOC-24351","LB","LB-GOV-C98952C33ACF","LB-DIST-6FB616814DFF","","","24351","عيناب","Aaynab","","populated-place","33.76458376","35.54529637","national-manifest","C:\xampp\htdocs\projectx\watanybot\packages\lebanese-administrative-authority\authority\sources\arabic\national-village-manifest-clean.csv","","source-reported","accepted","","24351","true","[object Object]"
"LB-LOC-24329","LB","LB-GOV-C98952C33ACF","LB-DIST-6FB616814DFF","","","24329","عيتات","Aaytat","","populated-place","33.79443743","35.55699912","national-manifest","C:\xampp\htdocs\projectx\watanybot\packages\lebanese-administrative-authority\authority\sources\arabic\national-village-manifest-clean.csv","","source-reported","accepted","","24329","true","[object Object]"
"LB-LOC-24454","LB","LB-GOV-C98952C33ACF","LB-DIST-6FB616814DFF","","","24454","العزونيه","Aazouniyeh","","populated-place","33.78198147","35.71026827","national-manifest","C:\xampp\htdocs\projectx\watanybot\packages\lebanese-administrative-authority\authority\sources\arabic\national-village-manifest-clean.csv","","source-reported","accepted","","24454","true","[object Object]"
"LB-LOC-24235","LB","LB-GOV-C98952C33ACF","LB-DIST-6FB616814DFF","","","24235","بعورته","Baaouerta","","populated-place","33.74089012","35.47619121","national-manifest","C:\xampp\htdocs\projectx\watanybot\packages\lebanese-administrative-authority\authority\sources\arabic\national-village-manifest-clean.csv","","source-reported","accepted","","24235","true","[object Object]"
"LB-LOC-24343","LB","LB-GOV-C98952C33ACF","LB-DIST-6FB616814DFF","","","24343","بيصور","Bayssour Aaley","","populated-place","33.76766108","35.56626045","national-manifest","C:\xampp\htdocs\projectx\watanybot\packages\lebanese-administrative-authority\authority\sources\arabic\national-village-manifest-clean.csv","","source-reported","accepted","","24343","true","[object Object]"
"LB-LOC-24243","LB","LB-GOV-C98952C33ACF","LB-DIST-6FB616814DFF","","","24243","بشامون","Bchamoun","","populated-place","33.78612643","35.51228562","national-manifest","C:\xampp\htdocs\projectx\watanybot\packages\lebanese-administrative-authority\authority\sources\arabic\national-village-manifest-clean.csv","","source-reported","accepted","","24243","true","[object Object]"
"LB-LOC-24283","LB","LB-GOV-C98952C33ACF","LB-DIST-6FB616814DFF","","","24283","بدادون","Bdadoun","","populated-place","33.80828255","35.56957054","national-manifest","C:\xampp\htdocs\projectx\watanybot\packages\lebanese-administrative-authority\authority\sources\arabic\national-village-manifest-clean.csv","","source-reported","accepted","","24283","true","[object Object]"
"LB-LOC-24434","LB","LB-GOV-C98952C33ACF","LB-DIST-6FB616814DFF","","","24434","بدغان","Bedghan Oua Ouadi Bedghan","","populated-place","33.76459155","35.64787447","national-manifest","C:\xampp\htdocs\projectx\watanybot\packages\lebanese-administrative-authority\authority\sources\arabic\national-village-manifest-clean.csv","","source-reported","accepted","","24434","true","[object Object]"
"LB-LOC-24327","LB","LB-GOV-C98952C33ACF","LB-DIST-6FB616814DFF","","","24327","بحوارا","Behouara","","populated-place","33.78908584","35.60105381","national-manifest","C:\xampp\htdocs\projectx\watanybot\packages\lebanese-administrative-authority\authority\sources\arabic\national-village-manifest-clean.csv","","source-reported","accepted","","24327","true","[object Object]"
"LB-LOC-24414","LB","LB-GOV-C98952C33ACF","LB-DIST-6FB616814DFF","","","24414","بحمدون الضيعة","Bhamdoun Ed-Dayaa","","populated-place","33.79656026","35.65239463","national-manifest","C:\xampp\htdocs\projectx\watanybot\packages\lebanese-administrative-authority\authority\sources\arabic\national-village-manifest-clean.csv","","source-reported","accepted","","24414","true","[object Object]"
"LB-LOC-24411","LB","LB-GOV-C98952C33ACF","LB-DIST-6FB616814DFF","","","24411","بحمدون المحطة","Bhamdoun El-Mhatta","","populated-place","33.80619522","35.66097082","national-manifest","C:\xampp\htdocs\projectx\watanybot\packages\lebanese-administrative-authority\authority\sources\arabic\national-village-manifest-clean.csv","","source-reported","accepted","","24411","true","[object Object]"
"LB-LOC-24369","LB","LB-GOV-C98952C33ACF","LB-DIST-6FB616814DFF","","","24369","البينه","Binnay","","populated-place","33.73370244","35.55038433","national-manifest","C:\xampp\htdocs\projectx\watanybot\packages\lebanese-administrative-authority\authority\sources\arabic\national-village-manifest-clean.csv","","source-reported","accepted","","24369","true","[object Object]"
"LB-LOC-24321","LB","LB-GOV-C98952C33ACF","LB-DIST-6FB616814DFF","","","24321","بخشتيه","Bkhichtay","","populated-place","33.79937094","35.62007204","national-manifest","C:\xampp\htdocs\projectx\watanybot\packages\lebanese-administrative-authority\authority\sources\arabic\national-village-manifest-clean.csv","","source-reported","accepted","","24321","true","[object Object]"
"LB-LOC-24267","LB","LB-GOV-C98952C33ACF","LB-DIST-6FB616814DFF","","","24267","بليبل","Blaybel","","populated-place","33.8090133","35.55104576","national-manifest","C:\xampp\htdocs\projectx\watanybot\packages\lebanese-administrative-authority\authority\sources\arabic\national-village-manifest-clean.csv","","source-reported","accepted","","24267","true","[object Object]"
"LB-LOC-24484","LB","LB-GOV-C98952C33ACF","LB-DIST-6FB616814DFF","","","24484","بمهريه","Bmahray","","populated-place","33.75499863","35.74950676","national-manifest","C:\xampp\htdocs\projectx\watanybot\packages\lebanese-administrative-authority\authority\sources\arabic\national-village-manifest-clean.csv","","source-reported","accepted","","24484","true","[object Object]"
"LB-LOC-24319","LB","LB-GOV-C98952C33ACF","LB-DIST-6FB616814DFF","","","24319","بمكين","Bmakine","","populated-place","33.79962262","35.56981488","national-manifest","C:\xampp\htdocs\projectx\watanybot\packages\lebanese-administrative-authority\authority\sources\arabic\national-village-manifest-clean.csv","","source-reported","accepted","","24319","true","[object Object]"
"LB-LOC-24355","LB","LB-GOV-C98952C33ACF","LB-DIST-6FB616814DFF","","","24355","بو زريده","Bou Zrideh","","populated-place","33.74375665","35.57711117","national-manifest","C:\xampp\htdocs\projectx\watanybot\packages\lebanese-administrative-authority\authority\sources\arabic\national-village-manifest-clean.csv","","source-reported","accepted","","24355","true","[object Object]"
"LB-LOC-24464","LB","LB-GOV-C98952C33ACF","LB-DIST-6FB616814DFF","","","24464","بسرين","Bserrine","","populated-place","33.75696108","35.6384834","national-manifest","C:\xampp\htdocs\projectx\watanybot\packages\lebanese-administrative-authority\authority\sources\arabic\national-village-manifest-clean.csv","","source-reported","accepted","","24464","true","[object Object]"
"LB-LOC-24291","LB","LB-GOV-C98952C33ACF","LB-DIST-6FB616814DFF","","","24291","بسوس","Bsous","","populated-place","33.81441985","35.57982939","national-manifest","C:\xampp\htdocs\projectx\watanybot\packages\lebanese-administrative-authority\authority\sources\arabic\national-village-manifest-clean.csv","","source-reported","accepted","","24291","true","[object Object]"
"LB-LOC-24421","LB","LB-GOV-C98952C33ACF","LB-DIST-6FB616814DFF","","","24421","بطلون","Btalloun","","populated-place","33.79084019","35.63285174","national-manifest","C:\xampp\htdocs\projectx\watanybot\packages\lebanese-administrative-authority\authority\sources\arabic\national-village-manifest-clean.csv","","source-reported","accepted","","24421","true","[object Object]"
"LB-LOC-24447","LB","LB-GOV-C98952C33ACF","LB-DIST-6FB616814DFF","","","24447","بتاتر","Btater","","populated-place","33.76664183","35.62204171","national-manifest","C:\xampp\htdocs\projectx\watanybot\packages\lebanese-administrative-authority\authority\sources\arabic\national-village-manifest-clean.csv","","source-reported","accepted","","24447","true","[object Object]"
"LB-LOC-24417","LB","LB-GOV-C98952C33ACF","LB-DIST-6FB616814DFF","","","24417","شانيه","Chanay","","populated-place","33.78752069","35.66157041","national-manifest","C:\xampp\htdocs\projectx\watanybot\packages\lebanese-administrative-authority\authority\sources\arabic\national-village-manifest-clean.csv","","source-reported","accepted","","24417","true","[object Object]"
"LB-LOC-24444","LB","LB-GOV-C98952C33ACF","LB-DIST-6FB616814DFF","","","24444","شارون","Charoun","","populated-place","33.77687768","35.69372079","national-manifest","C:\xampp\htdocs\projectx\watanybot\packages\lebanese-administrative-authority\authority\sources\arabic\national-village-manifest-clean.csv","","source-reported","accepted","","24444","true","[object Object]"
"LB-LOC-24353","LB","LB-GOV-C98952C33ACF","LB-DIST-6FB616814DFF","","","24353","شرتون","Chartoun","","populated-place","33.75546732","35.58878195","national-manifest","C:\xampp\htdocs\projectx\watanybot\packages\lebanese-administrative-authority\authority\sources\arabic\national-village-manifest-clean.csv","","source-reported","accepted","","24353","true","[object Object]"
"LB-LOC-24339","LB","LB-GOV-C98952C33ACF","LB-DIST-6FB616814DFF","","","24339","شملان","Chimlane","","populated-place","33.7798404","35.54770415","national-manifest","C:\xampp\htdocs\projectx\watanybot\packages\lebanese-administrative-authority\authority\sources\arabic\national-village-manifest-clean.csv","","source-reported","accepted","","24339","true","[object Object]"
"LB-LOC-24111","LB","LB-GOV-C98952C33ACF","LB-DIST-6FB616814DFF","","","24111","عمروسية الشويفات","Choueifat El-Aamrousiyeh","","populated-place","33.81467982","35.51501139","national-manifest","C:\xampp\htdocs\projectx\watanybot\packages\lebanese-administrative-authority\authority\sources\arabic\national-village-manifest-clean.csv","","source-reported","accepted","","24111","true","[object Object]"
"LB-LOC-24155","LB","LB-GOV-C98952C33ACF","LB-DIST-6FB616814DFF","","","24155","الشويفات الامراء","Choueifat El-Oumara","","populated-place","33.8118671","35.49857906","national-manifest","C:\xampp\htdocs\projectx\watanybot\packages\lebanese-administrative-authority\authority\sources\arabic\national-village-manifest-clean.csv","","source-reported","accepted","","24155","true","[object Object]"
"LB-LOC-24133","LB","LB-GOV-C98952C33ACF","LB-DIST-6FB616814DFF","","","24133","قبة الشويفات","Choueifat El-Quoubbeh","","populated-place","33.78640841","35.48396473","national-manifest","C:\xampp\htdocs\projectx\watanybot\packages\lebanese-administrative-authority\authority\sources\arabic\national-village-manifest-clean.csv","","source-reported","accepted","","24133","true","[object Object]"
"LB-LOC-24251","LB","LB-GOV-C98952C33ACF","LB-DIST-6FB616814DFF","","","24251","دقون","Daqqoun","","populated-place","33.72663323","35.50411087","national-manifest","C:\xampp\htdocs\projectx\watanybot\packages\lebanese-administrative-authority\authority\sources\arabic\national-village-manifest-clean.csv","","source-reported","accepted","","24251","true","[object Object]"
"LB-LOC-24177","LB","LB-GOV-C98952C33ACF","LB-DIST-6FB616814DFF","","","24177","دير قوبل","Deir Qoubel","","populated-place","33.79482667","35.51342899","national-manifest","C:\xampp\htdocs\projectx\watanybot\packages\lebanese-administrative-authority\authority\sources\arabic\national-village-manifest-clean.csv","","source-reported","accepted","","24177","true","[object Object]"
"LB-LOC-24357","LB","LB-GOV-C98952C33ACF","LB-DIST-6FB616814DFF","","","24357","دفون","Dfoun","","populated-place","33.75042143","35.55372534","national-manifest","C:\xampp\htdocs\projectx\watanybot\packages\lebanese-administrative-authority\authority\sources\arabic\national-village-manifest-clean.csv","","source-reported","accepted","","24357","true","[object Object]"
"LB-LOC-24345","LB","LB-GOV-C98952C33ACF","LB-DIST-6FB616814DFF","","","24345","دوير الرمان","Douair Er-Remmaneh","","populated-place","33.75470025","35.58081646","national-manifest","C:\xampp\htdocs\projectx\watanybot\packages\lebanese-administrative-authority\authority\sources\arabic\national-village-manifest-clean.csv","","source-reported","accepted","","24345","true","[object Object]"
"LB-LOC-24323","LB","LB-GOV-C98952C33ACF","LB-DIST-6FB616814DFF","","","24323","الغابون","Ghaboune","","populated-place","33.78192962","35.59435804","national-manifest","C:\xampp\htdocs\projectx\watanybot\packages\lebanese-administrative-authority\authority\sources\arabic\national-village-manifest-clean.csv","","source-reported","accepted","","24323","true","[object Object]"
"LB-LOC-24461","LB","LB-GOV-C98952C33ACF","LB-DIST-6FB616814DFF","","","24461","حبرمون","Habramoun","","populated-place","33.75730794","35.64610421","national-manifest","C:\xampp\htdocs\projectx\watanybot\packages\lebanese-administrative-authority\authority\sources\arabic\national-village-manifest-clean.csv","","source-reported","accepted","","24461","true","[object Object]"
"LB-LOC-24437","LB","LB-GOV-C98952C33ACF","LB-DIST-6FB616814DFF","","","24437","حمص وحمى","Homs Oua Hama","","populated-place","33.76857854","35.65211512","national-manifest","C:\xampp\htdocs\projectx\watanybot\packages\lebanese-administrative-authority\authority\sources\arabic\national-village-manifest-clean.csv","","source-reported","accepted","","24437","true","[object Object]"
"LB-LOC-24275","LB","LB-GOV-C98952C33ACF","LB-DIST-6FB616814DFF","","","24275","حومال","Houmal","","populated-place","33.809901","35.55976205","national-manifest","C:\xampp\htdocs\projectx\watanybot\packages\lebanese-administrative-authority\authority\sources\arabic\national-village-manifest-clean.csv","","source-reported","accepted","","24275","true","[object Object]"
"LB-LOC-24451","LB","LB-GOV-C98952C33ACF","LB-DIST-6FB616814DFF","","","24451","اغميد","Ighmid","","populated-place","33.75941199","35.69540755","national-manifest","C:\xampp\htdocs\projectx\watanybot\packages\lebanese-administrative-authority\authority\sources\arabic\national-village-manifest-clean.csv","","source-reported","accepted","","24451","true","[object Object]"
"LB-LOC-24373","LB","LB-GOV-C98952C33ACF","LB-DIST-6FB616814DFF","","","24373","جسر القاضي","Jisr El Qadi","","populated-place","33.72706898","35.56305253","national-manifest","C:\xampp\htdocs\projectx\watanybot\packages\lebanese-administrative-authority\authority\sources\arabic\national-village-manifest-clean.csv","","source-reported","accepted","","24373","true","[object Object]"
"LB-LOC-24313","LB","LB-GOV-C98952C33ACF","LB-DIST-6FB616814DFF","","","24313","الكحاله","Kahhaleh","","populated-place","33.82052501","35.58807438","national-manifest","C:\xampp\htdocs\projectx\watanybot\packages\lebanese-administrative-authority\authority\sources\arabic\national-village-manifest-clean.csv","","source-reported","accepted","","24313","true","[object Object]"
"LB-LOC-24337","LB","LB-GOV-C98952C33ACF","LB-DIST-6FB616814DFF","","","24337","كيفون","Keyfoun","","populated-place","33.77945446","35.56079558","national-manifest","C:\xampp\htdocs\projectx\watanybot\packages\lebanese-administrative-authority\authority\sources\arabic\national-village-manifest-clean.csv","","source-reported","accepted","","24337","true","[object Object]"
"LB-LOC-24341","LB","LB-GOV-C98952C33ACF","LB-DIST-6FB616814DFF","","","24341","كفرعميه","Kfar Aamay","","populated-place","33.76980851","35.59401333","national-manifest","C:\xampp\htdocs\projectx\watanybot\packages\lebanese-administrative-authority\authority\sources\arabic\national-village-manifest-clean.csv","","source-reported","accepted","","24341","true","[object Object]"
"LB-LOC-24377","LB","LB-GOV-C98952C33ACF","LB-DIST-6FB616814DFF","","","24377","كفرمتى","Kfar Matta","","populated-place","33.71668794","35.5121053","national-manifest","C:\xampp\htdocs\projectx\watanybot\packages\lebanese-administrative-authority\authority\sources\arabic\national-village-manifest-clean.csv","","source-reported","accepted","","24377","true","[object Object]"
"LB-LOC-24471","LB","LB-GOV-C98952C33ACF","LB-DIST-6FB616814DFF","","","24471","معصريتي","Maasrati","","populated-place","33.7489579","35.63305712","national-manifest","C:\xampp\htdocs\projectx\watanybot\packages\lebanese-administrative-authority\authority\sources\arabic\national-village-manifest-clean.csv","","source-reported","accepted","","24471","true","[object Object]"
"LB-LOC-24424","LB","LB-GOV-C98952C33ACF","LB-DIST-6FB616814DFF","","","24424","مجدل بعنا","Majdel Baana","","populated-place","33.78378722","35.67869719","national-manifest","C:\xampp\htdocs\projectx\watanybot\packages\lebanese-administrative-authority\authority\sources\arabic\national-village-manifest-clean.csv","","source-reported","accepted","","24424","true","[object Object]"
"LB-LOC-24441","LB","LB-GOV-C98952C33ACF","LB-DIST-6FB616814DFF","","","24441","منصورية بحمدون","Mansouriyet Bhamdoun","","populated-place","33.77816567","35.61790054","national-manifest","C:\xampp\htdocs\projectx\watanybot\packages\lebanese-administrative-authority\authority\sources\arabic\national-village-manifest-clean.csv","","source-reported","accepted","","24441","true","[object Object]"
"LB-LOC-24474","LB","LB-GOV-C98952C33ACF","LB-DIST-6FB616814DFF","","","24474","مزرعة النهر","Mazraat En-Nahr Aaley","","populated-place","33.75172853","35.64347918","national-manifest","C:\xampp\htdocs\projectx\watanybot\packages\lebanese-administrative-authority\authority\sources\arabic\national-village-manifest-clean.csv","","source-reported","accepted","","24474","true","[object Object]"
"LB-LOC-24443","LB","LB-GOV-C98952C33ACF","LB-DIST-6FB616814DFF","","","24443","مشاقتي","Mchekhti","","populated-place","33.75814753","35.70431941","national-manifest","C:\xampp\htdocs\projectx\watanybot\packages\lebanese-administrative-authority\authority\sources\arabic\national-village-manifest-clean.csv","","source-reported","accepted","","24443","true","[object Object]"
"LB-LOC-24457","LB","LB-GOV-C98952C33ACF","LB-DIST-6FB616814DFF","","","24457","مشرفه","Mcherfeh","","populated-place","33.76068174","35.66203355","national-manifest","C:\xampp\htdocs\projectx\watanybot\packages\lebanese-administrative-authority\authority\sources\arabic\national-village-manifest-clean.csv","","source-reported","accepted","","24457","true","[object Object]"
"LB-LOC-24349","LB","LB-GOV-C98952C33ACF","LB-DIST-6FB616814DFF","","","24349","مجدليا","Mejdlaiya","","populated-place","33.75927148","35.57491368","national-manifest","C:\xampp\htdocs\projectx\watanybot\packages\lebanese-administrative-authority\authority\sources\arabic\national-village-manifest-clean.csv","","source-reported","accepted","","24349","true","[object Object]"
"LB-LOC-24481","LB","LB-GOV-C98952C33ACF","LB-DIST-6FB616814DFF","","","24481","مريجات عاليه","Mrayjat Aaley","","populated-place","33.74354204","35.67607455","national-manifest","C:\xampp\htdocs\projectx\watanybot\packages\lebanese-administrative-authority\authority\sources\arabic\national-village-manifest-clean.csv","","source-reported","accepted","","24481","true","[object Object]"
"LB-LOC-24315","LB","LB-GOV-C98952C33ACF","LB-DIST-6FB616814DFF","","","24315","قماطية","Qmatiyeh","","populated-place","33.80177202","35.57758506","national-manifest","C:\xampp\htdocs\projectx\watanybot\packages\lebanese-administrative-authority\authority\sources\arabic\national-village-manifest-clean.csv","","source-reported","accepted","","24315","true","[object Object]"
"LB-LOC-24467","LB","LB-GOV-C98952C33ACF","LB-DIST-6FB616814DFF","","","24467","رملية","Ramlieh","","populated-place","33.7457705","35.65317683","national-manifest","C:\xampp\htdocs\projectx\watanybot\packages\lebanese-administrative-authority\authority\sources\arabic\national-village-manifest-clean.csv","","source-reported","accepted","","24467","true","[object Object]"
"LB-LOC-24359","LB","LB-GOV-C98952C33ACF","LB-DIST-6FB616814DFF","","","24359","رشميا","Richmaiya","","populated-place","33.73863411","35.60741021","national-manifest","C:\xampp\htdocs\projectx\watanybot\packages\lebanese-administrative-authority\authority\sources\arabic\national-village-manifest-clean.csv","","source-reported","accepted","","24359","true","[object Object]"
"LB-LOC-24335","LB","LB-GOV-C98952C33ACF","LB-DIST-6FB616814DFF","","","24335","رجمة","Rijmeh","","populated-place","33.78939111","35.61437046","national-manifest","C:\xampp\htdocs\projectx\watanybot\packages\lebanese-administrative-authority\authority\sources\arabic\national-village-manifest-clean.csv","","source-reported","accepted","","24335","true","[object Object]"
"LB-LOC-24367","LB","LB-GOV-C98952C33ACF","LB-DIST-6FB616814DFF","","","24367","رمحالا","Rimhala","","populated-place","33.74542374","35.569142","national-manifest","C:\xampp\htdocs\projectx\watanybot\packages\lebanese-administrative-authority\authority\sources\arabic\national-village-manifest-clean.csv","","source-reported","accepted","","24367","true","[object Object]"
"LB-LOC-24347","LB","LB-GOV-C98952C33ACF","LB-DIST-6FB616814DFF","","","24347","رويسة النعمان","Rouayssat En-Naamane","","populated-place","33.75399938","35.60196688","national-manifest","C:\xampp\htdocs\projectx\watanybot\packages\lebanese-administrative-authority\authority\sources\arabic\national-village-manifest-clean.csv","","source-reported","accepted","","24347","true","[object Object]"
"LB-LOC-24427","LB","LB-GOV-C98952C33ACF","LB-DIST-6FB616814DFF","","","24427","صوفر","Saoufar","","populated-place","33.80153411","35.69125021","national-manifest","C:\xampp\htdocs\projectx\watanybot\packages\lebanese-administrative-authority\authority\sources\arabic\national-village-manifest-clean.csv","","source-reported","accepted","","24427","true","[object Object]"
"LB-LOC-24363","LB","LB-GOV-C98952C33ACF","LB-DIST-6FB616814DFF","","","24363","سلفايا","Selfaya","","populated-place","33.73354136","35.57005131","national-manifest","C:\xampp\htdocs\projectx\watanybot\packages\lebanese-administrative-authority\authority\sources\arabic\national-village-manifest-clean.csv","","source-reported","accepted","","24363","true","[object Object]"
"LB-LOC-24227","LB","LB-GOV-C98952C33ACF","LB-DIST-6FB616814DFF","","","24227","سرحمول","Sirhmoul","","populated-place","33.76721892","35.52939034","national-manifest","C:\xampp\htdocs\projectx\watanybot\packages\lebanese-administrative-authority\authority\sources\arabic\national-village-manifest-clean.csv","","source-reported","accepted","","24227","true","[object Object]"
"LB-LOC-24331","LB","LB-GOV-C98952C33ACF","LB-DIST-6FB616814DFF","","","24331","سوق الغرب","Souq El-Gharb","","populated-place","33.78979952","35.57402599","national-manifest","C:\xampp\htdocs\projectx\watanybot\packages\lebanese-administrative-authority\authority\sources\arabic\national-village-manifest-clean.csv","","source-reported","accepted","","24331","true","[object Object]"
"LB-LOC-24333","LB","LB-GOV-C98952C33ACF","LB-DIST-6FB616814DFF","","","24333","تعزانية","Taazaniyeh","","populated-place","33.7846719","35.62221244","national-manifest","C:\xampp\htdocs\projectx\watanybot\packages\lebanese-administrative-authority\authority\sources\arabic\national-village-manifest-clean.csv","","source-reported","accepted","","24333","true","[object Object]"
"LB-LOC-21341","LB","LB-GOV-C98952C33ACF","LB-DIST-04E4A90C353A","","","21341","عبادية","Aabadiyeh","","populated-place","33.83054014","35.62408017","national-manifest","C:\xampp\htdocs\projectx\watanybot\packages\lebanese-administrative-authority\authority\sources\arabic\national-village-manifest-clean.csv","","source-reported","accepted","","21341","true","[object Object]"
"LB-LOC-21314","LB","LB-GOV-C98952C33ACF","LB-DIST-04E4A90C353A","","","21314","عين موفق","Aain Mouaffaq","","populated-place","33.82141298","35.65403889","national-manifest","C:\xampp\htdocs\projectx\watanybot\packages\lebanese-administrative-authority\authority\sources\arabic\national-village-manifest-clean.csv","","source-reported","accepted","","21314","true","[object Object]"
"LB-LOC-21371","LB","LB-GOV-C98952C33ACF","LB-DIST-04E4A90C353A","","","21371","عاريا","Aaraiya","","populated-place","33.83171443","35.58546829","national-manifest","C:\xampp\htdocs\projectx\watanybot\packages\lebanese-administrative-authority\authority\sources\arabic\national-village-manifest-clean.csv","","source-reported","accepted","","21371","true","[object Object]"
"LB-LOC-21381","LB","LB-GOV-C98952C33ACF","LB-DIST-04E4A90C353A","","","21381","عربانية","Aarbaniyeh","","populated-place","33.87329508","35.67052554","national-manifest","C:\xampp\htdocs\projectx\watanybot\packages\lebanese-administrative-authority\authority\sources\arabic\national-village-manifest-clean.csv","","source-reported","accepted","","21381","true","[object Object]"
"LB-LOC-21471","LB","LB-GOV-C98952C33ACF","LB-DIST-04E4A90C353A","","","21471","ارصون","Arsoun","","populated-place","33.85704922","35.69020913","national-manifest","C:\xampp\htdocs\projectx\watanybot\packages\lebanese-administrative-authority\authority\sources\arabic\national-village-manifest-clean.csv","","source-reported","accepted","","21471","true","[object Object]"
"LB-LOC-21211","LB","LB-GOV-C98952C33ACF","LB-DIST-04E4A90C353A","","","21211","بعبدا","Baabda","","populated-place","33.84643582","35.54531972","national-manifest","C:\xampp\htdocs\projectx\watanybot\packages\lebanese-administrative-authority\authority\sources\arabic\national-village-manifest-clean.csv","","source-reported","accepted","","21211","true","[object Object]"
"LB-LOC-21311","LB","LB-GOV-C98952C33ACF","LB-DIST-04E4A90C353A","","","21311","بعلشميه","Baalchmay","","populated-place","33.81623863","35.64687182","national-manifest","C:\xampp\htdocs\projectx\watanybot\packages\lebanese-administrative-authority\authority\sources\arabic\national-village-manifest-clean.csv","","source-reported","accepted","","21311","true","[object Object]"
"LB-LOC-21436","LB","LB-GOV-C98952C33ACF","LB-DIST-04E4A90C353A","","","21436","بمريم","Bmaryam","","populated-place","33.8292809","35.71059061","national-manifest","C:\xampp\htdocs\projectx\watanybot\packages\lebanese-administrative-authority\authority\sources\arabic\national-village-manifest-clean.csv","","source-reported","accepted","","21436","true","[object Object]"
"LB-LOC-21177","LB","LB-GOV-C98952C33ACF","LB-DIST-04E4A90C353A","","","21177","برج البراجنة","Bourj El-Brajneh","","populated-place","33.84064232","35.5061387","national-manifest","C:\xampp\htdocs\projectx\watanybot\packages\lebanese-administrative-authority\authority\sources\arabic\national-village-manifest-clean.csv","","source-reported","accepted","","21177","true","[object Object]"
"LB-LOC-21227","LB","LB-GOV-C98952C33ACF","LB-DIST-04E4A90C353A","","","21227","بطشيه","Boutchay","","populated-place","33.82604045","35.5419782","national-manifest","C:\xampp\htdocs\projectx\watanybot\packages\lebanese-administrative-authority\authority\sources\arabic\national-village-manifest-clean.csv","","source-reported","accepted","","21227","true","[object Object]"
"LB-LOC-21283","LB","LB-GOV-C98952C33ACF","LB-DIST-04E4A90C353A","","","21283","بسابا وادي الدلب","Bsaba Baabda","","populated-place","33.80517687","35.53826042","national-manifest","C:\xampp\htdocs\projectx\watanybot\packages\lebanese-administrative-authority\authority\sources\arabic\national-village-manifest-clean.csv","","source-reported","accepted","","21283","true","[object Object]"
"LB-LOC-21441","LB","LB-GOV-C98952C33ACF","LB-DIST-04E4A90C353A","","","21441","بتخناي","Btekhnay","","populated-place","33.84056857","35.71608951","national-manifest","C:\xampp\htdocs\projectx\watanybot\packages\lebanese-administrative-authority\authority\sources\arabic\national-village-manifest-clean.csv","","source-reported","accepted","","21441","true","[object Object]"
"LB-LOC-21451","LB","LB-GOV-C98952C33ACF","LB-DIST-04E4A90C353A","","","21451","بتبيات","Btibyat","","populated-place","33.83666682","35.69788599","national-manifest","C:\xampp\htdocs\projectx\watanybot\packages\lebanese-administrative-authority\authority\sources\arabic\national-village-manifest-clean.csv","","source-reported","accepted","","21451","true","[object Object]"
"LB-LOC-21466","LB","LB-GOV-C98952C33ACF","LB-DIST-04E4A90C353A","","","21466","بزبدين","Bzebdine","","populated-place","33.87380593","35.74131339","national-manifest","C:\xampp\htdocs\projectx\watanybot\packages\lebanese-administrative-authority\authority\sources\arabic\national-village-manifest-clean.csv","","source-reported","accepted","","21466","true","[object Object]"
"LB-LOC-21426","LB","LB-GOV-C98952C33ACF","LB-DIST-04E4A90C353A","","","21426","شبانية","Chbaniyeh","","populated-place","33.81435815","35.71665228","national-manifest","C:\xampp\htdocs\projectx\watanybot\packages\lebanese-administrative-authority\authority\sources\arabic\national-village-manifest-clean.csv","","source-reported","accepted","","21426","true","[object Object]"
"LB-LOC-21111","LB","LB-GOV-C98952C33ACF","LB-DIST-04E4A90C353A","","","21111","شياح","Chiyah","","populated-place","33.854971","35.49353746","national-manifest","C:\xampp\htdocs\projectx\watanybot\packages\lebanese-administrative-authority\authority\sources\arabic\national-village-manifest-clean.csv","","source-reported","accepted","","21111","true","[object Object]"
"LB-LOC-21347","LB","LB-GOV-C98952C33ACF","LB-DIST-04E4A90C353A","","","21347","شميسة","Chmeisset Baabda","","populated-place","33.8300624","35.68623875","national-manifest","C:\xampp\htdocs\projectx\watanybot\packages\lebanese-administrative-authority\authority\sources\arabic\national-village-manifest-clean.csv","","source-reported","accepted","","21347","true","[object Object]"
"LB-LOC-21354","LB","LB-GOV-C98952C33ACF","LB-DIST-04E4A90C353A","","","21354","شويت","Chouit","","populated-place","33.82996792","35.60810174","national-manifest","C:\xampp\htdocs\projectx\watanybot\packages\lebanese-administrative-authority\authority\sources\arabic\national-village-manifest-clean.csv","","source-reported","accepted","","21354","true","[object Object]"
"LB-LOC-21367","LB","LB-GOV-C98952C33ACF","LB-DIST-04E4A90C353A","","","21367","دير الحرف","Deir El-harf","","populated-place","33.84924972","35.69139897","national-manifest","C:\xampp\htdocs\projectx\watanybot\packages\lebanese-administrative-authority\authority\sources\arabic\national-village-manifest-clean.csv","","source-reported","accepted","","21367","true","[object Object]"
"LB-LOC-21337","LB","LB-GOV-C98952C33ACF","LB-DIST-04E4A90C353A","","","21337","دير خونة","Deir Khouna","","populated-place","33.83190243","35.66368019","national-manifest","C:\xampp\htdocs\projectx\watanybot\packages\lebanese-administrative-authority\authority\sources\arabic\national-village-manifest-clean.csv","","source-reported","accepted","","21337","true","[object Object]"
"LB-LOC-21391","LB","LB-GOV-C98952C33ACF","LB-DIST-04E4A90C353A","","","21391","دليبه","Dlaybeh","","populated-place","33.87867452","35.69001448","national-manifest","C:\xampp\htdocs\projectx\watanybot\packages\lebanese-administrative-authority\authority\sources\arabic\national-village-manifest-clean.csv","","source-reported","accepted","","21391","true","[object Object]"
"LB-LOC-21446","LB","LB-GOV-C98952C33ACF","LB-DIST-04E4A90C353A","","","21446","فالوغا","Falougha","","populated-place","33.82854985","35.77223414","national-manifest","C:\xampp\htdocs\projectx\watanybot\packages\lebanese-administrative-authority\authority\sources\arabic\national-village-manifest-clean.csv","","source-reported","accepted","","21446","true","[object Object]"
"LB-LOC-21133","LB","LB-GOV-C98952C33ACF","LB-DIST-04E4A90C353A","","","21133","فرن الشباك","Furn Ech-Chebbak","","populated-place","33.87111842","35.52768153","national-manifest","C:\xampp\htdocs\projectx\watanybot\packages\lebanese-administrative-authority\authority\sources\arabic\national-village-manifest-clean.csv","","source-reported","accepted","","21133","true","[object Object]"
"LB-LOC-21219","LB","LB-GOV-C98952C33ACF","LB-DIST-04E4A90C353A","","","21219","حدث","Hadath Beyrouth","","populated-place","33.84036062","35.52524011","national-manifest","C:\xampp\htdocs\projectx\watanybot\packages\lebanese-administrative-authority\authority\sources\arabic\national-village-manifest-clean.csv","","source-reported","accepted","","21219","true","[object Object]"
"LB-LOC-21411","LB","LB-GOV-C98952C33ACF","LB-DIST-04E4A90C353A","","","21411","حمانا","Hammana","","populated-place","33.81331033","35.74688425","national-manifest","C:\xampp\htdocs\projectx\watanybot\packages\lebanese-administrative-authority\authority\sources\arabic\national-village-manifest-clean.csv","","source-reported","accepted","","21411","true","[object Object]"
"LB-LOC-21275","LB","LB-GOV-C98952C33ACF","LB-DIST-04E4A90C353A","","","21275","حارة الست","Haret Es-Sit","","populated-place","33.82583637","35.56815624","national-manifest","C:\xampp\htdocs\projectx\watanybot\packages\lebanese-administrative-authority\authority\sources\arabic\national-village-manifest-clean.csv","","source-reported","accepted","","21275","true","[object Object]"
"LB-LOC-21327","LB","LB-GOV-C98952C33ACF","LB-DIST-04E4A90C353A","","","21327","حارة حمزة","Haret Hamzeh","","populated-place","33.82070821","35.66261171","national-manifest","C:\xampp\htdocs\projectx\watanybot\packages\lebanese-administrative-authority\authority\sources\arabic\national-village-manifest-clean.csv","","source-reported","accepted","","21327","true","[object Object]"
"LB-LOC-21144","LB","LB-GOV-C98952C33ACF","LB-DIST-04E4A90C353A","","","21144","حارة حريك","Haret Hreik","","populated-place","33.85238524","35.51325148","national-manifest","C:\xampp\htdocs\projectx\watanybot\packages\lebanese-administrative-authority\authority\sources\arabic\national-village-manifest-clean.csv","","source-reported","accepted","","21144","true","[object Object]"
"LB-LOC-21397","LB","LB-GOV-C98952C33ACF","LB-DIST-04E4A90C353A","","","21397","حاصبيّا المتن","Hasbaiya El-Matn","","populated-place","33.8758759","35.72121736","national-manifest","C:\xampp\htdocs\projectx\watanybot\packages\lebanese-administrative-authority\authority\sources\arabic\national-village-manifest-clean.csv","","source-reported","accepted","","21397","true","[object Object]"
"LB-LOC-21324","LB","LB-GOV-C98952C33ACF","LB-DIST-04E4A90C353A","","","21324","هلالية","Hlaliyeh Baabda","","populated-place","33.8303013","35.63904588","national-manifest","C:\xampp\htdocs\projectx\watanybot\packages\lebanese-administrative-authority\authority\sources\arabic\national-village-manifest-clean.csv","","source-reported","accepted","","21324","true","[object Object]"
"LB-LOC-21461","LB","LB-GOV-C98952C33ACF","LB-DIST-04E4A90C353A","","","21461","جوار الحوز","Jouar El-Haouz","","populated-place","33.86095347","35.75803798","national-manifest","C:\xampp\htdocs\projectx\watanybot\packages\lebanese-administrative-authority\authority\sources\arabic\national-village-manifest-clean.csv","","source-reported","accepted","","21461","true","[object Object]"
"LB-LOC-21487","LB","LB-GOV-C98952C33ACF","LB-DIST-04E4A90C353A","","","21487","جورة ارصون","Jouret Arsoun","","populated-place","33.85291155","35.70953475","national-manifest","C:\xampp\htdocs\projectx\watanybot\packages\lebanese-administrative-authority\authority\sources\arabic\national-village-manifest-clean.csv","","source-reported","accepted","","21487","true","[object Object]"
"LB-LOC-21251","LB","LB-GOV-C98952C33ACF","LB-DIST-04E4A90C353A","","","21251","كفرشيما","Kfar Chima","","populated-place","33.81451391","35.53309799","national-manifest","C:\xampp\htdocs\projectx\watanybot\packages\lebanese-administrative-authority\authority\sources\arabic\national-village-manifest-clean.csv","","source-reported","accepted","","21251","true","[object Object]"
"LB-LOC-21476","LB","LB-GOV-C98952C33ACF","LB-DIST-04E4A90C353A","","","21476","كفرسلوان","Kfar Selouane","","populated-place","33.85666838","35.79235298","national-manifest","C:\xampp\htdocs\projectx\watanybot\packages\lebanese-administrative-authority\authority\sources\arabic\national-village-manifest-clean.csv","","source-reported","accepted","","21476","true","[object Object]"
"LB-LOC-21421","LB","LB-GOV-C98952C33ACF","LB-DIST-04E4A90C353A","","","21421","خلوات","Khalouat Baabda","","populated-place","33.8400915","35.7357618","national-manifest","C:\xampp\htdocs\projectx\watanybot\packages\lebanese-administrative-authority\authority\sources\arabic\national-village-manifest-clean.csv","","source-reported","accepted","","21421","true","[object Object]"
"LB-LOC-21431","LB","LB-GOV-C98952C33ACF","LB-DIST-04E4A90C353A","","","21431","خريبة بعبدا","Khreibet Baabda","","populated-place","33.82321395","35.71842563","national-manifest","C:\xampp\htdocs\projectx\watanybot\packages\lebanese-administrative-authority\authority\sources\arabic\national-village-manifest-clean.csv","","source-reported","accepted","","21431","true","[object Object]"
"LB-LOC-21377","LB","LB-GOV-C98952C33ACF","LB-DIST-04E4A90C353A","","","21377","كنيسة بعبدا","Kneisset Baabda","","populated-place","33.86466354","35.6670517","national-manifest","C:\xampp\htdocs\projectx\watanybot\packages\lebanese-administrative-authority\authority\sources\arabic\national-village-manifest-clean.csv","","source-reported","accepted","","21377","true","[object Object]"
"LB-LOC-21166","LB","LB-GOV-C98952C33ACF","LB-DIST-04E4A90C353A","","","21166","ليلكي","Laylakeh","","populated-place","33.83191984","35.51522367","national-manifest","C:\xampp\htdocs\projectx\watanybot\packages\lebanese-administrative-authority\authority\sources\arabic\national-village-manifest-clean.csv","","source-reported","accepted","","21166","true","[object Object]"
"LB-LOC-21243","LB","LB-GOV-C98952C33ACF","LB-DIST-04E4A90C353A","","","21243","لويزة","Louayzeh Baabda","","populated-place","33.83824429","35.5717599","national-manifest","C:\xampp\htdocs\projectx\watanybot\packages\lebanese-administrative-authority\authority\sources\arabic\national-village-manifest-clean.csv","","source-reported","accepted","","21243","true","[object Object]"
"LB-LOC-21235","LB","LB-GOV-C98952C33ACF","LB-DIST-04E4A90C353A","","","21235","مرداشة","Merdache","","populated-place","33.82317029","35.53922362","national-manifest","C:\xampp\htdocs\projectx\watanybot\packages\lebanese-administrative-authority\authority\sources\arabic\national-village-manifest-clean.csv","","source-reported","accepted","","21235","true","[object Object]"
"LB-LOC-21321","LB","LB-GOV-C98952C33ACF","LB-DIST-04E4A90C353A","","","21321","مزيرعة بعبدا","Mzairaa Baabda","","populated-place","33.82986246","35.65611657","national-manifest","C:\xampp\htdocs\projectx\watanybot\packages\lebanese-administrative-authority\authority\sources\arabic\national-village-manifest-clean.csv","","source-reported","accepted","","21321","true","[object Object]"
"LB-LOC-21267","LB","LB-GOV-C98952C33ACF","LB-DIST-04E4A90C353A","","","21267","وادي شحرور العليا","Ouadi Chahrour El Aaoulia","","populated-place","33.81833487","35.5646662","national-manifest","C:\xampp\htdocs\projectx\watanybot\packages\lebanese-administrative-authority\authority\sources\arabic\national-village-manifest-clean.csv","","source-reported","accepted","","21267","true","[object Object]"
"LB-LOC-21259","LB","LB-GOV-C98952C33ACF","LB-DIST-04E4A90C353A","","","21259","وادي شحرور السفلى","Ouadi Chahrour Es-Soufla","","populated-place","33.82203457","35.55384109","national-manifest","C:\xampp\htdocs\projectx\watanybot\packages\lebanese-administrative-authority\authority\sources\arabic\national-village-manifest-clean.csv","","source-reported","accepted","","21259","true","[object Object]"
"LB-LOC-21416","LB","LB-GOV-C98952C33ACF","LB-DIST-04E4A90C353A","","","21416","القلعة","Qalaat Baabda","","populated-place","33.83846474","35.72818973","national-manifest","C:\xampp\htdocs\projectx\watanybot\packages\lebanese-administrative-authority\authority\sources\arabic\national-village-manifest-clean.csv","","source-reported","accepted","","21416","true","[object Object]"
"LB-LOC-21357","LB","LB-GOV-C98952C33ACF","LB-DIST-04E4A90C353A","","","21357","قبيع","Qobbayaa","","populated-place","33.81366974","35.69137324","national-manifest","C:\xampp\htdocs\projectx\watanybot\packages\lebanese-administrative-authority\authority\sources\arabic\national-village-manifest-clean.csv","","source-reported","accepted","","21357","true","[object Object]"
"LB-LOC-21361","LB","LB-GOV-C98952C33ACF","LB-DIST-04E4A90C353A","","","21361","قرطادة","Qordata","","populated-place","33.8598662","35.62503427","national-manifest","C:\xampp\htdocs\projectx\watanybot\packages\lebanese-administrative-authority\authority\sources\arabic\national-village-manifest-clean.csv","","source-reported","accepted","","21361","true","[object Object]"
"LB-LOC-21456","LB","LB-GOV-C98952C33ACF","LB-DIST-04E4A90C353A","","","21456","قرنايل","Qornayel","","populated-place","33.85644998","35.72915345","national-manifest","C:\xampp\htdocs\projectx\watanybot\packages\lebanese-administrative-authority\authority\sources\arabic\national-village-manifest-clean.csv","","source-reported","accepted","","21456","true","[object Object]"
"LB-LOC-21344","LB","LB-GOV-C98952C33ACF","LB-DIST-04E4A90C353A","","","21344","قرية","Qrayet Baabda","","populated-place","33.80769591","35.67995312","national-manifest","C:\xampp\htdocs\projectx\watanybot\packages\lebanese-administrative-authority\authority\sources\arabic\national-village-manifest-clean.csv","","source-reported","accepted","","21344","true","[object Object]"
"LB-LOC-21364","LB","LB-GOV-C98952C33ACF","LB-DIST-04E4A90C353A","","","21364","قصيبة","Qsaibeh Baabda","","populated-place","33.86439418","35.65045295","national-manifest","C:\xampp\htdocs\projectx\watanybot\packages\lebanese-administrative-authority\authority\sources\arabic\national-village-manifest-clean.csv","","source-reported","accepted","","21364","true","[object Object]"
"LB-LOC-21331","LB","LB-GOV-C98952C33ACF","LB-DIST-04E4A90C353A","","","21331","قتالة","Qtaleh Baabda","","populated-place","33.82121711","35.67882716","national-manifest","C:\xampp\htdocs\projectx\watanybot\packages\lebanese-administrative-authority\authority\sources\arabic\national-village-manifest-clean.csv","","source-reported","accepted","","21331","true","[object Object]"
"LB-LOC-21351","LB","LB-GOV-C98952C33ACF","LB-DIST-04E4A90C353A","","","21351","راس المتن","Ras El Matn","","populated-place","33.84584924","35.65751177","national-manifest","C:\xampp\htdocs\projectx\watanybot\packages\lebanese-administrative-authority\authority\sources\arabic\national-village-manifest-clean.csv","","source-reported","accepted","","21351","true","[object Object]"
"LB-LOC-21334","LB","LB-GOV-C98952C33ACF","LB-DIST-04E4A90C353A","","","21334","راس الحرف","Ras El-Href","","populated-place","33.81290591","35.66945286","national-manifest","C:\xampp\htdocs\projectx\watanybot\packages\lebanese-administrative-authority\authority\sources\arabic\national-village-manifest-clean.csv","","source-reported","accepted","","21334","true","[object Object]"
"LB-LOC-21317","LB","LB-GOV-C98952C33ACF","LB-DIST-04E4A90C353A","","","21317","رويسة البلوط","Rouayssrt El-Ballout","","populated-place","33.82778826","35.6467993","national-manifest","C:\xampp\htdocs\projectx\watanybot\packages\lebanese-administrative-authority\authority\sources\arabic\national-village-manifest-clean.csv","","source-reported","accepted","","21317","true","[object Object]"
"LB-LOC-21394","LB","LB-GOV-C98952C33ACF","LB-DIST-04E4A90C353A","","","21394","صليما بعبدا","Salima Baabda","","populated-place","33.87291602","35.69697631","national-manifest","C:\xampp\htdocs\projectx\watanybot\packages\lebanese-administrative-authority\authority\sources\arabic\national-village-manifest-clean.csv","","source-reported","accepted","","21394","true","[object Object]"
"LB-LOC-21188","LB","LB-GOV-C98952C33ACF","LB-DIST-04E4A90C353A","","","21188","تحويطة الغدير","Tahouitat El Ghadir","","populated-place","33.82869769","35.49425142","national-manifest","C:\xampp\htdocs\projectx\watanybot\packages\lebanese-administrative-authority\authority\sources\arabic\national-village-manifest-clean.csv","","source-reported","accepted","","21188","true","[object Object]"
"LB-LOC-21481","LB","LB-GOV-C98952C33ACF","LB-DIST-04E4A90C353A","","","21481","ترشيش","Tarchich","","populated-place","33.87383578","35.80529297","national-manifest","C:\xampp\htdocs\projectx\watanybot\packages\lebanese-administrative-authority\authority\sources\arabic\national-village-manifest-clean.csv","","source-reported","accepted","","21481","true","[object Object]"
"LB-LOC-21374","LB","LB-GOV-C98952C33ACF","LB-DIST-04E4A90C353A","","","21374","زندوقة","Zandouqa","","populated-place","33.86641203","35.63777843","national-manifest","C:\xampp\htdocs\projectx\watanybot\packages\lebanese-administrative-authority\authority\sources\arabic\national-village-manifest-clean.csv","","source-reported","accepted","","21374","true","[object Object]"
"LB-LOC-23627","LB","LB-GOV-C98952C33ACF","LB-DIST-A147AA5D4F3B","","","23627","عين وزين","Aain Ouzain","","populated-place","33.67864088","35.62551803","national-manifest","C:\xampp\htdocs\projectx\watanybot\packages\lebanese-administrative-authority\authority\sources\arabic\national-village-manifest-clean.csv","","source-reported","accepted","","23627","true","[object Object]"
"LB-LOC-23619","LB","LB-GOV-C98952C33ACF","LB-DIST-A147AA5D4F3B","","","23619","عين قني","Aain Qania","","populated-place","33.64477971","35.60082244","national-manifest","C:\xampp\htdocs\projectx\watanybot\packages\lebanese-administrative-authority\authority\sources\arabic\national-village-manifest-clean.csv","","source-reported","accepted","","23619","true","[object Object]"
"LB-LOC-23469","LB","LB-GOV-C98952C33ACF","LB-DIST-A147AA5D4F3B","","","23469","عين زحلتا","Aain Zhalta","","populated-place","33.73712607","35.72507379","national-manifest","C:\xampp\htdocs\projectx\watanybot\packages\lebanese-administrative-authority\authority\sources\arabic\national-village-manifest-clean.csv","","source-reported","accepted","","23469","true","[object Object]"
"LB-LOC-23533","LB","LB-GOV-C98952C33ACF","LB-DIST-A147AA5D4F3B","","","23533","عينبال","Aainbal","","populated-place","33.657752","35.55689555","national-manifest","C:\xampp\htdocs\projectx\watanybot\packages\lebanese-administrative-authority\authority\sources\arabic\national-village-manifest-clean.csv","","source-reported","accepted","","23533","true","[object Object]"
"LB-LOC-23311","LB","LB-GOV-C98952C33ACF","LB-DIST-A147AA5D4F3B","","","23311","علمان الشوف","Aalmane Ech-Chouf","","populated-place","33.591959","35.41226003","national-manifest","C:\xampp\htdocs\projectx\watanybot\packages\lebanese-administrative-authority\authority\sources\arabic\national-village-manifest-clean.csv","","source-reported","accepted","","23311","true","[object Object]"
"LB-LOC-23639","LB","LB-GOV-C98952C33ACF","LB-DIST-A147AA5D4F3B","","","23639","عمّاطور","Aammatour","","populated-place","33.61505256","35.60068385","national-manifest","C:\xampp\htdocs\projectx\watanybot\packages\lebanese-administrative-authority\authority\sources\arabic\national-village-manifest-clean.csv","","source-reported","accepted","","23639","true","[object Object]"
"LB-LOC-23427","LB","LB-GOV-C98952C33ACF","LB-DIST-A147AA5D4F3B","","","23427","عميق الشوف","Aammiq Ech-Chouf","","populated-place","33.71792964","35.59034699","national-manifest","C:\xampp\htdocs\projectx\watanybot\packages\lebanese-administrative-authority\authority\sources\arabic\national-village-manifest-clean.csv","","source-reported","accepted","","23427","true","[object Object]"
"LB-LOC-23239","LB","LB-GOV-C98952C33ACF","LB-DIST-A147AA5D4F3B","","","23239","عانوت","Aanout","","populated-place","33.62319538","35.51508443","national-manifest","C:\xampp\htdocs\projectx\watanybot\packages\lebanese-administrative-authority\authority\sources\arabic\national-village-manifest-clean.csv","","source-reported","accepted","","23239","true","[object Object]"
"LB-LOC-23544","LB","LB-GOV-C98952C33ACF","LB-DIST-A147AA5D4F3B","","","23544","عترين","Aathrine","","populated-place","33.66234611","35.57464364","national-manifest","C:\xampp\htdocs\projectx\watanybot\packages\lebanese-administrative-authority\authority\sources\arabic\national-village-manifest-clean.csv","","source-reported","accepted","","23544","true","[object Object]"
"LB-LOC-23631","LB","LB-GOV-C98952C33ACF","LB-DIST-A147AA5D4F3B","","","23631","بعدران","Baadarane","","populated-place","33.6323271","35.62832866","national-manifest","C:\xampp\htdocs\projectx\watanybot\packages\lebanese-administrative-authority\authority\sources\arabic\national-village-manifest-clean.csv","","source-reported","accepted","","23631","true","[object Object]"
"LB-LOC-23511","LB","LB-GOV-C98952C33ACF","LB-DIST-A147AA5D4F3B","","","23511","بعقلين","Baaqline","","populated-place","33.66789652","35.54094037","national-manifest","C:\xampp\htdocs\projectx\watanybot\packages\lebanese-administrative-authority\authority\sources\arabic\national-village-manifest-clean.csv","","source-reported","accepted","","23511","true","[object Object]"
"LB-LOC-23255","LB","LB-GOV-C98952C33ACF","LB-DIST-A147AA5D4F3B","","","23255","بعاصير","Baassir","","populated-place","33.66220082","35.44388802","national-manifest","C:\xampp\htdocs\projectx\watanybot\packages\lebanese-administrative-authority\authority\sources\arabic\national-village-manifest-clean.csv","","source-reported","accepted","","23255","true","[object Object]"
"LB-LOC-23251","LB","LB-GOV-C98952C33ACF","LB-DIST-A147AA5D4F3B","","","23251","برجا","Barja","","populated-place","33.64443281","35.4380436","national-manifest","C:\xampp\htdocs\projectx\watanybot\packages\lebanese-administrative-authority\authority\sources\arabic\national-village-manifest-clean.csv","","source-reported","accepted","","23251","true","[object Object]"
"LB-LOC-23679","LB","LB-GOV-C98952C33ACF","LB-DIST-A147AA5D4F3B","","","23679","الباروك","Barouk","","populated-place","33.69462616","35.70197793","national-manifest","C:\xampp\htdocs\projectx\watanybot\packages\lebanese-administrative-authority\authority\sources\arabic\national-village-manifest-clean.csv","","source-reported","accepted","","23679","true","[object Object]"
"LB-LOC-23675","LB","LB-GOV-C98952C33ACF","LB-DIST-A147AA5D4F3B","","","23675","باتر","Bater","","populated-place","33.59064473","35.60103538","national-manifest","C:\xampp\htdocs\projectx\watanybot\packages\lebanese-administrative-authority\authority\sources\arabic\national-village-manifest-clean.csv","","source-reported","accepted","","23675","true","[object Object]"
"LB-LOC-23663","LB","LB-GOV-C98952C33ACF","LB-DIST-A147AA5D4F3B","","","23663","بتلون","Batloun","","populated-place","33.69323691","35.65259605","national-manifest","C:\xampp\htdocs\projectx\watanybot\packages\lebanese-administrative-authority\authority\sources\arabic\national-village-manifest-clean.csv","","source-reported","accepted","","23663","true","[object Object]"
"LB-LOC-23687","LB","LB-GOV-C98952C33ACF","LB-DIST-A147AA5D4F3B","","","23687","بيقون","Bayqoun","","populated-place","33.614208","35.5820016","national-manifest","C:\xampp\htdocs\projectx\watanybot\packages\lebanese-administrative-authority\authority\sources\arabic\national-village-manifest-clean.csv","","source-reported","accepted","","23687","true","[object Object]"
"LB-LOC-23423","LB","LB-GOV-C98952C33ACF","LB-DIST-A147AA5D4F3B","","","23423","بشتفين","Bchtfine","","populated-place","33.71230608","35.55124575","national-manifest","C:\xampp\htdocs\projectx\watanybot\packages\lebanese-administrative-authority\authority\sources\arabic\national-village-manifest-clean.csv","","source-reported","accepted","","23423","true","[object Object]"
"LB-LOC-23411","LB","LB-GOV-C98952C33ACF","LB-DIST-A147AA5D4F3B","","","23411","بيت الدين","Beit Ed-Dine","","populated-place","33.69299357","35.5815856","national-manifest","C:\xampp\htdocs\projectx\watanybot\packages\lebanese-administrative-authority\authority\sources\arabic\national-village-manifest-clean.csv","","source-reported","accepted","","23411","true","[object Object]"
"LB-LOC-23263","LB","LB-GOV-C98952C33ACF","LB-DIST-A147AA5D4F3B","","","23263","بنواتي","Benouati Ech-Chouf","","populated-place","33.67662072","35.51371434","national-manifest","C:\xampp\htdocs\projectx\watanybot\packages\lebanese-administrative-authority\authority\sources\arabic\national-village-manifest-clean.csv","","source-reported","accepted","","23263","true","[object Object]"
"LB-LOC-23451","LB","LB-GOV-C98952C33ACF","LB-DIST-A147AA5D4F3B","","","23451","بيرة","Biret Ech-Chouf","","populated-place","33.72619291","35.65206","national-manifest","C:\xampp\htdocs\projectx\watanybot\packages\lebanese-administrative-authority\authority\sources\arabic\national-village-manifest-clean.csv","","source-reported","accepted","","23451","true","[object Object]"
"LB-LOC-23253","LB","LB-GOV-C98952C33ACF","LB-DIST-A147AA5D4F3B","","","23253","بكشتين","Bkechtine Ouel Mcheiaa","","populated-place","33.67067712","35.4968529","national-manifest","C:\xampp\htdocs\projectx\watanybot\packages\lebanese-administrative-authority\authority\sources\arabic\national-village-manifest-clean.csv","","source-reported","accepted","","23253","true","[object Object]"
"LB-LOC-23356","LB","LB-GOV-C98952C33ACF","LB-DIST-A147AA5D4F3B","","","23356","بكيفا","Bkifa Ech-Chouf","","populated-place","33.59058335","35.49613544","national-manifest","C:\xampp\htdocs\projectx\watanybot\packages\lebanese-administrative-authority\authority\sources\arabic\national-village-manifest-clean.csv","","source-reported","accepted","","23356","true","[object Object]"
"LB-LOC-23615","LB","LB-GOV-C98952C33ACF","LB-DIST-A147AA5D4F3B","","","23615","بطمة","Botmeh","","populated-place","33.67120722","35.64175093","national-manifest","C:\xampp\htdocs\projectx\watanybot\packages\lebanese-administrative-authority\authority\sources\arabic\national-village-manifest-clean.csv","","source-reported","accepted","","23615","true","[object Object]"
"LB-LOC-23247","LB","LB-GOV-C98952C33ACF","LB-DIST-A147AA5D4F3B","","","23247","البرجين","Bourjein","","populated-place","33.65190896","35.48112851","national-manifest","C:\xampp\htdocs\projectx\watanybot\packages\lebanese-administrative-authority\authority\sources\arabic\national-village-manifest-clean.csv","","source-reported","accepted","","23247","true","[object Object]"
"LB-LOC-23457","LB","LB-GOV-C98952C33ACF","LB-DIST-A147AA5D4F3B","","","23457","بقيعة","Bqaiaa Ech-Chouf","","populated-place","33.68650995","35.49195532","national-manifest","C:\xampp\htdocs\projectx\watanybot\packages\lebanese-administrative-authority\authority\sources\arabic\national-village-manifest-clean.csv","","source-reported","accepted","","23457","true","[object Object]"
"LB-LOC-23459","LB","LB-GOV-C98952C33ACF","LB-DIST-A147AA5D4F3B","","","23459","بريح","Brih","","populated-place","33.71548075","35.65394914","national-manifest","C:\xampp\htdocs\projectx\watanybot\packages\lebanese-administrative-authority\authority\sources\arabic\national-village-manifest-clean.csv","","source-reported","accepted","","23459","true","[object Object]"
"LB-LOC-23386","LB","LB-GOV-C98952C33ACF","LB-DIST-A147AA5D4F3B","","","23386","بسابا","Bsaba Ech-Chouf","","populated-place","33.60301374","35.54823599","national-manifest","C:\xampp\htdocs\projectx\watanybot\packages\lebanese-administrative-authority\authority\sources\arabic\national-village-manifest-clean.csv","","source-reported","accepted","","23386","true","[object Object]"
"LB-LOC-23223","LB","LB-GOV-C98952C33ACF","LB-DIST-A147AA5D4F3B","","","23223","شميس","Chammis Ech-Chouf","","populated-place","33.6396834","35.46177334","national-manifest","C:\xampp\htdocs\projectx\watanybot\packages\lebanese-administrative-authority\authority\sources\arabic\national-village-manifest-clean.csv","","source-reported","accepted","","23223","true","[object Object]"
"LB-LOC-23211","LB","LB-GOV-C98952C33ACF","LB-DIST-A147AA5D4F3B","","","23211","شحيم","Chhim","","populated-place","33.62743661","35.48822872","national-manifest","C:\xampp\htdocs\projectx\watanybot\packages\lebanese-administrative-authority\authority\sources\arabic\national-village-manifest-clean.csv","","source-reported","accepted","","23211","true","[object Object]"
"LB-LOC-23275","LB","LB-GOV-C98952C33ACF","LB-DIST-A147AA5D4F3B","","","23275","شمعرين","Chmaarine","","populated-place","33.67873261","35.5051001","national-manifest","C:\xampp\htdocs\projectx\watanybot\packages\lebanese-administrative-authority\authority\sources\arabic\national-village-manifest-clean.csv","","source-reported","accepted","","23275","true","[object Object]"
"LB-LOC-23453","LB","LB-GOV-C98952C33ACF","LB-DIST-A147AA5D4F3B","","","23453","شوريت","Chourit","","populated-place","33.74244714","35.63511752","national-manifest","C:\xampp\htdocs\projectx\watanybot\packages\lebanese-administrative-authority\authority\sources\arabic\national-village-manifest-clean.csv","","source-reported","accepted","","23453","true","[object Object]"
"LB-LOC-23279","LB","LB-GOV-C98952C33ACF","LB-DIST-A147AA5D4F3B","","","23279","ضهر المغارة","Dahr Ech-Chouf","","populated-place","33.68033323","35.44838124","national-manifest","C:\xampp\htdocs\projectx\watanybot\packages\lebanese-administrative-authority\authority\sources\arabic\national-village-manifest-clean.csv","","source-reported","accepted","","23279","true","[object Object]"
"LB-LOC-23219","LB","LB-GOV-C98952C33ACF","LB-DIST-A147AA5D4F3B","","","23219","دلهون","Dalhoun","","populated-place","33.62549222","35.46386438","national-manifest","C:\xampp\htdocs\projectx\watanybot\packages\lebanese-administrative-authority\authority\sources\arabic\national-village-manifest-clean.csv","","source-reported","accepted","","23219","true","[object Object]"
"LB-LOC-23111","LB","LB-GOV-C98952C33ACF","LB-DIST-A147AA5D4F3B","","","23111","الدامور","Damour","","populated-place","33.71168384","35.45398321","national-manifest","C:\xampp\htdocs\projectx\watanybot\packages\lebanese-administrative-authority\authority\sources\arabic\national-village-manifest-clean.csv","","source-reported","accepted","","23111","true","[object Object]"
"LB-LOC-23227","LB","LB-GOV-C98952C33ACF","LB-DIST-A147AA5D4F3B","","","23227","داريا الشوف","Daraiya Ech-Chouf","","populated-place","33.64829283","35.51582733","national-manifest","C:\xampp\htdocs\projectx\watanybot\packages\lebanese-administrative-authority\authority\sources\arabic\national-village-manifest-clean.csv","","source-reported","accepted","","23227","true","[object Object]"
"LB-LOC-23435","LB","LB-GOV-C98952C33ACF","LB-DIST-A147AA5D4F3B","","","23435","دير بابا","Deir Baba","","populated-place","33.69829891","35.5193418","national-manifest","C:\xampp\htdocs\projectx\watanybot\packages\lebanese-administrative-authority\authority\sources\arabic\national-village-manifest-clean.csv","","source-reported","accepted","","23435","true","[object Object]"
"LB-LOC-23522","LB","LB-GOV-C98952C33ACF","LB-DIST-A147AA5D4F3B","","","23522","دير دوريت","Deir Dourit","","populated-place","33.67725774","35.53577527","national-manifest","C:\xampp\htdocs\projectx\watanybot\packages\lebanese-administrative-authority\authority\sources\arabic\national-village-manifest-clean.csv","","source-reported","accepted","","23522","true","[object Object]"
"LB-LOC-23346","LB","LB-GOV-C98952C33ACF","LB-DIST-A147AA5D4F3B","","","23346","دير المخلص الشوف","Deir El-Moukhalles Ech-Chouf","","populated-place","33.58351167","35.48364463","national-manifest","C:\xampp\htdocs\projectx\watanybot\packages\lebanese-administrative-authority\authority\sources\arabic\national-village-manifest-clean.csv","","source-reported","accepted","","23346","true","[object Object]"
"LB-LOC-23413","LB","LB-GOV-C98952C33ACF","LB-DIST-A147AA5D4F3B","","","23413","دير القمر","Deir El-Qamar","","populated-place","33.69746411","35.55755156","national-manifest","C:\xampp\htdocs\projectx\watanybot\packages\lebanese-administrative-authority\authority\sources\arabic\national-village-manifest-clean.csv","","source-reported","accepted","","23413","true","[object Object]"
"LB-LOC-23429","LB","LB-GOV-C98952C33ACF","LB-DIST-A147AA5D4F3B","","","23429","دير كوشه","Deir Koucheh","","populated-place","33.71859072","35.56561317","national-manifest","C:\xampp\htdocs\projectx\watanybot\packages\lebanese-administrative-authority\authority\sources\arabic\national-village-manifest-clean.csv","","source-reported","accepted","","23429","true","[object Object]"
"LB-LOC-23259","LB","LB-GOV-C98952C33ACF","LB-DIST-A147AA5D4F3B","","","23259","دبية","Dibbiyeh","","populated-place","33.67559177","35.47286578","national-manifest","C:\xampp\htdocs\projectx\watanybot\packages\lebanese-administrative-authority\authority\sources\arabic\national-village-manifest-clean.csv","","source-reported","accepted","","23259","true","[object Object]"
"LB-LOC-23447","LB","LB-GOV-C98952C33ACF","LB-DIST-A147AA5D4F3B","","","23447","دميت","Dmit","","populated-place","33.6954014","35.50059782","national-manifest","C:\xampp\htdocs\projectx\watanybot\packages\lebanese-administrative-authority\authority\sources\arabic\national-village-manifest-clean.csv","","source-reported","accepted","","23447","true","[object Object]"
"LB-LOC-23449","LB","LB-GOV-C98952C33ACF","LB-DIST-A147AA5D4F3B","","","23449","فوارة جعفر","Faouarat Jaafar","","populated-place","33.71283651","35.63889725","national-manifest","C:\xampp\htdocs\projectx\watanybot\packages\lebanese-administrative-authority\authority\sources\arabic\national-village-manifest-clean.csv","","source-reported","accepted","","23449","true","[object Object]"
"LB-LOC-23467","LB","LB-GOV-C98952C33ACF","LB-DIST-A147AA5D4F3B","","","23467","فريديس الشوف","Fraudis Ech-Chouf","","populated-place","33.71314488","35.70533152","national-manifest","C:\xampp\htdocs\projectx\watanybot\packages\lebanese-administrative-authority\authority\sources\arabic\national-village-manifest-clean.csv","","source-reported","accepted","","23467","true","[object Object]"
"LB-LOC-23438","LB","LB-GOV-C98952C33ACF","LB-DIST-A147AA5D4F3B","","","23438","غابة جعفر","GHabet Jaafar","","populated-place","33.69296767","35.52749242","national-manifest","C:\xampp\htdocs\projectx\watanybot\packages\lebanese-administrative-authority\authority\sources\arabic\national-village-manifest-clean.csv","","source-reported","accepted","","23438","true","[object Object]"
"LB-LOC-23566","LB","LB-GOV-C98952C33ACF","LB-DIST-A147AA5D4F3B","","","23566","غريفة","Gharifeh","","populated-place","33.63080768","35.55800472","national-manifest","C:\xampp\htdocs\projectx\watanybot\packages\lebanese-administrative-authority\authority\sources\arabic\national-village-manifest-clean.csv","","source-reported","accepted","","23566","true","[object Object]"
"LB-LOC-23647","LB","LB-GOV-C98952C33ACF","LB-DIST-A147AA5D4F3B","","","23647","حارة جندل","Haret Jandal","","populated-place","33.62145207","35.61568501","national-manifest","C:\xampp\htdocs\projectx\watanybot\packages\lebanese-administrative-authority\authority\sources\arabic\national-village-manifest-clean.csv","","source-reported","accepted","","23647","true","[object Object]"
"LB-LOC-23588","LB","LB-GOV-C98952C33ACF","LB-DIST-A147AA5D4F3B","","","23588","حصروت","Hasrout","","populated-place","33.62622936","35.53679701","national-manifest","C:\xampp\htdocs\projectx\watanybot\packages\lebanese-administrative-authority\authority\sources\arabic\national-village-manifest-clean.csv","","source-reported","accepted","","23588","true","[object Object]"
"LB-LOC-23271","LB","LB-GOV-C98952C33ACF","LB-DIST-A147AA5D4F3B","","","23271","جدرا","Jadra","","populated-place","33.63420025","35.40951922","national-manifest","C:\xampp\htdocs\projectx\watanybot\packages\lebanese-administrative-authority\authority\sources\arabic\national-village-manifest-clean.csv","","source-reported","accepted","","23271","true","[object Object]"
"LB-LOC-23577","LB","LB-GOV-C98952C33ACF","LB-DIST-A147AA5D4F3B","","","23577","جاهلية","Jahliyeh","","populated-place","33.66195823","35.51176064","national-manifest","C:\xampp\htdocs\projectx\watanybot\packages\lebanese-administrative-authority\authority\sources\arabic\national-village-manifest-clean.csv","","source-reported","accepted","","23577","true","[object Object]"
"LB-LOC-23671","LB","LB-GOV-C98952C33ACF","LB-DIST-A147AA5D4F3B","","","23671","جباع","Jbaa Ech-Chouf","","populated-place","33.6038459","35.64463633","national-manifest","C:\xampp\htdocs\projectx\watanybot\packages\lebanese-administrative-authority\authority\sources\arabic\national-village-manifest-clean.csv","","source-reported","accepted","","23671","true","[object Object]"
"LB-LOC-23623","LB","LB-GOV-C98952C33ACF","LB-DIST-A147AA5D4F3B","","","23623","جديدة الشوف","Jdeidet Ech-Chouf","","populated-place","33.66916746","35.60562721","national-manifest","C:\xampp\htdocs\projectx\watanybot\packages\lebanese-administrative-authority\authority\sources\arabic\national-village-manifest-clean.csv","","source-reported","accepted","","23623","true","[object Object]"
"LB-LOC-23267","LB","LB-GOV-C98952C33ACF","LB-DIST-A147AA5D4F3B","","","23267","جية","Jiyeh","","populated-place","33.66546399","35.42536999","national-manifest","C:\xampp\htdocs\projectx\watanybot\packages\lebanese-administrative-authority\authority\sources\arabic\national-village-manifest-clean.csv","","source-reported","accepted","","23267","true","[object Object]"
"LB-LOC-23376","LB","LB-GOV-C98952C33ACF","LB-DIST-A147AA5D4F3B","","","23376","جليلية","Jleiliyeh","","populated-place","33.60655529","35.52630224","national-manifest","C:\xampp\htdocs\projectx\watanybot\packages\lebanese-administrative-authority\authority\sources\arabic\national-village-manifest-clean.csv","","source-reported","accepted","","23376","true","[object Object]"
"LB-LOC-23316","LB","LB-GOV-C98952C33ACF","LB-DIST-A147AA5D4F3B","","","23316","جميلية","Jmailiyeh","","populated-place","33.59750131","35.42921087","national-manifest","C:\xampp\htdocs\projectx\watanybot\packages\lebanese-administrative-authority\authority\sources\arabic\national-village-manifest-clean.csv","","source-reported","accepted","","23316","true","[object Object]"
"LB-LOC-23336","LB","LB-GOV-C98952C33ACF","LB-DIST-A147AA5D4F3B","","","23336","جون","Joun","","populated-place","33.57886943","35.44852628","national-manifest","C:\xampp\htdocs\projectx\watanybot\packages\lebanese-administrative-authority\authority\sources\arabic\national-village-manifest-clean.csv","","source-reported","accepted","","23336","true","[object Object]"
"LB-LOC-23643","LB","LB-GOV-C98952C33ACF","LB-DIST-A147AA5D4F3B","","","23643","كحلونية الشوف","Kahlouniet Ech-Chouf","","populated-place","33.64839185","35.59263339","national-manifest","C:\xampp\htdocs\projectx\watanybot\packages\lebanese-administrative-authority\authority\sources\arabic\national-village-manifest-clean.csv","","source-reported","accepted","","23643","true","[object Object]"
"LB-LOC-23231","LB","LB-GOV-C98952C33ACF","LB-DIST-A147AA5D4F3B","","","23231","كترمايا","Ketermaya","","populated-place","33.61519118","35.45414451","national-manifest","C:\xampp\htdocs\projectx\watanybot\packages\lebanese-administrative-authority\authority\sources\arabic\national-village-manifest-clean.csv","","source-reported","accepted","","23231","true","[object Object]"
"LB-LOC-23433","LB","LB-GOV-C98952C33ACF","LB-DIST-A147AA5D4F3B","","","23433","كفرفاقود","Kfar Faqoud","","populated-place","33.70284097","35.53701636","national-manifest","C:\xampp\htdocs\projectx\watanybot\packages\lebanese-administrative-authority\authority\sources\arabic\national-village-manifest-clean.csv","","source-reported","accepted","","23433","true","[object Object]"
"LB-LOC-23415","LB","LB-GOV-C98952C33ACF","LB-DIST-A147AA5D4F3B","","","23415","كفر حمل","Kfar Hamal","","populated-place","33.70861027","35.56623787","national-manifest","C:\xampp\htdocs\projectx\watanybot\packages\lebanese-administrative-authority\authority\sources\arabic\national-village-manifest-clean.csv","","source-reported","accepted","","23415","true","[object Object]"
"LB-LOC-23454","LB","LB-GOV-C98952C33ACF","LB-DIST-A147AA5D4F3B","","","23454","كفر حي","Kfar hay","","populated-place","33.74769824","35.63879719","national-manifest","C:\xampp\htdocs\projectx\watanybot\packages\lebanese-administrative-authority\authority\sources\arabic\national-village-manifest-clean.csv","","source-reported","accepted","","23454","true","[object Object]"
"LB-LOC-23439","LB","LB-GOV-C98952C33ACF","LB-DIST-A147AA5D4F3B","","","23439","كفرحيم","Kfar Him","","populated-place","33.68846535","35.52524736","national-manifest","C:\xampp\htdocs\projectx\watanybot\packages\lebanese-administrative-authority\authority\sources\arabic\national-village-manifest-clean.csv","","source-reported","accepted","","23439","true","[object Object]"
"LB-LOC-23655","LB","LB-GOV-C98952C33ACF","LB-DIST-A147AA5D4F3B","","","23655","كفرنبرخ","Kfar Nabrakh","","populated-place","33.69784778","35.63088956","national-manifest","C:\xampp\htdocs\projectx\watanybot\packages\lebanese-administrative-authority\authority\sources\arabic\national-village-manifest-clean.csv","","source-reported","accepted","","23655","true","[object Object]"
"LB-LOC-23455","LB","LB-GOV-C98952C33ACF","LB-DIST-A147AA5D4F3B","","","23455","كفرنيس","Kfar Niss","","populated-place","33.73530455","35.65335749","national-manifest","C:\xampp\htdocs\projectx\watanybot\packages\lebanese-administrative-authority\authority\sources\arabic\national-village-manifest-clean.csv","","source-reported","accepted","","23455","true","[object Object]"
"LB-LOC-23419","LB","LB-GOV-C98952C33ACF","LB-DIST-A147AA5D4F3B","","","23419","كفرقطرة","Kfar Qatra","","populated-place","33.71021821","35.58899303","national-manifest","C:\xampp\htdocs\projectx\watanybot\packages\lebanese-administrative-authority\authority\sources\arabic\national-village-manifest-clean.csv","","source-reported","accepted","","23419","true","[object Object]"
"LB-LOC-23635","LB","LB-GOV-C98952C33ACF","LB-DIST-A147AA5D4F3B","","","23635","خريبة الشوف","Khereibet Ech-Chouf","","populated-place","33.64513903","35.64676746","national-manifest","C:\xampp\htdocs\projectx\watanybot\packages\lebanese-administrative-authority\authority\sources\arabic\national-village-manifest-clean.csv","","source-reported","accepted","","23635","true","[object Object]"
"LB-LOC-23371","LB","LB-GOV-C98952C33ACF","LB-DIST-A147AA5D4F3B","","","23371","خربة بسري","Khirbet Bisri","","populated-place","33.58397742","35.52299559","national-manifest","C:\xampp\htdocs\projectx\watanybot\packages\lebanese-administrative-authority\authority\sources\arabic\national-village-manifest-clean.csv","","source-reported","accepted","","23371","true","[object Object]"
"LB-LOC-23425","LB","LB-GOV-C98952C33ACF","LB-DIST-A147AA5D4F3B","","","23425","كنيسة الشوف","Kneisset Ech-Chouf","","populated-place","33.71960626","35.57524773","national-manifest","C:\xampp\htdocs\projectx\watanybot\packages\lebanese-administrative-authority\authority\sources\arabic\national-village-manifest-clean.csv","","source-reported","accepted","","23425","true","[object Object]"
"LB-LOC-23235","LB","LB-GOV-C98952C33ACF","LB-DIST-A147AA5D4F3B","","","23235","معنيه","Maaniyeh","","populated-place","33.62964075","35.44533649","national-manifest","C:\xampp\htdocs\projectx\watanybot\packages\lebanese-administrative-authority\authority\sources\arabic\national-village-manifest-clean.csv","","source-reported","accepted","","23235","true","[object Object]"
"LB-LOC-23421","LB","LB-GOV-C98952C33ACF","LB-DIST-A147AA5D4F3B","","","23421","معاصر بيت الدين","Maasser Beit Ed-Dine","","populated-place","33.69729967","35.59994902","national-manifest","C:\xampp\htdocs\projectx\watanybot\packages\lebanese-administrative-authority\authority\sources\arabic\national-village-manifest-clean.csv","","source-reported","accepted","","23421","true","[object Object]"
"LB-LOC-23667","LB","LB-GOV-C98952C33ACF","LB-DIST-A147AA5D4F3B","","","23667","معاصر الشوف","Maasser Ech-Chouf","","populated-place","33.66086018","35.66686143","national-manifest","C:\xampp\htdocs\projectx\watanybot\packages\lebanese-administrative-authority\authority\sources\arabic\national-village-manifest-clean.csv","","source-reported","accepted","","23667","true","[object Object]"
"LB-LOC-23326","LB","LB-GOV-C98952C33ACF","LB-DIST-A147AA5D4F3B","","","23326","مجدلونا","Majdalouna","","populated-place","33.59807315","35.44554589","national-manifest","C:\xampp\htdocs\projectx\watanybot\packages\lebanese-administrative-authority\authority\sources\arabic\national-village-manifest-clean.csv","","source-reported","accepted","","23326","true","[object Object]"
"LB-LOC-23445","LB","LB-GOV-C98952C33ACF","LB-DIST-A147AA5D4F3B","","","23445","مجدل المعوش","Majdel El-Meouch","","populated-place","33.72622191","35.62212306","national-manifest","C:\xampp\htdocs\projectx\watanybot\packages\lebanese-administrative-authority\authority\sources\arabic\national-village-manifest-clean.csv","","source-reported","accepted","","23445","true","[object Object]"
"LB-LOC-23215","LB","LB-GOV-C98952C33ACF","LB-DIST-A147AA5D4F3B","","","23215","مزبود","Mazboud","","populated-place","33.6081467","35.48111097","national-manifest","C:\xampp\htdocs\projectx\watanybot\packages\lebanese-administrative-authority\authority\sources\arabic\national-village-manifest-clean.csv","","source-reported","accepted","","23215","true","[object Object]"
"LB-LOC-23361","LB","LB-GOV-C98952C33ACF","LB-DIST-A147AA5D4F3B","","","23361","مزمورة","Mazmoura","","populated-place","33.59446247","35.50894185","national-manifest","C:\xampp\htdocs\projectx\watanybot\packages\lebanese-administrative-authority\authority\sources\arabic\national-village-manifest-clean.csv","","source-reported","accepted","","23361","true","[object Object]"
"LB-LOC-23651","LB","LB-GOV-C98952C33ACF","LB-DIST-A147AA5D4F3B","","","23651","مزرعة","Mazraat Ech-Chouf","","populated-place","33.62134923","35.57070145","national-manifest","C:\xampp\htdocs\projectx\watanybot\packages\lebanese-administrative-authority\authority\sources\arabic\national-village-manifest-clean.csv","","source-reported","accepted","","23651","true","[object Object]"
"LB-LOC-23431","LB","LB-GOV-C98952C33ACF","LB-DIST-A147AA5D4F3B","","","23431","مزرعة الدوير","Mazraat Ed-Douair","","populated-place","33.70634081","35.60576888","national-manifest","C:\xampp\htdocs\projectx\watanybot\packages\lebanese-administrative-authority\authority\sources\arabic\national-village-manifest-clean.csv","","source-reported","accepted","","23431","true","[object Object]"
"LB-LOC-23366","LB","LB-GOV-C98952C33ACF","LB-DIST-A147AA5D4F3B","","","23366","مزرعة الضهر","Mazraat Es-Dahr","","populated-place","33.5918869","35.52993364","national-manifest","C:\xampp\htdocs\projectx\watanybot\packages\lebanese-administrative-authority\authority\sources\arabic\national-village-manifest-clean.csv","","source-reported","accepted","","23366","true","[object Object]"
"LB-LOC-23171","LB","LB-GOV-C98952C33ACF","LB-DIST-A147AA5D4F3B","","","23171","مشرف","Mechref","","populated-place","33.70793011","35.47647048","national-manifest","C:\xampp\htdocs\projectx\watanybot\packages\lebanese-administrative-authority\authority\sources\arabic\national-village-manifest-clean.csv","","source-reported","accepted","","23171","true","[object Object]"
"LB-LOC-23341","LB","LB-GOV-C98952C33ACF","LB-DIST-A147AA5D4F3B","","","23341","مغيرية الشوف","Mghairiyeh Ech-Chouf","","populated-place","33.60137391","35.45756165","national-manifest","C:\xampp\htdocs\projectx\watanybot\packages\lebanese-administrative-authority\authority\sources\arabic\national-village-manifest-clean.csv","","source-reported","accepted","","23341","true","[object Object]"
"LB-LOC-23461","LB","LB-GOV-C98952C33ACF","LB-DIST-A147AA5D4F3B","","","23461","مغيره","Moughayret Ech-Chouf","","populated-place","33.69436162","35.48031788","national-manifest","C:\xampp\htdocs\projectx\watanybot\packages\lebanese-administrative-authority\authority\sources\arabic\national-village-manifest-clean.csv","","source-reported","accepted","","23461","true","[object Object]"
"LB-LOC-23611","LB","LB-GOV-C98952C33ACF","LB-DIST-A147AA5D4F3B","","","23611","مختارة","Moukhtara","","populated-place","33.65721361","35.61009669","national-manifest","C:\xampp\htdocs\projectx\watanybot\packages\lebanese-administrative-authority\authority\sources\arabic\national-village-manifest-clean.csv","","source-reported","accepted","","23611","true","[object Object]"
"LB-LOC-23659","LB","LB-GOV-C98952C33ACF","LB-DIST-A147AA5D4F3B","","","23659","مرستى","Mristi","","populated-place","33.62054838","35.65655233","national-manifest","C:\xampp\htdocs\projectx\watanybot\packages\lebanese-administrative-authority\authority\sources\arabic\national-village-manifest-clean.csv","","source-reported","accepted","","23659","true","[object Object]"
"LB-LOC-23365","LB","LB-GOV-C98952C33ACF","LB-DIST-A147AA5D4F3B","","","23365","مطله","Mtolleh","","populated-place","33.60803658","35.53744858","national-manifest","C:\xampp\htdocs\projectx\watanybot\packages\lebanese-administrative-authority\authority\sources\arabic\national-village-manifest-clean.csv","","source-reported","accepted","","23365","true","[object Object]"
"LB-LOC-23141","LB","LB-GOV-C98952C33ACF","LB-DIST-A147AA5D4F3B","","","23141","ناعمه","Naameh","","populated-place","33.74561025","35.46664357","national-manifest","C:\xampp\htdocs\projectx\watanybot\packages\lebanese-administrative-authority\authority\sources\arabic\national-village-manifest-clean.csv","","source-reported","accepted","","23141","true","[object Object]"
"LB-LOC-23625","LB","LB-GOV-C98952C33ACF","LB-DIST-A147AA5D4F3B","","","23625","نيحا","Niha El-Chouf","","populated-place","33.54729443","35.62278524","national-manifest","C:\xampp\htdocs\projectx\watanybot\packages\lebanese-administrative-authority\authority\sources\arabic\national-village-manifest-clean.csv","","source-reported","accepted","","23625","true","[object Object]"
"LB-LOC-23237","LB","LB-GOV-C98952C33ACF","LB-DIST-A147AA5D4F3B","","","23237","وادي ابو يوسف","Ouadi Abou Youssef","","populated-place","33.67822205","35.49748084","national-manifest","C:\xampp\htdocs\projectx\watanybot\packages\lebanese-administrative-authority\authority\sources\arabic\national-village-manifest-clean.csv","","source-reported","accepted","","23237","true","[object Object]"
"LB-LOC-23555","LB","LB-GOV-C98952C33ACF","LB-DIST-A147AA5D4F3B","","","23555","وادي بنحليه","Ouadi bnehlay","","populated-place","33.67856407","35.52390453","national-manifest","C:\xampp\htdocs\projectx\watanybot\packages\lebanese-administrative-authority\authority\sources\arabic\national-village-manifest-clean.csv","","source-reported","accepted","","23555","true","[object Object]"
"LB-LOC-23441","LB","LB-GOV-C98952C33ACF","LB-DIST-A147AA5D4F3B","","","23441","وادي الدير","Ouadi Ed-Deir","","populated-place","33.68495726","35.53109729","national-manifest","C:\xampp\htdocs\projectx\watanybot\packages\lebanese-administrative-authority\authority\sources\arabic\national-village-manifest-clean.csv","","source-reported","accepted","","23441","true","[object Object]"
"LB-LOC-23443","LB","LB-GOV-C98952C33ACF","LB-DIST-A147AA5D4F3B","","","23443","وادي الست","Ouadi Es-Sitt","","populated-place","33.71458546","35.62694305","national-manifest","C:\xampp\htdocs\projectx\watanybot\packages\lebanese-administrative-authority\authority\sources\arabic\national-village-manifest-clean.csv","","source-reported","accepted","","23443","true","[object Object]"
"LB-LOC-23331","LB","LB-GOV-C98952C33ACF","LB-DIST-A147AA5D4F3B","","","23331","وردانيه","Ouardaniyeh","","populated-place","33.61091787","35.42594928","national-manifest","C:\xampp\htdocs\projectx\watanybot\packages\lebanese-administrative-authority\authority\sources\arabic\national-village-manifest-clean.csv","","source-reported","accepted","","23331","true","[object Object]"
"LB-LOC-23463","LB","LB-GOV-C98952C33ACF","LB-DIST-A147AA5D4F3B","","","23463","ورهانية","Ouarhaniyeh","","populated-place","33.71781145","35.67040409","national-manifest","C:\xampp\htdocs\projectx\watanybot\packages\lebanese-administrative-authority\authority\sources\arabic\national-village-manifest-clean.csv","","source-reported","accepted","","23463","true","[object Object]"
"LB-LOC-23351","LB","LB-GOV-C98952C33ACF","LB-DIST-A147AA5D4F3B","","","23351","قريعة","Qreiaa","","populated-place","33.59738511","35.48856616","national-manifest","C:\xampp\htdocs\projectx\watanybot\packages\lebanese-administrative-authority\authority\sources\arabic\national-village-manifest-clean.csv","","source-reported","accepted","","23351","true","[object Object]"
"LB-LOC-23321","LB","LB-GOV-C98952C33ACF","LB-DIST-A147AA5D4F3B","","","23321","رميلة","Rmeilet Ech-Chouf","","populated-place","33.60278102","35.39652757","national-manifest","C:\xampp\htdocs\projectx\watanybot\packages\lebanese-administrative-authority\authority\sources\arabic\national-village-manifest-clean.csv","","source-reported","accepted","","23321","true","[object Object]"
"LB-LOC-23417","LB","LB-GOV-C98952C33ACF","LB-DIST-A147AA5D4F3B","","","23417","سمقانية","Semqaniyeh","","populated-place","33.67609428","35.59062978","national-manifest","C:\xampp\htdocs\projectx\watanybot\packages\lebanese-administrative-authority\authority\sources\arabic\national-village-manifest-clean.csv","","source-reported","accepted","","23417","true","[object Object]"
"LB-LOC-23243","LB","LB-GOV-C98952C33ACF","LB-DIST-A147AA5D4F3B","","","23243","سبلين","Sibline","","populated-place","33.62494013","35.42057566","national-manifest","C:\xampp\htdocs\projectx\watanybot\packages\lebanese-administrative-authority\authority\sources\arabic\national-village-manifest-clean.csv","","source-reported","accepted","","23243","true","[object Object]"
"LB-LOC-23437","LB","LB-GOV-C98952C33ACF","LB-DIST-A147AA5D4F3B","","","23437","سرجبال","Sirjbal","","populated-place","33.68504316","35.50781775","national-manifest","C:\xampp\htdocs\projectx\watanybot\packages\lebanese-administrative-authority\authority\sources\arabic\national-village-manifest-clean.csv","","source-reported","accepted","","23437","true","[object Object]"
"LB-LOC-23381","LB","LB-GOV-C98952C33ACF","LB-DIST-A147AA5D4F3B","","","23381","زعرورية","Zaarouriyeh","","populated-place","33.60896626","35.51515705","national-manifest","C:\xampp\htdocs\projectx\watanybot\packages\lebanese-administrative-authority\authority\sources\arabic\national-village-manifest-clean.csv","","source-reported","accepted","","23381","true","[object Object]"
"LB-LOC-22551","LB","LB-GOV-C98952C33ACF","LB-DIST-5BF720066F5A","","","22551","عين علق","Aain Aalaq","","populated-place","33.91844002","35.65754827","national-manifest","C:\xampp\htdocs\projectx\watanybot\packages\lebanese-administrative-authority\authority\sources\arabic\national-village-manifest-clean.csv","","source-reported","accepted","","22551","true","[object Object]"
"LB-LOC-22471","LB","LB-GOV-C98952C33ACF","LB-DIST-5BF720066F5A","","","22471","عين عار","Aain Aar","","populated-place","33.92288072","35.64406202","national-manifest","C:\xampp\htdocs\projectx\watanybot\packages\lebanese-administrative-authority\authority\sources\arabic\national-village-manifest-clean.csv","","source-reported","accepted","","22471","true","[object Object]"
"LB-LOC-22543","LB","LB-GOV-C98952C33ACF","LB-DIST-5BF720066F5A","","","22543","عين الخروبة","Aain El-Kharroubeh","","populated-place","33.93286775","35.70124407","national-manifest","C:\xampp\htdocs\projectx\watanybot\packages\lebanese-administrative-authority\authority\sources\arabic\national-village-manifest-clean.csv","","source-reported","accepted","","22543","true","[object Object]"
"LB-LOC-22777","LB","LB-GOV-C98952C33ACF","LB-DIST-5BF720066F5A","","","22777","عين القبو","Aain El-Qabu","","populated-place","33.93858179","35.76916839","national-manifest","C:\xampp\htdocs\projectx\watanybot\packages\lebanese-administrative-authority\authority\sources\arabic\national-village-manifest-clean.csv","","source-reported","accepted","","22777","true","[object Object]"
"LB-LOC-22523","LB","LB-GOV-C98952C33ACF","LB-DIST-5BF720066F5A","","","22523","عين القش","Aain El-Qach","","populated-place","33.92542374","35.70121648","national-manifest","C:\xampp\htdocs\projectx\watanybot\packages\lebanese-administrative-authority\authority\sources\arabic\national-village-manifest-clean.csv","","source-reported","accepted","","22523","true","[object Object]"
"LB-LOC-22737","LB","LB-GOV-C98952C33ACF","LB-DIST-5BF720066F5A","","","22737","عين السنديانة","Aain Es-Sindiane","","populated-place","33.90259836","35.7280294","national-manifest","C:\xampp\htdocs\projectx\watanybot\packages\lebanese-administrative-authority\authority\sources\arabic\national-village-manifest-clean.csv","","source-reported","accepted","","22737","true","[object Object]"
"LB-LOC-22727","LB","LB-GOV-C98952C33ACF","LB-DIST-5BF720066F5A","","","22727","عين الصفصاف المتن","Aain es-Sofsaf El-Matn","","populated-place","33.91171683","35.72802507","national-manifest","C:\xampp\htdocs\projectx\watanybot\packages\lebanese-administrative-authority\authority\sources\arabic\national-village-manifest-clean.csv","","source-reported","accepted","","22727","true","[object Object]"
"LB-LOC-22563","LB","LB-GOV-C98952C33ACF","LB-DIST-5BF720066F5A","","","22563","عين التفاحة","Aain Et-Teffaha","","populated-place","33.93427222","35.72648899","national-manifest","C:\xampp\htdocs\projectx\watanybot\packages\lebanese-administrative-authority\authority\sources\arabic\national-village-manifest-clean.csv","","source-reported","accepted","","22563","true","[object Object]"
"LB-LOC-22714","LB","LB-GOV-C98952C33ACF","LB-DIST-5BF720066F5A","","","22714","عين الزيتونة","Aain Ez-Zeitouneh","","populated-place","33.90497269","35.74316839","national-manifest","C:\xampp\htdocs\projectx\watanybot\packages\lebanese-administrative-authority\authority\sources\arabic\national-village-manifest-clean.csv","","source-reported","accepted","","22714","true","[object Object]"
"LB-LOC-22423","LB","LB-GOV-C98952C33ACF","LB-DIST-5BF720066F5A","","","22423","عين سعادة","Aain Saadeh","","populated-place","33.8690109","35.58712566","national-manifest","C:\xampp\htdocs\projectx\watanybot\packages\lebanese-administrative-authority\authority\sources\arabic\national-village-manifest-clean.csv","","source-reported","accepted","","22423","true","[object Object]"
"LB-LOC-22343","LB","LB-GOV-C98952C33ACF","LB-DIST-5BF720066F5A","","","22343","الوطى عمارة شلهوب","Aamaret Chalhoub","","populated-place","33.90072876","35.56885488","national-manifest","C:\xampp\htdocs\projectx\watanybot\packages\lebanese-administrative-authority\authority\sources\arabic\national-village-manifest-clean.csv","","source-reported","accepted","","22343","true","[object Object]"
"LB-LOC-22555","LB","LB-GOV-C98952C33ACF","LB-DIST-5BF720066F5A","","","22555","عطشانة","Aatchaneh","","populated-place","33.91047866","35.64681735","national-manifest","C:\xampp\htdocs\projectx\watanybot\packages\lebanese-administrative-authority\authority\sources\arabic\national-village-manifest-clean.csv","","source-reported","accepted","","22555","true","[object Object]"
"LB-LOC-22635","LB","LB-GOV-C98952C33ACF","LB-DIST-5BF720066F5A","","","22635","عيون المتن","Aayoun El-Matn","","populated-place","33.88086809","35.65829572","national-manifest","C:\xampp\htdocs\projectx\watanybot\packages\lebanese-administrative-authority\authority\sources\arabic\national-village-manifest-clean.csv","","source-reported","accepted","","22635","true","[object Object]"
"LB-LOC-22767","LB","LB-GOV-C98952C33ACF","LB-DIST-5BF720066F5A","","","22767","عيرون","Aayroun","","populated-place","33.90551354","35.7055379","national-manifest","C:\xampp\htdocs\projectx\watanybot\packages\lebanese-administrative-authority\authority\sources\arabic\national-village-manifest-clean.csv","","source-reported","accepted","","22767","true","[object Object]"
"LB-LOC-22575","LB","LB-GOV-C98952C33ACF","LB-DIST-5BF720066F5A","","","22575","أبو ميزان","Abou Mizane","","populated-place","33.93857417","35.7215057","national-manifest","C:\xampp\htdocs\projectx\watanybot\packages\lebanese-administrative-authority\authority\sources\arabic\national-village-manifest-clean.csv","","source-reported","accepted","","22575","true","[object Object]"
"LB-LOC-22751","LB","LB-GOV-C98952C33ACF","LB-DIST-5BF720066F5A","","","22751","عينطورة المتن","Aintoura El-Matn","","populated-place","33.89543517","35.78850226","national-manifest","C:\xampp\htdocs\projectx\watanybot\packages\lebanese-administrative-authority\authority\sources\arabic\national-village-manifest-clean.csv","","source-reported","accepted","","22751","true","[object Object]"
"LB-LOC-22311","LB","LB-GOV-C98952C33ACF","LB-DIST-5BF720066F5A","","","22311","انطلياس","Antelias","","populated-place","33.91434045","35.59472258","national-manifest","C:\xampp\htdocs\projectx\watanybot\packages\lebanese-administrative-authority\authority\sources\arabic\national-village-manifest-clean.csv","","source-reported","accepted","","22311","true","[object Object]"
"LB-LOC-22659","LB","LB-GOV-C98952C33ACF","LB-DIST-5BF720066F5A","","","22659","بعبدات","Baabdat","","populated-place","33.89316803","35.67610252","national-manifest","C:\xampp\htdocs\projectx\watanybot\packages\lebanese-administrative-authority\authority\sources\arabic\national-village-manifest-clean.csv","","source-reported","accepted","","22659","true","[object Object]"
"LB-LOC-22228","LB","LB-GOV-C98952C33ACF","LB-DIST-5BF720066F5A","","","22228","بوشرية","Baouchriyeh","","populated-place","33.88519073","35.55784911","national-manifest","C:\xampp\htdocs\projectx\watanybot\packages\lebanese-administrative-authority\authority\sources\arabic\national-village-manifest-clean.csv","","source-reported","accepted","","22228","true","[object Object]"
"LB-LOC-22797","LB","LB-GOV-C98952C33ACF","LB-DIST-5BF720066F5A","","","22797","بسكنتا","Baskinta","","populated-place","33.94819549","35.80877044","national-manifest","C:\xampp\htdocs\projectx\watanybot\packages\lebanese-administrative-authority\authority\sources\arabic\national-village-manifest-clean.csv","","source-reported","accepted","","22797","true","[object Object]"
"LB-LOC-22531","LB","LB-GOV-C98952C33ACF","LB-DIST-5BF720066F5A","","","22531","بيت شباب","Beit Chabab","","populated-place","33.93039294","35.67293868","national-manifest","C:\xampp\htdocs\projectx\watanybot\packages\lebanese-administrative-authority\authority\sources\arabic\national-village-manifest-clean.csv","","source-reported","accepted","","22531","true","[object Object]"
"LB-LOC-22459","LB","LB-GOV-C98952C33ACF","LB-DIST-5BF720066F5A","","","22459","مزرعة بيت الشعّار","Beit Ech-Chaar","","populated-place","33.92873226","35.61751993","national-manifest","C:\xampp\htdocs\projectx\watanybot\packages\lebanese-administrative-authority\authority\sources\arabic\national-village-manifest-clean.csv","","source-reported","accepted","","22459","true","[object Object]"
"LB-LOC-22451","LB","LB-GOV-C98952C33ACF","LB-DIST-5BF720066F5A","","","22451","بيت الككو","Beit El-Kekko","","populated-place","33.92442079","35.63711592","national-manifest","C:\xampp\htdocs\projectx\watanybot\packages\lebanese-administrative-authority\authority\sources\arabic\national-village-manifest-clean.csv","","source-reported","accepted","","22451","true","[object Object]"
"LB-LOC-22667","LB","LB-GOV-C98952C33ACF","LB-DIST-5BF720066F5A","","","22667","بيت مري","Beit Meri","","populated-place","33.85758914","35.60183087","national-manifest","C:\xampp\htdocs\projectx\watanybot\packages\lebanese-administrative-authority\authority\sources\arabic\national-village-manifest-clean.csv","","source-reported","accepted","","22667","true","[object Object]"
"LB-LOC-22535","LB","LB-GOV-C98952C33ACF","LB-DIST-5BF720066F5A","","","22535","بحرصاف","Bhersaf","","populated-place","33.91339456","35.66834731","national-manifest","C:\xampp\htdocs\projectx\watanybot\packages\lebanese-administrative-authority\authority\sources\arabic\national-village-manifest-clean.csv","","source-reported","accepted","","22535","true","[object Object]"
"LB-LOC-22511","LB","LB-GOV-C98952C33ACF","LB-DIST-5BF720066F5A","","","22511","بكفيا","Bikfaya","","populated-place","33.91986436","35.68488267","national-manifest","C:\xampp\htdocs\projectx\watanybot\packages\lebanese-administrative-authority\authority\sources\arabic\national-village-manifest-clean.csv","","source-reported","accepted","","22511","true","[object Object]"
"LB-LOC-22724","LB","LB-GOV-C98952C33ACF","LB-DIST-5BF720066F5A","","","22724","بنابيل","Bnabil","","populated-place","33.89970048","35.7373565","national-manifest","C:\xampp\htdocs\projectx\watanybot\packages\lebanese-administrative-authority\authority\sources\arabic\national-village-manifest-clean.csv","","source-reported","accepted","","22724","true","[object Object]"
"LB-LOC-22111","LB","LB-GOV-C98952C33ACF","LB-DIST-5BF720066F5A","","","22111","برج حمّود","Bourj Hammoud","","populated-place","33.89225492","35.5416968","national-manifest","C:\xampp\htdocs\projectx\watanybot\packages\lebanese-administrative-authority\authority\sources\arabic\national-village-manifest-clean.csv","","source-reported","accepted","","22111","true","[object Object]"
"LB-LOC-22431","LB","LB-GOV-C98952C33ACF","LB-DIST-5BF720066F5A","","","22431","بقنايا","Bqennaya","","populated-place","33.90198301","35.58780535","national-manifest","C:\xampp\htdocs\projectx\watanybot\packages\lebanese-administrative-authority\authority\sources\arabic\national-village-manifest-clean.csv","","source-reported","accepted","","22431","true","[object Object]"
"LB-LOC-22611","LB","LB-GOV-C98952C33ACF","LB-DIST-5BF720066F5A","","","22611","برمانا المتن","Broummana El-Matn","","populated-place","33.87936925","35.62435466","national-manifest","C:\xampp\htdocs\projectx\watanybot\packages\lebanese-administrative-authority\authority\sources\arabic\national-village-manifest-clean.csv","","source-reported","accepted","","22611","true","[object Object]"
"LB-LOC-22439","LB","LB-GOV-C98952C33ACF","LB-DIST-5BF720066F5A","","","22439","بصاليم","Bsalim","","populated-place","33.90055856","35.60455326","national-manifest","C:\xampp\htdocs\projectx\watanybot\packages\lebanese-administrative-authority\authority\sources\arabic\national-village-manifest-clean.csv","","source-reported","accepted","","22439","true","[object Object]"
"LB-LOC-22691","LB","LB-GOV-C98952C33ACF","LB-DIST-5BF720066F5A","","","22691","بسفرين","Bsifrine","","populated-place","33.88539833","35.70446395","national-manifest","C:\xampp\htdocs\projectx\watanybot\packages\lebanese-administrative-authority\authority\sources\arabic\national-village-manifest-clean.csv","","source-reported","accepted","","22691","true","[object Object]"
"LB-LOC-22757","LB","LB-GOV-C98952C33ACF","LB-DIST-5BF720066F5A","","","22757","بتغرين","Bteghrine","","populated-place","33.92762151","35.76168859","national-manifest","C:\xampp\htdocs\projectx\watanybot\packages\lebanese-administrative-authority\authority\sources\arabic\national-village-manifest-clean.csv","","source-reported","accepted","","22757","true","[object Object]"
"LB-LOC-22359","LB","LB-GOV-C98952C33ACF","LB-DIST-5BF720066F5A","","","22359","بياقوت","Byaqout","","populated-place","33.8945596","35.58576049","national-manifest","C:\xampp\htdocs\projectx\watanybot\packages\lebanese-administrative-authority\authority\sources\arabic\national-village-manifest-clean.csv","","source-reported","accepted","","22359","true","[object Object]"
"LB-LOC-22559","LB","LB-GOV-C98952C33ACF","LB-DIST-5BF720066F5A","","","22559","شاوية","Chaouiyeh","","populated-place","33.93024613","35.65916798","national-manifest","C:\xampp\htdocs\projectx\watanybot\packages\lebanese-administrative-authority\authority\sources\arabic\national-village-manifest-clean.csv","","source-reported","accepted","","22559","true","[object Object]"
"LB-LOC-22764","LB","LB-GOV-C98952C33ACF","LB-DIST-5BF720066F5A","","","22764","شويا","Chouaya El-Matn","","populated-place","33.92927131","35.71806164","national-manifest","C:\xampp\htdocs\projectx\watanybot\packages\lebanese-administrative-authority\authority\sources\arabic\national-village-manifest-clean.csv","","source-reported","accepted","","22764","true","[object Object]"
"LB-LOC-22754","LB","LB-GOV-C98952C33ACF","LB-DIST-5BF720066F5A","","","22754","شوير","Choueir","","populated-place","33.91539037","35.71556034","national-manifest","C:\xampp\htdocs\projectx\watanybot\packages\lebanese-administrative-authority\authority\sources\arabic\national-village-manifest-clean.csv","","source-reported","accepted","","22754","true","[object Object]"
"LB-LOC-22591","LB","LB-GOV-C98952C33ACF","LB-DIST-5BF720066F5A","","","22591","شرين","Chrine","","populated-place","33.93620071","35.73193089","national-manifest","C:\xampp\htdocs\projectx\watanybot\packages\lebanese-administrative-authority\authority\sources\arabic\national-village-manifest-clean.csv","","source-reported","accepted","","22591","true","[object Object]"
"LB-LOC-22675","LB","LB-GOV-C98952C33ACF","LB-DIST-5BF720066F5A","","","22675","ضهر الصوان المتن","Dahr Es-Souane El-Matn","","populated-place","33.90059704","35.66110444","national-manifest","C:\xampp\htdocs\projectx\watanybot\packages\lebanese-administrative-authority\authority\sources\arabic\national-village-manifest-clean.csv","","source-reported","accepted","","22675","true","[object Object]"
"LB-LOC-22415","LB","LB-GOV-C98952C33ACF","LB-DIST-5BF720066F5A","","","22415","ديشونية","Daychouniyeh","","populated-place","33.84591389","35.57404714","national-manifest","C:\xampp\htdocs\projectx\watanybot\packages\lebanese-administrative-authority\authority\sources\arabic\national-village-manifest-clean.csv","","source-reported","accepted","","22415","true","[object Object]"
"LB-LOC-22375","LB","LB-GOV-C98952C33ACF","LB-DIST-5BF720066F5A","","","22375","ضبية","Dbayeh","","populated-place","33.93721744","35.58917492","national-manifest","C:\xampp\htdocs\projectx\watanybot\packages\lebanese-administrative-authority\authority\sources\arabic\national-village-manifest-clean.csv","","source-reported","accepted","","22375","true","[object Object]"
"LB-LOC-22579","LB","LB-GOV-C98952C33ACF","LB-DIST-5BF720066F5A","","","22579","دير شمرا","Deir Chamra","","populated-place","33.9486907","35.71687635","national-manifest","C:\xampp\htdocs\projectx\watanybot\packages\lebanese-administrative-authority\authority\sources\arabic\national-village-manifest-clean.csv","","source-reported","accepted","","22579","true","[object Object]"
"LB-LOC-22487","LB","LB-GOV-C98952C33ACF","LB-DIST-5BF720066F5A","","","22487","دير مار عبدا المشمر","Deir Mar Aabda el Mchammar","","populated-place","33.94399031","35.62926491","national-manifest","C:\xampp\htdocs\projectx\watanybot\packages\lebanese-administrative-authority\authority\sources\arabic\national-village-manifest-clean.csv","","source-reported","accepted","","22487","true","[object Object]"
"LB-LOC-22245","LB","LB-GOV-C98952C33ACF","LB-DIST-5BF720066F5A","","","22245","مار روكز","Deir mar Roukoz","","populated-place","33.86971388","35.55851795","national-manifest","C:\xampp\htdocs\projectx\watanybot\packages\lebanese-administrative-authority\authority\sources\arabic\national-village-manifest-clean.csv","","source-reported","accepted","","22245","true","[object Object]"
"LB-LOC-22479","LB","LB-GOV-C98952C33ACF","LB-DIST-5BF720066F5A","","","22479","دير طاميش","Deir Tamich","","populated-place","33.94036633","35.6183277","national-manifest","C:\xampp\htdocs\projectx\watanybot\packages\lebanese-administrative-authority\authority\sources\arabic\national-village-manifest-clean.csv","","source-reported","accepted","","22479","true","[object Object]"
"LB-LOC-22262","LB","LB-GOV-C98952C33ACF","LB-DIST-5BF720066F5A","","","22262","دكوانة","Dekouaneh","","populated-place","33.87661652","35.54608958","national-manifest","C:\xampp\htdocs\projectx\watanybot\packages\lebanese-administrative-authority\authority\sources\arabic\national-village-manifest-clean.csv","","source-reported","accepted","","22262","true","[object Object]"
"LB-LOC-22463","LB","LB-GOV-C98952C33ACF","LB-DIST-5BF720066F5A","","","22463","ديك المحدي","Dik El-Mehdi","","populated-place","33.93198799","35.62134054","national-manifest","C:\xampp\htdocs\projectx\watanybot\packages\lebanese-administrative-authority\authority\sources\arabic\national-village-manifest-clean.csv","","source-reported","accepted","","22463","true","[object Object]"
"LB-LOC-22761","LB","LB-GOV-C98952C33ACF","LB-DIST-5BF720066F5A","","","22761","دوار","Douar El-Matn","","populated-place","33.90141974","35.70051765","national-manifest","C:\xampp\htdocs\projectx\watanybot\packages\lebanese-administrative-authority\authority\sources\arabic\national-village-manifest-clean.csv","","source-reported","accepted","","22761","true","[object Object]"
"LB-LOC-22419","LB","LB-GOV-C98952C33ACF","LB-DIST-5BF720066F5A","","","22419","الفنار","Fanar","","populated-place","33.87786403","35.57536443","national-manifest","C:\xampp\htdocs\projectx\watanybot\packages\lebanese-administrative-authority\authority\sources\arabic\national-village-manifest-clean.csv","","source-reported","accepted","","22419","true","[object Object]"
"LB-LOC-22571","LB","LB-GOV-C98952C33ACF","LB-DIST-5BF720066F5A","","","22571","فريكه","Fraikeh","","populated-place","33.93702776","35.65979963","national-manifest","C:\xampp\htdocs\projectx\watanybot\packages\lebanese-administrative-authority\authority\sources\arabic\national-village-manifest-clean.csv","","source-reported","accepted","","22571","true","[object Object]"
"LB-LOC-22383","LB","LB-GOV-C98952C33ACF","LB-DIST-5BF720066F5A","","","22383","حارة البلان","Haret El-Ballane","","populated-place","33.93794728","35.59766291","national-manifest","C:\xampp\htdocs\projectx\watanybot\packages\lebanese-administrative-authority\authority\sources\arabic\national-village-manifest-clean.csv","","source-reported","accepted","","22383","true","[object Object]"
"LB-LOC-22583","LB","LB-GOV-C98952C33ACF","LB-DIST-5BF720066F5A","","","22583","حبوس","Hbous","","populated-place","33.92783752","35.64343544","national-manifest","C:\xampp\htdocs\projectx\watanybot\packages\lebanese-administrative-authority\authority\sources\arabic\national-village-manifest-clean.csv","","source-reported","accepted","","22583","true","[object Object]"
"LB-LOC-22547","LB","LB-GOV-C98952C33ACF","LB-DIST-5BF720066F5A","","","22547","حملايا","Himlaya","","populated-place","33.94112794","35.71067559","national-manifest","C:\xampp\htdocs\projectx\watanybot\packages\lebanese-administrative-authority\authority\sources\arabic\national-village-manifest-clean.csv","","source-reported","accepted","","22547","true","[object Object]"
"LB-LOC-22327","LB","LB-GOV-C98952C33ACF","LB-DIST-5BF720066F5A","","","22327","جل الديب","Jall Ed-Did","","populated-place","33.90586099","35.58037885","national-manifest","C:\xampp\htdocs\projectx\watanybot\packages\lebanese-administrative-authority\authority\sources\arabic\national-village-manifest-clean.csv","","source-reported","accepted","","22327","true","[object Object]"
"LB-LOC-22211","LB","LB-GOV-C98952C33ACF","LB-DIST-5BF720066F5A","","","22211","جديدة المتن","Jdaidet El-Matn","","populated-place","33.89008428","35.57089455","national-manifest","C:\xampp\htdocs\projectx\watanybot\packages\lebanese-administrative-authority\authority\sources\arabic\national-village-manifest-clean.csv","","source-reported","accepted","","22211","true","[object Object]"
"LB-LOC-22587","LB","LB-GOV-C98952C33ACF","LB-DIST-5BF720066F5A","","","22587","جوار المتن","Jouar El-Matn","","populated-place","33.92978515","35.73158396","national-manifest","C:\xampp\htdocs\projectx\watanybot\packages\lebanese-administrative-authority\authority\sources\arabic\national-village-manifest-clean.csv","","source-reported","accepted","","22587","true","[object Object]"
"LB-LOC-22619","LB","LB-GOV-C98952C33ACF","LB-DIST-5BF720066F5A","","","22619","جورة البلوط","Jouret El-Ballout","","populated-place","33.89585682","35.62769282","national-manifest","C:\xampp\htdocs\projectx\watanybot\packages\lebanese-administrative-authority\authority\sources\arabic\national-village-manifest-clean.csv","","source-reported","accepted","","22619","true","[object Object]"
"LB-LOC-22781","LB","LB-GOV-C98952C33ACF","LB-DIST-5BF720066F5A","","","22781","كفرعقاب","Kfar Aaqab","","populated-place","33.94180024","35.74508341","national-manifest","C:\xampp\htdocs\projectx\watanybot\packages\lebanese-administrative-authority\authority\sources\arabic\national-village-manifest-clean.csv","","source-reported","accepted","","22781","true","[object Object]"
"LB-LOC-22799","LB","LB-GOV-C98952C33ACF","LB-DIST-5BF720066F5A","","","22799","كفرتيه","Kfar Tay El-Matn","","populated-place","33.97651688","35.80241054","national-manifest","C:\xampp\htdocs\projectx\watanybot\packages\lebanese-administrative-authority\authority\sources\arabic\national-village-manifest-clean.csv","","source-reported","accepted","","22799","true","[object Object]"
"LB-LOC-22722","LB","LB-GOV-C98952C33ACF","LB-DIST-5BF720066F5A","","","22722","خلة المتين","Khillet El-Mtain","","populated-place","33.89318099","35.72839191","national-manifest","C:\xampp\htdocs\projectx\watanybot\packages\lebanese-administrative-authority\authority\sources\arabic\national-village-manifest-clean.csv","","source-reported","accepted","","22722","true","[object Object]"
"LB-LOC-22747","LB","LB-GOV-C98952C33ACF","LB-DIST-5BF720066F5A","","","22747","خنشارة","Khinchara","","populated-place","33.9211691","35.73891812","national-manifest","C:\xampp\htdocs\projectx\watanybot\packages\lebanese-administrative-authority\authority\sources\arabic\national-village-manifest-clean.csv","","source-reported","accepted","","22747","true","[object Object]"
"LB-LOC-22787","LB","LB-GOV-C98952C33ACF","LB-DIST-5BF720066F5A","","","22787","مشرح","Machraah El-Matn","","populated-place","33.94364846","35.75549755","national-manifest","C:\xampp\htdocs\projectx\watanybot\packages\lebanese-administrative-authority\authority\sources\arabic\national-village-manifest-clean.csv","","source-reported","accepted","","22787","true","[object Object]"
"LB-LOC-22774","LB","LB-GOV-C98952C33ACF","LB-DIST-5BF720066F5A","","","22774","مجدل ترشيش","Majdel tarchich","","populated-place","33.89167584","35.80786137","national-manifest","C:\xampp\htdocs\projectx\watanybot\packages\lebanese-administrative-authority\authority\sources\arabic\national-village-manifest-clean.csv","","source-reported","accepted","","22774","true","[object Object]"
"LB-LOC-22435","LB","LB-GOV-C98952C33ACF","LB-DIST-5BF720066F5A","","","22435","مجذوب","Majzoub","","populated-place","33.90140201","35.59561256","national-manifest","C:\xampp\htdocs\projectx\watanybot\packages\lebanese-administrative-authority\authority\sources\arabic\national-village-manifest-clean.csv","","source-reported","accepted","","22435","true","[object Object]"
"LB-LOC-22411","LB","LB-GOV-C98952C33ACF","LB-DIST-5BF720066F5A","","","22411","منصورية","Mansouriyet El-Matn","","populated-place","33.85350649","35.56710027","national-manifest","C:\xampp\htdocs\projectx\watanybot\packages\lebanese-administrative-authority\authority\sources\arabic\national-village-manifest-clean.csv","","source-reported","accepted","","22411","true","[object Object]"
"LB-LOC-22527","LB","LB-GOV-C98952C33ACF","LB-DIST-5BF720066F5A","","","22527","مار بطرس كرم التين","Mar Boutros Karm Et-Tine","","populated-place","33.93570911","35.68699498","national-manifest","C:\xampp\htdocs\projectx\watanybot\packages\lebanese-administrative-authority\authority\sources\arabic\national-village-manifest-clean.csv","","source-reported","accepted","","22527","true","[object Object]"
"LB-LOC-22784","LB","LB-GOV-C98952C33ACF","LB-DIST-5BF720066F5A","","","22784","مار موسى الدوار","Mar Moussa Ed-Douar","","populated-place","33.89993793","35.68848904","national-manifest","C:\xampp\htdocs\projectx\watanybot\packages\lebanese-administrative-authority\authority\sources\arabic\national-village-manifest-clean.csv","","source-reported","accepted","","22784","true","[object Object]"
"LB-LOC-22734","LB","LB-GOV-C98952C33ACF","LB-DIST-5BF720066F5A","","","22734","مرجبا","Marjaba","","populated-place","33.91753073","35.75704631","national-manifest","C:\xampp\htdocs\projectx\watanybot\packages\lebanese-administrative-authority\authority\sources\arabic\national-village-manifest-clean.csv","","source-reported","accepted","","22734","true","[object Object]"
"LB-LOC-22627","LB","LB-GOV-C98952C33ACF","LB-DIST-5BF720066F5A","","","22627","المسقى","Masqa","","populated-place","33.87868989","35.64170103","national-manifest","C:\xampp\htdocs\projectx\watanybot\packages\lebanese-administrative-authority\authority\sources\arabic\national-village-manifest-clean.csv","","source-reported","accepted","","22627","true","[object Object]"
"LB-LOC-22539","LB","LB-GOV-C98952C33ACF","LB-DIST-5BF720066F5A","","","22539","مياسة","Mayasseh","","populated-place","33.94153067","35.6919976","national-manifest","C:\xampp\htdocs\projectx\watanybot\packages\lebanese-administrative-authority\authority\sources\arabic\national-village-manifest-clean.csv","","source-reported","accepted","","22539","true","[object Object]"
"LB-LOC-22391","LB","LB-GOV-C98952C33ACF","LB-DIST-5BF720066F5A","","","22391","مزرعة دير عوكر","Mazraat Deir Aaoukar","","populated-place","33.93387865","35.59826238","national-manifest","C:\xampp\htdocs\projectx\watanybot\packages\lebanese-administrative-authority\authority\sources\arabic\national-village-manifest-clean.csv","","source-reported","accepted","","22391","true","[object Object]"
"LB-LOC-22367","LB","LB-GOV-C98952C33ACF","LB-DIST-5BF720066F5A","","","22367","مزرعة الحضيرة","Mazraat El-Hdaira","","populated-place","33.93203301","35.60665766","national-manifest","C:\xampp\htdocs\projectx\watanybot\packages\lebanese-administrative-authority\authority\sources\arabic\national-village-manifest-clean.csv","","source-reported","accepted","","22367","true","[object Object]"
"LB-LOC-22475","LB","LB-GOV-C98952C33ACF","LB-DIST-5BF720066F5A","","","22475","مزرعة يشوع","Mazraat Yachouaa","","populated-place","33.93057802","35.63315375","national-manifest","C:\xampp\htdocs\projectx\watanybot\packages\lebanese-administrative-authority\authority\sources\arabic\national-village-manifest-clean.csv","","source-reported","accepted","","22475","true","[object Object]"
"LB-LOC-22717","LB","LB-GOV-C98952C33ACF","LB-DIST-5BF720066F5A","","","22717","مشيخا","Mchikha","","populated-place","33.88426774","35.74490581","national-manifest","C:\xampp\htdocs\projectx\watanybot\packages\lebanese-administrative-authority\authority\sources\arabic\national-village-manifest-clean.csv","","source-reported","accepted","","22717","true","[object Object]"
"LB-LOC-22319","LB","LB-GOV-C98952C33ACF","LB-DIST-5BF720066F5A","","","22319","مزهر","Menqlet Mezher","","populated-place","33.90828381","35.59833635","national-manifest","C:\xampp\htdocs\projectx\watanybot\packages\lebanese-administrative-authority\authority\sources\arabic\national-village-manifest-clean.csv","","source-reported","accepted","","22319","true","[object Object]"
"LB-LOC-22515","LB","LB-GOV-C98952C33ACF","LB-DIST-5BF720066F5A","","","22515","محيدثة المتن","Mhaidset Matn","","populated-place","33.92197569","35.69431109","national-manifest","C:\xampp\htdocs\projectx\watanybot\packages\lebanese-administrative-authority\authority\sources\arabic\national-village-manifest-clean.csv","","source-reported","accepted","","22515","true","[object Object]"
"LB-LOC-22279","LB","LB-GOV-C98952C33ACF","LB-DIST-5BF720066F5A","","","22279","مكلس","Mkalles","","populated-place","33.86062707","35.55679866","national-manifest","C:\xampp\htdocs\projectx\watanybot\packages\lebanese-administrative-authority\authority\sources\arabic\national-village-manifest-clean.csv","","source-reported","accepted","","22279","true","[object Object]"
"LB-LOC-22733","LB","LB-GOV-C98952C33ACF","LB-DIST-5BF720066F5A","","","22733","المروج","Mrouj","","populated-place","33.90982828","35.75714311","national-manifest","C:\xampp\htdocs\projectx\watanybot\packages\lebanese-administrative-authority\authority\sources\arabic\national-village-manifest-clean.csv","","source-reported","accepted","","22733","true","[object Object]"
"LB-LOC-22711","LB","LB-GOV-C98952C33ACF","LB-DIST-5BF720066F5A","","","22711","المتين","Mtain","","populated-place","33.91957749","35.80698314","national-manifest","C:\xampp\htdocs\projectx\watanybot\packages\lebanese-administrative-authority\authority\sources\arabic\national-village-manifest-clean.csv","","source-reported","accepted","","22711","true","[object Object]"
"LB-LOC-22447","LB","LB-GOV-C98952C33ACF","LB-DIST-5BF720066F5A","","","22447","مطيلب","Mtayleb","","populated-place","33.92243935","35.61240732","national-manifest","C:\xampp\htdocs\projectx\watanybot\packages\lebanese-administrative-authority\authority\sources\arabic\national-village-manifest-clean.csv","","source-reported","accepted","","22447","true","[object Object]"
"LB-LOC-22651","LB","LB-GOV-C98952C33ACF","LB-DIST-5BF720066F5A","","","22651","مزكة","Mzakkeh","","populated-place","33.89598863","35.64363299","national-manifest","C:\xampp\htdocs\projectx\watanybot\packages\lebanese-administrative-authority\authority\sources\arabic\national-village-manifest-clean.csv","","source-reported","accepted","","22651","true","[object Object]"
"LB-LOC-22443","LB","LB-GOV-C98952C33ACF","LB-DIST-5BF720066F5A","","","22443","نابيه","Nabay","","populated-place","33.90395988","35.62429684","national-manifest","C:\xampp\htdocs\projectx\watanybot\packages\lebanese-administrative-authority\authority\sources\arabic\national-village-manifest-clean.csv","","source-reported","accepted","","22443","true","[object Object]"
"LB-LOC-22335","LB","LB-GOV-C98952C33ACF","LB-DIST-5BF720066F5A","","","22335","نقاش","Naqqach","","populated-place","33.92371817","35.59324614","national-manifest","C:\xampp\htdocs\projectx\watanybot\packages\lebanese-administrative-authority\authority\sources\arabic\national-village-manifest-clean.csv","","source-reported","accepted","","22335","true","[object Object]"
"LB-LOC-22519","LB","LB-GOV-C98952C33ACF","LB-DIST-5BF720066F5A","","","22519","وادي شاهين","Ouadi Chahine","","populated-place","33.93164556","35.69324683","national-manifest","C:\xampp\htdocs\projectx\watanybot\packages\lebanese-administrative-authority\authority\sources\arabic\national-village-manifest-clean.csv","","source-reported","accepted","","22519","true","[object Object]"
"LB-LOC-22791","LB","LB-GOV-C98952C33ACF","LB-DIST-5BF720066F5A","","","22791","وادي الكرم المتن","Ouadi El-Karm El-Matn","","populated-place","33.95321649","35.75161788","national-manifest","C:\xampp\htdocs\projectx\watanybot\packages\lebanese-administrative-authority\authority\sources\arabic\national-village-manifest-clean.csv","","source-reported","accepted","","22791","true","[object Object]"
"LB-LOC-22731","LB","LB-GOV-C98952C33ACF","LB-DIST-5BF720066F5A","","","22731","وطى المروج","Ouata El-Mrouj","","populated-place","33.90864889","35.73574726","national-manifest","C:\xampp\htdocs\projectx\watanybot\packages\lebanese-administrative-authority\authority\sources\arabic\national-village-manifest-clean.csv","","source-reported","accepted","","22731","true","[object Object]"
"LB-LOC-22744","LB","LB-GOV-C98952C33ACF","LB-DIST-5BF720066F5A","","","22744","القعقور","Qaaqour","","populated-place","33.89487129","35.71981755","national-manifest","C:\xampp\htdocs\projectx\watanybot\packages\lebanese-administrative-authority\authority\sources\arabic\national-village-manifest-clean.csv","","source-reported","accepted","","22744","true","[object Object]"
"LB-LOC-22683","LB","LB-GOV-C98952C33ACF","LB-DIST-5BF720066F5A","","","22683","قنابة صليما","Qannebet Salima","","populated-place","33.88622398","35.69272471","national-manifest","C:\xampp\htdocs\projectx\watanybot\packages\lebanese-administrative-authority\authority\sources\arabic\national-village-manifest-clean.csv","","source-reported","accepted","","22683","true","[object Object]"
"LB-LOC-22643","LB","LB-GOV-C98952C33ACF","LB-DIST-5BF720066F5A","","","22643","قنابة برمانا","Qennabet Broummana","","populated-place","33.89217751","35.61847988","national-manifest","C:\xampp\htdocs\projectx\watanybot\packages\lebanese-administrative-authority\authority\sources\arabic\national-village-manifest-clean.csv","","source-reported","accepted","","22643","true","[object Object]"
"LB-LOC-22455","LB","LB-GOV-C98952C33ACF","LB-DIST-5BF720066F5A","","","22455","قرنة شهوان","Qornet Chehouane","","populated-place","33.9162084","35.62666325","national-manifest","C:\xampp\htdocs\projectx\watanybot\packages\lebanese-administrative-authority\authority\sources\arabic\national-village-manifest-clean.csv","","source-reported","accepted","","22455","true","[object Object]"
"LB-LOC-22595","LB","LB-GOV-C98952C33ACF","LB-DIST-5BF720066F5A","","","22595","قرنة الحمرا","Qornet El-Hamra","","populated-place","33.93499638","35.64841046","national-manifest","C:\xampp\htdocs\projectx\watanybot\packages\lebanese-administrative-authority\authority\sources\arabic\national-village-manifest-clean.csv","","source-reported","accepted","","22595","true","[object Object]"
"LB-LOC-22427","LB","LB-GOV-C98952C33ACF","LB-DIST-5BF720066F5A","","","22427","روميه المتن","Roumieh","","populated-place","33.88500561","35.60230581","national-manifest","C:\xampp\htdocs\projectx\watanybot\packages\lebanese-administrative-authority\authority\sources\arabic\national-village-manifest-clean.csv","","source-reported","accepted","","22427","true","[object Object]"
"LB-LOC-22567","LB","LB-GOV-C98952C33ACF","LB-DIST-5BF720066F5A","","","22567","سفيلة بكفيا","Sfeilet Bikfaya","","populated-place","33.94337329","35.69841045","national-manifest","C:\xampp\htdocs\projectx\watanybot\packages\lebanese-administrative-authority\authority\sources\arabic\national-village-manifest-clean.csv","","source-reported","accepted","","22567","true","[object Object]"
"LB-LOC-22155","LB","LB-GOV-C98952C33ACF","LB-DIST-5BF720066F5A","","","22155","سن الفيل","Sinn El-Fil","","populated-place","33.8764007","35.5350559","national-manifest","C:\xampp\htdocs\projectx\watanybot\packages\lebanese-administrative-authority\authority\sources\arabic\national-village-manifest-clean.csv","","source-reported","accepted","","22155","true","[object Object]"
"LB-LOC-22794","LB","LB-GOV-C98952C33ACF","LB-DIST-5BF720066F5A","","","22794","زبوغا","Zabbougha","","populated-place","33.95220873","35.73545102","national-manifest","C:\xampp\htdocs\projectx\watanybot\packages\lebanese-administrative-authority\authority\sources\arabic\national-village-manifest-clean.csv","","source-reported","accepted","","22794","true","[object Object]"
"LB-LOC-22483","LB","LB-GOV-C98952C33ACF","LB-DIST-5BF720066F5A","","","22483","زكريت","Zakrit","","populated-place","33.9384034","35.62941518","national-manifest","C:\xampp\htdocs\projectx\watanybot\packages\lebanese-administrative-authority\authority\sources\arabic\national-village-manifest-clean.csv","","source-reported","accepted","","22483","true","[object Object]"
"LB-LOC-22351","LB","LB-GOV-C98952C33ACF","LB-DIST-5BF720066F5A","","","22351","الزلقا","Zalqa","","populated-place","33.89908924","35.57962534","national-manifest","C:\xampp\htdocs\projectx\watanybot\packages\lebanese-administrative-authority\authority\sources\arabic\national-village-manifest-clean.csv","","source-reported","accepted","","22351","true","[object Object]"
"LB-LOC-22741","LB","LB-GOV-C98952C33ACF","LB-DIST-5BF720066F5A","","","22741","زرعون","Zaraaoun","","populated-place","33.89755702","35.70801122","national-manifest","C:\xampp\htdocs\projectx\watanybot\packages\lebanese-administrative-authority\authority\sources\arabic\national-village-manifest-clean.csv","","source-reported","accepted","","22741","true","[object Object]"
"LB-LOC-22771","LB","LB-GOV-C98952C33ACF","LB-DIST-5BF720066F5A","","","22771","زغرين المتن","Zighrine El-Matn","","populated-place","33.92253392","35.71451181","national-manifest","C:\xampp\htdocs\projectx\watanybot\packages\lebanese-administrative-authority\authority\sources\arabic\national-village-manifest-clean.csv","","source-reported","accepted","","22771","true","[object Object]"
"LB-LOC-22467","LB","LB-GOV-C98952C33ACF","LB-DIST-5BF720066F5A","","","22467","ذوق الخراب","Zouk El-Kharab","","populated-place","33.94830282","35.59989193","national-manifest","C:\xampp\htdocs\projectx\watanybot\packages\lebanese-administrative-authority\authority\sources\arabic\national-village-manifest-clean.csv","","source-reported","accepted","","22467","true","[object Object]"
"LB-LOC-26256","LB","LB-GOV-C98952C33ACF","LB-DIST-23305D92D7F6","","","26256","عبيدات","Aabaydat","","populated-place","34.1638069","35.72481355","national-manifest","C:\xampp\htdocs\projectx\watanybot\packages\lebanese-administrative-authority\authority\sources\arabic\national-village-manifest-clean.csv","","source-reported","accepted","","26256","true","[object Object]"
"LB-LOC-26221","LB","LB-GOV-C98952C33ACF","LB-DIST-23305D92D7F6","","","26221","عين الدلبة جبيل","Aain Ed-Delbeh Jbayl","","populated-place","34.09100372","35.7646197","national-manifest","C:\xampp\htdocs\projectx\watanybot\packages\lebanese-administrative-authority\authority\sources\arabic\national-village-manifest-clean.csv","","source-reported","accepted","","26221","true","[object Object]"
"LB-LOC-26317","LB","LB-GOV-C98952C33ACF","LB-DIST-23305D92D7F6","","","26317","عين الغويبة","Aain El-Ghouaybeh","","populated-place","34.08353234","35.85866381","national-manifest","C:\xampp\htdocs\projectx\watanybot\packages\lebanese-administrative-authority\authority\sources\arabic\national-village-manifest-clean.csv","","source-reported","accepted","","26317","true","[object Object]"
"LB-LOC-26227","LB","LB-GOV-C98952C33ACF","LB-DIST-23305D92D7F6","","","26227","عين جرين","Aain Jrain","","populated-place","34.08390112","35.76677575","national-manifest","C:\xampp\htdocs\projectx\watanybot\packages\lebanese-administrative-authority\authority\sources\arabic\national-village-manifest-clean.csv","","source-reported","accepted","","26227","true","[object Object]"
"LB-LOC-26289","LB","LB-GOV-C98952C33ACF","LB-DIST-23305D92D7F6","","","26289","عين كفاع","Aain Kfaa","","populated-place","34.18695016","35.6967108","national-manifest","C:\xampp\htdocs\projectx\watanybot\packages\lebanese-administrative-authority\authority\sources\arabic\national-village-manifest-clean.csv","","source-reported","accepted","","26289","true","[object Object]"
"LB-LOC-26219","LB","LB-GOV-C98952C33ACF","LB-DIST-23305D92D7F6","","","26219","عاليتا","Aalita","","populated-place","34.09046008","35.69252207","national-manifest","C:\xampp\htdocs\projectx\watanybot\packages\lebanese-administrative-authority\authority\sources\arabic\national-village-manifest-clean.csv","","source-reported","accepted","","26219","true","[object Object]"
"LB-LOC-26212","LB","LB-GOV-C98952C33ACF","LB-DIST-23305D92D7F6","","","26212","علمات الشمالية","Aalmat Ech-Chamliyeh","","populated-place","34.11027156","35.7853085","national-manifest","C:\xampp\htdocs\projectx\watanybot\packages\lebanese-administrative-authority\authority\sources\arabic\national-village-manifest-clean.csv","","source-reported","accepted","","26212","true","[object Object]"
"LB-LOC-26214","LB","LB-GOV-C98952C33ACF","LB-DIST-23305D92D7F6","","","26214","حصنا","Aalmat Ej-Jnoubiyeh","","populated-place","34.10729028","35.81932212","national-manifest","C:\xampp\htdocs\projectx\watanybot\packages\lebanese-administrative-authority\authority\sources\arabic\national-village-manifest-clean.csv","","source-reported","accepted","","26214","true","[object Object]"
"LB-LOC-26141","LB","LB-GOV-C98952C33ACF","LB-DIST-23305D92D7F6","","","26141","عمشيت","Aamchit","","populated-place","34.14850753","35.64171136","national-manifest","C:\xampp\htdocs\projectx\watanybot\packages\lebanese-administrative-authority\authority\sources\arabic\national-village-manifest-clean.csv","","source-reported","accepted","","26141","true","[object Object]"
"LB-LOC-26371","LB","LB-GOV-C98952C33ACF","LB-DIST-23305D92D7F6","","","26371","عاقورة","Aaqoura","","populated-place","34.10229757","35.9608216","national-manifest","C:\xampp\htdocs\projectx\watanybot\packages\lebanese-administrative-authority\authority\sources\arabic\national-village-manifest-clean.csv","","source-reported","accepted","","26371","true","[object Object]"
"LB-LOC-26374","LB","LB-GOV-C98952C33ACF","LB-DIST-23305D92D7F6","","","26374","عرب اللهيب","Aarab El-Lahib","","populated-place","34.15295622","35.8955707","national-manifest","C:\xampp\htdocs\projectx\watanybot\packages\lebanese-administrative-authority\authority\sources\arabic\national-village-manifest-clean.csv","","source-reported","accepted","","26374","true","[object Object]"
"LB-LOC-26392","LB","LB-GOV-C98952C33ACF","LB-DIST-23305D92D7F6","","","26392","عرستا","Aarasta","","populated-place","34.08229861","35.88098189","national-manifest","C:\xampp\htdocs\projectx\watanybot\packages\lebanese-administrative-authority\authority\sources\arabic\national-village-manifest-clean.csv","","source-reported","accepted","","26392","true","[object Object]"
"LB-LOC-26239","LB","LB-GOV-C98952C33ACF","LB-DIST-23305D92D7F6","","","26239","ادونيس","Adonis Jbayl","","populated-place","34.08167496","35.73171498","national-manifest","C:\xampp\htdocs\projectx\watanybot\packages\lebanese-administrative-authority\authority\sources\arabic\national-village-manifest-clean.csv","","source-reported","accepted","","26239","true","[object Object]"
"LB-LOC-26364","LB","LB-GOV-C98952C33ACF","LB-DIST-23305D92D7F6","","","26364","افقا","Afqa Jbayl","","populated-place","34.06508828","35.91855111","national-manifest","C:\xampp\htdocs\projectx\watanybot\packages\lebanese-administrative-authority\authority\sources\arabic\national-village-manifest-clean.csv","","source-reported","accepted","","26364","true","[object Object]"
"LB-LOC-26299","LB","LB-GOV-C98952C33ACF","LB-DIST-23305D92D7F6","","","26299","بزيون","Bayzoun","","populated-place","34.09462646","35.75359454","national-manifest","C:\xampp\htdocs\projectx\watanybot\packages\lebanese-administrative-authority\authority\sources\arabic\national-village-manifest-clean.csv","","source-reported","accepted","","26299","true","[object Object]"
"LB-LOC-26244","LB","LB-GOV-C98952C33ACF","LB-DIST-23305D92D7F6","","","26244","بشلّلي","Bchille Jbayl","","populated-place","34.10368117","35.71257463","national-manifest","C:\xampp\htdocs\projectx\watanybot\packages\lebanese-administrative-authority\authority\sources\arabic\national-village-manifest-clean.csv","","source-reported","accepted","","26244","true","[object Object]"
"LB-LOC-26259","LB","LB-GOV-C98952C33ACF","LB-DIST-23305D92D7F6","","","26259","بحديدات","Behdaydat","","populated-place","34.1488093","35.70846461","national-manifest","C:\xampp\htdocs\projectx\watanybot\packages\lebanese-administrative-authority\authority\sources\arabic\national-village-manifest-clean.csv","","source-reported","accepted","","26259","true","[object Object]"
"LB-LOC-26271","LB","LB-GOV-C98952C33ACF","LB-DIST-23305D92D7F6","","","26271","بيت حبّاق","Beit Habbaq","","populated-place","34.16288484","35.70528899","national-manifest","C:\xampp\htdocs\projectx\watanybot\packages\lebanese-administrative-authority\authority\sources\arabic\national-village-manifest-clean.csv","","source-reported","accepted","","26271","true","[object Object]"
"LB-LOC-26276","LB","LB-GOV-C98952C33ACF","LB-DIST-23305D92D7F6","","","26276","بجه","Bejjeh","","populated-place","34.18309958","35.71560584","national-manifest","C:\xampp\htdocs\projectx\watanybot\packages\lebanese-administrative-authority\authority\sources\arabic\national-village-manifest-clean.csv","","source-reported","accepted","","26276","true","[object Object]"
"LB-LOC-26297","LB","LB-GOV-C98952C33ACF","LB-DIST-23305D92D7F6","","","26297","بخعاز","Bekhaaz","","populated-place","34.1886294","35.66418929","national-manifest","C:\xampp\htdocs\projectx\watanybot\packages\lebanese-administrative-authority\authority\sources\arabic\national-village-manifest-clean.csv","","source-reported","accepted","","26297","true","[object Object]"
"LB-LOC-26183","LB","LB-GOV-C98952C33ACF","LB-DIST-23305D92D7F6","","","26183","بربارة","Berbara Jbayl","","populated-place","34.19553419","35.64490289","national-manifest","C:\xampp\htdocs\projectx\watanybot\packages\lebanese-administrative-authority\authority\sources\arabic\national-village-manifest-clean.csv","","source-reported","accepted","","26183","true","[object Object]"
"LB-LOC-26243","LB","LB-GOV-C98952C33ACF","LB-DIST-23305D92D7F6","","","26243","بشتليدا","Bichtlida","","populated-place","34.12921654","35.71198103","national-manifest","C:\xampp\htdocs\projectx\watanybot\packages\lebanese-administrative-authority\authority\sources\arabic\national-village-manifest-clean.csv","","source-reported","accepted","","26243","true","[object Object]"
"LB-LOC-26269","LB","LB-GOV-C98952C33ACF","LB-DIST-23305D92D7F6","","","26269","بنتاعل","Bintaael","","populated-place","34.14088151","35.69857756","national-manifest","C:\xampp\htdocs\projectx\watanybot\packages\lebanese-administrative-authority\authority\sources\arabic\national-village-manifest-clean.csv","","source-reported","accepted","","26269","true","[object Object]"
"LB-LOC-26237","LB","LB-GOV-C98952C33ACF","LB-DIST-23305D92D7F6","","","26237","بركة حجولا","Birket Hjoula","","populated-place","34.14724697","35.72861166","national-manifest","C:\xampp\htdocs\projectx\watanybot\packages\lebanese-administrative-authority\authority\sources\arabic\national-village-manifest-clean.csv","","source-reported","accepted","","26237","true","[object Object]"
"LB-LOC-26129","LB","LB-GOV-C98952C33ACF","LB-DIST-23305D92D7F6","","","26129","بلاط","Blat Jbeil","","populated-place","34.11052973","35.67812852","national-manifest","C:\xampp\htdocs\projectx\watanybot\packages\lebanese-administrative-authority\authority\sources\arabic\national-village-manifest-clean.csv","","source-reported","accepted","","26129","true","[object Object]"
"LB-LOC-26283","LB","LB-GOV-C98952C33ACF","LB-DIST-23305D92D7F6","","","26283","بمهرين","Bmehrayn","","populated-place","34.12181617","35.67859166","national-manifest","C:\xampp\htdocs\projectx\watanybot\packages\lebanese-administrative-authority\authority\sources\arabic\national-village-manifest-clean.csv","","source-reported","accepted","","26283","true","[object Object]"
"LB-LOC-26354","LB","LB-GOV-C98952C33ACF","LB-DIST-23305D92D7F6","","","26354","بلحص","Boulhos","","populated-place","34.09529403","35.80644701","national-manifest","C:\xampp\htdocs\projectx\watanybot\packages\lebanese-administrative-authority\authority\sources\arabic\national-village-manifest-clean.csv","","source-reported","accepted","","26354","true","[object Object]"
"LB-LOC-26253","LB","LB-GOV-C98952C33ACF","LB-DIST-23305D92D7F6","","","26253","بريج","Brayj Jbayl","","populated-place","34.11888297","35.69992565","national-manifest","C:\xampp\htdocs\projectx\watanybot\packages\lebanese-administrative-authority\authority\sources\arabic\national-village-manifest-clean.csv","","source-reported","accepted","","26253","true","[object Object]"
"LB-LOC-26279","LB","LB-GOV-C98952C33ACF","LB-DIST-23305D92D7F6","","","26279","شامات","Chamate","","populated-place","34.1650297","35.69881302","national-manifest","C:\xampp\htdocs\projectx\watanybot\packages\lebanese-administrative-authority\authority\sources\arabic\national-village-manifest-clean.csv","","source-reported","accepted","","26279","true","[object Object]"
"LB-LOC-26295","LB","LB-GOV-C98952C33ACF","LB-DIST-23305D92D7F6","","","26295","شيخان","Chikhane","","populated-place","34.17334686","35.65935001","national-manifest","C:\xampp\htdocs\projectx\watanybot\packages\lebanese-administrative-authority\authority\sources\arabic\national-village-manifest-clean.csv","","source-reported","accepted","","26295","true","[object Object]"
"LB-LOC-26296","LB","LB-GOV-C98952C33ACF","LB-DIST-23305D92D7F6","","","26296","شموت","Chmout","","populated-place","34.19746494","35.66763493","national-manifest","C:\xampp\htdocs\projectx\watanybot\packages\lebanese-administrative-authority\authority\sources\arabic\national-village-manifest-clean.csv","","source-reported","accepted","","26296","true","[object Object]"
"LB-LOC-26135","LB","LB-GOV-C98952C33ACF","LB-DIST-23305D92D7F6","","","26135","إده","Eddeh Jbayl","","populated-place","34.14156152","35.66625166","national-manifest","C:\xampp\htdocs\projectx\watanybot\packages\lebanese-administrative-authority\authority\sources\arabic\national-village-manifest-clean.csv","","source-reported","accepted","","26135","true","[object Object]"
"LB-LOC-26211","LB","LB-GOV-C98952C33ACF","LB-DIST-23305D92D7F6","","","26211","اهمج","Ehmej","","populated-place","34.13007427","35.81536556","national-manifest","C:\xampp\htdocs\projectx\watanybot\packages\lebanese-administrative-authority\authority\sources\arabic\national-village-manifest-clean.csv","","source-reported","accepted","","26211","true","[object Object]"
"LB-LOC-26266","LB","LB-GOV-C98952C33ACF","LB-DIST-23305D92D7F6","","","26266","فتري","Fatre","","populated-place","34.08590251","35.70466861","national-manifest","C:\xampp\htdocs\projectx\watanybot\packages\lebanese-administrative-authority\authority\sources\arabic\national-village-manifest-clean.csv","","source-reported","accepted","","26266","true","[object Object]"
"LB-LOC-26217","LB","LB-GOV-C98952C33ACF","LB-DIST-23305D92D7F6","","","26217","فرحت","Ferhet","","populated-place","34.10044634","35.74290616","national-manifest","C:\xampp\htdocs\projectx\watanybot\packages\lebanese-administrative-authority\authority\sources\arabic\national-village-manifest-clean.csv","","source-reported","accepted","","26217","true","[object Object]"
"LB-LOC-26298","LB","LB-GOV-C98952C33ACF","LB-DIST-23305D92D7F6","","","26298","فغال","Fghal","","populated-place","34.20670819","35.66367589","national-manifest","C:\xampp\htdocs\projectx\watanybot\packages\lebanese-administrative-authority\authority\sources\arabic\national-village-manifest-clean.csv","","source-reported","accepted","","26298","true","[object Object]"
"LB-LOC-26223","LB","LB-GOV-C98952C33ACF","LB-DIST-23305D92D7F6","","","26223","فرات","Frat","","populated-place","34.08725704","35.79213453","national-manifest","C:\xampp\htdocs\projectx\watanybot\packages\lebanese-administrative-authority\authority\sources\arabic\national-village-manifest-clean.csv","","source-reported","accepted","","26223","true","[object Object]"
"LB-LOC-26337","LB","LB-GOV-C98952C33ACF","LB-DIST-23305D92D7F6","","","26337","غابات","Ghabat","","populated-place","34.07877164","35.87072304","national-manifest","C:\xampp\htdocs\projectx\watanybot\packages\lebanese-administrative-authority\authority\sources\arabic\national-village-manifest-clean.csv","","source-reported","accepted","","26337","true","[object Object]"
"LB-LOC-26277","LB","LB-GOV-C98952C33ACF","LB-DIST-23305D92D7F6","","","26277","غلبون","Ghalboun","","populated-place","34.17496619","35.70242838","national-manifest","C:\xampp\htdocs\projectx\watanybot\packages\lebanese-administrative-authority\authority\sources\arabic\national-village-manifest-clean.csv","","source-reported","accepted","","26277","true","[object Object]"
"LB-LOC-26294","LB","LB-GOV-C98952C33ACF","LB-DIST-23305D92D7F6","","","26294","غرزوز","Gharzouz","","populated-place","34.17944795","35.66861612","national-manifest","C:\xampp\htdocs\projectx\watanybot\packages\lebanese-administrative-authority\authority\sources\arabic\national-village-manifest-clean.csv","","source-reported","accepted","","26294","true","[object Object]"
"LB-LOC-26291","LB","LB-GOV-C98952C33ACF","LB-DIST-23305D92D7F6","","","26291","غرفين","Ghofrine","","populated-place","34.15573914","35.66266849","national-manifest","C:\xampp\htdocs\projectx\watanybot\packages\lebanese-administrative-authority\authority\sources\arabic\national-village-manifest-clean.csv","","source-reported","accepted","","26291","true","[object Object]"
"LB-LOC-26234","LB","LB-GOV-C98952C33ACF","LB-DIST-23305D92D7F6","","","26234","هابيل","Habil","","populated-place","34.15103485","35.73809013","national-manifest","C:\xampp\htdocs\projectx\watanybot\packages\lebanese-administrative-authority\authority\sources\arabic\national-village-manifest-clean.csv","","source-reported","accepted","","26234","true","[object Object]"
"LB-LOC-26147","LB","LB-GOV-C98952C33ACF","LB-DIST-23305D92D7F6","","","26147","حالات","Halate","","populated-place","34.08630368","35.66747194","national-manifest","C:\xampp\htdocs\projectx\watanybot\packages\lebanese-administrative-authority\authority\sources\arabic\national-village-manifest-clean.csv","","source-reported","accepted","","26147","true","[object Object]"
"LB-LOC-26247","LB","LB-GOV-C98952C33ACF","LB-DIST-23305D92D7F6","","","26247","حقل","Haqel","","populated-place","34.16755386","35.74458317","national-manifest","C:\xampp\htdocs\projectx\watanybot\packages\lebanese-administrative-authority\authority\sources\arabic\national-village-manifest-clean.csv","","source-reported","accepted","","26247","true","[object Object]"
"LB-LOC-26153","LB","LB-GOV-C98952C33ACF","LB-DIST-23305D92D7F6","","","26153","حصرايل","Hasrayel","","populated-place","34.16423688","35.65963054","national-manifest","C:\xampp\htdocs\projectx\watanybot\packages\lebanese-administrative-authority\authority\sources\arabic\national-village-manifest-clean.csv","","source-reported","accepted","","26153","true","[object Object]"
"LB-LOC-26281","LB","LB-GOV-C98952C33ACF","LB-DIST-23305D92D7F6","","","26281","حبالين","Hbaline","","populated-place","34.15889443","35.68612278","national-manifest","C:\xampp\htdocs\projectx\watanybot\packages\lebanese-administrative-authority\authority\sources\arabic\national-village-manifest-clean.csv","","source-reported","accepted","","26281","true","[object Object]"
"LB-LOC-26284","LB","LB-GOV-C98952C33ACF","LB-DIST-23305D92D7F6","","","26284","حبوب","Hboub","","populated-place","34.12768787","35.68781273","national-manifest","C:\xampp\htdocs\projectx\watanybot\packages\lebanese-administrative-authority\authority\sources\arabic\national-village-manifest-clean.csv","","source-reported","accepted","","26284","true","[object Object]"
"LB-LOC-26324","LB","LB-GOV-C98952C33ACF","LB-DIST-23305D92D7F6","","","26324","هدينة","Hdeine","","populated-place","34.09229334","35.87059048","national-manifest","C:\xampp\htdocs\projectx\watanybot\packages\lebanese-administrative-authority\authority\sources\arabic\national-village-manifest-clean.csv","","source-reported","accepted","","26324","true","[object Object]"
"LB-LOC-26390","LB","LB-GOV-C98952C33ACF","LB-DIST-23305D92D7F6","","","26390","حمى الرهبان","Hema Er-Rehban","","populated-place","34.14635587","35.86129331","national-manifest","C:\xampp\htdocs\projectx\watanybot\packages\lebanese-administrative-authority\authority\sources\arabic\national-village-manifest-clean.csv","","source-reported","accepted","","26390","true","[object Object]"
"LB-LOC-26388","LB","LB-GOV-C98952C33ACF","LB-DIST-23305D92D7F6","","","26388","حمى مار مارون عنَايا","Hema Mar Maroun Aannaya","","populated-place","34.13241351","35.84931118","national-manifest","C:\xampp\htdocs\projectx\watanybot\packages\lebanese-administrative-authority\authority\sources\arabic\national-village-manifest-clean.csv","","source-reported","accepted","","26388","true","[object Object]"
"LB-LOC-26226","LB","LB-GOV-C98952C33ACF","LB-DIST-23305D92D7F6","","","26226","حجولا","Hjoula","","populated-place","34.13258879","35.7417454","national-manifest","C:\xampp\htdocs\projectx\watanybot\packages\lebanese-administrative-authority\authority\sources\arabic\national-village-manifest-clean.csv","","source-reported","accepted","","26226","true","[object Object]"
"LB-LOC-26286","LB","LB-GOV-C98952C33ACF","LB-DIST-23305D92D7F6","","","26286","حصارات","Hsarat","","populated-place","34.16859465","35.68244689","national-manifest","C:\xampp\htdocs\projectx\watanybot\packages\lebanese-administrative-authority\authority\sources\arabic\national-village-manifest-clean.csv","","source-reported","accepted","","26286","true","[object Object]"
"LB-LOC-26229","LB","LB-GOV-C98952C33ACF","LB-DIST-23305D92D7F6","","","26229","حصون","Hsoun","","populated-place","34.09438764","35.73761773","national-manifest","C:\xampp\htdocs\projectx\watanybot\packages\lebanese-administrative-authority\authority\sources\arabic\national-village-manifest-clean.csv","","source-reported","accepted","","26229","true","[object Object]"
"LB-LOC-26381","LB","LB-GOV-C98952C33ACF","LB-DIST-23305D92D7F6","","","26381","جاج","Jaj","","populated-place","34.16139933","35.82556015","national-manifest","C:\xampp\htdocs\projectx\watanybot\packages\lebanese-administrative-authority\authority\sources\arabic\national-village-manifest-clean.csv","","source-reported","accepted","","26381","true","[object Object]"
"LB-LOC-26327","LB","LB-GOV-C98952C33ACF","LB-DIST-23305D92D7F6","","","26327","جنة","Janneh","","populated-place","34.08100695","35.83098606","national-manifest","C:\xampp\htdocs\projectx\watanybot\packages\lebanese-administrative-authority\authority\sources\arabic\national-village-manifest-clean.csv","","source-reported","accepted","","26327","true","[object Object]"
"LB-LOC-26111","LB","LB-GOV-C98952C33ACF","LB-DIST-23305D92D7F6","","","26111","جبيل","Jbayl","","populated-place","34.12337464","35.65575759","national-manifest","C:\xampp\htdocs\projectx\watanybot\packages\lebanese-administrative-authority\authority\sources\arabic\national-village-manifest-clean.csv","","source-reported","accepted","","26111","true","[object Object]"
"LB-LOC-26165","LB","LB-GOV-C98952C33ACF","LB-DIST-23305D92D7F6","","","26165","جدايل","Jeoddayel Jbayl","","populated-place","34.16306894","35.64630111","national-manifest","C:\xampp\htdocs\projectx\watanybot\packages\lebanese-administrative-authority\authority\sources\arabic\national-village-manifest-clean.csv","","source-reported","accepted","","26165","true","[object Object]"
"LB-LOC-26274","LB","LB-GOV-C98952C33ACF","LB-DIST-23305D92D7F6","","","26274","جليسه","Jlisseh","","populated-place","34.11359029","35.69425234","national-manifest","C:\xampp\htdocs\projectx\watanybot\packages\lebanese-administrative-authority\authority\sources\arabic\national-village-manifest-clean.csv","","source-reported","accepted","","26274","true","[object Object]"
"LB-LOC-26236","LB","LB-GOV-C98952C33ACF","LB-DIST-23305D92D7F6","","","26236","جورة القطين","Jouret El-Qattine","","populated-place","34.10452419","35.72786719","national-manifest","C:\xampp\htdocs\projectx\watanybot\packages\lebanese-administrative-authority\authority\sources\arabic\national-village-manifest-clean.csv","","source-reported","accepted","","26236","true","[object Object]"
"LB-LOC-26273","LB","LB-GOV-C98952C33ACF","LB-DIST-23305D92D7F6","","","26273","كفر الفتوح","Kafr","","populated-place","34.15320462","35.69577319","national-manifest","C:\xampp\htdocs\projectx\watanybot\packages\lebanese-administrative-authority\authority\sources\arabic\national-village-manifest-clean.csv","","source-reported","accepted","","26273","true","[object Object]"
"LB-LOC-26224","LB","LB-GOV-C98952C33ACF","LB-DIST-23305D92D7F6","","","26224","كفر بعال","Kfar Baal","","populated-place","34.11350829","35.74938927","national-manifest","C:\xampp\htdocs\projectx\watanybot\packages\lebanese-administrative-authority\authority\sources\arabic\national-village-manifest-clean.csv","","source-reported","accepted","","26224","true","[object Object]"
"LB-LOC-26189","LB","LB-GOV-C98952C33ACF","LB-DIST-23305D92D7F6","","","26189","كفر كده","Kfar Kiddeh","","populated-place","34.20044579","35.65622845","national-manifest","C:\xampp\htdocs\projectx\watanybot\packages\lebanese-administrative-authority\authority\sources\arabic\national-village-manifest-clean.csv","","source-reported","accepted","","26189","true","[object Object]"
"LB-LOC-26287","LB","LB-GOV-C98952C33ACF","LB-DIST-23305D92D7F6","","","26287","كفر مسحون","Kfar Mashoun","","populated-place","34.14703039","35.67846345","national-manifest","C:\xampp\htdocs\projectx\watanybot\packages\lebanese-administrative-authority\authority\sources\arabic\national-village-manifest-clean.csv","","source-reported","accepted","","26287","true","[object Object]"
"LB-LOC-26264","LB","LB-GOV-C98952C33ACF","LB-DIST-23305D92D7F6","","","26264","كفر قواص","Kfar Qouas","","populated-place","34.12338693","35.70056767","national-manifest","C:\xampp\htdocs\projectx\watanybot\packages\lebanese-administrative-authority\authority\sources\arabic\national-village-manifest-clean.csv","","source-reported","accepted","","26264","true","[object Object]"
"LB-LOC-26267","LB","LB-GOV-C98952C33ACF","LB-DIST-23305D92D7F6","","","26267","كفون","Kfoun","","populated-place","34.15515882","35.71239581","national-manifest","C:\xampp\htdocs\projectx\watanybot\packages\lebanese-administrative-authority\authority\sources\arabic\national-village-manifest-clean.csv","","source-reported","accepted","","26267","true","[object Object]"
"LB-LOC-26249","LB","LB-GOV-C98952C33ACF","LB-DIST-23305D92D7F6","","","26249","خاربة جبيل","Kharbet Jbayl","","populated-place","34.1768842","35.74562668","national-manifest","C:\xampp\htdocs\projectx\watanybot\packages\lebanese-administrative-authority\authority\sources\arabic\national-village-manifest-clean.csv","","source-reported","accepted","","26249","true","[object Object]"
"LB-LOC-26361","LB","LB-GOV-C98952C33ACF","LB-DIST-23305D92D7F6","","","26361","اللقلوق","Laqlouq","","populated-place","34.1336371","35.86577201","national-manifest","C:\xampp\htdocs\projectx\watanybot\packages\lebanese-administrative-authority\authority\sources\arabic\national-village-manifest-clean.csv","","source-reported","accepted","","26361","true","[object Object]"
"LB-LOC-26331","LB","LB-GOV-C98952C33ACF","LB-DIST-23305D92D7F6","","","26331","لاسا","Lassa","","populated-place","34.06771434","35.84825477","national-manifest","C:\xampp\htdocs\projectx\watanybot\packages\lebanese-administrative-authority\authority\sources\arabic\national-village-manifest-clean.csv","","source-reported","accepted","","26331","true","[object Object]"
"LB-LOC-26233","LB","LB-GOV-C98952C33ACF","LB-DIST-23305D92D7F6","","","26233","لحفد","Lehfed","","populated-place","34.16437087","35.76984061","national-manifest","C:\xampp\htdocs\projectx\watanybot\packages\lebanese-administrative-authority\authority\sources\arabic\national-village-manifest-clean.csv","","source-reported","accepted","","26233","true","[object Object]"
"LB-LOC-26293","LB","LB-GOV-C98952C33ACF","LB-DIST-23305D92D7F6","","","26293","معاد","Maad","","populated-place","34.19107191","35.6807737","national-manifest","C:\xampp\htdocs\projectx\watanybot\packages\lebanese-administrative-authority\authority\sources\arabic\national-village-manifest-clean.csv","","source-reported","accepted","","26293","true","[object Object]"
"LB-LOC-26357","LB","LB-GOV-C98952C33ACF","LB-DIST-23305D92D7F6","","","26357","المجدل","Majdel El-Aqoura","","populated-place","34.08721225","35.90333444","national-manifest","C:\xampp\htdocs\projectx\watanybot\packages\lebanese-administrative-authority\authority\sources\arabic\national-village-manifest-clean.csv","","source-reported","accepted","","26357","true","[object Object]"
"LB-LOC-26314","LB","LB-GOV-C98952C33ACF","LB-DIST-23305D92D7F6","","","26314","دير مار سركيس","Mar Sarkis","","populated-place","34.09642029","35.85899326","national-manifest","C:\xampp\htdocs\projectx\watanybot\packages\lebanese-administrative-authority\authority\sources\arabic\national-village-manifest-clean.csv","","source-reported","accepted","","26314","true","[object Object]"
"LB-LOC-26117","LB","LB-GOV-C98952C33ACF","LB-DIST-23305D92D7F6","","","26117","مستيتا","Mastita","","populated-place","34.10455697","35.65689725","national-manifest","C:\xampp\htdocs\projectx\watanybot\packages\lebanese-administrative-authority\authority\sources\arabic\national-village-manifest-clean.csv","","source-reported","accepted","","26117","true","[object Object]"
"LB-LOC-26257","LB","LB-GOV-C98952C33ACF","LB-DIST-23305D92D7F6","","","26257","ميفوق","Mayfouq","","populated-place","34.18416312","35.76408725","national-manifest","C:\xampp\htdocs\projectx\watanybot\packages\lebanese-administrative-authority\authority\sources\arabic\national-village-manifest-clean.csv","","source-reported","accepted","","26257","true","[object Object]"
"LB-LOC-26213","LB","LB-GOV-C98952C33ACF","LB-DIST-23305D92D7F6","","","26213","مزرعة المعادن","Mazraat El-Maaden","","populated-place","34.11789415","35.79623211","national-manifest","C:\xampp\htdocs\projectx\watanybot\packages\lebanese-administrative-authority\authority\sources\arabic\national-village-manifest-clean.csv","","source-reported","accepted","","26213","true","[object Object]"
"LB-LOC-26321","LB","LB-GOV-C98952C33ACF","LB-DIST-23305D92D7F6","","","26321","مزرعة السياد","Mazraat Es Siyad","","populated-place","34.11674006","35.85739689","national-manifest","C:\xampp\htdocs\projectx\watanybot\packages\lebanese-administrative-authority\authority\sources\arabic\national-village-manifest-clean.csv","","source-reported","accepted","","26321","true","[object Object]"
"LB-LOC-26231","LB","LB-GOV-C98952C33ACF","LB-DIST-23305D92D7F6","","","26231","مشان","Mchaneh","","populated-place","34.08101323","35.74901553","national-manifest","C:\xampp\htdocs\projectx\watanybot\packages\lebanese-administrative-authority\authority\sources\arabic\national-village-manifest-clean.csv","","source-reported","accepted","","26231","true","[object Object]"
"LB-LOC-26341","LB","LB-GOV-C98952C33ACF","LB-DIST-23305D92D7F6","","","26341","مغيره","Mghayreh Jbeil","","populated-place","34.10865278","35.8808147","national-manifest","C:\xampp\htdocs\projectx\watanybot\packages\lebanese-administrative-authority\authority\sources\arabic\national-village-manifest-clean.csv","","source-reported","accepted","","26341","true","[object Object]"
"LB-LOC-26218","LB","LB-GOV-C98952C33ACF","LB-DIST-23305D92D7F6","","","26218","مشمش جبيل","Michmich Jbayl","","populated-place","34.14124789","35.77568668","national-manifest","C:\xampp\htdocs\projectx\watanybot\packages\lebanese-administrative-authority\authority\sources\arabic\national-village-manifest-clean.csv","","source-reported","accepted","","26218","true","[object Object]"
"LB-LOC-26177","LB","LB-GOV-C98952C33ACF","LB-DIST-23305D92D7F6","","","26177","المنصف","Mounsef","","populated-place","34.1805075","35.64347023","national-manifest","C:\xampp\htdocs\projectx\watanybot\packages\lebanese-administrative-authority\authority\sources\arabic\national-village-manifest-clean.csv","","source-reported","accepted","","26177","true","[object Object]"
"LB-LOC-26171","LB","LB-GOV-C98952C33ACF","LB-DIST-23305D92D7F6","","","26171","نهر ابراهيم","Nahr Ibrahim","","populated-place","34.06743935","35.64971466","national-manifest","C:\xampp\htdocs\projectx\watanybot\packages\lebanese-administrative-authority\authority\sources\arabic\national-village-manifest-clean.csv","","source-reported","accepted","","26171","true","[object Object]"
"LB-LOC-26367","LB","LB-GOV-C98952C33ACF","LB-DIST-23305D92D7F6","","","26367","قهمز","Qahmez","","populated-place","34.05987276","35.80973047","national-manifest","C:\xampp\htdocs\projectx\watanybot\packages\lebanese-administrative-authority\authority\sources\arabic\national-village-manifest-clean.csv","","source-reported","accepted","","26367","true","[object Object]"
"LB-LOC-26311","LB","LB-GOV-C98952C33ACF","LB-DIST-23305D92D7F6","","","26311","قرطبا","Qartaba","","populated-place","34.09827521","35.83726634","national-manifest","C:\xampp\htdocs\projectx\watanybot\packages\lebanese-administrative-authority\authority\sources\arabic\national-village-manifest-clean.csv","","source-reported","accepted","","26311","true","[object Object]"
"LB-LOC-26123","LB","LB-GOV-C98952C33ACF","LB-DIST-23305D92D7F6","","","26123","قرطبون","Qartaboun","","populated-place","34.11043522","35.65550447","national-manifest","C:\xampp\htdocs\projectx\watanybot\packages\lebanese-administrative-authority\authority\sources\arabic\national-village-manifest-clean.csv","","source-reported","accepted","","26123","true","[object Object]"
"LB-LOC-26351","LB","LB-GOV-C98952C33ACF","LB-DIST-23305D92D7F6","","","26351","قرقريا","Qorqraiya","","populated-place","34.07830606","35.80481822","national-manifest","C:\xampp\htdocs\projectx\watanybot\packages\lebanese-administrative-authority\authority\sources\arabic\national-village-manifest-clean.csv","","source-reported","accepted","","26351","true","[object Object]"
"LB-LOC-26251","LB","LB-GOV-C98952C33ACF","LB-DIST-23305D92D7F6","","","26251","قطارة","Qottara Jbayl","","populated-place","34.17824526","35.80106381","national-manifest","C:\xampp\htdocs\projectx\watanybot\packages\lebanese-administrative-authority\authority\sources\arabic\national-village-manifest-clean.csv","","source-reported","accepted","","26251","true","[object Object]"
"LB-LOC-26261","LB","LB-GOV-C98952C33ACF","LB-DIST-23305D92D7F6","","","26261","الراموط","Ramout","","populated-place","34.16602571","35.71255746","national-manifest","C:\xampp\htdocs\projectx\watanybot\packages\lebanese-administrative-authority\authority\sources\arabic\national-village-manifest-clean.csv","","source-reported","accepted","","26261","true","[object Object]"
"LB-LOC-26241","LB","LB-GOV-C98952C33ACF","LB-DIST-23305D92D7F6","","","26241","راس اسطا","Ras Osta","","populated-place","34.11807506","35.72617297","national-manifest","C:\xampp\htdocs\projectx\watanybot\packages\lebanese-administrative-authority\authority\sources\arabic\national-village-manifest-clean.csv","","source-reported","accepted","","26241","true","[object Object]"
"LB-LOC-26159","LB","LB-GOV-C98952C33ACF","LB-DIST-23305D92D7F6","","","26159","ريحانة","Rihanet Jbayl","","populated-place","34.16839668","35.63582984","national-manifest","C:\xampp\htdocs\projectx\watanybot\packages\lebanese-administrative-authority\authority\sources\arabic\national-village-manifest-clean.csv","","source-reported","accepted","","26159","true","[object Object]"
"LB-LOC-26377","LB","LB-GOV-C98952C33ACF","LB-DIST-23305D92D7F6","","","26377","سقي رشميا","Saqi Richmaya","","populated-place","34.15216587","35.80407417","national-manifest","C:\xampp\htdocs\projectx\watanybot\packages\lebanese-administrative-authority\authority\sources\arabic\national-village-manifest-clean.csv","","source-reported","accepted","","26377","true","[object Object]"
"LB-LOC-26263","LB","LB-GOV-C98952C33ACF","LB-DIST-23305D92D7F6","","","26263","ساقية الخيط","Saqiet El-Khayt","","populated-place","34.16175404","35.7148813","national-manifest","C:\xampp\htdocs\projectx\watanybot\packages\lebanese-administrative-authority\authority\sources\arabic\national-village-manifest-clean.csv","","source-reported","accepted","","26263","true","[object Object]"
"LB-LOC-26254","LB","LB-GOV-C98952C33ACF","LB-DIST-23305D92D7F6","","","26254","سربين","Sebrine","","populated-place","34.11099288","35.71120656","national-manifest","C:\xampp\htdocs\projectx\watanybot\packages\lebanese-administrative-authority\authority\sources\arabic\national-village-manifest-clean.csv","","source-reported","accepted","","26254","true","[object Object]"
"LB-LOC-26334","LB","LB-GOV-C98952C33ACF","LB-DIST-23305D92D7F6","","","26334","سرعيتا","Seraaiita","","populated-place","34.08376082","35.87016164","national-manifest","C:\xampp\htdocs\projectx\watanybot\packages\lebanese-administrative-authority\authority\sources\arabic\national-village-manifest-clean.csv","","source-reported","accepted","","26334","true","[object Object]"
"LB-LOC-26220","LB","LB-GOV-C98952C33ACF","LB-DIST-23305D92D7F6","","","26220","صوانة","Souanet Jbayl","","populated-place","34.09461075","35.77122867","national-manifest","C:\xampp\htdocs\projectx\watanybot\packages\lebanese-administrative-authority\authority\sources\arabic\national-village-manifest-clean.csv","","source-reported","accepted","","26220","true","[object Object]"
"LB-LOC-26344","LB","LB-GOV-C98952C33ACF","LB-DIST-23305D92D7F6","","","26344","تدمر","Tadmor","","populated-place","34.10444567","35.86834643","national-manifest","C:\xampp\htdocs\projectx\watanybot\packages\lebanese-administrative-authority\authority\sources\arabic\national-village-manifest-clean.csv","","source-reported","accepted","","26344","true","[object Object]"
"LB-LOC-26384","LB","LB-GOV-C98952C33ACF","LB-DIST-23305D92D7F6","","","26384","ترتج","Tartij","","populated-place","34.17514504","35.84211829","national-manifest","C:\xampp\htdocs\projectx\watanybot\packages\lebanese-administrative-authority\authority\sources\arabic\national-village-manifest-clean.csv","","source-reported","accepted","","26384","true","[object Object]"
"LB-LOC-26215","LB","LB-GOV-C98952C33ACF","LB-DIST-23305D92D7F6","","","26215","طورزيا","Tourzaiya","","populated-place","34.10969052","35.75655344","national-manifest","C:\xampp\htdocs\projectx\watanybot\packages\lebanese-administrative-authority\authority\sources\arabic\national-village-manifest-clean.csv","","source-reported","accepted","","26215","true","[object Object]"
"LB-LOC-26347","LB","LB-GOV-C98952C33ACF","LB-DIST-23305D92D7F6","","","26347","يانوح","Yanouh Jbayl","","populated-place","34.09706805","35.88218015","national-manifest","C:\xampp\htdocs\projectx\watanybot\packages\lebanese-administrative-authority\authority\sources\arabic\national-village-manifest-clean.csv","","source-reported","accepted","","26347","true","[object Object]"
"LB-LOC-26246","LB","LB-GOV-C98952C33ACF","LB-DIST-23305D92D7F6","","","26246","زبدين","Zibdine Jbayl","","populated-place","34.09499411","35.70842925","national-manifest","C:\xampp\htdocs\projectx\watanybot\packages\lebanese-administrative-authority\authority\sources\arabic\national-village-manifest-clean.csv","","source-reported","accepted","","26246","true","[object Object]"
"LB-LOC-25423","LB","LB-GOV-C98952C33ACF","LB-DIST-668F902C9D9E","","","25423","عشقوت","Aachqout","","populated-place","33.9911491","35.70584708","national-manifest","C:\xampp\htdocs\projectx\watanybot\packages\lebanese-administrative-authority\authority\sources\arabic\national-village-manifest-clean.csv","","source-reported","accepted","","25423","true","[object Object]"
"LB-LOC-25463","LB","LB-GOV-C98952C33ACF","LB-DIST-668F902C9D9E","","","25463","عين الدلبة","Aain Ed-Delbeh Kesrouane","","populated-place","34.03926003","35.7661091","national-manifest","C:\xampp\htdocs\projectx\watanybot\packages\lebanese-administrative-authority\authority\sources\arabic\national-village-manifest-clean.csv","","source-reported","accepted","","25463","true","[object Object]"
"LB-LOC-25251","LB","LB-GOV-C98952C33ACF","LB-DIST-668F902C9D9E","","","25251","عين الريحان","Aain Er-Rihane","","populated-place","33.96246484","35.64477659","national-manifest","C:\xampp\htdocs\projectx\watanybot\packages\lebanese-administrative-authority\authority\sources\arabic\national-village-manifest-clean.csv","","source-reported","accepted","","25251","true","[object Object]"
"LB-LOC-25211","LB","LB-GOV-C98952C33ACF","LB-DIST-668F902C9D9E","","","25211","عجلتون","Aajaltoun","","populated-place","33.96081884","35.68548046","national-manifest","C:\xampp\htdocs\projectx\watanybot\packages\lebanese-administrative-authority\authority\sources\arabic\national-village-manifest-clean.csv","","source-reported","accepted","","25211","true","[object Object]"
"LB-LOC-25171","LB","LB-GOV-C98952C33ACF","LB-DIST-668F902C9D9E","","","25171","عقيبة","Aaqaibeh Kesrouane","","populated-place","34.05351435","35.64349146","national-manifest","C:\xampp\htdocs\projectx\watanybot\packages\lebanese-administrative-authority\authority\sources\arabic\national-village-manifest-clean.csv","","source-reported","accepted","","25171","true","[object Object]"
"LB-LOC-25327","LB","LB-GOV-C98952C33ACF","LB-DIST-668F902C9D9E","","","25327","عرمون كسروان","Aaramoun Kesrouane","","populated-place","34.01871999","35.69912938","national-manifest","C:\xampp\htdocs\projectx\watanybot\packages\lebanese-administrative-authority\authority\sources\arabic\national-village-manifest-clean.csv","","source-reported","accepted","","25327","true","[object Object]"
"LB-LOC-25361","LB","LB-GOV-C98952C33ACF","LB-DIST-668F902C9D9E","","","25361","عذره والعذر","Aazra ouel Aazr","","populated-place","34.06274142","35.70349826","national-manifest","C:\xampp\htdocs\projectx\watanybot\packages\lebanese-administrative-authority\authority\sources\arabic\national-village-manifest-clean.csv","","source-reported","accepted","","25361","true","[object Object]"
"LB-LOC-25156","LB","LB-GOV-C98952C33ACF","LB-DIST-668F902C9D9E","","","25156","أدما والدفنه","Adma Oua Dafine","","populated-place","34.02284267","35.64715843","national-manifest","C:\xampp\htdocs\projectx\watanybot\packages\lebanese-administrative-authority\authority\sources\arabic\national-village-manifest-clean.csv","","source-reported","accepted","","25156","true","[object Object]"
"LB-LOC-25271","LB","LB-GOV-C98952C33ACF","LB-DIST-668F902C9D9E","","","25271","عينطورة","Aintoura Kesrouane","","populated-place","33.95968403","35.63510486","national-manifest","C:\xampp\htdocs\projectx\watanybot\packages\lebanese-administrative-authority\authority\sources\arabic\national-village-manifest-clean.csv","","source-reported","accepted","","25271","true","[object Object]"
"LB-LOC-25221","LB","LB-GOV-C98952C33ACF","LB-DIST-668F902C9D9E","","","25221","بلونة","Balloune","","populated-place","33.95190662","35.6722052","national-manifest","C:\xampp\htdocs\projectx\watanybot\packages\lebanese-administrative-authority\authority\sources\arabic\national-village-manifest-clean.csv","","source-reported","accepted","","25221","true","[object Object]"
"LB-LOC-25325","LB","LB-GOV-C98952C33ACF","LB-DIST-668F902C9D9E","","","25325","بطحا","Batha","","populated-place","33.98957123","35.66306127","national-manifest","C:\xampp\htdocs\projectx\watanybot\packages\lebanese-administrative-authority\authority\sources\arabic\national-village-manifest-clean.csv","","source-reported","accepted","","25325","true","[object Object]"
"LB-LOC-25431","LB","LB-GOV-C98952C33ACF","LB-DIST-668F902C9D9E","","","25431","بقعاتة عشقوت","Beqaata Aachqout","","populated-place","34.00558207","35.73236017","national-manifest","C:\xampp\htdocs\projectx\watanybot\packages\lebanese-administrative-authority\authority\sources\arabic\national-village-manifest-clean.csv","","source-reported","accepted","","25431","true","[object Object]"
"LB-LOC-25443","LB","LB-GOV-C98952C33ACF","LB-DIST-668F902C9D9E","","","25443","بقعاتة كنعان","Beqaata Kanaan","","populated-place","33.96421864","35.76193213","national-manifest","C:\xampp\htdocs\projectx\watanybot\packages\lebanese-administrative-authority\authority\sources\arabic\national-village-manifest-clean.csv","","source-reported","accepted","","25443","true","[object Object]"
"LB-LOC-25369","LB","LB-GOV-C98952C33ACF","LB-DIST-668F902C9D9E","","","25369","بزحل","Bizhel","","populated-place","34.07777255","35.69477883","national-manifest","C:\xampp\htdocs\projectx\watanybot\packages\lebanese-administrative-authority\authority\sources\arabic\national-village-manifest-clean.csv","","source-reported","accepted","","25369","true","[object Object]"
"LB-LOC-25166","LB","LB-GOV-C98952C33ACF","LB-DIST-668F902C9D9E","","","25166","بوار","Bouar","","populated-place","34.04366234","35.64307975","national-manifest","C:\xampp\htdocs\projectx\watanybot\packages\lebanese-administrative-authority\authority\sources\arabic\national-village-manifest-clean.csv","","source-reported","accepted","","25166","true","[object Object]"
"LB-LOC-25313","LB","LB-GOV-C98952C33ACF","LB-DIST-668F902C9D9E","","","25313","فتقا","Bourj El-Ftouh","","populated-place","34.03406717","35.66542617","national-manifest","C:\xampp\htdocs\projectx\watanybot\packages\lebanese-administrative-authority\authority\sources\arabic\national-village-manifest-clean.csv","","source-reported","accepted","","25313","true","[object Object]"
"LB-LOC-25451","LB","LB-GOV-C98952C33ACF","LB-DIST-668F902C9D9E","","","25451","بقعتوتا","Bqaatouta","","populated-place","33.97406639","35.7814436","national-manifest","C:\xampp\htdocs\projectx\watanybot\packages\lebanese-administrative-authority\authority\sources\arabic\national-village-manifest-clean.csv","","source-reported","accepted","","25451","true","[object Object]"
"LB-LOC-25176","LB","LB-GOV-C98952C33ACF","LB-DIST-668F902C9D9E","","","25176","بقاق الدين","Bqaq Ed-Dine","","populated-place","34.05939303","35.64720131","national-manifest","C:\xampp\htdocs\projectx\watanybot\packages\lebanese-administrative-authority\authority\sources\arabic\national-village-manifest-clean.csv","","source-reported","accepted","","25176","true","[object Object]"
"LB-LOC-25337","LB","LB-GOV-C98952C33ACF","LB-DIST-668F902C9D9E","","","25337","بزمار","Bzoummar","","populated-place","33.98620493","35.68403128","national-manifest","C:\xampp\htdocs\projectx\watanybot\packages\lebanese-administrative-authority\authority\sources\arabic\national-village-manifest-clean.csv","","source-reported","accepted","","25337","true","[object Object]"
"LB-LOC-25351","LB","LB-GOV-C98952C33ACF","LB-DIST-668F902C9D9E","","","25351","شحتول","Chahtoul","","populated-place","34.03395831","35.72544893","national-manifest","C:\xampp\htdocs\projectx\watanybot\packages\lebanese-administrative-authority\authority\sources\arabic\national-village-manifest-clean.csv","","source-reported","accepted","","25351","true","[object Object]"
"LB-LOC-25315","LB","LB-GOV-C98952C33ACF","LB-DIST-668F902C9D9E","","","25315","شننعير","Chnanaair","","populated-place","34.00440755","35.66407448","national-manifest","C:\xampp\htdocs\projectx\watanybot\packages\lebanese-administrative-authority\authority\sources\arabic\national-village-manifest-clean.csv","","source-reported","accepted","","25315","true","[object Object]"
"LB-LOC-25479","LB","LB-GOV-C98952C33ACF","LB-DIST-668F902C9D9E","","","25479","شوان","Chouane","","populated-place","34.07294872","35.77489695","national-manifest","C:\xampp\htdocs\projectx\watanybot\packages\lebanese-administrative-authority\authority\sources\arabic\national-village-manifest-clean.csv","","source-reported","accepted","","25479","true","[object Object]"
"LB-LOC-25347","LB","LB-GOV-C98952C33ACF","LB-DIST-668F902C9D9E","","","25347","درعون","Daraaoun","","populated-place","33.97482787","35.65335489","national-manifest","C:\xampp\htdocs\projectx\watanybot\packages\lebanese-administrative-authority\authority\sources\arabic\national-village-manifest-clean.csv","","source-reported","accepted","","25347","true","[object Object]"
"LB-LOC-25241","LB","LB-GOV-C98952C33ACF","LB-DIST-668F902C9D9E","","","25241","داريا كسروان","Daraiya Kesrouane","","populated-place","33.95274419","35.69839992","national-manifest","C:\xampp\htdocs\projectx\watanybot\packages\lebanese-administrative-authority\authority\sources\arabic\national-village-manifest-clean.csv","","source-reported","accepted","","25241","true","[object Object]"
"LB-LOC-25335","LB","LB-GOV-C98952C33ACF","LB-DIST-668F902C9D9E","","","25335","دير بقلوش","Deir Baqlouch","","populated-place","33.99019969","35.65819391","national-manifest","C:\xampp\htdocs\projectx\watanybot\packages\lebanese-administrative-authority\authority\sources\arabic\national-village-manifest-clean.csv","","source-reported","accepted","","25335","true","[object Object]"
"LB-LOC-25323","LB","LB-GOV-C98952C33ACF","LB-DIST-668F902C9D9E","","","25323","دلبتا","Dlebta","","populated-place","34.00801129","35.69279213","national-manifest","C:\xampp\htdocs\projectx\watanybot\packages\lebanese-administrative-authority\authority\sources\arabic\national-village-manifest-clean.csv","","source-reported","accepted","","25323","true","[object Object]"
"LB-LOC-25475","LB","LB-GOV-C98952C33ACF","LB-DIST-668F902C9D9E","","","25475","فاريا","Faraya","","populated-place","34.02518273","35.83897019","national-manifest","C:\xampp\htdocs\projectx\watanybot\packages\lebanese-administrative-authority\authority\sources\arabic\national-village-manifest-clean.csv","","source-reported","accepted","","25475","true","[object Object]"
"LB-LOC-25427","LB","LB-GOV-C98952C33ACF","LB-DIST-668F902C9D9E","","","25427","فيطرون","Faytroun","","populated-place","33.99532002","35.74070375","national-manifest","C:\xampp\htdocs\projectx\watanybot\packages\lebanese-administrative-authority\authority\sources\arabic\national-village-manifest-clean.csv","","source-reported","accepted","","25427","true","[object Object]"
"LB-LOC-25311","LB","LB-GOV-C98952C33ACF","LB-DIST-668F902C9D9E","","","25311","غزير","Ghazir","","populated-place","34.0167033","35.66854939","national-manifest","C:\xampp\htdocs\projectx\watanybot\packages\lebanese-administrative-authority\authority\sources\arabic\national-village-manifest-clean.csv","","source-reported","accepted","","25311","true","[object Object]"
"LB-LOC-25363","LB","LB-GOV-C98952C33ACF","LB-DIST-668F902C9D9E","","","25363","غبالة","Ghbaleh Kesrouane","","populated-place","34.05458712","35.72056251","national-manifest","C:\xampp\htdocs\projectx\watanybot\packages\lebanese-administrative-authority\authority\sources\arabic\national-village-manifest-clean.csv","","source-reported","accepted","","25363","true","[object Object]"
"LB-LOC-25331","LB","LB-GOV-C98952C33ACF","LB-DIST-668F902C9D9E","","","25331","غدراس","Ghidras","","populated-place","34.04694957","35.68215855","national-manifest","C:\xampp\htdocs\projectx\watanybot\packages\lebanese-administrative-authority\authority\sources\arabic\national-village-manifest-clean.csv","","source-reported","accepted","","25331","true","[object Object]"
"LB-LOC-25343","LB","LB-GOV-C98952C33ACF","LB-DIST-668F902C9D9E","","","25343","غينة","Ghineh","","populated-place","34.03925742","35.70858432","national-manifest","C:\xampp\htdocs\projectx\watanybot\packages\lebanese-administrative-authority\authority\sources\arabic\national-village-manifest-clean.csv","","source-reported","accepted","","25343","true","[object Object]"
"LB-LOC-25319","LB","LB-GOV-C98952C33ACF","LB-DIST-668F902C9D9E","","","25319","غوسطا","Ghosta","","populated-place","33.98649623","35.67145793","national-manifest","C:\xampp\htdocs\projectx\watanybot\packages\lebanese-administrative-authority\authority\sources\arabic\national-village-manifest-clean.csv","","source-reported","accepted","","25319","true","[object Object]"
"LB-LOC-25333","LB","LB-GOV-C98952C33ACF","LB-DIST-668F902C9D9E","","","25333","هرهريا","Harharaya","","populated-place","34.0286446","35.70339511","national-manifest","C:\xampp\htdocs\projectx\watanybot\packages\lebanese-administrative-authority\authority\sources\arabic\national-village-manifest-clean.csv","","source-reported","accepted","","25333","true","[object Object]"
"LB-LOC-25339","LB","LB-GOV-C98952C33ACF","LB-DIST-668F902C9D9E","","","25339","حريصا","Harissa Kesrouane","","populated-place","33.98119333","35.65008066","national-manifest","C:\xampp\htdocs\projectx\watanybot\packages\lebanese-administrative-authority\authority\sources\arabic\national-village-manifest-clean.csv","","source-reported","accepted","","25339","true","[object Object]"
"LB-LOC-25349","LB","LB-GOV-C98952C33ACF","LB-DIST-668F902C9D9E","","","25349","حياطة","Hayata","","populated-place","34.02437326","35.72237714","national-manifest","C:\xampp\htdocs\projectx\watanybot\packages\lebanese-administrative-authority\authority\sources\arabic\national-village-manifest-clean.csv","","source-reported","accepted","","25349","true","[object Object]"
"LB-LOC-25471","LB","LB-GOV-C98952C33ACF","LB-DIST-668F902C9D9E","","","25471","حراجل","Hrajel","","populated-place","34.02880504","35.80651327","national-manifest","C:\xampp\htdocs\projectx\watanybot\packages\lebanese-administrative-authority\authority\sources\arabic\national-village-manifest-clean.csv","","source-reported","accepted","","25471","true","[object Object]"
"LB-LOC-25345","LB","LB-GOV-C98952C33ACF","LB-DIST-668F902C9D9E","","","25345","حصين","Hsayn","","populated-place","34.0507369","35.70952979","national-manifest","C:\xampp\htdocs\projectx\watanybot\packages\lebanese-administrative-authority\authority\sources\arabic\national-village-manifest-clean.csv","","source-reported","accepted","","25345","true","[object Object]"
"LB-LOC-25391","LB","LB-GOV-C98952C33ACF","LB-DIST-668F902C9D9E","","","25391","إغبة","Ighbeh","","populated-place","34.01360772","35.71021574","national-manifest","C:\xampp\htdocs\projectx\watanybot\packages\lebanese-administrative-authority\authority\sources\arabic\national-village-manifest-clean.csv","","source-reported","accepted","","25391","true","[object Object]"
"LB-LOC-25261","LB","LB-GOV-C98952C33ACF","LB-DIST-668F902C9D9E","","","25261","جعيتا","Jaaita","","populated-place","33.94911668","35.64249188","national-manifest","C:\xampp\htdocs\projectx\watanybot\packages\lebanese-administrative-authority\authority\sources\arabic\national-village-manifest-clean.csv","","source-reported","accepted","","25261","true","[object Object]"
"LB-LOC-25317","LB","LB-GOV-C98952C33ACF","LB-DIST-668F902C9D9E","","","25317","جديدة غزير","Jdaidet Ghazir","","populated-place","34.01887484","35.68979323","national-manifest","C:\xampp\htdocs\projectx\watanybot\packages\lebanese-administrative-authority\authority\sources\arabic\national-village-manifest-clean.csv","","source-reported","accepted","","25317","true","[object Object]"
"LB-LOC-25121","LB","LB-GOV-C98952C33ACF","LB-DIST-668F902C9D9E","","","25121","جونيه","Jounie Ghadir","","populated-place","33.97557205","35.6355718","national-manifest","C:\xampp\htdocs\projectx\watanybot\packages\lebanese-administrative-authority\authority\sources\arabic\national-village-manifest-clean.csv","","source-reported","accepted","","25121","true","[object Object]"
"LB-LOC-25131","LB","LB-GOV-C98952C33ACF","LB-DIST-668F902C9D9E","","","25131","حارة صخر","Jounie Haret Sakhr","","populated-place","33.9904776","35.64291504","national-manifest","C:\xampp\htdocs\projectx\watanybot\packages\lebanese-administrative-authority\authority\sources\arabic\national-village-manifest-clean.csv","","source-reported","accepted","","25131","true","[object Object]"
"LB-LOC-25111","LB","LB-GOV-C98952C33ACF","LB-DIST-668F902C9D9E","","","25111","صربا","Jounieh Sarba","","populated-place","33.98037791","35.62061026","national-manifest","C:\xampp\htdocs\projectx\watanybot\packages\lebanese-administrative-authority\authority\sources\arabic\national-village-manifest-clean.csv","","source-reported","accepted","","25111","true","[object Object]"
"LB-LOC-25365","LB","LB-GOV-C98952C33ACF","LB-DIST-668F902C9D9E","","","25365","جورة بدران","Jouret Bedrane","","populated-place","34.06461776","35.71748837","national-manifest","C:\xampp\htdocs\projectx\watanybot\packages\lebanese-administrative-authority\authority\sources\arabic\national-village-manifest-clean.csv","","source-reported","accepted","","25365","true","[object Object]"
"LB-LOC-25355","LB","LB-GOV-C98952C33ACF","LB-DIST-668F902C9D9E","","","25355","جورة الترمس","Jouret E-Tourmos","","populated-place","34.04646215","35.7195876","national-manifest","C:\xampp\htdocs\projectx\watanybot\packages\lebanese-administrative-authority\authority\sources\arabic\national-village-manifest-clean.csv","","source-reported","accepted","","25355","true","[object Object]"
"LB-LOC-25359","LB","LB-GOV-C98952C33ACF","LB-DIST-668F902C9D9E","","","25359","جورة مهاد","Jouret Mhad","","populated-place","34.0362434","35.7380884","national-manifest","C:\xampp\htdocs\projectx\watanybot\packages\lebanese-administrative-authority\authority\sources\arabic\national-village-manifest-clean.csv","","source-reported","accepted","","25359","true","[object Object]"
"LB-LOC-25439","LB","LB-GOV-C98952C33ACF","LB-DIST-668F902C9D9E","","","25439","كفر دبيان","Kfar Dibiane","","populated-place","33.98311158","35.78252765","national-manifest","C:\xampp\htdocs\projectx\watanybot\packages\lebanese-administrative-authority\authority\sources\arabic\national-village-manifest-clean.csv","","source-reported","accepted","","25439","true","[object Object]"
"LB-LOC-25447","LB","LB-GOV-C98952C33ACF","LB-DIST-668F902C9D9E","","","25447","دير زرعيا","Kfar Tay Kesrouane","","populated-place","33.96248976","35.74696417","national-manifest","C:\xampp\htdocs\projectx\watanybot\packages\lebanese-administrative-authority\authority\sources\arabic\national-village-manifest-clean.csv","","source-reported","accepted","","25447","true","[object Object]"
"LB-LOC-25146","LB","LB-GOV-C98952C33ACF","LB-DIST-668F902C9D9E","","","25146","كفر ياسين","Kfar Yassine","","populated-place","34.02135968","35.63453465","national-manifest","C:\xampp\htdocs\projectx\watanybot\packages\lebanese-administrative-authority\authority\sources\arabic\national-village-manifest-clean.csv","","source-reported","accepted","","25146","true","[object Object]"
"LB-LOC-25329","LB","LB-GOV-C98952C33ACF","LB-DIST-668F902C9D9E","","","25329","الكفور","Kfour Kesrouane","","populated-place","34.03386094","35.69057099","national-manifest","C:\xampp\htdocs\projectx\watanybot\packages\lebanese-administrative-authority\authority\sources\arabic\national-village-manifest-clean.csv","","source-reported","accepted","","25329","true","[object Object]"
"LB-LOC-25181","LB","LB-GOV-C98952C33ACF","LB-DIST-668F902C9D9E","","","25181","زاير","Kharayeb Nahr Ibrahim","","populated-place","34.06901088","35.65786553","national-manifest","C:\xampp\htdocs\projectx\watanybot\packages\lebanese-administrative-authority\authority\sources\arabic\national-village-manifest-clean.csv","","source-reported","accepted","","25181","true","[object Object]"
"LB-LOC-25321","LB","LB-GOV-C98952C33ACF","LB-DIST-668F902C9D9E","","","25321","معراب","Maarab","","populated-place","33.99934225","35.68416719","national-manifest","C:\xampp\htdocs\projectx\watanybot\packages\lebanese-administrative-authority\authority\sources\arabic\national-village-manifest-clean.csv","","source-reported","accepted","","25321","true","[object Object]"
"LB-LOC-25357","LB","LB-GOV-C98952C33ACF","LB-DIST-668F902C9D9E","","","25357","المعيصرة","Maaysra Kesrouane","","populated-place","34.06903673","35.67418865","national-manifest","C:\xampp\htdocs\projectx\watanybot\packages\lebanese-administrative-authority\authority\sources\arabic\national-village-manifest-clean.csv","","source-reported","accepted","","25357","true","[object Object]"
"LB-LOC-25459","LB","LB-GOV-C98952C33ACF","LB-DIST-668F902C9D9E","","","25459","ميروبا","Mayrouba","","populated-place","34.03000219","35.77828933","national-manifest","C:\xampp\htdocs\projectx\watanybot\packages\lebanese-administrative-authority\authority\sources\arabic\national-village-manifest-clean.csv","","source-reported","accepted","","25459","true","[object Object]"
"LB-LOC-25281","LB","LB-GOV-C98952C33ACF","LB-DIST-668F902C9D9E","","","25281","مزرعة الراس","Mazraat Er-Ras","","populated-place","33.95315005","35.63290272","national-manifest","C:\xampp\htdocs\projectx\watanybot\packages\lebanese-administrative-authority\authority\sources\arabic\national-village-manifest-clean.csv","","source-reported","accepted","","25281","true","[object Object]"
"LB-LOC-25419","LB","LB-GOV-C98952C33ACF","LB-DIST-668F902C9D9E","","","25419","مراح المير","Mazraat Mrah El-Mir","","populated-place","33.96293396","35.70116124","national-manifest","C:\xampp\htdocs\projectx\watanybot\packages\lebanese-administrative-authority\authority\sources\arabic\national-village-manifest-clean.csv","","source-reported","accepted","","25419","true","[object Object]"
"LB-LOC-25488","LB","LB-GOV-C98952C33ACF","LB-DIST-668F902C9D9E","","","25488","مشاع الفتوح","Mchaa El Ftouh","","populated-place","34.03860791","35.93273733","national-manifest","C:\xampp\htdocs\projectx\watanybot\packages\lebanese-administrative-authority\authority\sources\arabic\national-village-manifest-clean.csv","","source-reported","accepted","","25488","true","[object Object]"
"LB-LOC-25485","LB","LB-GOV-C98952C33ACF","LB-DIST-668F902C9D9E","","","25485","مشاع فاريا","Mchaa Faraya","","populated-place","34.03677431","35.85843472","national-manifest","C:\xampp\htdocs\projectx\watanybot\packages\lebanese-administrative-authority\authority\sources\arabic\national-village-manifest-clean.csv","","source-reported","accepted","","25485","true","[object Object]"
"LB-LOC-25482","LB","LB-GOV-C98952C33ACF","LB-DIST-668F902C9D9E","","","25482","مشاع كفر ذبيان","Mchaa Kfar Dibiane","","populated-place","33.97991815","35.85995783","national-manifest","C:\xampp\htdocs\projectx\watanybot\packages\lebanese-administrative-authority\authority\sources\arabic\national-village-manifest-clean.csv","","source-reported","accepted","","25482","true","[object Object]"
"LB-LOC-25467","LB","LB-GOV-C98952C33ACF","LB-DIST-668F902C9D9E","","","25467","المغاير","Mghayer","","populated-place","34.03893172","35.77076821","national-manifest","C:\xampp\htdocs\projectx\watanybot\packages\lebanese-administrative-authority\authority\sources\arabic\national-village-manifest-clean.csv","","source-reported","accepted","","25467","true","[object Object]"
"LB-LOC-25367","LB","LB-GOV-C98952C33ACF","LB-DIST-668F902C9D9E","","","25367","مرادية","Mradiyeh","","populated-place","34.07229507","35.70950194","national-manifest","C:\xampp\htdocs\projectx\watanybot\packages\lebanese-administrative-authority\authority\sources\arabic\national-village-manifest-clean.csv","","source-reported","accepted","","25367","true","[object Object]"
"LB-LOC-25371","LB","LB-GOV-C98952C33ACF","LB-DIST-668F902C9D9E","","","25371","نهر الدهب","Nahr Ed-Dahab","","populated-place","34.05497546","35.7563216","national-manifest","C:\xampp\htdocs\projectx\watanybot\packages\lebanese-administrative-authority\authority\sources\arabic\national-village-manifest-clean.csv","","source-reported","accepted","","25371","true","[object Object]"
"LB-LOC-25341","LB","LB-GOV-C98952C33ACF","LB-DIST-668F902C9D9E","","","25341","نمورة","Nammoura Kesrouane","","populated-place","34.05237052","35.67063024","national-manifest","C:\xampp\htdocs\projectx\watanybot\packages\lebanese-administrative-authority\authority\sources\arabic\national-village-manifest-clean.csv","","source-reported","accepted","","25341","true","[object Object]"
"LB-LOC-25455","LB","LB-GOV-C98952C33ACF","LB-DIST-668F902C9D9E","","","25455","وطى الجوز","Ouata El-Jaouz","","populated-place","34.02830081","35.75271544","national-manifest","C:\xampp\htdocs\projectx\watanybot\packages\lebanese-administrative-authority\authority\sources\arabic\national-village-manifest-clean.csv","","source-reported","accepted","","25455","true","[object Object]"
"LB-LOC-25141","LB","LB-GOV-C98952C33ACF","LB-DIST-668F902C9D9E","","","25141","وطى سلام","Ouata Sillam","","populated-place","34.02253144","35.62652071","national-manifest","C:\xampp\htdocs\projectx\watanybot\packages\lebanese-administrative-authority\authority\sources\arabic\national-village-manifest-clean.csv","","source-reported","accepted","","25141","true","[object Object]"
"LB-LOC-25415","LB","LB-GOV-C98952C33ACF","LB-DIST-668F902C9D9E","","","25415","قليعات كسروان","Qleiaat Kesrouane","","populated-place","33.96679623","35.71562466","national-manifest","C:\xampp\htdocs\projectx\watanybot\packages\lebanese-administrative-authority\authority\sources\arabic\national-village-manifest-clean.csv","","source-reported","accepted","","25415","true","[object Object]"
"LB-LOC-25435","LB","LB-GOV-C98952C33ACF","LB-DIST-668F902C9D9E","","","25435","رعشين","Raachine","","populated-place","34.01438164","35.73008744","national-manifest","C:\xampp\htdocs\projectx\watanybot\packages\lebanese-administrative-authority\authority\sources\arabic\national-village-manifest-clean.csv","","source-reported","accepted","","25435","true","[object Object]"
"LB-LOC-25411","LB","LB-GOV-C98952C33ACF","LB-DIST-668F902C9D9E","","","25411","ريفون","Rayfoun","","populated-place","33.97786945","35.70100938","national-manifest","C:\xampp\htdocs\projectx\watanybot\packages\lebanese-administrative-authority\authority\sources\arabic\national-village-manifest-clean.csv","","source-reported","accepted","","25411","true","[object Object]"
"LB-LOC-25161","LB","LB-GOV-C98952C33ACF","LB-DIST-668F902C9D9E","","","25161","صفرا كسروان","Safra Kesrouane","","populated-place","34.03601218","35.63905887","national-manifest","C:\xampp\htdocs\projectx\watanybot\packages\lebanese-administrative-authority\authority\sources\arabic\national-village-manifest-clean.csv","","source-reported","accepted","","25161","true","[object Object]"
"LB-LOC-25136","LB","LB-GOV-C98952C33ACF","LB-DIST-668F902C9D9E","","","25136","ساحل علما","Sahel Aalma","","populated-place","33.99307122","35.65419645","national-manifest","C:\xampp\htdocs\projectx\watanybot\packages\lebanese-administrative-authority\authority\sources\arabic\national-village-manifest-clean.csv","","source-reported","accepted","","25136","true","[object Object]"
"LB-LOC-25231","LB","LB-GOV-C98952C33ACF","LB-DIST-668F902C9D9E","","","25231","سهيلة","Shayleh Kesrouane","","populated-place","33.96105668","35.65949304","national-manifest","C:\xampp\htdocs\projectx\watanybot\packages\lebanese-administrative-authority\authority\sources\arabic\national-village-manifest-clean.csv","","source-reported","accepted","","25231","true","[object Object]"
"LB-LOC-25151","LB","LB-GOV-C98952C33ACF","LB-DIST-668F902C9D9E","","","25151","طبرجا","Tabarja","","populated-place","34.03017144","35.63435062","national-manifest","C:\xampp\htdocs\projectx\watanybot\packages\lebanese-administrative-authority\authority\sources\arabic\national-village-manifest-clean.csv","","source-reported","accepted","","25151","true","[object Object]"
"LB-LOC-25373","LB","LB-GOV-C98952C33ACF","LB-DIST-668F902C9D9E","","","25373","يحشوش","Yahchouch","","populated-place","34.06860641","35.73988414","national-manifest","C:\xampp\htdocs\projectx\watanybot\packages\lebanese-administrative-authority\authority\sources\arabic\national-village-manifest-clean.csv","","source-reported","accepted","","25373","true","[object Object]"
"LB-LOC-25353","LB","LB-GOV-C98952C33ACF","LB-DIST-668F902C9D9E","","","25353","زعيتره","Zaaitreh","","populated-place","34.07022789","35.69791102","national-manifest","C:\xampp\htdocs\projectx\watanybot\packages\lebanese-administrative-authority\authority\sources\arabic\national-village-manifest-clean.csv","","source-reported","accepted","","25353","true","[object Object]"
"LB-LOC-25375","LB","LB-GOV-C98952C33ACF","LB-DIST-668F902C9D9E","","","25375","زيتون","Zaitoun","","populated-place","34.06167582","35.68550719","national-manifest","C:\xampp\htdocs\projectx\watanybot\packages\lebanese-administrative-authority\authority\sources\arabic\national-village-manifest-clean.csv","","source-reported","accepted","","25375","true","[object Object]"
"LB-LOC-25116","LB","LB-GOV-C98952C33ACF","LB-DIST-668F902C9D9E","","","25116","ذوق مكايل","Zouk Mkayel","","populated-place","33.97013061","35.61472449","national-manifest","C:\xampp\htdocs\projectx\watanybot\packages\lebanese-administrative-authority\authority\sources\arabic\national-village-manifest-clean.csv","","source-reported","accepted","","25116","true","[object Object]"
"LB-LOC-25126","LB","LB-GOV-C98952C33ACF","LB-DIST-668F902C9D9E","","","25126","ذوق مصبح","Zouk Mousbeh","","populated-place","33.95676999","35.61207808","national-manifest","C:\xampp\htdocs\projectx\watanybot\packages\lebanese-administrative-authority\authority\sources\arabic\national-village-manifest-clean.csv","","source-reported","accepted","","25126","true","[object Object]"
"LB-LOC-36121","LB","LB-GOV-43F853BBB592","LB-DIST-50A9A788E748","","","36121","عبدين بشري","Aabdine","","populated-place","34.27685512","35.88752989","national-manifest","C:\xampp\htdocs\projectx\watanybot\packages\lebanese-administrative-authority\authority\sources\arabic\national-village-manifest-clean.csv","","source-reported","accepted","","36121","true","[object Object]"
"LB-LOC-36147","LB","LB-GOV-43F853BBB592","LB-DIST-50A9A788E748","","","36147","بان","Bane","","populated-place","34.27231813","35.95985744","national-manifest","C:\xampp\htdocs\projectx\watanybot\packages\lebanese-administrative-authority\authority\sources\arabic\national-village-manifest-clean.csv","","source-reported","accepted","","36147","true","[object Object]"
"LB-LOC-36181","LB","LB-GOV-43F853BBB592","LB-DIST-50A9A788E748","","","36181","بزعون","Bazaaoun","","populated-place","34.23019866","35.99191044","national-manifest","C:\xampp\htdocs\projectx\watanybot\packages\lebanese-administrative-authority\authority\sources\arabic\national-village-manifest-clean.csv","","source-reported","accepted","","36181","true","[object Object]"
"LB-LOC-36111","LB","LB-GOV-43F853BBB592","LB-DIST-50A9A788E748","","","36111","بشري","Bcharreh","","populated-place","34.25827214","36.04710546","national-manifest","C:\xampp\htdocs\projectx\watanybot\packages\lebanese-administrative-authority\authority\sources\arabic\national-village-manifest-clean.csv","","source-reported","accepted","","36111","true","[object Object]"
"LB-LOC-36187","LB","LB-GOV-43F853BBB592","LB-DIST-50A9A788E748","","","36187","بيت منذر","Beit Menzer","","populated-place","34.26391693","35.91311755","national-manifest","C:\xampp\htdocs\projectx\watanybot\packages\lebanese-administrative-authority\authority\sources\arabic\national-village-manifest-clean.csv","","source-reported","accepted","","36187","true","[object Object]"
"LB-LOC-36137","LB","LB-GOV-43F853BBB592","LB-DIST-50A9A788E748","","","36137","برحليون","Berhalioun","","populated-place","34.26617073","35.87044511","national-manifest","C:\xampp\htdocs\projectx\watanybot\packages\lebanese-administrative-authority\authority\sources\arabic\national-village-manifest-clean.csv","","source-reported","accepted","","36137","true","[object Object]"
"LB-LOC-36117","LB","LB-GOV-43F853BBB592","LB-DIST-50A9A788E748","","","36117","بلا","Billa","","populated-place","34.26530633","35.89057728","national-manifest","C:\xampp\htdocs\projectx\watanybot\packages\lebanese-administrative-authority\authority\sources\arabic\national-village-manifest-clean.csv","","source-reported","accepted","","36117","true","[object Object]"
"LB-LOC-36151","LB","LB-GOV-43F853BBB592","LB-DIST-50A9A788E748","","","36151","بلوزا","Blaouza","","populated-place","34.26223841","35.95433371","national-manifest","C:\xampp\htdocs\projectx\watanybot\packages\lebanese-administrative-authority\authority\sources\arabic\national-village-manifest-clean.csv","","source-reported","accepted","","36151","true","[object Object]"
"LB-LOC-36191","LB","LB-GOV-43F853BBB592","LB-DIST-50A9A788E748","","","36191","بقاع كفرا","Bqaa Kafra","","populated-place","34.22624833","36.02027707","national-manifest","C:\xampp\htdocs\projectx\watanybot\packages\lebanese-administrative-authority\authority\sources\arabic\national-village-manifest-clean.csv","","source-reported","accepted","","36191","true","[object Object]"
"LB-LOC-36184","LB","LB-GOV-43F853BBB592","LB-DIST-50A9A788E748","","","36184","بقرقاشا","Bqerqacha","","populated-place","34.22831931","35.99965569","national-manifest","C:\xampp\htdocs\projectx\watanybot\packages\lebanese-administrative-authority\authority\sources\arabic\national-village-manifest-clean.csv","","source-reported","accepted","","36184","true","[object Object]"
"LB-LOC-36157","LB","LB-GOV-43F853BBB592","LB-DIST-50A9A788E748","","","36157","بريسات","Breissat","","populated-place","34.23862625","35.94225166","national-manifest","C:\xampp\htdocs\projectx\watanybot\packages\lebanese-administrative-authority\authority\sources\arabic\national-village-manifest-clean.csv","","source-reported","accepted","","36157","true","[object Object]"
"LB-LOC-36161","LB","LB-GOV-43F853BBB592","LB-DIST-50A9A788E748","","","36161","ديمان","Dimane","","populated-place","34.23683628","35.95393193","national-manifest","C:\xampp\htdocs\projectx\watanybot\packages\lebanese-administrative-authority\authority\sources\arabic\national-village-manifest-clean.csv","","source-reported","accepted","","36161","true","[object Object]"
"LB-LOC-36131","LB","LB-GOV-43F853BBB592","LB-DIST-50A9A788E748","","","36131","حدث الجبه","Hadath Ej-Jebbeh","","populated-place","34.23633604","35.92870988","national-manifest","C:\xampp\htdocs\projectx\watanybot\packages\lebanese-administrative-authority\authority\sources\arabic\national-village-manifest-clean.csv","","source-reported","accepted","","36131","true","[object Object]"
"LB-LOC-36177","LB","LB-GOV-43F853BBB592","LB-DIST-50A9A788E748","","","36177","حدشيت","Hadchit","","populated-place","34.25657232","35.97728495","national-manifest","C:\xampp\htdocs\projectx\watanybot\packages\lebanese-administrative-authority\authority\sources\arabic\national-village-manifest-clean.csv","","source-reported","accepted","","36177","true","[object Object]"
"LB-LOC-36171","LB","LB-GOV-43F853BBB592","LB-DIST-50A9A788E748","","","36171","حصرون","Hasroun","","populated-place","34.23054745","35.97379579","national-manifest","C:\xampp\htdocs\projectx\watanybot\packages\lebanese-administrative-authority\authority\sources\arabic\national-village-manifest-clean.csv","","source-reported","accepted","","36171","true","[object Object]"
"LB-LOC-36144","LB","LB-GOV-43F853BBB592","LB-DIST-50A9A788E748","","","36144","مزرعة عساف","Mazraat Aassaf","","populated-place","34.24780581","35.86971301","national-manifest","C:\xampp\htdocs\projectx\watanybot\packages\lebanese-administrative-authority\authority\sources\arabic\national-village-manifest-clean.csv","","source-reported","accepted","","36144","true","[object Object]"
"LB-LOC-36134","LB","LB-GOV-43F853BBB592","LB-DIST-50A9A788E748","","","36134","مزرعة بني صعب","Mazraat Bani Saab","","populated-place","34.24420791","35.88725732","national-manifest","C:\xampp\htdocs\projectx\watanybot\packages\lebanese-administrative-authority\authority\sources\arabic\national-village-manifest-clean.csv","","source-reported","accepted","","36134","true","[object Object]"
"LB-LOC-36110","LB","LB-GOV-43F853BBB592","LB-DIST-50A9A788E748","","","36110","مشاع الجبه","Mchaa Ej-Jibbé","","populated-place","34.19453253","36.01485458","national-manifest","C:\xampp\htdocs\projectx\watanybot\packages\lebanese-administrative-authority\authority\sources\arabic\national-village-manifest-clean.csv","","source-reported","accepted","","36110","true","[object Object]"
"LB-LOC-36164","LB","LB-GOV-43F853BBB592","LB-DIST-50A9A788E748","","","36164","متريت","Metrit","","populated-place","34.26380281","35.84151565","national-manifest","C:\xampp\htdocs\projectx\watanybot\packages\lebanese-administrative-authority\authority\sources\arabic\national-village-manifest-clean.csv","","source-reported","accepted","","36164","true","[object Object]"
"LB-LOC-36154","LB","LB-GOV-43F853BBB592","LB-DIST-50A9A788E748","","","36154","مغر الاحول","Moghr El-Ahoual","","populated-place","34.28905959","35.87762738","national-manifest","C:\xampp\htdocs\projectx\watanybot\packages\lebanese-administrative-authority\authority\sources\arabic\national-village-manifest-clean.csv","","source-reported","accepted","","36154","true","[object Object]"
"LB-LOC-36141","LB","LB-GOV-43F853BBB592","LB-DIST-50A9A788E748","","","36141","وادي قنوبين","Ouadi Qannoubine","","populated-place","34.26278111","35.93833822","national-manifest","C:\xampp\htdocs\projectx\watanybot\packages\lebanese-administrative-authority\authority\sources\arabic\national-village-manifest-clean.csv","","source-reported","accepted","","36141","true","[object Object]"
"LB-LOC-36127","LB","LB-GOV-43F853BBB592","LB-DIST-50A9A788E748","","","36127","قناة","Qnat","","populated-place","34.24424097","35.90871975","national-manifest","C:\xampp\htdocs\projectx\watanybot\packages\lebanese-administrative-authority\authority\sources\arabic\national-village-manifest-clean.csv","","source-reported","accepted","","36127","true","[object Object]"
"LB-LOC-36114","LB","LB-GOV-43F853BBB592","LB-DIST-50A9A788E748","","","36114","قنيور","Qnayouer","","populated-place","34.26672845","35.92407935","national-manifest","C:\xampp\htdocs\projectx\watanybot\packages\lebanese-administrative-authority\authority\sources\arabic\national-village-manifest-clean.csv","","source-reported","accepted","","36114","true","[object Object]"
"LB-LOC-36124","LB","LB-GOV-43F853BBB592","LB-DIST-50A9A788E748","","","36124","طورزا","Tourza","","populated-place","34.27468275","35.90353256","national-manifest","C:\xampp\htdocs\projectx\watanybot\packages\lebanese-administrative-authority\authority\sources\arabic\national-village-manifest-clean.csv","","source-reported","accepted","","36124","true","[object Object]"
"LB-LOC-34217","LB","LB-GOV-43F853BBB592","LB-DIST-6A700DB60E42","","","34217","عبدللي","AAbdelli","","populated-place","34.2073386","35.71703065","national-manifest","C:\xampp\htdocs\projectx\watanybot\packages\lebanese-administrative-authority\authority\sources\arabic\national-village-manifest-clean.csv","","source-reported","accepted","","34217","true","[object Object]"
"LB-LOC-34269","LB","LB-GOV-43F853BBB592","LB-DIST-6A700DB60E42","","","34269","عبرين","Aabrine","","populated-place","34.26086239","35.70205534","national-manifest","C:\xampp\htdocs\projectx\watanybot\packages\lebanese-administrative-authority\authority\sources\arabic\national-village-manifest-clean.csv","","source-reported","accepted","","34269","true","[object Object]"
"LB-LOC-34237","LB","LB-GOV-43F853BBB592","LB-DIST-6A700DB60E42","","","34237","علالي","Aalali","","populated-place","34.20797106","35.7845681","national-manifest","C:\xampp\htdocs\projectx\watanybot\packages\lebanese-administrative-authority\authority\sources\arabic\national-village-manifest-clean.csv","","source-reported","accepted","","34237","true","[object Object]"
"LB-LOC-34251","LB","LB-GOV-43F853BBB592","LB-DIST-6A700DB60E42","","","34251","عرطز","Aartiz","","populated-place","34.23472356","35.7510409","national-manifest","C:\xampp\htdocs\projectx\watanybot\packages\lebanese-administrative-authority\authority\sources\arabic\national-village-manifest-clean.csv","","source-reported","accepted","","34251","true","[object Object]"
"LB-LOC-34263","LB","LB-GOV-43F853BBB592","LB-DIST-6A700DB60E42","","","34263","اسيا","Assia","","populated-place","34.21902559","35.78111613","national-manifest","C:\xampp\htdocs\projectx\watanybot\packages\lebanese-administrative-authority\authority\sources\arabic\national-village-manifest-clean.csv","","source-reported","accepted","","34263","true","[object Object]"
"LB-LOC-34249","LB","LB-GOV-43F853BBB592","LB-DIST-6A700DB60E42","","","34249","بسبينا","Basbina","","populated-place","34.23647448","35.7080765","national-manifest","C:\xampp\htdocs\projectx\watanybot\packages\lebanese-administrative-authority\authority\sources\arabic\national-village-manifest-clean.csv","","source-reported","accepted","","34249","true","[object Object]"
"LB-LOC-34111","LB","LB-GOV-43F853BBB592","LB-DIST-6A700DB60E42","","","34111","بترون","Batroun","","populated-place","34.25745786","35.66766029","national-manifest","C:\xampp\htdocs\projectx\watanybot\packages\lebanese-administrative-authority\authority\sources\arabic\national-village-manifest-clean.csv","","source-reported","accepted","","34111","true","[object Object]"
"LB-LOC-34316","LB","LB-GOV-43F853BBB592","LB-DIST-6A700DB60E42","","","34316","بشعلة","Bcheaali","","populated-place","34.20234643","35.82039764","national-manifest","C:\xampp\htdocs\projectx\watanybot\packages\lebanese-administrative-authority\authority\sources\arabic\national-village-manifest-clean.csv","","source-reported","accepted","","34316","true","[object Object]"
"LB-LOC-34331","LB","LB-GOV-43F853BBB592","LB-DIST-6A700DB60E42","","","34331","بشتودار","Bechtoudar","","populated-place","34.22752272","35.81425723","national-manifest","C:\xampp\htdocs\projectx\watanybot\packages\lebanese-administrative-authority\authority\sources\arabic\national-village-manifest-clean.csv","","source-reported","accepted","","34331","true","[object Object]"
"LB-LOC-34321","LB","LB-GOV-43F853BBB592","LB-DIST-6A700DB60E42","","","34321","بيت شلالا","Beit Chlala","","populated-place","34.22460328","35.83380278","national-manifest","C:\xampp\htdocs\projectx\watanybot\packages\lebanese-administrative-authority\authority\sources\arabic\national-village-manifest-clean.csv","","source-reported","accepted","","34321","true","[object Object]"
"LB-LOC-34371","LB","LB-GOV-43F853BBB592","LB-DIST-6A700DB60E42","","","34371","بيت كسّاب","Beit Kassab","","populated-place","34.24668666","35.84720397","national-manifest","C:\xampp\htdocs\projectx\watanybot\packages\lebanese-administrative-authority\authority\sources\arabic\national-village-manifest-clean.csv","","source-reported","accepted","","34371","true","[object Object]"
"LB-LOC-34264","LB","LB-GOV-43F853BBB592","LB-DIST-6A700DB60E42","","","34264","بجدرفل","Bijdarfil","","populated-place","34.24789222","35.71561368","national-manifest","C:\xampp\htdocs\projectx\watanybot\packages\lebanese-administrative-authority\authority\sources\arabic\national-village-manifest-clean.csv","","source-reported","accepted","","34264","true","[object Object]"
"LB-LOC-34277","LB","LB-GOV-43F853BBB592","LB-DIST-6A700DB60E42","","","34277","بقسميا","Boqsmaiya","","populated-place","34.25433032","35.7658167","national-manifest","C:\xampp\htdocs\projectx\watanybot\packages\lebanese-administrative-authority\authority\sources\arabic\national-village-manifest-clean.csv","","source-reported","accepted","","34277","true","[object Object]"
"LB-LOC-34366","LB","LB-GOV-43F853BBB592","LB-DIST-6A700DB60E42","","","34366","شاتين","Chatine","","populated-place","34.17738231","35.87377614","national-manifest","C:\xampp\htdocs\projectx\watanybot\packages\lebanese-administrative-authority\authority\sources\arabic\national-village-manifest-clean.csv","","source-reported","accepted","","34366","true","[object Object]"
"LB-LOC-34221","LB","LB-GOV-43F853BBB592","LB-DIST-6A700DB60E42","","","34221","شبطين","Chibtine","","populated-place","34.21179821","35.75107115","national-manifest","C:\xampp\htdocs\projectx\watanybot\packages\lebanese-administrative-authority\authority\sources\arabic\national-village-manifest-clean.csv","","source-reported","accepted","","34221","true","[object Object]"
"LB-LOC-34188","LB","LB-GOV-43F853BBB592","LB-DIST-6A700DB60E42","","","34188","شكَا","Chikka","","populated-place","34.32406786","35.74205896","national-manifest","C:\xampp\htdocs\projectx\watanybot\packages\lebanese-administrative-authority\authority\sources\arabic\national-village-manifest-clean.csv","","source-reported","accepted","","34188","true","[object Object]"
"LB-LOC-34279","LB","LB-GOV-43F853BBB592","LB-DIST-6A700DB60E42","","","34279","داعل","Daael","","populated-place","34.24111109","35.79714215","national-manifest","C:\xampp\htdocs\projectx\watanybot\packages\lebanese-administrative-authority\authority\sources\arabic\national-village-manifest-clean.csv","","source-reported","accepted","","34279","true","[object Object]"
"LB-LOC-34211","LB","LB-GOV-43F853BBB592","LB-DIST-6A700DB60E42","","","34211","ضهر ابي ياغي","Dahr Abi Yaghi","","populated-place","34.18877271","35.72963853","national-manifest","C:\xampp\htdocs\projectx\watanybot\packages\lebanese-administrative-authority\authority\sources\arabic\national-village-manifest-clean.csv","","source-reported","accepted","","34211","true","[object Object]"
"LB-LOC-34215","LB","LB-GOV-43F853BBB592","LB-DIST-6A700DB60E42","","","34215","دريا","Daraya El-Batroun","","populated-place","34.21341926","35.7310247","national-manifest","C:\xampp\htdocs\projectx\watanybot\packages\lebanese-administrative-authority\authority\sources\arabic\national-village-manifest-clean.csv","","source-reported","accepted","","34215","true","[object Object]"
"LB-LOC-34374","LB","LB-GOV-43F853BBB592","LB-DIST-6A700DB60E42","","","34374","ديربلا","Deir Billa","","populated-place","34.25310112","35.82220416","national-manifest","C:\xampp\htdocs\projectx\watanybot\packages\lebanese-administrative-authority\authority\sources\arabic\national-village-manifest-clean.csv","","source-reported","accepted","","34374","true","[object Object]"
"LB-LOC-34223","LB","LB-GOV-43F853BBB592","LB-DIST-6A700DB60E42","","","34223","دير كفيفان","Deir Kfifane","","populated-place","34.22551144","35.72888365","national-manifest","C:\xampp\htdocs\projectx\watanybot\packages\lebanese-administrative-authority\authority\sources\arabic\national-village-manifest-clean.csv","","source-reported","accepted","","34223","true","[object Object]"
"LB-LOC-34326","LB","LB-GOV-43F853BBB592","LB-DIST-6A700DB60E42","","","34326","دير مار يوحنا دوما","Deir Mar Youhanna EL-Batroun","","populated-place","34.21888392","35.83375205","national-manifest","C:\xampp\htdocs\projectx\watanybot\packages\lebanese-administrative-authority\authority\sources\arabic\national-village-manifest-clean.csv","","source-reported","accepted","","34326","true","[object Object]"
"LB-LOC-34227","LB","LB-GOV-43F853BBB592","LB-DIST-6A700DB60E42","","","34227","دير مار يوسف جربتا","Deir Mar Youssef Jrabta","","populated-place","34.20920645","35.69733971","national-manifest","C:\xampp\htdocs\projectx\watanybot\packages\lebanese-administrative-authority\authority\sources\arabic\national-village-manifest-clean.csv","","source-reported","accepted","","34227","true","[object Object]"
"LB-LOC-34311","LB","LB-GOV-43F853BBB592","LB-DIST-6A700DB60E42","","","34311","دوما","Douma","","populated-place","34.19602695","35.85761262","national-manifest","C:\xampp\htdocs\projectx\watanybot\packages\lebanese-administrative-authority\authority\sources\arabic\national-village-manifest-clean.csv","","source-reported","accepted","","34311","true","[object Object]"
"LB-LOC-34218","LB","LB-GOV-43F853BBB592","LB-DIST-6A700DB60E42","","","34218","دوق","Douq","","populated-place","34.19739602","35.74760321","national-manifest","C:\xampp\htdocs\projectx\watanybot\packages\lebanese-administrative-authority\authority\sources\arabic\national-village-manifest-clean.csv","","source-reported","accepted","","34218","true","[object Object]"
"LB-LOC-34259","LB","LB-GOV-43F853BBB592","LB-DIST-6A700DB60E42","","","34259","إده البترون","Edde El-Batroun","","populated-place","34.23530226","35.68383896","national-manifest","C:\xampp\htdocs\projectx\watanybot\packages\lebanese-administrative-authority\authority\sources\arabic\national-village-manifest-clean.csv","","source-reported","accepted","","34259","true","[object Object]"
"LB-LOC-34244","LB","LB-GOV-43F853BBB592","LB-DIST-6A700DB60E42","","","34244","فتاحات","Ftahat El-Batroun","","populated-place","34.23150381","35.76165607","national-manifest","C:\xampp\htdocs\projectx\watanybot\packages\lebanese-administrative-authority\authority\sources\arabic\national-village-manifest-clean.csv","","source-reported","accepted","","34244","true","[object Object]"
"LB-LOC-34231","LB","LB-GOV-43F853BBB592","LB-DIST-6A700DB60E42","","","34231","غوما","Ghouma","","populated-place","34.21404436","35.69063792","national-manifest","C:\xampp\htdocs\projectx\watanybot\packages\lebanese-administrative-authority\authority\sources\arabic\national-village-manifest-clean.csv","","source-reported","accepted","","34231","true","[object Object]"
"LB-LOC-34351","LB","LB-GOV-43F853BBB592","LB-DIST-6A700DB60E42","","","34351","حدتون","Hadtoun","","populated-place","34.19554973","35.80208588","national-manifest","C:\xampp\htdocs\projectx\watanybot\packages\lebanese-administrative-authority\authority\sources\arabic\national-village-manifest-clean.csv","","source-reported","accepted","","34351","true","[object Object]"
"LB-LOC-34287","LB","LB-GOV-43F853BBB592","LB-DIST-6A700DB60E42","","","34287","حامات","Hamat","","populated-place","34.29345666","35.69072588","national-manifest","C:\xampp\htdocs\projectx\watanybot\packages\lebanese-administrative-authority\authority\sources\arabic\national-village-manifest-clean.csv","","source-reported","accepted","","34287","true","[object Object]"
"LB-LOC-34253","LB","LB-GOV-43F853BBB592","LB-DIST-6A700DB60E42","","","34253","حربونا","Harbouna","","populated-place","34.24107941","35.7451776","national-manifest","C:\xampp\htdocs\projectx\watanybot\packages\lebanese-administrative-authority\authority\sources\arabic\national-village-manifest-clean.csv","","source-reported","accepted","","34253","true","[object Object]"
"LB-LOC-34361","LB","LB-GOV-43F853BBB592","LB-DIST-6A700DB60E42","","","34361","حردين","Hardine","","populated-place","34.2387053","35.8563518","national-manifest","C:\xampp\htdocs\projectx\watanybot\packages\lebanese-administrative-authority\authority\sources\arabic\national-village-manifest-clean.csv","","source-reported","accepted","","34361","true","[object Object]"
"LB-LOC-34267","LB","LB-GOV-43F853BBB592","LB-DIST-6A700DB60E42","","","34267","حلتا","Helta","","populated-place","34.23864014","35.7826222","national-manifest","C:\xampp\htdocs\projectx\watanybot\packages\lebanese-administrative-authority\authority\sources\arabic\national-village-manifest-clean.csv","","source-reported","accepted","","34267","true","[object Object]"
"LB-LOC-34177","LB","LB-GOV-43F853BBB592","LB-DIST-6A700DB60E42","","","34177","هري","Heri","","populated-place","34.30900431","35.7184418","national-manifest","C:\xampp\htdocs\projectx\watanybot\packages\lebanese-administrative-authority\authority\sources\arabic\national-village-manifest-clean.csv","","source-reported","accepted","","34177","true","[object Object]"
"LB-LOC-34266","LB","LB-GOV-43F853BBB592","LB-DIST-6A700DB60E42","","","34266","اجدبرا","Ijdabra","","populated-place","34.24615989","35.69187482","national-manifest","C:\xampp\htdocs\projectx\watanybot\packages\lebanese-administrative-authority\authority\sources\arabic\national-village-manifest-clean.csv","","source-reported","accepted","","34266","true","[object Object]"
"LB-LOC-34274","LB","LB-GOV-43F853BBB592","LB-DIST-6A700DB60E42","","","34274","جبلا","Jebla","","populated-place","34.24634139","35.7814527","national-manifest","C:\xampp\htdocs\projectx\watanybot\packages\lebanese-administrative-authority\authority\sources\arabic\national-village-manifest-clean.csv","","source-reported","accepted","","34274","true","[object Object]"
"LB-LOC-34219","LB","LB-GOV-43F853BBB592","LB-DIST-6A700DB60E42","","","34219","جربتا","Jrabta El-Batroun","","populated-place","34.20128956","35.70673477","national-manifest","C:\xampp\htdocs\projectx\watanybot\packages\lebanese-administrative-authority\authority\sources\arabic\national-village-manifest-clean.csv","","source-reported","accepted","","34219","true","[object Object]"
"LB-LOC-34234","LB","LB-GOV-43F853BBB592","LB-DIST-6A700DB60E42","","","34234","جران","Jrane El-Batroun","","populated-place","34.22517911","35.70781306","national-manifest","C:\xampp\htdocs\projectx\watanybot\packages\lebanese-administrative-authority\authority\sources\arabic\national-village-manifest-clean.csv","","source-reported","accepted","","34234","true","[object Object]"
"LB-LOC-34144","LB","LB-GOV-43F853BBB592","LB-DIST-6A700DB60E42","","","34144","كفر عبيدا","Kfar Aabida","","populated-place","34.23090357","35.66536045","national-manifest","C:\xampp\htdocs\projectx\watanybot\packages\lebanese-administrative-authority\authority\sources\arabic\national-village-manifest-clean.csv","","source-reported","accepted","","34144","true","[object Object]"
"LB-LOC-34241","LB","LB-GOV-43F853BBB592","LB-DIST-6A700DB60E42","","","34241","كفرحتنا","Kfar Hatna","","populated-place","34.23124089","35.74624418","national-manifest","C:\xampp\htdocs\projectx\watanybot\packages\lebanese-administrative-authority\authority\sources\arabic\national-village-manifest-clean.csv","","source-reported","accepted","","34241","true","[object Object]"
"LB-LOC-34271","LB","LB-GOV-43F853BBB592","LB-DIST-6A700DB60E42","","","34271","كفرحي","Kfar Hay","","populated-place","34.25404076","35.74196703","national-manifest","C:\xampp\htdocs\projectx\watanybot\packages\lebanese-administrative-authority\authority\sources\arabic\national-village-manifest-clean.csv","","source-reported","accepted","","34271","true","[object Object]"
"LB-LOC-34336","LB","LB-GOV-43F853BBB592","LB-DIST-6A700DB60E42","","","34336","كفر حلدا","Kfar Hilda","","populated-place","34.23208444","35.83893273","national-manifest","C:\xampp\htdocs\projectx\watanybot\packages\lebanese-administrative-authority\authority\sources\arabic\national-village-manifest-clean.csv","","source-reported","accepted","","34336","true","[object Object]"
"LB-LOC-34281","LB","LB-GOV-43F853BBB592","LB-DIST-6A700DB60E42","","","34281","كفر خلص","Kfar Khollos","","populated-place","34.26407261","35.68212077","national-manifest","C:\xampp\htdocs\projectx\watanybot\packages\lebanese-administrative-authority\authority\sources\arabic\national-village-manifest-clean.csv","","source-reported","accepted","","34281","true","[object Object]"
"LB-LOC-34257","LB","LB-GOV-43F853BBB592","LB-DIST-6A700DB60E42","","","34257","كفر شليمان","Kfarb Shlaimane","","populated-place","34.23042446","35.77568116","national-manifest","C:\xampp\htdocs\projectx\watanybot\packages\lebanese-administrative-authority\authority\sources\arabic\national-village-manifest-clean.csv","","source-reported","accepted","","34257","true","[object Object]"
"LB-LOC-34233","LB","LB-GOV-43F853BBB592","LB-DIST-6A700DB60E42","","","34233","كفيفان","Kfifane","","populated-place","34.23310922","35.71906101","national-manifest","C:\xampp\htdocs\projectx\watanybot\packages\lebanese-administrative-authority\authority\sources\arabic\national-village-manifest-clean.csv","","source-reported","accepted","","34233","true","[object Object]"
"LB-LOC-34341","LB","LB-GOV-43F853BBB592","LB-DIST-6A700DB60E42","","","34341","كفور العربي","Kfour El-Aarbi","","populated-place","34.22188253","35.87152718","national-manifest","C:\xampp\htdocs\projectx\watanybot\packages\lebanese-administrative-authority\authority\sources\arabic\national-village-manifest-clean.csv","","source-reported","accepted","","34341","true","[object Object]"
"LB-LOC-34155","LB","LB-GOV-43F853BBB592","LB-DIST-6A700DB60E42","","","34155","كوبا","Koubba","","populated-place","34.27101074","35.66833479","national-manifest","C:\xampp\htdocs\projectx\watanybot\packages\lebanese-administrative-authority\authority\sources\arabic\national-village-manifest-clean.csv","","source-reported","accepted","","34155","true","[object Object]"
"LB-LOC-34246","LB","LB-GOV-43F853BBB592","LB-DIST-6A700DB60E42","","","34246","كور","Kour","","populated-place","34.23778396","35.73490907","national-manifest","C:\xampp\htdocs\projectx\watanybot\packages\lebanese-administrative-authority\authority\sources\arabic\national-village-manifest-clean.csv","","source-reported","accepted","","34246","true","[object Object]"
"LB-LOC-34226","LB","LB-GOV-43F853BBB592","LB-DIST-6A700DB60E42","","","34226","مار ماما","Mar Mama","","populated-place","34.18882069","35.75667727","national-manifest","C:\xampp\htdocs\projectx\watanybot\packages\lebanese-administrative-authority\authority\sources\arabic\national-village-manifest-clean.csv","","source-reported","accepted","","34226","true","[object Object]"
"LB-LOC-34214","LB","LB-GOV-43F853BBB592","LB-DIST-6A700DB60E42","","","34214","مسرح","Masrah","","populated-place","34.18756744","35.74254161","national-manifest","C:\xampp\htdocs\projectx\watanybot\packages\lebanese-administrative-authority\authority\sources\arabic\national-village-manifest-clean.csv","","source-reported","accepted","","34214","true","[object Object]"
"LB-LOC-34236","LB","LB-GOV-43F853BBB592","LB-DIST-6A700DB60E42","","","34236","محمرش","Mehmarch","","populated-place","34.19809893","35.7647197","national-manifest","C:\xampp\htdocs\projectx\watanybot\packages\lebanese-administrative-authority\authority\sources\arabic\national-village-manifest-clean.csv","","source-reported","accepted","","34236","true","[object Object]"
"LB-LOC-34256","LB","LB-GOV-43F853BBB592","LB-DIST-6A700DB60E42","","","34256","مراح شديد","Mrah Chdid","","populated-place","34.2263778","35.68603308","national-manifest","C:\xampp\htdocs\projectx\watanybot\packages\lebanese-administrative-authority\authority\sources\arabic\national-village-manifest-clean.csv","","source-reported","accepted","","34256","true","[object Object]"
"LB-LOC-34254","LB","LB-GOV-43F853BBB592","LB-DIST-6A700DB60E42","","","34254","مراح الحاج","Mrah El-Hajj","","populated-place","34.20964546","35.77807489","national-manifest","C:\xampp\htdocs\projectx\watanybot\packages\lebanese-administrative-authority\authority\sources\arabic\national-village-manifest-clean.csv","","source-reported","accepted","","34254","true","[object Object]"
"LB-LOC-34229","LB","LB-GOV-43F853BBB592","LB-DIST-6A700DB60E42","","","34229","مراح الزيات","Mrah Ez Ziyat","","populated-place","34.21808875","35.70403987","national-manifest","C:\xampp\htdocs\projectx\watanybot\packages\lebanese-administrative-authority\authority\sources\arabic\national-village-manifest-clean.csv","","source-reported","accepted","","34229","true","[object Object]"
"LB-LOC-34273","LB","LB-GOV-43F853BBB592","LB-DIST-6A700DB60E42","","","34273","نحلا البترون","Nahleh El-Batroun","","populated-place","34.21622376","35.80541048","national-manifest","C:\xampp\htdocs\projectx\watanybot\packages\lebanese-administrative-authority\authority\sources\arabic\national-village-manifest-clean.csv","","source-reported","accepted","","34273","true","[object Object]"
"LB-LOC-34376","LB","LB-GOV-43F853BBB592","LB-DIST-6A700DB60E42","","","34376","نيحا البترون","Niha El-Batroun","","populated-place","34.22894977","35.89173211","national-manifest","C:\xampp\htdocs\projectx\watanybot\packages\lebanese-administrative-authority\authority\sources\arabic\national-village-manifest-clean.csv","","source-reported","accepted","","34376","true","[object Object]"
"LB-LOC-34286","LB","LB-GOV-43F853BBB592","LB-DIST-6A700DB60E42","","","34286","وجه الحجر","Ouajh El-Hajjar","","populated-place","34.2823259","35.67569614","national-manifest","C:\xampp\htdocs\projectx\watanybot\packages\lebanese-administrative-authority\authority\sources\arabic\national-village-manifest-clean.csv","","source-reported","accepted","","34286","true","[object Object]"
"LB-LOC-34381","LB","LB-GOV-43F853BBB592","LB-DIST-6A700DB60E42","","","34381","وطى حوب","Ouata Houb","","populated-place","34.19609024","35.90243061","national-manifest","C:\xampp\htdocs\projectx\watanybot\packages\lebanese-administrative-authority\authority\sources\arabic\national-village-manifest-clean.csv","","source-reported","accepted","","34381","true","[object Object]"
"LB-LOC-34283","LB","LB-GOV-43F853BBB592","LB-DIST-6A700DB60E42","","","34283","قرنعون","Qatnaaoun","","populated-place","34.2721673","35.69250396","national-manifest","C:\xampp\htdocs\projectx\watanybot\packages\lebanese-administrative-authority\authority\sources\arabic\national-village-manifest-clean.csv","","source-reported","accepted","","34283","true","[object Object]"
"LB-LOC-34247","LB","LB-GOV-43F853BBB592","LB-DIST-6A700DB60E42","","","34247","راشا","Racha","","populated-place","34.20109831","35.78555174","national-manifest","C:\xampp\htdocs\projectx\watanybot\packages\lebanese-administrative-authority\authority\sources\arabic\national-village-manifest-clean.csv","","source-reported","accepted","","34247","true","[object Object]"
"LB-LOC-34122","LB","LB-GOV-43F853BBB592","LB-DIST-6A700DB60E42","","","34122","راشانا","Rachana","","populated-place","34.21552326","35.67181726","national-manifest","C:\xampp\htdocs\projectx\watanybot\packages\lebanese-administrative-authority\authority\sources\arabic\national-village-manifest-clean.csv","","source-reported","accepted","","34122","true","[object Object]"
"LB-LOC-34276","LB","LB-GOV-43F853BBB592","LB-DIST-6A700DB60E42","","","34276","راشكيدا","Rachkida","","populated-place","34.26744548","35.71772885","national-manifest","C:\xampp\htdocs\projectx\watanybot\packages\lebanese-administrative-authority\authority\sources\arabic\national-village-manifest-clean.csv","","source-reported","accepted","","34276","true","[object Object]"
"LB-LOC-34346","LB","LB-GOV-43F853BBB592","LB-DIST-6A700DB60E42","","","34346","الرام البترون","Ram El-Batroun","","populated-place","34.185878","35.79957124","national-manifest","C:\xampp\htdocs\projectx\watanybot\packages\lebanese-administrative-authority\authority\sources\arabic\national-village-manifest-clean.csv","","source-reported","accepted","","34346","true","[object Object]"
"LB-LOC-34284","LB","LB-GOV-43F853BBB592","LB-DIST-6A700DB60E42","","","34284","راس نحاش","Ras Nahhach","","populated-place","34.28474237","35.71418073","national-manifest","C:\xampp\htdocs\projectx\watanybot\packages\lebanese-administrative-authority\authority\sources\arabic\national-village-manifest-clean.csv","","source-reported","accepted","","34284","true","[object Object]"
"LB-LOC-34166","LB","LB-GOV-43F853BBB592","LB-DIST-6A700DB60E42","","","34166","سلعاتا","Selaata","","populated-place","34.28275759","35.66353779","national-manifest","C:\xampp\htdocs\projectx\watanybot\packages\lebanese-administrative-authority\authority\sources\arabic\national-village-manifest-clean.csv","","source-reported","accepted","","34166","true","[object Object]"
"LB-LOC-34224","LB","LB-GOV-43F853BBB592","LB-DIST-6A700DB60E42","","","34224","صغار","Sghar","","populated-place","34.20137854","35.69116811","national-manifest","C:\xampp\htdocs\projectx\watanybot\packages\lebanese-administrative-authority\authority\sources\arabic\national-village-manifest-clean.csv","","source-reported","accepted","","34224","true","[object Object]"
"LB-LOC-34239","LB","LB-GOV-43F853BBB592","LB-DIST-6A700DB60E42","","","34239","سمار جبيل","Smar Jbayl","","populated-place","34.22066847","35.68074122","national-manifest","C:\xampp\htdocs\projectx\watanybot\packages\lebanese-administrative-authority\authority\sources\arabic\national-village-manifest-clean.csv","","source-reported","accepted","","34239","true","[object Object]"
"LB-LOC-34261","LB","LB-GOV-43F853BBB592","LB-DIST-6A700DB60E42","","","34261","صورات","Sourat El-Batroun","","populated-place","34.24033111","35.75991188","national-manifest","C:\xampp\htdocs\projectx\watanybot\packages\lebanese-administrative-authority\authority\sources\arabic\national-village-manifest-clean.csv","","source-reported","accepted","","34261","true","[object Object]"
"LB-LOC-34386","LB","LB-GOV-43F853BBB592","LB-DIST-6A700DB60E42","","","34386","تنورين الفوقا","Tannourine El-Faouqa","","populated-place","34.1722735","35.94903003","national-manifest","C:\xampp\htdocs\projectx\watanybot\packages\lebanese-administrative-authority\authority\sources\arabic\national-village-manifest-clean.csv","","source-reported","accepted","","34386","true","[object Object]"
"LB-LOC-34356","LB","LB-GOV-43F853BBB592","LB-DIST-6A700DB60E42","","","34356","تنورين التحتا","Tannourine Et-Tahta","","populated-place","34.2050272","35.90905901","national-manifest","C:\xampp\htdocs\projectx\watanybot\packages\lebanese-administrative-authority\authority\sources\arabic\national-village-manifest-clean.csv","","source-reported","accepted","","34356","true","[object Object]"
"LB-LOC-34133","LB","LB-GOV-43F853BBB592","LB-DIST-6A700DB60E42","","","34133","تحوم","Thoum","","populated-place","34.21452443","35.65703682","national-manifest","C:\xampp\htdocs\projectx\watanybot\packages\lebanese-administrative-authority\authority\sources\arabic\national-village-manifest-clean.csv","","source-reported","accepted","","34133","true","[object Object]"
"LB-LOC-34212","LB","LB-GOV-43F853BBB592","LB-DIST-6A700DB60E42","","","34212","تولا","Toula El-Batroun","","populated-place","34.20095729","35.73127136","national-manifest","C:\xampp\htdocs\projectx\watanybot\packages\lebanese-administrative-authority\authority\sources\arabic\national-village-manifest-clean.csv","","source-reported","accepted","","34212","true","[object Object]"
"LB-LOC-34243","LB","LB-GOV-43F853BBB592","LB-DIST-6A700DB60E42","","","34243","زان","Zaneh","","populated-place","34.22408562","35.75542711","national-manifest","C:\xampp\htdocs\projectx\watanybot\packages\lebanese-administrative-authority\authority\sources\arabic\national-village-manifest-clean.csv","","source-reported","accepted","","34243","true","[object Object]"
"LB-LOC-32143","LB","LB-GOV-43F853BBB592","LB-DIST-BD3D8FEE18DD","","","32143","عبا الكورة","Aaba","","populated-place","34.34405389","35.83033241","national-manifest","C:\xampp\htdocs\projectx\watanybot\packages\lebanese-administrative-authority\authority\sources\arabic\national-village-manifest-clean.csv","","source-reported","accepted","","32143","true","[object Object]"
"LB-LOC-32127","LB","LB-GOV-43F853BBB592","LB-DIST-BD3D8FEE18DD","","","32127","عفصديق","Aafsdiq","","populated-place","34.33016801","35.78798588","national-manifest","C:\xampp\htdocs\projectx\watanybot\packages\lebanese-administrative-authority\authority\sources\arabic\national-village-manifest-clean.csv","","source-reported","accepted","","32127","true","[object Object]"
"LB-LOC-32135","LB","LB-GOV-43F853BBB592","LB-DIST-BD3D8FEE18DD","","","32135","عين عكرين","Ain Aakrine","","populated-place","34.28310558","35.84506915","national-manifest","C:\xampp\htdocs\projectx\watanybot\packages\lebanese-administrative-authority\authority\sources\arabic\national-village-manifest-clean.csv","","source-reported","accepted","","32135","true","[object Object]"
"LB-LOC-32111","LB","LB-GOV-43F853BBB592","LB-DIST-BD3D8FEE18DD","","","32111","اميون","Amioun","","populated-place","34.30014034","35.80169881","national-manifest","C:\xampp\htdocs\projectx\watanybot\packages\lebanese-administrative-authority\authority\sources\arabic\national-village-manifest-clean.csv","","source-reported","accepted","","32111","true","[object Object]"
"LB-LOC-32161","LB","LB-GOV-43F853BBB592","LB-DIST-BD3D8FEE18DD","","","32161","بدبهون","Badbhoun","","populated-place","34.33272938","35.76414025","national-manifest","C:\xampp\htdocs\projectx\watanybot\packages\lebanese-administrative-authority\authority\sources\arabic\national-village-manifest-clean.csv","","source-reported","accepted","","32161","true","[object Object]"
"LB-LOC-32163","LB","LB-GOV-43F853BBB592","LB-DIST-BD3D8FEE18DD","","","32163","برغون","Barghoun","","populated-place","34.34197381","35.7668947","national-manifest","C:\xampp\htdocs\projectx\watanybot\packages\lebanese-administrative-authority\authority\sources\arabic\national-village-manifest-clean.csv","","source-reported","accepted","","32163","true","[object Object]"
"LB-LOC-32187","LB","LB-GOV-43F853BBB592","LB-DIST-BD3D8FEE18DD","","","32187","برصا","Barsa","","populated-place","34.38641001","35.82972167","national-manifest","C:\xampp\htdocs\projectx\watanybot\packages\lebanese-administrative-authority\authority\sources\arabic\national-village-manifest-clean.csv","","source-reported","accepted","","32187","true","[object Object]"
"LB-LOC-32159","LB","LB-GOV-43F853BBB592","LB-DIST-BD3D8FEE18DD","","","32159","بترومين","Batroumine","","populated-place","34.36410971","35.80872415","national-manifest","C:\xampp\htdocs\projectx\watanybot\packages\lebanese-administrative-authority\authority\sources\arabic\national-village-manifest-clean.csv","","source-reported","accepted","","32159","true","[object Object]"
"LB-LOC-32145","LB","LB-GOV-43F853BBB592","LB-DIST-BD3D8FEE18DD","","","32145","بدبا","Bdebba","","populated-place","34.3480782","35.8188674","national-manifest","C:\xampp\htdocs\projectx\watanybot\packages\lebanese-administrative-authority\authority\sources\arabic\national-village-manifest-clean.csv","","source-reported","accepted","","32145","true","[object Object]"
"LB-LOC-32117","LB","LB-GOV-43F853BBB592","LB-DIST-BD3D8FEE18DD","","","32117","بشمزين","Bechmizzine","","populated-place","34.32101796","35.79682892","national-manifest","C:\xampp\htdocs\projectx\watanybot\packages\lebanese-administrative-authority\authority\sources\arabic\national-village-manifest-clean.csv","","source-reported","accepted","","32117","true","[object Object]"
"LB-LOC-32165","LB","LB-GOV-43F853BBB592","LB-DIST-BD3D8FEE18DD","","","32165","بدنايل الكورة","Bednayel El-Koura","","populated-place","34.2942513","35.73434144","national-manifest","C:\xampp\htdocs\projectx\watanybot\packages\lebanese-administrative-authority\authority\sources\arabic\national-village-manifest-clean.csv","","source-reported","accepted","","32165","true","[object Object]"
"LB-LOC-32133","LB","LB-GOV-43F853BBB592","LB-DIST-BD3D8FEE18DD","","","32133","بحبوش","Bhabbouch El-Koura","","populated-place","34.27728363","35.83590022","national-manifest","C:\xampp\htdocs\projectx\watanybot\packages\lebanese-administrative-authority\authority\sources\arabic\national-village-manifest-clean.csv","","source-reported","accepted","","32133","true","[object Object]"
"LB-LOC-32189","LB","LB-GOV-43F853BBB592","LB-DIST-BD3D8FEE18DD","","","32189","بكفتين","Bkeftine","","populated-place","34.38680546","35.8611264","national-manifest","C:\xampp\htdocs\projectx\watanybot\packages\lebanese-administrative-authority\authority\sources\arabic\national-village-manifest-clean.csv","","source-reported","accepted","","32189","true","[object Object]"
"LB-LOC-32141","LB","LB-GOV-43F853BBB592","LB-DIST-BD3D8FEE18DD","","","32141","بنهران","Bnehran","","populated-place","34.27305975","35.85426893","national-manifest","C:\xampp\htdocs\projectx\watanybot\packages\lebanese-administrative-authority\authority\sources\arabic\national-village-manifest-clean.csv","","source-reported","accepted","","32141","true","[object Object]"
"LB-LOC-32193","LB","LB-GOV-43F853BBB592","LB-DIST-BD3D8FEE18DD","","","32193","البقيعة","Bqaiaa El-Koura","","populated-place","34.37126193","35.8567569","national-manifest","C:\xampp\htdocs\projectx\watanybot\packages\lebanese-administrative-authority\authority\sources\arabic\national-village-manifest-clean.csv","","source-reported","accepted","","32193","true","[object Object]"
"LB-LOC-32125","LB","LB-GOV-43F853BBB592","LB-DIST-BD3D8FEE18DD","","","32125","بصرما","Bsarma","","populated-place","34.33765289","35.84520766","national-manifest","C:\xampp\htdocs\projectx\watanybot\packages\lebanese-administrative-authority\authority\sources\arabic\national-village-manifest-clean.csv","","source-reported","accepted","","32125","true","[object Object]"
"LB-LOC-32153","LB","LB-GOV-43F853BBB592","LB-DIST-BD3D8FEE18DD","","","32153","بتعبورة","Btaaboura","","populated-place","34.27572753","35.76105146","national-manifest","C:\xampp\htdocs\projectx\watanybot\packages\lebanese-administrative-authority\authority\sources\arabic\national-village-manifest-clean.csv","","source-reported","accepted","","32153","true","[object Object]"
"LB-LOC-32119","LB","LB-GOV-43F853BBB592","LB-DIST-BD3D8FEE18DD","","","32119","بطرام","Bterram","","populated-place","34.3355711","35.81457619","national-manifest","C:\xampp\htdocs\projectx\watanybot\packages\lebanese-administrative-authority\authority\sources\arabic\national-village-manifest-clean.csv","","source-reported","accepted","","32119","true","[object Object]"
"LB-LOC-32169","LB","LB-GOV-43F853BBB592","LB-DIST-BD3D8FEE18DD","","","32169","بتوراتيج","Btouratij","","populated-place","34.36051839","35.83774182","national-manifest","C:\xampp\htdocs\projectx\watanybot\packages\lebanese-administrative-authority\authority\sources\arabic\national-village-manifest-clean.csv","","source-reported","accepted","","32169","true","[object Object]"
"LB-LOC-32121","LB","LB-GOV-43F853BBB592","LB-DIST-BD3D8FEE18DD","","","32121","بزيزا","Bziza","","populated-place","34.27536569","35.81804027","national-manifest","C:\xampp\htdocs\projectx\watanybot\packages\lebanese-administrative-authority\authority\sources\arabic\national-village-manifest-clean.csv","","source-reported","accepted","","32121","true","[object Object]"
"LB-LOC-32131","LB","LB-GOV-43F853BBB592","LB-DIST-BD3D8FEE18DD","","","32131","دار بعشتار","Dar Baaechtar","","populated-place","34.27280982","35.79135511","national-manifest","C:\xampp\htdocs\projectx\watanybot\packages\lebanese-administrative-authority\authority\sources\arabic\national-village-manifest-clean.csv","","source-reported","accepted","","32131","true","[object Object]"
"LB-LOC-32129","LB","LB-GOV-43F853BBB592","LB-DIST-BD3D8FEE18DD","","","32129","دار شمزين","Dar Chmizzine","","populated-place","34.28484051","35.77765851","national-manifest","C:\xampp\htdocs\projectx\watanybot\packages\lebanese-administrative-authority\authority\sources\arabic\national-village-manifest-clean.csv","","source-reported","accepted","","32129","true","[object Object]"
"LB-LOC-32179","LB","LB-GOV-43F853BBB592","LB-DIST-BD3D8FEE18DD","","","32179","دده","Deddeh","","populated-place","34.3765504","35.79819076","national-manifest","C:\xampp\htdocs\projectx\watanybot\packages\lebanese-administrative-authority\authority\sources\arabic\national-village-manifest-clean.csv","","source-reported","accepted","","32179","true","[object Object]"
"LB-LOC-32173","LB","LB-GOV-43F853BBB592","LB-DIST-BD3D8FEE18DD","","","32173","دير البلمند","Deir El-Balamand","","populated-place","34.3660607","35.78416859","national-manifest","C:\xampp\htdocs\projectx\watanybot\packages\lebanese-administrative-authority\authority\sources\arabic\national-village-manifest-clean.csv","","source-reported","accepted","","32173","true","[object Object]"
"LB-LOC-32181","LB","LB-GOV-43F853BBB592","LB-DIST-BD3D8FEE18DD","","","32181","أنفه","Enfeh","","populated-place","34.35114493","35.73832123","national-manifest","C:\xampp\htdocs\projectx\watanybot\packages\lebanese-administrative-authority\authority\sources\arabic\national-village-manifest-clean.csv","","source-reported","accepted","","32181","true","[object Object]"
"LB-LOC-32147","LB","LB-GOV-43F853BBB592","LB-DIST-BD3D8FEE18DD","","","32147","فيع","Fiaa","","populated-place","34.34661467","35.7855122","national-manifest","C:\xampp\htdocs\projectx\watanybot\packages\lebanese-administrative-authority\authority\sources\arabic\national-village-manifest-clean.csv","","source-reported","accepted","","32147","true","[object Object]"
"LB-LOC-32183","LB","LB-GOV-43F853BBB592","LB-DIST-BD3D8FEE18DD","","","32183","حريشه","Hraiche","","populated-place","34.37278924","35.75390279","national-manifest","C:\xampp\htdocs\projectx\watanybot\packages\lebanese-administrative-authority\authority\sources\arabic\national-village-manifest-clean.csv","","source-reported","accepted","","32183","true","[object Object]"
"LB-LOC-32157","LB","LB-GOV-43F853BBB592","LB-DIST-BD3D8FEE18DD","","","32157","اجدعبرين","Ijdaabrine","","populated-place","34.27230282","35.74010037","national-manifest","C:\xampp\htdocs\projectx\watanybot\packages\lebanese-administrative-authority\authority\sources\arabic\national-village-manifest-clean.csv","","source-reported","accepted","","32157","true","[object Object]"
"LB-LOC-32177","LB","LB-GOV-43F853BBB592","LB-DIST-BD3D8FEE18DD","","","32177","كفريا الكورة","Kafraya El-Koura","","populated-place","34.29939009","35.71657726","national-manifest","C:\xampp\htdocs\projectx\watanybot\packages\lebanese-administrative-authority\authority\sources\arabic\national-village-manifest-clean.csv","","source-reported","accepted","","32177","true","[object Object]"
"LB-LOC-32151","LB","LB-GOV-43F853BBB592","LB-DIST-BD3D8FEE18DD","","","32151","كفتون","Kaftoun","","populated-place","34.2647888","35.76844433","national-manifest","C:\xampp\htdocs\projectx\watanybot\packages\lebanese-administrative-authority\authority\sources\arabic\national-village-manifest-clean.csv","","source-reported","accepted","","32151","true","[object Object]"
"LB-LOC-32113","LB","LB-GOV-43F853BBB592","LB-DIST-BD3D8FEE18DD","","","32113","كفر عقا","Kfar Aaqqa","","populated-place","34.31048186","35.830806","national-manifest","C:\xampp\htdocs\projectx\watanybot\packages\lebanese-administrative-authority\authority\sources\arabic\national-village-manifest-clean.csv","","source-reported","accepted","","32113","true","[object Object]"
"LB-LOC-32155","LB","LB-GOV-43F853BBB592","LB-DIST-BD3D8FEE18DD","","","32155","كفرحاتا","Kfar Hata El-Koura","","populated-place","34.2866697","35.74688781","national-manifest","C:\xampp\htdocs\projectx\watanybot\packages\lebanese-administrative-authority\authority\sources\arabic\national-village-manifest-clean.csv","","source-reported","accepted","","32155","true","[object Object]"
"LB-LOC-32123","LB","LB-GOV-43F853BBB592","LB-DIST-BD3D8FEE18DD","","","32123","كفرحزير","Kfar Hazir","","populated-place","34.30817552","35.76310091","national-manifest","C:\xampp\htdocs\projectx\watanybot\packages\lebanese-administrative-authority\authority\sources\arabic\national-village-manifest-clean.csv","","source-reported","accepted","","32123","true","[object Object]"
"LB-LOC-32167","LB","LB-GOV-43F853BBB592","LB-DIST-BD3D8FEE18DD","","","32167","كفرقاهل","Kfar Kahel","","populated-place","34.35372243","35.84861155","national-manifest","C:\xampp\htdocs\projectx\watanybot\packages\lebanese-administrative-authority\authority\sources\arabic\national-village-manifest-clean.csv","","source-reported","accepted","","32167","true","[object Object]"
"LB-LOC-32115","LB","LB-GOV-43F853BBB592","LB-DIST-BD3D8FEE18DD","","","32115","كفرصارون","Kfar Saroun El-Koura","","populated-place","34.29689258","35.83020544","national-manifest","C:\xampp\htdocs\projectx\watanybot\packages\lebanese-administrative-authority\authority\sources\arabic\national-village-manifest-clean.csv","","source-reported","accepted","","32115","true","[object Object]"
"LB-LOC-32137","LB","LB-GOV-43F853BBB592","LB-DIST-BD3D8FEE18DD","","","32137","كوسبا","Kousba","","populated-place","34.30779483","35.85298878","national-manifest","C:\xampp\htdocs\projectx\watanybot\packages\lebanese-administrative-authority\authority\sources\arabic\national-village-manifest-clean.csv","","source-reported","accepted","","32137","true","[object Object]"
"LB-LOC-32149","LB","LB-GOV-43F853BBB592","LB-DIST-BD3D8FEE18DD","","","32149","مجدل الكورة","Majdel el-Koura","","populated-place","34.25512781","35.79582925","national-manifest","C:\xampp\htdocs\projectx\watanybot\packages\lebanese-administrative-authority\authority\sources\arabic\national-village-manifest-clean.csv","","source-reported","accepted","","32149","true","[object Object]"
"LB-LOC-32191","LB","LB-GOV-43F853BBB592","LB-DIST-BD3D8FEE18DD","","","32191","نخلة","Nakhleh","","populated-place","34.36913752","35.82866161","national-manifest","C:\xampp\htdocs\projectx\watanybot\packages\lebanese-administrative-authority\authority\sources\arabic\national-village-manifest-clean.csv","","source-reported","accepted","","32191","true","[object Object]"
"LB-LOC-32171","LB","LB-GOV-43F853BBB592","LB-DIST-BD3D8FEE18DD","","","32171","قلحات","Qalhat","","populated-place","34.36064246","35.77101482","national-manifest","C:\xampp\htdocs\projectx\watanybot\packages\lebanese-administrative-authority\authority\sources\arabic\national-village-manifest-clean.csv","","source-reported","accepted","","32171","true","[object Object]"
"LB-LOC-32185","LB","LB-GOV-43F853BBB592","LB-DIST-BD3D8FEE18DD","","","32185","راس مسقا الجنوبية","Ras Masqa","","populated-place","34.39727667","35.81889293","national-manifest","C:\xampp\htdocs\projectx\watanybot\packages\lebanese-administrative-authority\authority\sources\arabic\national-village-manifest-clean.csv","","source-reported","accepted","","32185","true","[object Object]"
"LB-LOC-32139","LB","LB-GOV-43F853BBB592","LB-DIST-BD3D8FEE18DD","","","32139","رشدبين","Rechdibbine","","populated-place","34.28870273","35.8546732","national-manifest","C:\xampp\htdocs\projectx\watanybot\packages\lebanese-administrative-authority\authority\sources\arabic\national-village-manifest-clean.csv","","source-reported","accepted","","32139","true","[object Object]"
"LB-LOC-32175","LB","LB-GOV-43F853BBB592","LB-DIST-BD3D8FEE18DD","","","32175","زكرون","Zakroun","","populated-place","34.35351785","35.75421564","national-manifest","C:\xampp\htdocs\projectx\watanybot\packages\lebanese-administrative-authority\authority\sources\arabic\national-village-manifest-clean.csv","","source-reported","accepted","","32175","true","[object Object]"
"LB-LOC-32195","LB","LB-GOV-43F853BBB592","LB-DIST-BD3D8FEE18DD","","","32195","زغرتا المتاولة","Zgharta El-Mtaouile","","populated-place","34.25496473","35.84058998","national-manifest","C:\xampp\htdocs\projectx\watanybot\packages\lebanese-administrative-authority\authority\sources\arabic\national-village-manifest-clean.csv","","source-reported","accepted","","32195","true","[object Object]"
"LB-LOC-37333","LB","LB-GOV-43F853BBB592","LB-DIST-B7EBD77EABB8","","","37333","عين التينه المنيه","Aain Et-Tineh-Miniyeh","","populated-place","34.39266204","36.04570218","national-manifest","C:\xampp\htdocs\projectx\watanybot\packages\lebanese-administrative-authority\authority\sources\arabic\national-village-manifest-clean.csv","","source-reported","accepted","","37333","true","[object Object]"
"LB-LOC-37362","LB","LB-GOV-43F853BBB592","LB-DIST-B7EBD77EABB8","","","37362","عصيموت","Aasaymout","","populated-place","34.44005151","36.09819754","national-manifest","C:\xampp\htdocs\projectx\watanybot\packages\lebanese-administrative-authority\authority\sources\arabic\national-village-manifest-clean.csv","","source-reported","accepted","","37362","true","[object Object]"
"LB-LOC-37313","LB","LB-GOV-43F853BBB592","LB-DIST-B7EBD77EABB8","","","37313","عاصون","Aassoun","","populated-place","34.38395752","36.01138546","national-manifest","C:\xampp\htdocs\projectx\watanybot\packages\lebanese-administrative-authority\authority\sources\arabic\national-village-manifest-clean.csv","","source-reported","accepted","","37313","true","[object Object]"
"LB-LOC-37367","LB","LB-GOV-43F853BBB592","LB-DIST-B7EBD77EABB8","","","37367","عيمر","Aaymar","","populated-place","34.35348309","35.97270193","national-manifest","C:\xampp\htdocs\projectx\watanybot\packages\lebanese-administrative-authority\authority\sources\arabic\national-village-manifest-clean.csv","","source-reported","accepted","","37367","true","[object Object]"
"LB-LOC-37361","LB","LB-GOV-43F853BBB592","LB-DIST-B7EBD77EABB8","","","37361","عزقي","Aazqai","","populated-place","34.43615752","35.99233757","national-manifest","C:\xampp\htdocs\projectx\watanybot\packages\lebanese-administrative-authority\authority\sources\arabic\national-village-manifest-clean.csv","","source-reported","accepted","","37361","true","[object Object]"
"LB-LOC-37391","LB","LB-GOV-43F853BBB592","LB-DIST-B7EBD77EABB8","","","37391","بخعون","Bakhaaoun","","populated-place","34.41517572","36.01331586","national-manifest","C:\xampp\htdocs\projectx\watanybot\packages\lebanese-administrative-authority\authority\sources\arabic\national-village-manifest-clean.csv","","source-reported","accepted","","37391","true","[object Object]"
"LB-LOC-37379","LB","LB-GOV-43F853BBB592","LB-DIST-B7EBD77EABB8","","","37379","بشحارة","Bechehhara","","populated-place","34.36028609","35.93606947","national-manifest","C:\xampp\htdocs\projectx\watanybot\packages\lebanese-administrative-authority\authority\sources\arabic\national-village-manifest-clean.csv","","source-reported","accepted","","37379","true","[object Object]"
"LB-LOC-37359","LB","LB-GOV-43F853BBB592","LB-DIST-B7EBD77EABB8","","","37359","بشناتا","Bechnnata","","populated-place","34.32257628","36.00463669","national-manifest","C:\xampp\htdocs\projectx\watanybot\packages\lebanese-administrative-authority\authority\sources\arabic\national-village-manifest-clean.csv","","source-reported","accepted","","37359","true","[object Object]"
"LB-LOC-37231","LB","LB-GOV-43F853BBB592","LB-DIST-B7EBD77EABB8","","","37231","بداوي","Beddaoui","","populated-place","34.44931543","35.87223979","national-manifest","C:\xampp\htdocs\projectx\watanybot\packages\lebanese-administrative-authority\authority\sources\arabic\national-village-manifest-clean.csv","","source-reported","accepted","","37231","true","[object Object]"
"LB-LOC-37371","LB","LB-GOV-43F853BBB592","LB-DIST-B7EBD77EABB8","","","37371","بحويتا","Behouaita","","populated-place","34.33561704","35.96743326","national-manifest","C:\xampp\htdocs\projectx\watanybot\packages\lebanese-administrative-authority\authority\sources\arabic\national-village-manifest-clean.csv","","source-reported","accepted","","37371","true","[object Object]"
"LB-LOC-37329","LB","LB-GOV-43F853BBB592","LB-DIST-B7EBD77EABB8","","","37329","بيت الفقس","Beit El-Faqs","","populated-place","34.39406201","36.05096706","national-manifest","C:\xampp\htdocs\projectx\watanybot\packages\lebanese-administrative-authority\authority\sources\arabic\national-village-manifest-clean.csv","","source-reported","accepted","","37329","true","[object Object]"
"LB-LOC-37357","LB","LB-GOV-43F853BBB592","LB-DIST-B7EBD77EABB8","","","37357","بيت حاويك","Beit Haouik","","populated-place","34.4243619","36.0731604","national-manifest","C:\xampp\htdocs\projectx\watanybot\packages\lebanese-administrative-authority\authority\sources\arabic\national-village-manifest-clean.csv","","source-reported","accepted","","37357","true","[object Object]"
"LB-LOC-37349","LB","LB-GOV-43F853BBB592","LB-DIST-B7EBD77EABB8","","","37349","بيت زود","Beit Zoud","","populated-place","34.4059872","35.98396152","national-manifest","C:\xampp\htdocs\projectx\watanybot\packages\lebanese-administrative-authority\authority\sources\arabic\national-village-manifest-clean.csv","","source-reported","accepted","","37349","true","[object Object]"
"LB-LOC-37251","LB","LB-GOV-43F853BBB592","LB-DIST-B7EBD77EABB8","","","37251","برج اليهودية","Borj El-Yahoudiyeh","","populated-place","34.45868343","35.91478887","national-manifest","C:\xampp\htdocs\projectx\watanybot\packages\lebanese-administrative-authority\authority\sources\arabic\national-village-manifest-clean.csv","","source-reported","accepted","","37251","true","[object Object]"
"LB-LOC-37317","LB","LB-GOV-43F853BBB592","LB-DIST-B7EBD77EABB8","","","37317","بقاع صفرين","Bqaa Sefrine","","populated-place","34.32654367","36.09889838","national-manifest","C:\xampp\htdocs\projectx\watanybot\packages\lebanese-administrative-authority\authority\sources\arabic\national-village-manifest-clean.csv","","source-reported","accepted","","37317","true","[object Object]"
"LB-LOC-37319","LB","LB-GOV-43F853BBB592","LB-DIST-B7EBD77EABB8","","","37319","بقرصونه","Bqarsouna","","populated-place","34.37357821","36.0455767","national-manifest","C:\xampp\htdocs\projectx\watanybot\packages\lebanese-administrative-authority\authority\sources\arabic\national-village-manifest-clean.csv","","source-reported","accepted","","37319","true","[object Object]"
"LB-LOC-37343","LB","LB-GOV-43F853BBB592","LB-DIST-B7EBD77EABB8","","","37343","بطرماز","Btermaz","","populated-place","34.42923237","36.04000885","national-manifest","C:\xampp\htdocs\projectx\watanybot\packages\lebanese-administrative-authority\authority\sources\arabic\national-village-manifest-clean.csv","","source-reported","accepted","","37343","true","[object Object]"
"LB-LOC-37356","LB","LB-GOV-43F853BBB592","LB-DIST-B7EBD77EABB8","","","37356","دبعل المنيه","Debaael","","populated-place","34.43407183","36.07082922","national-manifest","C:\xampp\htdocs\projectx\watanybot\packages\lebanese-administrative-authority\authority\sources\arabic\national-village-manifest-clean.csv","","source-reported","accepted","","37356","true","[object Object]"
"LB-LOC-37241","LB","LB-GOV-43F853BBB592","LB-DIST-B7EBD77EABB8","","","37241","دير عمار","Deir Aammar","","populated-place","34.45801373","35.89932959","national-manifest","C:\xampp\htdocs\projectx\watanybot\packages\lebanese-administrative-authority\authority\sources\arabic\national-village-manifest-clean.csv","","source-reported","accepted","","37241","true","[object Object]"
"LB-LOC-37377","LB","LB-GOV-43F853BBB592","LB-DIST-B7EBD77EABB8","","","37377","دير نبوح","Deir Nbouh","","populated-place","34.37806676","35.93462521","national-manifest","C:\xampp\htdocs\projectx\watanybot\packages\lebanese-administrative-authority\authority\sources\arabic\national-village-manifest-clean.csv","","source-reported","accepted","","37377","true","[object Object]"
"LB-LOC-37355","LB","LB-GOV-43F853BBB592","LB-DIST-B7EBD77EABB8","","","37355","حوارة","Haouaret-Miniyeh","","populated-place","34.41915414","36.08108306","national-manifest","C:\xampp\htdocs\projectx\watanybot\packages\lebanese-administrative-authority\authority\sources\arabic\national-village-manifest-clean.csv","","source-reported","accepted","","37355","true","[object Object]"
"LB-LOC-37327","LB","LB-GOV-43F853BBB592","LB-DIST-B7EBD77EABB8","","","37327","حقل العزيمة","Haql el Aazimeh","","populated-place","34.39824777","36.01732787","national-manifest","C:\xampp\htdocs\projectx\watanybot\packages\lebanese-administrative-authority\authority\sources\arabic\national-village-manifest-clean.csv","","source-reported","accepted","","37327","true","[object Object]"
"LB-LOC-37345","LB","LB-GOV-43F853BBB592","LB-DIST-B7EBD77EABB8","","","37345","حرف السياد","Harf Es-Sayad","","populated-place","34.43217327","36.01158028","national-manifest","C:\xampp\htdocs\projectx\watanybot\packages\lebanese-administrative-authority\authority\sources\arabic\national-village-manifest-clean.csv","","source-reported","accepted","","37345","true","[object Object]"
"LB-LOC-37321","LB","LB-GOV-43F853BBB592","LB-DIST-B7EBD77EABB8","","","37321","حازمية المنيه","Hazmiyet-Miniyeh","","populated-place","34.39194217","36.04036056","national-manifest","C:\xampp\htdocs\projectx\watanybot\packages\lebanese-administrative-authority\authority\sources\arabic\national-village-manifest-clean.csv","","source-reported","accepted","","37321","true","[object Object]"
"LB-LOC-37341","LB","LB-GOV-43F853BBB592","LB-DIST-B7EBD77EABB8","","","37341","إيزال","Izal","","populated-place","34.37624664","35.97309213","national-manifest","C:\xampp\htdocs\projectx\watanybot\packages\lebanese-administrative-authority\authority\sources\arabic\national-village-manifest-clean.csv","","source-reported","accepted","","37341","true","[object Object]"
"LB-LOC-37375","LB","LB-GOV-43F853BBB592","LB-DIST-B7EBD77EABB8","","","37375","جرجور","Jarjour","","populated-place","34.35419327","35.93740079","national-manifest","C:\xampp\htdocs\projectx\watanybot\packages\lebanese-administrative-authority\authority\sources\arabic\national-village-manifest-clean.csv","","source-reported","accepted","","37375","true","[object Object]"
"LB-LOC-37358","LB","LB-GOV-43F853BBB592","LB-DIST-B7EBD77EABB8","","","37358","جيرون","Jayroun","","populated-place","34.40899687","36.11641776","national-manifest","C:\xampp\htdocs\projectx\watanybot\packages\lebanese-administrative-authority\authority\sources\arabic\national-village-manifest-clean.csv","","source-reported","accepted","","37358","true","[object Object]"
"LB-LOC-37373","LB","LB-GOV-43F853BBB592","LB-DIST-B7EBD77EABB8","","","37373","كفَ الملول","Kahf El-Malloul","","populated-place","34.34648507","35.95310746","national-manifest","C:\xampp\htdocs\projectx\watanybot\packages\lebanese-administrative-authority\authority\sources\arabic\national-village-manifest-clean.csv","","source-reported","accepted","","37373","true","[object Object]"
"LB-LOC-37347","LB","LB-GOV-43F853BBB592","LB-DIST-B7EBD77EABB8","","","37347","كرم المهر","Karm El-Mohr","","populated-place","34.34764186","36.01641097","national-manifest","C:\xampp\htdocs\projectx\watanybot\packages\lebanese-administrative-authority\authority\sources\arabic\national-village-manifest-clean.csv","","source-reported","accepted","","37347","true","[object Object]"
"LB-LOC-37395","LB","LB-GOV-43F853BBB592","LB-DIST-B7EBD77EABB8","","","37395","كفر ببنين","Kfar Bibnine","","populated-place","34.39975545","36.09043071","national-manifest","C:\xampp\htdocs\projectx\watanybot\packages\lebanese-administrative-authority\authority\sources\arabic\national-village-manifest-clean.csv","","source-reported","accepted","","37395","true","[object Object]"
"LB-LOC-37363","LB","LB-GOV-43F853BBB592","LB-DIST-B7EBD77EABB8","","","37363","كفر شلان","Kfar Chellane","","populated-place","34.42419085","35.98124714","national-manifest","C:\xampp\htdocs\projectx\watanybot\packages\lebanese-administrative-authority\authority\sources\arabic\national-village-manifest-clean.csv","","source-reported","accepted","","37363","true","[object Object]"
"LB-LOC-37365","LB","LB-GOV-43F853BBB592","LB-DIST-B7EBD77EABB8","","","37365","كفر حبو","Kfar Habou","","populated-place","34.41149197","35.96588678","national-manifest","C:\xampp\htdocs\projectx\watanybot\packages\lebanese-administrative-authority\authority\sources\arabic\national-village-manifest-clean.csv","","source-reported","accepted","","37365","true","[object Object]"
"LB-LOC-37335","LB","LB-GOV-43F853BBB592","LB-DIST-B7EBD77EABB8","","","37335","خرنوب المنيه","Kharroub-Miniyeh","","populated-place","34.40331175","36.00115062","national-manifest","C:\xampp\htdocs\projectx\watanybot\packages\lebanese-administrative-authority\authority\sources\arabic\national-village-manifest-clean.csv","","source-reported","accepted","","37335","true","[object Object]"
"LB-LOC-37389","LB","LB-GOV-43F853BBB592","LB-DIST-B7EBD77EABB8","","","37389","مزرعة الكريم","Mazraat El-Kreme","","populated-place","34.36163829","35.96346609","national-manifest","C:\xampp\htdocs\projectx\watanybot\packages\lebanese-administrative-authority\authority\sources\arabic\national-village-manifest-clean.csv","","source-reported","accepted","","37389","true","[object Object]"
"LB-LOC-37314","LB","LB-GOV-43F853BBB592","LB-DIST-B7EBD77EABB8","","","37314","مزرعة كتران","Mazraat Ketrane","","populated-place","34.38387414","35.99994234","national-manifest","C:\xampp\htdocs\projectx\watanybot\packages\lebanese-administrative-authority\authority\sources\arabic\national-village-manifest-clean.csv","","source-reported","accepted","","37314","true","[object Object]"
"LB-LOC-37381","LB","LB-GOV-43F853BBB592","LB-DIST-B7EBD77EABB8","","","37381","مركبتا","Merkebta","","populated-place","34.46805377","35.96426907","national-manifest","C:\xampp\htdocs\projectx\watanybot\packages\lebanese-administrative-authority\authority\sources\arabic\national-village-manifest-clean.csv","","source-reported","accepted","","37381","true","[object Object]"
"LB-LOC-37325","LB","LB-GOV-43F853BBB592","LB-DIST-B7EBD77EABB8","","","37325","نمرين","Mimrine","","populated-place","34.37643962","36.07742186","national-manifest","C:\xampp\htdocs\projectx\watanybot\packages\lebanese-administrative-authority\authority\sources\arabic\national-village-manifest-clean.csv","","source-reported","accepted","","37325","true","[object Object]"
"LB-LOC-37271","LB","LB-GOV-43F853BBB592","LB-DIST-B7EBD77EABB8","","","37271","المنيه","Minie","","populated-place","34.48038378","35.93693437","national-manifest","C:\xampp\htdocs\projectx\watanybot\packages\lebanese-administrative-authority\authority\sources\arabic\national-village-manifest-clean.csv","","source-reported","accepted","","37271","true","[object Object]"
"LB-LOC-37331","LB","LB-GOV-43F853BBB592","LB-DIST-B7EBD77EABB8","","","37331","مراح السفيرة","Mrah Es-Sfire","","populated-place","34.39821118","36.03666246","national-manifest","C:\xampp\htdocs\projectx\watanybot\packages\lebanese-administrative-authority\authority\sources\arabic\national-village-manifest-clean.csv","","source-reported","accepted","","37331","true","[object Object]"
"LB-LOC-37351","LB","LB-GOV-43F853BBB592","LB-DIST-B7EBD77EABB8","","","37351","مراح السريج","Mrah Es-Srayj","","populated-place","34.41875756","35.9897196","national-manifest","C:\xampp\htdocs\projectx\watanybot\packages\lebanese-administrative-authority\authority\sources\arabic\national-village-manifest-clean.csv","","source-reported","accepted","","37351","true","[object Object]"
"LB-LOC-37385","LB","LB-GOV-43F853BBB592","LB-DIST-B7EBD77EABB8","","","37385","مربين","Mrebbine","","populated-place","34.3698917","36.14702041","national-manifest","C:\xampp\htdocs\projectx\watanybot\packages\lebanese-administrative-authority\authority\sources\arabic\national-village-manifest-clean.csv","","source-reported","accepted","","37385","true","[object Object]"
"LB-LOC-37261","LB","LB-GOV-43F853BBB592","LB-DIST-B7EBD77EABB8","","","37261","النبي يوشع","Nabi Youcheaa","","populated-place","34.46164381","35.93190392","national-manifest","C:\xampp\htdocs\projectx\watanybot\packages\lebanese-administrative-authority\authority\sources\arabic\national-village-manifest-clean.csv","","source-reported","accepted","","37261","true","[object Object]"
"LB-LOC-37360","LB","LB-GOV-43F853BBB592","LB-DIST-B7EBD77EABB8","","","37360","قرحيا","Qarhaiya","","populated-place","34.44089812","36.0822799","national-manifest","C:\xampp\htdocs\projectx\watanybot\packages\lebanese-administrative-authority\authority\sources\arabic\national-village-manifest-clean.csv","","source-reported","accepted","","37360","true","[object Object]"
"LB-LOC-37383","LB","LB-GOV-43F853BBB592","LB-DIST-B7EBD77EABB8","","","37383","القرن","Qarne","","populated-place","34.42933983","36.12591417","national-manifest","C:\xampp\htdocs\projectx\watanybot\packages\lebanese-administrative-authority\authority\sources\arabic\national-village-manifest-clean.csv","","source-reported","accepted","","37383","true","[object Object]"
"LB-LOC-37339","LB","LB-GOV-43F853BBB592","LB-DIST-B7EBD77EABB8","","","37339","قرصيتا","Qarsaita","","populated-place","34.38702783","36.07171622","national-manifest","C:\xampp\htdocs\projectx\watanybot\packages\lebanese-administrative-authority\authority\sources\arabic\national-village-manifest-clean.csv","","source-reported","accepted","","37339","true","[object Object]"
"LB-LOC-37315","LB","LB-GOV-43F853BBB592","LB-DIST-B7EBD77EABB8","","","37315","القطين المنيه","Qattineh-Miniyeh","","populated-place","34.39489933","36.02641639","national-manifest","C:\xampp\htdocs\projectx\watanybot\packages\lebanese-administrative-authority\authority\sources\arabic\national-village-manifest-clean.csv","","source-reported","accepted","","37315","true","[object Object]"
"LB-LOC-37344","LB","LB-GOV-43F853BBB592","LB-DIST-B7EBD77EABB8","","","37344","قمامين","Qemmamine","","populated-place","34.40916095","36.13963095","national-manifest","C:\xampp\htdocs\projectx\watanybot\packages\lebanese-administrative-authority\authority\sources\arabic\national-village-manifest-clean.csv","","source-reported","accepted","","37344","true","[object Object]"
"LB-LOC-37353","LB","LB-GOV-43F853BBB592","LB-DIST-B7EBD77EABB8","","","37353","قرين","Qraine","","populated-place","34.39644069","36.0339616","national-manifest","C:\xampp\htdocs\projectx\watanybot\packages\lebanese-administrative-authority\authority\sources\arabic\national-village-manifest-clean.csv","","source-reported","accepted","","37353","true","[object Object]"
"LB-LOC-37382","LB","LB-GOV-43F853BBB592","LB-DIST-B7EBD77EABB8","","","37382","روضه المنيه","Raouda-Aadoua","","populated-place","34.46437202","35.98370258","national-manifest","C:\xampp\htdocs\projectx\watanybot\packages\lebanese-administrative-authority\authority\sources\arabic\national-village-manifest-clean.csv","","source-reported","accepted","","37382","true","[object Object]"
"LB-LOC-37281","LB","LB-GOV-43F853BBB592","LB-DIST-B7EBD77EABB8","","","37281","ريحانيه المنيه","Rihaniyet-Miniyeh","","populated-place","34.49211107","35.98216711","national-manifest","C:\xampp\htdocs\projectx\watanybot\packages\lebanese-administrative-authority\authority\sources\arabic\national-village-manifest-clean.csv","","source-reported","accepted","","37281","true","[object Object]"
"LB-LOC-37337","LB","LB-GOV-43F853BBB592","LB-DIST-B7EBD77EABB8","","","37337","سفيرة","Sfireh","","populated-place","34.40569532","36.0547037","national-manifest","C:\xampp\htdocs\projectx\watanybot\packages\lebanese-administrative-authority\authority\sources\arabic\national-village-manifest-clean.csv","","source-reported","accepted","","37337","true","[object Object]"
"LB-LOC-37311","LB","LB-GOV-43F853BBB592","LB-DIST-B7EBD77EABB8","","","37311","سير الضنية","Sir Ed-Danniyeh","","populated-place","34.38145822","36.02780652","national-manifest","C:\xampp\htdocs\projectx\watanybot\packages\lebanese-administrative-authority\authority\sources\arabic\national-village-manifest-clean.csv","","source-reported","accepted","","37311","true","[object Object]"
"LB-LOC-37323","LB","LB-GOV-43F853BBB592","LB-DIST-B7EBD77EABB8","","","37323","طاران","Tarane","","populated-place","34.40795533","36.03250588","national-manifest","C:\xampp\htdocs\projectx\watanybot\packages\lebanese-administrative-authority\authority\sources\arabic\national-village-manifest-clean.csv","","source-reported","accepted","","37323","true","[object Object]"
"LB-LOC-37387","LB","LB-GOV-43F853BBB592","LB-DIST-B7EBD77EABB8","","","37387","تربل المنيه","Terbol-Miniyeh","","populated-place","34.44586511","35.94384504","national-manifest","C:\xampp\htdocs\projectx\watanybot\packages\lebanese-administrative-authority\authority\sources\arabic\national-village-manifest-clean.csv","","source-reported","accepted","","37387","true","[object Object]"
"LB-LOC-37369","LB","LB-GOV-43F853BBB592","LB-DIST-B7EBD77EABB8","","","37369","زغرتغرين","Zaghartaghrine","","populated-place","34.35813843","35.95335267","national-manifest","C:\xampp\htdocs\projectx\watanybot\packages\lebanese-administrative-authority\authority\sources\arabic\national-village-manifest-clean.csv","","source-reported","accepted","","37369","true","[object Object]"
"LB-LOC-37291","LB","LB-GOV-43F853BBB592","LB-DIST-B7EBD77EABB8","","","37291","ذوق بحنين","Zouq Bhannine","","populated-place","34.49587531","35.9587161","national-manifest","C:\xampp\htdocs\projectx\watanybot\packages\lebanese-administrative-authority\authority\sources\arabic\national-village-manifest-clean.csv","","source-reported","accepted","","37291","true","[object Object]"
"LB-LOC-31186","LB","LB-GOV-43F853BBB592","LB-DIST-772E83319A6C","","","31186","بساتين المينا","Mina Jardin","","populated-place","34.44307591","35.82101705","national-manifest","C:\xampp\htdocs\projectx\watanybot\packages\lebanese-administrative-authority\authority\sources\arabic\national-village-manifest-clean.csv","","source-reported","accepted","","31186","true","[object Object]"
"LB-LOC-31171","LB","LB-GOV-43F853BBB592","LB-DIST-772E83319A6C","","","31171","مينا طرابلس 1","Mina N:1","","populated-place","34.450342","35.81794557","national-manifest","C:\xampp\htdocs\projectx\watanybot\packages\lebanese-administrative-authority\authority\sources\arabic\national-village-manifest-clean.csv","","source-reported","accepted","","31171","true","[object Object]"
"LB-LOC-31176","LB","LB-GOV-43F853BBB592","LB-DIST-772E83319A6C","","","31176","مينا طرابلس 2","Mina N:2","","populated-place","34.44922116","35.81231022","national-manifest","C:\xampp\htdocs\projectx\watanybot\packages\lebanese-administrative-authority\authority\sources\arabic\national-village-manifest-clean.csv","","source-reported","accepted","","31176","true","[object Object]"
"LB-LOC-31181","LB","LB-GOV-43F853BBB592","LB-DIST-772E83319A6C","","","31181","المينا","Mina N:3","","populated-place","34.45304711","35.81039002","national-manifest","C:\xampp\htdocs\projectx\watanybot\packages\lebanese-administrative-authority\authority\sources\arabic\national-village-manifest-clean.csv","","source-reported","accepted","","31181","true","[object Object]"
"LB-LOC-31221","LB","LB-GOV-43F853BBB592","LB-DIST-772E83319A6C","","","31221","القلمون","Qalamoun","","populated-place","34.38551649","35.78703126","national-manifest","C:\xampp\htdocs\projectx\watanybot\packages\lebanese-administrative-authority\authority\sources\arabic\national-village-manifest-clean.csv","","source-reported","accepted","","31221","true","[object Object]"
"LB-LOC-31146","LB","LB-GOV-43F853BBB592","LB-DIST-772E83319A6C","","","31146","الحديد","Trablous El Hadid","","populated-place","34.43567087","35.84553636","national-manifest","C:\xampp\htdocs\projectx\watanybot\packages\lebanese-administrative-authority\authority\sources\arabic\national-village-manifest-clean.csv","","source-reported","accepted","","31146","true","[object Object]"
"LB-LOC-31131","LB","LB-GOV-43F853BBB592","LB-DIST-772E83319A6C","","","31131","المهاترة","Trablous El Mhatra","","populated-place","34.43407912","35.8441673","national-manifest","C:\xampp\htdocs\projectx\watanybot\packages\lebanese-administrative-authority\authority\sources\arabic\national-village-manifest-clean.csv","","source-reported","accepted","","31131","true","[object Object]"
"LB-LOC-31116","LB","LB-GOV-43F853BBB592","LB-DIST-772E83319A6C","","","31116","الحدادين","Trablous El-Haddadine, El-Hadid, El-Mharta","","populated-place","34.4310012","35.84093924","national-manifest","C:\xampp\htdocs\projectx\watanybot\packages\lebanese-administrative-authority\authority\sources\arabic\national-village-manifest-clean.csv","","source-reported","accepted","","31116","true","[object Object]"
"LB-LOC-31151","LB","LB-GOV-43F853BBB592","LB-DIST-772E83319A6C","","","31151","القبة","Trablous El-Qobbe","","populated-place","34.43918485","35.85172314","national-manifest","C:\xampp\htdocs\projectx\watanybot\packages\lebanese-administrative-authority\authority\sources\arabic\national-village-manifest-clean.csv","","source-reported","accepted","","31151","true","[object Object]"
"LB-LOC-31126","LB","LB-GOV-43F853BBB592","LB-DIST-772E83319A6C","","","31126","النوري","Trablous En-Nouri","","populated-place","34.43516775","35.84127237","national-manifest","C:\xampp\htdocs\projectx\watanybot\packages\lebanese-administrative-authority\authority\sources\arabic\national-village-manifest-clean.csv","","source-reported","accepted","","31126","true","[object Object]"
"LB-LOC-31136","LB","LB-GOV-43F853BBB592","LB-DIST-772E83319A6C","","","31136","الرمانة","Trablous Er-Remmaneh","","populated-place","34.43606729","35.84331155","national-manifest","C:\xampp\htdocs\projectx\watanybot\packages\lebanese-administrative-authority\authority\sources\arabic\national-village-manifest-clean.csv","","source-reported","accepted","","31136","true","[object Object]"
"LB-LOC-31141","LB","LB-GOV-43F853BBB592","LB-DIST-772E83319A6C","","","31141","السويقة","Trablous Es-Souayqa","","populated-place","34.43425164","35.8473932","national-manifest","C:\xampp\htdocs\projectx\watanybot\packages\lebanese-administrative-authority\authority\sources\arabic\national-village-manifest-clean.csv","","source-reported","accepted","","31141","true","[object Object]"
"LB-LOC-31161","LB","LB-GOV-43F853BBB592","LB-DIST-772E83319A6C","","","31161","التبانة","Trablous et Tabbaneh","","populated-place","34.44053583","35.84901728","national-manifest","C:\xampp\htdocs\projectx\watanybot\packages\lebanese-administrative-authority\authority\sources\arabic\national-village-manifest-clean.csv","","source-reported","accepted","","31161","true","[object Object]"
"LB-LOC-31121","LB","LB-GOV-43F853BBB592","LB-DIST-772E83319A6C","","","31121","التل","Trablous Et-Tell","","populated-place","34.4380894","35.83693445","national-manifest","C:\xampp\htdocs\projectx\watanybot\packages\lebanese-administrative-authority\authority\sources\arabic\national-village-manifest-clean.csv","","source-reported","accepted","","31121","true","[object Object]"
"LB-LOC-31156","LB","LB-GOV-43F853BBB592","LB-DIST-772E83319A6C","","","31156","الزاهرية","Trablous Ez-Zahrieh","","populated-place","34.43892356","35.84347972","national-manifest","C:\xampp\htdocs\projectx\watanybot\packages\lebanese-administrative-authority\authority\sources\arabic\national-village-manifest-clean.csv","","source-reported","accepted","","31156","true","[object Object]"
"LB-LOC-31111","LB","LB-GOV-43F853BBB592","LB-DIST-772E83319A6C","","","31111","طرابلس الزيتون","Trablous Ez-Zeitoun","","populated-place","34.41921501","35.84308298","national-manifest","C:\xampp\htdocs\projectx\watanybot\packages\lebanese-administrative-authority\authority\sources\arabic\national-village-manifest-clean.csv","","source-reported","accepted","","31111","true","[object Object]"
"LB-LOC-31166","LB","LB-GOV-43F853BBB592","LB-DIST-772E83319A6C","","","31166","بساتين طرابلس","Trablous jardins","","populated-place","34.438327","35.82744092","national-manifest","C:\xampp\htdocs\projectx\watanybot\packages\lebanese-administrative-authority\authority\sources\arabic\national-village-manifest-clean.csv","","source-reported","accepted","","31166","true","[object Object]"
"LB-LOC-33267","LB","LB-GOV-43F853BBB592","LB-DIST-954B9B3A451B","","","33267","عشاش","Aachach","","populated-place","34.42022893","35.94111787","national-manifest","C:\xampp\htdocs\projectx\watanybot\packages\lebanese-administrative-authority\authority\sources\arabic\national-village-manifest-clean.csv","","source-reported","accepted","","33267","true","[object Object]"
"LB-LOC-33133","LB","LB-GOV-43F853BBB592","LB-DIST-954B9B3A451B","","","33133","علما","Aalma","","populated-place","34.42580203","35.89825855","national-manifest","C:\xampp\htdocs\projectx\watanybot\packages\lebanese-administrative-authority\authority\sources\arabic\national-village-manifest-clean.csv","","source-reported","accepted","","33133","true","[object Object]"
"LB-LOC-33227","LB","LB-GOV-43F853BBB592","LB-DIST-954B9B3A451B","","","33227","عربة قزحيا","Aarbet Qozhaiya","","populated-place","34.28320913","35.93507023","national-manifest","C:\xampp\htdocs\projectx\watanybot\packages\lebanese-administrative-authority\authority\sources\arabic\national-village-manifest-clean.csv","","source-reported","accepted","","33227","true","[object Object]"
"LB-LOC-33113","LB","LB-GOV-43F853BBB592","LB-DIST-954B9B3A451B","","","33113","عردات","Aardat","","populated-place","34.41331331","35.88931774","national-manifest","C:\xampp\htdocs\projectx\watanybot\packages\lebanese-administrative-authority\authority\sources\arabic\national-village-manifest-clean.csv","","source-reported","accepted","","33113","true","[object Object]"
"LB-LOC-33161","LB","LB-GOV-43F853BBB592","LB-DIST-954B9B3A451B","","","33161","عرجس","Aarjis","","populated-place","34.33703999","35.87930719","national-manifest","C:\xampp\htdocs\projectx\watanybot\packages\lebanese-administrative-authority\authority\sources\arabic\national-village-manifest-clean.csv","","source-reported","accepted","","33161","true","[object Object]"
"LB-LOC-33219","LB","LB-GOV-43F853BBB592","LB-DIST-954B9B3A451B","","","33219","عينطورين","Aintourine","","populated-place","34.28839779","35.94352939","national-manifest","C:\xampp\htdocs\projectx\watanybot\packages\lebanese-administrative-authority\authority\sources\arabic\national-village-manifest-clean.csv","","source-reported","accepted","","33219","true","[object Object]"
"LB-LOC-33123","LB","LB-GOV-43F853BBB592","LB-DIST-954B9B3A451B","","","33123","أرده","Arde","","populated-place","34.41716658","35.916798","national-manifest","C:\xampp\htdocs\projectx\watanybot\packages\lebanese-administrative-authority\authority\sources\arabic\national-village-manifest-clean.csv","","source-reported","accepted","","33123","true","[object Object]"
"LB-LOC-33125","LB","LB-GOV-43F853BBB592","LB-DIST-954B9B3A451B","","","33125","اصنون","Asnoun","","populated-place","34.38590982","35.8896413","national-manifest","C:\xampp\htdocs\projectx\watanybot\packages\lebanese-administrative-authority\authority\sources\arabic\national-village-manifest-clean.csv","","source-reported","accepted","","33125","true","[object Object]"
"LB-LOC-33243","LB","LB-GOV-43F853BBB592","LB-DIST-954B9B3A451B","","","33243","أيطو","Ayto","","populated-place","34.31260769","35.9221089","national-manifest","C:\xampp\htdocs\projectx\watanybot\packages\lebanese-administrative-authority\authority\sources\arabic\national-village-manifest-clean.csv","","source-reported","accepted","","33243","true","[object Object]"
"LB-LOC-33157","LB","LB-GOV-43F853BBB592","LB-DIST-954B9B3A451B","","","33157","بشنين","Bchannine","","populated-place","34.34563933","35.86275021","national-manifest","C:\xampp\htdocs\projectx\watanybot\packages\lebanese-administrative-authority\authority\sources\arabic\national-village-manifest-clean.csv","","source-reported","accepted","","33157","true","[object Object]"
"LB-LOC-33215","LB","LB-GOV-43F853BBB592","LB-DIST-954B9B3A451B","","","33215","بسلوقيت","Beslouqit","","populated-place","34.30831489","35.96832348","national-manifest","C:\xampp\htdocs\projectx\watanybot\packages\lebanese-administrative-authority\authority\sources\arabic\national-village-manifest-clean.csv","","source-reported","accepted","","33215","true","[object Object]"
"LB-LOC-33239","LB","LB-GOV-43F853BBB592","LB-DIST-954B9B3A451B","","","33239","بحيرة تولا","Bhairet Toula","","populated-place","34.32401063","35.97081831","national-manifest","C:\xampp\htdocs\projectx\watanybot\packages\lebanese-administrative-authority\authority\sources\arabic\national-village-manifest-clean.csv","","source-reported","accepted","","33239","true","[object Object]"
"LB-LOC-33159","LB","LB-GOV-43F853BBB592","LB-DIST-954B9B3A451B","","","33159","بنشعي","Bnechaai","","populated-place","34.33361474","35.89433315","national-manifest","C:\xampp\htdocs\projectx\watanybot\packages\lebanese-administrative-authority\authority\sources\arabic\national-village-manifest-clean.csv","","source-reported","accepted","","33159","true","[object Object]"
"LB-LOC-33279","LB","LB-GOV-43F853BBB592","LB-DIST-954B9B3A451B","","","33279","بوسيط","Boussit","","populated-place","34.44064024","35.92587265","national-manifest","C:\xampp\htdocs\projectx\watanybot\packages\lebanese-administrative-authority\authority\sources\arabic\national-village-manifest-clean.csv","","source-reported","accepted","","33279","true","[object Object]"
"LB-LOC-33149","LB","LB-GOV-43F853BBB592","LB-DIST-954B9B3A451B","","","33149","بسبعل","Bsebaal","","populated-place","34.35324481","35.87961419","national-manifest","C:\xampp\htdocs\projectx\watanybot\packages\lebanese-administrative-authority\authority\sources\arabic\national-village-manifest-clean.csv","","source-reported","accepted","","33149","true","[object Object]"
"LB-LOC-33263","LB","LB-GOV-43F853BBB592","LB-DIST-954B9B3A451B","","","33263","دنها","Danha","","populated-place","34.39494233","35.93673594","national-manifest","C:\xampp\htdocs\projectx\watanybot\packages\lebanese-administrative-authority\authority\sources\arabic\national-village-manifest-clean.csv","","source-reported","accepted","","33263","true","[object Object]"
"LB-LOC-33163","LB","LB-GOV-43F853BBB592","LB-DIST-954B9B3A451B","","","33163","داريا","Daraiya Zgharta","","populated-place","34.33408334","35.86728429","national-manifest","C:\xampp\htdocs\projectx\watanybot\packages\lebanese-administrative-authority\authority\sources\arabic\national-village-manifest-clean.csv","","source-reported","accepted","","33163","true","[object Object]"
"LB-LOC-33137","LB","LB-GOV-43F853BBB592","LB-DIST-954B9B3A451B","","","33137","الجديدة زغرتا","Deir Jdeide","","populated-place","34.36306021","35.89188696","national-manifest","C:\xampp\htdocs\projectx\watanybot\packages\lebanese-administrative-authority\authority\sources\arabic\national-village-manifest-clean.csv","","source-reported","accepted","","33137","true","[object Object]"
"LB-LOC-33211","LB","LB-GOV-43F853BBB592","LB-DIST-954B9B3A451B","","","33211","اهدن","Ehden","","populated-place","34.2917142","35.98660579","national-manifest","C:\xampp\htdocs\projectx\watanybot\packages\lebanese-administrative-authority\authority\sources\arabic\national-village-manifest-clean.csv","","source-reported","accepted","","33211","true","[object Object]"
"LB-LOC-33275","LB","LB-GOV-43F853BBB592","LB-DIST-954B9B3A451B","","","33275","حيلان زغرتا","Hailan","","populated-place","34.43194597","35.95994022","national-manifest","C:\xampp\htdocs\projectx\watanybot\packages\lebanese-administrative-authority\authority\sources\arabic\national-village-manifest-clean.csv","","source-reported","accepted","","33275","true","[object Object]"
"LB-LOC-33131","LB","LB-GOV-43F853BBB592","LB-DIST-954B9B3A451B","","","33131","حريق زغرتا","Hariq Zgharta","","populated-place","34.37919251","35.9163397","national-manifest","C:\xampp\htdocs\projectx\watanybot\packages\lebanese-administrative-authority\authority\sources\arabic\national-village-manifest-clean.csv","","source-reported","accepted","","33131","true","[object Object]"
"LB-LOC-33152","LB","LB-GOV-43F853BBB592","LB-DIST-954B9B3A451B","","","33152","حواكير","Houakir","","populated-place","34.36487261","35.93320675","national-manifest","C:\xampp\htdocs\projectx\watanybot\packages\lebanese-administrative-authority\authority\sources\arabic\national-village-manifest-clean.csv","","source-reported","accepted","","33152","true","[object Object]"
"LB-LOC-33287","LB","LB-GOV-43F853BBB592","LB-DIST-954B9B3A451B","","","33287","حريقص","Hraiqis","","populated-place","34.45272105","35.92979751","national-manifest","C:\xampp\htdocs\projectx\watanybot\packages\lebanese-administrative-authority\authority\sources\arabic\national-village-manifest-clean.csv","","source-reported","accepted","","33287","true","[object Object]"
"LB-LOC-33141","LB","LB-GOV-43F853BBB592","LB-DIST-954B9B3A451B","","","33141","إيعال","Iaal","","populated-place","34.35528801","35.91446301","national-manifest","C:\xampp\htdocs\projectx\watanybot\packages\lebanese-administrative-authority\authority\sources\arabic\national-village-manifest-clean.csv","","source-reported","accepted","","33141","true","[object Object]"
"LB-LOC-33291","LB","LB-GOV-43F853BBB592","LB-DIST-954B9B3A451B","","","33291","اجبع","Ijbaa","","populated-place","34.31097343","35.94242495","national-manifest","C:\xampp\htdocs\projectx\watanybot\packages\lebanese-administrative-authority\authority\sources\arabic\national-village-manifest-clean.csv","","source-reported","accepted","","33291","true","[object Object]"
"LB-LOC-33169","LB","LB-GOV-43F853BBB592","LB-DIST-954B9B3A451B","","","33169","كرم سده","Karm Saddeh","","populated-place","34.30504153","35.88572259","national-manifest","C:\xampp\htdocs\projectx\watanybot\packages\lebanese-administrative-authority\authority\sources\arabic\national-village-manifest-clean.csv","","source-reported","accepted","","33169","true","[object Object]"
"LB-LOC-33147","LB","LB-GOV-43F853BBB592","LB-DIST-954B9B3A451B","","","33147","كفر شخنا","Kfarchakhna","","populated-place","34.36120882","35.86297087","national-manifest","C:\xampp\htdocs\projectx\watanybot\packages\lebanese-administrative-authority\authority\sources\arabic\national-village-manifest-clean.csv","","source-reported","accepted","","33147","true","[object Object]"
"LB-LOC-33115","LB","LB-GOV-43F853BBB592","LB-DIST-954B9B3A451B","","","33115","كفردلاقوس","Kfardlaqous","","populated-place","34.39914322","35.90733588","national-manifest","C:\xampp\htdocs\projectx\watanybot\packages\lebanese-administrative-authority\authority\sources\arabic\national-village-manifest-clean.csv","","source-reported","accepted","","33115","true","[object Object]"
"LB-LOC-33165","LB","LB-GOV-43F853BBB592","LB-DIST-954B9B3A451B","","","33165","كفر فو","Kfarfou","","populated-place","34.32169376","35.88128541","national-manifest","C:\xampp\htdocs\projectx\watanybot\packages\lebanese-administrative-authority\authority\sources\arabic\national-village-manifest-clean.csv","","source-reported","accepted","","33165","true","[object Object]"
"LB-LOC-33121","LB","LB-GOV-43F853BBB592","LB-DIST-954B9B3A451B","","","33121","كفر حاتا","Kfarhata Zgharta","","populated-place","34.38108368","35.90362017","national-manifest","C:\xampp\htdocs\projectx\watanybot\packages\lebanese-administrative-authority\authority\sources\arabic\national-village-manifest-clean.csv","","source-reported","accepted","","33121","true","[object Object]"
"LB-LOC-33143","LB","LB-GOV-43F853BBB592","LB-DIST-954B9B3A451B","","","33143","كفر حورا","Kfarhoura","","populated-place","34.38529729","35.87191058","national-manifest","C:\xampp\htdocs\projectx\watanybot\packages\lebanese-administrative-authority\authority\sources\arabic\national-village-manifest-clean.csv","","source-reported","accepted","","33143","true","[object Object]"
"LB-LOC-33223","LB","LB-GOV-43F853BBB592","LB-DIST-954B9B3A451B","","","33223","كفر صغاب","Kfarsghab","","populated-place","34.27535631","35.97254751","national-manifest","C:\xampp\htdocs\projectx\watanybot\packages\lebanese-administrative-authority\authority\sources\arabic\national-village-manifest-clean.csv","","source-reported","accepted","","33223","true","[object Object]"
"LB-LOC-33153","LB","LB-GOV-43F853BBB592","LB-DIST-954B9B3A451B","","","33153","كفر ياشيت","Kfaryachit","","populated-place","34.35567489","35.89628436","national-manifest","C:\xampp\htdocs\projectx\watanybot\packages\lebanese-administrative-authority\authority\sources\arabic\national-village-manifest-clean.csv","","source-reported","accepted","","33153","true","[object Object]"
"LB-LOC-33145","LB","LB-GOV-43F853BBB592","LB-DIST-954B9B3A451B","","","33145","كفر زينا","Kfarzaina","","populated-place","34.37270221","35.88290896","national-manifest","C:\xampp\htdocs\projectx\watanybot\packages\lebanese-administrative-authority\authority\sources\arabic\national-village-manifest-clean.csv","","source-reported","accepted","","33145","true","[object Object]"
"LB-LOC-33139","LB","LB-GOV-43F853BBB592","LB-DIST-954B9B3A451B","","","33139","خالدية","Khaldiyeh","","populated-place","34.37010158","35.91240441","national-manifest","C:\xampp\htdocs\projectx\watanybot\packages\lebanese-administrative-authority\authority\sources\arabic\national-village-manifest-clean.csv","","source-reported","accepted","","33139","true","[object Object]"
"LB-LOC-33127","LB","LB-GOV-43F853BBB592","LB-DIST-954B9B3A451B","","","33127","مزرعة إجبع","Mazraat Ajbeaa","","populated-place","34.38561136","35.88133798","national-manifest","C:\xampp\htdocs\projectx\watanybot\packages\lebanese-administrative-authority\authority\sources\arabic\national-village-manifest-clean.csv","","source-reported","accepted","","33127","true","[object Object]"
"LB-LOC-33235","LB","LB-GOV-43F853BBB592","LB-DIST-954B9B3A451B","","","33235","مزرعة التفاح","Mazraat Et-Teffah","","populated-place","34.32027288","35.94943941","national-manifest","C:\xampp\htdocs\projectx\watanybot\packages\lebanese-administrative-authority\authority\sources\arabic\national-village-manifest-clean.csv","","source-reported","accepted","","33235","true","[object Object]"
"LB-LOC-33135","LB","LB-GOV-43F853BBB592","LB-DIST-954B9B3A451B","","","33135","مزرعة جنيد","Mazraat Jnaid","","populated-place","34.37595952","35.89231099","national-manifest","C:\xampp\htdocs\projectx\watanybot\packages\lebanese-administrative-authority\authority\sources\arabic\national-village-manifest-clean.csv","","source-reported","accepted","","33135","true","[object Object]"
"LB-LOC-33129","LB","LB-GOV-43F853BBB592","LB-DIST-954B9B3A451B","","","33129","مجدليا زغرتا","Mejdlaiya Zgharta","","populated-place","34.43034243","35.87608899","national-manifest","C:\xampp\htdocs\projectx\watanybot\packages\lebanese-administrative-authority\authority\sources\arabic\national-village-manifest-clean.csv","","source-reported","accepted","","33129","true","[object Object]"
"LB-LOC-33271","LB","LB-GOV-43F853BBB592","LB-DIST-954B9B3A451B","","","33271","مرياطا","Miriata","","populated-place","34.41926175","35.93102807","national-manifest","C:\xampp\htdocs\projectx\watanybot\packages\lebanese-administrative-authority\authority\sources\arabic\national-village-manifest-clean.csv","","source-reported","accepted","","33271","true","[object Object]"
"LB-LOC-33251","LB","LB-GOV-43F853BBB592","LB-DIST-954B9B3A451B","","","33251","مزيارة","Miziara","","populated-place","34.33777163","35.93287572","national-manifest","C:\xampp\htdocs\projectx\watanybot\packages\lebanese-administrative-authority\authority\sources\arabic\national-village-manifest-clean.csv","","source-reported","accepted","","33251","true","[object Object]"
"LB-LOC-33155","LB","LB-GOV-43F853BBB592","LB-DIST-954B9B3A451B","","","33155","كفرصغاب","Morh Kfarsghab","","populated-place","34.35019501","35.90424521","national-manifest","C:\xampp\htdocs\projectx\watanybot\packages\lebanese-administrative-authority\authority\sources\arabic\national-village-manifest-clean.csv","","source-reported","accepted","","33155","true","[object Object]"
"LB-LOC-33283","LB","LB-GOV-43F853BBB592","LB-DIST-954B9B3A451B","","","33283","كفريا زغرتا","Mzraat Kefraya","","populated-place","34.44673973","35.96522497","national-manifest","C:\xampp\htdocs\projectx\watanybot\packages\lebanese-administrative-authority\authority\sources\arabic\national-village-manifest-clean.csv","","source-reported","accepted","","33283","true","[object Object]"
"LB-LOC-33119","LB","LB-GOV-43F853BBB592","LB-DIST-954B9B3A451B","","","33119","قره باش","Qarah Bach","","populated-place","34.38334772","35.89525373","national-manifest","C:\xampp\htdocs\projectx\watanybot\packages\lebanese-administrative-authority\authority\sources\arabic\national-village-manifest-clean.csv","","source-reported","accepted","","33119","true","[object Object]"
"LB-LOC-33117","LB","LB-GOV-43F853BBB592","LB-DIST-954B9B3A451B","","","33117","رشعين","Rachaaine","","populated-place","34.39770842","35.91972131","national-manifest","C:\xampp\htdocs\projectx\watanybot\packages\lebanese-administrative-authority\authority\sources\arabic\national-village-manifest-clean.csv","","source-reported","accepted","","33117","true","[object Object]"
"LB-LOC-33167","LB","LB-GOV-43F853BBB592","LB-DIST-954B9B3A451B","","","33167","راس كيفا","Ras Kifa","","populated-place","34.31504742","35.86823302","national-manifest","C:\xampp\htdocs\projectx\watanybot\packages\lebanese-administrative-authority\authority\sources\arabic\national-village-manifest-clean.csv","","source-reported","accepted","","33167","true","[object Object]"
"LB-LOC-33151","LB","LB-GOV-43F853BBB592","LB-DIST-954B9B3A451B","","","33151","صخرة","Sakhra","","populated-place","34.36340973","35.92198672","national-manifest","C:\xampp\htdocs\projectx\watanybot\packages\lebanese-administrative-authority\authority\sources\arabic\national-village-manifest-clean.csv","","source-reported","accepted","","33151","true","[object Object]"
"LB-LOC-33259","LB","LB-GOV-43F853BBB592","LB-DIST-954B9B3A451B","","","33259","سبعل زغرتا","Sebaal Zgharta","","populated-place","34.31789133","35.90535212","national-manifest","C:\xampp\htdocs\projectx\watanybot\packages\lebanese-administrative-authority\authority\sources\arabic\national-village-manifest-clean.csv","","source-reported","accepted","","33259","true","[object Object]"
"LB-LOC-33255","LB","LB-GOV-43F853BBB592","LB-DIST-954B9B3A451B","","","33255","سرعيل","Seraal","","populated-place","34.29226639","35.90735174","national-manifest","C:\xampp\htdocs\projectx\watanybot\packages\lebanese-administrative-authority\authority\sources\arabic\national-village-manifest-clean.csv","","source-reported","accepted","","33255","true","[object Object]"
"LB-LOC-33171","LB","LB-GOV-43F853BBB592","LB-DIST-954B9B3A451B","","","33171","تلة زغرتا","Tallet Zgharta","","populated-place","34.39394374","35.87733827","national-manifest","C:\xampp\htdocs\projectx\watanybot\packages\lebanese-administrative-authority\authority\sources\arabic\national-village-manifest-clean.csv","","source-reported","accepted","","33171","true","[object Object]"
"LB-LOC-33231","LB","LB-GOV-43F853BBB592","LB-DIST-954B9B3A451B","","","33231","تولا زغرتا","Toula Zgharta","","populated-place","34.32224246","35.9631111","national-manifest","C:\xampp\htdocs\projectx\watanybot\packages\lebanese-administrative-authority\authority\sources\arabic\national-village-manifest-clean.csv","","source-reported","accepted","","33231","true","[object Object]"
"LB-LOC-33111","LB","LB-GOV-43F853BBB592","LB-DIST-954B9B3A451B","","","33111","زغرتا","Zgharta","","populated-place","34.39670935","35.88900368","national-manifest","C:\xampp\htdocs\projectx\watanybot\packages\lebanese-administrative-authority\authority\sources\arabic\national-village-manifest-clean.csv","","source-reported","accepted","","33111","true","[object Object]"
"LB-LOC-63214","LB","LB-GOV-0DD2DAE4DD83","LB-DIST-24876D5E7CCD","","","63214","عين المير إسطبل","A'ain El-Mir (El Establ)","","populated-place","33.53580889","35.46531527","national-manifest","C:\xampp\htdocs\projectx\watanybot\packages\lebanese-administrative-authority\authority\sources\arabic\national-village-manifest-clean.csv","","source-reported","accepted","","63214","true","[object Object]"
"LB-LOC-63311","LB","LB-GOV-0DD2DAE4DD83","LB-DIST-24876D5E7CCD","","","63311","عرمتى","Aaramta","","populated-place","33.45723226","35.57418258","national-manifest","C:\xampp\htdocs\projectx\watanybot\packages\lebanese-administrative-authority\authority\sources\arabic\national-village-manifest-clean.csv","","source-reported","accepted","","63311","true","[object Object]"
"LB-LOC-63131","LB","LB-GOV-0DD2DAE4DD83","LB-DIST-24876D5E7CCD","","","63131","عاريه","Aaray","","populated-place","33.56407716","35.59127659","national-manifest","C:\xampp\htdocs\projectx\watanybot\packages\lebanese-administrative-authority\authority\sources\arabic\national-village-manifest-clean.csv","","source-reported","accepted","","63131","true","[object Object]"
"LB-LOC-63355","LB","LB-GOV-0DD2DAE4DD83","LB-DIST-24876D5E7CCD","","","63355","عيشية","Aaychiyeh","","populated-place","33.4025988","35.56443408","national-manifest","C:\xampp\htdocs\projectx\watanybot\packages\lebanese-administrative-authority\authority\sources\arabic\national-village-manifest-clean.csv","","source-reported","accepted","","63355","true","[object Object]"
"LB-LOC-63184","LB","LB-GOV-0DD2DAE4DD83","LB-DIST-24876D5E7CCD","","","63184","عازور","Aazour","","populated-place","33.56077108","35.53369159","national-manifest","C:\xampp\htdocs\projectx\watanybot\packages\lebanese-administrative-authority\authority\sources\arabic\national-village-manifest-clean.csv","","source-reported","accepted","","63184","true","[object Object]"
"LB-LOC-63274","LB","LB-GOV-0DD2DAE4DD83","LB-DIST-24876D5E7CCD","","","63274","أنان","Anane","","populated-place","33.56329209","35.51011718","national-manifest","C:\xampp\htdocs\projectx\watanybot\packages\lebanese-administrative-authority\authority\sources\arabic\national-village-manifest-clean.csv","","source-reported","accepted","","63274","true","[object Object]"
"LB-LOC-63221","LB","LB-GOV-0DD2DAE4DD83","LB-DIST-24876D5E7CCD","","","63221","بيصور جزين","Bayssour Jezzine","","populated-place","33.53580889","35.44870041","national-manifest","C:\xampp\htdocs\projectx\watanybot\packages\lebanese-administrative-authority\authority\sources\arabic\national-village-manifest-clean.csv","","source-reported","accepted","","63221","true","[object Object]"
"LB-LOC-63174","LB","LB-GOV-0DD2DAE4DD83","LB-DIST-24876D5E7CCD","","","63174","بيبه","Behbeh","","populated-place","33.56340637","35.54212152","national-manifest","C:\xampp\htdocs\projectx\watanybot\packages\lebanese-administrative-authority\authority\sources\arabic\national-village-manifest-clean.csv","","source-reported","accepted","","63174","true","[object Object]"
"LB-LOC-63144","LB","LB-GOV-0DD2DAE4DD83","LB-DIST-24876D5E7CCD","","","63144","بنواتي جزين","Benouati Jezzine","","populated-place","33.57569355","35.57882721","national-manifest","C:\xampp\htdocs\projectx\watanybot\packages\lebanese-administrative-authority\authority\sources\arabic\national-village-manifest-clean.csv","","source-reported","accepted","","63144","true","[object Object]"
"LB-LOC-63181","LB","LB-GOV-0DD2DAE4DD83","LB-DIST-24876D5E7CCD","","","63181","بحنين","Bhannine","","populated-place","33.58206142","35.59655136","national-manifest","C:\xampp\htdocs\projectx\watanybot\packages\lebanese-administrative-authority\authority\sources\arabic\national-village-manifest-clean.csv","","source-reported","accepted","","63181","true","[object Object]"
"LB-LOC-63191","LB","LB-GOV-0DD2DAE4DD83","LB-DIST-24876D5E7CCD","","","63191","بسري","Bisri","","populated-place","33.5775665","35.53539206","national-manifest","C:\xampp\htdocs\projectx\watanybot\packages\lebanese-administrative-authority\authority\sources\arabic\national-village-manifest-clean.csv","","source-reported","accepted","","63191","true","[object Object]"
"LB-LOC-63124","LB","LB-GOV-0DD2DAE4DD83","LB-DIST-24876D5E7CCD","","","63124","بكاسين","Bkassine","","populated-place","33.56100359","35.57307719","national-manifest","C:\xampp\htdocs\projectx\watanybot\packages\lebanese-administrative-authority\authority\sources\arabic\national-village-manifest-clean.csv","","source-reported","accepted","","63124","true","[object Object]"
"LB-LOC-63385","LB","LB-GOV-0DD2DAE4DD83","LB-DIST-24876D5E7CCD","","","63385","بوصلايا","Bouslaya","","populated-place","33.50441084","35.51069498","national-manifest","C:\xampp\htdocs\projectx\watanybot\packages\lebanese-administrative-authority\authority\sources\arabic\national-village-manifest-clean.csv","","source-reported","accepted","","63385","true","[object Object]"
"LB-LOC-63151","LB","LB-GOV-0DD2DAE4DD83","LB-DIST-24876D5E7CCD","","","63151","بتدين اللقش","Btedine El-Leqch","","populated-place","33.56625168","35.55571238","national-manifest","C:\xampp\htdocs\projectx\watanybot\packages\lebanese-administrative-authority\authority\sources\arabic\national-village-manifest-clean.csv","","source-reported","accepted","","63151","true","[object Object]"
"LB-LOC-63347","LB","LB-GOV-0DD2DAE4DD83","LB-DIST-24876D5E7CCD","","","63347","شبيل","Chbail","","populated-place","33.41654654","35.59996961","national-manifest","C:\xampp\htdocs\projectx\watanybot\packages\lebanese-administrative-authority\authority\sources\arabic\national-village-manifest-clean.csv","","source-reported","accepted","","63347","true","[object Object]"
"LB-LOC-63247","LB","LB-GOV-0DD2DAE4DD83","LB-DIST-24876D5E7CCD","","","63247","شواليق جزين","Choualiq Jezzine","","populated-place","33.55214467","35.44150083","national-manifest","C:\xampp\htdocs\projectx\watanybot\packages\lebanese-administrative-authority\authority\sources\arabic\national-village-manifest-clean.csv","","source-reported","accepted","","63247","true","[object Object]"
"LB-LOC-63257","LB","LB-GOV-0DD2DAE4DD83","LB-DIST-24876D5E7CCD","","","63257","ضهر الدير","Dahr Ed-Deir","","populated-place","33.52186629","35.50232513","national-manifest","C:\xampp\htdocs\projectx\watanybot\packages\lebanese-administrative-authority\authority\sources\arabic\national-village-manifest-clean.csv","","source-reported","accepted","","63257","true","[object Object]"
"LB-LOC-63284","LB","LB-GOV-0DD2DAE4DD83","LB-DIST-24876D5E7CCD","","","63284","دير قطِين","Deir El Qattine","","populated-place","33.53207821","35.53134524","national-manifest","C:\xampp\htdocs\projectx\watanybot\packages\lebanese-administrative-authority\authority\sources\arabic\national-village-manifest-clean.csv","","source-reported","accepted","","63284","true","[object Object]"
"LB-LOC-63379","LB","LB-GOV-0DD2DAE4DD83","LB-DIST-24876D5E7CCD","","","63379","دمشقية","Demachqiyeh","","populated-place","33.36832063","35.54337935","national-manifest","C:\xampp\htdocs\projectx\watanybot\packages\lebanese-administrative-authority\authority\sources\arabic\national-village-manifest-clean.csv","","source-reported","accepted","","63379","true","[object Object]"
"LB-LOC-63141","LB","LB-GOV-0DD2DAE4DD83","LB-DIST-24876D5E7CCD","","","63141","غبَاطية","Ghabbatiyeh","","populated-place","33.58435395","35.58540409","national-manifest","C:\xampp\htdocs\projectx\watanybot\packages\lebanese-administrative-authority\authority\sources\arabic\national-village-manifest-clean.csv","","source-reported","accepted","","63141","true","[object Object]"
"LB-LOC-63171","LB","LB-GOV-0DD2DAE4DD83","LB-DIST-24876D5E7CCD","","","63171","الحرف","Harf Jezzine","","populated-place","33.57821282","35.5554534","national-manifest","C:\xampp\htdocs\projectx\watanybot\packages\lebanese-administrative-authority\authority\sources\arabic\national-village-manifest-clean.csv","","source-reported","accepted","","63171","true","[object Object]"
"LB-LOC-63241","LB","LB-GOV-0DD2DAE4DD83","LB-DIST-24876D5E7CCD","","","63241","حسانية","Hassaniyeh","","populated-place","33.51950459","35.4550044","national-manifest","C:\xampp\htdocs\projectx\watanybot\packages\lebanese-administrative-authority\authority\sources\arabic\national-village-manifest-clean.csv","","source-reported","accepted","","63241","true","[object Object]"
"LB-LOC-63224","LB","LB-GOV-0DD2DAE4DD83","LB-DIST-24876D5E7CCD","","","63224","حيتوله","Haytouleh","","populated-place","33.52012021","35.46989557","national-manifest","C:\xampp\htdocs\projectx\watanybot\packages\lebanese-administrative-authority\authority\sources\arabic\national-village-manifest-clean.csv","","source-reported","accepted","","63224","true","[object Object]"
"LB-LOC-63137","LB","LB-GOV-0DD2DAE4DD83","LB-DIST-24876D5E7CCD","","","63137","حيطورة","Haytoura","","populated-place","33.51954501","35.54984088","national-manifest","C:\xampp\htdocs\projectx\watanybot\packages\lebanese-administrative-authority\authority\sources\arabic\national-village-manifest-clean.csv","","source-reported","accepted","","63137","true","[object Object]"
"LB-LOC-63281","LB","LB-GOV-0DD2DAE4DD83","LB-DIST-24876D5E7CCD","","","63281","حيداب","Hidab","","populated-place","33.52279311","35.5266667","national-manifest","C:\xampp\htdocs\projectx\watanybot\packages\lebanese-administrative-authority\authority\sources\arabic\national-village-manifest-clean.csv","","source-reported","accepted","","63281","true","[object Object]"
"LB-LOC-63127","LB","LB-GOV-0DD2DAE4DD83","LB-DIST-24876D5E7CCD","","","63127","حمصية","Homsiyeh","","populated-place","33.54925475","35.55488328","national-manifest","C:\xampp\htdocs\projectx\watanybot\packages\lebanese-administrative-authority\authority\sources\arabic\national-village-manifest-clean.csv","","source-reported","accepted","","63127","true","[object Object]"
"LB-LOC-63164","LB","LB-GOV-0DD2DAE4DD83","LB-DIST-24876D5E7CCD","","","63164","جبل طوره","Jabal Toura","","populated-place","33.50109372","35.56741468","national-manifest","C:\xampp\htdocs\projectx\watanybot\packages\lebanese-administrative-authority\authority\sources\arabic\national-village-manifest-clean.csv","","source-reported","accepted","","63164","true","[object Object]"
"LB-LOC-63375","LB","LB-GOV-0DD2DAE4DD83","LB-DIST-24876D5E7CCD","","","63375","الجرمق","Jarmaq","","populated-place","33.38207723","35.53184474","national-manifest","C:\xampp\htdocs\projectx\watanybot\packages\lebanese-administrative-authority\authority\sources\arabic\national-village-manifest-clean.csv","","source-reported","accepted","","63375","true","[object Object]"
"LB-LOC-63261","LB","LB-GOV-0DD2DAE4DD83","LB-DIST-24876D5E7CCD","","","63261","جنسنايا","Jensnaya","","populated-place","33.53829232","35.43235132","national-manifest","C:\xampp\htdocs\projectx\watanybot\packages\lebanese-administrative-authority\authority\sources\arabic\national-village-manifest-clean.csv","","source-reported","accepted","","63261","true","[object Object]"
"LB-LOC-63294","LB","LB-GOV-0DD2DAE4DD83","LB-DIST-24876D5E7CCD","","","63294","جرنايا","Jernaya","","populated-place","33.48542989","35.47539549","national-manifest","C:\xampp\htdocs\projectx\watanybot\packages\lebanese-administrative-authority\authority\sources\arabic\national-village-manifest-clean.csv","","source-reported","accepted","","63294","true","[object Object]"
"LB-LOC-63111","LB","LB-GOV-0DD2DAE4DD83","LB-DIST-24876D5E7CCD","","","63111","جزين","Jezzine","","populated-place","33.53442013","35.58655182","national-manifest","C:\xampp\htdocs\projectx\watanybot\packages\lebanese-administrative-authority\authority\sources\arabic\national-village-manifest-clean.csv","","source-reported","accepted","","63111","true","[object Object]"
"LB-LOC-63244","LB","LB-GOV-0DD2DAE4DD83","LB-DIST-24876D5E7CCD","","","63244","كرخا","Karkha","","populated-place","33.5647412","35.44920782","national-manifest","C:\xampp\htdocs\projectx\watanybot\packages\lebanese-administrative-authority\authority\sources\arabic\national-village-manifest-clean.csv","","source-reported","accepted","","63244","true","[object Object]"
"LB-LOC-63211","LB","LB-GOV-0DD2DAE4DD83","LB-DIST-24876D5E7CCD","","","63211","كفرفالوس","Kfar Falous","","populated-place","33.54656465","35.47083398","national-manifest","C:\xampp\htdocs\projectx\watanybot\packages\lebanese-administrative-authority\authority\sources\arabic\national-village-manifest-clean.csv","","source-reported","accepted","","63211","true","[object Object]"
"LB-LOC-63167","LB","LB-GOV-0DD2DAE4DD83","LB-DIST-24876D5E7CCD","","","63167","كفرحون","Kfar Houneh","","populated-place","33.48562615","35.58903544","national-manifest","C:\xampp\htdocs\projectx\watanybot\packages\lebanese-administrative-authority\authority\sources\arabic\national-village-manifest-clean.csv","","source-reported","accepted","","63167","true","[object Object]"
"LB-LOC-63267","LB","LB-GOV-0DD2DAE4DD83","LB-DIST-24876D5E7CCD","","","63267","كفرجرا","Kfar Jarra","","populated-place","33.54721811","35.4310565","national-manifest","C:\xampp\htdocs\projectx\watanybot\packages\lebanese-administrative-authority\authority\sources\arabic\national-village-manifest-clean.csv","","source-reported","accepted","","63267","true","[object Object]"
"LB-LOC-63227","LB","LB-GOV-0DD2DAE4DD83","LB-DIST-24876D5E7CCD","","","63227","لبعا","Lebaa","","populated-place","33.54955871","35.45299619","national-manifest","C:\xampp\htdocs\projectx\watanybot\packages\lebanese-administrative-authority\authority\sources\arabic\national-village-manifest-clean.csv","","source-reported","accepted","","63227","true","[object Object]"
"LB-LOC-63331","LB","LB-GOV-0DD2DAE4DD83","LB-DIST-24876D5E7CCD","","","63331","لويزة جزين","Louayzet Jezzine","","populated-place","33.46450847","35.5307641","national-manifest","C:\xampp\htdocs\projectx\watanybot\packages\lebanese-administrative-authority\authority\sources\arabic\national-village-manifest-clean.csv","","source-reported","accepted","","63331","true","[object Object]"
"LB-LOC-63157","LB","LB-GOV-0DD2DAE4DD83","LB-DIST-24876D5E7CCD","","","63157","مشموشة","Machmoucheh","","populated-place","33.57943063","35.56994718","national-manifest","C:\xampp\htdocs\projectx\watanybot\packages\lebanese-administrative-authority\authority\sources\arabic\national-village-manifest-clean.csv","","source-reported","accepted","","63157","true","[object Object]"
"LB-LOC-63371","LB","LB-GOV-0DD2DAE4DD83","LB-DIST-24876D5E7CCD","","","63371","محمودية جزين","Mahmoudiyeh Jezzine","","populated-place","33.38615545","35.55617123","national-manifest","C:\xampp\htdocs\projectx\watanybot\packages\lebanese-administrative-authority\authority\sources\arabic\national-village-manifest-clean.csv","","source-reported","accepted","","63371","true","[object Object]"
"LB-LOC-63147","LB","LB-GOV-0DD2DAE4DD83","LB-DIST-24876D5E7CCD","","","63147","مكنونية","Maknounet Jezzine","","populated-place","33.5272797","35.54214984","national-manifest","C:\xampp\htdocs\projectx\watanybot\packages\lebanese-administrative-authority\authority\sources\arabic\national-village-manifest-clean.csv","","source-reported","accepted","","63147","true","[object Object]"
"LB-LOC-63359","LB","LB-GOV-0DD2DAE4DD83","LB-DIST-24876D5E7CCD","","","63359","اوزاعية","Maraat Ouazaiyeh","","populated-place","33.39006039","35.56986234","national-manifest","C:\xampp\htdocs\projectx\watanybot\packages\lebanese-administrative-authority\authority\sources\arabic\national-village-manifest-clean.csv","","source-reported","accepted","","63359","true","[object Object]"
"LB-LOC-63323","LB","LB-GOV-0DD2DAE4DD83","LB-DIST-24876D5E7CCD","","","63323","مزرعة عقماتا","Mazraat","","populated-place","33.45567405","35.54786807","national-manifest","C:\xampp\htdocs\projectx\watanybot\packages\lebanese-administrative-authority\authority\sources\arabic\national-village-manifest-clean.csv","","source-reported","accepted","","63323","true","[object Object]"
"LB-LOC-63378","LB","LB-GOV-0DD2DAE4DD83","LB-DIST-24876D5E7CCD","","","63378","داريا جزين","Mazraat Daraya","","populated-place","33.46106555","35.59881919","national-manifest","C:\xampp\htdocs\projectx\watanybot\packages\lebanese-administrative-authority\authority\sources\arabic\national-village-manifest-clean.csv","","source-reported","accepted","","63378","true","[object Object]"
"LB-LOC-63367","LB","LB-GOV-0DD2DAE4DD83","LB-DIST-24876D5E7CCD","","","63367","مزرعة العرقوب","Mazraat El-Aarqoub","","populated-place","33.40540994","35.53829825","national-manifest","C:\xampp\htdocs\projectx\watanybot\packages\lebanese-administrative-authority\authority\sources\arabic\national-village-manifest-clean.csv","","source-reported","accepted","","63367","true","[object Object]"
"LB-LOC-63297","LB","LB-GOV-0DD2DAE4DD83","LB-DIST-24876D5E7CCD","","","63297","مزرعة المطحنة","Mazraat El-Mathane","","populated-place","33.57863394","35.52009708","national-manifest","C:\xampp\htdocs\projectx\watanybot\packages\lebanese-administrative-authority\authority\sources\arabic\national-village-manifest-clean.csv","","source-reported","accepted","","63297","true","[object Object]"
"LB-LOC-63194","LB","LB-GOV-0DD2DAE4DD83","LB-DIST-24876D5E7CCD","","","63194","مزرعة الرهبان","Mazraat Er-Rouhbane","","populated-place","33.4882205","35.54816863","national-manifest","C:\xampp\htdocs\projectx\watanybot\packages\lebanese-administrative-authority\authority\sources\arabic\national-village-manifest-clean.csv","","source-reported","accepted","","63194","true","[object Object]"
"LB-LOC-63335","LB","LB-GOV-0DD2DAE4DD83","LB-DIST-24876D5E7CCD","","","63335","خلة خازن","Mazraat Khallet Khazen","","populated-place","33.42453095","35.58391169","national-manifest","C:\xampp\htdocs\projectx\watanybot\packages\lebanese-administrative-authority\authority\sources\arabic\national-village-manifest-clean.csv","","source-reported","accepted","","63335","true","[object Object]"
"LB-LOC-63348","LB","LB-GOV-0DD2DAE4DD83","LB-DIST-24876D5E7CCD","","","63348","مزرعة لوزيد","Mazraat Louzid (Louayziyeh)","","populated-place","33.41348136","35.5864684","national-manifest","C:\xampp\htdocs\projectx\watanybot\packages\lebanese-administrative-authority\authority\sources\arabic\national-village-manifest-clean.csv","","source-reported","accepted","","63348","true","[object Object]"
"LB-LOC-63339","LB","LB-GOV-0DD2DAE4DD83","LB-DIST-24876D5E7CCD","","","63339","قروح","Mazraat Qrouh","","populated-place","33.42982888","35.57226984","national-manifest","C:\xampp\htdocs\projectx\watanybot\packages\lebanese-administrative-authority\authority\sources\arabic\national-village-manifest-clean.csv","","source-reported","accepted","","63339","true","[object Object]"
"LB-LOC-63383","LB","LB-GOV-0DD2DAE4DD83","LB-DIST-24876D5E7CCD","","","63383","مزرعة طمره","Mazraat Tamra","","populated-place","33.35644331","35.54286575","national-manifest","C:\xampp\htdocs\projectx\watanybot\packages\lebanese-administrative-authority\authority\sources\arabic\national-village-manifest-clean.csv","","source-reported","accepted","","63383","true","[object Object]"
"LB-LOC-63343","LB","LB-GOV-0DD2DAE4DD83","LB-DIST-24876D5E7CCD","","","63343","زغرين جزين","Mazraat Zighrine Jezzine","","populated-place","33.422908","35.55508222","national-manifest","C:\xampp\htdocs\projectx\watanybot\packages\lebanese-administrative-authority\authority\sources\arabic\national-village-manifest-clean.csv","","source-reported","accepted","","63343","true","[object Object]"
"LB-LOC-63231","LB","LB-GOV-0DD2DAE4DD83","LB-DIST-24876D5E7CCD","","","63231","محاربية","Mharbiyeh","","populated-place","33.52821404","35.44675693","national-manifest","C:\xampp\htdocs\projectx\watanybot\packages\lebanese-administrative-authority\authority\sources\arabic\national-village-manifest-clean.csv","","source-reported","accepted","","63231","true","[object Object]"
"LB-LOC-63161","LB","LB-GOV-0DD2DAE4DD83","LB-DIST-24876D5E7CCD","","","63161","ميدان","Midane Jezzine","","populated-place","33.58705696","35.56836235","national-manifest","C:\xampp\htdocs\projectx\watanybot\packages\lebanese-administrative-authority\authority\sources\arabic\national-village-manifest-clean.csv","","source-reported","accepted","","63161","true","[object Object]"
"LB-LOC-63254","LB","LB-GOV-0DD2DAE4DD83","LB-DIST-24876D5E7CCD","","","63254","مجيدل","Mjaydel Jezzine","","populated-place","33.51981217","35.43493495","national-manifest","C:\xampp\htdocs\projectx\watanybot\packages\lebanese-administrative-authority\authority\sources\arabic\national-village-manifest-clean.csv","","source-reported","accepted","","63254","true","[object Object]"
"LB-LOC-63315","LB","LB-GOV-0DD2DAE4DD83","LB-DIST-24876D5E7CCD","","","63315","مليخ","Mlikh","","populated-place","33.47156145","35.55515833","national-manifest","C:\xampp\htdocs\projectx\watanybot\packages\lebanese-administrative-authority\authority\sources\arabic\national-village-manifest-clean.csv","","source-reported","accepted","","63315","true","[object Object]"
"LB-LOC-63217","LB","LB-GOV-0DD2DAE4DD83","LB-DIST-24876D5E7CCD","","","63217","مراح الحباس","Mrah El-Hbasse","","populated-place","33.54907743","35.46283674","national-manifest","C:\xampp\htdocs\projectx\watanybot\packages\lebanese-administrative-authority\authority\sources\arabic\national-village-manifest-clean.csv","","source-reported","accepted","","63217","true","[object Object]"
"LB-LOC-63251","LB","LB-GOV-0DD2DAE4DD83","LB-DIST-24876D5E7CCD","","","63251","وادي بعنقودين","Ouadi Baanqoudaine","","populated-place","33.54309642","35.4368626","national-manifest","C:\xampp\htdocs\projectx\watanybot\packages\lebanese-administrative-authority\authority\sources\arabic\national-village-manifest-clean.csv","","source-reported","accepted","","63251","true","[object Object]"
"LB-LOC-63234","LB","LB-GOV-0DD2DAE4DD83","LB-DIST-24876D5E7CCD","","","63234","وادي الليمون","Ouadi El-Laymoun","","populated-place","33.52621901","35.46620706","national-manifest","C:\xampp\htdocs\projectx\watanybot\packages\lebanese-administrative-authority\authority\sources\arabic\national-village-manifest-clean.csv","","source-reported","accepted","","63234","true","[object Object]"
"LB-LOC-63363","LB","LB-GOV-0DD2DAE4DD83","LB-DIST-24876D5E7CCD","","","63363","وردية","Ouardiyeh","","populated-place","33.39376317","35.5898408","national-manifest","C:\xampp\htdocs\projectx\watanybot\packages\lebanese-administrative-authority\authority\sources\arabic\national-village-manifest-clean.csv","","source-reported","accepted","","63363","true","[object Object]"
"LB-LOC-63117","LB","LB-GOV-0DD2DAE4DD83","LB-DIST-24876D5E7CCD","","","63117","قبع","Qabaa Jezzine","","populated-place","33.54296921","35.55861706","national-manifest","C:\xampp\htdocs\projectx\watanybot\packages\lebanese-administrative-authority\authority\sources\arabic\national-village-manifest-clean.csv","","source-reported","accepted","","63117","true","[object Object]"
"LB-LOC-63327","LB","LB-GOV-0DD2DAE4DD83","LB-DIST-24876D5E7CCD","","","63327","قطراني","Qatrani","","populated-place","33.44152638","35.60203372","national-manifest","C:\xampp\htdocs\projectx\watanybot\packages\lebanese-administrative-authority\authority\sources\arabic\national-village-manifest-clean.csv","","source-reported","accepted","","63327","true","[object Object]"
"LB-LOC-63121","LB","LB-GOV-0DD2DAE4DD83","LB-DIST-24876D5E7CCD","","","63121","قيتولي","Qaytouleh","","populated-place","33.5366889","35.54896164","national-manifest","C:\xampp\htdocs\projectx\watanybot\packages\lebanese-administrative-authority\authority\sources\arabic\national-village-manifest-clean.csv","","source-reported","accepted","","63121","true","[object Object]"
"LB-LOC-63291","LB","LB-GOV-0DD2DAE4DD83","LB-DIST-24876D5E7CCD","","","63291","قتالة جزين","Qtaleh Jezzine","","populated-place","33.57252514","35.50063363","national-manifest","C:\xampp\htdocs\projectx\watanybot\packages\lebanese-administrative-authority\authority\sources\arabic\national-village-manifest-clean.csv","","source-reported","accepted","","63291","true","[object Object]"
"LB-LOC-63319","LB","LB-GOV-0DD2DAE4DD83","LB-DIST-24876D5E7CCD","","","63319","ريحانة جزين","Rihane Jezzine","","populated-place","33.43640073","35.55805137","national-manifest","C:\xampp\htdocs\projectx\watanybot\packages\lebanese-administrative-authority\authority\sources\arabic\national-village-manifest-clean.csv","","source-reported","accepted","","63319","true","[object Object]"
"LB-LOC-63264","LB","LB-GOV-0DD2DAE4DD83","LB-DIST-24876D5E7CCD","","","63264","ريمات","Rimat","","populated-place","33.53013819","35.50206545","national-manifest","C:\xampp\htdocs\projectx\watanybot\packages\lebanese-administrative-authority\authority\sources\arabic\national-village-manifest-clean.csv","","source-reported","accepted","","63264","true","[object Object]"
"LB-LOC-63277","LB","LB-GOV-0DD2DAE4DD83","LB-DIST-24876D5E7CCD","","","63277","روم","Roum","","populated-place","33.55066369","35.5262541","national-manifest","C:\xampp\htdocs\projectx\watanybot\packages\lebanese-administrative-authority\authority\sources\arabic\national-village-manifest-clean.csv","","source-reported","accepted","","63277","true","[object Object]"
"LB-LOC-63154","LB","LB-GOV-0DD2DAE4DD83","LB-DIST-24876D5E7CCD","","","63154","رمانة","Roummanet","","populated-place","33.50696774","35.5550458","national-manifest","C:\xampp\htdocs\projectx\watanybot\packages\lebanese-administrative-authority\authority\sources\arabic\national-village-manifest-clean.csv","","source-reported","accepted","","63154","true","[object Object]"
"LB-LOC-63134","LB","LB-GOV-0DD2DAE4DD83","LB-DIST-24876D5E7CCD","","","63134","صّباح","Sabbah","","populated-place","33.56684778","35.5665029","national-manifest","C:\xampp\htdocs\projectx\watanybot\packages\lebanese-administrative-authority\authority\sources\arabic\national-village-manifest-clean.csv","","source-reported","accepted","","63134","true","[object Object]"
"LB-LOC-63287","LB","LB-GOV-0DD2DAE4DD83","LB-DIST-24876D5E7CCD","","","63287","سنيَا","Sanaya","","populated-place","33.5127312","35.52816291","national-manifest","C:\xampp\htdocs\projectx\watanybot\packages\lebanese-administrative-authority\authority\sources\arabic\national-village-manifest-clean.csv","","source-reported","accepted","","63287","true","[object Object]"
"LB-LOC-63271","LB","LB-GOV-0DD2DAE4DD83","LB-DIST-24876D5E7CCD","","","63271","صيدون","Saydoun","","populated-place","33.51961687","35.51128758","national-manifest","C:\xampp\htdocs\projectx\watanybot\packages\lebanese-administrative-authority\authority\sources\arabic\national-village-manifest-clean.csv","","source-reported","accepted","","63271","true","[object Object]"
"LB-LOC-63351","LB","LB-GOV-0DD2DAE4DD83","LB-DIST-24876D5E7CCD","","","63351","سجد","Sehjoud","","populated-place","33.43413177","35.53503042","national-manifest","C:\xampp\htdocs\projectx\watanybot\packages\lebanese-administrative-authority\authority\sources\arabic\national-village-manifest-clean.csv","","source-reported","accepted","","63351","true","[object Object]"
"LB-LOC-63237","LB","LB-GOV-0DD2DAE4DD83","LB-DIST-24876D5E7CCD","","","63237","صفاريه","Sfaray","","populated-place","33.55361835","35.49570951","national-manifest","C:\xampp\htdocs\projectx\watanybot\packages\lebanese-administrative-authority\authority\sources\arabic\national-village-manifest-clean.csv","","source-reported","accepted","","63237","true","[object Object]"
"LB-LOC-63298","LB","LB-GOV-0DD2DAE4DD83","LB-DIST-24876D5E7CCD","","","63298","سريرة","Srayri","","populated-place","33.42934412","35.6197472","national-manifest","C:\xampp\htdocs\projectx\watanybot\packages\lebanese-administrative-authority\authority\sources\arabic\national-village-manifest-clean.csv","","source-reported","accepted","","63298","true","[object Object]"
"LB-LOC-63187","LB","LB-GOV-0DD2DAE4DD83","LB-DIST-24876D5E7CCD","","","63187","تعيد","Taaid","","populated-place","33.5727225","35.54602334","national-manifest","C:\xampp\htdocs\projectx\watanybot\packages\lebanese-administrative-authority\authority\sources\arabic\national-village-manifest-clean.csv","","source-reported","accepted","","63187","true","[object Object]"
"LB-LOC-63114","LB","LB-GOV-0DD2DAE4DD83","LB-DIST-24876D5E7CCD","","","63114","وادي جزين","Wadi Jezzine","","populated-place","33.55095588","35.58106642","national-manifest","C:\xampp\htdocs\projectx\watanybot\packages\lebanese-administrative-authority\authority\sources\arabic\national-village-manifest-clean.csv","","source-reported","accepted","","63114","true","[object Object]"
"LB-LOC-63177","LB","LB-GOV-0DD2DAE4DD83","LB-DIST-24876D5E7CCD","","","63177","زحلتا","Zhilta","","populated-place","33.51045005","35.54522572","national-manifest","C:\xampp\htdocs\projectx\watanybot\packages\lebanese-administrative-authority\authority\sources\arabic\national-village-manifest-clean.csv","","source-reported","accepted","","63177","true","[object Object]"
"LB-LOC-61244","LB","LB-GOV-0DD2DAE4DD83","LB-DIST-2074448C9F6C","","","61244","عبرا","AAbra Saida","","populated-place","33.56768568","35.40471653","national-manifest","C:\xampp\htdocs\projectx\watanybot\packages\lebanese-administrative-authority\authority\sources\arabic\national-village-manifest-clean.csv","","source-reported","accepted","","61244","true","[object Object]"
"LB-LOC-61434","LB","LB-GOV-0DD2DAE4DD83","LB-DIST-2074448C9F6C","","","61434","عدلون","Aadloun","","populated-place","33.39845699","35.26621807","national-manifest","C:\xampp\htdocs\projectx\watanybot\packages\lebanese-administrative-authority\authority\sources\arabic\national-village-manifest-clean.csv","","source-reported","accepted","","61434","true","[object Object]"
"LB-LOC-61466","LB","LB-GOV-0DD2DAE4DD83","LB-DIST-2074448C9F6C","","","61466","عدّوسية","Aadoussiyeh","","populated-place","33.47251348","35.33700386","national-manifest","C:\xampp\htdocs\projectx\watanybot\packages\lebanese-administrative-authority\authority\sources\arabic\national-village-manifest-clean.csv","","source-reported","accepted","","61466","true","[object Object]"
"LB-LOC-61277","LB","LB-GOV-0DD2DAE4DD83","LB-DIST-2074448C9F6C","","","61277","عين الدلب","Aain Ed-Delb","","populated-place","33.54521125","35.40676382","national-manifest","C:\xampp\htdocs\projectx\watanybot\packages\lebanese-administrative-authority\authority\sources\arabic\national-village-manifest-clean.csv","","source-reported","accepted","","61277","true","[object Object]"
"LB-LOC-61489","LB","LB-GOV-0DD2DAE4DD83","LB-DIST-2074448C9F6C","","","61489","عنقون","Aanqoun","","populated-place","33.50015049","35.42521744","national-manifest","C:\xampp\htdocs\projectx\watanybot\packages\lebanese-administrative-authority\authority\sources\arabic\national-village-manifest-clean.csv","","source-reported","accepted","","61489","true","[object Object]"
"LB-LOC-61477","LB","LB-GOV-0DD2DAE4DD83","LB-DIST-2074448C9F6C","","","61477","عقتنيت","Aaqtanit","","populated-place","33.49217076","35.38783912","national-manifest","C:\xampp\htdocs\projectx\watanybot\packages\lebanese-administrative-authority\authority\sources\arabic\national-village-manifest-clean.csv","","source-reported","accepted","","61477","true","[object Object]"
"LB-LOC-61487","LB","LB-GOV-0DD2DAE4DD83","LB-DIST-2074448C9F6C","","","61487","مزرعة عرب الجل","Aarab Ej-Jall","","populated-place","33.48058801","35.45441879","national-manifest","C:\xampp\htdocs\projectx\watanybot\packages\lebanese-administrative-authority\authority\sources\arabic\national-village-manifest-clean.csv","","source-reported","accepted","","61487","true","[object Object]"
"LB-LOC-61483","LB","LB-GOV-0DD2DAE4DD83","LB-DIST-2074448C9F6C","","","61483","مزرعة عرب طبَايا","Aarab Tabbaya","","populated-place","33.48677165","35.43990113","national-manifest","C:\xampp\htdocs\projectx\watanybot\packages\lebanese-administrative-authority\authority\sources\arabic\national-village-manifest-clean.csv","","source-reported","accepted","","61483","true","[object Object]"
"LB-LOC-61417","LB","LB-GOV-0DD2DAE4DD83","LB-DIST-2074448C9F6C","","","61417","أرزي","Arzai","","populated-place","33.33457226","35.29856143","national-manifest","C:\xampp\htdocs\projectx\watanybot\packages\lebanese-administrative-authority\authority\sources\arabic\national-village-manifest-clean.csv","","source-reported","accepted","","61417","true","[object Object]"
"LB-LOC-61444","LB","LB-GOV-0DD2DAE4DD83","LB-DIST-2074448C9F6C","","","61444","بابلية","Babliyeh","","populated-place","33.41238299","35.32943587","national-manifest","C:\xampp\htdocs\projectx\watanybot\packages\lebanese-administrative-authority\authority\sources\arabic\national-village-manifest-clean.csv","","source-reported","accepted","","61444","true","[object Object]"
"LB-LOC-61488","LB","LB-GOV-0DD2DAE4DD83","LB-DIST-2074448C9F6C","","","61488","برتي","Berti","","populated-place","33.51982423","35.48780205","national-manifest","C:\xampp\htdocs\projectx\watanybot\packages\lebanese-administrative-authority\authority\sources\arabic\national-village-manifest-clean.csv","","source-reported","accepted","","61488","true","[object Object]"
"LB-LOC-61453","LB","LB-GOV-0DD2DAE4DD83","LB-DIST-2074448C9F6C","","","61453","بيسارية","Bissariyeh","","populated-place","33.45681265","35.32211719","national-manifest","C:\xampp\htdocs\projectx\watanybot\packages\lebanese-administrative-authority\authority\sources\arabic\national-village-manifest-clean.csv","","source-reported","accepted","","61453","true","[object Object]"
"LB-LOC-61481","LB","LB-GOV-0DD2DAE4DD83","LB-DIST-2074448C9F6C","","","61481","بنعفول","Bnaafoul","","populated-place","33.48486952","35.41610539","national-manifest","C:\xampp\htdocs\projectx\watanybot\packages\lebanese-administrative-authority\authority\sources\arabic\national-village-manifest-clean.csv","","source-reported","accepted","","61481","true","[object Object]"
"LB-LOC-61266","LB","LB-GOV-0DD2DAE4DD83","LB-DIST-2074448C9F6C","","","61266","بقسطا","Bqosta","","populated-place","33.57467257","35.41211836","national-manifest","C:\xampp\htdocs\projectx\watanybot\packages\lebanese-administrative-authority\authority\sources\arabic\national-village-manifest-clean.csv","","source-reported","accepted","","61266","true","[object Object]"
"LB-LOC-61123","LB","LB-GOV-0DD2DAE4DD83","LB-DIST-2074448C9F6C","","","61123","برامية","Bramiyeh","","populated-place","33.57401696","35.39254711","national-manifest","C:\xampp\htdocs\projectx\watanybot\packages\lebanese-administrative-authority\authority\sources\arabic\national-village-manifest-clean.csv","","source-reported","accepted","","61123","true","[object Object]"
"LB-LOC-61441","LB","LB-GOV-0DD2DAE4DD83","LB-DIST-2074448C9F6C","","","61441","الداودية","Daoudiyeh","","populated-place","33.42694836","35.30155589","national-manifest","C:\xampp\htdocs\projectx\watanybot\packages\lebanese-administrative-authority\authority\sources\arabic\national-village-manifest-clean.csv","","source-reported","accepted","","61441","true","[object Object]"
"LB-LOC-61335","LB","LB-GOV-0DD2DAE4DD83","LB-DIST-2074448C9F6C","","","61335","درب السيم","Darb Es-Sim","","populated-place","33.53333193","35.38306712","national-manifest","C:\xampp\htdocs\projectx\watanybot\packages\lebanese-administrative-authority\authority\sources\arabic\national-village-manifest-clean.csv","","source-reported","accepted","","61335","true","[object Object]"
"LB-LOC-61479","LB","LB-GOV-0DD2DAE4DD83","LB-DIST-2074448C9F6C","","","61479","اركي","Erkay","","populated-place","33.45995853","35.41316138","national-manifest","C:\xampp\htdocs\projectx\watanybot\packages\lebanese-administrative-authority\authority\sources\arabic\national-village-manifest-clean.csv","","source-reported","accepted","","61479","true","[object Object]"
"LB-LOC-61447","LB","LB-GOV-0DD2DAE4DD83","LB-DIST-2074448C9F6C","","","61447","غسانية","Ghassaniyeh","","populated-place","33.41399714","35.35527582","national-manifest","C:\xampp\htdocs\projectx\watanybot\packages\lebanese-administrative-authority\authority\sources\arabic\national-village-manifest-clean.csv","","source-reported","accepted","","61447","true","[object Object]"
"LB-LOC-61311","LB","LB-GOV-0DD2DAE4DD83","LB-DIST-2074448C9F6C","","","61311","غازية","Ghaziyeh","","populated-place","33.51122274","35.37496248","national-manifest","C:\xampp\htdocs\projectx\watanybot\packages\lebanese-administrative-authority\authority\sources\arabic\national-village-manifest-clean.csv","","source-reported","accepted","","61311","true","[object Object]"
"LB-LOC-61471","LB","LB-GOV-0DD2DAE4DD83","LB-DIST-2074448C9F6C","","","61471","حجة","Hajjeh","","populated-place","33.46903373","35.38836348","national-manifest","C:\xampp\htdocs\projectx\watanybot\packages\lebanese-administrative-authority\authority\sources\arabic\national-village-manifest-clean.csv","","source-reported","accepted","","61471","true","[object Object]"
"LB-LOC-61159","LB","LB-GOV-0DD2DAE4DD83","LB-DIST-2074448C9F6C","","","61159","حارة صيدا","Haret Saida","","populated-place","33.55584778","35.39600228","national-manifest","C:\xampp\htdocs\projectx\watanybot\packages\lebanese-administrative-authority\authority\sources\arabic\national-village-manifest-clean.csv","","source-reported","accepted","","61159","true","[object Object]"
"LB-LOC-61423","LB","LB-GOV-0DD2DAE4DD83","LB-DIST-2074448C9F6C","","","61423","حارتية","Hartiyeh","","populated-place","33.38138374","35.28025989","national-manifest","C:\xampp\htdocs\projectx\watanybot\packages\lebanese-administrative-authority\authority\sources\arabic\national-village-manifest-clean.csv","","source-reported","accepted","","61423","true","[object Object]"
"LB-LOC-61147","LB","LB-GOV-0DD2DAE4DD83","LB-DIST-2074448C9F6C","","","61147","هلالية صيدا","Hlaliyeh Saida","","populated-place","33.56521887","35.39114937","national-manifest","C:\xampp\htdocs\projectx\watanybot\packages\lebanese-administrative-authority\authority\sources\arabic\national-village-manifest-clean.csv","","source-reported","accepted","","61147","true","[object Object]"
"LB-LOC-61436","LB","LB-GOV-0DD2DAE4DD83","LB-DIST-2074448C9F6C","","","61436","إنصارية","Insariyeh","","populated-place","33.40566181","35.28382682","national-manifest","C:\xampp\htdocs\projectx\watanybot\packages\lebanese-administrative-authority\authority\sources\arabic\national-village-manifest-clean.csv","","source-reported","accepted","","61436","true","[object Object]"
"LB-LOC-61411","LB","LB-GOV-0DD2DAE4DD83","LB-DIST-2074448C9F6C","","","61411","جزيرة صيدا","Jazira Saida","","populated-place","33.32933441","35.26267975","national-manifest","C:\xampp\htdocs\projectx\watanybot\packages\lebanese-administrative-authority\authority\sources\arabic\national-village-manifest-clean.csv","","source-reported","accepted","","61411","true","[object Object]"
"LB-LOC-61454","LB","LB-GOV-0DD2DAE4DD83","LB-DIST-2074448C9F6C","","","61454","كوثرية السياد","Kaoutariyet Es-Siyad","","populated-place","33.4163844","35.38224893","national-manifest","C:\xampp\htdocs\projectx\watanybot\packages\lebanese-administrative-authority\authority\sources\arabic\national-village-manifest-clean.csv","","source-reported","accepted","","61454","true","[object Object]"
"LB-LOC-61491","LB","LB-GOV-0DD2DAE4DD83","LB-DIST-2074448C9F6C","","","61491","كفربيت","Kfar Beit","","populated-place","33.49701205","35.46254898","national-manifest","C:\xampp\htdocs\projectx\watanybot\packages\lebanese-administrative-authority\authority\sources\arabic\national-village-manifest-clean.csv","","source-reported","accepted","","61491","true","[object Object]"
"LB-LOC-61494","LB","LB-GOV-0DD2DAE4DD83","LB-DIST-2074448C9F6C","","","61494","كفر شلال","Kfar Chellal","","populated-place","33.4910303","35.46350784","national-manifest","C:\xampp\htdocs\projectx\watanybot\packages\lebanese-administrative-authority\authority\sources\arabic\national-village-manifest-clean.csv","","source-reported","accepted","","61494","true","[object Object]"
"LB-LOC-61493","LB","LB-GOV-0DD2DAE4DD83","LB-DIST-2074448C9F6C","","","61493","كفرحتى","Kfar Hatta Saida","","populated-place","33.50541497","35.45248719","national-manifest","C:\xampp\htdocs\projectx\watanybot\packages\lebanese-administrative-authority\authority\sources\arabic\national-village-manifest-clean.csv","","source-reported","accepted","","61493","true","[object Object]"
"LB-LOC-61496","LB","LB-GOV-0DD2DAE4DD83","LB-DIST-2074448C9F6C","","","61496","كفرملكي صيدا","Kfar Melki Saida","","populated-place","33.50133966","35.4815693","national-manifest","C:\xampp\htdocs\projectx\watanybot\packages\lebanese-administrative-authority\authority\sources\arabic\national-village-manifest-clean.csv","","source-reported","accepted","","61496","true","[object Object]"
"LB-LOC-61446","LB","LB-GOV-0DD2DAE4DD83","LB-DIST-2074448C9F6C","","","61446","خرطوم","Khartoum","","populated-place","33.40327138","35.36874426","national-manifest","C:\xampp\htdocs\projectx\watanybot\packages\lebanese-administrative-authority\authority\sources\arabic\national-village-manifest-clean.csv","","source-reported","accepted","","61446","true","[object Object]"
"LB-LOC-61419","LB","LB-GOV-0DD2DAE4DD83","LB-DIST-2074448C9F6C","","","61419","الخرائب صيدا","Khayayeb Saida","","populated-place","33.35416361","35.29532253","national-manifest","C:\xampp\htdocs\projectx\watanybot\packages\lebanese-administrative-authority\authority\sources\arabic\national-village-manifest-clean.csv","","source-reported","accepted","","61419","true","[object Object]"
"LB-LOC-61443","LB","LB-GOV-0DD2DAE4DD83","LB-DIST-2074448C9F6C","","","61443","خربة الدوير صيدا","Khirbet Ed-Douair Saida","","populated-place","33.43371784","35.31795316","national-manifest","C:\xampp\htdocs\projectx\watanybot\packages\lebanese-administrative-authority\authority\sources\arabic\national-village-manifest-clean.csv","","source-reported","accepted","","61443","true","[object Object]"
"LB-LOC-61467","LB","LB-GOV-0DD2DAE4DD83","LB-DIST-2074448C9F6C","","","61467","خربة البصل","Khirbet El-Bassal","","populated-place","33.47158735","35.3643628","national-manifest","C:\xampp\htdocs\projectx\watanybot\packages\lebanese-administrative-authority\authority\sources\arabic\national-village-manifest-clean.csv","","source-reported","accepted","","61467","true","[object Object]"
"LB-LOC-61474","LB","LB-GOV-0DD2DAE4DD83","LB-DIST-2074448C9F6C","","","61474","خزيز","Khzaiz","","populated-place","33.46854217","35.40144166","national-manifest","C:\xampp\htdocs\projectx\watanybot\packages\lebanese-administrative-authority\authority\sources\arabic\national-village-manifest-clean.csv","","source-reported","accepted","","61474","true","[object Object]"
"LB-LOC-61439","LB","LB-GOV-0DD2DAE4DD83","LB-DIST-2074448C9F6C","","","61439","لوبية","Loubieh","","populated-place","33.42727833","35.28467501","national-manifest","C:\xampp\htdocs\projectx\watanybot\packages\lebanese-administrative-authority\authority\sources\arabic\national-village-manifest-clean.csv","","source-reported","accepted","","61439","true","[object Object]"
"LB-LOC-61476","LB","LB-GOV-0DD2DAE4DD83","LB-DIST-2074448C9F6C","","","61476","معمارية","Maamriyeh","","populated-place","33.48669124","35.36876319","national-manifest","C:\xampp\htdocs\projectx\watanybot\packages\lebanese-administrative-authority\authority\sources\arabic\national-village-manifest-clean.csv","","source-reported","accepted","","61476","true","[object Object]"
"LB-LOC-61323","LB","LB-GOV-0DD2DAE4DD83","LB-DIST-2074448C9F6C","","","61323","مغدوشة","Maghdoucheh","","populated-place","33.51693662","35.38547418","national-manifest","C:\xampp\htdocs\projectx\watanybot\packages\lebanese-administrative-authority\authority\sources\arabic\national-village-manifest-clean.csv","","source-reported","accepted","","61323","true","[object Object]"
"LB-LOC-61233","LB","LB-GOV-0DD2DAE4DD83","LB-DIST-2074448C9F6C","","","61233","مجدليون","Majdelyoun","","populated-place","33.55542059","35.41704564","national-manifest","C:\xampp\htdocs\projectx\watanybot\packages\lebanese-administrative-authority\authority\sources\arabic\national-village-manifest-clean.csv","","source-reported","accepted","","61233","true","[object Object]"
"LB-LOC-61415","LB","LB-GOV-0DD2DAE4DD83","LB-DIST-2074448C9F6C","","","61415","مطرية الشومر","Matariyet Ech-Choumar","","populated-place","33.33531452","35.27375879","national-manifest","C:\xampp\htdocs\projectx\watanybot\packages\lebanese-administrative-authority\authority\sources\arabic\national-village-manifest-clean.csv","","source-reported","accepted","","61415","true","[object Object]"
"LB-LOC-61486","LB","LB-GOV-0DD2DAE4DD83","LB-DIST-2074448C9F6C","","","61486","مزرعة عرب سكر","Mazraat Aarab Soukkar","","populated-place","33.48266048","35.44528198","national-manifest","C:\xampp\htdocs\projectx\watanybot\packages\lebanese-administrative-authority\authority\sources\arabic\national-village-manifest-clean.csv","","source-reported","accepted","","61486","true","[object Object]"
"LB-LOC-61431","LB","LB-GOV-0DD2DAE4DD83","LB-DIST-2074448C9F6C","","","61431","دير تقلا","Mazraat Deir Taqla","","populated-place","33.39815868","35.29363985","national-manifest","C:\xampp\htdocs\projectx\watanybot\packages\lebanese-administrative-authority\authority\sources\arabic\national-village-manifest-clean.csv","","source-reported","accepted","","61431","true","[object Object]"
"LB-LOC-61412","LB","LB-GOV-0DD2DAE4DD83","LB-DIST-2074448C9F6C","","","61412","مزرعة العيتانية","Mazraat El Yahoudiyeh (Aaitaniyeh)","","populated-place","33.35554704","35.25070949","national-manifest","C:\xampp\htdocs\projectx\watanybot\packages\lebanese-administrative-authority\authority\sources\arabic\national-village-manifest-clean.csv","","source-reported","accepted","","61412","true","[object Object]"
"LB-LOC-61473","LB","LB-GOV-0DD2DAE4DD83","LB-DIST-2074448C9F6C","","","61473","مزرعة الحسينية","Mazraat El-Houssainiyeh","","populated-place","33.49269849","35.34977595","national-manifest","C:\xampp\htdocs\projectx\watanybot\packages\lebanese-administrative-authority\authority\sources\arabic\national-village-manifest-clean.csv","","source-reported","accepted","","61473","true","[object Object]"
"LB-LOC-61424","LB","LB-GOV-0DD2DAE4DD83","LB-DIST-2074448C9F6C","","","61424","المحيدلة","Mazraat El-Mhaydaleh","","populated-place","33.38394615","35.29347931","national-manifest","C:\xampp\htdocs\projectx\watanybot\packages\lebanese-administrative-authority\authority\sources\arabic\national-village-manifest-clean.csv","","source-reported","accepted","","61424","true","[object Object]"
"LB-LOC-61421","LB","LB-GOV-0DD2DAE4DD83","LB-DIST-2074448C9F6C","","","61421","مزرعة جمجيم","Mazraat Jamjim","","populated-place","33.35838248","35.2751292","national-manifest","C:\xampp\htdocs\projectx\watanybot\packages\lebanese-administrative-authority\authority\sources\arabic\national-village-manifest-clean.csv","","source-reported","accepted","","61421","true","[object Object]"
"LB-LOC-61426","LB","LB-GOV-0DD2DAE4DD83","LB-DIST-2074448C9F6C","","","61426","مزرعة كوثرية الرز","Mazraat Kaoutariyet Er-Riz","","populated-place","33.37354457","35.30501662","national-manifest","C:\xampp\htdocs\projectx\watanybot\packages\lebanese-administrative-authority\authority\sources\arabic\national-village-manifest-clean.csv","","source-reported","accepted","","61426","true","[object Object]"
"LB-LOC-61418","LB","LB-GOV-0DD2DAE4DD83","LB-DIST-2074448C9F6C","","","61418","كفر بدَه","Mazraat Kfar Beda","","populated-place","33.36638063","35.27070403","national-manifest","C:\xampp\htdocs\projectx\watanybot\packages\lebanese-administrative-authority\authority\sources\arabic\national-village-manifest-clean.csv","","source-reported","accepted","","61418","true","[object Object]"
"LB-LOC-61469","LB","LB-GOV-0DD2DAE4DD83","LB-DIST-2074448C9F6C","","","61469","المصيلح","Mazraat 'Mseileh","","populated-place","33.4812526","35.35586939","national-manifest","C:\xampp\htdocs\projectx\watanybot\packages\lebanese-administrative-authority\authority\sources\arabic\national-village-manifest-clean.csv","","source-reported","accepted","","61469","true","[object Object]"
"LB-LOC-61433","LB","LB-GOV-0DD2DAE4DD83","LB-DIST-2074448C9F6C","","","61433","الاوساميات","Mazraat Oussamiyat","","populated-place","33.38848003","35.30800399","national-manifest","C:\xampp\htdocs\projectx\watanybot\packages\lebanese-administrative-authority\authority\sources\arabic\national-village-manifest-clean.csv","","source-reported","accepted","","61433","true","[object Object]"
"LB-LOC-61429","LB","LB-GOV-0DD2DAE4DD83","LB-DIST-2074448C9F6C","","","61429","ساري","Mazraat Sari","","populated-place","33.39153202","35.27860848","national-manifest","C:\xampp\htdocs\projectx\watanybot\packages\lebanese-administrative-authority\authority\sources\arabic\national-village-manifest-clean.csv","","source-reported","accepted","","61429","true","[object Object]"
"LB-LOC-61437","LB","LB-GOV-0DD2DAE4DD83","LB-DIST-2074448C9F6C","","","61437","مزرعة سيناي","Mazraat Sinai","","populated-place","33.38973339","35.35946147","national-manifest","C:\xampp\htdocs\projectx\watanybot\packages\lebanese-administrative-authority\authority\sources\arabic\national-village-manifest-clean.csv","","source-reported","accepted","","61437","true","[object Object]"
"LB-LOC-61457","LB","LB-GOV-0DD2DAE4DD83","LB-DIST-2074448C9F6C","","","61457","مزرعة سنيبر","Mazraat 'Snaiber","","populated-place","33.45860516","35.33143981","national-manifest","C:\xampp\htdocs\projectx\watanybot\packages\lebanese-administrative-authority\authority\sources\arabic\national-village-manifest-clean.csv","","source-reported","accepted","","61457","true","[object Object]"
"LB-LOC-61463","LB","LB-GOV-0DD2DAE4DD83","LB-DIST-2074448C9F6C","","","61463","مروانية","Merouaniyeh","","populated-place","33.45189897","35.37951645","national-manifest","C:\xampp\htdocs\projectx\watanybot\packages\lebanese-administrative-authority\authority\sources\arabic\national-village-manifest-clean.csv","","source-reported","accepted","","61463","true","[object Object]"
"LB-LOC-61183","LB","LB-GOV-0DD2DAE4DD83","LB-DIST-2074448C9F6C","","","61183","مية ومية","Miyeh ou Miyeh","","populated-place","33.54246201","35.39182011","national-manifest","C:\xampp\htdocs\projectx\watanybot\packages\lebanese-administrative-authority\authority\sources\arabic\national-village-manifest-clean.csv","","source-reported","accepted","","61183","true","[object Object]"
"LB-LOC-61484","LB","LB-GOV-0DD2DAE4DD83","LB-DIST-2074448C9F6C","","","61484","مزرعة مطيرية جباع","Mtayriyeh","","populated-place","33.5141721","35.4031637","national-manifest","C:\xampp\htdocs\projectx\watanybot\packages\lebanese-administrative-authority\authority\sources\arabic\national-village-manifest-clean.csv","","source-reported","accepted","","61484","true","[object Object]"
"LB-LOC-61414","LB","LB-GOV-0DD2DAE4DD83","LB-DIST-2074448C9F6C","","","61414","مزرعة الواسطة","Mzaraat El-Ouasta","","populated-place","33.34890061","35.26453649","national-manifest","C:\xampp\htdocs\projectx\watanybot\packages\lebanese-administrative-authority\authority\sources\arabic\national-village-manifest-clean.csv","","source-reported","accepted","","61414","true","[object Object]"
"LB-LOC-61464","LB","LB-GOV-0DD2DAE4DD83","LB-DIST-2074448C9F6C","","","61464","نجارية","Najjariyeh","","populated-place","33.47912994","35.34360053","national-manifest","C:\xampp\htdocs\projectx\watanybot\packages\lebanese-administrative-authority\authority\sources\arabic\national-village-manifest-clean.csv","","source-reported","accepted","","61464","true","[object Object]"
"LB-LOC-61451","LB","LB-GOV-0DD2DAE4DD83","LB-DIST-2074448C9F6C","","","61451","قعقعية الصنوبر","Qaaqaiyet Es-Snaoubar","","populated-place","33.43907125","35.33470461","national-manifest","C:\xampp\htdocs\projectx\watanybot\packages\lebanese-administrative-authority\authority\sources\arabic\national-village-manifest-clean.csv","","source-reported","accepted","","61451","true","[object Object]"
"LB-LOC-61347","LB","LB-GOV-0DD2DAE4DD83","LB-DIST-2074448C9F6C","","","61347","قناريت","Qennarit","","populated-place","33.50259091","35.38388587","national-manifest","C:\xampp\htdocs\projectx\watanybot\packages\lebanese-administrative-authority\authority\sources\arabic\national-village-manifest-clean.csv","","source-reported","accepted","","61347","true","[object Object]"
"LB-LOC-61255","LB","LB-GOV-0DD2DAE4DD83","LB-DIST-2074448C9F6C","","","61255","قرية صيدا","Qraiyet Saida","","populated-place","33.53733931","35.41513531","national-manifest","C:\xampp\htdocs\projectx\watanybot\packages\lebanese-administrative-authority\authority\sources\arabic\national-village-manifest-clean.csv","","source-reported","accepted","","61255","true","[object Object]"
"LB-LOC-61119","LB","LB-GOV-0DD2DAE4DD83","LB-DIST-2074448C9F6C","","","61119","صيدا الدكرمان","Saida Ed-Dekermane","","populated-place","33.55095181","35.37248943","national-manifest","C:\xampp\htdocs\projectx\watanybot\packages\lebanese-administrative-authority\authority\sources\arabic\national-village-manifest-clean.csv","","source-reported","accepted","","61119","true","[object Object]"
"LB-LOC-61111","LB","LB-GOV-0DD2DAE4DD83","LB-DIST-2074448C9F6C","","","61111","الوسطاني","Saida El-Oustani","","populated-place","33.57646637","35.38594929","national-manifest","C:\xampp\htdocs\projectx\watanybot\packages\lebanese-administrative-authority\authority\sources\arabic\national-village-manifest-clean.csv","","source-reported","accepted","","61111","true","[object Object]"
"LB-LOC-61115","LB","LB-GOV-0DD2DAE4DD83","LB-DIST-2074448C9F6C","","","61115","صيدا","Saida El-Qadimeh","","populated-place","33.56403122","35.36924055","national-manifest","C:\xampp\htdocs\projectx\watanybot\packages\lebanese-administrative-authority\authority\sources\arabic\national-village-manifest-clean.csv","","source-reported","accepted","","61115","true","[object Object]"
"LB-LOC-61222","LB","LB-GOV-0DD2DAE4DD83","LB-DIST-2074448C9F6C","","","61222","كفريا","Saida Kefraya","","populated-place","33.55677852","35.43817071","national-manifest","C:\xampp\htdocs\projectx\watanybot\packages\lebanese-administrative-authority\authority\sources\arabic\national-village-manifest-clean.csv","","source-reported","accepted","","61222","true","[object Object]"
"LB-LOC-61461","LB","LB-GOV-0DD2DAE4DD83","LB-DIST-2074448C9F6C","","","61461","سكسكية","Saksakiyeh","","populated-place","33.43575556","35.28631992","national-manifest","C:\xampp\htdocs\projectx\watanybot\packages\lebanese-administrative-authority\authority\sources\arabic\national-village-manifest-clean.csv","","source-reported","accepted","","61461","true","[object Object]"
"LB-LOC-61211","LB","LB-GOV-0DD2DAE4DD83","LB-DIST-2074448C9F6C","","","61211","صالحية","Salhiyet Saida","","populated-place","33.55890231","35.42626999","national-manifest","C:\xampp\htdocs\projectx\watanybot\packages\lebanese-administrative-authority\authority\sources\arabic\national-village-manifest-clean.csv","","source-reported","accepted","","61211","true","[object Object]"
"LB-LOC-61449","LB","LB-GOV-0DD2DAE4DD83","LB-DIST-2074448C9F6C","","","61449","صرفند","Sarafand","","populated-place","33.45169896","35.29870752","national-manifest","C:\xampp\htdocs\projectx\watanybot\packages\lebanese-administrative-authority\authority\sources\arabic\national-village-manifest-clean.csv","","source-reported","accepted","","61449","true","[object Object]"
"LB-LOC-61497","LB","LB-GOV-0DD2DAE4DD83","LB-DIST-2074448C9F6C","","","61497","سفنتا","Sfenta","","populated-place","33.51127445","35.48273622","national-manifest","C:\xampp\htdocs\projectx\watanybot\packages\lebanese-administrative-authority\authority\sources\arabic\national-village-manifest-clean.csv","","source-reported","accepted","","61497","true","[object Object]"
"LB-LOC-61383","LB","LB-GOV-0DD2DAE4DD83","LB-DIST-2074448C9F6C","","","61383","طنبوريت","Tanbourit","","populated-place","33.51800638","35.41345483","national-manifest","C:\xampp\htdocs\projectx\watanybot\packages\lebanese-administrative-authority\authority\sources\arabic\national-village-manifest-clean.csv","","source-reported","accepted","","61383","true","[object Object]"
"LB-LOC-61456","LB","LB-GOV-0DD2DAE4DD83","LB-DIST-2074448C9F6C","","","61456","تبنا","Tebna","","populated-place","33.44644507","35.34426532","national-manifest","C:\xampp\htdocs\projectx\watanybot\packages\lebanese-administrative-authority\authority\sources\arabic\national-village-manifest-clean.csv","","source-reported","accepted","","61456","true","[object Object]"
"LB-LOC-61459","LB","LB-GOV-0DD2DAE4DD83","LB-DIST-2074448C9F6C","","","61459","تفاحتا","Teffahta","","populated-place","33.44001462","35.36283681","national-manifest","C:\xampp\htdocs\projectx\watanybot\packages\lebanese-administrative-authority\authority\sources\arabic\national-village-manifest-clean.csv","","source-reported","accepted","","61459","true","[object Object]"
"LB-LOC-61371","LB","LB-GOV-0DD2DAE4DD83","LB-DIST-2074448C9F6C","","","61371","زغدرايا","Zaghdraiya","","populated-place","33.52948264","35.39731093","national-manifest","C:\xampp\htdocs\projectx\watanybot\packages\lebanese-administrative-authority\authority\sources\arabic\national-village-manifest-clean.csv","","source-reported","accepted","","61371","true","[object Object]"
"LB-LOC-61359","LB","LB-GOV-0DD2DAE4DD83","LB-DIST-2074448C9F6C","","","61359","زيتا","Zeita","","populated-place","33.50545338","35.39432648","national-manifest","C:\xampp\htdocs\projectx\watanybot\packages\lebanese-administrative-authority\authority\sources\arabic\national-village-manifest-clean.csv","","source-reported","accepted","","61359","true","[object Object]"
"LB-LOC-61427","LB","LB-GOV-0DD2DAE4DD83","LB-DIST-2074448C9F6C","","","61427","زرارية","Zrariyeh","","populated-place","33.34382317","35.33582424","national-manifest","C:\xampp\htdocs\projectx\watanybot\packages\lebanese-administrative-authority\authority\sources\arabic\national-village-manifest-clean.csv","","source-reported","accepted","","61427","true","[object Object]"
"LB-LOC-62276","LB","LB-GOV-0DD2DAE4DD83","LB-DIST-EC70FD23603B","","","62276","عباسية","Aabbassiyet Sour","","populated-place","33.29420663","35.2702277","national-manifest","C:\xampp\htdocs\projectx\watanybot\packages\lebanese-administrative-authority\authority\sources\arabic\national-village-manifest-clean.csv","","source-reported","accepted","","62276","true","[object Object]"
"LB-LOC-62291","LB","LB-GOV-0DD2DAE4DD83","LB-DIST-EC70FD23603B","","","62291","عين أبو عبدالله","Aain Abou Abdallah","","populated-place","33.32442286","35.24877276","national-manifest","C:\xampp\htdocs\projectx\watanybot\packages\lebanese-administrative-authority\authority\sources\arabic\national-village-manifest-clean.csv","","source-reported","accepted","","62291","true","[object Object]"
"LB-LOC-62243","LB","LB-GOV-0DD2DAE4DD83","LB-DIST-EC70FD23603B","","","62243","عين بعل","Aain Baal","","populated-place","33.23912227","35.24972964","national-manifest","C:\xampp\htdocs\projectx\watanybot\packages\lebanese-administrative-authority\authority\sources\arabic\national-village-manifest-clean.csv","","source-reported","accepted","","62243","true","[object Object]"
"LB-LOC-62242","LB","LB-GOV-0DD2DAE4DD83","LB-DIST-EC70FD23603B","","","62242","مزرعة عيا","Aaiyeh","","populated-place","33.17924892","35.3066653","national-manifest","C:\xampp\htdocs\projectx\watanybot\packages\lebanese-administrative-authority\authority\sources\arabic\national-village-manifest-clean.csv","","source-reported","accepted","","62242","true","[object Object]"
"LB-LOC-62316","LB","LB-GOV-0DD2DAE4DD83","LB-DIST-EC70FD23603B","","","62316","علما الشعب","Aalma Ech-Chaab","","populated-place","33.10662656","35.17954336","national-manifest","C:\xampp\htdocs\projectx\watanybot\packages\lebanese-administrative-authority\authority\sources\arabic\national-village-manifest-clean.csv","","source-reported","accepted","","62316","true","[object Object]"
"LB-LOC-62217","LB","LB-GOV-0DD2DAE4DD83","LB-DIST-EC70FD23603B","","","62217","عيتيت","Aaytit","","populated-place","33.22915203","35.29991044","national-manifest","C:\xampp\htdocs\projectx\watanybot\packages\lebanese-administrative-authority\authority\sources\arabic\national-village-manifest-clean.csv","","source-reported","accepted","","62217","true","[object Object]"
"LB-LOC-62294","LB","LB-GOV-0DD2DAE4DD83","LB-DIST-EC70FD23603B","","","62294","عزِّيه","Aaziyeh","","populated-place","33.17353721","35.24211522","national-manifest","C:\xampp\htdocs\projectx\watanybot\packages\lebanese-administrative-authority\authority\sources\arabic\national-village-manifest-clean.csv","","source-reported","accepted","","62294","true","[object Object]"
"LB-LOC-62319","LB","LB-GOV-0DD2DAE4DD83","LB-DIST-EC70FD23603B","","","62319","أبو شاش","Abou Chech","","populated-place","33.12767796","35.20713183","national-manifest","C:\xampp\htdocs\projectx\watanybot\packages\lebanese-administrative-authority\authority\sources\arabic\national-village-manifest-clean.csv","","source-reported","accepted","","62319","true","[object Object]"
"LB-LOC-62256","LB","LB-GOV-0DD2DAE4DD83","LB-DIST-EC70FD23603B","","","62256","ارزون","Arzoun","","populated-place","33.28196557","35.38346866","national-manifest","C:\xampp\htdocs\projectx\watanybot\packages\lebanese-administrative-authority\authority\sources\arabic\national-village-manifest-clean.csv","","source-reported","accepted","","62256","true","[object Object]"
"LB-LOC-62221","LB","LB-GOV-0DD2DAE4DD83","LB-DIST-EC70FD23603B","","","62221","بافليه","Bafliyeh","","populated-place","33.26068743","35.36542043","national-manifest","C:\xampp\htdocs\projectx\watanybot\packages\lebanese-administrative-authority\authority\sources\arabic\national-village-manifest-clean.csv","","source-reported","accepted","","62221","true","[object Object]"
"LB-LOC-62224","LB","LB-GOV-0DD2DAE4DD83","LB-DIST-EC70FD23603B","","","62224","باريش","Barich","","populated-place","33.26866829","35.35210186","national-manifest","C:\xampp\htdocs\projectx\watanybot\packages\lebanese-administrative-authority\authority\sources\arabic\national-village-manifest-clean.csv","","source-reported","accepted","","62224","true","[object Object]"
"LB-LOC-62162","LB","LB-GOV-0DD2DAE4DD83","LB-DIST-EC70FD23603B","","","62162","باتوليه","Batoulay","","populated-place","33.2305227","35.25085714","national-manifest","C:\xampp\htdocs\projectx\watanybot\packages\lebanese-administrative-authority\authority\sources\arabic\national-village-manifest-clean.csv","","source-reported","accepted","","62162","true","[object Object]"
"LB-LOC-62246","LB","LB-GOV-0DD2DAE4DD83","LB-DIST-EC70FD23603B","","","62246","بازورية","Bazouriyeh","","populated-place","33.25335175","35.26686339","national-manifest","C:\xampp\htdocs\projectx\watanybot\packages\lebanese-administrative-authority\authority\sources\arabic\national-village-manifest-clean.csv","","source-reported","accepted","","62246","true","[object Object]"
"LB-LOC-62274","LB","LB-GOV-0DD2DAE4DD83","LB-DIST-EC70FD23603B","","","62274","بدياس","Bedias","","populated-place","33.31453592","35.30152565","national-manifest","C:\xampp\htdocs\projectx\watanybot\packages\lebanese-administrative-authority\authority\sources\arabic\national-village-manifest-clean.csv","","source-reported","accepted","","62274","true","[object Object]"
"LB-LOC-62249","LB","LB-GOV-0DD2DAE4DD83","LB-DIST-EC70FD23603B","","","62249","بستيات","Bestiyat","","populated-place","33.28364084","35.35986627","national-manifest","C:\xampp\htdocs\projectx\watanybot\packages\lebanese-administrative-authority\authority\sources\arabic\national-village-manifest-clean.csv","","source-reported","accepted","","62249","true","[object Object]"
"LB-LOC-62226","LB","LB-GOV-0DD2DAE4DD83","LB-DIST-EC70FD23603B","","","62226","البياض صور","Biyad","","populated-place","33.20551095","35.32580342","national-manifest","C:\xampp\htdocs\projectx\watanybot\packages\lebanese-administrative-authority\authority\sources\arabic\national-village-manifest-clean.csv","","source-reported","accepted","","62226","true","[object Object]"
"LB-LOC-62128","LB","LB-GOV-0DD2DAE4DD83","LB-DIST-EC70FD23603B","","","62128","برج الشمالي","Borj Ech-Chemali","","populated-place","33.26072574","35.23218537","national-manifest","C:\xampp\htdocs\projectx\watanybot\packages\lebanese-administrative-authority\authority\sources\arabic\national-village-manifest-clean.csv","","source-reported","accepted","","62128","true","[object Object]"
"LB-LOC-62312","LB","LB-GOV-0DD2DAE4DD83","LB-DIST-EC70FD23603B","","","62312","الناقورة","Borj En-Naqoura","","populated-place","33.11053831","35.12259165","national-manifest","C:\xampp\htdocs\projectx\watanybot\packages\lebanese-administrative-authority\authority\sources\arabic\national-village-manifest-clean.csv","","source-reported","accepted","","62312","true","[object Object]"
"LB-LOC-62283","LB","LB-GOV-0DD2DAE4DD83","LB-DIST-EC70FD23603B","","","62283","برج رحال","Borj Rahhal","","populated-place","33.31175985","35.27911073","national-manifest","C:\xampp\htdocs\projectx\watanybot\packages\lebanese-administrative-authority\authority\sources\arabic\national-village-manifest-clean.csv","","source-reported","accepted","","62283","true","[object Object]"
"LB-LOC-62321","LB","LB-GOV-0DD2DAE4DD83","LB-DIST-EC70FD23603B","","","62321","بستان صور","Boustane","","populated-place","33.1011866","35.25926373","national-manifest","C:\xampp\htdocs\projectx\watanybot\packages\lebanese-administrative-authority\authority\sources\arabic\national-village-manifest-clean.csv","","source-reported","accepted","","62321","true","[object Object]"
"LB-LOC-62331","LB","LB-GOV-0DD2DAE4DD83","LB-DIST-EC70FD23603B","","","62331","بطيشية","Btaychiyeh","","populated-place","33.11000719","35.20731611","national-manifest","C:\xampp\htdocs\projectx\watanybot\packages\lebanese-administrative-authority\authority\sources\arabic\national-village-manifest-clean.csv","","source-reported","accepted","","62331","true","[object Object]"
"LB-LOC-62277","LB","LB-GOV-0DD2DAE4DD83","LB-DIST-EC70FD23603B","","","62277","شعيتية","Chaaitiyeh","","populated-place","33.19987789","35.2522418","national-manifest","C:\xampp\htdocs\projectx\watanybot\packages\lebanese-administrative-authority\authority\sources\arabic\national-village-manifest-clean.csv","","source-reported","accepted","","62277","true","[object Object]"
"LB-LOC-62298","LB","LB-GOV-0DD2DAE4DD83","LB-DIST-EC70FD23603B","","","62298","شمع","Chamaa","","populated-place","33.14593487","35.20523729","national-manifest","C:\xampp\htdocs\projectx\watanybot\packages\lebanese-administrative-authority\authority\sources\arabic\national-village-manifest-clean.csv","","source-reported","accepted","","62298","true","[object Object]"
"LB-LOC-62254","LB","LB-GOV-0DD2DAE4DD83","LB-DIST-EC70FD23603B","","","62254","شهابية","Chehabiyeh","","populated-place","33.24009507","35.37515936","national-manifest","C:\xampp\htdocs\projectx\watanybot\packages\lebanese-administrative-authority\authority\sources\arabic\national-village-manifest-clean.csv","","source-reported","accepted","","62254","true","[object Object]"
"LB-LOC-62264","LB","LB-GOV-0DD2DAE4DD83","LB-DIST-EC70FD23603B","","","62264","شحور","Chehour","","populated-place","33.29763167","35.37681701","national-manifest","C:\xampp\htdocs\projectx\watanybot\packages\lebanese-administrative-authority\authority\sources\arabic\national-village-manifest-clean.csv","","source-reported","accepted","","62264","true","[object Object]"
"LB-LOC-62285","LB","LB-GOV-0DD2DAE4DD83","LB-DIST-EC70FD23603B","","","62285","شيحين","Chihine","","populated-place","33.12868433","35.25897573","national-manifest","C:\xampp\htdocs\projectx\watanybot\packages\lebanese-administrative-authority\authority\sources\arabic\national-village-manifest-clean.csv","","source-reported","accepted","","62285","true","[object Object]"
"LB-LOC-62212","LB","LB-GOV-0DD2DAE4DD83","LB-DIST-EC70FD23603B","","","62212","دبعل","Debaal Sour","","populated-place","33.25246114","35.34767829","national-manifest","C:\xampp\htdocs\projectx\watanybot\packages\lebanese-administrative-authority\authority\sources\arabic\national-village-manifest-clean.csv","","source-reported","accepted","","62212","true","[object Object]"
"LB-LOC-62223","LB","LB-GOV-0DD2DAE4DD83","LB-DIST-EC70FD23603B","","","62223","ديرعامص","Deir Aames","","populated-place","33.19403479","35.34327986","national-manifest","C:\xampp\htdocs\projectx\watanybot\packages\lebanese-administrative-authority\authority\sources\arabic\national-village-manifest-clean.csv","","source-reported","accepted","","62223","true","[object Object]"
"LB-LOC-62251","LB","LB-GOV-0DD2DAE4DD83","LB-DIST-EC70FD23603B","","","62251","دير كيفا","Deir Kifa","","populated-place","33.25373059","35.40248767","national-manifest","C:\xampp\htdocs\projectx\watanybot\packages\lebanese-administrative-authority\authority\sources\arabic\national-village-manifest-clean.csv","","source-reported","accepted","","62251","true","[object Object]"
"LB-LOC-62179","LB","LB-GOV-0DD2DAE4DD83","LB-DIST-EC70FD23603B","","","62179","دير قانون","Deir Qanoun El-Aain","","populated-place","33.21412333","35.22445451","national-manifest","C:\xampp\htdocs\projectx\watanybot\packages\lebanese-administrative-authority\authority\sources\arabic\national-village-manifest-clean.csv","","source-reported","accepted","","62179","true","[object Object]"
"LB-LOC-62263","LB","LB-GOV-0DD2DAE4DD83","LB-DIST-EC70FD23603B","","","62263","دير قانون النهر","Deir Qanoun En-Nahr","","populated-place","33.30254504","35.30686089","national-manifest","C:\xampp\htdocs\projectx\watanybot\packages\lebanese-administrative-authority\authority\sources\arabic\national-village-manifest-clean.csv","","source-reported","accepted","","62263","true","[object Object]"
"LB-LOC-62239","LB","LB-GOV-0DD2DAE4DD83","LB-DIST-EC70FD23603B","","","62239","دردغايا","Derdaghaiya","","populated-place","33.27955939","35.36873802","national-manifest","C:\xampp\htdocs\projectx\watanybot\packages\lebanese-administrative-authority\authority\sources\arabic\national-village-manifest-clean.csv","","source-reported","accepted","","62239","true","[object Object]"
"LB-LOC-62341","LB","LB-GOV-0DD2DAE4DD83","LB-DIST-EC70FD23603B","","","62341","ظهيرة","Dhayra","","populated-place","33.10689922","35.21999622","national-manifest","C:\xampp\htdocs\projectx\watanybot\packages\lebanese-administrative-authority\authority\sources\arabic\national-village-manifest-clean.csv","","source-reported","accepted","","62341","true","[object Object]"
"LB-LOC-62269","LB","LB-GOV-0DD2DAE4DD83","LB-DIST-EC70FD23603B","","","62269","حلوسية","Halloussiyeh","","populated-place","33.3087382","35.3252853","national-manifest","C:\xampp\htdocs\projectx\watanybot\packages\lebanese-administrative-authority\authority\sources\arabic\national-village-manifest-clean.csv","","source-reported","accepted","","62269","true","[object Object]"
"LB-LOC-62314","LB","LB-GOV-0DD2DAE4DD83","LB-DIST-EC70FD23603B","","","62314","حامول","Hamoul","","populated-place","33.13587386","35.16831552","national-manifest","C:\xampp\htdocs\projectx\watanybot\packages\lebanese-administrative-authority\authority\sources\arabic\national-village-manifest-clean.csv","","source-reported","accepted","","62314","true","[object Object]"
"LB-LOC-62247","LB","LB-GOV-0DD2DAE4DD83","LB-DIST-EC70FD23603B","","","62247","حناوي","Hanaouay","","populated-place","33.22016124","35.27191689","national-manifest","C:\xampp\htdocs\projectx\watanybot\packages\lebanese-administrative-authority\authority\sources\arabic\national-village-manifest-clean.csv","","source-reported","accepted","","62247","true","[object Object]"
"LB-LOC-62293","LB","LB-GOV-0DD2DAE4DD83","LB-DIST-EC70FD23603B","","","62293","حنية","Henniyeh","","populated-place","33.18890181","35.22034845","national-manifest","C:\xampp\htdocs\projectx\watanybot\packages\lebanese-administrative-authority\authority\sources\arabic\national-village-manifest-clean.csv","","source-reported","accepted","","62293","true","[object Object]"
"LB-LOC-62244","LB","LB-GOV-0DD2DAE4DD83","LB-DIST-EC70FD23603B","","","62244","حميري","Hmairi Sour","","populated-place","33.29618109","35.34876015","national-manifest","C:\xampp\htdocs\projectx\watanybot\packages\lebanese-administrative-authority\authority\sources\arabic\national-village-manifest-clean.csv","","source-reported","accepted","","62244","true","[object Object]"
"LB-LOC-62299","LB","LB-GOV-0DD2DAE4DD83","LB-DIST-EC70FD23603B","","","62299","إسكندرونة","Iskandarouna Sour","","populated-place","33.15367872","35.18215887","national-manifest","C:\xampp\htdocs\projectx\watanybot\packages\lebanese-administrative-authority\authority\sources\arabic\national-village-manifest-clean.csv","","source-reported","accepted","","62299","true","[object Object]"
"LB-LOC-62279","LB","LB-GOV-0DD2DAE4DD83","LB-DIST-EC70FD23603B","","","62279","جبال البطم","Jbal El-Botm","","populated-place","33.16806517","35.29912439","national-manifest","C:\xampp\htdocs\projectx\watanybot\packages\lebanese-administrative-authority\authority\sources\arabic\national-village-manifest-clean.csv","","source-reported","accepted","","62279","true","[object Object]"
"LB-LOC-62237","LB","LB-GOV-0DD2DAE4DD83","LB-DIST-EC70FD23603B","","","62237","جناتا","Jennata","","populated-place","33.2866718","35.31945992","national-manifest","C:\xampp\htdocs\projectx\watanybot\packages\lebanese-administrative-authority\authority\sources\arabic\national-village-manifest-clean.csv","","source-reported","accepted","","62237","true","[object Object]"
"LB-LOC-62292","LB","LB-GOV-0DD2DAE4DD83","LB-DIST-EC70FD23603B","","","62292","جبين","Jibbayn","","populated-place","33.12986718","35.23721213","national-manifest","C:\xampp\htdocs\projectx\watanybot\packages\lebanese-administrative-authority\authority\sources\arabic\national-village-manifest-clean.csv","","source-reported","accepted","","62292","true","[object Object]"
"LB-LOC-62318","LB","LB-GOV-0DD2DAE4DD83","LB-DIST-EC70FD23603B","","","62318","ججيم","Jijim","","populated-place","33.12746029","35.19005384","national-manifest","C:\xampp\htdocs\projectx\watanybot\packages\lebanese-administrative-authority\authority\sources\arabic\national-village-manifest-clean.csv","","source-reported","accepted","","62318","true","[object Object]"
"LB-LOC-62211","LB","LB-GOV-0DD2DAE4DD83","LB-DIST-EC70FD23603B","","","62211","جويا","Jouaiya","","populated-place","33.2441963","35.33028642","national-manifest","C:\xampp\htdocs\projectx\watanybot\packages\lebanese-administrative-authority\authority\sources\arabic\national-village-manifest-clean.csv","","source-reported","accepted","","62211","true","[object Object]"
"LB-LOC-62267","LB","LB-GOV-0DD2DAE4DD83","LB-DIST-EC70FD23603B","","","62267","كنيسة صور","Kneisset Sour","","populated-place","33.20539449","35.26242496","national-manifest","C:\xampp\htdocs\projectx\watanybot\packages\lebanese-administrative-authority\authority\sources\arabic\national-village-manifest-clean.csv","","source-reported","accepted","","62267","true","[object Object]"
"LB-LOC-62231","LB","LB-GOV-0DD2DAE4DD83","LB-DIST-EC70FD23603B","","","62231","معركة","Maarakeh","","populated-place","33.27221575","35.30952208","national-manifest","C:\xampp\htdocs\projectx\watanybot\packages\lebanese-administrative-authority\authority\sources\arabic\national-village-manifest-clean.csv","","source-reported","accepted","","62231","true","[object Object]"
"LB-LOC-62234","LB","LB-GOV-0DD2DAE4DD83","LB-DIST-EC70FD23603B","","","62234","معروب","Maaroub","","populated-place","33.28391026","35.34199345","national-manifest","C:\xampp\htdocs\projectx\watanybot\packages\lebanese-administrative-authority\authority\sources\arabic\national-village-manifest-clean.csv","","source-reported","accepted","","62234","true","[object Object]"
"LB-LOC-62214","LB","LB-GOV-0DD2DAE4DD83","LB-DIST-EC70FD23603B","","","62214","المجادل","Majdel","","populated-place","33.23246498","35.36362065","national-manifest","C:\xampp\htdocs\projectx\watanybot\packages\lebanese-administrative-authority\authority\sources\arabic\national-village-manifest-clean.csv","","source-reported","accepted","","62214","true","[object Object]"
"LB-LOC-62297","LB","LB-GOV-0DD2DAE4DD83","LB-DIST-EC70FD23603B","","","62297","مجدل زون","Majdelzoun","","populated-place","33.15463562","35.23362315","national-manifest","C:\xampp\htdocs\projectx\watanybot\packages\lebanese-administrative-authority\authority\sources\arabic\national-village-manifest-clean.csv","","source-reported","accepted","","62297","true","[object Object]"
"LB-LOC-62296","LB","LB-GOV-0DD2DAE4DD83","LB-DIST-EC70FD23603B","","","62296","المنصوري","Mansouri Sour","","populated-place","33.17390563","35.20586962","national-manifest","C:\xampp\htdocs\projectx\watanybot\packages\lebanese-administrative-authority\authority\sources\arabic\national-village-manifest-clean.csv","","source-reported","accepted","","62296","true","[object Object]"
"LB-LOC-62284","LB","LB-GOV-0DD2DAE4DD83","LB-DIST-EC70FD23603B","","","62284","مرنبا","Marnba","","populated-place","33.30384678","35.41474632","national-manifest","C:\xampp\htdocs\projectx\watanybot\packages\lebanese-administrative-authority\authority\sources\arabic\national-village-manifest-clean.csv","","source-reported","accepted","","62284","true","[object Object]"
"LB-LOC-62351","LB","LB-GOV-0DD2DAE4DD83","LB-DIST-EC70FD23603B","","","62351","مزرعة الزلوطية","Mazraat Ez-Zalloutiyeh","","populated-place","33.10989705","35.24735422","national-manifest","C:\xampp\htdocs\projectx\watanybot\packages\lebanese-administrative-authority\authority\sources\arabic\national-village-manifest-clean.csv","","source-reported","accepted","","62351","true","[object Object]"
"LB-LOC-62215","LB","LB-GOV-0DD2DAE4DD83","LB-DIST-EC70FD23603B","","","62215","مزرعة المشرف","Mazraat Mechref","","populated-place","33.21556338","35.33688096","national-manifest","C:\xampp\htdocs\projectx\watanybot\packages\lebanese-administrative-authority\authority\sources\arabic\national-village-manifest-clean.csv","","source-reported","accepted","","62215","true","[object Object]"
"LB-LOC-62281","LB","LB-GOV-0DD2DAE4DD83","LB-DIST-EC70FD23603B","","","62281","طير سمحات","Mazraat Tayr Semhat","","populated-place","33.29636389","35.40116363","national-manifest","C:\xampp\htdocs\projectx\watanybot\packages\lebanese-administrative-authority\authority\sources\arabic\national-village-manifest-clean.csv","","source-reported","accepted","","62281","true","[object Object]"
"LB-LOC-62311","LB","LB-GOV-0DD2DAE4DD83","LB-DIST-EC70FD23603B","","","62311","مروحين","Merouahine","","populated-place","33.1155978","35.27494388","national-manifest","C:\xampp\htdocs\projectx\watanybot\packages\lebanese-administrative-authority\authority\sources\arabic\national-village-manifest-clean.csv","","source-reported","accepted","","62311","true","[object Object]"
"LB-LOC-62245","LB","LB-GOV-0DD2DAE4DD83","LB-DIST-EC70FD23603B","","","62245","محيليب","Mheilib","","populated-place","33.30740157","35.23792155","national-manifest","C:\xampp\htdocs\projectx\watanybot\packages\lebanese-administrative-authority\authority\sources\arabic\national-village-manifest-clean.csv","","source-reported","accepted","","62245","true","[object Object]"
"LB-LOC-62233","LB","LB-GOV-0DD2DAE4DD83","LB-DIST-EC70FD23603B","","","62233","نفاخية","Neftakhiyeh","","populated-place","33.27029101","35.38634797","national-manifest","C:\xampp\htdocs\projectx\watanybot\packages\lebanese-administrative-authority\authority\sources\arabic\national-village-manifest-clean.csv","","source-reported","accepted","","62233","true","[object Object]"
"LB-LOC-62257","LB","LB-GOV-0DD2DAE4DD83","LB-DIST-EC70FD23603B","","","62257","نيحا صور","Niha Sour","","populated-place","33.27399318","35.3998319","national-manifest","C:\xampp\htdocs\projectx\watanybot\packages\lebanese-administrative-authority\authority\sources\arabic\national-village-manifest-clean.csv","","source-reported","accepted","","62257","true","[object Object]"
"LB-LOC-62218","LB","LB-GOV-0DD2DAE4DD83","LB-DIST-EC70FD23603B","","","62218","وادي جيلو","Ouadi Jilo","","populated-place","33.25108084","35.29361493","national-manifest","C:\xampp\htdocs\projectx\watanybot\packages\lebanese-administrative-authority\authority\sources\arabic\national-village-manifest-clean.csv","","source-reported","accepted","","62218","true","[object Object]"
"LB-LOC-62229","LB","LB-GOV-0DD2DAE4DD83","LB-DIST-EC70FD23603B","","","62229","قانا","Qana","","populated-place","33.20596928","35.29999821","national-manifest","C:\xampp\htdocs\projectx\watanybot\packages\lebanese-administrative-authority\authority\sources\arabic\national-village-manifest-clean.csv","","source-reported","accepted","","62229","true","[object Object]"
"LB-LOC-62287","LB","LB-GOV-0DD2DAE4DD83","LB-DIST-EC70FD23603B","","","62287","قليلة","Qlaileh Sour","","populated-place","33.19689751","35.22468698","national-manifest","C:\xampp\htdocs\projectx\watanybot\packages\lebanese-administrative-authority\authority\sources\arabic\national-village-manifest-clean.csv","","source-reported","accepted","","62287","true","[object Object]"
"LB-LOC-62236","LB","LB-GOV-0DD2DAE4DD83","LB-DIST-EC70FD23603B","","","62236","رشكنانيه","Recheknanay","","populated-place","33.18678006","35.32879515","national-manifest","C:\xampp\htdocs\projectx\watanybot\packages\lebanese-administrative-authority\authority\sources\arabic\national-village-manifest-clean.csv","","source-reported","accepted","","62236","true","[object Object]"
"LB-LOC-62259","LB","LB-GOV-0DD2DAE4DD83","LB-DIST-EC70FD23603B","","","62259","رمادية","Rmadiyeh","","populated-place","33.20235788","35.27667525","national-manifest","C:\xampp\htdocs\projectx\watanybot\packages\lebanese-administrative-authority\authority\sources\arabic\national-village-manifest-clean.csv","","source-reported","accepted","","62259","true","[object Object]"
"LB-LOC-62241","LB","LB-GOV-0DD2DAE4DD83","LB-DIST-EC70FD23603B","","","62241","صديقين","Sadiqine","","populated-place","33.19138841","35.30644322","national-manifest","C:\xampp\htdocs\projectx\watanybot\packages\lebanese-administrative-authority\authority\sources\arabic\national-village-manifest-clean.csv","","source-reported","accepted","","62241","true","[object Object]"
"LB-LOC-62227","LB","LB-GOV-0DD2DAE4DD83","LB-DIST-EC70FD23603B","","","62227","سلعا","Selaa Sour","","populated-place","33.25691188","35.38244514","national-manifest","C:\xampp\htdocs\projectx\watanybot\packages\lebanese-administrative-authority\authority\sources\arabic\national-village-manifest-clean.csv","","source-reported","accepted","","62227","true","[object Object]"
"LB-LOC-62111","LB","LB-GOV-0DD2DAE4DD83","LB-DIST-EC70FD23603B","","","62111","صور","Sour","","populated-place","33.24902125","35.2158149","national-manifest","C:\xampp\htdocs\projectx\watanybot\packages\lebanese-administrative-authority\authority\sources\arabic\national-village-manifest-clean.csv","","source-reported","accepted","","62111","true","[object Object]"
"LB-LOC-62266","LB","LB-GOV-0DD2DAE4DD83","LB-DIST-EC70FD23603B","","","62266","صريفا","Srifa","","populated-place","33.28160337","35.40200478","national-manifest","C:\xampp\htdocs\projectx\watanybot\packages\lebanese-administrative-authority\authority\sources\arabic\national-village-manifest-clean.csv","","source-reported","accepted","","62266","true","[object Object]"
"LB-LOC-62253","LB","LB-GOV-0DD2DAE4DD83","LB-DIST-EC70FD23603B","","","62253","طير دبّه","Tayr Debbeh","","populated-place","33.27805683","35.27240041","national-manifest","C:\xampp\htdocs\projectx\watanybot\packages\lebanese-administrative-authority\authority\sources\arabic\national-village-manifest-clean.csv","","source-reported","accepted","","62253","true","[object Object]"
"LB-LOC-62271","LB","LB-GOV-0DD2DAE4DD83","LB-DIST-EC70FD23603B","","","62271","طير فلسيه","Tayr Falsay","","populated-place","33.31200532","35.34490956","national-manifest","C:\xampp\htdocs\projectx\watanybot\packages\lebanese-administrative-authority\authority\sources\arabic\national-village-manifest-clean.csv","","source-reported","accepted","","62271","true","[object Object]"
"LB-LOC-62295","LB","LB-GOV-0DD2DAE4DD83","LB-DIST-EC70FD23603B","","","62295","طير حرفا","Tayr Harfa","","populated-place","33.1335807","35.22433911","national-manifest","C:\xampp\htdocs\projectx\watanybot\packages\lebanese-administrative-authority\authority\sources\arabic\national-village-manifest-clean.csv","","source-reported","accepted","","62295","true","[object Object]"
"LB-LOC-62273","LB","LB-GOV-0DD2DAE4DD83","LB-DIST-EC70FD23603B","","","62273","طويري","Touayri","","populated-place","33.277367","35.42104839","national-manifest","C:\xampp\htdocs\projectx\watanybot\packages\lebanese-administrative-authority\authority\sources\arabic\national-village-manifest-clean.csv","","source-reported","accepted","","62273","true","[object Object]"
"LB-LOC-62261","LB","LB-GOV-0DD2DAE4DD83","LB-DIST-EC70FD23603B","","","62261","طورا","Toura","","populated-place","33.29242953","35.30199696","national-manifest","C:\xampp\htdocs\projectx\watanybot\packages\lebanese-administrative-authority\authority\sources\arabic\national-village-manifest-clean.csv","","source-reported","accepted","","62261","true","[object Object]"
"LB-LOC-62219","LB","LB-GOV-0DD2DAE4DD83","LB-DIST-EC70FD23603B","","","62219","يانوح صور","Yanouh Sour","","populated-place","33.25845691","35.3037002","national-manifest","C:\xampp\htdocs\projectx\watanybot\packages\lebanese-administrative-authority\authority\sources\arabic\national-village-manifest-clean.csv","","source-reported","accepted","","62219","true","[object Object]"
"LB-LOC-62308","LB","LB-GOV-0DD2DAE4DD83","LB-DIST-EC70FD23603B","","","62308","يارين","Yarine","","populated-place","33.10594114","35.23539261","national-manifest","C:\xampp\htdocs\projectx\watanybot\packages\lebanese-administrative-authority\authority\sources\arabic\national-village-manifest-clean.csv","","source-reported","accepted","","62308","true","[object Object]"
"LB-LOC-62286","LB","LB-GOV-0DD2DAE4DD83","LB-DIST-EC70FD23603B","","","62286","زبقين","Zebqine","","populated-place","33.15796413","35.2633899","national-manifest","C:\xampp\htdocs\projectx\watanybot\packages\lebanese-administrative-authority\authority\sources\arabic\national-village-manifest-clean.csv","","source-reported","accepted","","62286","true","[object Object]"
