"id","latitude","longitude","coordinateMethod","coordinateSource","coordinateAccuracy","coordinateVerifiedStatus"
"LB-LOC-53624DE9A865","","","missing","none","","missing"
"LB-LOC-F8782348CF9E","","","missing","none","","missing"
"LB-LOC-914B203B4FE7","","","missing","none","","missing"
"LB-LOC-D5DD7786142B","","","missing","none","","missing"
"LB-LOC-380403BF8A4E","","","missing","none","","missing"
"LB-LOC-DB5F06F50CF4","","","missing","none","","missing"
"LB-LOC-CB11AAC595C2","","","missing","none","","missing"
"LB-LOC-A64B93CD8D86","34.28610100470142","35.84686482121348","repository-reference","akkar_crs_batch_scores","","missing"
"LB-LOC-FCFDDC886872","34.522428899999994","36.1992377","repository-reference","online_nominatim","","missing"
"LB-LOC-4E05B01A2DBF","","","missing","none","","missing"
"LB-LOC-328BABF92B01","","","missing","none","","missing"
"LB-LOC-F826CBAFAA5F","","","missing","none","","missing"
"LB-LOC-B6E0445DF913","","","missing","none","","missing"
"LB-LOC-FAAE67698E58","","","missing","none","","missing"
"LB-LOC-CCA03F1190F2","","","missing","none","","missing"
"LB-LOC-CE7DB9E869D9","","","missing","none","","missing"
"LB-LOC-12B799DE66BB","","","missing","none","","missing"
"LB-LOC-3763C2F4BB27","34.538963097949924","36.04000431869403","repository-reference","dwg_geometry_cache","","missing"
"LB-LOC-B9006B065FA4","","","missing","none","","missing"
"LB-LOC-4371EEF2814F","","","missing","none","","missing"
"LB-LOC-3489BEA5F617","","","missing","none","","missing"
"LB-LOC-FE27B0578FF0","","","missing","none","","missing"
"LB-LOC-C02F37CDD9CB","","","missing","none","","missing"
"LB-LOC-0F6186A4399B","34.465964064225524","36.034989772875164","repository-reference","dwg_geometry_cache","","missing"
"LB-LOC-194044CB7A9F","34.50780435","35.992997200000005","repository-reference","online_nominatim","","missing"
"LB-LOC-4DE322BBB013","","","missing","none","","missing"
"LB-LOC-12C8D17C3B52","","","missing","none","","missing"
"LB-LOC-3676A5FD9E08","","","missing","none","","missing"
"LB-LOC-60D8727EC9EC","","","missing","none","","missing"
"LB-LOC-C3D3833BD810","","","missing","none","","missing"
"LB-LOC-69096215F6E8","","","missing","none","","missing"
"LB-LOC-C744803BA4EC","","","missing","none","","missing"
"LB-LOC-C6D5FBBC8A46","","","missing","none","","missing"
"LB-LOC-42847D6188C8","","","missing","none","","missing"
"LB-LOC-F26A20DBC549","","","missing","none","","missing"
"LB-LOC-C917AD1395B7","","","missing","none","","missing"
"LB-LOC-87AF6A506314","34.465475839966814","36.004222511753234","repository-reference","dwg_geometry_cache","","missing"
"LB-LOC-E1256D0D6759","","","missing","none","","missing"
"LB-LOC-ACAE1E490634","","","missing","none","","missing"
"LB-LOC-7365D28B0183","","","missing","none","","missing"
"LB-LOC-3B5FBE5042FD","34.619448250000005","36.055916499999995","repository-reference","online_nominatim","","missing"
"LB-LOC-A9C88A80B497","34.619448250000005","36.055916499999995","repository-reference","online_nominatim","","missing"
"LB-LOC-5AE94721E014","","","missing","none","","missing"
"LB-LOC-6F08286AD76D","","","missing","none","","missing"
"LB-LOC-30DFF735F16B","33.98532192952645","35.66356042464905","repository-reference","akkar_crs_batch_scores","","missing"
"LB-LOC-6453629EA650","","","missing","none","","missing"
"LB-LOC-53615AF9346D","34.463875349999995","36.05100655","repository-reference","online_nominatim","","missing"
"LB-LOC-D77C6D0BD7F8","","","missing","none","","missing"
"LB-LOC-C3DF64E0096A","34.485404900000006","36.111856700000004","repository-reference","online_nominatim","","missing"
"LB-LOC-AA5F0B403A2B","34.55059143662581","36.06351636599853","repository-reference","per_village_gpkg_extent","","missing"
"LB-LOC-8E672F405A1E","","","missing","none","","missing"
"LB-LOC-136F23CE1EBC","34.5451849440841","36.08733131906973","repository-reference","dwg_geometry_cache","","missing"
"LB-LOC-B8EE8186CCDB","34.52410066861276","36.08547890132755","repository-reference","dwg_geometry_cache","","missing"
"LB-LOC-5F68AC21939B","","","missing","none","","missing"
"LB-LOC-32C841CAABD6","","","missing","none","","missing"
"LB-LOC-2C9FD6F7B4AA","","","missing","none","","missing"
"LB-LOC-55E703404D67","","","missing","none","","missing"
"LB-LOC-67510F4F9619","","","missing","none","","missing"
"LB-LOC-A8D525EC44EF","","","missing","none","","missing"
"LB-LOC-66537561732A","","","missing","none","","missing"
"LB-LOC-E19D5FFBBA7E","","","missing","none","","missing"
"LB-LOC-42AFCEB6B23C","","","missing","none","","missing"
"LB-LOC-7FA25B7EE41D","","","missing","none","","missing"
"LB-LOC-BFA6ABA93EE2","","","missing","none","","missing"
"LB-LOC-9AD9DF4899BB","","","missing","none","","missing"
"LB-LOC-B47B7DAAFE43","","","missing","none","","missing"
"LB-LOC-3CA1AEB5BC4C","","","missing","none","","missing"
"LB-LOC-1701EAD26C96","34.51671154062407","36.06056876342256","repository-reference","dwg_geometry_cache","","missing"
"LB-LOC-0ACBC221BDC4","34.554373850000005","36.076320100000004","repository-reference","online_nominatim","","missing"
"LB-LOC-5BD697303EF3","","","missing","none","","missing"
"LB-LOC-D620767CD794","","","missing","none","","missing"
"LB-LOC-19BB8CED948A","","","missing","none","","missing"
"LB-LOC-31760CC7E728","","","missing","none","","missing"
"LB-LOC-164D04E72BA3","","","missing","none","","missing"
"LB-LOC-1DA9DC2E5953","","","missing","none","","missing"
"LB-LOC-8CC9CB005B8A","34.62021279491944","36.029016423313706","repository-reference","dwg_geometry_cache","","missing"
"LB-LOC-41D822E7F1D3","","","missing","none","","missing"
"LB-LOC-0E5A46E865FF","","","missing","none","","missing"
"LB-LOC-13CAF4690B8E","","","missing","none","","missing"
"LB-LOC-80A31984A3A8","","","missing","none","","missing"
"LB-LOC-0F84E0E8033B","","","missing","none","","missing"
"LB-LOC-7EB191B706AE","","","missing","none","","missing"
"LB-LOC-A29EB5E95468","","","missing","none","","missing"
"LB-LOC-A27B0C29EF73","","","missing","none","","missing"
"LB-LOC-12840C10AF06","","","missing","none","","missing"
"LB-LOC-2136D1978975","34.3686757058081","35.744700489421135","repository-reference","akkar_crs_batch_scores","","missing"
"LB-LOC-E89FB312EF2A","","","missing","none","","missing"
"LB-LOC-9608EDACD13F","","","missing","none","","missing"
"LB-LOC-4CB683AE2E6C","34.4628849","36.00046625","repository-reference","online_nominatim","","missing"
"LB-LOC-4F8AC423E56F","34.4628849","36.00046625","repository-reference","online_nominatim","","missing"
"LB-LOC-A6BC225893B3","","","missing","none","","missing"
"LB-LOC-CB8B4D46E49F","","","missing","none","","missing"
"LB-LOC-937F088D5B39","34.51725443546286","36.064465376174496","repository-reference","dwg_geometry_cache","","missing"
"LB-LOC-61266EE7C663","","","missing","none","","missing"
"LB-LOC-7EDD02EE2BAF","34.5579712","36.0146977","repository-reference","online_nominatim","","missing"
"LB-LOC-4491DA01E210","34.26530061933275","35.767979126937895","repository-reference","akkar_crs_batch_scores","","missing"
"LB-LOC-9D830004660F","","","missing","none","","missing"
"LB-LOC-75270E53FA84","34.3938615863336","36.01354117467896","repository-reference","dwg_geometry_cache","","missing"
"LB-LOC-B2C1B7CB0906","","","missing","none","","missing"
"LB-LOC-67B72B3EF246","","","missing","none","","missing"
"LB-LOC-65F96B55D106","","","missing","none","","missing"
"LB-LOC-F446C5F6AE69","","","missing","none","","missing"
"LB-LOC-B9E40ED1E560","","","missing","none","","missing"
"LB-LOC-B22F8F1CCD0E","","","missing","none","","missing"
"LB-LOC-F268F0BEFC9F","","","missing","none","","missing"
"LB-LOC-231521EC324B","","","missing","none","","missing"
"LB-LOC-EA89453D607B","","","missing","none","","missing"
"LB-LOC-15CD5AB97FFB","","","missing","none","","missing"
"LB-LOC-33E41FE0A08A","","","missing","none","","missing"
"LB-LOC-64F07EE78E94","","","missing","none","","missing"
"LB-LOC-9A4BA04DF886","34.44884485","36.1752044","repository-reference","online_nominatim","","missing"
"LB-LOC-789AB5A518F2","34.44884485","36.1752044","repository-reference","online_nominatim","","missing"
"LB-LOC-26EEEF38E69A","","","missing","none","","missing"
"LB-LOC-92417DA44FAC","","","missing","none","","missing"
"LB-LOC-65571ABD7D73","","","missing","none","","missing"
"LB-LOC-483276F1AEF7","34.615124918525275","36.24065596279185","repository-reference","dwg_geometry_cache","","missing"
"LB-LOC-EDD7BFE366EC","","","missing","none","","missing"
"LB-LOC-8E6592ACF4D7","","","missing","none","","missing"
"LB-LOC-C8D062D49764","","","missing","none","","missing"
"LB-LOC-CEFF45D87CC0","","","missing","none","","missing"
"LB-LOC-C7AA0B703A04","","","missing","none","","missing"
"LB-LOC-F8FC5728DB0E","","","missing","none","","missing"
"LB-LOC-846ACCB85317","","","missing","none","","missing"
"LB-LOC-304FDF0D63F4","","","missing","none","","missing"
"LB-LOC-033A07CF504E","","","missing","none","","missing"
"LB-LOC-B1474B76800E","","","missing","none","","missing"
"LB-LOC-09ED0A1EE55C","","","missing","none","","missing"
"LB-LOC-76DF24178DE7","","","missing","none","","missing"
"LB-LOC-1A31AB72B3EA","","","missing","none","","missing"
"LB-LOC-9032CB992BE9","","","missing","none","","missing"
"LB-LOC-0398AC3A1639","","","missing","none","","missing"
"LB-LOC-61B3C3A633E1","","","missing","none","","missing"
"LB-LOC-6AD7BB30C097","34.51892156590618","36.177960009308876","repository-reference","dwg_geometry_cache","","missing"
"LB-LOC-BB7D4120B8A3","","","missing","none","","missing"
"LB-LOC-2F116B229EBE","","","missing","none","","missing"
"LB-LOC-984DBC0E8B95","","","missing","none","","missing"
"LB-LOC-BAC7E28670D9","","","missing","none","","missing"
"LB-LOC-FB3C17340F4B","","","missing","none","","missing"
"LB-LOC-42B334B04F6F","","","missing","none","","missing"
"LB-LOC-D95D4EB48474","34.36752424562166","35.873621359283334","repository-reference","per_village_gpkg_extent","","missing"
"LB-LOC-3807E0FD34D3","","","missing","none","","missing"
"LB-LOC-C78897BE2188","","","missing","none","","missing"
"LB-LOC-CAC2DF4673CE","","","missing","none","","missing"
"LB-LOC-1D9D6BB181C3","","","missing","none","","missing"
"LB-LOC-89F44557728E","34.607722160627915","36.135997985263785","repository-reference","dwg_geometry_cache","","missing"
"LB-LOC-8A887EC2BBEC","","","missing","none","","missing"
"LB-LOC-D1E27C886D99","34.57324493837702","36.082879540027434","repository-reference","dwg_geometry_cache","","missing"
"LB-LOC-703DD14E05F4","34.60982936612957","36.061388555235325","repository-reference","dwg_geometry_cache","","missing"
"LB-LOC-392676BFBF5C","","","missing","none","","missing"
"LB-LOC-1210F92878B1","","","missing","none","","missing"
"LB-LOC-6FCC73EACF9D","","","missing","none","","missing"
"LB-LOC-83718625E2A3","","","missing","none","","missing"
"LB-LOC-5D0495937246","34.59840405","36.0377835","repository-reference","online_nominatim","","missing"
"LB-LOC-7B8A00BA5338","","","missing","none","","missing"
"LB-LOC-3F00D5FD7EF5","","","missing","none","","missing"
"LB-LOC-ED3C4B5D4247","","","missing","none","","missing"
"LB-LOC-F713C3A2B93B","","","missing","none","","missing"
"LB-LOC-C3333844C303","","","missing","none","","missing"
"LB-LOC-EB8283314F75","","","missing","none","","missing"
"LB-LOC-272066AAD126","","","missing","none","","missing"
"LB-LOC-3C90AD1ACDBE","34.509259112773876","36.00012571379021","repository-reference","dwg_geometry_cache","","missing"
"LB-LOC-BDE4D736C87E","","","missing","none","","missing"
"LB-LOC-CE378FE8128F","","","missing","none","","missing"
"LB-LOC-40ED7ACAF369","","","missing","none","","missing"
"LB-LOC-510296713BDE","","","missing","none","","missing"
"LB-LOC-B66B5BBF66B2","","","missing","none","","missing"
"LB-LOC-633840720CAE","","","missing","none","","missing"
"LB-LOC-C32B9AAA21E7","","","missing","none","","missing"
"LB-LOC-BAD392B148DE","","","missing","none","","missing"
"LB-LOC-7D1E2FE77186","","","missing","none","","missing"
"LB-LOC-BF5236F9570F","","","missing","none","","missing"
"LB-LOC-BB3C493ED391","34.63937358710588","35.59481315422994","repository-reference","dwg_geometry_cache","","missing"
"LB-LOC-26B2CC945A62","","","missing","none","","missing"
"LB-LOC-5585D40ECDD3","34.2566474","35.6709766","repository-reference","online_nominatim","","missing"
"LB-LOC-6503FE0A12EE","","","missing","none","","missing"
"LB-LOC-803B7E6E2C0A","34.201864549999996","35.823412000000005","repository-reference","online_nominatim","","missing"
"LB-LOC-94B4BFD52506","","","missing","none","","missing"
"LB-LOC-8ABCDA212641","","","missing","none","","missing"
"LB-LOC-CACF77D152D9","","","missing","none","","missing"
"LB-LOC-E76A62380CC7","","","missing","none","","missing"
"LB-LOC-CC7C47D584F0","","","missing","none","","missing"
"LB-LOC-F82DCF154CA4","","","missing","none","","missing"
"LB-LOC-C5A34CB888B7","","","missing","none","","missing"
"LB-LOC-28A8E7066DD1","","","missing","none","","missing"
"LB-LOC-4722B019DF4E","","","missing","none","","missing"
"LB-LOC-24C64D00E348","34.176029650000004","35.8795881","repository-reference","online_nominatim","","missing"
"LB-LOC-0912C410B726","","","missing","none","","missing"
"LB-LOC-EB7F9134280A","34.61607458020886","35.589746904293236","repository-reference","dwg_geometry_cache","","missing"
"LB-LOC-191DED7EE627","","","missing","none","","missing"
"LB-LOC-20EB6A766D66","","","missing","none","","missing"
"LB-LOC-A37AECF7057F","34.23549655","35.68318605","repository-reference","online_nominatim","","missing"
"LB-LOC-055C0FBC6471","","","missing","none","","missing"
"LB-LOC-95CE13F6BDB8","","","missing","none","","missing"
"LB-LOC-F912703D20C7","","","missing","none","","missing"
"LB-LOC-A129940E5CC1","34.28478974952062","35.69155700346694","repository-reference","dwg_geometry_cache","","missing"
"LB-LOC-F69982B7E606","","","missing","none","","missing"
"LB-LOC-014CFD8CEA1A","","","missing","none","","missing"
"LB-LOC-9C28088D8969","","","missing","none","","missing"
"LB-LOC-0E32C8A307A0","","","missing","none","","missing"
"LB-LOC-ADB5D4B39DE8","","","missing","none","","missing"
"LB-LOC-82165709EA26","","","missing","none","","missing"
"LB-LOC-1D9F06680A51","","","missing","none","","missing"
"LB-LOC-7CD7BE21D579","","","missing","none","","missing"
"LB-LOC-06E22DD03AEA","","","missing","none","","missing"
"LB-LOC-E0C61C385583","","","missing","none","","missing"
"LB-LOC-CE1BABE64309","","","missing","none","","missing"
"LB-LOC-613D1A74DDAA","","","missing","none","","missing"
"LB-LOC-C2B6681FC5A2","","","missing","none","","missing"
"LB-LOC-700CFD1070E7","","","missing","none","","missing"
"LB-LOC-93B1253D042E","34.2737623","35.6897728","repository-reference","online_nominatim","","missing"
"LB-LOC-64C035EAA741","","","missing","none","","missing"
"LB-LOC-ED5B1FAAC906","","","missing","none","","missing"
"LB-LOC-7F5B562255E0","34.26749275","35.7165205","repository-reference","online_nominatim","","missing"
"LB-LOC-47C8E7996010","","","missing","none","","missing"
"LB-LOC-DE0A32411E6F","","","missing","none","","missing"
"LB-LOC-78B99565FCF6","","","missing","none","","missing"
"LB-LOC-10FE39373799","","","missing","none","","missing"
"LB-LOC-727D0F5D0B76","","","missing","none","","missing"
"LB-LOC-565C557D4FA3","","","missing","none","","missing"
"LB-LOC-822A46FEA480","","","missing","none","","missing"
"LB-LOC-F73268E85530","","","missing","none","","missing"
"LB-LOC-40718AAA82D4","","","missing","none","","missing"
"LB-LOC-CA980F4AC6CE","","","missing","none","","missing"
"LB-LOC-3B9FCBAAF9FB","","","missing","none","","missing"
"LB-LOC-DCED4F215FED","34.45977955481071","35.98821789538988","repository-reference","dwg_geometry_cache","","missing"
"LB-LOC-7AC3DC0F96F8","","","missing","none","","missing"
"LB-LOC-9B2FCA7E9C8B","","","missing","none","","missing"
"LB-LOC-CF9D55ACE9DF","","","missing","none","","missing"
"LB-LOC-245CEC1B7EE3","","","missing","none","","missing"
"LB-LOC-2368651F9ED9","","","missing","none","","missing"
"LB-LOC-C19473E9163C","","","missing","none","","missing"
"LB-LOC-4E16791675F2","","","missing","none","","missing"
"LB-LOC-24D44D71D0E0","","","missing","none","","missing"
"LB-LOC-3440DC5E8DF9","","","missing","none","","missing"
"LB-LOC-E22F56ABAAA8","","","missing","none","","missing"
"LB-LOC-FFFC8D597A8F","","","missing","none","","missing"
"LB-LOC-01732CB3EEC9","","","missing","none","","missing"
"LB-LOC-EDA19EA18A68","","","missing","none","","missing"
"LB-LOC-597269700C8E","","","missing","none","","missing"
"LB-LOC-8A5857947D85","","","missing","none","","missing"
"LB-LOC-C4B5496FEBA7","34.2361211","35.95044135","repository-reference","online_nominatim","","missing"
"LB-LOC-2E4E9AABB9B6","","","missing","none","","missing"
"LB-LOC-0F07926E2048","","","missing","none","","missing"
"LB-LOC-95BFF279CE49","","","missing","none","","missing"
"LB-LOC-76654BB78F48","","","missing","none","","missing"
"LB-LOC-C17AEDF7A438","","","missing","none","","missing"
"LB-LOC-644E4E06E95A","","","missing","none","","missing"
"LB-LOC-6206266F8791","","","missing","none","","missing"
"LB-LOC-9F1EF3DB32C6","","","missing","none","","missing"
"LB-LOC-050F24F59591","","","missing","none","","missing"
"LB-LOC-6BC10C22BB51","","","missing","none","","missing"
"LB-LOC-067C750BFE11","34.256249","36.077156","repository-reference","online_nominatim","","missing"
"LB-LOC-9AEB1AC2DEAA","","","missing","none","","missing"
"LB-LOC-49E05034D9EC","","","missing","none","","missing"
"LB-LOC-1E6831EA640F","34.38749753785106","35.87828881374929","repository-reference","per_village_gpkg_extent","","missing"
"LB-LOC-5EBF39D1F679","","","missing","none","","missing"
"LB-LOC-AB8516D99159","34.38656615771491","35.87722590554835","repository-reference","per_village_gpkg_extent","","missing"
"LB-LOC-50F46A8AB8F2","","","missing","none","","missing"
"LB-LOC-16AD42CE7BE4","","","missing","none","","missing"
"LB-LOC-2E7D119C794E","","","missing","none","","missing"
"LB-LOC-85FB06DC9F7A","","","missing","none","","missing"
"LB-LOC-D27A8574FD7D","","","missing","none","","missing"
"LB-LOC-31A6E68F5465","","","missing","none","","missing"
"LB-LOC-1788AD279DC1","34.46639600670466","35.962559544800015","repository-reference","per_village_gpkg_extent","","missing"
"LB-LOC-060EDA86F2D9","34.38462393331277","35.87575385073553","repository-reference","per_village_gpkg_extent","","missing"
"LB-LOC-9E382497043B","","","missing","none","","missing"
"LB-LOC-05C14C793242","","","missing","none","","missing"
"LB-LOC-E0EBF98483A4","34.383550352987015","35.876511899487795","repository-reference","per_village_gpkg_extent","","missing"
"LB-LOC-9F0FF80E051A","","","missing","none","","missing"
"LB-LOC-25BD97CD0DCB","","","missing","none","","missing"
"LB-LOC-20849185C9E8","34.38217633101295","35.87401732588669","repository-reference","per_village_gpkg_extent","","missing"
"LB-LOC-D3B02C1381F3","","","missing","none","","missing"
"LB-LOC-0B99154DDD66","","","missing","none","","missing"
"LB-LOC-DAE130E5BAEB","34.38225312123763","35.87808445927786","repository-reference","per_village_gpkg_extent","","missing"
"LB-LOC-D65558A84D02","","","missing","none","","missing"
"LB-LOC-BF3005D7FCFB","34.382388404370644","35.877406752460686","repository-reference","per_village_gpkg_extent","","missing"
"LB-LOC-7D2ACB6628D2","","","missing","none","","missing"
"LB-LOC-0D2BFFDF4C34","34.381919481577356","35.920394178580366","repository-reference","per_village_gpkg_extent","","missing"
"LB-LOC-B36FCEDCC7F7","","","missing","none","","missing"
"LB-LOC-05AE50070020","","","missing","none","","missing"
"LB-LOC-28F1831158EE","","","missing","none","","missing"
"LB-LOC-5FADE3A379B5","34.38549672644739","35.878421337330266","repository-reference","per_village_gpkg_extent","","missing"
"LB-LOC-A7B673B5956B","34.38416236192224","35.87606685912117","repository-reference","per_village_gpkg_extent","","missing"
"LB-LOC-95F52C9DE85E","","","missing","none","","missing"
"LB-LOC-E1A71A9F2936","","","missing","none","","missing"
"LB-LOC-D16985C710F9","","","missing","none","","missing"
"LB-LOC-44C0E3A02D44","34.38472264617432","35.87832169759105","repository-reference","per_village_gpkg_extent","","missing"
"LB-LOC-C995B6F6FD06","34.38532244552574","35.878948563039756","repository-reference","per_village_gpkg_extent","","missing"
"LB-LOC-B9828D01BA1D","","","missing","none","","missing"
"LB-LOC-0802618D0D7B","34.386543567626674","35.888166012544715","repository-reference","dwg_geometry_cache","","missing"
"LB-LOC-CD39165A19C7","","","missing","none","","missing"
"LB-LOC-CA5B8859D4D5","","","missing","none","","missing"
"LB-LOC-8C4301F944C7","","","missing","none","","missing"
"LB-LOC-40AA1E76D7AD","34.38840275224939","35.87704989255355","repository-reference","per_village_gpkg_extent","","missing"
"LB-LOC-AE0D2C2CFD09","","","missing","none","","missing"
"LB-LOC-111388D320F3","","","missing","none","","missing"
"LB-LOC-534FBC436982","","","missing","none","","missing"
"LB-LOC-71611EFC1C0F","","","missing","none","","missing"
"LB-LOC-2AF910353280","","","missing","none","","missing"
"LB-LOC-1801314368C3","","","missing","none","","missing"
"LB-LOC-1396050BC204","","","missing","none","","missing"
"LB-LOC-EC8C1901FE75","","","missing","none","","missing"
"LB-LOC-E456C43A30F0","","","missing","none","","missing"
"LB-LOC-D4FAE35183A9","34.38974304704103","35.879975564476425","repository-reference","per_village_gpkg_extent","","missing"
"LB-LOC-055CE5A8264C","","","missing","none","","missing"
"LB-LOC-1D1C5BA15009","","","missing","none","","missing"
"LB-LOC-BA5C6A160BA9","","","missing","none","","missing"
"LB-LOC-458166CFA96F","34.38670939160239","35.876554430385575","repository-reference","per_village_gpkg_extent","","missing"
"LB-LOC-0612EB479516","","","missing","none","","missing"
"LB-LOC-3F8A4B24BB09","","","missing","none","","missing"
"LB-LOC-7D7142FAE410","","","missing","none","","missing"
"LB-LOC-850C6AD1D69D","","","missing","none","","missing"
"LB-LOC-B28FA3743BE6","","","missing","none","","missing"
"LB-LOC-57D00ACE9A7F","","","missing","none","","missing"
"LB-LOC-0BDDF6E7930F","","","missing","none","","missing"
"LB-LOC-EAD6FB33302B","","","missing","none","","missing"
"LB-LOC-32825CEB0C90","","","missing","none","","missing"
"LB-LOC-24857DA83289","","","missing","none","","missing"
"LB-LOC-794F9510438D","34.386908322521904","35.87794777249911","repository-reference","per_village_gpkg_extent","","missing"
"LB-LOC-02702866C8FA","","","missing","none","","missing"
"LB-LOC-1AE08584226E","","","missing","none","","missing"
"LB-LOC-B7FB5E30D516","34.38802565939851","35.876366438728475","repository-reference","per_village_gpkg_extent","","missing"
"LB-LOC-38939270F935","34.32560540291505","35.86534861811186","repository-reference","dwg_geometry_cache","","missing"
"LB-LOC-67D08AC11AF7","34.38310020023086","35.88446615456728","repository-reference","dwg_geometry_cache","","missing"
"LB-LOC-B0E52BB8FC92","","","missing","none","","missing"
"LB-LOC-AD1DE3476829","","","missing","none","","missing"
"LB-LOC-4D19535AC26D","","","missing","none","","missing"
"LB-LOC-6A4CB8101A2A","","","missing","none","","missing"
"LB-LOC-8DA01C63E1F9","","","missing","none","","missing"
"LB-LOC-7762A5DD8035","","","missing","none","","missing"
"LB-LOC-42592D009E69","","","missing","none","","missing"
"LB-LOC-8124A76E7021","","","missing","none","","missing"
"LB-LOC-E070B7D89649","","","missing","none","","missing"
"LB-LOC-A3B5E7D0D97C","34.3879465004582","35.88066464552318","repository-reference","per_village_gpkg_extent","","missing"
"LB-LOC-80EF367B93C7","","","missing","none","","missing"
"LB-LOC-F4A6A1D594DF","","","missing","none","","missing"
"LB-LOC-FBD2C534EBA8","","","missing","none","","missing"
"LB-LOC-F816E714D17B","34.38217633101295","35.87401732588669","repository-reference","per_village_gpkg_extent","","missing"
"LB-LOC-662CADCF21E5","","","missing","none","","missing"
"LB-LOC-A0A7ACAC1CFD","","","missing","none","","missing"
"LB-LOC-E5A08B75D742","","","missing","none","","missing"
"LB-LOC-442E69161EF9","34.380827420394915","35.88567667644263","repository-reference","dwg_geometry_cache","","missing"
"LB-LOC-6C1D1E946C75","","","missing","none","","missing"
"LB-LOC-482763580E46","","","missing","none","","missing"
"LB-LOC-89ADDD5223C4","","","missing","none","","missing"
"LB-LOC-C23CEFE7C386","","","missing","none","","missing"
"LB-LOC-B2E983C94822","","","missing","none","","missing"
"LB-LOC-00ECEF50D5B3","","","missing","none","","missing"
"LB-LOC-97DE94EFE263","","","missing","none","","missing"
"LB-LOC-186D61C59A26","","","missing","none","","missing"
"LB-LOC-C32C109C8E38","","","missing","none","","missing"
"LB-LOC-72E8DBB17E65","","","missing","none","","missing"
"LB-LOC-9C2FB0A86EA7","","","missing","none","","missing"
"LB-LOC-1AB99817D901","","","missing","none","","missing"
"LB-LOC-D8082B80176D","","","missing","none","","missing"
"LB-LOC-522DEC94081D","","","missing","none","","missing"
"LB-LOC-F1A99A0404E9","","","missing","none","","missing"
"LB-LOC-8A43B29884F0","","","missing","none","","missing"
"LB-LOC-C71A69255E95","","","missing","none","","missing"
"LB-LOC-19B9C973ED96","","","missing","none","","missing"
"LB-LOC-A580022364F4","","","missing","none","","missing"
"LB-LOC-1DC9A00D92FF","","","missing","none","","missing"
"LB-LOC-CBEE069755D6","","","missing","none","","missing"
"LB-LOC-161E51852B02","","","missing","none","","missing"
"LB-LOC-67B398E449E3","","","missing","none","","missing"
"LB-LOC-322FE139E53F","","","missing","none","","missing"
"LB-LOC-DDE8A415DA0A","","","missing","none","","missing"
"LB-LOC-C37D5792F739","","","missing","none","","missing"
"LB-LOC-913BC32591AD","","","missing","none","","missing"
"LB-LOC-8DF43008BC0D","","","missing","none","","missing"
"LB-LOC-3D198A2F90DA","34.382503194743535","35.883836650904136","repository-reference","dwg_geometry_cache","","missing"
"LB-LOC-EC6CE376F6D1","","","missing","none","","missing"
"LB-LOC-4EF6B4755117","","","missing","none","","missing"
"LB-LOC-EF078DBE927A","","","missing","none","","missing"
"LB-LOC-084B5CC4F0AE","","","missing","none","","missing"
"LB-LOC-7F63591CA2DB","","","missing","none","","missing"
"LB-LOC-8DD8DB2741B0","","","missing","none","","missing"
"LB-LOC-678B114CE4A0","34.383614472580845","35.886446432444394","repository-reference","dwg_geometry_cache","","missing"
"LB-LOC-F644A0487F73","","","missing","none","","missing"
"LB-LOC-B4E99070E95F","","","missing","none","","missing"
"LB-LOC-96D7741CA542","34.393342043011714","35.8804824670068","repository-reference","dwg_geometry_cache","","missing"
"LB-LOC-5456D0E5FB4F","","","missing","none","","missing"
"LB-LOC-41A74B393313","","","missing","none","","missing"
"LB-LOC-BD6894016941","","","missing","none","","missing"
"LB-LOC-B6E7156AD360","","","missing","none","","missing"
"LB-LOC-6105434B063B","","","missing","none","","missing"
"LB-LOC-94CAF5734A77","","","missing","none","","missing"
"LB-LOC-6DF756D430D2","","","missing","none","","missing"
"LB-LOC-57A95141DE62","","","missing","none","","missing"
"LB-LOC-5D849B3D06BA","34.391533779327546","35.88068490375173","repository-reference","dwg_geometry_cache","","missing"
"LB-LOC-11403FACE021","","","missing","none","","missing"
"LB-LOC-05AC977B7BF4","34.32777172429459","35.92636880176121","repository-reference","dwg_geometry_cache","","missing"
"LB-LOC-40A5D3436106","","","missing","none","","missing"
"LB-LOC-7247D8DC5004","","","missing","none","","missing"
"LB-LOC-65F3110D09E4","","","missing","none","","missing"
"LB-LOC-9BC1F1C3D107","","","missing","none","","missing"
"LB-LOC-BBD480345804","34.38702883637352","35.878730647841486","repository-reference","per_village_gpkg_extent","","missing"
"LB-LOC-394E3EEA41D4","","","missing","none","","missing"
"LB-LOC-760AF8949418","","","missing","none","","missing"
"LB-LOC-D3B2181F67D4","","","missing","none","","missing"
"LB-LOC-AD20B80EB4D3","","","missing","none","","missing"
"LB-LOC-76DC92DA325B","34.38348341540475","35.878054175023706","repository-reference","per_village_gpkg_extent","","missing"
"LB-LOC-EFE229C5999D","34.38333400325769","35.87737815644409","repository-reference","per_village_gpkg_extent","","missing"
"LB-LOC-6977BD79B648","","","missing","none","","missing"
"LB-LOC-1A8E6303B6FA","","","missing","none","","missing"
"LB-LOC-681390899212","","","missing","none","","missing"
"LB-LOC-0A5B5D09B978","","","missing","none","","missing"
"LB-LOC-679E804217F8","","","missing","none","","missing"
"LB-LOC-813783416BF4","","","missing","none","","missing"
"LB-LOC-8CF55FF28769","","","missing","none","","missing"
"LB-LOC-E12234DCFEA7","","","missing","none","","missing"
"LB-LOC-AE6E24E56636","","","missing","none","","missing"
"LB-LOC-6C15EF605CA9","34.38490509152916","35.87972835503433","repository-reference","per_village_gpkg_extent","","missing"
"LB-LOC-D5B1902C2BDD","","","missing","none","","missing"
"LB-LOC-0E75AE7F8A03","","","missing","none","","missing"
"LB-LOC-349F61886340","","","missing","none","","missing"
"LB-LOC-1C611348B318","","","missing","none","","missing"
"LB-LOC-5AB4979ABF11","34.38859061677515","35.879660642717425","repository-reference","per_village_gpkg_extent","","missing"
"LB-LOC-5504FEEA05D3","34.38577567983185","35.881392132499414","repository-reference","per_village_gpkg_extent","","missing"
"LB-LOC-7424FF8039BD","","","missing","none","","missing"
"LB-LOC-FB33E5F8054C","","","missing","none","","missing"
"LB-LOC-7CC0B010B949","","","missing","none","","missing"
"LB-LOC-BC6F081F37DD","","","missing","none","","missing"
"LB-LOC-1F77BD0A0715","","","missing","none","","missing"
"LB-LOC-B16E50B5106C","","","missing","none","","missing"
"LB-LOC-4AED88894B29","34.484710832521344","36.100218050542885","repository-reference","per_village_gpkg_extent","","missing"
"LB-LOC-6A44CD6ADC22","","","missing","none","","missing"
"LB-LOC-5093274773CA","","","missing","none","","missing"
"LB-LOC-3F00712DB014","","","missing","none","","missing"
"LB-LOC-BB4451F71319","","","missing","none","","missing"
"LB-LOC-64E3F6B108B4","","","missing","none","","missing"
"LB-LOC-75B89AE9A93D","","","missing","none","","missing"
"LB-LOC-7FC7AC15BE16","34.38621339783707","35.88207750783498","repository-reference","per_village_gpkg_extent","","missing"
"LB-LOC-5952EA962196","","","missing","none","","missing"
"LB-LOC-CF8FB0861635","","","missing","none","","missing"
"LB-LOC-2845628E90FE","","","missing","none","","missing"
"LB-LOC-A719045A7D08","34.35870538657989","35.89079249767312","repository-reference","dwg_geometry_cache","","missing"
"LB-LOC-B849F8DDC65B","","","missing","none","","missing"
"LB-LOC-497916A79523","","","missing","none","","missing"
"LB-LOC-C8EB0DF37B15","34.549844355116534","36.057903165887964","repository-reference","per_village_gpkg_extent","","missing"
"LB-LOC-BD04AC36BDDF","","","missing","none","","missing"
"LB-LOC-EF56C00CA3DB","","","missing","none","","missing"
"LB-LOC-2F96123E5AF9","","","missing","none","","missing"
"LB-LOC-DA00458EB577","","","missing","none","","missing"
"LB-LOC-E37234B1976A","","","missing","none","","missing"
"LB-LOC-16A2ADFD2936","34.45023723527322","35.96956892756349","repository-reference","dwg_geometry_cache","","missing"
"LB-LOC-42445373F00E","","","missing","none","","missing"
"LB-LOC-4FEBE9BBCD9B","","","missing","none","","missing"
"LB-LOC-45A9944696A1","","","missing","none","","missing"
"LB-LOC-CF89BA3C840D","","","missing","none","","missing"
"LB-LOC-C404DA907C2A","","","missing","none","","missing"
"LB-LOC-5CD23460EB61","34.36038298898374","35.88668851492454","repository-reference","dwg_geometry_cache","","missing"
"LB-LOC-16737466B23E","","","missing","none","","missing"
"LB-LOC-E7664AE20A2F","34.5472107626877","36.0476491766769","repository-reference","per_village_gpkg_extent","","missing"
"LB-LOC-899569AA155A","","","missing","none","","missing"
"LB-LOC-506F5015D0DF","","","missing","none","","missing"
"LB-LOC-4AFA695C3236","","","missing","none","","missing"
"LB-LOC-A340BDAD9DAE","","","missing","none","","missing"
"LB-LOC-AA37B10C66E1","","","missing","none","","missing"
"LB-LOC-219A9DE6A313","34.39807533494198","35.887405595717425","repository-reference","dwg_geometry_cache","","missing"
"LB-LOC-A5440C78009C","","","missing","none","","missing"
"LB-LOC-650D55AFF32F","","","missing","none","","missing"
"LB-LOC-9997C77A6BD7","","","missing","none","","missing"
"LB-LOC-CBE9B8318937","","","missing","none","","missing"
"LB-LOC-181E0ED42EDF","","","missing","none","","missing"
"LB-LOC-06F5A3E0623C","34.36356261819002","35.93104320169006","repository-reference","dwg_geometry_cache","","missing"
"LB-LOC-AF3323BA3552","","","missing","none","","missing"
"LB-LOC-99231B04A6D6","","","missing","none","","missing"
"LB-LOC-45A7F5165B4B","","","missing","none","","missing"
"LB-LOC-FACE4B548AF1","","","missing","none","","missing"
"LB-LOC-3171309FE781","","","missing","none","","missing"
"LB-LOC-64B78C758F0C","","","missing","none","","missing"
"LB-LOC-81722757DBC8","","","missing","none","","missing"
"LB-LOC-6DA1A5298CE4","","","missing","none","","missing"
"LB-LOC-94A962364DF3","","","missing","none","","missing"
"LB-LOC-28EBA8C3BA44","","","missing","none","","missing"
"LB-LOC-A9B5E6BA8D25","","","missing","none","","missing"
"LB-LOC-7DF98A80AEB2","","","missing","none","","missing"
"LB-LOC-5967016DE974","","","missing","none","","missing"
"LB-LOC-C47D017B3FF5","","","missing","none","","missing"
"LB-LOC-D6C40B6D5FD9","","","missing","none","","missing"
"LB-LOC-0257405D5CA5","","","missing","none","","missing"
"LB-LOC-F02050653162","","","missing","none","","missing"
"LB-LOC-F5CEF4E2E7E1","","","missing","none","","missing"
"LB-LOC-618C2C0B5A4D","","","missing","none","","missing"
"LB-LOC-E1C33EC02456","","","missing","none","","missing"
"LB-LOC-CA8AED2EFD48","","","missing","none","","missing"
"LB-LOC-131067EA0704","","","missing","none","","missing"
"LB-LOC-E9B55D163CEB","","","missing","none","","missing"
"LB-LOC-A80645CEB535","","","missing","none","","missing"
"LB-LOC-8F431D18A7D2","","","missing","none","","missing"
"LB-LOC-6EE3B6D97379","","","missing","none","","missing"
"LB-LOC-02A6B99511EA","","","missing","none","","missing"
"LB-LOC-A735B7764BF1","","","missing","none","","missing"
"LB-LOC-70769FD74BD6","","","missing","none","","missing"
"LB-LOC-8F3C6FEC6D88","","","missing","none","","missing"
"LB-LOC-15875992B4DF","","","missing","none","","missing"
"LB-LOC-663107C169B9","","","missing","none","","missing"
"LB-LOC-2C440D165DEB","","","missing","none","","missing"
"LB-LOC-B11621C6A281","","","missing","none","","missing"
"LB-LOC-BD25A28653E5","","","missing","none","","missing"
"LB-LOC-B80A4CCA03A2","","","missing","none","","missing"
"LB-LOC-ABDE7ECD8E11","","","missing","none","","missing"
"LB-LOC-6608E5F2B354","","","missing","none","","missing"
"LB-LOC-EA5FA7384652","","","missing","none","","missing"
"LB-LOC-1DE75EB6CDF4","","","missing","none","","missing"
"LB-LOC-C3E7C476D785","","","missing","none","","missing"
"LB-LOC-23A0CFCF710F","","","missing","none","","missing"
"LB-LOC-11A2A5CDC017","","","missing","none","","missing"
"LB-LOC-CBC4DECDA738","","","missing","none","","missing"
"LB-LOC-10D9CED6453C","34.371181544023486","35.88702099836693","repository-reference","dwg_geometry_cache","","missing"
"LB-LOC-57299BC91CBD","","","missing","none","","missing"
"LB-LOC-00D6AD0A7A89","","","missing","none","","missing"
"LB-LOC-BA5C41ACA1F6","","","missing","none","","missing"
"LB-LOC-4D31892A36C4","34.327726563415396","35.86459695816441","repository-reference","per_village_gpkg_extent","","missing"
"LB-LOC-62B5EEB25C94","","","missing","none","","missing"
"LB-LOC-C5A1908BEE59","34.36794296242188","35.8780670537203","repository-reference","dwg_geometry_cache","","missing"
"LB-LOC-AAFEDA63A2FF","","","missing","none","","missing"
"LB-LOC-345BDABF5464","","","missing","none","","missing"
"LB-LOC-03D96F184E84","34.37986139051794","35.967768756232104","repository-reference","per_village_gpkg_extent","","missing"
"LB-LOC-9F00CA435E7D","","","missing","none","","missing"
"LB-LOC-E5E3189D9803","","","missing","none","","missing"
"LB-LOC-6C719FE00E9B","34.38186728791977","35.966603214283396","repository-reference","per_village_gpkg_extent","","missing"
"LB-LOC-26A70369C1E2","","","missing","none","","missing"
"LB-LOC-9109DBDF45CF","","","missing","none","","missing"
"LB-LOC-AA3BC6224512","","","missing","none","","missing"
"LB-LOC-A823B385A7D5","","","missing","none","","missing"
"LB-LOC-40AD7354E6B7","","","missing","none","","missing"
"LB-LOC-EAB5797C5756","","","missing","none","","missing"
"LB-LOC-9C918A7B2BF2","","","missing","none","","missing"
"LB-LOC-64564AB4A055","","","missing","none","","missing"
"LB-LOC-92D5D5072D79","","","missing","none","","missing"
"LB-LOC-92C832700C05","","","missing","none","","missing"
"LB-LOC-91452A63A813","","","missing","none","","missing"
"LB-LOC-21FAAC73F881","","","missing","none","","missing"
"LB-LOC-28DB8BBF0BF8","","","missing","none","","missing"
"LB-LOC-970D2CE55338","","","missing","none","","missing"
"LB-LOC-3654ACB9D573","","","missing","none","","missing"
"LB-LOC-98A9BCC0153E","","","missing","none","","missing"
"LB-LOC-B78B157E59EE","","","missing","none","","missing"
"LB-LOC-BBFE173019AD","","","missing","none","","missing"
"LB-LOC-D8644786B0BE","","","missing","none","","missing"
"LB-LOC-C80BE1750A5D","34.43842733082148","35.96826291378167","repository-reference","dwg_geometry_cache","","missing"
"LB-LOC-556BAD84906C","","","missing","none","","missing"
"LB-LOC-EC4D4FB5CC8E","","","missing","none","","missing"
"LB-LOC-C863BC69D5AB","","","missing","none","","missing"
"LB-LOC-5E9C57ACF726","","","missing","none","","missing"
"LB-LOC-D03665D04100","","","missing","none","","missing"
"LB-LOC-762206F7C9FC","","","missing","none","","missing"
"LB-LOC-CCAD33B1E7BB","34.551244115481786","36.05067534265076","repository-reference","per_village_gpkg_extent","","missing"
"LB-LOC-09F1A641C214","","","missing","none","","missing"
"LB-LOC-BA74FBC829F1","","","missing","none","","missing"
"LB-LOC-9FF69EB41D37","","","missing","none","","missing"
"LB-LOC-536FCA359762","","","missing","none","","missing"
"LB-LOC-18D775595616","","","missing","none","","missing"
"LB-LOC-3F3945B59B54","","","missing","none","","missing"
"LB-LOC-5F755176CE6B","","","missing","none","","missing"
"LB-LOC-8DAE415C882D","","","missing","none","","missing"
"LB-LOC-D9CF0826907B","","","missing","none","","missing"
"LB-LOC-4CBE0F2C0C05","","","missing","none","","missing"
"LB-LOC-A6D8BAC2F07F","","","missing","none","","missing"
"LB-LOC-520DD3B8AFE5","34.388433176483304","35.89601656487781","repository-reference","per_village_gpkg_extent","","missing"
"LB-LOC-D8864F928495","","","missing","none","","missing"
"LB-LOC-BFE2673B7AFB","","","missing","none","","missing"
"LB-LOC-DA3D55C4AA7C","","","missing","none","","missing"
"LB-LOC-C0ED5BFCEAB3","34.39178602266139","35.89276233937195","repository-reference","per_village_gpkg_extent","","missing"
"LB-LOC-D9B0C59F386B","","","missing","none","","missing"
"LB-LOC-B95DE691B510","","","missing","none","","missing"
"LB-LOC-53BF8732D986","","","missing","none","","missing"
"LB-LOC-FF1E983DA509","","","missing","none","","missing"
"LB-LOC-553F50417B00","","","missing","none","","missing"
"LB-LOC-0E895DE66D7F","","","missing","none","","missing"
"LB-LOC-C8B0D2A53E7D","","","missing","none","","missing"
"LB-LOC-D73D4B1FB4F2","34.45113018320593","35.965347900101705","repository-reference","per_village_gpkg_extent","","missing"
"LB-LOC-5D2DD5ED821A","","","missing","none","","missing"
"LB-LOC-A759B830D854","","","missing","none","","missing"
"LB-LOC-E4042C2407EA","","","missing","none","","missing"
"LB-LOC-6FB03DADBC4F","","","missing","none","","missing"
"LB-LOC-9682F4F96D05","","","missing","none","","missing"
"LB-LOC-AF6FF2F7B614","","","missing","none","","missing"
"LB-LOC-89EAB3DEFDE4","","","missing","none","","missing"
"LB-LOC-065ACE9526FC","","","missing","none","","missing"
"LB-LOC-1A6CD2C3DF13","","","missing","none","","missing"
"LB-LOC-079616AC6C26","","","missing","none","","missing"
"LB-LOC-B9A58C4E478A","","","missing","none","","missing"
"LB-LOC-DE96D829B85C","","","missing","none","","missing"
"LB-LOC-766ACEFF3760","","","missing","none","","missing"
"LB-LOC-3A02F2CCC966","","","missing","none","","missing"
"LB-LOC-9218F2D04EA1","","","missing","none","","missing"
"LB-LOC-3AFDED5DC8F6","","","missing","none","","missing"
"LB-LOC-345A54B45F94","","","missing","none","","missing"
"LB-LOC-C19846A680E4","","","missing","none","","missing"
"LB-LOC-BFF10A19D0CA","","","missing","none","","missing"
"LB-LOC-7CC6D7417920","","","missing","none","","missing"
"LB-LOC-5ADE16559DC7","","","missing","none","","missing"
"LB-LOC-4481199424C2","","","missing","none","","missing"
"LB-LOC-1E228685D766","","","missing","none","","missing"
"LB-LOC-758A1EA37372","","","missing","none","","missing"
"LB-LOC-D83F4E0A20E7","","","missing","none","","missing"
"LB-LOC-AA1D52EE210F","","","missing","none","","missing"
"LB-LOC-222C1021ACBD","","","missing","none","","missing"
"LB-LOC-74CDCDF0682C","","","missing","none","","missing"
"LB-LOC-D344B7ACC318","","","missing","none","","missing"
"LB-LOC-F1B5052E86F0","","","missing","none","","missing"
"LB-LOC-B6CF6282B8F7","","","missing","none","","missing"
"LB-LOC-649E03D38319","","","missing","none","","missing"
"LB-LOC-C2C24279BE5B","","","missing","none","","missing"
"LB-LOC-D869DDD95D21","","","missing","none","","missing"
"LB-LOC-D370F87B2C2C","","","missing","none","","missing"
"LB-LOC-E7991BC271DE","","","missing","none","","missing"
"LB-LOC-6CEB011204DC","","","missing","none","","missing"
"LB-LOC-04F9E64F7B6D","","","missing","none","","missing"
"LB-LOC-FAB2ED1CF42B","","","missing","none","","missing"
"LB-LOC-5AC85740FBDB","","","missing","none","","missing"
"LB-LOC-15ED5E81AD69","","","missing","none","","missing"
"LB-LOC-35A4AFD9B9E3","","","missing","none","","missing"
"LB-LOC-108546C91501","","","missing","none","","missing"
"LB-LOC-967316020E2C","34.44601201482126","35.9625151008126","repository-reference","per_village_gpkg_extent","","missing"
"LB-LOC-721ACE009ADB","","","missing","none","","missing"
"LB-LOC-8AD084FA1EC2","","","missing","none","","missing"
"LB-LOC-BCC2FE5F508B","34.342651577768464","35.873949496476484","repository-reference","per_village_gpkg_extent","","missing"
"LB-LOC-97A4A99E6414","","","missing","none","","missing"
"LB-LOC-127C10615130","34.45113018320593","35.965347900101705","repository-reference","per_village_gpkg_extent","","missing"
"LB-LOC-215AF851115E","","","missing","none","","missing"
"LB-LOC-672342B39272","","","missing","none","","missing"
"LB-LOC-BB19FE55CBFA","","","missing","none","","missing"
"LB-LOC-86F2B8430CCA","34.45113018320593","35.965347900101705","repository-reference","per_village_gpkg_extent","","missing"
"LB-LOC-28D12EA76447","","","missing","none","","missing"
"LB-LOC-0A1ACEB0084A","","","missing","none","","missing"
"LB-LOC-B292F3586EB3","","","missing","none","","missing"
"LB-LOC-771CCE9F01F3","","","missing","none","","missing"
"LB-LOC-D532C39A9B4A","","","missing","none","","missing"
"LB-LOC-29F7330A515E","34.34907008888854","35.87814408650512","repository-reference","per_village_gpkg_extent","","missing"
"LB-LOC-121D30ADB9F4","","","missing","none","","missing"
"LB-LOC-11F0ADABCFDF","","","missing","none","","missing"
"LB-LOC-5454E5F046BC","34.45113018320593","35.965347900101705","repository-reference","per_village_gpkg_extent","","missing"
"LB-LOC-918956C81F0D","","","missing","none","","missing"
"LB-LOC-14C2BA4F2509","","","missing","none","","missing"
"LB-LOC-1A9C3D68EBF4","","","missing","none","","missing"
"LB-LOC-8E20CCDF655E","","","missing","none","","missing"
"LB-LOC-DCD71EEB03F8","34.343145127283265","35.8745457235489","repository-reference","per_village_gpkg_extent","","missing"
"LB-LOC-1EEC781ADAC1","34.45113018320593","35.965347900101705","repository-reference","per_village_gpkg_extent","","missing"
"LB-LOC-2E260844FBFC","","","missing","none","","missing"
"LB-LOC-D35CCCE6352E","34.45113018320593","35.965347900101705","repository-reference","per_village_gpkg_extent","","missing"
"LB-LOC-D682C52AE0F8","","","missing","none","","missing"
"LB-LOC-0A42C7CE05AD","34.45113018320593","35.965347900101705","repository-reference","per_village_gpkg_extent","","missing"
"LB-LOC-64A3EEB6B153","","","missing","none","","missing"
"LB-LOC-37DE0FD15849","34.55836500629782","36.054056291799064","repository-reference","per_village_gpkg_extent","","missing"
"LB-LOC-1FC4764EE0DD","","","missing","none","","missing"
"LB-LOC-9DECB3A9312B","","","missing","none","","missing"
"LB-LOC-D863E9759F1F","","","missing","none","","missing"
"LB-LOC-B27595C2CF1F","","","missing","none","","missing"
"LB-LOC-B4FEE6094103","","","missing","none","","missing"
"LB-LOC-8D7EB3D21ECB","","","missing","none","","missing"
"LB-LOC-ED1F6C10E052","34.385674632101484","35.886821118889245","repository-reference","dwg_geometry_cache","","missing"
"LB-LOC-DB2F69B55526","34.45113018320593","35.965347900101705","repository-reference","per_village_gpkg_extent","","missing"
"LB-LOC-3EA2ABBAEDCF","","","missing","none","","missing"
"LB-LOC-F60E70D2D03D","","","missing","none","","missing"
"LB-LOC-A2287299FFD7","","","missing","none","","missing"
"LB-LOC-02432C9CD227","","","missing","none","","missing"
"LB-LOC-9A8257372BF1","","","missing","none","","missing"
"LB-LOC-BB9F8B826ECE","34.3489553140506","35.88398689026632","repository-reference","dwg_geometry_cache","","missing"
"LB-LOC-24965909477F","34.55673017439652","36.050371911030076","repository-reference","lebgis_staging_gpkg_extent","","missing"
"LB-LOC-6C0EAE8E60B2","","","missing","none","","missing"
"LB-LOC-C3502B2F5D6C","34.55261664054862","36.049871519963126","repository-reference","lebgis_staging_gpkg_extent","","missing"
"LB-LOC-6FC886634497","34.45614294773464","35.966791522726055","repository-reference","lebgis_staging_gpkg_extent","","missing"
"LB-LOC-516DD593C651","","","missing","none","","missing"
"LB-LOC-ECA3D64FEB80","","","missing","none","","missing"
"LB-LOC-CE1CA1C25998","","","missing","none","","missing"
"LB-LOC-940A2851EAA5","","","missing","none","","missing"
"LB-LOC-2969BB28B1AE","","","missing","none","","missing"
"LB-LOC-CC30A04046DA","","","missing","none","","missing"
"LB-LOC-8D157619ADC4","","","missing","none","","missing"
"LB-LOC-FCCB9D81BD86","34.552401686531574","36.05186750947179","repository-reference","lebgis_staging_gpkg_extent","","missing"
"LB-LOC-86DFBC18FD05","","","missing","none","","missing"
"LB-LOC-820CA4A47113","","","missing","none","","missing"
"LB-LOC-80B853D72B58","34.55341979645165","36.05073089929483","repository-reference","lebgis_staging_gpkg_extent","","missing"
"LB-LOC-764D37EA7C8D","","","missing","none","","missing"
"LB-LOC-BFBE32A5BFF4","","","missing","none","","missing"
"LB-LOC-4AE05F903716","","","missing","none","","missing"
"LB-LOC-CBD8DD9D6742","","","missing","none","","missing"
"LB-LOC-99725332E9EF","","","missing","none","","missing"
"LB-LOC-84F6CA3DAFAE","","","missing","none","","missing"
"LB-LOC-446C703074E3","","","missing","none","","missing"
"LB-LOC-F153CF8C138E","","","missing","none","","missing"
"LB-LOC-DE76E8C1ECC1","","","missing","none","","missing"
"LB-LOC-6FD2C60C41A5","","","missing","none","","missing"
"LB-LOC-B1A147F8DE68","","","missing","none","","missing"
"LB-LOC-FE9CE73B75CF","","","missing","none","","missing"
"LB-LOC-0E3F57A438C2","","","missing","none","","missing"
"LB-LOC-81B012AC8AA1","","","missing","none","","missing"
"LB-LOC-EABC40AF37AE","34.558173242318915","36.051201142038025","repository-reference","lebgis_staging_gpkg_extent","","missing"
"LB-LOC-8C1A87AD7193","34.55617553002051","36.0510047439864","repository-reference","lebgis_staging_gpkg_extent","","missing"
"LB-LOC-5CA736E3EBF8","","","missing","none","","missing"
"LB-LOC-5B77A8D783BA","","","missing","none","","missing"
"LB-LOC-6B412958E2EA","","","missing","none","","missing"
"LB-LOC-EB9FCDA124CE","34.55597809764933","36.05487371443492","repository-reference","lebgis_staging_gpkg_extent","","missing"
"LB-LOC-1B79059F7B62","","","missing","none","","missing"
"LB-LOC-BC3D682C759A","","","missing","none","","missing"
"LB-LOC-4CA88E93F91B","","","missing","none","","missing"
"LB-LOC-8315876ECF17","","","missing","none","","missing"
"LB-LOC-32B61BFE60B4","","","missing","none","","missing"
"LB-LOC-1AE438121144","","","missing","none","","missing"
"LB-LOC-33DCCEC2F233","","","missing","none","","missing"
"LB-LOC-929350D8FDFF","","","missing","none","","missing"
"LB-LOC-68626AD868E3","","","missing","none","","missing"
"LB-LOC-3CA7DB402E7E","","","missing","none","","missing"
"LB-LOC-2DDAF1A38357","","","missing","none","","missing"
"LB-LOC-E3A7874589E8","","","missing","none","","missing"
"LB-LOC-1494077E7D77","","","missing","none","","missing"
"LB-LOC-61E21D7BEED7","","","missing","none","","missing"
"LB-LOC-03576E4BD9D4","","","missing","none","","missing"
"LB-LOC-293F33C0C46A","","","missing","none","","missing"
"LB-LOC-08729326618B","","","missing","none","","missing"
"LB-LOC-720C54DF24D6","34.55184760625296","36.053092250687314","repository-reference","lebgis_staging_gpkg_extent","","missing"
"LB-LOC-00CA3CDEEAA2","34.46990618719485","36.055599944972","repository-reference","lebgis_staging_gpkg_extent","","missing"
"LB-LOC-69037F655ADE","","","missing","none","","missing"
"LB-LOC-85F37169DA73","","","missing","none","","missing"
"LB-LOC-E56AB1AE489B","","","missing","none","","missing"
"LB-LOC-6CEADBA8881F","","","missing","none","","missing"
"LB-LOC-9C3AB261EFBB","","","missing","none","","missing"
"LB-LOC-71582A5795DC","","","missing","none","","missing"
"LB-LOC-5DBB1E2CF432","","","missing","none","","missing"
"LB-LOC-3F5F358AE491","","","missing","none","","missing"
"LB-LOC-54DC036B175D","","","missing","none","","missing"
"LB-LOC-7037B06E06C0","","","missing","none","","missing"
"LB-LOC-D0E1C3CC2248","","","missing","none","","missing"
"LB-LOC-66827D9DC16D","","","missing","none","","missing"
"LB-LOC-C4F8D47052F6","","","missing","none","","missing"
"LB-LOC-67ED016E05E6","","","missing","none","","missing"
"LB-LOC-514464A682E4","","","missing","none","","missing"
"LB-LOC-8BE01F72BE43","","","missing","none","","missing"
"LB-LOC-D0433AB8E99D","","","missing","none","","missing"
"LB-LOC-1322879BC7F4","","","missing","none","","missing"
"LB-LOC-A16B872AA5A2","","","missing","none","","missing"
"LB-LOC-13519382C03C","","","missing","none","","missing"
"LB-LOC-BFEAF296D684","","","missing","none","","missing"
"LB-LOC-81A2A2C6261D","","","missing","none","","missing"
"LB-LOC-CC84A2BB96A6","34.35523041878522","35.917274565276685","repository-reference","lebgis_staging_gpkg_extent","","missing"
"LB-LOC-CC9A799DBFCD","","","missing","none","","missing"
"LB-LOC-2DAB920FF031","","","missing","none","","missing"
"LB-LOC-BFC75A8E957A","","","missing","none","","missing"
"LB-LOC-D208AC02B792","","","missing","none","","missing"
"LB-LOC-AF01215FA72A","","","missing","none","","missing"
"LB-LOC-28EFB4C92F12","","","missing","none","","missing"
"LB-LOC-DE8DC1213622","","","missing","none","","missing"
"LB-LOC-F0742AE90A44","","","missing","none","","missing"
"LB-LOC-1573AD221360","","","missing","none","","missing"
"LB-LOC-E8C5447F2116","","","missing","none","","missing"
"LB-LOC-6A1E73483E3A","","","missing","none","","missing"
"LB-LOC-BC22B6E38E80","","","missing","none","","missing"
"LB-LOC-67B0C84EDF8B","","","missing","none","","missing"
"LB-LOC-7E88EFC96509","","","missing","none","","missing"
"LB-LOC-1BE13EBB0B41","","","missing","none","","missing"
"LB-LOC-A003060C9FE6","","","missing","none","","missing"
"LB-LOC-50964D8EC155","34.34143705325722","35.870308304973946","repository-reference","lebgis_staging_gpkg_extent","","missing"
"LB-LOC-A8899A087182","","","missing","none","","missing"
"LB-LOC-4276E5D509EB","","","missing","none","","missing"
"LB-LOC-2679C3D384C7","34.45629696912805","35.966809066525954","repository-reference","lebgis_staging_gpkg_extent","","missing"
"LB-LOC-F82081359B99","","","missing","none","","missing"
"LB-LOC-C2D01C4EC24F","","","missing","none","","missing"
"LB-LOC-A82EB9A0216E","","","missing","none","","missing"
"LB-LOC-CD1C7158A7CD","","","missing","none","","missing"
"LB-LOC-70B3934A78BF","","","missing","none","","missing"
"LB-LOC-0240DF3D5819","","","missing","none","","missing"
"LB-LOC-5AB576C6AE0C","","","missing","none","","missing"
"LB-LOC-0252E1CBD071","","","missing","none","","missing"
"LB-LOC-2080563D88EC","34.78642022483573","36.09576950637487","repository-reference","dwg_geometry_cache","","missing"
"LB-LOC-7291448E9594","","","missing","none","","missing"
"LB-LOC-2E6F0CD56D98","","","missing","none","","missing"
"LB-LOC-445878A2CDF1","","","missing","none","","missing"
"LB-LOC-F98E872AC249","","","missing","none","","missing"
"LB-LOC-C8486527599B","","","missing","none","","missing"
"LB-LOC-D1DEE12C4F1A","","","missing","none","","missing"
"LB-LOC-CC6194D7CC94","","","missing","none","","missing"
"LB-LOC-76B94CCA0A5C","","","missing","none","","missing"
"LB-LOC-0EE6FDE171DA","","","missing","none","","missing"
"LB-LOC-1074A9F302D8","","","missing","none","","missing"
"LB-LOC-630B70F1A5D2","","","missing","none","","missing"
"LB-LOC-72B4527CBF50","","","missing","none","","missing"
"LB-LOC-98476D0AC298","","","missing","none","","missing"
"LB-LOC-496334972C9A","","","missing","none","","missing"
"LB-LOC-7396DCB3B4F1","","","missing","none","","missing"
"LB-LOC-FC78C1F41B4C","","","missing","none","","missing"
"LB-LOC-9B9BFA782388","","","missing","none","","missing"
"LB-LOC-3E3C48594E79","","","missing","none","","missing"
"LB-LOC-CFCA6334B58B","","","missing","none","","missing"
"LB-LOC-1D72B217A5CF","","","missing","none","","missing"
"LB-LOC-046F6ABF1A4E","","","missing","none","","missing"
"LB-LOC-0483C9CD3E42","","","missing","none","","missing"
"LB-LOC-4E20C99079C9","","","missing","none","","missing"
"LB-LOC-0A0D18E2F555","34.43831434968976","35.96310049846103","repository-reference","dwg_geometry_cache","","missing"
"LB-LOC-B9885E532583","","","missing","none","","missing"
"LB-LOC-7BAFE4E1590D","","","missing","none","","missing"
"LB-LOC-AACD109E1AFF","","","missing","none","","missing"
"LB-LOC-39FDEB6BB54C","","","missing","none","","missing"
"LB-LOC-24A29557AB4F","","","missing","none","","missing"
"LB-LOC-0FD164221E4B","","","missing","none","","missing"
"LB-LOC-49F7F2F1B12B","","","missing","none","","missing"
"LB-LOC-A0A512510253","","","missing","none","","missing"
"LB-LOC-ACFD4971A682","","","missing","none","","missing"
"LB-LOC-30BA8677753E","","","missing","none","","missing"
"LB-LOC-9BAC422F2A4B","","","missing","none","","missing"
"LB-LOC-2BD65F3E32E4","","","missing","none","","missing"
"LB-LOC-8B7B13691E8D","","","missing","none","","missing"
"LB-LOC-030C678A9E38","","","missing","none","","missing"
"LB-LOC-311057F2A585","","","missing","none","","missing"
"LB-LOC-A33AF4EBC287","","","missing","none","","missing"
"LB-LOC-4D6EED858C14","","","missing","none","","missing"
"LB-LOC-80E0EFD1815D","","","missing","none","","missing"
"LB-LOC-89E5EDAFED08","","","missing","none","","missing"
"LB-LOC-A8AAD2F2ADE0","","","missing","none","","missing"
"LB-LOC-055D9205B2DA","","","missing","none","","missing"
"LB-LOC-29E2191655D3","","","missing","none","","missing"
"LB-LOC-A5FA163ACDEA","","","missing","none","","missing"
"LB-LOC-EA803C1129F0","","","missing","none","","missing"
"LB-LOC-E114750B08B5","","","missing","none","","missing"
"LB-LOC-4C6753B3439C","","","missing","none","","missing"
"LB-LOC-A5862F267AED","","","missing","none","","missing"
"LB-LOC-582E7260C8F1","","","missing","none","","missing"
"LB-LOC-16D15E01168A","34.326849421495005","35.86675404754696","repository-reference","lebgis_staging_gpkg_extent","","missing"
"LB-LOC-B571AACD19E6","","","missing","none","","missing"
"LB-LOC-01D1D08F35D9","","","missing","none","","missing"
"LB-LOC-71DAA0CA2FA3","","","missing","none","","missing"
"LB-LOC-C892FD989A8C","","","missing","none","","missing"
"LB-LOC-FDFA8EB254EE","34.32456738208802","35.86412016205871","repository-reference","lebgis_staging_gpkg_extent","","missing"
"LB-LOC-03133BDD2124","","","missing","none","","missing"
"LB-LOC-C9A8D1A31830","","","missing","none","","missing"
"LB-LOC-F904CF431315","","","missing","none","","missing"
"LB-LOC-DBCE3F80AB4D","","","missing","none","","missing"
"LB-LOC-B2125A9C18C8","","","missing","none","","missing"
"LB-LOC-7F8AB2B0317D","","","missing","none","","missing"
"LB-LOC-98E63629FE64","","","missing","none","","missing"
"LB-LOC-2F4611A7D534","","","missing","none","","missing"
"LB-LOC-A01F0A85F2AA","","","missing","none","","missing"
"LB-LOC-262BD6DD59C8","","","missing","none","","missing"
"LB-LOC-9CD85B2FA303","","","missing","none","","missing"
"LB-LOC-ADD909F984CB","","","missing","none","","missing"
"LB-LOC-3DD0AAEA24B1","","","missing","none","","missing"
"LB-LOC-D0BF0895ED43","","","missing","none","","missing"
"LB-LOC-42DD0D7A489D","","","missing","none","","missing"
"LB-LOC-18F1AECED55A","","","missing","none","","missing"
"LB-LOC-91D5CD671564","34.32560540291505","35.86534861811186","repository-reference","dwg_geometry_cache","","missing"
"LB-LOC-DC923F159A69","","","missing","none","","missing"
"LB-LOC-279D46872642","","","missing","none","","missing"
"LB-LOC-A15D10812FBE","","","missing","none","","missing"
"LB-LOC-4F6AB88F5F6B","","","missing","none","","missing"
"LB-LOC-624BACEF2183","","","missing","none","","missing"
"LB-LOC-655B65C60632","","","missing","none","","missing"
"LB-LOC-B5BEFCBE3EE3","","","missing","none","","missing"
"LB-LOC-47B9F0E32A51","","","missing","none","","missing"
"LB-LOC-0DAEB6FA2773","","","missing","none","","missing"
"LB-LOC-7B08DE54EC5C","34.327726563415396","35.86459695816441","repository-reference","lebgis_staging_gpkg_extent","","missing"
"LB-LOC-A47DA47BF68C","","","missing","none","","missing"
"LB-LOC-FA2069EFFB67","","","missing","none","","missing"
"LB-LOC-FE70DE1A7820","","","missing","none","","missing"
"LB-LOC-31376693838F","","","missing","none","","missing"
"LB-LOC-1DB91364FCC8","","","missing","none","","missing"
"LB-LOC-51D7E6BCCD16","","","missing","none","","missing"
"LB-LOC-D3ADE895D1F4","","","missing","none","","missing"
"LB-LOC-32EE783B7A3F","34.39368275060562","35.88330045395594","repository-reference","lebgis_staging_gpkg_extent","","missing"
"LB-LOC-814553F43F90","","","missing","none","","missing"
"LB-LOC-8882AE4D29E3","","","missing","none","","missing"
"LB-LOC-DF9955CE4897","","","missing","none","","missing"
"LB-LOC-4DF3E2F0459E","","","missing","none","","missing"
"LB-LOC-636B0D473C6F","","","missing","none","","missing"
"LB-LOC-F29121DF843E","","","missing","none","","missing"
"LB-LOC-77EDE11EE297","","","missing","none","","missing"
"LB-LOC-DFAC11E715B7","","","missing","none","","missing"
"LB-LOC-D70D1DB295DF","34.346505569280154","35.89143348900302","repository-reference","dwg_geometry_cache","","missing"
"LB-LOC-B3FF9190DF80","","","missing","none","","missing"
"LB-LOC-468F89CF78A8","","","missing","none","","missing"
"LB-LOC-EF0305955E5F","","","missing","none","","missing"
"LB-LOC-F18F9C3D34D0","","","missing","none","","missing"
"LB-LOC-396525178B37","","","missing","none","","missing"
"LB-LOC-24322164F78C","34.32304621782951","35.86397754849983","repository-reference","lebgis_staging_gpkg_extent","","missing"
"LB-LOC-F9440F126924","","","missing","none","","missing"
"LB-LOC-3212FFB34EC9","","","missing","none","","missing"
"LB-LOC-A4793DF224DC","","","missing","none","","missing"
"LB-LOC-1CBAC636F552","","","missing","none","","missing"
"LB-LOC-5CB6D8F46221","","","missing","none","","missing"
"LB-LOC-DBCE88B4C517","","","missing","none","","missing"
"LB-LOC-F90ECA621053","","","missing","none","","missing"
"LB-LOC-0992A77AE2FF","","","missing","none","","missing"
"LB-LOC-F4BED1FBD01A","","","missing","none","","missing"
"LB-LOC-F7A59CB33A3E","","","missing","none","","missing"
"LB-LOC-B4D51A6894CE","","","missing","none","","missing"
"LB-LOC-C66E4A92AA79","","","missing","none","","missing"
"LB-LOC-0C8514069F93","34.32732162811112","35.86675532327635","repository-reference","dwg_geometry_cache","","missing"
"LB-LOC-A58F1628FC03","","","missing","none","","missing"
"LB-LOC-9285C1C9595C","","","missing","none","","missing"
"LB-LOC-437F894B5EB6","","","missing","none","","missing"
"LB-LOC-44320C8EDBF7","","","missing","none","","missing"
"LB-LOC-95333C4DC708","","","missing","none","","missing"
"LB-LOC-EFDAB7DDE8AA","","","missing","none","","missing"
"LB-LOC-0E5D24F70CB8","","","missing","none","","missing"
"LB-LOC-420BB404364A","","","missing","none","","missing"
"LB-LOC-9E7A79EEA341","","","missing","none","","missing"
"LB-LOC-30A94C517CB7","","","missing","none","","missing"
"LB-LOC-A094D3DEB5C0","34.326116416630136","35.86413189103702","repository-reference","dwg_geometry_cache","","missing"
"LB-LOC-146D8DDB2D05","","","missing","none","","missing"
"LB-LOC-E78A36397B31","","","missing","none","","missing"
"LB-LOC-FFF9A88F51FA","","","missing","none","","missing"
"LB-LOC-5E4E74EA4AD0","","","missing","none","","missing"
"LB-LOC-701313CA4DC1","","","missing","none","","missing"
"LB-LOC-5FCF7D20499F","","","missing","none","","missing"
"LB-LOC-EBB681C1921C","","","missing","none","","missing"
"LB-LOC-01C8E012C5E6","","","missing","none","","missing"
"LB-LOC-969A801A1FCC","","","missing","none","","missing"
"LB-LOC-368E53174731","","","missing","none","","missing"
"LB-LOC-7C8BB27F844C","","","missing","none","","missing"
"LB-LOC-0ADCC60374A4","","","missing","none","","missing"
"LB-LOC-42A3C1EBB229","","","missing","none","","missing"
"LB-LOC-4C12468CC671","","","missing","none","","missing"
"LB-LOC-59D306A207D9","","","missing","none","","missing"
"LB-LOC-37BF0CFBD037","","","missing","none","","missing"
"LB-LOC-985A62A088BF","","","missing","none","","missing"
"LB-LOC-0D9908AD5ADA","","","missing","none","","missing"
"LB-LOC-C32BC9523D6A","","","missing","none","","missing"
"LB-LOC-C1A288A219FC","","","missing","none","","missing"
"LB-LOC-A5527D6A7E46","","","missing","none","","missing"
"LB-LOC-7DEB351BC8D5","","","missing","none","","missing"
"LB-LOC-4F9FABD24B78","","","missing","none","","missing"
"LB-LOC-31E9B02D0FFF","","","missing","none","","missing"
"LB-LOC-72012247F3F5","","","missing","none","","missing"
"LB-LOC-FF41D04C6B0F","","","missing","none","","missing"
"LB-LOC-DC509E8DA928","","","missing","none","","missing"
"LB-LOC-8AF4D08B4F84","","","missing","none","","missing"
"LB-LOC-19BB0601DEE2","","","missing","none","","missing"
"LB-LOC-815C8FB01AA5","","","missing","none","","missing"
"LB-LOC-B0DCA057FCCD","","","missing","none","","missing"
"LB-LOC-782D7C37379E","","","missing","none","","missing"
"LB-LOC-613D76CC4AFD","","","missing","none","","missing"
"LB-LOC-B4FD835544E4","","","missing","none","","missing"
"LB-LOC-ED8967DC6193","","","missing","none","","missing"
"LB-LOC-C84D56AFB31A","","","missing","none","","missing"
"LB-LOC-B7105AE4C35A","","","missing","none","","missing"
"LB-LOC-A839A7EF2D5B","","","missing","none","","missing"
"LB-LOC-B51DECBB60D7","","","missing","none","","missing"
"LB-LOC-E684EF7206BB","","","missing","none","","missing"
"LB-LOC-E8B29E25DA79","","","missing","none","","missing"
"LB-LOC-D33B85B0466A","","","missing","none","","missing"
"LB-LOC-4E39788FB9BF","","","missing","none","","missing"
"LB-LOC-5DD8313A3B7C","","","missing","none","","missing"
"LB-LOC-69B1D0B7EB43","","","missing","none","","missing"
"LB-LOC-EB8929D1A5F7","","","missing","none","","missing"
"LB-LOC-AE2BC9F60B46","","","missing","none","","missing"
"LB-LOC-DB18BD279D1A","","","missing","none","","missing"
"LB-LOC-7EA46CB645D2","","","missing","none","","missing"
"LB-LOC-6FB48A5D46C1","","","missing","none","","missing"
"LB-LOC-D96F30975D1B","","","missing","none","","missing"
"LB-LOC-1370B49DF231","","","missing","none","","missing"
"LB-LOC-84F9D5085F22","","","missing","none","","missing"
"LB-LOC-6ED12FA6DC0D","","","missing","none","","missing"
"LB-LOC-F84A4FEA8441","","","missing","none","","missing"
"LB-LOC-F06340B25A11","","","missing","none","","missing"
"LB-LOC-069B9E31ABA9","","","missing","none","","missing"
"LB-LOC-C5A308088A1E","","","missing","none","","missing"
"LB-LOC-CD6A6D03E565","","","missing","none","","missing"
"LB-LOC-72AAF5FFB183","","","missing","none","","missing"
"LB-LOC-28B520FB3914","","","missing","none","","missing"
"LB-LOC-9DCEFCFB728F","","","missing","none","","missing"
"LB-LOC-8AFD447B6317","","","missing","none","","missing"
"LB-LOC-78A887AF080E","","","missing","none","","missing"
"LB-LOC-0CFE3C2E75BE","","","missing","none","","missing"
"LB-LOC-D062F52859F9","","","missing","none","","missing"
"LB-LOC-229BAE37C901","","","missing","none","","missing"
"LB-LOC-AC95D6FCD90F","","","missing","none","","missing"
"LB-LOC-0A5CD68E19EE","","","missing","none","","missing"
"LB-LOC-490B342A8A54","34.333694994235046","35.87526207422094","repository-reference","dwg_geometry_cache","","missing"
"LB-LOC-28AB0737A877","","","missing","none","","missing"
"LB-LOC-79A10BC5A0C7","","","missing","none","","missing"
"LB-LOC-B73E4D8122D8","","","missing","none","","missing"
"LB-LOC-6EC20EA5A18B","","","missing","none","","missing"
"LB-LOC-F4083C8DE0DE","","","missing","none","","missing"
"LB-LOC-AB88F7571ACF","","","missing","none","","missing"
"LB-LOC-B5FB7178A420","","","missing","none","","missing"
"LB-LOC-73E7CA940824","","","missing","none","","missing"
"LB-LOC-1A474D3DB96F","","","missing","none","","missing"
"LB-LOC-D389EAD3920A","","","missing","none","","missing"
"LB-LOC-454CE4AE0EDD","","","missing","none","","missing"
"LB-LOC-03EB8E750882","34.37875729878566","35.884782391719","repository-reference","dwg_geometry_cache","","missing"
"LB-LOC-92090E5ED2D2","","","missing","none","","missing"
"LB-LOC-952DC9CC0E71","","","missing","none","","missing"
"LB-LOC-5F5D113ABFC4","","","missing","none","","missing"
"LB-LOC-917623CC6506","","","missing","none","","missing"
"LB-LOC-A95C39AC4AF4","","","missing","none","","missing"
"LB-LOC-1C7D5EE61C3A","","","missing","none","","missing"
"LB-LOC-FFC0F0988529","","","missing","none","","missing"
"LB-LOC-0702A5A72292","","","missing","none","","missing"
"LB-LOC-260512DE1F95","","","missing","none","","missing"
"LB-LOC-5B340B88BB4E","","","missing","none","","missing"
"LB-LOC-F45718A47E66","","","missing","none","","missing"
"LB-LOC-712E797CB51F","","","missing","none","","missing"
"LB-LOC-5AA9BF40F511","","","missing","none","","missing"
"LB-LOC-19533207B193","","","missing","none","","missing"
"LB-LOC-DF179E988F88","","","missing","none","","missing"
"LB-LOC-49FCCE286D97","","","missing","none","","missing"
"LB-LOC-57263E5617EE","","","missing","none","","missing"
"LB-LOC-222325A408C9","","","missing","none","","missing"
"LB-LOC-FF75D778368B","","","missing","none","","missing"
"LB-LOC-C3C1475A24A8","","","missing","none","","missing"
"LB-LOC-F0F85472EBA7","","","missing","none","","missing"
"LB-LOC-410D7E6CBCD4","","","missing","none","","missing"
"LB-LOC-3992A4862A36","","","missing","none","","missing"
"LB-LOC-63BF34C87A33","","","missing","none","","missing"
"LB-LOC-E7F5EBB8CBBD","","","missing","none","","missing"
"LB-LOC-6A96236A59B4","","","missing","none","","missing"
"LB-LOC-8FBD414961D3","","","missing","none","","missing"
"LB-LOC-2214EB7825BC","","","missing","none","","missing"
"LB-LOC-EB4ECAD771E8","","","missing","none","","missing"
"LB-LOC-E0CE2F477C3A","","","missing","none","","missing"
"LB-LOC-1F3E3A44F367","34.4561454888003","35.96683231198365","repository-reference","lebgis_staging_gpkg_extent","","missing"
"LB-LOC-6DC9E21AD0C4","","","missing","none","","missing"
"LB-LOC-FA0863E1A6B7","","","missing","none","","missing"
"LB-LOC-3785938A24B6","","","missing","none","","missing"
"LB-LOC-8942249A222B","","","missing","none","","missing"
"LB-LOC-01D7B5C4AB22","","","missing","none","","missing"
"LB-LOC-576A364BB7F3","34.45438606137493","35.96633224633845","repository-reference","lebgis_staging_gpkg_extent","","missing"
"LB-LOC-5BB4168EF39D","","","missing","none","","missing"
"LB-LOC-D9ED7CAEDB81","","","missing","none","","missing"
"LB-LOC-6EC3E4C3BC1A","","","missing","none","","missing"
"LB-LOC-BB20FB4AE527","","","missing","none","","missing"
"LB-LOC-0C2CED204F82","","","missing","none","","missing"
"LB-LOC-9BC8D3579607","34.38026307386714","35.967206481625766","repository-reference","lebgis_staging_gpkg_extent","","missing"
"LB-LOC-FC0BE7DB5632","","","missing","none","","missing"
"LB-LOC-3A90A62B8D56","","","missing","none","","missing"
"LB-LOC-88F9FA056AAC","","","missing","none","","missing"
"LB-LOC-9720872BCC9D","","","missing","none","","missing"
"LB-LOC-1F382A881DFB","","","missing","none","","missing"
"LB-LOC-E6BE537811EE","","","missing","none","","missing"
"LB-LOC-9F8525FABC57","","","missing","none","","missing"
"LB-LOC-1D880F51A9F3","","","missing","none","","missing"
"LB-LOC-77DF0749DCEB","","","missing","none","","missing"
"LB-LOC-71B8A72C06FF","","","missing","none","","missing"
"LB-LOC-704919BA71D0","","","missing","none","","missing"
"LB-LOC-73BA6CDE6D6F","","","missing","none","","missing"
"LB-LOC-735A6E823EF5","","","missing","none","","missing"
"LB-LOC-9640C4DC7ACB","","","missing","none","","missing"
"LB-LOC-8E423B8411B1","34.387358431315604","35.87651569868191","repository-reference","lebgis_staging_gpkg_extent","","missing"
"LB-LOC-06BB82961ED5","","","missing","none","","missing"
"LB-LOC-2C8FA6772ECA","","","missing","none","","missing"
"LB-LOC-6A4C4EB5D9AE","","","missing","none","","missing"
"LB-LOC-03F3050E3A5A","","","missing","none","","missing"
"LB-LOC-7EDE5E9B563F","","","missing","none","","missing"
"LB-LOC-6255D4FB047C","","","missing","none","","missing"
"LB-LOC-CE67468698BA","","","missing","none","","missing"
"LB-LOC-7C976CF6A0A4","","","missing","none","","missing"
"LB-LOC-509765877DB7","","","missing","none","","missing"
"LB-LOC-2B2D6B55C6B9","","","missing","none","","missing"
"LB-LOC-79E71B1ECF14","","","missing","none","","missing"
"LB-LOC-DA31EE07F883","","","missing","none","","missing"
"LB-LOC-7CD0A8BA8502","","","missing","none","","missing"
"LB-LOC-8325DF086679","","","missing","none","","missing"
"LB-LOC-03B1D627CF43","","","missing","none","","missing"
"LB-LOC-F2686750AF35","","","missing","none","","missing"
"LB-LOC-B28C1230A292","","","missing","none","","missing"
"LB-LOC-9FA7A5201EFD","","","missing","none","","missing"
"LB-LOC-6ECF1FCDA552","","","missing","none","","missing"
"LB-LOC-59BCD2DD6213","","","missing","none","","missing"
"LB-LOC-E1358A6D686D","","","missing","none","","missing"
"LB-LOC-EEC19A2EE8A2","","","missing","none","","missing"
"LB-LOC-5CC155A31197","","","missing","none","","missing"
"LB-LOC-D18B6F1C361D","","","missing","none","","missing"
"LB-LOC-9A66523884CF","","","missing","none","","missing"
"LB-LOC-1D6121EF6BD7","","","missing","none","","missing"
"LB-LOC-D461B4F53EC2","","","missing","none","","missing"
"LB-LOC-3C60C2252E30","","","missing","none","","missing"
"LB-LOC-7923D1794B94","","","missing","none","","missing"
"LB-LOC-786BD2D75782","","","missing","none","","missing"
"LB-LOC-031BC5BA503D","","","missing","none","","missing"
"LB-LOC-C1CB538335B5","","","missing","none","","missing"
"LB-LOC-4FD93782272F","","","missing","none","","missing"
"LB-LOC-91A1B2B01BE4","","","missing","none","","missing"
"LB-LOC-7B4A7224C402","","","missing","none","","missing"
"LB-LOC-6A424464D881","","","missing","none","","missing"
"LB-LOC-493440B3919B","","","missing","none","","missing"
"LB-LOC-9BF4EB729E1A","","","missing","none","","missing"
"LB-LOC-55327E1CE577","","","missing","none","","missing"
"LB-LOC-EC931D38DD2B","","","missing","none","","missing"
"LB-LOC-EA83277B21C8","","","missing","none","","missing"
"LB-LOC-0629C9E32F7F","","","missing","none","","missing"
"LB-LOC-ABB7C2F2F8FD","","","missing","none","","missing"
"LB-LOC-8A7EE9014068","","","missing","none","","missing"
"LB-LOC-995F9434698E","","","missing","none","","missing"
"LB-LOC-5A86AD85EF11","","","missing","none","","missing"
"LB-LOC-59174E80DF4E","","","missing","none","","missing"
"LB-LOC-931EC5AFF86B","","","missing","none","","missing"
"LB-LOC-9258B8A217E4","","","missing","none","","missing"
"LB-LOC-01157B2E1219","","","missing","none","","missing"
"LB-LOC-7E6BDAA3405F","","","missing","none","","missing"
"LB-LOC-6ABE84F45458","","","missing","none","","missing"
"LB-LOC-38089A760B68","","","missing","none","","missing"
"LB-LOC-E43E47861EB8","","","missing","none","","missing"
"LB-LOC-539D3FF074D6","","","missing","none","","missing"
"LB-LOC-6318C34D6F36","","","missing","none","","missing"
"LB-LOC-F7FAD3B99274","","","missing","none","","missing"
"LB-LOC-374D25AC745C","","","missing","none","","missing"
"LB-LOC-7F808967D450","","","missing","none","","missing"
"LB-LOC-55C47F880233","","","missing","none","","missing"
"LB-LOC-7A6A50FA450C","","","missing","none","","missing"
"LB-LOC-E0C66FA6773E","","","missing","none","","missing"
"LB-LOC-638003D16146","","","missing","none","","missing"
"LB-LOC-33F4631E3616","","","missing","none","","missing"
"LB-LOC-398B5E6A565E","","","missing","none","","missing"
"LB-LOC-91B44A784D22","34.367330192128264","35.88612634700445","repository-reference","lebgis_staging_gpkg_extent","","missing"
"LB-LOC-0FA50ED303AA","","","missing","none","","missing"
"LB-LOC-82705873857A","","","missing","none","","missing"
"LB-LOC-52C2C6108FEA","","","missing","none","","missing"
"LB-LOC-34C27F7B9C9F","","","missing","none","","missing"
"LB-LOC-D795EE00E3CA","","","missing","none","","missing"
"LB-LOC-7E6ECD9135F7","","","missing","none","","missing"
"LB-LOC-2E10B488E49B","","","missing","none","","missing"
"LB-LOC-FAF77B9A5C3B","","","missing","none","","missing"
"LB-LOC-7C4C6CD12CB7","","","missing","none","","missing"
"LB-LOC-77EB3062D9F6","","","missing","none","","missing"
"LB-LOC-CD10C7C214F3","","","missing","none","","missing"
"LB-LOC-B2C68BDA7358","","","missing","none","","missing"
"LB-LOC-9DF887952EB5","","","missing","none","","missing"
"LB-LOC-2E5DFD40D5B6","","","missing","none","","missing"
"LB-LOC-5DC42C15EBA8","","","missing","none","","missing"
"LB-LOC-6B48BBBD1288","","","missing","none","","missing"
"LB-LOC-7D2B89E9184F","","","missing","none","","missing"
"LB-LOC-7D654747DF97","","","missing","none","","missing"
"LB-LOC-BC52609BB7C1","","","missing","none","","missing"
"LB-LOC-DD3E1ABBD6AD","","","missing","none","","missing"
"LB-LOC-9F82B9C11294","","","missing","none","","missing"
"LB-LOC-5FC800D39336","","","missing","none","","missing"
"LB-LOC-1B5BCF7BA624","","","missing","none","","missing"
"LB-LOC-A4F07764B474","","","missing","none","","missing"
"LB-LOC-702492EDEB9E","","","missing","none","","missing"
"LB-LOC-7F4C50195368","","","missing","none","","missing"
"LB-LOC-2278514160A9","","","missing","none","","missing"
"LB-LOC-D073E88203FC","","","missing","none","","missing"
"LB-LOC-B0C163B2507F","","","missing","none","","missing"
"LB-LOC-523A7E1F57DA","","","missing","none","","missing"
"LB-LOC-050EB8321E8F","","","missing","none","","missing"
"LB-LOC-EE978EEADC35","","","missing","none","","missing"
"LB-LOC-E6CD040B05F9","","","missing","none","","missing"
"LB-LOC-97A9C7A316E8","","","missing","none","","missing"
"LB-LOC-27AD4E8A0787","","","missing","none","","missing"
"LB-LOC-BFFD18BB2F30","34.36339750621427","35.871933640822824","repository-reference","lebgis_staging_gpkg_extent","","missing"
"LB-LOC-5C7DBC5A66D8","","","missing","none","","missing"
"LB-LOC-EBEC5CEE4235","","","missing","none","","missing"
"LB-LOC-BEE2CDB2DA6E","","","missing","none","","missing"
"LB-LOC-C70113329F72","","","missing","none","","missing"
"LB-LOC-8AE40435683A","34.45804820979031","35.969967414419145","repository-reference","lebgis_staging_gpkg_extent","","missing"
"LB-LOC-03978F41B3BE","","","missing","none","","missing"
"LB-LOC-C4559C8824E7","","","missing","none","","missing"
"LB-LOC-256A59071C3B","34.4560725486575","35.96677634844502","repository-reference","lebgis_staging_gpkg_extent","","missing"
"LB-LOC-1BD0F11F2653","","","missing","none","","missing"
"LB-LOC-D7F887521349","","","missing","none","","missing"
"LB-LOC-4FF47EE60C94","","","missing","none","","missing"
"LB-LOC-D6215DE7D20F","","","missing","none","","missing"
"LB-LOC-A5D48CF278AA","34.45600031381558","35.96681762625022","repository-reference","lebgis_staging_gpkg_extent","","missing"
"LB-LOC-F4B48427EE16","","","missing","none","","missing"
"LB-LOC-FE7A9EAAC52D","","","missing","none","","missing"
"LB-LOC-74FBBAFF503A","","","missing","none","","missing"
"LB-LOC-E7C0E49B6039","","","missing","none","","missing"
"LB-LOC-E542DFD6B4C3","","","missing","none","","missing"
"LB-LOC-3A83FB8C30BD","","","missing","none","","missing"
"LB-LOC-DAA9CDD473F5","","","missing","none","","missing"
"LB-LOC-DF406BB063F7","","","missing","none","","missing"
"LB-LOC-E233D88B0C73","","","missing","none","","missing"
"LB-LOC-064876BA3EC9","","","missing","none","","missing"
"LB-LOC-36D1796A6BDD","","","missing","none","","missing"
"LB-LOC-8C76E821F40D","","","missing","none","","missing"
"LB-LOC-59446F2771D3","","","missing","none","","missing"
"LB-LOC-AFBEB6AFADCF","","","missing","none","","missing"
"LB-LOC-A2A6044B2A4D","","","missing","none","","missing"
"LB-LOC-200F58C3E624","","","missing","none","","missing"
"LB-LOC-210F2D9FC77A","","","missing","none","","missing"
"LB-LOC-0C7D2232EB73","","","missing","none","","missing"
"LB-LOC-41EC1907B0CB","","","missing","none","","missing"
"LB-LOC-CE862C6CF65C","","","missing","none","","missing"
"LB-LOC-1CA24791E479","","","missing","none","","missing"
"LB-LOC-91DB8AFAFA16","","","missing","none","","missing"
"LB-LOC-703C07069774","","","missing","none","","missing"
"LB-LOC-490E68FE517A","","","missing","none","","missing"
"LB-LOC-558845300D25","","","missing","none","","missing"
"LB-LOC-40E5813F5DF8","","","missing","none","","missing"
"LB-LOC-508379D85177","","","missing","none","","missing"
"LB-LOC-ECC3F504DCA8","","","missing","none","","missing"
"LB-LOC-5978587EB1B3","","","missing","none","","missing"
"LB-LOC-170702AE91EB","","","missing","none","","missing"
"LB-LOC-077A9BA584B7","","","missing","none","","missing"
"LB-LOC-6F06E2E872AB","","","missing","none","","missing"
"LB-LOC-A9F445F89B5B","","","missing","none","","missing"
"LB-LOC-7AC1738FEBD7","","","missing","none","","missing"
"LB-LOC-B1CC5F7C65BE","","","missing","none","","missing"
"LB-LOC-8C4EC71EFC87","","","missing","none","","missing"
"LB-LOC-058396174017","","","missing","none","","missing"
"LB-LOC-DF86F132B0B0","","","missing","none","","missing"
"LB-LOC-0D047689C1FC","","","missing","none","","missing"
"LB-LOC-AE291E0A44E6","","","missing","none","","missing"
"LB-LOC-1BA8BD6E5BB8","","","missing","none","","missing"
"LB-LOC-D385C86B055A","","","missing","none","","missing"
"LB-LOC-E046546B0472","","","missing","none","","missing"
"LB-LOC-DB10E32B9E3D","","","missing","none","","missing"
"LB-LOC-00C4D22D5C1E","","","missing","none","","missing"
"LB-LOC-A4D07317827F","","","missing","none","","missing"
"LB-LOC-7453C03A3044","","","missing","none","","missing"
"LB-LOC-C66AC25CAE22","","","missing","none","","missing"
"LB-LOC-832134DDE44A","","","missing","none","","missing"
"LB-LOC-90E5E5EDCDBB","","","missing","none","","missing"
"LB-LOC-C2A76F9E10CC","","","missing","none","","missing"
"LB-LOC-25C23145D945","","","missing","none","","missing"
"LB-LOC-E815116561B6","","","missing","none","","missing"
"LB-LOC-F15EE3D5B2A4","","","missing","none","","missing"
"LB-LOC-05B19ABBB7A6","34.456028316903314","35.96676803126426","repository-reference","lebgis_staging_gpkg_extent","","missing"
"LB-LOC-8DCD1DEE7445","","","missing","none","","missing"
"LB-LOC-EF5ED3652349","","","missing","none","","missing"
"LB-LOC-23B2864DD8B8","","","missing","none","","missing"
"LB-LOC-8FE9A6A8A542","","","missing","none","","missing"
"LB-LOC-3BE4CA069809","","","missing","none","","missing"
"LB-LOC-112BE7B08EC7","","","missing","none","","missing"
"LB-LOC-ADE8DC23BE75","","","missing","none","","missing"
"LB-LOC-B4690E73CF00","","","missing","none","","missing"
"LB-LOC-AB226EC6D9E5","","","missing","none","","missing"
"LB-LOC-97F5D7FF6EEF","","","missing","none","","missing"
"LB-LOC-22C8DEB98249","","","missing","none","","missing"
"LB-LOC-DB2A641755AC","","","missing","none","","missing"
"LB-LOC-3EFE4FB6A74D","","","missing","none","","missing"
"LB-LOC-58DC89B62229","","","missing","none","","missing"
"LB-LOC-650DCF44A66E","","","missing","none","","missing"
"LB-LOC-FE85840D9AB0","","","missing","none","","missing"
"LB-LOC-D8B1DBCF5FFD","","","missing","none","","missing"
"LB-LOC-77FB25B0757D","","","missing","none","","missing"
"LB-LOC-6F4FCF3B3778","","","missing","none","","missing"
"LB-LOC-0EB38504D857","","","missing","none","","missing"
"LB-LOC-3E635F525BFA","","","missing","none","","missing"
"LB-LOC-B9963F4FFE82","","","missing","none","","missing"
"LB-LOC-51730303A60B","","","missing","none","","missing"
"LB-LOC-72FD54533E2D","","","missing","none","","missing"
"LB-LOC-1B438E6F8F9D","","","missing","none","","missing"
"LB-LOC-025C55AB803C","","","missing","none","","missing"
"LB-LOC-B838CAB2695C","","","missing","none","","missing"
"LB-LOC-97321FB9C3E1","","","missing","none","","missing"
"LB-LOC-65D85584A43E","","","missing","none","","missing"
"LB-LOC-29390BC3DDE1","","","missing","none","","missing"
"LB-LOC-35B3C9E74236","34.20535071622032","36.07143687635355","repository-reference","dwg_geometry_cache","","missing"
"LB-LOC-F1072BAAEC4E","","","missing","none","","missing"
"LB-LOC-0150943EC650","","","missing","none","","missing"
"LB-LOC-AC96C800035C","","","missing","none","","missing"
"LB-LOC-D8C214713902","","","missing","none","","missing"
"LB-LOC-68A01FE22488","","","missing","none","","missing"
"LB-LOC-586C53D0A518","35.75634140763821","35.192056747563726","repository-reference","dwg_geometry_cache","","missing"
"LB-LOC-79255EC23CBF","34.37901699308384","35.966862236485596","repository-reference","lebgis_staging_gpkg_extent","","missing"
"LB-LOC-9FC09C4952EB","","","missing","none","","missing"
"LB-LOC-72604525220A","","","missing","none","","missing"
"LB-LOC-0CDA56F3EE9D","34.374658957346796","35.92179736380157","repository-reference","lebgis_staging_gpkg_extent","","missing"
"LB-LOC-CC3A1DBD0C6B","","","missing","none","","missing"
"LB-LOC-E4C4A26B59B9","","","missing","none","","missing"
"LB-LOC-2E1655C2E629","","","missing","none","","missing"
"LB-LOC-D55A56A7BE9A","","","missing","none","","missing"
"LB-LOC-D52190D58BA6","","","missing","none","","missing"
"LB-LOC-C9D53CB40552","","","missing","none","","missing"
"LB-LOC-DD1A5474AD29","","","missing","none","","missing"
"LB-LOC-D4DD61524113","","","missing","none","","missing"
"LB-LOC-EE768B031BA9","","","missing","none","","missing"
"LB-LOC-E91B346C4EA8","","","missing","none","","missing"
"LB-LOC-385351EC21B2","","","missing","none","","missing"
"LB-LOC-AD0DD1F12D24","","","missing","none","","missing"
"LB-LOC-41122D3E827E","","","missing","none","","missing"
"LB-LOC-E1F7492385DA","","","missing","none","","missing"
"LB-LOC-F4BF66959BA5","","","missing","none","","missing"
"LB-LOC-442A39B4241F","","","missing","none","","missing"
"LB-LOC-4ACB7CBFC627","","","missing","none","","missing"
"LB-LOC-145E94991145","","","missing","none","","missing"
"LB-LOC-3A281D8186A4","","","missing","none","","missing"
"LB-LOC-1252F6B76E0E","","","missing","none","","missing"
"LB-LOC-C67C06A3E2E4","","","missing","none","","missing"
"LB-LOC-2BEF9D86D93B","","","missing","none","","missing"
"LB-LOC-A246938115F6","","","missing","none","","missing"
"LB-LOC-28A1A9A229FC","","","missing","none","","missing"
"LB-LOC-868520FA9EAB","","","missing","none","","missing"
"LB-LOC-62BD1E2F5DD9","","","missing","none","","missing"
"LB-LOC-4CA8FAFD54E6","","","missing","none","","missing"
"LB-LOC-77FCFC97B5DF","","","missing","none","","missing"
"LB-LOC-C154DE75097F","","","missing","none","","missing"
"LB-LOC-8FCD02ADB776","","","missing","none","","missing"
"LB-LOC-828F3F5F4E6D","","","missing","none","","missing"
"LB-LOC-1B0CAB6007A5","","","missing","none","","missing"
"LB-LOC-E1608FF797A7","","","missing","none","","missing"
"LB-LOC-EA3C63848EE7","","","missing","none","","missing"
"LB-LOC-2D4CC5E14A08","","","missing","none","","missing"
"LB-LOC-806A7D01D593","","","missing","none","","missing"
"LB-LOC-6B25B8CBB043","","","missing","none","","missing"
"LB-LOC-350F4182C6FF","","","missing","none","","missing"
"LB-LOC-49C76363E9A5","","","missing","none","","missing"
"LB-LOC-1C59EA74A822","","","missing","none","","missing"
"LB-LOC-DB3F44C163CA","","","missing","none","","missing"
"LB-LOC-CDFF394CE106","","","missing","none","","missing"
"LB-LOC-5BFE74BD1C36","","","missing","none","","missing"
"LB-LOC-B667D22C01CE","","","missing","none","","missing"
"LB-LOC-5B7A8AE39139","","","missing","none","","missing"
"LB-LOC-B4F4AE8E6A70","","","missing","none","","missing"
"LB-LOC-974702DABFEF","","","missing","none","","missing"
"LB-LOC-E83BFF3C7AF2","","","missing","none","","missing"
"LB-LOC-0388EC4B7963","","","missing","none","","missing"
"LB-LOC-E24F463A2AF3","","","missing","none","","missing"
"LB-LOC-EE0450F20367","","","missing","none","","missing"
"LB-LOC-B059AAC7BE1F","34.37694245307689","35.83555421276243","repository-reference","lebgis_staging_gpkg_extent","","missing"
"LB-LOC-2D5772C596D7","","","missing","none","","missing"
"LB-LOC-3D14CD095888","","","missing","none","","missing"
"LB-LOC-CBB6CB08D417","","","missing","none","","missing"
"LB-LOC-5F65141F3CD8","","","missing","none","","missing"
"LB-LOC-99EB211ABD0F","","","missing","none","","missing"
"LB-LOC-5F836DD6898D","","","missing","none","","missing"
"LB-LOC-2D3427240C74","","","missing","none","","missing"
"LB-LOC-6B33EAA98811","","","missing","none","","missing"
"LB-LOC-C2757E959E7E","","","missing","none","","missing"
"LB-LOC-D68D07E69553","35.73770559056997","35.13855256524943","repository-reference","dwg_geometry_cache","","missing"
"LB-LOC-1E901C1A3A30","","","missing","none","","missing"
"LB-LOC-E9E92DD5C47E","","","missing","none","","missing"
"LB-LOC-B1A3F7096B2A","","","missing","none","","missing"
"LB-LOC-1E3900A6CD76","","","missing","none","","missing"
"LB-LOC-F1927D455178","","","missing","none","","missing"
"LB-LOC-44948970BDB5","34.23560771688362","35.32018097574122","repository-reference","dwg_geometry_cache","","missing"
"LB-LOC-CB2E58F2B9C9","","","missing","none","","missing"
"LB-LOC-40858F5D4FDE","","","missing","none","","missing"
"LB-LOC-CB886955B6B5","34.37291057422429","35.92128930876096","repository-reference","lebgis_staging_gpkg_extent","","missing"
"LB-LOC-0A9C2E3BA127","","","missing","none","","missing"
"LB-LOC-147791E57E00","","","missing","none","","missing"
"LB-LOC-058B0EA1F5C5","","","missing","none","","missing"
"LB-LOC-FA0B4EB04F98","","","missing","none","","missing"
"LB-LOC-57ADB1213407","","","missing","none","","missing"
"LB-LOC-7A6F9EE0668B","34.368170365676704","35.873948566940186","repository-reference","lebgis_staging_gpkg_extent","","missing"
"LB-LOC-FB60B86B0AA4","","","missing","none","","missing"
"LB-LOC-9B600591E2A5","","","missing","none","","missing"
"LB-LOC-D647B8C2C478","","","missing","none","","missing"
"LB-LOC-DC68B7157BFB","","","missing","none","","missing"
"LB-LOC-6DD30ACCE539","","","missing","none","","missing"
"LB-LOC-2436729308E6","","","missing","none","","missing"
"LB-LOC-6989EA41D998","","","missing","none","","missing"
"LB-LOC-624C218676C1","","","missing","none","","missing"
"LB-LOC-36F0B8136A39","","","missing","none","","missing"
"LB-LOC-0738DA12DEC3","","","missing","none","","missing"
"LB-LOC-066CB11D426A","","","missing","none","","missing"
"LB-LOC-5A9AEAF72003","34.379506985274986","35.966365288419105","repository-reference","lebgis_staging_gpkg_extent","","missing"
"LB-LOC-1C452FA99E2D","","","missing","none","","missing"
"LB-LOC-32F64C4980C3","","","missing","none","","missing"
"LB-LOC-4BA38A62B022","","","missing","none","","missing"
"LB-LOC-C3B3787A6004","","","missing","none","","missing"
"LB-LOC-9EF478A17EC8","34.536218380072185","35.2376235777854","repository-reference","dwg_geometry_cache","","missing"
"LB-LOC-6647D02F8570","","","missing","none","","missing"
"LB-LOC-4B7F206DE7C1","","","missing","none","","missing"
"LB-LOC-48561FC66D0E","","","missing","none","","missing"
"LB-LOC-B64AC5BB91BA","34.203505780425346","35.035613979735786","repository-reference","dwg_geometry_cache","","missing"
"LB-LOC-F3A2C606B532","34.24670971151581","35.03099083049749","repository-reference","dwg_geometry_cache","","missing"
"LB-LOC-4B4F65A93434","","","missing","none","","missing"
"LB-LOC-1C7FBC5DE0F1","","","missing","none","","missing"
"LB-LOC-E5BE80736B40","","","missing","none","","missing"
"LB-LOC-4223692CDAC0","","","missing","none","","missing"
"LB-LOC-CD52D7533EA7","","","missing","none","","missing"
"LB-LOC-0D1925F1D0DF","","","missing","none","","missing"
"LB-LOC-600583C6230A","34.454973617379764","35.96666837436075","repository-reference","lebgis_staging_gpkg_extent","","missing"
"LB-LOC-9C33F3742B98","34.36909456856587","35.87315508282671","repository-reference","lebgis_staging_gpkg_extent","","missing"
"LB-LOC-7110D462E4F8","","","missing","none","","missing"
"LB-LOC-0E4CF3FED84D","34.456293126325974","35.96753694268659","repository-reference","lebgis_staging_gpkg_extent","","missing"
"LB-LOC-E674E68E5B1F","","","missing","none","","missing"
"LB-LOC-2799F876E84F","","","missing","none","","missing"
"LB-LOC-B8F6D096BC6D","","","missing","none","","missing"
"LB-LOC-4107E96D4E46","","","missing","none","","missing"
"LB-LOC-0658032EAA18","","","missing","none","","missing"
"LB-LOC-E380AA89660A","","","missing","none","","missing"
"LB-LOC-1E675AC79259","","","missing","none","","missing"
"LB-LOC-8655030458DD","","","missing","none","","missing"
"LB-LOC-A46A15472605","","","missing","none","","missing"
"LB-LOC-7D4A40E9171C","","","missing","none","","missing"
"LB-LOC-7DD0E5B58E97","","","missing","none","","missing"
"LB-LOC-3130C537D6AE","","","missing","none","","missing"
"LB-LOC-DE7BACD2BF61","","","missing","none","","missing"
"LB-LOC-CEAAA2349682","34.36997119141239","35.87322278359805","repository-reference","lebgis_staging_gpkg_extent","","missing"
"LB-LOC-79ADA943BFB1","34.35502851816925","35.87688196374157","repository-reference","dwg_geometry_cache","","missing"
"LB-LOC-BB8DF1C720B2","34.36680638393972","35.87274731355075","repository-reference","lebgis_staging_gpkg_extent","","missing"
"LB-LOC-497B54BB4729","34.38107522905145","35.967480888430835","repository-reference","lebgis_staging_gpkg_extent","","missing"
"LB-LOC-45225FEFA5EA","34.369635835502905","35.873108566739496","repository-reference","lebgis_staging_gpkg_extent","","missing"
"LB-LOC-B4A72A8A9D12","","","missing","none","","missing"
"LB-LOC-A7E22F610873","34.36926289489791","35.87736642682379","repository-reference","lebgis_staging_gpkg_extent","","missing"
"LB-LOC-FF5AC17C52BC","34.397279774163906","35.968637605479884","repository-reference","dwg_geometry_cache","","missing"
"LB-LOC-05284921195A","","","missing","none","","missing"
"LB-LOC-63A15AD789DE","34.372798263480426","35.91924401196332","repository-reference","lebgis_staging_gpkg_extent","","missing"
"LB-LOC-E26C059A704F","","","missing","none","","missing"
"LB-LOC-A010A914125B","","","missing","none","","missing"
"LB-LOC-D88ADD607712","","","missing","none","","missing"
"LB-LOC-AF50F43D1448","","","missing","none","","missing"
"LB-LOC-39DC85FC718C","","","missing","none","","missing"
"LB-LOC-8BAADCCDEA30","","","missing","none","","missing"
"LB-LOC-4186E63F4815","","","missing","none","","missing"
"LB-LOC-24414CAB914F","","","missing","none","","missing"
"LB-LOC-C2B238296763","","","missing","none","","missing"
"LB-LOC-03880784ED11","","","missing","none","","missing"
"LB-LOC-1C4E5DAA2E38","","","missing","none","","missing"
"LB-LOC-E9EF0299071D","","","missing","none","","missing"
"LB-LOC-70B7AAC962B1","","","missing","none","","missing"
"LB-LOC-86B529555864","","","missing","none","","missing"
"LB-LOC-63E2745F5F3C","","","missing","none","","missing"
"LB-LOC-A926F4EDBD26","","","missing","none","","missing"
"LB-LOC-AB0BA18501FE","","","missing","none","","missing"
"LB-LOC-23914381DA69","","","missing","none","","missing"
"LB-LOC-1AAF58F9FAEB","","","missing","none","","missing"
"LB-LOC-FD5CA9DE1F5F","","","missing","none","","missing"
"LB-LOC-4C13F2710FAE","","","missing","none","","missing"
"LB-LOC-3502A4E12D54","","","missing","none","","missing"
"LB-LOC-CCD10C23EFBF","","","missing","none","","missing"
"LB-LOC-AEA5E2B16444","","","missing","none","","missing"
"LB-LOC-FE1DA6C20E89","","","missing","none","","missing"
"LB-LOC-57C840816391","","","missing","none","","missing"
"LB-LOC-6875798EE27F","","","missing","none","","missing"
"LB-LOC-FB15EFF0607C","","","missing","none","","missing"
"LB-LOC-2D8467AA09B4","","","missing","none","","missing"
"LB-LOC-7D0FDFC10A2A","","","missing","none","","missing"
"LB-LOC-8EE0C7B4C986","","","missing","none","","missing"
"LB-LOC-FAE0C74B8280","","","missing","none","","missing"
"LB-LOC-91D64551E48B","","","missing","none","","missing"
"LB-LOC-997F314234A7","","","missing","none","","missing"
"LB-LOC-F3192AB042CE","","","missing","none","","missing"
"LB-LOC-DB7962789978","","","missing","none","","missing"
"LB-LOC-D441C5C00AE9","","","missing","none","","missing"
"LB-LOC-9FA567B87FAE","","","missing","none","","missing"
"LB-LOC-E6F6AE583F4F","","","missing","none","","missing"
"LB-LOC-B2965213AEBC","","","missing","none","","missing"
"LB-LOC-38C353D74BBB","","","missing","none","","missing"
"LB-LOC-E390397CE21A","","","missing","none","","missing"
"LB-LOC-476B680EBF4B","","","missing","none","","missing"
"LB-LOC-04D35764D624","","","missing","none","","missing"
"LB-LOC-C1A485C9E01B","","","missing","none","","missing"
"LB-LOC-280E2B6D7B20","","","missing","none","","missing"
"LB-LOC-EBEF025A9A99","","","missing","none","","missing"
"LB-LOC-49581BD60F2D","","","missing","none","","missing"
"LB-LOC-48F1ED9F9A1F","","","missing","none","","missing"
"LB-LOC-E4F63E055EF8","","","missing","none","","missing"
"LB-LOC-7E46204DEEA9","","","missing","none","","missing"
"LB-LOC-7010C8BF744E","","","missing","none","","missing"
"LB-LOC-448881054ECE","","","missing","none","","missing"
"LB-LOC-D19E60871E0B","","","missing","none","","missing"
"LB-LOC-BEF77FEA00C9","34.36280692605919","35.913056916155725","repository-reference","dwg_geometry_cache","","missing"
"LB-LOC-0BFE50CEA78B","","","missing","none","","missing"
"LB-LOC-41A25554A813","","","missing","none","","missing"
"LB-LOC-7CCD0E1DA262","","","missing","none","","missing"
"LB-LOC-D8D7033EC5E2","34.358406978632715","35.871359556708754","repository-reference","dwg_geometry_cache","","missing"
"LB-LOC-13E8DB6E1DFF","","","missing","none","","missing"
"LB-LOC-647B0648F996","","","missing","none","","missing"
"LB-LOC-B0902F42A837","","","missing","none","","missing"
"LB-LOC-A0C06DA5C261","","","missing","none","","missing"
"LB-LOC-50C1881D07BF","","","missing","none","","missing"
"LB-LOC-9215FBC87B6A","","","missing","none","","missing"
"LB-LOC-ED1EB96ED12D","","","missing","none","","missing"
"LB-LOC-1A142E890305","","","missing","none","","missing"
"LB-LOC-26BC5298927D","","","missing","none","","missing"
"LB-LOC-86706A4DEEBC","","","missing","none","","missing"
"LB-LOC-F88899A79119","","","missing","none","","missing"
"LB-LOC-16C57984662F","","","missing","none","","missing"
"LB-LOC-38F8136CC291","","","missing","none","","missing"
"LB-LOC-1529AE2B53A9","","","missing","none","","missing"
"LB-LOC-4DC23144E4BE","","","missing","none","","missing"
"LB-LOC-D8C51AC4C2FC","","","missing","none","","missing"
"LB-LOC-94A8EC7DBF55","","","missing","none","","missing"
"LB-LOC-6A35C69F597A","","","missing","none","","missing"
"LB-LOC-45DF3FCD396F","","","missing","none","","missing"
"LB-LOC-4B65D2AC94A4","","","missing","none","","missing"
"LB-LOC-7FAA7C2C0A12","","","missing","none","","missing"
"LB-LOC-D0C433219833","","","missing","none","","missing"
"LB-LOC-34C9C62492CA","","","missing","none","","missing"
"LB-LOC-E04AE65942E9","","","missing","none","","missing"
"LB-LOC-BFFC1078A305","","","missing","none","","missing"
"LB-LOC-A59A9188A76F","","","missing","none","","missing"
"LB-LOC-E092ABD1A775","","","missing","none","","missing"
"LB-LOC-814D125FCB8C","","","missing","none","","missing"
"LB-LOC-56D46C4AA726","","","missing","none","","missing"
"LB-LOC-453965BF9B29","","","missing","none","","missing"
"LB-LOC-04959CC5993C","","","missing","none","","missing"
"LB-LOC-9C31937B081E","","","missing","none","","missing"
"LB-LOC-0B22AE999BCC","","","missing","none","","missing"
"LB-LOC-C99F6AA7AD1C","","","missing","none","","missing"
"LB-LOC-9C6C6A2658FD","","","missing","none","","missing"
"LB-LOC-9F8C7AC41F74","","","missing","none","","missing"
"LB-LOC-7D58DBAD2D57","","","missing","none","","missing"
"LB-LOC-E130DD098E37","","","missing","none","","missing"
"LB-LOC-55B7ABFCA2F1","","","missing","none","","missing"
"LB-LOC-2A5D621FFDA2","","","missing","none","","missing"
"LB-LOC-0430F39B234E","","","missing","none","","missing"
"LB-LOC-510F5A782470","","","missing","none","","missing"
"LB-LOC-06D314930336","","","missing","none","","missing"
"LB-LOC-EB389E199910","34.40337491130566","35.88602847719332","repository-reference","lebgis_staging_gpkg_extent","","missing"
"LB-LOC-80075061D2BA","","","missing","none","","missing"
"LB-LOC-D8BA24B16148","","","missing","none","","missing"
"LB-LOC-0B8472A215BF","","","missing","none","","missing"
"LB-LOC-C55AFF11BFC2","","","missing","none","","missing"
"LB-LOC-C889CAA9DD93","","","missing","none","","missing"
"LB-LOC-84485379AFEB","","","missing","none","","missing"
"LB-LOC-F6D90115C8F3","","","missing","none","","missing"
"LB-LOC-10DD7F6DF153","","","missing","none","","missing"
"LB-LOC-5034A9CC9347","","","missing","none","","missing"
"LB-LOC-A00057B394A8","","","missing","none","","missing"
"LB-LOC-B04BBE0EAA7B","34.32883574735931","35.86474493013735","repository-reference","lebgis_staging_gpkg_extent","","missing"
"LB-LOC-8C28B3AF192E","","","missing","none","","missing"
"LB-LOC-914C2060BDBB","","","missing","none","","missing"
"LB-LOC-23A3366AE1DB","","","missing","none","","missing"
"LB-LOC-86378A287067","","","missing","none","","missing"
"LB-LOC-8CE4A3FE2426","","","missing","none","","missing"
"LB-LOC-98ABFD44D53A","","","missing","none","","missing"
"LB-LOC-011F474B22C7","","","missing","none","","missing"
"LB-LOC-BF32E36D69B0","","","missing","none","","missing"
"LB-LOC-FC4FDC8F4318","","","missing","none","","missing"
"LB-LOC-4193285F1F32","","","missing","none","","missing"
"LB-LOC-6B11E97A7087","","","missing","none","","missing"
"LB-LOC-D9344EF90D51","","","missing","none","","missing"
"LB-LOC-C13FABB63BEB","","","missing","none","","missing"
"LB-LOC-62EF34CC992B","","","missing","none","","missing"
"LB-LOC-2B18DF95DCE6","","","missing","none","","missing"
"LB-LOC-E62E8D1550CD","34.38419124740224","35.8863572124326","repository-reference","dwg_geometry_cache","","missing"
"LB-LOC-DEC569746AFB","","","missing","none","","missing"
"LB-LOC-DE90EC119721","","","missing","none","","missing"
"LB-LOC-3B005B852CCD","","","missing","none","","missing"
"LB-LOC-7884C95CA352","","","missing","none","","missing"
"LB-LOC-F5EBB4C038D8","","","missing","none","","missing"
"LB-LOC-2140F955ED67","","","missing","none","","missing"
"LB-LOC-6CFE34ACB938","","","missing","none","","missing"
"LB-LOC-23940FF984B0","","","missing","none","","missing"
"LB-LOC-83996722F297","","","missing","none","","missing"
"LB-LOC-9E485A6E5852","","","missing","none","","missing"
"LB-LOC-277F3D9DC9B1","","","missing","none","","missing"
"LB-LOC-451B42B298A4","","","missing","none","","missing"
"LB-LOC-76EF995A0C3A","","","missing","none","","missing"
"LB-LOC-4BC426B24644","","","missing","none","","missing"
"LB-LOC-B23B32D637FF","","","missing","none","","missing"
"LB-LOC-492ACC4DCF72","","","missing","none","","missing"
"LB-LOC-B591FB07F6E3","","","missing","none","","missing"
"LB-LOC-D1B12A536577","","","missing","none","","missing"
"LB-LOC-C74B8832A125","","","missing","none","","missing"
"LB-LOC-CDD53322FFDF","","","missing","none","","missing"
"LB-LOC-C65E60433297","","","missing","none","","missing"
"LB-LOC-E29BB96F61F1","","","missing","none","","missing"
"LB-LOC-B208F289D036","","","missing","none","","missing"
"LB-LOC-C2E8CFEEF112","34.33868743771188","35.86799993895957","repository-reference","lebgis_staging_gpkg_extent","","missing"
"LB-LOC-56C9CB6CF487","","","missing","none","","missing"
"LB-LOC-114E80FA8252","","","missing","none","","missing"
"LB-LOC-41B3D1A26632","","","missing","none","","missing"
"LB-LOC-C960DB7048CB","","","missing","none","","missing"
"LB-LOC-C071D01DB2EE","","","missing","none","","missing"
"LB-LOC-4DC5CACFAC3F","","","missing","none","","missing"
"LB-LOC-1696E679109A","","","missing","none","","missing"
"LB-LOC-BD338A943FDF","","","missing","none","","missing"
"LB-LOC-76C4840F76F3","","","missing","none","","missing"
"LB-LOC-5869915E148C","34.38359459699571","35.87848239791468","repository-reference","lebgis_staging_gpkg_extent","","missing"
"LB-LOC-04046C5CACE4","","","missing","none","","missing"
"LB-LOC-4F556AD12358","","","missing","none","","missing"
"LB-LOC-82464184486D","","","missing","none","","missing"
"LB-LOC-A9B0080D418E","","","missing","none","","missing"
"LB-LOC-B08075740798","","","missing","none","","missing"
"LB-LOC-C48D87480560","","","missing","none","","missing"
"LB-LOC-6642B9E9E923","","","missing","none","","missing"
"LB-LOC-286EB7741825","","","missing","none","","missing"
"LB-LOC-EF21B37C650F","","","missing","none","","missing"
"LB-LOC-BA7FF245C943","","","missing","none","","missing"
"LB-LOC-EB557440AEF0","","","missing","none","","missing"
"LB-LOC-C21A2D053C01","","","missing","none","","missing"
"LB-LOC-4CB959216EB7","","","missing","none","","missing"
"LB-LOC-9F6FC2F6A543","","","missing","none","","missing"
"LB-LOC-EDA1495FB25F","","","missing","none","","missing"
"LB-LOC-74A6C7FCCD86","","","missing","none","","missing"
"LB-LOC-ECE299145D32","","","missing","none","","missing"
"LB-LOC-464AF7957D91","","","missing","none","","missing"
"LB-LOC-957741F3725E","","","missing","none","","missing"
"LB-LOC-719E5E4D4F75","","","missing","none","","missing"
"LB-LOC-4C24C27A627E","","","missing","none","","missing"
"LB-LOC-4C6FC518D74F","","","missing","none","","missing"
"LB-LOC-6C365FA5A2DE","","","missing","none","","missing"
"LB-LOC-903817B5204D","","","missing","none","","missing"
"LB-LOC-AD7936C54277","","","missing","none","","missing"
"LB-LOC-B8B5B91F7DE1","","","missing","none","","missing"
"LB-LOC-1ECEF0AE5A37","","","missing","none","","missing"
"LB-LOC-46363620F65D","","","missing","none","","missing"
"LB-LOC-3774CC750CE2","","","missing","none","","missing"
"LB-LOC-089A75399096","","","missing","none","","missing"
"LB-LOC-3DE2DB9D9142","","","missing","none","","missing"
"LB-LOC-02ABD05FB06A","","","missing","none","","missing"
"LB-LOC-DAC9C09874E4","","","missing","none","","missing"
"LB-LOC-272F029ABFDB","","","missing","none","","missing"
"LB-LOC-1CCCDE9359DA","","","missing","none","","missing"
"LB-LOC-0358D86E2159","","","missing","none","","missing"
"LB-LOC-497F51D72CE8","","","missing","none","","missing"
"LB-LOC-2654B4FA8D71","","","missing","none","","missing"
"LB-LOC-ECBC8EA3C4D5","","","missing","none","","missing"
