"id","countryCode","governorateId","districtId","municipalityId","cadastralCode","pcode","nameAr","nameEn","nameFr","kind","latitude","longitude","coordinateMethod","coordinateSource","coordinateAccuracy","coordinateVerifiedStatus","verifiedStatus","aliases","provenance","sourceRecordId","active"
"LB-LOC-53624DE9A865","LB","LB-GOV-AKK","LB-DIST-BF0E8E432529","","","","","Aadbal","","populated-place","","","missing","none","","missing","unresolved","","[object Object]","LB-AK|Akkar|Aadbal","true"
"LB-LOC-F8782348CF9E","LB","LB-GOV-AKK","LB-DIST-BF0E8E432529","","","","","Aajjeh","","populated-place","","","missing","none","","missing","unresolved","","[object Object]","LB-AK|Akkar|Aajjeh","true"
"LB-LOC-914B203B4FE7","LB","LB-GOV-AKK","LB-DIST-BF0E8E432529","","","","","Abdeh","","populated-place","","","missing","none","","missing","unresolved","","[object Object]","LB-AK|Akkar|Abdeh","true"
"LB-LOC-D5DD7786142B","LB","LB-GOV-AKK","LB-DIST-BF0E8E432529","","","","","Abou_Hanna","","populated-place","","","missing","none","","missing","unresolved","","[object Object]","LB-AK|Akkar|Abou_Hanna","true"
"LB-LOC-380403BF8A4E","LB","LB-GOV-AKK","LB-DIST-BF0E8E432529","","","","","Achouriye","","populated-place","","","missing","none","","missing","unresolved","","[object Object]","LB-AK|Akkar|Achouriye","true"
"LB-LOC-DB5F06F50CF4","LB","LB-GOV-AKK","LB-DIST-BF0E8E432529","","","","","Adweh","","populated-place","","","missing","none","","missing","unresolved","","[object Object]","LB-AK|Akkar|Adweh","true"
"LB-LOC-CB11AAC595C2","LB","LB-GOV-AKK","LB-DIST-BF0E8E432529","","","","","Aidamoun","","populated-place","","","missing","none","","missing","unresolved","","[object Object]","LB-AK|Akkar|Aidamoun","true"
"LB-LOC-A64B93CD8D86","LB","LB-GOV-AKK","LB-DIST-BF0E8E432529","","","","","Ain_Akrine-AK","","populated-place","34.28610100470142","35.84686482121348","repository-reference","akkar_crs_batch_scores","","missing","unresolved","","[object Object]","LB-AK|Akkar|Ain_Akrine-AK","true"
"LB-LOC-FCFDDC886872","LB","LB-GOV-AKK","LB-DIST-BF0E8E432529","","","","","Ain_Yaaqoub","","populated-place","34.522428899999994","36.1992377","repository-reference","online_nominatim","","missing","unresolved","","[object Object]","LB-AK|Akkar|Ain_Yaaqoub","true"
"LB-LOC-4E05B01A2DBF","LB","LB-GOV-AKK","LB-DIST-BF0E8E432529","","","","","Ain_ech-Chqif","","populated-place","","","missing","none","","missing","unresolved","","[object Object]","LB-AK|Akkar|Ain_ech-Chqif","true"
"LB-LOC-328BABF92B01","LB","LB-GOV-AKK","LB-DIST-BF0E8E432529","","","","","Ain_ed-Dahab","","populated-place","","","missing","none","","missing","unresolved","","[object Object]","LB-AK|Akkar|Ain_ed-Dahab","true"
"LB-LOC-F826CBAFAA5F","LB","LB-GOV-AKK","LB-DIST-BF0E8E432529","","","","","Ain_et-Tine-AK","","populated-place","","","missing","none","","missing","unresolved","","[object Object]","LB-AK|Akkar|Ain_et-Tine-AK","true"
"LB-LOC-B6E0445DF913","LB","LB-GOV-AKK","LB-DIST-BF0E8E432529","","","","","Ain_et-Tineh-AK","","populated-place","","","missing","none","","missing","unresolved","","[object Object]","LB-AK|Akkar|Ain_et-Tineh-AK","true"
"LB-LOC-FAAE67698E58","LB","LB-GOV-AKK","LB-DIST-BF0E8E432529","","","","","Ain_ez-Zouq","","populated-place","","","missing","none","","missing","unresolved","","[object Object]","LB-AK|Akkar|Ain_ez-Zouq","true"
"LB-LOC-CCA03F1190F2","LB","LB-GOV-AKK","LB-DIST-BF0E8E432529","","","","","Akkar_el-Atika","","populated-place","","","missing","none","","missing","unresolved","","[object Object]","LB-AK|Akkar|Akkar_el-Atika","true"
"LB-LOC-CE7DB9E869D9","LB","LB-GOV-AKK","LB-DIST-BF0E8E432529","","","","","Akkar_el-Atika_Aala","","populated-place","","","missing","none","","missing","unresolved","","[object Object]","LB-AK|Akkar|Akkar_el-Atika_Aala","true"
"LB-LOC-12B799DE66BB","LB","LB-GOV-AKK","LB-DIST-BF0E8E432529","","","","","Amaayer","","populated-place","","","missing","none","","missing","unresolved","","[object Object]","LB-AK|Akkar|Amaayer","true"
"LB-LOC-3763C2F4BB27","LB","LB-GOV-AKK","LB-DIST-BF0E8E432529","","","","","Amara","","populated-place","34.538963097949924","36.04000431869403","repository-reference","dwg_geometry_cache","","missing","unresolved","","[object Object]","LB-AK|Akkar|Amara","true"
"LB-LOC-B9006B065FA4","LB","LB-GOV-AKK","LB-DIST-BF0E8E432529","","","","","Ambeh","","populated-place","","","missing","none","","missing","unresolved","","[object Object]","LB-AK|Akkar|Ambeh","true"
"LB-LOC-4371EEF2814F","LB","LB-GOV-AKK","LB-DIST-BF0E8E432529","","","","","Andaket","","populated-place","","","missing","none","","missing","unresolved","","[object Object]","LB-AK|Akkar|Andaket","true"
"LB-LOC-3489BEA5F617","LB","LB-GOV-AKK","LB-DIST-BF0E8E432529","","","","","Aqbeh","","populated-place","","","missing","none","","missing","unresolved","","[object Object]","LB-AK|Akkar|Aqbeh","true"
"LB-LOC-FE27B0578FF0","LB","LB-GOV-AKK","LB-DIST-BF0E8E432529","","","","","Arqa","","populated-place","","","missing","none","","missing","unresolved","","[object Object]","LB-AK|Akkar|Arqa","true"
"LB-LOC-C02F37CDD9CB","LB","LB-GOV-AKK","LB-DIST-BF0E8E432529","","","","","Ayat","","populated-place","","","missing","none","","missing","unresolved","","[object Object]","LB-AK|Akkar|Ayat","true"
"LB-LOC-0F6186A4399B","LB","LB-GOV-AKK","LB-DIST-BF0E8E432529","","","","","Barqayel","","populated-place","34.465964064225524","36.034989772875164","repository-reference","dwg_geometry_cache","","missing","unresolved","","[object Object]","LB-AK|Akkar|Barqayel","true"
"LB-LOC-194044CB7A9F","LB","LB-GOV-AKK","LB-DIST-BF0E8E432529","","","","","Bebnine","","populated-place","34.50780435","35.992997200000005","repository-reference","online_nominatim","","missing","unresolved","","[object Object]","LB-AK|Akkar|Bebnine","true"
"LB-LOC-4DE322BBB013","LB","LB-GOV-AKK","LB-DIST-BF0E8E432529","","","","","Beit_Ayad","","populated-place","","","missing","none","","missing","unresolved","","[object Object]","LB-AK|Akkar|Beit_Ayad","true"
"LB-LOC-12C8D17C3B52","LB","LB-GOV-AKK","LB-DIST-BF0E8E432529","","","","","Beit_Ayoub","","populated-place","","","missing","none","","missing","unresolved","","[object Object]","LB-AK|Akkar|Beit_Ayoub","true"
"LB-LOC-3676A5FD9E08","LB","LB-GOV-AKK","LB-DIST-BF0E8E432529","","","","","Beit_Challa","","populated-place","","","missing","none","","missing","unresolved","","[object Object]","LB-AK|Akkar|Beit_Challa","true"
"LB-LOC-60D8727EC9EC","LB","LB-GOV-AKK","LB-DIST-BF0E8E432529","","","","","Beit_Dawoud","","populated-place","","","missing","none","","missing","unresolved","","[object Object]","LB-AK|Akkar|Beit_Dawoud","true"
"LB-LOC-C3D3833BD810","LB","LB-GOV-AKK","LB-DIST-BF0E8E432529","","","","","Beit_Ghatas","","populated-place","","","missing","none","","missing","unresolved","","[object Object]","LB-AK|Akkar|Beit_Ghatas","true"
"LB-LOC-69096215F6E8","LB","LB-GOV-AKK","LB-DIST-BF0E8E432529","","","","","Beit_Hawik","","populated-place","","","missing","none","","missing","unresolved","","[object Object]","LB-AK|Akkar|Beit_Hawik","true"
"LB-LOC-C744803BA4EC","LB","LB-GOV-AKK","LB-DIST-BF0E8E432529","","","","","Beit_Jaafar-AK","","populated-place","","","missing","none","","missing","unresolved","","[object Object]","LB-AK|Akkar|Beit_Jaafar-AK","true"
"LB-LOC-C6D5FBBC8A46","LB","LB-GOV-AKK","LB-DIST-BF0E8E432529","","","","","Beit_Mellat","","populated-place","","","missing","none","","missing","unresolved","","[object Object]","LB-AK|Akkar|Beit_Mellat","true"
"LB-LOC-42847D6188C8","LB","LB-GOV-AKK","LB-DIST-BF0E8E432529","","","","","Beit_Mleik","","populated-place","","","missing","none","","missing","unresolved","","[object Object]","LB-AK|Akkar|Beit_Mleik","true"
"LB-LOC-F26A20DBC549","LB","LB-GOV-AKK","LB-DIST-BF0E8E432529","","","","","Beit_Younes","","populated-place","","","missing","none","","missing","unresolved","","[object Object]","LB-AK|Akkar|Beit_Younes","true"
"LB-LOC-C917AD1395B7","LB","LB-GOV-AKK","LB-DIST-BF0E8E432529","","","","","Beit_Younes_el-Aala","","populated-place","","","missing","none","","missing","unresolved","","[object Object]","LB-AK|Akkar|Beit_Younes_el-Aala","true"
"LB-LOC-87AF6A506314","LB","LB-GOV-AKK","LB-DIST-BF0E8E432529","","","","","Beit_el-Haj","","populated-place","34.465475839966814","36.004222511753234","repository-reference","dwg_geometry_cache","","missing","unresolved","","[object Object]","LB-AK|Akkar|Beit_el-Haj","true"
"LB-LOC-E1256D0D6759","LB","LB-GOV-AKK","LB-DIST-BF0E8E432529","","","","","Beit_el-Haj_Hassan","","populated-place","","","missing","none","","missing","unresolved","","[object Object]","LB-AK|Akkar|Beit_el-Haj_Hassan","true"
"LB-LOC-ACAE1E490634","LB","LB-GOV-AKK","LB-DIST-BF0E8E432529","","","","","Beit_el-Qadi","","populated-place","","","missing","none","","missing","unresolved","","[object Object]","LB-AK|Akkar|Beit_el-Qadi","true"
"LB-LOC-7365D28B0183","LB","LB-GOV-AKK","LB-DIST-BF0E8E432529","","","","","Bino-AK","","populated-place","","","missing","none","","missing","unresolved","","[object Object]","LB-AK|Akkar|Bino-AK","true"
"LB-LOC-3B5FBE5042FD","LB","LB-GOV-AKK","LB-DIST-BF0E8E432529","","","","","Bireh","","populated-place","34.619448250000005","36.055916499999995","repository-reference","online_nominatim","","missing","unresolved","","[object Object]","LB-AK|Akkar|Bireh","true"
"LB-LOC-A9C88A80B497","LB","LB-GOV-AKK","LB-DIST-BF0E8E432529","","","","","Bireh-AK","","populated-place","34.619448250000005","36.055916499999995","repository-reference","online_nominatim","","missing","unresolved","","[object Object]","LB-AK|Akkar|Bireh-AK","true"
"LB-LOC-5AE94721E014","LB","LB-GOV-AKK","LB-DIST-BF0E8E432529","","","","","Blaneh","","populated-place","","","missing","none","","missing","unresolved","","[object Object]","LB-AK|Akkar|Blaneh","true"
"LB-LOC-6F08286AD76D","LB","LB-GOV-AKK","LB-DIST-BF0E8E432529","","","","","Bniha","","populated-place","","","missing","none","","missing","unresolved","","[object Object]","LB-AK|Akkar|Bniha","true"
"LB-LOC-30DFF735F16B","LB","LB-GOV-AKK","LB-DIST-BF0E8E432529","","","","","Bticha","","populated-place","33.98532192952645","35.66356042464905","repository-reference","akkar_crs_batch_scores","","missing","unresolved","","[object Object]","LB-AK|Akkar|Bticha","true"
"LB-LOC-6453629EA650","LB","LB-GOV-AKK","LB-DIST-BF0E8E432529","","","","","Byoud","","populated-place","","","missing","none","","missing","unresolved","","[object Object]","LB-AK|Akkar|Byoud","true"
"LB-LOC-53615AF9346D","LB","LB-GOV-AKK","LB-DIST-BF0E8E432529","","","","","Bzal","","populated-place","34.463875349999995","36.05100655","repository-reference","online_nominatim","","missing","unresolved","","[object Object]","LB-AK|Akkar|Bzal","true"
"LB-LOC-D77C6D0BD7F8","LB","LB-GOV-AKK","LB-DIST-BF0E8E432529","","","","","Chaft","","populated-place","","","missing","none","","missing","unresolved","","[object Object]","LB-AK|Akkar|Chaft","true"
"LB-LOC-C3DF64E0096A","LB","LB-GOV-AKK","LB-DIST-BF0E8E432529","","","","","Chane","","populated-place","34.485404900000006","36.111856700000004","repository-reference","online_nominatim","","missing","unresolved","","[object Object]","LB-AK|Akkar|Chane","true"
"LB-LOC-AA5F0B403A2B","LB","LB-GOV-AKK","LB-DIST-BF0E8E432529","","","","","Chdra","","populated-place","34.55059143662581","36.06351636599853","repository-reference","per_village_gpkg_extent","","missing","unresolved","","[object Object]","LB-AK|Akkar|Chdra","true"
"LB-LOC-8E672F405A1E","LB","LB-GOV-AKK","LB-DIST-BF0E8E432529","","","","","Cheikh_Ayache","","populated-place","","","missing","none","","missing","unresolved","","[object Object]","LB-AK|Akkar|Cheikh_Ayache","true"
"LB-LOC-136F23CE1EBC","LB","LB-GOV-AKK","LB-DIST-BF0E8E432529","","","","","Cheikh_Mohammad","","populated-place","34.5451849440841","36.08733131906973","repository-reference","dwg_geometry_cache","","missing","unresolved","","[object Object]","LB-AK|Akkar|Cheikh_Mohammad","true"
"LB-LOC-B8EE8186CCDB","LB","LB-GOV-AKK","LB-DIST-BF0E8E432529","","","","","Cheikh_Taba","","populated-place","34.52410066861276","36.08547890132755","repository-reference","dwg_geometry_cache","","missing","unresolved","","[object Object]","LB-AK|Akkar|Cheikh_Taba","true"
"LB-LOC-5F68AC21939B","LB","LB-GOV-AKK","LB-DIST-BF0E8E432529","","","","","Daghleh","","populated-place","","","missing","none","","missing","unresolved","","[object Object]","LB-AK|Akkar|Daghleh","true"
"LB-LOC-32C841CAABD6","LB","LB-GOV-AKK","LB-DIST-BF0E8E432529","","","","","Dawsseh","","populated-place","","","missing","none","","missing","unresolved","","[object Object]","LB-AK|Akkar|Dawsseh","true"
"LB-LOC-2C9FD6F7B4AA","LB","LB-GOV-AKK","LB-DIST-BF0E8E432529","","","","","Dbabiyeh","","populated-place","","","missing","none","","missing","unresolved","","[object Object]","LB-AK|Akkar|Dbabiyeh","true"
"LB-LOC-55E703404D67","LB","LB-GOV-AKK","LB-DIST-BF0E8E432529","","","","","Dbabiyeh_el-Fawqa","","populated-place","","","missing","none","","missing","unresolved","","[object Object]","LB-AK|Akkar|Dbabiyeh_el-Fawqa","true"
"LB-LOC-67510F4F9619","LB","LB-GOV-AKK","LB-DIST-BF0E8E432529","","","","","Deir_Jnine","","populated-place","","","missing","none","","missing","unresolved","","[object Object]","LB-AK|Akkar|Deir_Jnine","true"
"LB-LOC-A8D525EC44EF","LB","LB-GOV-AKK","LB-DIST-BF0E8E432529","","","","","El-Achach","","populated-place","","","missing","none","","missing","unresolved","","[object Object]","LB-AK|Akkar|El-Achach","true"
"LB-LOC-66537561732A","LB","LB-GOV-AKK","LB-DIST-BF0E8E432529","","","","","El-Basatine","","populated-place","","","missing","none","","missing","unresolved","","[object Object]","LB-AK|Akkar|El-Basatine","true"
"LB-LOC-E19D5FFBBA7E","LB","LB-GOV-AKK","LB-DIST-BF0E8E432529","","","","","El-Kniseh-AK","","populated-place","","","missing","none","","missing","unresolved","","[object Object]","LB-AK|Akkar|El-Kniseh-AK","true"
"LB-LOC-42AFCEB6B23C","LB","LB-GOV-AKK","LB-DIST-BF0E8E432529","","","","","El-Qubbeh-AK","","populated-place","","","missing","none","","missing","unresolved","","[object Object]","LB-AK|Akkar|El-Qubbeh-AK","true"
"LB-LOC-7FA25B7EE41D","LB","LB-GOV-AKK","LB-DIST-BF0E8E432529","","","","","El-Qubbeh_ech-Chamaliye","","populated-place","","","missing","none","","missing","unresolved","","[object Object]","LB-AK|Akkar|El-Qubbeh_ech-Chamaliye","true"
"LB-LOC-BFA6ABA93EE2","LB","LB-GOV-AKK","LB-DIST-BF0E8E432529","","","","","El_Qobaiyat","","populated-place","","","missing","none","","missing","unresolved","","[object Object]","LB-AK|Akkar|El_Qobaiyat","true"
"LB-LOC-9AD9DF4899BB","LB","LB-GOV-AKK","LB-DIST-BF0E8E432529","","","","","Faydha","","populated-place","","","missing","none","","missing","unresolved","","[object Object]","LB-AK|Akkar|Faydha","true"
"LB-LOC-B47B7DAAFE43","LB","LB-GOV-AKK","LB-DIST-BF0E8E432529","","","","","Fnaideq","","populated-place","","","missing","none","","missing","unresolved","","[object Object]","LB-AK|Akkar|Fnaideq","true"
"LB-LOC-3CA1AEB5BC4C","LB","LB-GOV-AKK","LB-DIST-BF0E8E432529","","","","","Fnaideq_el-Gharbiye","","populated-place","","","missing","none","","missing","unresolved","","[object Object]","LB-AK|Akkar|Fnaideq_el-Gharbiye","true"
"LB-LOC-1701EAD26C96","LB","LB-GOV-AKK","LB-DIST-BF0E8E432529","","","","","Hakour","","populated-place","34.51671154062407","36.06056876342256","repository-reference","dwg_geometry_cache","","missing","unresolved","","[object Object]","LB-AK|Akkar|Hakour","true"
"LB-LOC-0ACBC221BDC4","LB","LB-GOV-AKK","LB-DIST-BF0E8E432529","","","","","Halba","","populated-place","34.554373850000005","36.076320100000004","repository-reference","online_nominatim","","missing","unresolved","","[object Object]","LB-AK|Akkar|Halba","true"
"LB-LOC-5BD697303EF3","LB","LB-GOV-AKK","LB-DIST-BF0E8E432529","","","","","Halba_el-Aalya","","populated-place","","","missing","none","","missing","unresolved","","[object Object]","LB-AK|Akkar|Halba_el-Aalya","true"
"LB-LOC-D620767CD794","LB","LB-GOV-AKK","LB-DIST-BF0E8E432529","","","","","Halbata","","populated-place","","","missing","none","","missing","unresolved","","[object Object]","LB-AK|Akkar|Halbata","true"
"LB-LOC-19BB8CED948A","LB","LB-GOV-AKK","LB-DIST-BF0E8E432529","","","","","Hamra-AK","","populated-place","","","missing","none","","missing","unresolved","","[object Object]","LB-AK|Akkar|Hamra-AK","true"
"LB-LOC-31760CC7E728","LB","LB-GOV-AKK","LB-DIST-BF0E8E432529","","","","","Hamraya","","populated-place","","","missing","none","","missing","unresolved","","[object Object]","LB-AK|Akkar|Hamraya","true"
"LB-LOC-164D04E72BA3","LB","LB-GOV-AKK","LB-DIST-BF0E8E432529","","","","","Haql_Hassan","","populated-place","","","missing","none","","missing","unresolved","","[object Object]","LB-AK|Akkar|Haql_Hassan","true"
"LB-LOC-1DA9DC2E5953","LB","LB-GOV-AKK","LB-DIST-BF0E8E432529","","","","","Haql_el-Alam","","populated-place","","","missing","none","","missing","unresolved","","[object Object]","LB-AK|Akkar|Haql_el-Alam","true"
"LB-LOC-8CC9CB005B8A","LB","LB-GOV-AKK","LB-DIST-BF0E8E432529","","","","","Haqr_ed-Dahiri","","populated-place","34.62021279491944","36.029016423313706","repository-reference","dwg_geometry_cache","","missing","unresolved","","[object Object]","LB-AK|Akkar|Haqr_ed-Dahiri","true"
"LB-LOC-41D822E7F1D3","LB","LB-GOV-AKK","LB-DIST-BF0E8E432529","","","","","Harbata-AK","","populated-place","","","missing","none","","missing","unresolved","","[object Object]","LB-AK|Akkar|Harbata-AK","true"
"LB-LOC-0E5A46E865FF","LB","LB-GOV-AKK","LB-DIST-BF0E8E432529","","","","","Haret_el-Janneh","","populated-place","","","missing","none","","missing","unresolved","","[object Object]","LB-AK|Akkar|Haret_el-Janneh","true"
"LB-LOC-13CAF4690B8E","LB","LB-GOV-AKK","LB-DIST-BF0E8E432529","","","","","Hbchit","","populated-place","","","missing","none","","missing","unresolved","","[object Object]","LB-AK|Akkar|Hbchit","true"
"LB-LOC-80A31984A3A8","LB","LB-GOV-AKK","LB-DIST-BF0E8E432529","","","","","Hnaydir","","populated-place","","","missing","none","","missing","unresolved","","[object Object]","LB-AK|Akkar|Hnaydir","true"
"LB-LOC-0F84E0E8033B","LB","LB-GOV-AKK","LB-DIST-BF0E8E432529","","","","","Hnaydir_el-Aalya","","populated-place","","","missing","none","","missing","unresolved","","[object Object]","LB-AK|Akkar|Hnaydir_el-Aalya","true"
"LB-LOC-7EB191B706AE","LB","LB-GOV-AKK","LB-DIST-BF0E8E432529","","","","","Houch_es-Sayed_Ali","","populated-place","","","missing","none","","missing","unresolved","","[object Object]","LB-AK|Akkar|Houch_es-Sayed_Ali","true"
"LB-LOC-A29EB5E95468","LB","LB-GOV-AKK","LB-DIST-BF0E8E432529","","","","","Hrar","","populated-place","","","missing","none","","missing","unresolved","","[object Object]","LB-AK|Akkar|Hrar","true"
"LB-LOC-A27B0C29EF73","LB","LB-GOV-AKK","LB-DIST-BF0E8E432529","","","","","Hrara","","populated-place","","","missing","none","","missing","unresolved","","[object Object]","LB-AK|Akkar|Hrara","true"
"LB-LOC-12840C10AF06","LB","LB-GOV-AKK","LB-DIST-BF0E8E432529","","","","","Hwacheb","","populated-place","","","missing","none","","missing","unresolved","","[object Object]","LB-AK|Akkar|Hwacheb","true"
"LB-LOC-2136D1978975","LB","LB-GOV-AKK","LB-DIST-BF0E8E432529","","","","","Hwaych","","populated-place","34.3686757058081","35.744700489421135","repository-reference","akkar_crs_batch_scores","","missing","unresolved","","[object Object]","LB-AK|Akkar|Hwaych","true"
"LB-LOC-E89FB312EF2A","LB","LB-GOV-AKK","LB-DIST-BF0E8E432529","","","","","Jahiliye-AK","","populated-place","","","missing","none","","missing","unresolved","","[object Object]","LB-AK|Akkar|Jahiliye-AK","true"
"LB-LOC-9608EDACD13F","LB","LB-GOV-AKK","LB-DIST-BF0E8E432529","","","","","Jbraiel","","populated-place","","","missing","none","","missing","unresolved","","[object Object]","LB-AK|Akkar|Jbraiel","true"
"LB-LOC-4CB683AE2E6C","LB","LB-GOV-AKK","LB-DIST-BF0E8E432529","","","","","Jdeidet_Akkar","","populated-place","34.4628849","36.00046625","repository-reference","online_nominatim","","missing","unresolved","","[object Object]","LB-AK|Akkar|Jdeidet_Akkar","true"
"LB-LOC-4F8AC423E56F","LB","LB-GOV-AKK","LB-DIST-BF0E8E432529","","","","","Jdeidet_el-Qaytaa","","populated-place","34.4628849","36.00046625","repository-reference","online_nominatim","","missing","unresolved","","[object Object]","LB-AK|Akkar|Jdeidet_el-Qaytaa","true"
"LB-LOC-A6BC225893B3","LB","LB-GOV-AKK","LB-DIST-BF0E8E432529","","","","","Jmaleh","","populated-place","","","missing","none","","missing","unresolved","","[object Object]","LB-AK|Akkar|Jmaleh","true"
"LB-LOC-CB8B4D46E49F","LB","LB-GOV-AKK","LB-DIST-BF0E8E432529","","","","","Jord","","populated-place","","","missing","none","","missing","unresolved","","[object Object]","LB-AK|Akkar|Jord","true"
"LB-LOC-937F088D5B39","LB","LB-GOV-AKK","LB-DIST-BF0E8E432529","","","","","Karm_Asfour","","populated-place","34.51725443546286","36.064465376174496","repository-reference","dwg_geometry_cache","","missing","unresolved","","[object Object]","LB-AK|Akkar|Karm_Asfour","true"
"LB-LOC-61266EE7C663","LB","LB-GOV-AKK","LB-DIST-BF0E8E432529","","","","","Kawthariyet_Akkar","","populated-place","","","missing","none","","missing","unresolved","","[object Object]","LB-AK|Akkar|Kawthariyet_Akkar","true"
"LB-LOC-7EDD02EE2BAF","LB","LB-GOV-AKK","LB-DIST-BF0E8E432529","","","","","Kfar_Melki","","populated-place","34.5579712","36.0146977","repository-reference","online_nominatim","","missing","unresolved","","[object Object]","LB-AK|Akkar|Kfar_Melki","true"
"LB-LOC-4491DA01E210","LB","LB-GOV-AKK","LB-DIST-BF0E8E432529","","","","","Kfartoun","","populated-place","34.26530061933275","35.767979126937895","repository-reference","akkar_crs_batch_scores","","missing","unresolved","","[object Object]","LB-AK|Akkar|Kfartoun","true"
"LB-LOC-9D830004660F","LB","LB-GOV-AKK","LB-DIST-BF0E8E432529","","","","","Khan_el-Makhlaleh","","populated-place","","","missing","none","","missing","unresolved","","[object Object]","LB-AK|Akkar|Khan_el-Makhlaleh","true"
"LB-LOC-75270E53FA84","LB","LB-GOV-AKK","LB-DIST-BF0E8E432529","","","","","Kharnoub","","populated-place","34.3938615863336","36.01354117467896","repository-reference","dwg_geometry_cache","","missing","unresolved","","[object Object]","LB-AK|Akkar|Kharnoub","true"
"LB-LOC-B2C1B7CB0906","LB","LB-GOV-AKK","LB-DIST-BF0E8E432529","","","","","Kheybat_ej-Jisr","","populated-place","","","missing","none","","missing","unresolved","","[object Object]","LB-AK|Akkar|Kheybat_ej-Jisr","true"
"LB-LOC-67B72B3EF246","LB","LB-GOV-AKK","LB-DIST-BF0E8E432529","","","","","Khirbet_Char","","populated-place","","","missing","none","","missing","unresolved","","[object Object]","LB-AK|Akkar|Khirbet_Char","true"
"LB-LOC-65F96B55D106","LB","LB-GOV-AKK","LB-DIST-BF0E8E432529","","","","","Khirbet_ej-Jnein","","populated-place","","","missing","none","","missing","unresolved","","[object Object]","LB-AK|Akkar|Khirbet_ej-Jnein","true"
"LB-LOC-F446C5F6AE69","LB","LB-GOV-AKK","LB-DIST-BF0E8E432529","","","","","Khreibeh","","populated-place","","","missing","none","","missing","unresolved","","[object Object]","LB-AK|Akkar|Khreibeh","true"
"LB-LOC-B9E40ED1E560","LB","LB-GOV-AKK","LB-DIST-BF0E8E432529","","","","","Khreybat_el-Jondi","","populated-place","","","missing","none","","missing","unresolved","","[object Object]","LB-AK|Akkar|Khreybat_el-Jondi","true"
"LB-LOC-B22F8F1CCD0E","LB","LB-GOV-AKK","LB-DIST-BF0E8E432529","","","","","Koucha","","populated-place","","","missing","none","","missing","unresolved","","[object Object]","LB-AK|Akkar|Koucha","true"
"LB-LOC-F268F0BEFC9F","LB","LB-GOV-AKK","LB-DIST-BF0E8E432529","","","","","Koucha_el-Aalya","","populated-place","","","missing","none","","missing","unresolved","","[object Object]","LB-AK|Akkar|Koucha_el-Aalya","true"
"LB-LOC-231521EC324B","LB","LB-GOV-AKK","LB-DIST-BF0E8E432529","","","","","Maarouboun","","populated-place","","","missing","none","","missing","unresolved","","[object Object]","LB-AK|Akkar|Maarouboun","true"
"LB-LOC-EA89453D607B","LB","LB-GOV-AKK","LB-DIST-BF0E8E432529","","","","","Mazraat_Balda-AK","","populated-place","","","missing","none","","missing","unresolved","","[object Object]","LB-AK|Akkar|Mazraat_Balda-AK","true"
"LB-LOC-15CD5AB97FFB","LB","LB-GOV-AKK","LB-DIST-BF0E8E432529","","","","","Mazraat_es-Sahl","","populated-place","","","missing","none","","missing","unresolved","","[object Object]","LB-AK|Akkar|Mazraat_es-Sahl","true"
"LB-LOC-33E41FE0A08A","LB","LB-GOV-AKK","LB-DIST-BF0E8E432529","","","","","Mechha","","populated-place","","","missing","none","","missing","unresolved","","[object Object]","LB-AK|Akkar|Mechha","true"
"LB-LOC-64F07EE78E94","LB","LB-GOV-AKK","LB-DIST-BF0E8E432529","","","","","Mechha_el-Akkariye","","populated-place","","","missing","none","","missing","unresolved","","[object Object]","LB-AK|Akkar|Mechha_el-Akkariye","true"
"LB-LOC-9A4BA04DF886","LB","LB-GOV-AKK","LB-DIST-BF0E8E432529","","","","","Mechmech-AK","","populated-place","34.44884485","36.1752044","repository-reference","online_nominatim","","missing","unresolved","","[object Object]","LB-AK|Akkar|Mechmech-AK","true"
"LB-LOC-789AB5A518F2","LB","LB-GOV-AKK","LB-DIST-BF0E8E432529","","","","","Mechmech_Akkar","","populated-place","34.44884485","36.1752044","repository-reference","online_nominatim","","missing","unresolved","","[object Object]","LB-AK|Akkar|Mechmech_Akkar","true"
"LB-LOC-26EEEF38E69A","LB","LB-GOV-AKK","LB-DIST-BF0E8E432529","","","","","Mechta_Hammoud","","populated-place","","","missing","none","","missing","unresolved","","[object Object]","LB-AK|Akkar|Mechta_Hammoud","true"
"LB-LOC-92417DA44FAC","LB","LB-GOV-AKK","LB-DIST-BF0E8E432529","","","","","Mechta_Hassan","","populated-place","","","missing","none","","missing","unresolved","","[object Object]","LB-AK|Akkar|Mechta_Hassan","true"
"LB-LOC-65571ABD7D73","LB","LB-GOV-AKK","LB-DIST-BF0E8E432529","","","","","Mechta_el-Mansoura","","populated-place","","","missing","none","","missing","unresolved","","[object Object]","LB-AK|Akkar|Mechta_el-Mansoura","true"
"LB-LOC-483276F1AEF7","LB","LB-GOV-AKK","LB-DIST-BF0E8E432529","","","","","Menjez","","populated-place","34.615124918525275","36.24065596279185","repository-reference","dwg_geometry_cache","","missing","unresolved","","[object Object]","LB-AK|Akkar|Menjez","true"
"LB-LOC-EDD7BFE366EC","LB","LB-GOV-AKK","LB-DIST-BF0E8E432529","","","","","Mghraq","","populated-place","","","missing","none","","missing","unresolved","","[object Object]","LB-AK|Akkar|Mghraq","true"
"LB-LOC-8E6592ACF4D7","LB","LB-GOV-AKK","LB-DIST-BF0E8E432529","","","","","Morreh","","populated-place","","","missing","none","","missing","unresolved","","[object Object]","LB-AK|Akkar|Morreh","true"
"LB-LOC-C8D062D49764","LB","LB-GOV-AKK","LB-DIST-BF0E8E432529","","","","","Mqanneh","","populated-place","","","missing","none","","missing","unresolved","","[object Object]","LB-AK|Akkar|Mqanneh","true"
"LB-LOC-CEFF45D87CC0","LB","LB-GOV-AKK","LB-DIST-BF0E8E432529","","","","","Mqaybleh","","populated-place","","","missing","none","","missing","unresolved","","[object Object]","LB-AK|Akkar|Mqaybleh","true"
"LB-LOC-C7AA0B703A04","LB","LB-GOV-AKK","LB-DIST-BF0E8E432529","","","","","Mqaymiye","","populated-place","","","missing","none","","missing","unresolved","","[object Object]","LB-AK|Akkar|Mqaymiye","true"
"LB-LOC-F8FC5728DB0E","LB","LB-GOV-AKK","LB-DIST-BF0E8E432529","","","","","Mqaysra","","populated-place","","","missing","none","","missing","unresolved","","[object Object]","LB-AK|Akkar|Mqaysra","true"
"LB-LOC-846ACCB85317","LB","LB-GOV-AKK","LB-DIST-BF0E8E432529","","","","","Mqaytaa","","populated-place","","","missing","none","","missing","unresolved","","[object Object]","LB-AK|Akkar|Mqaytaa","true"
"LB-LOC-304FDF0D63F4","LB","LB-GOV-AKK","LB-DIST-BF0E8E432529","","","","","Mqraq","","populated-place","","","missing","none","","missing","unresolved","","[object Object]","LB-AK|Akkar|Mqraq","true"
"LB-LOC-033A07CF504E","LB","LB-GOV-AKK","LB-DIST-BF0E8E432529","","","","","Mwaylhe","","populated-place","","","missing","none","","missing","unresolved","","[object Object]","LB-AK|Akkar|Mwaylhe","true"
"LB-LOC-B1474B76800E","LB","LB-GOV-AKK","LB-DIST-BF0E8E432529","","","","","Nbaa_el-Bir","","populated-place","","","missing","none","","missing","unresolved","","[object Object]","LB-AK|Akkar|Nbaa_el-Bir","true"
"LB-LOC-09ED0A1EE55C","LB","LB-GOV-AKK","LB-DIST-BF0E8E432529","","","","","Qammoua","","populated-place","","","missing","none","","missing","unresolved","","[object Object]","LB-AK|Akkar|Qammoua","true"
"LB-LOC-76DF24178DE7","LB","LB-GOV-AKK","LB-DIST-BF0E8E432529","","","","","Qammoua_el-Aalya","","populated-place","","","missing","none","","missing","unresolved","","[object Object]","LB-AK|Akkar|Qammoua_el-Aalya","true"
"LB-LOC-1A31AB72B3EA","LB","LB-GOV-AKK","LB-DIST-BF0E8E432529","","","","","Qarhayouna","","populated-place","","","missing","none","","missing","unresolved","","[object Object]","LB-AK|Akkar|Qarhayouna","true"
"LB-LOC-9032CB992BE9","LB","LB-GOV-AKK","LB-DIST-BF0E8E432529","","","","","Qayadreh","","populated-place","","","missing","none","","missing","unresolved","","[object Object]","LB-AK|Akkar|Qayadreh","true"
"LB-LOC-0398AC3A1639","LB","LB-GOV-AKK","LB-DIST-BF0E8E432529","","","","","Qlayaa-AK","","populated-place","","","missing","none","","missing","unresolved","","[object Object]","LB-AK|Akkar|Qlayaa-AK","true"
"LB-LOC-61B3C3A633E1","LB","LB-GOV-AKK","LB-DIST-BF0E8E432529","","","","","Qobaiyat_el-Aalya","","populated-place","","","missing","none","","missing","unresolved","","[object Object]","LB-AK|Akkar|Qobaiyat_el-Aalya","true"
"LB-LOC-6AD7BB30C097","LB","LB-GOV-AKK","LB-DIST-BF0E8E432529","","","","","Qorn_Akkar","","populated-place","34.51892156590618","36.177960009308876","repository-reference","dwg_geometry_cache","","missing","unresolved","","[object Object]","LB-AK|Akkar|Qorn_Akkar","true"
"LB-LOC-BB7D4120B8A3","LB","LB-GOV-AKK","LB-DIST-BF0E8E432529","","","","","Qorneh-AK","","populated-place","","","missing","none","","missing","unresolved","","[object Object]","LB-AK|Akkar|Qorneh-AK","true"
"LB-LOC-2F116B229EBE","LB","LB-GOV-AKK","LB-DIST-BF0E8E432529","","","","","Rahbe","","populated-place","","","missing","none","","missing","unresolved","","[object Object]","LB-AK|Akkar|Rahbe","true"
"LB-LOC-984DBC0E8B95","LB","LB-GOV-AKK","LB-DIST-BF0E8E432529","","","","","Rahbe_el-Gharbiye","","populated-place","","","missing","none","","missing","unresolved","","[object Object]","LB-AK|Akkar|Rahbe_el-Gharbiye","true"
"LB-LOC-BAC7E28670D9","LB","LB-GOV-AKK","LB-DIST-BF0E8E432529","","","","","Ras_Baalbek-AK","","populated-place","","","missing","none","","missing","unresolved","","[object Object]","LB-AK|Akkar|Ras_Baalbek-AK","true"
"LB-LOC-FB3C17340F4B","LB","LB-GOV-AKK","LB-DIST-BF0E8E432529","","","","","Rwaysset_Akkar","","populated-place","","","missing","none","","missing","unresolved","","[object Object]","LB-AK|Akkar|Rwaysset_Akkar","true"
"LB-LOC-42B334B04F6F","LB","LB-GOV-AKK","LB-DIST-BF0E8E432529","","","","","Safinet_el-Qaytaa","","populated-place","","","missing","none","","missing","unresolved","","[object Object]","LB-AK|Akkar|Safinet_el-Qaytaa","true"
"LB-LOC-D95D4EB48474","LB","LB-GOV-AKK","LB-DIST-BF0E8E432529","","","","","Sahel_Alma-AK","","populated-place","34.36752424562166","35.873621359283334","repository-reference","per_village_gpkg_extent","","missing","unresolved","","[object Object]","LB-AK|Akkar|Sahel_Alma-AK","true"
"LB-LOC-3807E0FD34D3","LB","LB-GOV-AKK","LB-DIST-BF0E8E432529","","","","","Sanbourah","","populated-place","","","missing","none","","missing","unresolved","","[object Object]","LB-AK|Akkar|Sanbourah","true"
"LB-LOC-C78897BE2188","LB","LB-GOV-AKK","LB-DIST-BF0E8E432529","","","","","Saqia","","populated-place","","","missing","none","","missing","unresolved","","[object Object]","LB-AK|Akkar|Saqia","true"
"LB-LOC-CAC2DF4673CE","LB","LB-GOV-AKK","LB-DIST-BF0E8E432529","","","","","Sfireh","","populated-place","","","missing","none","","missing","unresolved","","[object Object]","LB-AK|Akkar|Sfireh","true"
"LB-LOC-1D9D6BB181C3","LB","LB-GOV-AKK","LB-DIST-BF0E8E432529","","","","","Smaqiye","","populated-place","","","missing","none","","missing","unresolved","","[object Object]","LB-AK|Akkar|Smaqiye","true"
"LB-LOC-89F44557728E","LB","LB-GOV-AKK","LB-DIST-BF0E8E432529","","","","","Srar","","populated-place","34.607722160627915","36.135997985263785","repository-reference","dwg_geometry_cache","","missing","unresolved","","[object Object]","LB-AK|Akkar|Srar","true"
"LB-LOC-8A887EC2BBEC","LB","LB-GOV-AKK","LB-DIST-BF0E8E432529","","","","","Tall_Abbas_ech-Charqi","","populated-place","","","missing","none","","missing","unresolved","","[object Object]","LB-AK|Akkar|Tall_Abbas_ech-Charqi","true"
"LB-LOC-D1E27C886D99","LB","LB-GOV-AKK","LB-DIST-BF0E8E432529","","","","","Tall_Abbas_el-Gharbi","","populated-place","34.57324493837702","36.082879540027434","repository-reference","dwg_geometry_cache","","missing","unresolved","","[object Object]","LB-AK|Akkar|Tall_Abbas_el-Gharbi","true"
"LB-LOC-703DD14E05F4","LB","LB-GOV-AKK","LB-DIST-BF0E8E432529","","","","","Tall_Bireh","","populated-place","34.60982936612957","36.061388555235325","repository-reference","dwg_geometry_cache","","missing","unresolved","","[object Object]","LB-AK|Akkar|Tall_Bireh","true"
"LB-LOC-392676BFBF5C","LB","LB-GOV-AKK","LB-DIST-BF0E8E432529","","","","","Tall_Hamira","","populated-place","","","missing","none","","missing","unresolved","","[object Object]","LB-AK|Akkar|Tall_Hamira","true"
"LB-LOC-1210F92878B1","LB","LB-GOV-AKK","LB-DIST-BF0E8E432529","","","","","Tall_Haya","","populated-place","","","missing","none","","missing","unresolved","","[object Object]","LB-AK|Akkar|Tall_Haya","true"
"LB-LOC-6FCC73EACF9D","LB","LB-GOV-AKK","LB-DIST-BF0E8E432529","","","","","Tall_Homs","","populated-place","","","missing","none","","missing","unresolved","","[object Object]","LB-AK|Akkar|Tall_Homs","true"
"LB-LOC-83718625E2A3","LB","LB-GOV-AKK","LB-DIST-BF0E8E432529","","","","","Tall_Kalakh","","populated-place","","","missing","none","","missing","unresolved","","[object Object]","LB-AK|Akkar|Tall_Kalakh","true"
"LB-LOC-5D0495937246","LB","LB-GOV-AKK","LB-DIST-BF0E8E432529","","","","","Tall_Maayan","","populated-place","34.59840405","36.0377835","repository-reference","online_nominatim","","missing","unresolved","","[object Object]","LB-AK|Akkar|Tall_Maayan","true"
"LB-LOC-7B8A00BA5338","LB","LB-GOV-AKK","LB-DIST-BF0E8E432529","","","","","Tall_Majdel","","populated-place","","","missing","none","","missing","unresolved","","[object Object]","LB-AK|Akkar|Tall_Majdel","true"
"LB-LOC-3F00D5FD7EF5","LB","LB-GOV-AKK","LB-DIST-BF0E8E432529","","","","","Tall_Nahas","","populated-place","","","missing","none","","missing","unresolved","","[object Object]","LB-AK|Akkar|Tall_Nahas","true"
"LB-LOC-ED3C4B5D4247","LB","LB-GOV-AKK","LB-DIST-BF0E8E432529","","","","","Tikrit","","populated-place","","","missing","none","","missing","unresolved","","[object Object]","LB-AK|Akkar|Tikrit","true"
"LB-LOC-F713C3A2B93B","LB","LB-GOV-AKK","LB-DIST-BF0E8E432529","","","","","Tikrit_el-Aala","","populated-place","","","missing","none","","missing","unresolved","","[object Object]","LB-AK|Akkar|Tikrit_el-Aala","true"
"LB-LOC-C3333844C303","LB","LB-GOV-AKK","LB-DIST-BF0E8E432529","","","","","Tleil","","populated-place","","","missing","none","","missing","unresolved","","[object Object]","LB-AK|Akkar|Tleil","true"
"LB-LOC-EB8283314F75","LB","LB-GOV-AKK","LB-DIST-BF0E8E432529","","","","","Tleil_el-Fawqa","","populated-place","","","missing","none","","missing","unresolved","","[object Object]","LB-AK|Akkar|Tleil_el-Fawqa","true"
"LB-LOC-272066AAD126","LB","LB-GOV-AKK","LB-DIST-BF0E8E432529","","","","","Wadi_Khaled","","populated-place","","","missing","none","","missing","unresolved","","[object Object]","LB-AK|Akkar|Wadi_Khaled","true"
"LB-LOC-3C90AD1ACDBE","LB","LB-GOV-AKK","LB-DIST-BF0E8E432529","","","","","Wadi_ej-Jamous","","populated-place","34.509259112773876","36.00012571379021","repository-reference","dwg_geometry_cache","","missing","unresolved","","[object Object]","LB-AK|Akkar|Wadi_ej-Jamous","true"
"LB-LOC-BDE4D736C87E","LB","LB-GOV-AKK","LB-DIST-BF0E8E432529","","","","","Wadi_ej-Jamous_ech-Charqi","","populated-place","","","missing","none","","missing","unresolved","","[object Object]","LB-AK|Akkar|Wadi_ej-Jamous_ech-Charqi","true"
"LB-LOC-CE378FE8128F","LB","LB-GOV-AKK","LB-DIST-BF0E8E432529","","","","","Wadi_ej-Jamous_el-Gharbi","","populated-place","","","missing","none","","missing","unresolved","","[object Object]","LB-AK|Akkar|Wadi_ej-Jamous_el-Gharbi","true"
"LB-LOC-40ED7ACAF369","LB","LB-GOV-AKK","LB-DIST-BF0E8E432529","","","","","Wadi_el-Hariq","","populated-place","","","missing","none","","missing","unresolved","","[object Object]","LB-AK|Akkar|Wadi_el-Hariq","true"
"LB-LOC-510296713BDE","LB","LB-GOV-AKK","LB-DIST-BF0E8E432529","","","","","Wadi_el-Hour","","populated-place","","","missing","none","","missing","unresolved","","[object Object]","LB-AK|Akkar|Wadi_el-Hour","true"
"LB-LOC-B66B5BBF66B2","LB","LB-GOV-AKK","LB-DIST-BF0E8E432529","","","","","Wasta","","populated-place","","","missing","none","","missing","unresolved","","[object Object]","LB-AK|Akkar|Wasta","true"
"LB-LOC-633840720CAE","LB","LB-GOV-AKK","LB-DIST-BF0E8E432529","","","","","Zouq_Bhanine","","populated-place","","","missing","none","","missing","unresolved","","[object Object]","LB-AK|Akkar|Zouq_Bhanine","true"
"LB-LOC-C32B9AAA21E7","LB","LB-GOV-AKK","LB-DIST-BF0E8E432529","","","","","Zouq_el-Hosniye","","populated-place","","","missing","none","","missing","unresolved","","[object Object]","LB-AK|Akkar|Zouq_el-Hosniye","true"
"LB-LOC-BAD392B148DE","LB","LB-GOV-AKK","LB-DIST-BF0E8E432529","","","","","Zouq_el-Jomaa","","populated-place","","","missing","none","","missing","unresolved","","[object Object]","LB-AK|Akkar|Zouq_el-Jomaa","true"
"LB-LOC-7D1E2FE77186","LB","LB-GOV-NLB","LB-DIST-A3F7F98AD99A","","","","","Aalmat-BT","","populated-place","","","missing","none","","missing","unresolved","","[object Object]","LB-AS|Batroun|Aalmat-BT","true"
"LB-LOC-BF5236F9570F","LB","LB-GOV-NLB","LB-DIST-A3F7F98AD99A","","","","","Aaqoura-BT","","populated-place","","","missing","none","","missing","unresolved","","[object Object]","LB-AS|Batroun|Aaqoura-BT","true"
"LB-LOC-BB3C493ED391","LB","LB-GOV-NLB","LB-DIST-A3F7F98AD99A","","","","","Abrine","","populated-place","34.63937358710588","35.59481315422994","repository-reference","dwg_geometry_cache","","missing","unresolved","","[object Object]","LB-AS|Batroun|Abrine","true"
"LB-LOC-26B2CC945A62","LB","LB-GOV-NLB","LB-DIST-A3F7F98AD99A","","","","","Ain_el-Ghouaybeh-BT","","populated-place","","","missing","none","","missing","unresolved","","[object Object]","LB-AS|Batroun|Ain_el-Ghouaybeh-BT","true"
"LB-LOC-5585D40ECDD3","LB","LB-GOV-NLB","LB-DIST-A3F7F98AD99A","","","","","Batroun","","populated-place","34.2566474","35.6709766","repository-reference","online_nominatim","","missing","unresolved","","[object Object]","LB-AS|Batroun|Batroun","true"
"LB-LOC-6503FE0A12EE","LB","LB-GOV-NLB","LB-DIST-A3F7F98AD99A","","","","","Batroun_el-Balad","","populated-place","","","missing","none","","missing","unresolved","","[object Object]","LB-AS|Batroun|Batroun_el-Balad","true"
"LB-LOC-803B7E6E2C0A","LB","LB-GOV-NLB","LB-DIST-A3F7F98AD99A","","","","","Bchaaleh","","populated-place","34.201864549999996","35.823412000000005","repository-reference","online_nominatim","","missing","unresolved","","[object Object]","LB-AS|Batroun|Bchaaleh","true"
"LB-LOC-94B4BFD52506","LB","LB-GOV-NLB","LB-DIST-A3F7F98AD99A","","","","","Bchtoudar","","populated-place","","","missing","none","","missing","unresolved","","[object Object]","LB-AS|Batroun|Bchtoudar","true"
"LB-LOC-8ABCDA212641","LB","LB-GOV-NLB","LB-DIST-A3F7F98AD99A","","","","","Beit_Chlela","","populated-place","","","missing","none","","missing","unresolved","","[object Object]","LB-AS|Batroun|Beit_Chlela","true"
"LB-LOC-CACF77D152D9","LB","LB-GOV-NLB","LB-DIST-A3F7F98AD99A","","","","","Bijjeh-BT","","populated-place","","","missing","none","","missing","unresolved","","[object Object]","LB-AS|Batroun|Bijjeh-BT","true"
"LB-LOC-E76A62380CC7","LB","LB-GOV-NLB","LB-DIST-A3F7F98AD99A","","","","","Bjaj","","populated-place","","","missing","none","","missing","unresolved","","[object Object]","LB-AS|Batroun|Bjaj","true"
"LB-LOC-CC7C47D584F0","LB","LB-GOV-NLB","LB-DIST-A3F7F98AD99A","","","","","Bjdarfel","","populated-place","","","missing","none","","missing","unresolved","","[object Object]","LB-AS|Batroun|Bjdarfel","true"
"LB-LOC-F82DCF154CA4","LB","LB-GOV-NLB","LB-DIST-A3F7F98AD99A","","","","","Btablat","","populated-place","","","missing","none","","missing","unresolved","","[object Object]","LB-AS|Batroun|Btablat","true"
"LB-LOC-C5A34CB888B7","LB","LB-GOV-NLB","LB-DIST-A3F7F98AD99A","","","","","Btedii","","populated-place","","","missing","none","","missing","unresolved","","[object Object]","LB-AS|Batroun|Btedii","true"
"LB-LOC-28A8E7066DD1","LB","LB-GOV-NLB","LB-DIST-A3F7F98AD99A","","","","","Bthnayel","","populated-place","","","missing","none","","missing","unresolved","","[object Object]","LB-AS|Batroun|Bthnayel","true"
"LB-LOC-4722B019DF4E","LB","LB-GOV-NLB","LB-DIST-A3F7F98AD99A","","","","","Btroumine","","populated-place","","","missing","none","","missing","unresolved","","[object Object]","LB-AS|Batroun|Btroumine","true"
"LB-LOC-24C64D00E348","LB","LB-GOV-NLB","LB-DIST-A3F7F98AD99A","","","","","Chatine","","populated-place","34.176029650000004","35.8795881","repository-reference","online_nominatim","","missing","unresolved","","[object Object]","LB-AS|Batroun|Chatine","true"
"LB-LOC-0912C410B726","LB","LB-GOV-NLB","LB-DIST-A3F7F98AD99A","","","","","Chikhan","","populated-place","","","missing","none","","missing","unresolved","","[object Object]","LB-AS|Batroun|Chikhan","true"
"LB-LOC-EB7F9134280A","LB","LB-GOV-NLB","LB-DIST-A3F7F98AD99A","","","","","Deir_el-Ballout","","populated-place","34.61607458020886","35.589746904293236","repository-reference","dwg_geometry_cache","","missing","unresolved","","[object Object]","LB-AS|Batroun|Deir_el-Ballout","true"
"LB-LOC-191DED7EE627","LB","LB-GOV-NLB","LB-DIST-A3F7F98AD99A","","","","","Douma","","populated-place","","","missing","none","","missing","unresolved","","[object Object]","LB-AS|Batroun|Douma","true"
"LB-LOC-20EB6A766D66","LB","LB-GOV-NLB","LB-DIST-A3F7F98AD99A","","","","","Douma_el-Fawqa","","populated-place","","","missing","none","","missing","unresolved","","[object Object]","LB-AS|Batroun|Douma_el-Fawqa","true"
"LB-LOC-A37AECF7057F","LB","LB-GOV-NLB","LB-DIST-A3F7F98AD99A","","","","","Eddeh","","populated-place","34.23549655","35.68318605","repository-reference","online_nominatim","","missing","unresolved","","[object Object]","LB-AS|Batroun|Eddeh","true"
"LB-LOC-055C0FBC6471","LB","LB-GOV-NLB","LB-DIST-A3F7F98AD99A","","","","","Fghal","","populated-place","","","missing","none","","missing","unresolved","","[object Object]","LB-AS|Batroun|Fghal","true"
"LB-LOC-95CE13F6BDB8","LB","LB-GOV-NLB","LB-DIST-A3F7F98AD99A","","","","","Habil","","populated-place","","","missing","none","","missing","unresolved","","[object Object]","LB-AS|Batroun|Habil","true"
"LB-LOC-F912703D20C7","LB","LB-GOV-NLB","LB-DIST-A3F7F98AD99A","","","","","Halba-BT","","populated-place","","","missing","none","","missing","unresolved","","[object Object]","LB-AS|Batroun|Halba-BT","true"
"LB-LOC-A129940E5CC1","LB","LB-GOV-NLB","LB-DIST-A3F7F98AD99A","","","","","Hamat","","populated-place","34.28478974952062","35.69155700346694","repository-reference","dwg_geometry_cache","","missing","unresolved","","[object Object]","LB-AS|Batroun|Hamat","true"
"LB-LOC-F69982B7E606","LB","LB-GOV-NLB","LB-DIST-A3F7F98AD99A","","","","","Hardine","","populated-place","","","missing","none","","missing","unresolved","","[object Object]","LB-AS|Batroun|Hardine","true"
"LB-LOC-014CFD8CEA1A","LB","LB-GOV-NLB","LB-DIST-A3F7F98AD99A","","","","","Hardine-BT","","populated-place","","","missing","none","","missing","unresolved","","[object Object]","LB-AS|Batroun|Hardine-BT","true"
"LB-LOC-9C28088D8969","LB","LB-GOV-NLB","LB-DIST-A3F7F98AD99A","","","","","Hawqa","","populated-place","","","missing","none","","missing","unresolved","","[object Object]","LB-AS|Batroun|Hawqa","true"
"LB-LOC-0E32C8A307A0","LB","LB-GOV-NLB","LB-DIST-A3F7F98AD99A","","","","","Iden","","populated-place","","","missing","none","","missing","unresolved","","[object Object]","LB-AS|Batroun|Iden","true"
"LB-LOC-ADB5D4B39DE8","LB","LB-GOV-NLB","LB-DIST-A3F7F98AD99A","","","","","Jrane-BT","","populated-place","","","missing","none","","missing","unresolved","","[object Object]","LB-AS|Batroun|Jrane-BT","true"
"LB-LOC-82165709EA26","LB","LB-GOV-NLB","LB-DIST-A3F7F98AD99A","","","","","Kfar_Abida-BT","","populated-place","","","missing","none","","missing","unresolved","","[object Object]","LB-AS|Batroun|Kfar_Abida-BT","true"
"LB-LOC-1D9F06680A51","LB","LB-GOV-NLB","LB-DIST-A3F7F98AD99A","","","","","Kfar_Chlimane","","populated-place","","","missing","none","","missing","unresolved","","[object Object]","LB-AS|Batroun|Kfar_Chlimane","true"
"LB-LOC-7CD7BE21D579","LB","LB-GOV-NLB","LB-DIST-A3F7F98AD99A","","","","","Kfar_Halda-BT","","populated-place","","","missing","none","","missing","unresolved","","[object Object]","LB-AS|Batroun|Kfar_Halda-BT","true"
"LB-LOC-06E22DD03AEA","LB","LB-GOV-NLB","LB-DIST-A3F7F98AD99A","","","","","Kfar_Hay-BT","","populated-place","","","missing","none","","missing","unresolved","","[object Object]","LB-AS|Batroun|Kfar_Hay-BT","true"
"LB-LOC-E0C61C385583","LB","LB-GOV-NLB","LB-DIST-A3F7F98AD99A","","","","","Kfar_Hlawa","","populated-place","","","missing","none","","missing","unresolved","","[object Object]","LB-AS|Batroun|Kfar_Hlawa","true"
"LB-LOC-CE1BABE64309","LB","LB-GOV-NLB","LB-DIST-A3F7F98AD99A","","","","","Kfifane-BT","","populated-place","","","missing","none","","missing","unresolved","","[object Object]","LB-AS|Batroun|Kfifane-BT","true"
"LB-LOC-613D1A74DDAA","LB","LB-GOV-NLB","LB-DIST-A3F7F98AD99A","","","","","Kfour_el-Arabi","","populated-place","","","missing","none","","missing","unresolved","","[object Object]","LB-AS|Batroun|Kfour_el-Arabi","true"
"LB-LOC-C2B6681FC5A2","LB","LB-GOV-NLB","LB-DIST-A3F7F98AD99A","","","","","Mghayreh-BT","","populated-place","","","missing","none","","missing","unresolved","","[object Object]","LB-AS|Batroun|Mghayreh-BT","true"
"LB-LOC-700CFD1070E7","LB","LB-GOV-NLB","LB-DIST-A3F7F98AD99A","","","","","Mouhammara-BT","","populated-place","","","missing","none","","missing","unresolved","","[object Object]","LB-AS|Batroun|Mouhammara-BT","true"
"LB-LOC-93B1253D042E","LB","LB-GOV-NLB","LB-DIST-A3F7F98AD99A","","","","","Mseilha","","populated-place","34.2737623","35.6897728","repository-reference","online_nominatim","","missing","unresolved","","[object Object]","LB-AS|Batroun|Mseilha","true"
"LB-LOC-64C035EAA741","LB","LB-GOV-NLB","LB-DIST-A3F7F98AD99A","","","","","Nbaa-BT","","populated-place","","","missing","none","","missing","unresolved","","[object Object]","LB-AS|Batroun|Nbaa-BT","true"
"LB-LOC-ED5B1FAAC906","LB","LB-GOV-NLB","LB-DIST-A3F7F98AD99A","","","","","Qaytouleh","","populated-place","","","missing","none","","missing","unresolved","","[object Object]","LB-AS|Batroun|Qaytouleh","true"
"LB-LOC-7F5B562255E0","LB","LB-GOV-NLB","LB-DIST-A3F7F98AD99A","","","","","Rachkida","","populated-place","34.26749275","35.7165205","repository-reference","online_nominatim","","missing","unresolved","","[object Object]","LB-AS|Batroun|Rachkida","true"
"LB-LOC-47C8E7996010","LB","LB-GOV-NLB","LB-DIST-A3F7F98AD99A","","","","","Ras_Nhach-BT","","populated-place","","","missing","none","","missing","unresolved","","[object Object]","LB-AS|Batroun|Ras_Nhach-BT","true"
"LB-LOC-DE0A32411E6F","LB","LB-GOV-NLB","LB-DIST-A3F7F98AD99A","","","","","Salaa","","populated-place","","","missing","none","","missing","unresolved","","[object Object]","LB-AS|Batroun|Salaa","true"
"LB-LOC-78B99565FCF6","LB","LB-GOV-NLB","LB-DIST-A3F7F98AD99A","","","","","Samanda","","populated-place","","","missing","none","","missing","unresolved","","[object Object]","LB-AS|Batroun|Samanda","true"
"LB-LOC-10FE39373799","LB","LB-GOV-NLB","LB-DIST-A3F7F98AD99A","","","","","Saydet_en-Najat","","populated-place","","","missing","none","","missing","unresolved","","[object Object]","LB-AS|Batroun|Saydet_en-Najat","true"
"LB-LOC-727D0F5D0B76","LB","LB-GOV-NLB","LB-DIST-A3F7F98AD99A","","","","","Sourat-BT","","populated-place","","","missing","none","","missing","unresolved","","[object Object]","LB-AS|Batroun|Sourat-BT","true"
"LB-LOC-565C557D4FA3","LB","LB-GOV-NLB","LB-DIST-A3F7F98AD99A","","","","","Tahom","","populated-place","","","missing","none","","missing","unresolved","","[object Object]","LB-AS|Batroun|Tahom","true"
"LB-LOC-822A46FEA480","LB","LB-GOV-NLB","LB-DIST-A3F7F98AD99A","","","","","Tannourine","","populated-place","","","missing","none","","missing","unresolved","","[object Object]","LB-AS|Batroun|Tannourine","true"
"LB-LOC-F73268E85530","LB","LB-GOV-NLB","LB-DIST-A3F7F98AD99A","","","","","Tannourine_el-Fawqa","","populated-place","","","missing","none","","missing","unresolved","","[object Object]","LB-AS|Batroun|Tannourine_el-Fawqa","true"
"LB-LOC-40718AAA82D4","LB","LB-GOV-NLB","LB-DIST-A3F7F98AD99A","","","","","Tannourine_et-Tahta","","populated-place","","","missing","none","","missing","unresolved","","[object Object]","LB-AS|Batroun|Tannourine_et-Tahta","true"
"LB-LOC-CA980F4AC6CE","LB","LB-GOV-NLB","LB-DIST-A3F7F98AD99A","","","","","Twaleh","","populated-place","","","missing","none","","missing","unresolved","","[object Object]","LB-AS|Batroun|Twaleh","true"
"LB-LOC-3B9FCBAAF9FB","LB","LB-GOV-NLB","LB-DIST-A3F7F98AD99A","","","","","Wata_Houb-BT","","populated-place","","","missing","none","","missing","unresolved","","[object Object]","LB-AS|Batroun|Wata_Houb-BT","true"
"LB-LOC-DCED4F215FED","LB","LB-GOV-NLB","LB-DIST-510442BCD398","","","","","Abdine","","populated-place","34.45977955481071","35.98821789538988","repository-reference","dwg_geometry_cache","","missing","unresolved","","[object Object]","LB-AS|Bsharri|Abdine","true"
"LB-LOC-7AC3DC0F96F8","LB","LB-GOV-NLB","LB-DIST-510442BCD398","","","","","Achach-BS","","populated-place","","","missing","none","","missing","unresolved","","[object Object]","LB-AS|Bsharri|Achach-BS","true"
"LB-LOC-9B2FCA7E9C8B","LB","LB-GOV-NLB","LB-DIST-510442BCD398","","","","","Ain_Aata-BS","","populated-place","","","missing","none","","missing","unresolved","","[object Object]","LB-AS|Bsharri|Ain_Aata-BS","true"
"LB-LOC-CF9D55ACE9DF","LB","LB-GOV-NLB","LB-DIST-510442BCD398","","","","","Ain_et-Tineh-BS","","populated-place","","","missing","none","","missing","unresolved","","[object Object]","LB-AS|Bsharri|Ain_et-Tineh-BS","true"
"LB-LOC-245CEC1B7EE3","LB","LB-GOV-NLB","LB-DIST-510442BCD398","","","","","Bane-BS","","populated-place","","","missing","none","","missing","unresolved","","[object Object]","LB-AS|Bsharri|Bane-BS","true"
"LB-LOC-2368651F9ED9","LB","LB-GOV-NLB","LB-DIST-510442BCD398","","","","","Beit_Mounzer","","populated-place","","","missing","none","","missing","unresolved","","[object Object]","LB-AS|Bsharri|Beit_Mounzer","true"
"LB-LOC-C19473E9163C","LB","LB-GOV-NLB","LB-DIST-510442BCD398","","","","","Beit_Qasab","","populated-place","","","missing","none","","missing","unresolved","","[object Object]","LB-AS|Bsharri|Beit_Qasab","true"
"LB-LOC-4E16791675F2","LB","LB-GOV-NLB","LB-DIST-510442BCD398","","","","","Blouza","","populated-place","","","missing","none","","missing","unresolved","","[object Object]","LB-AS|Bsharri|Blouza","true"
"LB-LOC-24D44D71D0E0","LB","LB-GOV-NLB","LB-DIST-510442BCD398","","","","","Blouza_ech-Chamaliye","","populated-place","","","missing","none","","missing","unresolved","","[object Object]","LB-AS|Bsharri|Blouza_ech-Chamaliye","true"
"LB-LOC-3440DC5E8DF9","LB","LB-GOV-NLB","LB-DIST-510442BCD398","","","","","Bqaa_Kafra_Cedars","","populated-place","","","missing","none","","missing","unresolved","","[object Object]","LB-AS|Bsharri|Bqaa_Kafra_Cedars","true"
"LB-LOC-E22F56ABAAA8","LB","LB-GOV-NLB","LB-DIST-510442BCD398","","","","","Brihlioun","","populated-place","","","missing","none","","missing","unresolved","","[object Object]","LB-AS|Bsharri|Brihlioun","true"
"LB-LOC-FFFC8D597A8F","LB","LB-GOV-NLB","LB-DIST-510442BCD398","","","","","Bsharri","","populated-place","","","missing","none","","missing","unresolved","","[object Object]","LB-AS|Bsharri|Bsharri","true"
"LB-LOC-01732CB3EEC9","LB","LB-GOV-NLB","LB-DIST-510442BCD398","","","","","Bsharri_el-Aala","","populated-place","","","missing","none","","missing","unresolved","","[object Object]","LB-AS|Bsharri|Bsharri_el-Aala","true"
"LB-LOC-EDA19EA18A68","LB","LB-GOV-NLB","LB-DIST-510442BCD398","","","","","Bsharri_el-Gharbiye","","populated-place","","","missing","none","","missing","unresolved","","[object Object]","LB-AS|Bsharri|Bsharri_el-Gharbiye","true"
"LB-LOC-597269700C8E","LB","LB-GOV-NLB","LB-DIST-510442BCD398","","","","","Bzaoun-BS","","populated-place","","","missing","none","","missing","unresolved","","[object Object]","LB-AS|Bsharri|Bzaoun-BS","true"
"LB-LOC-8A5857947D85","LB","LB-GOV-NLB","LB-DIST-510442BCD398","","","","","Deir_Mar_Semaan","","populated-place","","","missing","none","","missing","unresolved","","[object Object]","LB-AS|Bsharri|Deir_Mar_Semaan","true"
"LB-LOC-C4B5496FEBA7","LB","LB-GOV-NLB","LB-DIST-510442BCD398","","","","","Dimane","","populated-place","34.2361211","35.95044135","repository-reference","online_nominatim","","missing","unresolved","","[object Object]","LB-AS|Bsharri|Dimane","true"
"LB-LOC-2E4E9AABB9B6","LB","LB-GOV-NLB","LB-DIST-510442BCD398","","","","","Hadath_el-Jubbe","","populated-place","","","missing","none","","missing","unresolved","","[object Object]","LB-AS|Bsharri|Hadath_el-Jubbe","true"
"LB-LOC-0F07926E2048","LB","LB-GOV-NLB","LB-DIST-510442BCD398","","","","","Hadath_el-Jubbe_el-Aalya","","populated-place","","","missing","none","","missing","unresolved","","[object Object]","LB-AS|Bsharri|Hadath_el-Jubbe_el-Aalya","true"
"LB-LOC-95BFF279CE49","LB","LB-GOV-NLB","LB-DIST-510442BCD398","","","","","Hadchit","","populated-place","","","missing","none","","missing","unresolved","","[object Object]","LB-AS|Bsharri|Hadchit","true"
"LB-LOC-76654BB78F48","LB","LB-GOV-NLB","LB-DIST-510442BCD398","","","","","Hasroun","","populated-place","","","missing","none","","missing","unresolved","","[object Object]","LB-AS|Bsharri|Hasroun","true"
"LB-LOC-C17AEDF7A438","LB","LB-GOV-NLB","LB-DIST-510442BCD398","","","","","Hasroun_el-Fawqa","","populated-place","","","missing","none","","missing","unresolved","","[object Object]","LB-AS|Bsharri|Hasroun_el-Fawqa","true"
"LB-LOC-644E4E06E95A","LB","LB-GOV-NLB","LB-DIST-510442BCD398","","","","","Mazraat_Bsharri","","populated-place","","","missing","none","","missing","unresolved","","[object Object]","LB-AS|Bsharri|Mazraat_Bsharri","true"
"LB-LOC-6206266F8791","LB","LB-GOV-NLB","LB-DIST-510442BCD398","","","","","Mazraat_el-Arz","","populated-place","","","missing","none","","missing","unresolved","","[object Object]","LB-AS|Bsharri|Mazraat_el-Arz","true"
"LB-LOC-9F1EF3DB32C6","LB","LB-GOV-NLB","LB-DIST-510442BCD398","","","","","Qarhaq","","populated-place","","","missing","none","","missing","unresolved","","[object Object]","LB-AS|Bsharri|Qarhaq","true"
"LB-LOC-050F24F59591","LB","LB-GOV-NLB","LB-DIST-510442BCD398","","","","","Qnat","","populated-place","","","missing","none","","missing","unresolved","","[object Object]","LB-AS|Bsharri|Qnat","true"
"LB-LOC-6BC10C22BB51","LB","LB-GOV-NLB","LB-DIST-510442BCD398","","","","","Taran-BS","","populated-place","","","missing","none","","missing","unresolved","","[object Object]","LB-AS|Bsharri|Taran-BS","true"
"LB-LOC-067C750BFE11","LB","LB-GOV-NLB","LB-DIST-510442BCD398","","","","","The_Cedars","","populated-place","34.256249","36.077156","repository-reference","online_nominatim","","missing","unresolved","","[object Object]","LB-AS|Bsharri|The_Cedars","true"
"LB-LOC-9AEB1AC2DEAA","LB","LB-GOV-NLB","LB-DIST-510442BCD398","","","","","Tourza-BS","","populated-place","","","missing","none","","missing","unresolved","","[object Object]","LB-AS|Bsharri|Tourza-BS","true"
"LB-LOC-49E05034D9EC","LB","LB-GOV-NLB","LB-DIST-510442BCD398","","","","","Wadi_Qadisha","","populated-place","","","missing","none","","missing","unresolved","","[object Object]","LB-AS|Bsharri|Wadi_Qadisha","true"
"LB-LOC-1E6831EA640F","LB","LB-GOV-NLB","LB-DIST-60A64BA694F5","","","","","Aaba","","populated-place","34.38749753785106","35.87828881374929","repository-reference","per_village_gpkg_extent","","missing","unresolved","","[object Object]","LB-AS|Koura|Aaba","true"
"LB-LOC-5EBF39D1F679","LB","LB-GOV-NLB","LB-DIST-60A64BA694F5","","","","","Abou_Halqa","","populated-place","","","missing","none","","missing","unresolved","","[object Object]","LB-AS|Koura|Abou_Halqa","true"
"LB-LOC-AB8516D99159","LB","LB-GOV-NLB","LB-DIST-60A64BA694F5","","","","","Afsdiq","","populated-place","34.38656615771491","35.87722590554835","repository-reference","per_village_gpkg_extent","","missing","unresolved","","[object Object]","LB-AS|Koura|Afsdiq","true"
"LB-LOC-50F46A8AB8F2","LB","LB-GOV-NLB","LB-DIST-60A64BA694F5","","","","","Amioun","","populated-place","","","missing","none","","missing","unresolved","","[object Object]","LB-AS|Koura|Amioun","true"
"LB-LOC-16AD42CE7BE4","LB","LB-GOV-NLB","LB-DIST-60A64BA694F5","","","","","Amioun_el-Fawqa","","populated-place","","","missing","none","","missing","unresolved","","[object Object]","LB-AS|Koura|Amioun_el-Fawqa","true"
"LB-LOC-2E7D119C794E","LB","LB-GOV-NLB","LB-DIST-60A64BA694F5","","","","","Anfeh","","populated-place","","","missing","none","","missing","unresolved","","[object Object]","LB-AS|Koura|Anfeh","true"
"LB-LOC-85FB06DC9F7A","LB","LB-GOV-NLB","LB-DIST-60A64BA694F5","","","","","Anfeh_el-Balda","","populated-place","","","missing","none","","missing","unresolved","","[object Object]","LB-AS|Koura|Anfeh_el-Balda","true"
"LB-LOC-D27A8574FD7D","LB","LB-GOV-NLB","LB-DIST-60A64BA694F5","","","","","Barsa","","populated-place","","","missing","none","","missing","unresolved","","[object Object]","LB-AS|Koura|Barsa","true"
"LB-LOC-31A6E68F5465","LB","LB-GOV-NLB","LB-DIST-60A64BA694F5","","","","","Batralioun","","populated-place","","","missing","none","","missing","unresolved","","[object Object]","LB-AS|Koura|Batralioun","true"
"LB-LOC-1788AD279DC1","LB","LB-GOV-NLB","LB-DIST-60A64BA694F5","","","","","Bchmizzine","","populated-place","34.46639600670466","35.962559544800015","repository-reference","per_village_gpkg_extent","","missing","unresolved","","[object Object]","LB-AS|Koura|Bchmizzine","true"
"LB-LOC-060EDA86F2D9","LB","LB-GOV-NLB","LB-DIST-60A64BA694F5","","","","","Bednayel-KR","","populated-place","34.38462393331277","35.87575385073553","repository-reference","per_village_gpkg_extent","","missing","unresolved","","[object Object]","LB-AS|Koura|Bednayel-KR","true"
"LB-LOC-9E382497043B","LB","LB-GOV-NLB","LB-DIST-60A64BA694F5","","","","","Besarma-KR","","populated-place","","","missing","none","","missing","unresolved","","[object Object]","LB-AS|Koura|Besarma-KR","true"
"LB-LOC-05C14C793242","LB","LB-GOV-NLB","LB-DIST-60A64BA694F5","","","","","Bino","","populated-place","","","missing","none","","missing","unresolved","","[object Object]","LB-AS|Koura|Bino","true"
"LB-LOC-E0EBF98483A4","LB","LB-GOV-NLB","LB-DIST-60A64BA694F5","","","","","Btaaboura","","populated-place","34.383550352987015","35.876511899487795","repository-reference","per_village_gpkg_extent","","missing","unresolved","","[object Object]","LB-AS|Koura|Btaaboura","true"
"LB-LOC-9F0FF80E051A","LB","LB-GOV-NLB","LB-DIST-60A64BA694F5","","","","","Bteram-KR","","populated-place","","","missing","none","","missing","unresolved","","[object Object]","LB-AS|Koura|Bteram-KR","true"
"LB-LOC-25BD97CD0DCB","LB","LB-GOV-NLB","LB-DIST-60A64BA694F5","","","","","Btermaz","","populated-place","","","missing","none","","missing","unresolved","","[object Object]","LB-AS|Koura|Btermaz","true"
"LB-LOC-20849185C9E8","LB","LB-GOV-NLB","LB-DIST-60A64BA694F5","","","","","Chekka","","populated-place","34.38217633101295","35.87401732588669","repository-reference","per_village_gpkg_extent","","missing","unresolved","","[object Object]","LB-AS|Koura|Chekka","true"
"LB-LOC-D3B02C1381F3","LB","LB-GOV-NLB","LB-DIST-60A64BA694F5","","","","","Dar_Baachtar-KR","","populated-place","","","missing","none","","missing","unresolved","","[object Object]","LB-AS|Koura|Dar_Baachtar-KR","true"
"LB-LOC-0B99154DDD66","LB","LB-GOV-NLB","LB-DIST-60A64BA694F5","","","","","Deddeh","","populated-place","","","missing","none","","missing","unresolved","","[object Object]","LB-AS|Koura|Deddeh","true"
"LB-LOC-DAE130E5BAEB","LB","LB-GOV-NLB","LB-DIST-60A64BA694F5","","","","","Deir_Billa","","populated-place","34.38225312123763","35.87808445927786","repository-reference","per_village_gpkg_extent","","missing","unresolved","","[object Object]","LB-AS|Koura|Deir_Billa","true"
"LB-LOC-D65558A84D02","LB","LB-GOV-NLB","LB-DIST-60A64BA694F5","","","","","Fih-KR","","populated-place","","","missing","none","","missing","unresolved","","[object Object]","LB-AS|Koura|Fih-KR","true"
"LB-LOC-BF3005D7FCFB","LB","LB-GOV-NLB","LB-DIST-60A64BA694F5","","","","","Halba_el-Koura","","populated-place","34.382388404370644","35.877406752460686","repository-reference","per_village_gpkg_extent","","missing","unresolved","","[object Object]","LB-AS|Koura|Halba_el-Koura","true"
"LB-LOC-7D2ACB6628D2","LB","LB-GOV-NLB","LB-DIST-60A64BA694F5","","","","","Harissa-KR","","populated-place","","","missing","none","","missing","unresolved","","[object Object]","LB-AS|Koura|Harissa-KR","true"
"LB-LOC-0D2BFFDF4C34","LB","LB-GOV-NLB","LB-DIST-60A64BA694F5","","","","","Ijdabra","","populated-place","34.381919481577356","35.920394178580366","repository-reference","per_village_gpkg_extent","","missing","unresolved","","[object Object]","LB-AS|Koura|Ijdabra","true"
"LB-LOC-B36FCEDCC7F7","LB","LB-GOV-NLB","LB-DIST-60A64BA694F5","","","","","Kelhat","","populated-place","","","missing","none","","missing","unresolved","","[object Object]","LB-AS|Koura|Kelhat","true"
"LB-LOC-05AE50070020","LB","LB-GOV-NLB","LB-DIST-60A64BA694F5","","","","","Kelhat_el-Aalya","","populated-place","","","missing","none","","missing","unresolved","","[object Object]","LB-AS|Koura|Kelhat_el-Aalya","true"
"LB-LOC-28F1831158EE","LB","LB-GOV-NLB","LB-DIST-60A64BA694F5","","","","","Kfar_Abida-KR","","populated-place","","","missing","none","","missing","unresolved","","[object Object]","LB-AS|Koura|Kfar_Abida-KR","true"
"LB-LOC-5FADE3A379B5","LB","LB-GOV-NLB","LB-DIST-60A64BA694F5","","","","","Kfar_Aqqa","","populated-place","34.38549672644739","35.878421337330266","repository-reference","per_village_gpkg_extent","","missing","unresolved","","[object Object]","LB-AS|Koura|Kfar_Aqqa","true"
"LB-LOC-A7B673B5956B","LB","LB-GOV-NLB","LB-DIST-60A64BA694F5","","","","","Kfar_Halda_el-Kouraniye","","populated-place","34.38416236192224","35.87606685912117","repository-reference","per_village_gpkg_extent","","missing","unresolved","","[object Object]","LB-AS|Koura|Kfar_Halda_el-Kouraniye","true"
"LB-LOC-95F52C9DE85E","LB","LB-GOV-NLB","LB-DIST-60A64BA694F5","","","","","Kfar_Hata","","populated-place","","","missing","none","","missing","unresolved","","[object Object]","LB-AS|Koura|Kfar_Hata","true"
"LB-LOC-E1A71A9F2936","LB","LB-GOV-NLB","LB-DIST-60A64BA694F5","","","","","Kfar_Hazir","","populated-place","","","missing","none","","missing","unresolved","","[object Object]","LB-AS|Koura|Kfar_Hazir","true"
"LB-LOC-D16985C710F9","LB","LB-GOV-NLB","LB-DIST-60A64BA694F5","","","","","Kfar_Hazir_el-Aala","","populated-place","","","missing","none","","missing","unresolved","","[object Object]","LB-AS|Koura|Kfar_Hazir_el-Aala","true"
"LB-LOC-44C0E3A02D44","LB","LB-GOV-NLB","LB-DIST-60A64BA694F5","","","","","Kfar_Saroun","","populated-place","34.38472264617432","35.87832169759105","repository-reference","per_village_gpkg_extent","","missing","unresolved","","[object Object]","LB-AS|Koura|Kfar_Saroun","true"
"LB-LOC-C995B6F6FD06","LB","LB-GOV-NLB","LB-DIST-60A64BA694F5","","","","","Kousba","","populated-place","34.38532244552574","35.878948563039756","repository-reference","per_village_gpkg_extent","","missing","unresolved","","[object Object]","LB-AS|Koura|Kousba","true"
"LB-LOC-B9828D01BA1D","LB","LB-GOV-NLB","LB-DIST-60A64BA694F5","","","","","Kousba_el-Aala","","populated-place","","","missing","none","","missing","unresolved","","[object Object]","LB-AS|Koura|Kousba_el-Aala","true"
"LB-LOC-0802618D0D7B","LB","LB-GOV-NLB","LB-DIST-60A64BA694F5","","","","","Majdala-KR","","populated-place","34.386543567626674","35.888166012544715","repository-reference","dwg_geometry_cache","","missing","unresolved","","[object Object]","LB-AS|Koura|Majdala-KR","true"
"LB-LOC-CD39165A19C7","LB","LB-GOV-NLB","LB-DIST-60A64BA694F5","","","","","Majdalouna-KR","","populated-place","","","missing","none","","missing","unresolved","","[object Object]","LB-AS|Koura|Majdalouna-KR","true"
"LB-LOC-CA5B8859D4D5","LB","LB-GOV-NLB","LB-DIST-60A64BA694F5","","","","","Mayfouq","","populated-place","","","missing","none","","missing","unresolved","","[object Object]","LB-AS|Koura|Mayfouq","true"
"LB-LOC-8C4301F944C7","LB","LB-GOV-NLB","LB-DIST-60A64BA694F5","","","","","Nahel","","populated-place","","","missing","none","","missing","unresolved","","[object Object]","LB-AS|Koura|Nahel","true"
"LB-LOC-40AA1E76D7AD","LB","LB-GOV-NLB","LB-DIST-60A64BA694F5","","","","","Qelhat","","populated-place","34.38840275224939","35.87704989255355","repository-reference","per_village_gpkg_extent","","missing","unresolved","","[object Object]","LB-AS|Koura|Qelhat","true"
"LB-LOC-AE0D2C2CFD09","LB","LB-GOV-NLB","LB-DIST-60A64BA694F5","","","","","Ras_Masqa-KR","","populated-place","","","missing","none","","missing","unresolved","","[object Object]","LB-AS|Koura|Ras_Masqa-KR","true"
"LB-LOC-111388D320F3","LB","LB-GOV-NLB","LB-DIST-60A64BA694F5","","","","","Zaghrine-KR","","populated-place","","","missing","none","","missing","unresolved","","[object Object]","LB-AS|Koura|Zaghrine-KR","true"
"LB-LOC-534FBC436982","LB","LB-GOV-NLB","LB-DIST-60A64BA694F5","","","","","Zahriye_el-Koura","","populated-place","","","missing","none","","missing","unresolved","","[object Object]","LB-AS|Koura|Zahriye_el-Koura","true"
"LB-LOC-71611EFC1C0F","LB","LB-GOV-NLB","LB-DIST-DF469A1CB1EC","","","","","Aassoun","","populated-place","","","missing","none","","missing","unresolved","","[object Object]","LB-AS|Minieh-Dinniyeh|Aassoun","true"
"LB-LOC-2AF910353280","LB","LB-GOV-NLB","LB-DIST-DF469A1CB1EC","","","","","Afqa-MD","","populated-place","","","missing","none","","missing","unresolved","","[object Object]","LB-AS|Minieh-Dinniyeh|Afqa-MD","true"
"LB-LOC-1801314368C3","LB","LB-GOV-NLB","LB-DIST-DF469A1CB1EC","","","","","Aimar","","populated-place","","","missing","none","","missing","unresolved","","[object Object]","LB-AS|Minieh-Dinniyeh|Aimar","true"
"LB-LOC-1396050BC204","LB","LB-GOV-NLB","LB-DIST-DF469A1CB1EC","","","","","Ain_et-Tineh-MD","","populated-place","","","missing","none","","missing","unresolved","","[object Object]","LB-AS|Minieh-Dinniyeh|Ain_et-Tineh-MD","true"
"LB-LOC-EC8C1901FE75","LB","LB-GOV-NLB","LB-DIST-DF469A1CB1EC","","","","","Aito","","populated-place","","","missing","none","","missing","unresolved","","[object Object]","LB-AS|Minieh-Dinniyeh|Aito","true"
"LB-LOC-E456C43A30F0","LB","LB-GOV-NLB","LB-DIST-DF469A1CB1EC","","","","","Asmout","","populated-place","","","missing","none","","missing","unresolved","","[object Object]","LB-AS|Minieh-Dinniyeh|Asmout","true"
"LB-LOC-D4FAE35183A9","LB","LB-GOV-NLB","LB-DIST-DF469A1CB1EC","","","","","Asnoun","","populated-place","34.38974304704103","35.879975564476425","repository-reference","per_village_gpkg_extent","","missing","unresolved","","[object Object]","LB-AS|Minieh-Dinniyeh|Asnoun","true"
"LB-LOC-055CE5A8264C","LB","LB-GOV-NLB","LB-DIST-DF469A1CB1EC","","","","","Bakhoun","","populated-place","","","missing","none","","missing","unresolved","","[object Object]","LB-AS|Minieh-Dinniyeh|Bakhoun","true"
"LB-LOC-1D1C5BA15009","LB","LB-GOV-NLB","LB-DIST-DF469A1CB1EC","","","","","Bakhoun_el-Aalya","","populated-place","","","missing","none","","missing","unresolved","","[object Object]","LB-AS|Minieh-Dinniyeh|Bakhoun_el-Aalya","true"
"LB-LOC-BA5C6A160BA9","LB","LB-GOV-NLB","LB-DIST-DF469A1CB1EC","","","","","Bchennine-MD","","populated-place","","","missing","none","","missing","unresolved","","[object Object]","LB-AS|Minieh-Dinniyeh|Bchennine-MD","true"
"LB-LOC-458166CFA96F","LB","LB-GOV-NLB","LB-DIST-DF469A1CB1EC","","","","","Bedbhoun","","populated-place","34.38670939160239","35.876554430385575","repository-reference","per_village_gpkg_extent","","missing","unresolved","","[object Object]","LB-AS|Minieh-Dinniyeh|Bedbhoun","true"
"LB-LOC-0612EB479516","LB","LB-GOV-NLB","LB-DIST-DF469A1CB1EC","","","","","Beit_Awkar","","populated-place","","","missing","none","","missing","unresolved","","[object Object]","LB-AS|Minieh-Dinniyeh|Beit_Awkar","true"
"LB-LOC-3F8A4B24BB09","LB","LB-GOV-NLB","LB-DIST-DF469A1CB1EC","","","","","Beit_el-Faqs","","populated-place","","","missing","none","","missing","unresolved","","[object Object]","LB-AS|Minieh-Dinniyeh|Beit_el-Faqs","true"
"LB-LOC-7D7142FAE410","LB","LB-GOV-NLB","LB-DIST-DF469A1CB1EC","","","","","Beit_el-Faqs_el-Aala","","populated-place","","","missing","none","","missing","unresolved","","[object Object]","LB-AS|Minieh-Dinniyeh|Beit_el-Faqs_el-Aala","true"
"LB-LOC-850C6AD1D69D","LB","LB-GOV-NLB","LB-DIST-DF469A1CB1EC","","","","","Beit_el-Maqdess","","populated-place","","","missing","none","","missing","unresolved","","[object Object]","LB-AS|Minieh-Dinniyeh|Beit_el-Maqdess","true"
"LB-LOC-B28FA3743BE6","LB","LB-GOV-NLB","LB-DIST-DF469A1CB1EC","","","","","Bhanine","","populated-place","","","missing","none","","missing","unresolved","","[object Object]","LB-AS|Minieh-Dinniyeh|Bhanine","true"
"LB-LOC-57D00ACE9A7F","LB","LB-GOV-NLB","LB-DIST-DF469A1CB1EC","","","","","Bhwayta","","populated-place","","","missing","none","","missing","unresolved","","[object Object]","LB-AS|Minieh-Dinniyeh|Bhwayta","true"
"LB-LOC-0BDDF6E7930F","LB","LB-GOV-NLB","LB-DIST-DF469A1CB1EC","","","","","Bqaa_Aajnaniya","","populated-place","","","missing","none","","missing","unresolved","","[object Object]","LB-AS|Minieh-Dinniyeh|Bqaa_Aajnaniya","true"
"LB-LOC-EAD6FB33302B","LB","LB-GOV-NLB","LB-DIST-DF469A1CB1EC","","","","","Bqaa_Safrine","","populated-place","","","missing","none","","missing","unresolved","","[object Object]","LB-AS|Minieh-Dinniyeh|Bqaa_Safrine","true"
"LB-LOC-32825CEB0C90","LB","LB-GOV-NLB","LB-DIST-DF469A1CB1EC","","","","","Bqaa_Safrine_el-Aala","","populated-place","","","missing","none","","missing","unresolved","","[object Object]","LB-AS|Minieh-Dinniyeh|Bqaa_Safrine_el-Aala","true"
"LB-LOC-24857DA83289","LB","LB-GOV-NLB","LB-DIST-DF469A1CB1EC","","","","","Bqarzla","","populated-place","","","missing","none","","missing","unresolved","","[object Object]","LB-AS|Minieh-Dinniyeh|Bqarzla","true"
"LB-LOC-794F9510438D","LB","LB-GOV-NLB","LB-DIST-DF469A1CB1EC","","","","","Bteram","","populated-place","34.386908322521904","35.87794777249911","repository-reference","per_village_gpkg_extent","","missing","unresolved","","[object Object]","LB-AS|Minieh-Dinniyeh|Bteram","true"
"LB-LOC-02702866C8FA","LB","LB-GOV-NLB","LB-DIST-DF469A1CB1EC","","","","","Btermaz-MD","","populated-place","","","missing","none","","missing","unresolved","","[object Object]","LB-AS|Minieh-Dinniyeh|Btermaz-MD","true"
"LB-LOC-1AE08584226E","LB","LB-GOV-NLB","LB-DIST-DF469A1CB1EC","","","","","Byada","","populated-place","","","missing","none","","missing","unresolved","","[object Object]","LB-AS|Minieh-Dinniyeh|Byada","true"
"LB-LOC-B7FB5E30D516","LB","LB-GOV-NLB","LB-DIST-DF469A1CB1EC","","","","","Bzaoun","","populated-place","34.38802565939851","35.876366438728475","repository-reference","per_village_gpkg_extent","","missing","unresolved","","[object Object]","LB-AS|Minieh-Dinniyeh|Bzaoun","true"
"LB-LOC-38939270F935","LB","LB-GOV-NLB","LB-DIST-DF469A1CB1EC","","","","","Dbaal","","populated-place","34.32560540291505","35.86534861811186","repository-reference","dwg_geometry_cache","","missing","unresolved","","[object Object]","LB-AS|Minieh-Dinniyeh|Dbaal","true"
"LB-LOC-67D08AC11AF7","LB","LB-GOV-NLB","LB-DIST-DF469A1CB1EC","","","","","Deir_Ammar","","populated-place","34.38310020023086","35.88446615456728","repository-reference","dwg_geometry_cache","","missing","unresolved","","[object Object]","LB-AS|Minieh-Dinniyeh|Deir_Ammar","true"
"LB-LOC-B0E52BB8FC92","LB","LB-GOV-NLB","LB-DIST-DF469A1CB1EC","","","","","Deir_Ammar_el-Aala","","populated-place","","","missing","none","","missing","unresolved","","[object Object]","LB-AS|Minieh-Dinniyeh|Deir_Ammar_el-Aala","true"
"LB-LOC-AD1DE3476829","LB","LB-GOV-NLB","LB-DIST-DF469A1CB1EC","","","","","Dinniyeh","","populated-place","","","missing","none","","missing","unresolved","","[object Object]","LB-AS|Minieh-Dinniyeh|Dinniyeh","true"
"LB-LOC-4D19535AC26D","LB","LB-GOV-NLB","LB-DIST-DF469A1CB1EC","","","","","El_Mrah","","populated-place","","","missing","none","","missing","unresolved","","[object Object]","LB-AS|Minieh-Dinniyeh|El_Mrah","true"
"LB-LOC-6A4CB8101A2A","LB","LB-GOV-NLB","LB-DIST-DF469A1CB1EC","","","","","Haql_el-Alam-MD","","populated-place","","","missing","none","","missing","unresolved","","[object Object]","LB-AS|Minieh-Dinniyeh|Haql_el-Alam-MD","true"
"LB-LOC-8DA01C63E1F9","LB","LB-GOV-NLB","LB-DIST-DF469A1CB1EC","","","","","Haql_el-Azimeh","","populated-place","","","missing","none","","missing","unresolved","","[object Object]","LB-AS|Minieh-Dinniyeh|Haql_el-Azimeh","true"
"LB-LOC-7762A5DD8035","LB","LB-GOV-NLB","LB-DIST-DF469A1CB1EC","","","","","Harf_Siyad","","populated-place","","","missing","none","","missing","unresolved","","[object Object]","LB-AS|Minieh-Dinniyeh|Harf_Siyad","true"
"LB-LOC-42592D009E69","LB","LB-GOV-NLB","LB-DIST-DF469A1CB1EC","","","","","Hawawra","","populated-place","","","missing","none","","missing","unresolved","","[object Object]","LB-AS|Minieh-Dinniyeh|Hawawra","true"
"LB-LOC-8124A76E7021","LB","LB-GOV-NLB","LB-DIST-DF469A1CB1EC","","","","","Hazmieh-MD","","populated-place","","","missing","none","","missing","unresolved","","[object Object]","LB-AS|Minieh-Dinniyeh|Hazmieh-MD","true"
"LB-LOC-E070B7D89649","LB","LB-GOV-NLB","LB-DIST-DF469A1CB1EC","","","","","Ijbaa","","populated-place","","","missing","none","","missing","unresolved","","[object Object]","LB-AS|Minieh-Dinniyeh|Ijbaa","true"
"LB-LOC-A3B5E7D0D97C","LB","LB-GOV-NLB","LB-DIST-DF469A1CB1EC","","","","","Izal","","populated-place","34.3879465004582","35.88066464552318","repository-reference","per_village_gpkg_extent","","missing","unresolved","","[object Object]","LB-AS|Minieh-Dinniyeh|Izal","true"
"LB-LOC-80EF367B93C7","LB","LB-GOV-NLB","LB-DIST-DF469A1CB1EC","","","","","Jisr_el-Minieh","","populated-place","","","missing","none","","missing","unresolved","","[object Object]","LB-AS|Minieh-Dinniyeh|Jisr_el-Minieh","true"
"LB-LOC-F4A6A1D594DF","LB","LB-GOV-NLB","LB-DIST-DF469A1CB1EC","","","","","Kahf_el-Moulouk","","populated-place","","","missing","none","","missing","unresolved","","[object Object]","LB-AS|Minieh-Dinniyeh|Kahf_el-Moulouk","true"
"LB-LOC-FBD2C534EBA8","LB","LB-GOV-NLB","LB-DIST-DF469A1CB1EC","","","","","Karm_el-Mohr","","populated-place","","","missing","none","","missing","unresolved","","[object Object]","LB-AS|Minieh-Dinniyeh|Karm_el-Mohr","true"
"LB-LOC-F816E714D17B","LB","LB-GOV-NLB","LB-DIST-DF469A1CB1EC","","","","","Kfar_Abida","","populated-place","34.38217633101295","35.87401732588669","repository-reference","per_village_gpkg_extent","","missing","unresolved","","[object Object]","LB-AS|Minieh-Dinniyeh|Kfar_Abida","true"
"LB-LOC-662CADCF21E5","LB","LB-GOV-NLB","LB-DIST-DF469A1CB1EC","","","","","Kfar_Chellane","","populated-place","","","missing","none","","missing","unresolved","","[object Object]","LB-AS|Minieh-Dinniyeh|Kfar_Chellane","true"
"LB-LOC-A0A7ACAC1CFD","LB","LB-GOV-NLB","LB-DIST-DF469A1CB1EC","","","","","Kfar_Dlaqous-MD","","populated-place","","","missing","none","","missing","unresolved","","[object Object]","LB-AS|Minieh-Dinniyeh|Kfar_Dlaqous-MD","true"
"LB-LOC-E5A08B75D742","LB","LB-GOV-NLB","LB-DIST-DF469A1CB1EC","","","","","Kfar_Habo","","populated-place","","","missing","none","","missing","unresolved","","[object Object]","LB-AS|Minieh-Dinniyeh|Kfar_Habo","true"
"LB-LOC-442E69161EF9","LB","LB-GOV-NLB","LB-DIST-DF469A1CB1EC","","","","","Kfar_Habou","","populated-place","34.380827420394915","35.88567667644263","repository-reference","dwg_geometry_cache","","missing","unresolved","","[object Object]","LB-AS|Minieh-Dinniyeh|Kfar_Habou","true"
"LB-LOC-6C1D1E946C75","LB","LB-GOV-NLB","LB-DIST-DF469A1CB1EC","","","","","Kfar_Habou_el-Aala","","populated-place","","","missing","none","","missing","unresolved","","[object Object]","LB-AS|Minieh-Dinniyeh|Kfar_Habou_el-Aala","true"
"LB-LOC-482763580E46","LB","LB-GOV-NLB","LB-DIST-DF469A1CB1EC","","","","","Kfray","","populated-place","","","missing","none","","missing","unresolved","","[object Object]","LB-AS|Minieh-Dinniyeh|Kfray","true"
"LB-LOC-89ADDD5223C4","LB","LB-GOV-NLB","LB-DIST-DF469A1CB1EC","","","","","Mar_Semaan-MD","","populated-place","","","missing","none","","missing","unresolved","","[object Object]","LB-AS|Minieh-Dinniyeh|Mar_Semaan-MD","true"
"LB-LOC-C23CEFE7C386","LB","LB-GOV-NLB","LB-DIST-DF469A1CB1EC","","","","","Maryata","","populated-place","","","missing","none","","missing","unresolved","","[object Object]","LB-AS|Minieh-Dinniyeh|Maryata","true"
"LB-LOC-B2E983C94822","LB","LB-GOV-NLB","LB-DIST-DF469A1CB1EC","","","","","Mays_el-Jabal-MD","","populated-place","","","missing","none","","missing","unresolved","","[object Object]","LB-AS|Minieh-Dinniyeh|Mays_el-Jabal-MD","true"
"LB-LOC-00ECEF50D5B3","LB","LB-GOV-NLB","LB-DIST-DF469A1CB1EC","","","","","Mazraat_Balda-MD","","populated-place","","","missing","none","","missing","unresolved","","[object Object]","LB-AS|Minieh-Dinniyeh|Mazraat_Balda-MD","true"
"LB-LOC-97DE94EFE263","LB","LB-GOV-NLB","LB-DIST-DF469A1CB1EC","","","","","Mazraat_Beit_Jaafar","","populated-place","","","missing","none","","missing","unresolved","","[object Object]","LB-AS|Minieh-Dinniyeh|Mazraat_Beit_Jaafar","true"
"LB-LOC-186D61C59A26","LB","LB-GOV-NLB","LB-DIST-DF469A1CB1EC","","","","","Minieh","","populated-place","","","missing","none","","missing","unresolved","","[object Object]","LB-AS|Minieh-Dinniyeh|Minieh","true"
"LB-LOC-C32C109C8E38","LB","LB-GOV-NLB","LB-DIST-DF469A1CB1EC","","","","","Minieh_el-Qadimeh","","populated-place","","","missing","none","","missing","unresolved","","[object Object]","LB-AS|Minieh-Dinniyeh|Minieh_el-Qadimeh","true"
"LB-LOC-72E8DBB17E65","LB","LB-GOV-NLB","LB-DIST-DF469A1CB1EC","","","","","Minieh_es-Sahel","","populated-place","","","missing","none","","missing","unresolved","","[object Object]","LB-AS|Minieh-Dinniyeh|Minieh_es-Sahel","true"
"LB-LOC-9C2FB0A86EA7","LB","LB-GOV-NLB","LB-DIST-DF469A1CB1EC","","","","","Mouhammara","","populated-place","","","missing","none","","missing","unresolved","","[object Object]","LB-AS|Minieh-Dinniyeh|Mouhammara","true"
"LB-LOC-1AB99817D901","LB","LB-GOV-NLB","LB-DIST-DF469A1CB1EC","","","","","Mouhammara_ej-Janoubiye","","populated-place","","","missing","none","","missing","unresolved","","[object Object]","LB-AS|Minieh-Dinniyeh|Mouhammara_ej-Janoubiye","true"
"LB-LOC-D8082B80176D","LB","LB-GOV-NLB","LB-DIST-DF469A1CB1EC","","","","","Mrah_es-Sraj","","populated-place","","","missing","none","","missing","unresolved","","[object Object]","LB-AS|Minieh-Dinniyeh|Mrah_es-Sraj","true"
"LB-LOC-522DEC94081D","LB","LB-GOV-NLB","LB-DIST-DF469A1CB1EC","","","","","Mrah_ez-Ziyat-MD","","populated-place","","","missing","none","","missing","unresolved","","[object Object]","LB-AS|Minieh-Dinniyeh|Mrah_ez-Ziyat-MD","true"
"LB-LOC-F1A99A0404E9","LB","LB-GOV-NLB","LB-DIST-DF469A1CB1EC","","","","","Nbaat_es-Safa","","populated-place","","","missing","none","","missing","unresolved","","[object Object]","LB-AS|Minieh-Dinniyeh|Nbaat_es-Safa","true"
"LB-LOC-8A43B29884F0","LB","LB-GOV-NLB","LB-DIST-DF469A1CB1EC","","","","","Nemmoura","","populated-place","","","missing","none","","missing","unresolved","","[object Object]","LB-AS|Minieh-Dinniyeh|Nemmoura","true"
"LB-LOC-C71A69255E95","LB","LB-GOV-NLB","LB-DIST-DF469A1CB1EC","","","","","Nemrine","","populated-place","","","missing","none","","missing","unresolved","","[object Object]","LB-AS|Minieh-Dinniyeh|Nemrine","true"
"LB-LOC-19B9C973ED96","LB","LB-GOV-NLB","LB-DIST-DF469A1CB1EC","","","","","Qarn_es-Sindyaneh","","populated-place","","","missing","none","","missing","unresolved","","[object Object]","LB-AS|Minieh-Dinniyeh|Qarn_es-Sindyaneh","true"
"LB-LOC-A580022364F4","LB","LB-GOV-NLB","LB-DIST-DF469A1CB1EC","","","","","Qorsayfeh","","populated-place","","","missing","none","","missing","unresolved","","[object Object]","LB-AS|Minieh-Dinniyeh|Qorsayfeh","true"
"LB-LOC-1DC9A00D92FF","LB","LB-GOV-NLB","LB-DIST-DF469A1CB1EC","","","","","Rawdha","","populated-place","","","missing","none","","missing","unresolved","","[object Object]","LB-AS|Minieh-Dinniyeh|Rawdha","true"
"LB-LOC-CBEE069755D6","LB","LB-GOV-NLB","LB-DIST-DF469A1CB1EC","","","","","Safinet_ed-Drayb","","populated-place","","","missing","none","","missing","unresolved","","[object Object]","LB-AS|Minieh-Dinniyeh|Safinet_ed-Drayb","true"
"LB-LOC-161E51852B02","LB","LB-GOV-NLB","LB-DIST-DF469A1CB1EC","","","","","Sir_Ed-Dinniyeh","","populated-place","","","missing","none","","missing","unresolved","","[object Object]","LB-AS|Minieh-Dinniyeh|Sir_Ed-Dinniyeh","true"
"LB-LOC-67B398E449E3","LB","LB-GOV-NLB","LB-DIST-DF469A1CB1EC","","","","","Taran","","populated-place","","","missing","none","","missing","unresolved","","[object Object]","LB-AS|Minieh-Dinniyeh|Taran","true"
"LB-LOC-322FE139E53F","LB","LB-GOV-NLB","LB-DIST-DF469A1CB1EC","","","","","Terbol-MD","","populated-place","","","missing","none","","missing","unresolved","","[object Object]","LB-AS|Minieh-Dinniyeh|Terbol-MD","true"
"LB-LOC-DDE8A415DA0A","LB","LB-GOV-NLB","LB-DIST-DF469A1CB1EC","","","","","Terbol_ed-Dinniyeh","","populated-place","","","missing","none","","missing","unresolved","","[object Object]","LB-AS|Minieh-Dinniyeh|Terbol_ed-Dinniyeh","true"
"LB-LOC-C37D5792F739","LB","LB-GOV-NLB","LB-DIST-DF469A1CB1EC","","","","","Zghortaghrine","","populated-place","","","missing","none","","missing","unresolved","","[object Object]","LB-AS|Minieh-Dinniyeh|Zghortaghrine","true"
"LB-LOC-913BC32591AD","LB","LB-GOV-NLB","LB-DIST-8FCD230CB5F9","","","","","Abi_Samra","","populated-place","","","missing","none","","missing","unresolved","","[object Object]","LB-AS|Tripoli|Abi_Samra","true"
"LB-LOC-8DF43008BC0D","LB","LB-GOV-NLB","LB-DIST-8FCD230CB5F9","","","","","Bab_el-Tebbaneh","","populated-place","","","missing","none","","missing","unresolved","","[object Object]","LB-AS|Tripoli|Bab_el-Tebbaneh","true"
"LB-LOC-3D198A2F90DA","LB","LB-GOV-NLB","LB-DIST-8FCD230CB5F9","","","","","Beddawi","","populated-place","34.382503194743535","35.883836650904136","repository-reference","dwg_geometry_cache","","missing","unresolved","","[object Object]","LB-AS|Tripoli|Beddawi","true"
"LB-LOC-EC6CE376F6D1","LB","LB-GOV-NLB","LB-DIST-8FCD230CB5F9","","","","","Debbiyeh-TR","","populated-place","","","missing","none","","missing","unresolved","","[object Object]","LB-AS|Tripoli|Debbiyeh-TR","true"
"LB-LOC-4EF6B4755117","LB","LB-GOV-NLB","LB-DIST-8FCD230CB5F9","","","","","Dhahr_el-Ain","","populated-place","","","missing","none","","missing","unresolved","","[object Object]","LB-AS|Tripoli|Dhahr_el-Ain","true"
"LB-LOC-EF078DBE927A","LB","LB-GOV-NLB","LB-DIST-8FCD230CB5F9","","","","","El_Mina","","populated-place","","","missing","none","","missing","unresolved","","[object Object]","LB-AS|Tripoli|El_Mina","true"
"LB-LOC-084B5CC4F0AE","LB","LB-GOV-NLB","LB-DIST-8FCD230CB5F9","","","","","El_Qobbeh","","populated-place","","","missing","none","","missing","unresolved","","[object Object]","LB-AS|Tripoli|El_Qobbeh","true"
"LB-LOC-7F63591CA2DB","LB","LB-GOV-NLB","LB-DIST-8FCD230CB5F9","","","","","Koura-TR","","populated-place","","","missing","none","","missing","unresolved","","[object Object]","LB-AS|Tripoli|Koura-TR","true"
"LB-LOC-8DD8DB2741B0","LB","LB-GOV-NLB","LB-DIST-8FCD230CB5F9","","","","","Majdaliyya","","populated-place","","","missing","none","","missing","unresolved","","[object Object]","LB-AS|Tripoli|Majdaliyya","true"
"LB-LOC-678B114CE4A0","LB","LB-GOV-NLB","LB-DIST-8FCD230CB5F9","","","","","Qalamoun","","populated-place","34.383614472580845","35.886446432444394","repository-reference","dwg_geometry_cache","","missing","unresolved","","[object Object]","LB-AS|Tripoli|Qalamoun","true"
"LB-LOC-F644A0487F73","LB","LB-GOV-NLB","LB-DIST-8FCD230CB5F9","","","","","Ras_Masqa","","populated-place","","","missing","none","","missing","unresolved","","[object Object]","LB-AS|Tripoli|Ras_Masqa","true"
"LB-LOC-B4E99070E95F","LB","LB-GOV-NLB","LB-DIST-8FCD230CB5F9","","","","","Tabbiye","","populated-place","","","missing","none","","missing","unresolved","","[object Object]","LB-AS|Tripoli|Tabbiye","true"
"LB-LOC-96D7741CA542","LB","LB-GOV-NLB","LB-DIST-8FCD230CB5F9","","","","","Tripoli","","populated-place","34.393342043011714","35.8804824670068","repository-reference","dwg_geometry_cache","","missing","unresolved","","[object Object]","LB-AS|Tripoli|Tripoli","true"
"LB-LOC-5456D0E5FB4F","LB","LB-GOV-NLB","LB-DIST-8FCD230CB5F9","","","","","Zahrieh","","populated-place","","","missing","none","","missing","unresolved","","[object Object]","LB-AS|Tripoli|Zahrieh","true"
"LB-LOC-41A74B393313","LB","LB-GOV-NLB","LB-DIST-8FCD230CB5F9","","","","","Zahriye_el-Khaldiye","","populated-place","","","missing","none","","missing","unresolved","","[object Object]","LB-AS|Tripoli|Zahriye_el-Khaldiye","true"
"LB-LOC-BD6894016941","LB","LB-GOV-NLB","LB-DIST-669AE13DF731","","","","","Achach","","populated-place","","","missing","none","","missing","unresolved","","[object Object]","LB-AS|Zgharta|Achach","true"
"LB-LOC-B6E7156AD360","LB","LB-GOV-NLB","LB-DIST-669AE13DF731","","","","","Ain_Ibl-ZG","","populated-place","","","missing","none","","missing","unresolved","","[object Object]","LB-AS|Zgharta|Ain_Ibl-ZG","true"
"LB-LOC-6105434B063B","LB","LB-GOV-NLB","LB-DIST-669AE13DF731","","","","","Ain_el-Ghar","","populated-place","","","missing","none","","missing","unresolved","","[object Object]","LB-AS|Zgharta|Ain_el-Ghar","true"
"LB-LOC-94CAF5734A77","LB","LB-GOV-NLB","LB-DIST-669AE13DF731","","","","","Ain_et-Tineh-ZG","","populated-place","","","missing","none","","missing","unresolved","","[object Object]","LB-AS|Zgharta|Ain_et-Tineh-ZG","true"
"LB-LOC-6DF756D430D2","LB","LB-GOV-NLB","LB-DIST-669AE13DF731","","","","","Aito-ZG","","populated-place","","","missing","none","","missing","unresolved","","[object Object]","LB-AS|Zgharta|Aito-ZG","true"
"LB-LOC-57A95141DE62","LB","LB-GOV-NLB","LB-DIST-669AE13DF731","","","","","Alma-ZG","","populated-place","","","missing","none","","missing","unresolved","","[object Object]","LB-AS|Zgharta|Alma-ZG","true"
"LB-LOC-5D849B3D06BA","LB","LB-GOV-NLB","LB-DIST-669AE13DF731","","","","","Arde","","populated-place","34.391533779327546","35.88068490375173","repository-reference","dwg_geometry_cache","","missing","unresolved","","[object Object]","LB-AS|Zgharta|Arde","true"
"LB-LOC-11403FACE021","LB","LB-GOV-NLB","LB-DIST-669AE13DF731","","","","","Aridha","","populated-place","","","missing","none","","missing","unresolved","","[object Object]","LB-AS|Zgharta|Aridha","true"
"LB-LOC-05AC977B7BF4","LB","LB-GOV-NLB","LB-DIST-669AE13DF731","","","","","Arjes","","populated-place","34.32777172429459","35.92636880176121","repository-reference","dwg_geometry_cache","","missing","unresolved","","[object Object]","LB-AS|Zgharta|Arjes","true"
"LB-LOC-40A5D3436106","LB","LB-GOV-NLB","LB-DIST-669AE13DF731","","","","","Azqi","","populated-place","","","missing","none","","missing","unresolved","","[object Object]","LB-AS|Zgharta|Azqi","true"
"LB-LOC-7247D8DC5004","LB","LB-GOV-NLB","LB-DIST-669AE13DF731","","","","","Bchennine","","populated-place","","","missing","none","","missing","unresolved","","[object Object]","LB-AS|Zgharta|Bchennine","true"
"LB-LOC-65F3110D09E4","LB","LB-GOV-NLB","LB-DIST-669AE13DF731","","","","","Beit_Awkar-ZG","","populated-place","","","missing","none","","missing","unresolved","","[object Object]","LB-AS|Zgharta|Beit_Awkar-ZG","true"
"LB-LOC-9BC1F1C3D107","LB","LB-GOV-NLB","LB-DIST-669AE13DF731","","","","","Beit_Layf","","populated-place","","","missing","none","","missing","unresolved","","[object Object]","LB-AS|Zgharta|Beit_Layf","true"
"LB-LOC-BBD480345804","LB","LB-GOV-NLB","LB-DIST-669AE13DF731","","","","","Besarma","","populated-place","34.38702883637352","35.878730647841486","repository-reference","per_village_gpkg_extent","","missing","unresolved","","[object Object]","LB-AS|Zgharta|Besarma","true"
"LB-LOC-394E3EEA41D4","LB","LB-GOV-NLB","LB-DIST-669AE13DF731","","","","","Bnachii","","populated-place","","","missing","none","","missing","unresolved","","[object Object]","LB-AS|Zgharta|Bnachii","true"
"LB-LOC-760AF8949418","LB","LB-GOV-NLB","LB-DIST-669AE13DF731","","","","","Bnqaba","","populated-place","","","missing","none","","missing","unresolved","","[object Object]","LB-AS|Zgharta|Bnqaba","true"
"LB-LOC-D3B2181F67D4","LB","LB-GOV-NLB","LB-DIST-669AE13DF731","","","","","Bqaa_Kafra","","populated-place","","","missing","none","","missing","unresolved","","[object Object]","LB-AS|Zgharta|Bqaa_Kafra","true"
"LB-LOC-AD20B80EB4D3","LB","LB-GOV-NLB","LB-DIST-669AE13DF731","","","","","Bteram-ZG","","populated-place","","","missing","none","","missing","unresolved","","[object Object]","LB-AS|Zgharta|Bteram-ZG","true"
"LB-LOC-76DC92DA325B","LB","LB-GOV-NLB","LB-DIST-669AE13DF731","","","","","Bzeeza","","populated-place","34.38348341540475","35.878054175023706","repository-reference","per_village_gpkg_extent","","missing","unresolved","","[object Object]","LB-AS|Zgharta|Bzeeza","true"
"LB-LOC-EFE229C5999D","LB","LB-GOV-NLB","LB-DIST-669AE13DF731","","","","","Dar_Baachtar","","populated-place","34.38333400325769","35.87737815644409","repository-reference","per_village_gpkg_extent","","missing","unresolved","","[object Object]","LB-AS|Zgharta|Dar_Baachtar","true"
"LB-LOC-6977BD79B648","LB","LB-GOV-NLB","LB-DIST-669AE13DF731","","","","","Ed-Dahr","","populated-place","","","missing","none","","missing","unresolved","","[object Object]","LB-AS|Zgharta|Ed-Dahr","true"
"LB-LOC-1A8E6303B6FA","LB","LB-GOV-NLB","LB-DIST-669AE13DF731","","","","","Ehden","","populated-place","","","missing","none","","missing","unresolved","","[object Object]","LB-AS|Zgharta|Ehden","true"
"LB-LOC-681390899212","LB","LB-GOV-NLB","LB-DIST-669AE13DF731","","","","","El-Bnayeh","","populated-place","","","missing","none","","missing","unresolved","","[object Object]","LB-AS|Zgharta|El-Bnayeh","true"
"LB-LOC-0A5B5D09B978","LB","LB-GOV-NLB","LB-DIST-669AE13DF731","","","","","Fih","","populated-place","","","missing","none","","missing","unresolved","","[object Object]","LB-AS|Zgharta|Fih","true"
"LB-LOC-679E804217F8","LB","LB-GOV-NLB","LB-DIST-669AE13DF731","","","","","Haqel-ZG","","populated-place","","","missing","none","","missing","unresolved","","[object Object]","LB-AS|Zgharta|Haqel-ZG","true"
"LB-LOC-813783416BF4","LB","LB-GOV-NLB","LB-DIST-669AE13DF731","","","","","Hardine-ZG","","populated-place","","","missing","none","","missing","unresolved","","[object Object]","LB-AS|Zgharta|Hardine-ZG","true"
"LB-LOC-8CF55FF28769","LB","LB-GOV-NLB","LB-DIST-669AE13DF731","","","","","Hardine_et-Tahta","","populated-place","","","missing","none","","missing","unresolved","","[object Object]","LB-AS|Zgharta|Hardine_et-Tahta","true"
"LB-LOC-E12234DCFEA7","LB","LB-GOV-NLB","LB-DIST-669AE13DF731","","","","","Harf_Arde","","populated-place","","","missing","none","","missing","unresolved","","[object Object]","LB-AS|Zgharta|Harf_Arde","true"
"LB-LOC-AE6E24E56636","LB","LB-GOV-NLB","LB-DIST-669AE13DF731","","","","","Hasroun-ZG","","populated-place","","","missing","none","","missing","unresolved","","[object Object]","LB-AS|Zgharta|Hasroun-ZG","true"
"LB-LOC-6C15EF605CA9","LB","LB-GOV-NLB","LB-DIST-669AE13DF731","","","","","Karm_Saddeh","","populated-place","34.38490509152916","35.87972835503433","repository-reference","per_village_gpkg_extent","","missing","unresolved","","[object Object]","LB-AS|Zgharta|Karm_Saddeh","true"
"LB-LOC-D5B1902C2BDD","LB","LB-GOV-NLB","LB-DIST-669AE13DF731","","","","","Karm_Saddeh_el-Fawqa","","populated-place","","","missing","none","","missing","unresolved","","[object Object]","LB-AS|Zgharta|Karm_Saddeh_el-Fawqa","true"
"LB-LOC-0E75AE7F8A03","LB","LB-GOV-NLB","LB-DIST-669AE13DF731","","","","","Kfar_Bni","","populated-place","","","missing","none","","missing","unresolved","","[object Object]","LB-AS|Zgharta|Kfar_Bni","true"
"LB-LOC-349F61886340","LB","LB-GOV-NLB","LB-DIST-669AE13DF731","","","","","Kfar_Fou","","populated-place","","","missing","none","","missing","unresolved","","[object Object]","LB-AS|Zgharta|Kfar_Fou","true"
"LB-LOC-1C611348B318","LB","LB-GOV-NLB","LB-DIST-669AE13DF731","","","","","Kfar_Hay-ZG","","populated-place","","","missing","none","","missing","unresolved","","[object Object]","LB-AS|Zgharta|Kfar_Hay-ZG","true"
"LB-LOC-5AB4979ABF11","LB","LB-GOV-NLB","LB-DIST-669AE13DF731","","","","","Kfar_Zina","","populated-place","34.38859061677515","35.879660642717425","repository-reference","per_village_gpkg_extent","","missing","unresolved","","[object Object]","LB-AS|Zgharta|Kfar_Zina","true"
"LB-LOC-5504FEEA05D3","LB","LB-GOV-NLB","LB-DIST-669AE13DF731","","","","","Kfarsghab","","populated-place","34.38577567983185","35.881392132499414","repository-reference","per_village_gpkg_extent","","missing","unresolved","","[object Object]","LB-AS|Zgharta|Kfarsghab","true"
"LB-LOC-7424FF8039BD","LB","LB-GOV-NLB","LB-DIST-669AE13DF731","","","","","Khaldiyeh-ZG","","populated-place","","","missing","none","","missing","unresolved","","[object Object]","LB-AS|Zgharta|Khaldiyeh-ZG","true"
"LB-LOC-FB33E5F8054C","LB","LB-GOV-NLB","LB-DIST-669AE13DF731","","","","","Majdel_Zoun","","populated-place","","","missing","none","","missing","unresolved","","[object Object]","LB-AS|Zgharta|Majdel_Zoun","true"
"LB-LOC-7CC0B010B949","LB","LB-GOV-NLB","LB-DIST-669AE13DF731","","","","","Mazraat_ed-Dahr","","populated-place","","","missing","none","","missing","unresolved","","[object Object]","LB-AS|Zgharta|Mazraat_ed-Dahr","true"
"LB-LOC-BC6F081F37DD","LB","LB-GOV-NLB","LB-DIST-669AE13DF731","","","","","Mazraat_el-Kniseh-ZG","","populated-place","","","missing","none","","missing","unresolved","","[object Object]","LB-AS|Zgharta|Mazraat_el-Kniseh-ZG","true"
"LB-LOC-1F77BD0A0715","LB","LB-GOV-NLB","LB-DIST-669AE13DF731","","","","","Mazraat_et-Tuffah","","populated-place","","","missing","none","","missing","unresolved","","[object Object]","LB-AS|Zgharta|Mazraat_et-Tuffah","true"
"LB-LOC-B16E50B5106C","LB","LB-GOV-NLB","LB-DIST-669AE13DF731","","","","","Metrit","","populated-place","","","missing","none","","missing","unresolved","","[object Object]","LB-AS|Zgharta|Metrit","true"
"LB-LOC-4AED88894B29","LB","LB-GOV-NLB","LB-DIST-669AE13DF731","","","","","Midan","","populated-place","34.484710832521344","36.100218050542885","repository-reference","per_village_gpkg_extent","","missing","unresolved","","[object Object]","LB-AS|Zgharta|Midan","true"
"LB-LOC-6A44CD6ADC22","LB","LB-GOV-NLB","LB-DIST-669AE13DF731","","","","","Mjadel_ez-Zghartawi","","populated-place","","","missing","none","","missing","unresolved","","[object Object]","LB-AS|Zgharta|Mjadel_ez-Zghartawi","true"
"LB-LOC-5093274773CA","LB","LB-GOV-NLB","LB-DIST-669AE13DF731","","","","","Rachein","","populated-place","","","missing","none","","missing","unresolved","","[object Object]","LB-AS|Zgharta|Rachein","true"
"LB-LOC-3F00712DB014","LB","LB-GOV-NLB","LB-DIST-669AE13DF731","","","","","Ras_Nhach","","populated-place","","","missing","none","","missing","unresolved","","[object Object]","LB-AS|Zgharta|Ras_Nhach","true"
"LB-LOC-BB4451F71319","LB","LB-GOV-NLB","LB-DIST-669AE13DF731","","","","","Salima-ZG","","populated-place","","","missing","none","","missing","unresolved","","[object Object]","LB-AS|Zgharta|Salima-ZG","true"
"LB-LOC-64E3F6B108B4","LB","LB-GOV-NLB","LB-DIST-669AE13DF731","","","","","Saraal","","populated-place","","","missing","none","","missing","unresolved","","[object Object]","LB-AS|Zgharta|Saraal","true"
"LB-LOC-75B89AE9A93D","LB","LB-GOV-NLB","LB-DIST-669AE13DF731","","","","","Sebaal","","populated-place","","","missing","none","","missing","unresolved","","[object Object]","LB-AS|Zgharta|Sebaal","true"
"LB-LOC-7FC7AC15BE16","LB","LB-GOV-NLB","LB-DIST-669AE13DF731","","","","","Toula","","populated-place","34.38621339783707","35.88207750783498","repository-reference","per_village_gpkg_extent","","missing","unresolved","","[object Object]","LB-AS|Zgharta|Toula","true"
"LB-LOC-5952EA962196","LB","LB-GOV-NLB","LB-DIST-669AE13DF731","","","","","Toula_el-Janoubiye","","populated-place","","","missing","none","","missing","unresolved","","[object Object]","LB-AS|Zgharta|Toula_el-Janoubiye","true"
"LB-LOC-CF8FB0861635","LB","LB-GOV-NLB","LB-DIST-669AE13DF731","","","","","Zgharta","","populated-place","","","missing","none","","missing","unresolved","","[object Object]","LB-AS|Zgharta|Zgharta","true"
"LB-LOC-2845628E90FE","LB","LB-GOV-BHB","LB-DIST-C18586C49F8C","","","","","Ain_Baal","","populated-place","","","missing","none","","missing","unresolved","","[object Object]","LB-BH|Baalbek|Ain_Baal","true"
"LB-LOC-A719045A7D08","LB","LB-GOV-BHB","LB-DIST-C18586C49F8C","","","","","Ain_Bwurdai","","populated-place","34.35870538657989","35.89079249767312","repository-reference","dwg_geometry_cache","","missing","unresolved","","[object Object]","LB-BH|Baalbek|Ain_Bwurdai","true"
"LB-LOC-B849F8DDC65B","LB","LB-GOV-BHB","LB-DIST-C18586C49F8C","","","","","Ain_el-Burj","","populated-place","","","missing","none","","missing","unresolved","","[object Object]","LB-BH|Baalbek|Ain_el-Burj","true"
"LB-LOC-497916A79523","LB","LB-GOV-BHB","LB-DIST-C18586C49F8C","","","","","Ain_el-Jawzeh","","populated-place","","","missing","none","","missing","unresolved","","[object Object]","LB-BH|Baalbek|Ain_el-Jawzeh","true"
"LB-LOC-C8EB0DF37B15","LB","LB-GOV-BHB","LB-DIST-C18586C49F8C","","","","","Ain_es-Safa","","populated-place","34.549844355116534","36.057903165887964","repository-reference","per_village_gpkg_extent","","missing","unresolved","","[object Object]","LB-BH|Baalbek|Ain_es-Safa","true"
"LB-LOC-BD04AC36BDDF","LB","LB-GOV-BHB","LB-DIST-C18586C49F8C","","","","","Ain_es-Sawda","","populated-place","","","missing","none","","missing","unresolved","","[object Object]","LB-BH|Baalbek|Ain_es-Sawda","true"
"LB-LOC-EF56C00CA3DB","LB","LB-GOV-BHB","LB-DIST-C18586C49F8C","","","","","Ainata-BK","","populated-place","","","missing","none","","missing","unresolved","","[object Object]","LB-BH|Baalbek|Ainata-BK","true"
"LB-LOC-2F96123E5AF9","LB","LB-GOV-BHB","LB-DIST-C18586C49F8C","","","","","Arsal","","populated-place","","","missing","none","","missing","unresolved","","[object Object]","LB-BH|Baalbek|Arsal","true"
"LB-LOC-DA00458EB577","LB","LB-GOV-BHB","LB-DIST-C18586C49F8C","","","","","Arsal_ej-Jnubi","","populated-place","","","missing","none","","missing","unresolved","","[object Object]","LB-BH|Baalbek|Arsal_ej-Jnubi","true"
"LB-LOC-E37234B1976A","LB","LB-GOV-BHB","LB-DIST-C18586C49F8C","","","","","Arsal_el-Fawqa","","populated-place","","","missing","none","","missing","unresolved","","[object Object]","LB-BH|Baalbek|Arsal_el-Fawqa","true"
"LB-LOC-16A2ADFD2936","LB","LB-GOV-BHB","LB-DIST-C18586C49F8C","","","","","Baalbek","","populated-place","34.45023723527322","35.96956892756349","repository-reference","dwg_geometry_cache","","missing","unresolved","","[object Object]","LB-BH|Baalbek|Baalbek","true"
"LB-LOC-42445373F00E","LB","LB-GOV-BHB","LB-DIST-C18586C49F8C","","","","","Baalbek_el-Qalaa","","populated-place","","","missing","none","","missing","unresolved","","[object Object]","LB-BH|Baalbek|Baalbek_el-Qalaa","true"
"LB-LOC-4FEBE9BBCD9B","LB","LB-GOV-BHB","LB-DIST-C18586C49F8C","","","","","Badnayel","","populated-place","","","missing","none","","missing","unresolved","","[object Object]","LB-BH|Baalbek|Badnayel","true"
"LB-LOC-45A9944696A1","LB","LB-GOV-BHB","LB-DIST-C18586C49F8C","","","","","Bala-BK","","populated-place","","","missing","none","","missing","unresolved","","[object Object]","LB-BH|Baalbek|Bala-BK","true"
"LB-LOC-CF89BA3C840D","LB","LB-GOV-BHB","LB-DIST-C18586C49F8C","","","","","Bednayel-BK","","populated-place","","","missing","none","","missing","unresolved","","[object Object]","LB-BH|Baalbek|Bednayel-BK","true"
"LB-LOC-C404DA907C2A","LB","LB-GOV-BHB","LB-DIST-C18586C49F8C","","","","","Beqaa_ech-Chamali","","populated-place","","","missing","none","","missing","unresolved","","[object Object]","LB-BH|Baalbek|Beqaa_ech-Chamali","true"
"LB-LOC-5CD23460EB61","LB","LB-GOV-BHB","LB-DIST-C18586C49F8C","","","","","Boudai","","populated-place","34.36038298898374","35.88668851492454","repository-reference","dwg_geometry_cache","","missing","unresolved","","[object Object]","LB-BH|Baalbek|Boudai","true"
"LB-LOC-16737466B23E","LB","LB-GOV-BHB","LB-DIST-C18586C49F8C","","","","","Boudai_el-Aala","","populated-place","","","missing","none","","missing","unresolved","","[object Object]","LB-BH|Baalbek|Boudai_el-Aala","true"
"LB-LOC-E7664AE20A2F","LB","LB-GOV-BHB","LB-DIST-C18586C49F8C","","","","","Brital","","populated-place","34.5472107626877","36.0476491766769","repository-reference","per_village_gpkg_extent","","missing","unresolved","","[object Object]","LB-BH|Baalbek|Brital","true"
"LB-LOC-899569AA155A","LB","LB-GOV-BHB","LB-DIST-C18586C49F8C","","","","","Brital_el-Aala","","populated-place","","","missing","none","","missing","unresolved","","[object Object]","LB-BH|Baalbek|Brital_el-Aala","true"
"LB-LOC-506F5015D0DF","LB","LB-GOV-BHB","LB-DIST-C18586C49F8C","","","","","Brital_el-Gharbi","","populated-place","","","missing","none","","missing","unresolved","","[object Object]","LB-BH|Baalbek|Brital_el-Gharbi","true"
"LB-LOC-4AFA695C3236","LB","LB-GOV-BHB","LB-DIST-C18586C49F8C","","","","","Btadai","","populated-place","","","missing","none","","missing","unresolved","","[object Object]","LB-BH|Baalbek|Btadai","true"
"LB-LOC-A340BDAD9DAE","LB","LB-GOV-BHB","LB-DIST-C18586C49F8C","","","","","Btedii-BK","","populated-place","","","missing","none","","missing","unresolved","","[object Object]","LB-BH|Baalbek|Btedii-BK","true"
"LB-LOC-AA37B10C66E1","LB","LB-GOV-BHB","LB-DIST-C18586C49F8C","","","","","Bzaliye","","populated-place","","","missing","none","","missing","unresolved","","[object Object]","LB-BH|Baalbek|Bzaliye","true"
"LB-LOC-219A9DE6A313","LB","LB-GOV-BHB","LB-DIST-C18586C49F8C","","","","","Chaath","","populated-place","34.39807533494198","35.887405595717425","repository-reference","dwg_geometry_cache","","missing","unresolved","","[object Object]","LB-BH|Baalbek|Chaath","true"
"LB-LOC-A5440C78009C","LB","LB-GOV-BHB","LB-DIST-C18586C49F8C","","","","","Chemstar","","populated-place","","","missing","none","","missing","unresolved","","[object Object]","LB-BH|Baalbek|Chemstar","true"
"LB-LOC-650D55AFF32F","LB","LB-GOV-BHB","LB-DIST-C18586C49F8C","","","","","Chemstar_el-Gharbi","","populated-place","","","missing","none","","missing","unresolved","","[object Object]","LB-BH|Baalbek|Chemstar_el-Gharbi","true"
"LB-LOC-9997C77A6BD7","LB","LB-GOV-BHB","LB-DIST-C18586C49F8C","","","","","Chlifa","","populated-place","","","missing","none","","missing","unresolved","","[object Object]","LB-BH|Baalbek|Chlifa","true"
"LB-LOC-CBE9B8318937","LB","LB-GOV-BHB","LB-DIST-C18586C49F8C","","","","","Deir_Mar_Maroun","","populated-place","","","missing","none","","missing","unresolved","","[object Object]","LB-BH|Baalbek|Deir_Mar_Maroun","true"
"LB-LOC-181E0ED42EDF","LB","LB-GOV-BHB","LB-DIST-C18586C49F8C","","","","","Deir_Mar_Semaan-BK","","populated-place","","","missing","none","","missing","unresolved","","[object Object]","LB-BH|Baalbek|Deir_Mar_Semaan-BK","true"
"LB-LOC-06F5A3E0623C","LB","LB-GOV-BHB","LB-DIST-C18586C49F8C","","","","","Deir_el-Ahmar","","populated-place","34.36356261819002","35.93104320169006","repository-reference","dwg_geometry_cache","","missing","unresolved","","[object Object]","LB-BH|Baalbek|Deir_el-Ahmar","true"
"LB-LOC-AF3323BA3552","LB","LB-GOV-BHB","LB-DIST-C18586C49F8C","","","","","Deir_el-Ahmar_el-Aala","","populated-place","","","missing","none","","missing","unresolved","","[object Object]","LB-BH|Baalbek|Deir_el-Ahmar_el-Aala","true"
"LB-LOC-99231B04A6D6","LB","LB-GOV-BHB","LB-DIST-C18586C49F8C","","","","","Douris","","populated-place","","","missing","none","","missing","unresolved","","[object Object]","LB-BH|Baalbek|Douris","true"
"LB-LOC-45A7F5165B4B","LB","LB-GOV-BHB","LB-DIST-C18586C49F8C","","","","","Douris_el-Aala","","populated-place","","","missing","none","","missing","unresolved","","[object Object]","LB-BH|Baalbek|Douris_el-Aala","true"
"LB-LOC-FACE4B548AF1","LB","LB-GOV-BHB","LB-DIST-C18586C49F8C","","","","","El-Ain_ech-Chamaliye","","populated-place","","","missing","none","","missing","unresolved","","[object Object]","LB-BH|Baalbek|El-Ain_ech-Chamaliye","true"
"LB-LOC-3171309FE781","LB","LB-GOV-BHB","LB-DIST-C18586C49F8C","","","","","El-Qaa-BK","","populated-place","","","missing","none","","missing","unresolved","","[object Object]","LB-BH|Baalbek|El-Qaa-BK","true"
"LB-LOC-64B78C758F0C","LB","LB-GOV-BHB","LB-DIST-C18586C49F8C","","","","","El_Ain","","populated-place","","","missing","none","","missing","unresolved","","[object Object]","LB-BH|Baalbek|El_Ain","true"
"LB-LOC-81722757DBC8","LB","LB-GOV-BHB","LB-DIST-C18586C49F8C","","","","","El_Fakiha","","populated-place","","","missing","none","","missing","unresolved","","[object Object]","LB-BH|Baalbek|El_Fakiha","true"
"LB-LOC-6DA1A5298CE4","LB","LB-GOV-BHB","LB-DIST-C18586C49F8C","","","","","Fakiha_ej-Janoubiye","","populated-place","","","missing","none","","missing","unresolved","","[object Object]","LB-BH|Baalbek|Fakiha_ej-Janoubiye","true"
"LB-LOC-94A962364DF3","LB","LB-GOV-BHB","LB-DIST-C18586C49F8C","","","","","Fakiha_el-Aala","","populated-place","","","missing","none","","missing","unresolved","","[object Object]","LB-BH|Baalbek|Fakiha_el-Aala","true"
"LB-LOC-28EBA8C3BA44","LB","LB-GOV-BHB","LB-DIST-C18586C49F8C","","","","","Flawi","","populated-place","","","missing","none","","missing","unresolved","","[object Object]","LB-BH|Baalbek|Flawi","true"
"LB-LOC-A9B5E6BA8D25","LB","LB-GOV-BHB","LB-DIST-C18586C49F8C","","","","","Flawi_el-Aala","","populated-place","","","missing","none","","missing","unresolved","","[object Object]","LB-BH|Baalbek|Flawi_el-Aala","true"
"LB-LOC-7DF98A80AEB2","LB","LB-GOV-BHB","LB-DIST-C18586C49F8C","","","","","Harbata","","populated-place","","","missing","none","","missing","unresolved","","[object Object]","LB-BH|Baalbek|Harbata","true"
"LB-LOC-5967016DE974","LB","LB-GOV-BHB","LB-DIST-C18586C49F8C","","","","","Harbqous","","populated-place","","","missing","none","","missing","unresolved","","[object Object]","LB-BH|Baalbek|Harbqous","true"
"LB-LOC-C47D017B3FF5","LB","LB-GOV-BHB","LB-DIST-C18586C49F8C","","","","","Harbqous_ech-Charqi","","populated-place","","","missing","none","","missing","unresolved","","[object Object]","LB-BH|Baalbek|Harbqous_ech-Charqi","true"
"LB-LOC-D6C40B6D5FD9","LB","LB-GOV-BHB","LB-DIST-C18586C49F8C","","","","","Hortaala","","populated-place","","","missing","none","","missing","unresolved","","[object Object]","LB-BH|Baalbek|Hortaala","true"
"LB-LOC-0257405D5CA5","LB","LB-GOV-BHB","LB-DIST-C18586C49F8C","","","","","Houch_Amine","","populated-place","","","missing","none","","missing","unresolved","","[object Object]","LB-BH|Baalbek|Houch_Amine","true"
"LB-LOC-F02050653162","LB","LB-GOV-BHB","LB-DIST-C18586C49F8C","","","","","Houch_Barda-BK","","populated-place","","","missing","none","","missing","unresolved","","[object Object]","LB-BH|Baalbek|Houch_Barda-BK","true"
"LB-LOC-F5CEF4E2E7E1","LB","LB-GOV-BHB","LB-DIST-C18586C49F8C","","","","","Houch_Bkayri","","populated-place","","","missing","none","","missing","unresolved","","[object Object]","LB-BH|Baalbek|Houch_Bkayri","true"
"LB-LOC-618C2C0B5A4D","LB","LB-GOV-BHB","LB-DIST-C18586C49F8C","","","","","Houch_Hala-BK","","populated-place","","","missing","none","","missing","unresolved","","[object Object]","LB-BH|Baalbek|Houch_Hala-BK","true"
"LB-LOC-E1C33EC02456","LB","LB-GOV-BHB","LB-DIST-C18586C49F8C","","","","","Houch_Qaraoun","","populated-place","","","missing","none","","missing","unresolved","","[object Object]","LB-BH|Baalbek|Houch_Qaraoun","true"
"LB-LOC-CA8AED2EFD48","LB","LB-GOV-BHB","LB-DIST-C18586C49F8C","","","","","Houch_Ras_Baalbek","","populated-place","","","missing","none","","missing","unresolved","","[object Object]","LB-BH|Baalbek|Houch_Ras_Baalbek","true"
"LB-LOC-131067EA0704","LB","LB-GOV-BHB","LB-DIST-C18586C49F8C","","","","","Houch_Sneid","","populated-place","","","missing","none","","missing","unresolved","","[object Object]","LB-BH|Baalbek|Houch_Sneid","true"
"LB-LOC-E9B55D163CEB","LB","LB-GOV-BHB","LB-DIST-C18586C49F8C","","","","","Houch_Sneid_el-Aala","","populated-place","","","missing","none","","missing","unresolved","","[object Object]","LB-BH|Baalbek|Houch_Sneid_el-Aala","true"
"LB-LOC-A80645CEB535","LB","LB-GOV-BHB","LB-DIST-C18586C49F8C","","","","","Houch_Surya","","populated-place","","","missing","none","","missing","unresolved","","[object Object]","LB-BH|Baalbek|Houch_Surya","true"
"LB-LOC-8F431D18A7D2","LB","LB-GOV-BHB","LB-DIST-C18586C49F8C","","","","","Houch_Tall_Bira","","populated-place","","","missing","none","","missing","unresolved","","[object Object]","LB-BH|Baalbek|Houch_Tall_Bira","true"
"LB-LOC-6EE3B6D97379","LB","LB-GOV-BHB","LB-DIST-C18586C49F8C","","","","","Houch_Tall_Safiye","","populated-place","","","missing","none","","missing","unresolved","","[object Object]","LB-BH|Baalbek|Houch_Tall_Safiye","true"
"LB-LOC-02A6B99511EA","LB","LB-GOV-BHB","LB-DIST-C18586C49F8C","","","","","Houch_Tall_ed-Dahab","","populated-place","","","missing","none","","missing","unresolved","","[object Object]","LB-BH|Baalbek|Houch_Tall_ed-Dahab","true"
"LB-LOC-A735B7764BF1","LB","LB-GOV-BHB","LB-DIST-C18586C49F8C","","","","","Houch_ed-Dahab","","populated-place","","","missing","none","","missing","unresolved","","[object Object]","LB-BH|Baalbek|Houch_ed-Dahab","true"
"LB-LOC-70769FD74BD6","LB","LB-GOV-BHB","LB-DIST-C18586C49F8C","","","","","Houch_el-Adleh","","populated-place","","","missing","none","","missing","unresolved","","[object Object]","LB-BH|Baalbek|Houch_el-Adleh","true"
"LB-LOC-8F3C6FEC6D88","LB","LB-GOV-BHB","LB-DIST-C18586C49F8C","","","","","Houch_el-Athar","","populated-place","","","missing","none","","missing","unresolved","","[object Object]","LB-BH|Baalbek|Houch_el-Athar","true"
"LB-LOC-15875992B4DF","LB","LB-GOV-BHB","LB-DIST-C18586C49F8C","","","","","Houch_el-Beqaa","","populated-place","","","missing","none","","missing","unresolved","","[object Object]","LB-BH|Baalbek|Houch_el-Beqaa","true"
"LB-LOC-663107C169B9","LB","LB-GOV-BHB","LB-DIST-C18586C49F8C","","","","","Houch_el-Fakiha","","populated-place","","","missing","none","","missing","unresolved","","[object Object]","LB-BH|Baalbek|Houch_el-Fakiha","true"
"LB-LOC-2C440D165DEB","LB","LB-GOV-BHB","LB-DIST-C18586C49F8C","","","","","Houch_el-Ghanam-BK","","populated-place","","","missing","none","","missing","unresolved","","[object Object]","LB-BH|Baalbek|Houch_el-Ghanam-BK","true"
"LB-LOC-B11621C6A281","LB","LB-GOV-BHB","LB-DIST-C18586C49F8C","","","","","Houch_el-Ghazaleh","","populated-place","","","missing","none","","missing","unresolved","","[object Object]","LB-BH|Baalbek|Houch_el-Ghazaleh","true"
"LB-LOC-BD25A28653E5","LB","LB-GOV-BHB","LB-DIST-C18586C49F8C","","","","","Houch_el-Hallan","","populated-place","","","missing","none","","missing","unresolved","","[object Object]","LB-BH|Baalbek|Houch_el-Hallan","true"
"LB-LOC-B80A4CCA03A2","LB","LB-GOV-BHB","LB-DIST-C18586C49F8C","","","","","Houch_el-Harimeh-BK","","populated-place","","","missing","none","","missing","unresolved","","[object Object]","LB-BH|Baalbek|Houch_el-Harimeh-BK","true"
"LB-LOC-ABDE7ECD8E11","LB","LB-GOV-BHB","LB-DIST-C18586C49F8C","","","","","Houch_el-Oumara-BK","","populated-place","","","missing","none","","missing","unresolved","","[object Object]","LB-BH|Baalbek|Houch_el-Oumara-BK","true"
"LB-LOC-6608E5F2B354","LB","LB-GOV-BHB","LB-DIST-C18586C49F8C","","","","","Houch_el-Qannabi","","populated-place","","","missing","none","","missing","unresolved","","[object Object]","LB-BH|Baalbek|Houch_el-Qannabi","true"
"LB-LOC-EA5FA7384652","LB","LB-GOV-BHB","LB-DIST-C18586C49F8C","","","","","Houch_el-Qara","","populated-place","","","missing","none","","missing","unresolved","","[object Object]","LB-BH|Baalbek|Houch_el-Qara","true"
"LB-LOC-1DE75EB6CDF4","LB","LB-GOV-BHB","LB-DIST-C18586C49F8C","","","","","Houch_en-Nabi-BK","","populated-place","","","missing","none","","missing","unresolved","","[object Object]","LB-BH|Baalbek|Houch_en-Nabi-BK","true"
"LB-LOC-C3E7C476D785","LB","LB-GOV-BHB","LB-DIST-C18586C49F8C","","","","","Houch_er-Rafaaiye","","populated-place","","","missing","none","","missing","unresolved","","[object Object]","LB-BH|Baalbek|Houch_er-Rafaaiye","true"
"LB-LOC-23A0CFCF710F","LB","LB-GOV-BHB","LB-DIST-C18586C49F8C","","","","","Houch_er-Rafqa-BK","","populated-place","","","missing","none","","missing","unresolved","","[object Object]","LB-BH|Baalbek|Houch_er-Rafqa-BK","true"
"LB-LOC-11A2A5CDC017","LB","LB-GOV-BHB","LB-DIST-C18586C49F8C","","","","","Houch_es-Sayed","","populated-place","","","missing","none","","missing","unresolved","","[object Object]","LB-BH|Baalbek|Houch_es-Sayed","true"
"LB-LOC-CBC4DECDA738","LB","LB-GOV-BHB","LB-DIST-C18586C49F8C","","","","","Houch_es-Sulh","","populated-place","","","missing","none","","missing","unresolved","","[object Object]","LB-BH|Baalbek|Houch_es-Sulh","true"
"LB-LOC-10D9CED6453C","LB","LB-GOV-BHB","LB-DIST-C18586C49F8C","","","","","Iaat","","populated-place","34.371181544023486","35.88702099836693","repository-reference","dwg_geometry_cache","","missing","unresolved","","[object Object]","LB-BH|Baalbek|Iaat","true"
"LB-LOC-57299BC91CBD","LB","LB-GOV-BHB","LB-DIST-C18586C49F8C","","","","","Iaat_ech-Charqiye","","populated-place","","","missing","none","","missing","unresolved","","[object Object]","LB-BH|Baalbek|Iaat_ech-Charqiye","true"
"LB-LOC-00D6AD0A7A89","LB","LB-GOV-BHB","LB-DIST-C18586C49F8C","","","","","Jboule","","populated-place","","","missing","none","","missing","unresolved","","[object Object]","LB-BH|Baalbek|Jboule","true"
"LB-LOC-BA5C41ACA1F6","LB","LB-GOV-BHB","LB-DIST-C18586C49F8C","","","","","Jdita-BK","","populated-place","","","missing","none","","missing","unresolved","","[object Object]","LB-BH|Baalbek|Jdita-BK","true"
"LB-LOC-4D31892A36C4","LB","LB-GOV-BHB","LB-DIST-C18586C49F8C","","","","","Jenta","","populated-place","34.327726563415396","35.86459695816441","repository-reference","per_village_gpkg_extent","","missing","unresolved","","[object Object]","LB-BH|Baalbek|Jenta","true"
"LB-LOC-62B5EEB25C94","LB","LB-GOV-BHB","LB-DIST-C18586C49F8C","","","","","Kfar_Ay","","populated-place","","","missing","none","","missing","unresolved","","[object Object]","LB-BH|Baalbek|Kfar_Ay","true"
"LB-LOC-C5A1908BEE59","LB","LB-GOV-BHB","LB-DIST-C18586C49F8C","","","","","Kfar_Houne-BK","","populated-place","34.36794296242188","35.8780670537203","repository-reference","dwg_geometry_cache","","missing","unresolved","","[object Object]","LB-BH|Baalbek|Kfar_Houne-BK","true"
"LB-LOC-AAFEDA63A2FF","LB","LB-GOV-BHB","LB-DIST-C18586C49F8C","","","","","Kfarzabad-BK","","populated-place","","","missing","none","","missing","unresolved","","[object Object]","LB-BH|Baalbek|Kfarzabad-BK","true"
"LB-LOC-345BDABF5464","LB","LB-GOV-BHB","LB-DIST-C18586C49F8C","","","","","Labaa-BK","","populated-place","","","missing","none","","missing","unresolved","","[object Object]","LB-BH|Baalbek|Labaa-BK","true"
"LB-LOC-03D96F184E84","LB","LB-GOV-BHB","LB-DIST-C18586C49F8C","","","","","Labweh","","populated-place","34.37986139051794","35.967768756232104","repository-reference","per_village_gpkg_extent","","missing","unresolved","","[object Object]","LB-BH|Baalbek|Labweh","true"
"LB-LOC-9F00CA435E7D","LB","LB-GOV-BHB","LB-DIST-C18586C49F8C","","","","","Labweh_el-Aala","","populated-place","","","missing","none","","missing","unresolved","","[object Object]","LB-BH|Baalbek|Labweh_el-Aala","true"
"LB-LOC-E5E3189D9803","LB","LB-GOV-BHB","LB-DIST-C18586C49F8C","","","","","Labweh_el-Gharbi","","populated-place","","","missing","none","","missing","unresolved","","[object Object]","LB-BH|Baalbek|Labweh_el-Gharbi","true"
"LB-LOC-6C719FE00E9B","LB","LB-GOV-BHB","LB-DIST-C18586C49F8C","","","","","Laqlouq-BK","","populated-place","34.38186728791977","35.966603214283396","repository-reference","per_village_gpkg_extent","","missing","unresolved","","[object Object]","LB-BH|Baalbek|Laqlouq-BK","true"
"LB-LOC-26A70369C1E2","LB","LB-GOV-BHB","LB-DIST-C18586C49F8C","","","","","Maaniye","","populated-place","","","missing","none","","missing","unresolved","","[object Object]","LB-BH|Baalbek|Maaniye","true"
"LB-LOC-9109DBDF45CF","LB","LB-GOV-BHB","LB-DIST-C18586C49F8C","","","","","Macharii_el-Qaa","","populated-place","","","missing","none","","missing","unresolved","","[object Object]","LB-BH|Baalbek|Macharii_el-Qaa","true"
"LB-LOC-AA3BC6224512","LB","LB-GOV-BHB","LB-DIST-C18586C49F8C","","","","","Majdaloun-BK","","populated-place","","","missing","none","","missing","unresolved","","[object Object]","LB-BH|Baalbek|Majdaloun-BK","true"
"LB-LOC-A823B385A7D5","LB","LB-GOV-BHB","LB-DIST-C18586C49F8C","","","","","Mqanneh-BK","","populated-place","","","missing","none","","missing","unresolved","","[object Object]","LB-BH|Baalbek|Mqanneh-BK","true"
"LB-LOC-40AD7354E6B7","LB","LB-GOV-BHB","LB-DIST-C18586C49F8C","","","","","Mqraq_el-Beqaa","","populated-place","","","missing","none","","missing","unresolved","","[object Object]","LB-BH|Baalbek|Mqraq_el-Beqaa","true"
"LB-LOC-EAB5797C5756","LB","LB-GOV-BHB","LB-DIST-C18586C49F8C","","","","","Nabi_Abt","","populated-place","","","missing","none","","missing","unresolved","","[object Object]","LB-BH|Baalbek|Nabi_Abt","true"
"LB-LOC-9C918A7B2BF2","LB","LB-GOV-BHB","LB-DIST-C18586C49F8C","","","","","Nabi_Chet-BK","","populated-place","","","missing","none","","missing","unresolved","","[object Object]","LB-BH|Baalbek|Nabi_Chet-BK","true"
"LB-LOC-64564AB4A055","LB","LB-GOV-BHB","LB-DIST-C18586C49F8C","","","","","Nabi_Osman","","populated-place","","","missing","none","","missing","unresolved","","[object Object]","LB-BH|Baalbek|Nabi_Osman","true"
"LB-LOC-92D5D5072D79","LB","LB-GOV-BHB","LB-DIST-C18586C49F8C","","","","","Nabi_Rshadeh","","populated-place","","","missing","none","","missing","unresolved","","[object Object]","LB-BH|Baalbek|Nabi_Rshadeh","true"
"LB-LOC-92C832700C05","LB","LB-GOV-BHB","LB-DIST-C18586C49F8C","","","","","Nahleh","","populated-place","","","missing","none","","missing","unresolved","","[object Object]","LB-BH|Baalbek|Nahleh","true"
"LB-LOC-91452A63A813","LB","LB-GOV-BHB","LB-DIST-C18586C49F8C","","","","","Nahleh_el-Bqaaiye","","populated-place","","","missing","none","","missing","unresolved","","[object Object]","LB-BH|Baalbek|Nahleh_el-Bqaaiye","true"
"LB-LOC-21FAAC73F881","LB","LB-GOV-BHB","LB-DIST-C18586C49F8C","","","","","Qornayel_ech-Chamali","","populated-place","","","missing","none","","missing","unresolved","","[object Object]","LB-BH|Baalbek|Qornayel_ech-Chamali","true"
"LB-LOC-28DB8BBF0BF8","LB","LB-GOV-BHB","LB-DIST-C18586C49F8C","","","","","Qsarnaba","","populated-place","","","missing","none","","missing","unresolved","","[object Object]","LB-BH|Baalbek|Qsarnaba","true"
"LB-LOC-970D2CE55338","LB","LB-GOV-BHB","LB-DIST-C18586C49F8C","","","","","Qsarnaba_el-Aala","","populated-place","","","missing","none","","missing","unresolved","","[object Object]","LB-BH|Baalbek|Qsarnaba_el-Aala","true"
"LB-LOC-3654ACB9D573","LB","LB-GOV-BHB","LB-DIST-C18586C49F8C","","","","","Ras_Baalbek","","populated-place","","","missing","none","","missing","unresolved","","[object Object]","LB-BH|Baalbek|Ras_Baalbek","true"
"LB-LOC-98A9BCC0153E","LB","LB-GOV-BHB","LB-DIST-C18586C49F8C","","","","","Ras_Baalbek_ech-Charq","","populated-place","","","missing","none","","missing","unresolved","","[object Object]","LB-BH|Baalbek|Ras_Baalbek_ech-Charq","true"
"LB-LOC-B78B157E59EE","LB","LB-GOV-BHB","LB-DIST-C18586C49F8C","","","","","Ras_el-Jabal","","populated-place","","","missing","none","","missing","unresolved","","[object Object]","LB-BH|Baalbek|Ras_el-Jabal","true"
"LB-LOC-BBFE173019AD","LB","LB-GOV-BHB","LB-DIST-C18586C49F8C","","","","","Sabain","","populated-place","","","missing","none","","missing","unresolved","","[object Object]","LB-BH|Baalbek|Sabain","true"
"LB-LOC-D8644786B0BE","LB","LB-GOV-BHB","LB-DIST-C18586C49F8C","","","","","Safa-BK","","populated-place","","","missing","none","","missing","unresolved","","[object Object]","LB-BH|Baalbek|Safa-BK","true"
"LB-LOC-C80BE1750A5D","LB","LB-GOV-BHB","LB-DIST-C18586C49F8C","","","","","Soulan","","populated-place","34.43842733082148","35.96826291378167","repository-reference","dwg_geometry_cache","","missing","unresolved","","[object Object]","LB-BH|Baalbek|Soulan","true"
"LB-LOC-556BAD84906C","LB","LB-GOV-BHB","LB-DIST-C18586C49F8C","","","","","Sraain_el-Fawqa","","populated-place","","","missing","none","","missing","unresolved","","[object Object]","LB-BH|Baalbek|Sraain_el-Fawqa","true"
"LB-LOC-EC4D4FB5CC8E","LB","LB-GOV-BHB","LB-DIST-C18586C49F8C","","","","","Sraain_et-Tahta","","populated-place","","","missing","none","","missing","unresolved","","[object Object]","LB-BH|Baalbek|Sraain_et-Tahta","true"
"LB-LOC-C863BC69D5AB","LB","LB-GOV-BHB","LB-DIST-C18586C49F8C","","","","","Talia","","populated-place","","","missing","none","","missing","unresolved","","[object Object]","LB-BH|Baalbek|Talia","true"
"LB-LOC-5E9C57ACF726","LB","LB-GOV-BHB","LB-DIST-C18586C49F8C","","","","","Talia_el-Aala","","populated-place","","","missing","none","","missing","unresolved","","[object Object]","LB-BH|Baalbek|Talia_el-Aala","true"
"LB-LOC-D03665D04100","LB","LB-GOV-BHB","LB-DIST-C18586C49F8C","","","","","Tariya","","populated-place","","","missing","none","","missing","unresolved","","[object Object]","LB-BH|Baalbek|Tariya","true"
"LB-LOC-762206F7C9FC","LB","LB-GOV-BHB","LB-DIST-C18586C49F8C","","","","","Temnine_el-Fawqa","","populated-place","","","missing","none","","missing","unresolved","","[object Object]","LB-BH|Baalbek|Temnine_el-Fawqa","true"
"LB-LOC-CCAD33B1E7BB","LB","LB-GOV-BHB","LB-DIST-C18586C49F8C","","","","","Temnine_et-Tahta","","populated-place","34.551244115481786","36.05067534265076","repository-reference","per_village_gpkg_extent","","missing","unresolved","","[object Object]","LB-BH|Baalbek|Temnine_et-Tahta","true"
"LB-LOC-09F1A641C214","LB","LB-GOV-BHB","LB-DIST-C18586C49F8C","","","","","Younine","","populated-place","","","missing","none","","missing","unresolved","","[object Object]","LB-BH|Baalbek|Younine","true"
"LB-LOC-BA74FBC829F1","LB","LB-GOV-BHB","LB-DIST-C18586C49F8C","","","","","Younine_el-Aala","","populated-place","","","missing","none","","missing","unresolved","","[object Object]","LB-BH|Baalbek|Younine_el-Aala","true"
"LB-LOC-9FF69EB41D37","LB","LB-GOV-BHB","LB-DIST-C18586C49F8C","","","","","Younine_el-Fawqa-2","","populated-place","","","missing","none","","missing","unresolved","","[object Object]","LB-BH|Baalbek|Younine_el-Fawqa-2","true"
"LB-LOC-536FCA359762","LB","LB-GOV-BHB","LB-DIST-C18586C49F8C","","","","","Zamrani","","populated-place","","","missing","none","","missing","unresolved","","[object Object]","LB-BH|Baalbek|Zamrani","true"
"LB-LOC-18D775595616","LB","LB-GOV-BHB","LB-DIST-C18586C49F8C","","","","","Zboud","","populated-place","","","missing","none","","missing","unresolved","","[object Object]","LB-BH|Baalbek|Zboud","true"
"LB-LOC-3F3945B59B54","LB","LB-GOV-BHB","LB-DIST-C18586C49F8C","","","","","Zboud_el-Aala","","populated-place","","","missing","none","","missing","unresolved","","[object Object]","LB-BH|Baalbek|Zboud_el-Aala","true"
"LB-LOC-5F755176CE6B","LB","LB-GOV-BHB","LB-DIST-7546F9364304","","","","","Ain_ech-Chaara","","populated-place","","","missing","none","","missing","unresolved","","[object Object]","LB-BH|Hermel|Ain_ech-Chaara","true"
"LB-LOC-8DAE415C882D","LB","LB-GOV-BHB","LB-DIST-7546F9364304","","","","","Chaghour","","populated-place","","","missing","none","","missing","unresolved","","[object Object]","LB-BH|Hermel|Chaghour","true"
"LB-LOC-D9CF0826907B","LB","LB-GOV-BHB","LB-DIST-7546F9364304","","","","","Darb_el-Hayreh","","populated-place","","","missing","none","","missing","unresolved","","[object Object]","LB-BH|Hermel|Darb_el-Hayreh","true"
"LB-LOC-4CBE0F2C0C05","LB","LB-GOV-BHB","LB-DIST-7546F9364304","","","","","El-Qaa_el-Aala","","populated-place","","","missing","none","","missing","unresolved","","[object Object]","LB-BH|Hermel|El-Qaa_el-Aala","true"
"LB-LOC-A6D8BAC2F07F","LB","LB-GOV-BHB","LB-DIST-7546F9364304","","","","","El-Qaa_el-Gharbi","","populated-place","","","missing","none","","missing","unresolved","","[object Object]","LB-BH|Hermel|El-Qaa_el-Gharbi","true"
"LB-LOC-520DD3B8AFE5","LB","LB-GOV-BHB","LB-DIST-7546F9364304","","","","","El_Qaa","","populated-place","34.388433176483304","35.89601656487781","repository-reference","per_village_gpkg_extent","","missing","unresolved","","[object Object]","LB-BH|Hermel|El_Qaa","true"
"LB-LOC-D8864F928495","LB","LB-GOV-BHB","LB-DIST-7546F9364304","","","","","Hamra-HE","","populated-place","","","missing","none","","missing","unresolved","","[object Object]","LB-BH|Hermel|Hamra-HE","true"
"LB-LOC-BFE2673B7AFB","LB","LB-GOV-BHB","LB-DIST-7546F9364304","","","","","Haouch_Tala","","populated-place","","","missing","none","","missing","unresolved","","[object Object]","LB-BH|Hermel|Haouch_Tala","true"
"LB-LOC-DA3D55C4AA7C","LB","LB-GOV-BHB","LB-DIST-7546F9364304","","","","","Haouch_Tala_el-Fawqa","","populated-place","","","missing","none","","missing","unresolved","","[object Object]","LB-BH|Hermel|Haouch_Tala_el-Fawqa","true"
"LB-LOC-C0ED5BFCEAB3","LB","LB-GOV-BHB","LB-DIST-7546F9364304","","","","","Hermel","","populated-place","34.39178602266139","35.89276233937195","repository-reference","per_village_gpkg_extent","","missing","unresolved","","[object Object]","LB-BH|Hermel|Hermel","true"
"LB-LOC-D9B0C59F386B","LB","LB-GOV-BHB","LB-DIST-7546F9364304","","","","","Houch_Fakhr_ed-Din","","populated-place","","","missing","none","","missing","unresolved","","[object Object]","LB-BH|Hermel|Houch_Fakhr_ed-Din","true"
"LB-LOC-B95DE691B510","LB","LB-GOV-BHB","LB-DIST-7546F9364304","","","","","Houch_Tall_Bireh","","populated-place","","","missing","none","","missing","unresolved","","[object Object]","LB-BH|Hermel|Houch_Tall_Bireh","true"
"LB-LOC-53BF8732D986","LB","LB-GOV-BHB","LB-DIST-7546F9364304","","","","","Houch_ech-Cheikh","","populated-place","","","missing","none","","missing","unresolved","","[object Object]","LB-BH|Hermel|Houch_ech-Cheikh","true"
"LB-LOC-FF1E983DA509","LB","LB-GOV-BHB","LB-DIST-7546F9364304","","","","","Houch_el-Haymeh","","populated-place","","","missing","none","","missing","unresolved","","[object Object]","LB-BH|Hermel|Houch_el-Haymeh","true"
"LB-LOC-553F50417B00","LB","LB-GOV-BHB","LB-DIST-7546F9364304","","","","","Houch_el-Mounir","","populated-place","","","missing","none","","missing","unresolved","","[object Object]","LB-BH|Hermel|Houch_el-Mounir","true"
"LB-LOC-0E895DE66D7F","LB","LB-GOV-BHB","LB-DIST-7546F9364304","","","","","Houch_el-Qannabi-HE","","populated-place","","","missing","none","","missing","unresolved","","[object Object]","LB-BH|Hermel|Houch_el-Qannabi-HE","true"
"LB-LOC-C8B0D2A53E7D","LB","LB-GOV-BHB","LB-DIST-7546F9364304","","","","","Houch_es-Sayed_Ali-HE","","populated-place","","","missing","none","","missing","unresolved","","[object Object]","LB-BH|Hermel|Houch_es-Sayed_Ali-HE","true"
"LB-LOC-D73D4B1FB4F2","LB","LB-GOV-BHB","LB-DIST-7546F9364304","","","","","Jazira","","populated-place","34.45113018320593","35.965347900101705","repository-reference","per_village_gpkg_extent","","missing","unresolved","","[object Object]","LB-BH|Hermel|Jazira","true"
"LB-LOC-5D2DD5ED821A","LB","LB-GOV-BHB","LB-DIST-7546F9364304","","","","","Kfardane-HE","","populated-place","","","missing","none","","missing","unresolved","","[object Object]","LB-BH|Hermel|Kfardane-HE","true"
"LB-LOC-A759B830D854","LB","LB-GOV-BHB","LB-DIST-7546F9364304","","","","","Khreibeh-HE","","populated-place","","","missing","none","","missing","unresolved","","[object Object]","LB-BH|Hermel|Khreibeh-HE","true"
"LB-LOC-E4042C2407EA","LB","LB-GOV-BHB","LB-DIST-7546F9364304","","","","","Labbaya-HE","","populated-place","","","missing","none","","missing","unresolved","","[object Object]","LB-BH|Hermel|Labbaya-HE","true"
"LB-LOC-6FB03DADBC4F","LB","LB-GOV-BHB","LB-DIST-7546F9364304","","","","","Maaysra-HE","","populated-place","","","missing","none","","missing","unresolved","","[object Object]","LB-BH|Hermel|Maaysra-HE","true"
"LB-LOC-9682F4F96D05","LB","LB-GOV-BHB","LB-DIST-7546F9364304","","","","","Manater","","populated-place","","","missing","none","","missing","unresolved","","[object Object]","LB-BH|Hermel|Manater","true"
"LB-LOC-AF6FF2F7B614","LB","LB-GOV-BHB","LB-DIST-7546F9364304","","","","","Mcherfeh-HE","","populated-place","","","missing","none","","missing","unresolved","","[object Object]","LB-BH|Hermel|Mcherfeh-HE","true"
"LB-LOC-89EAB3DEFDE4","LB","LB-GOV-BHB","LB-DIST-7546F9364304","","","","","Nabi_Saq","","populated-place","","","missing","none","","missing","unresolved","","[object Object]","LB-BH|Hermel|Nabi_Saq","true"
"LB-LOC-065ACE9526FC","LB","LB-GOV-BHB","LB-DIST-7546F9364304","","","","","Qarni","","populated-place","","","missing","none","","missing","unresolved","","[object Object]","LB-BH|Hermel|Qarni","true"
"LB-LOC-1A6CD2C3DF13","LB","LB-GOV-BHB","LB-DIST-7546F9364304","","","","","Qayala","","populated-place","","","missing","none","","missing","unresolved","","[object Object]","LB-BH|Hermel|Qayala","true"
"LB-LOC-079616AC6C26","LB","LB-GOV-BHB","LB-DIST-7546F9364304","","","","","Rweyssat_el-Hermel","","populated-place","","","missing","none","","missing","unresolved","","[object Object]","LB-BH|Hermel|Rweyssat_el-Hermel","true"
"LB-LOC-B9A58C4E478A","LB","LB-GOV-BHB","LB-DIST-7546F9364304","","","","","Shaat","","populated-place","","","missing","none","","missing","unresolved","","[object Object]","LB-BH|Hermel|Shaat","true"
"LB-LOC-DE96D829B85C","LB","LB-GOV-BHB","LB-DIST-7546F9364304","","","","","Shaat_el-Aala","","populated-place","","","missing","none","","missing","unresolved","","[object Object]","LB-BH|Hermel|Shaat_el-Aala","true"
"LB-LOC-766ACEFF3760","LB","LB-GOV-BHB","LB-DIST-7546F9364304","","","","","Wadi_el-Assi","","populated-place","","","missing","none","","missing","unresolved","","[object Object]","LB-BH|Hermel|Wadi_el-Assi","true"
"LB-LOC-3A02F2CCC966","LB","LB-GOV-BHB","LB-DIST-7546F9364304","","","","","Wadi_ez-Zbdani","","populated-place","","","missing","none","","missing","unresolved","","[object Object]","LB-BH|Hermel|Wadi_ez-Zbdani","true"
"LB-LOC-9218F2D04EA1","LB","LB-GOV-BEQ","LB-DIST-5DF05E2B012F","","","","","Ain_Aata","","populated-place","","","missing","none","","missing","unresolved","","[object Object]","LB-BI|Rachaya|Ain_Aata","true"
"LB-LOC-3AFDED5DC8F6","LB","LB-GOV-BEQ","LB-DIST-5DF05E2B012F","","","","","Ain_Aata_el-Fawqa","","populated-place","","","missing","none","","missing","unresolved","","[object Object]","LB-BI|Rachaya|Ain_Aata_el-Fawqa","true"
"LB-LOC-345A54B45F94","LB","LB-GOV-BEQ","LB-DIST-5DF05E2B012F","","","","","Ain_Araba","","populated-place","","","missing","none","","missing","unresolved","","[object Object]","LB-BI|Rachaya|Ain_Araba","true"
"LB-LOC-C19846A680E4","LB","LB-GOV-BEQ","LB-DIST-5DF05E2B012F","","","","","Ain_Harcha","","populated-place","","","missing","none","","missing","unresolved","","[object Object]","LB-BI|Rachaya|Ain_Harcha","true"
"LB-LOC-BFF10A19D0CA","LB","LB-GOV-BEQ","LB-DIST-5DF05E2B012F","","","","","Ain_et-Tineh-RA","","populated-place","","","missing","none","","missing","unresolved","","[object Object]","LB-BI|Rachaya|Ain_et-Tineh-RA","true"
"LB-LOC-7CC6D7417920","LB","LB-GOV-BEQ","LB-DIST-5DF05E2B012F","","","","","Ayha","","populated-place","","","missing","none","","missing","unresolved","","[object Object]","LB-BI|Rachaya|Ayha","true"
"LB-LOC-5ADE16559DC7","LB","LB-GOV-BEQ","LB-DIST-5DF05E2B012F","","","","","Baalbek_el-Foukhar","","populated-place","","","missing","none","","missing","unresolved","","[object Object]","LB-BI|Rachaya|Baalbek_el-Foukhar","true"
"LB-LOC-4481199424C2","LB","LB-GOV-BEQ","LB-DIST-5DF05E2B012F","","","","","Beit_Jinn","","populated-place","","","missing","none","","missing","unresolved","","[object Object]","LB-BI|Rachaya|Beit_Jinn","true"
"LB-LOC-1E228685D766","LB","LB-GOV-BEQ","LB-DIST-5DF05E2B012F","","","","","Beit_Lahia","","populated-place","","","missing","none","","missing","unresolved","","[object Object]","LB-BI|Rachaya|Beit_Lahia","true"
"LB-LOC-758A1EA37372","LB","LB-GOV-BEQ","LB-DIST-5DF05E2B012F","","","","","Beit_Lahia_el-Aala","","populated-place","","","missing","none","","missing","unresolved","","[object Object]","LB-BI|Rachaya|Beit_Lahia_el-Aala","true"
"LB-LOC-D83F4E0A20E7","LB","LB-GOV-BEQ","LB-DIST-5DF05E2B012F","","","","","Bkeifa-RA","","populated-place","","","missing","none","","missing","unresolved","","[object Object]","LB-BI|Rachaya|Bkeifa-RA","true"
"LB-LOC-AA1D52EE210F","LB","LB-GOV-BEQ","LB-DIST-5DF05E2B012F","","","","","Bqaata-RA","","populated-place","","","missing","none","","missing","unresolved","","[object Object]","LB-BI|Rachaya|Bqaata-RA","true"
"LB-LOC-222C1021ACBD","LB","LB-GOV-BEQ","LB-DIST-5DF05E2B012F","","","","","Deir_el-Ashayer","","populated-place","","","missing","none","","missing","unresolved","","[object Object]","LB-BI|Rachaya|Deir_el-Ashayer","true"
"LB-LOC-74CDCDF0682C","LB","LB-GOV-BEQ","LB-DIST-5DF05E2B012F","","","","","Deir_el-Ashayer_el-Fawqa","","populated-place","","","missing","none","","missing","unresolved","","[object Object]","LB-BI|Rachaya|Deir_el-Ashayer_el-Fawqa","true"
"LB-LOC-D344B7ACC318","LB","LB-GOV-BEQ","LB-DIST-5DF05E2B012F","","","","","Deir_el-Qamar-RA","","populated-place","","","missing","none","","missing","unresolved","","[object Object]","LB-BI|Rachaya|Deir_el-Qamar-RA","true"
"LB-LOC-F1B5052E86F0","LB","LB-GOV-BEQ","LB-DIST-5DF05E2B012F","","","","","Fardis-RA","","populated-place","","","missing","none","","missing","unresolved","","[object Object]","LB-BI|Rachaya|Fardis-RA","true"
"LB-LOC-B6CF6282B8F7","LB","LB-GOV-BEQ","LB-DIST-5DF05E2B012F","","","","","Halwa","","populated-place","","","missing","none","","missing","unresolved","","[object Object]","LB-BI|Rachaya|Halwa","true"
"LB-LOC-649E03D38319","LB","LB-GOV-BEQ","LB-DIST-5DF05E2B012F","","","","","Jdeideh-RA","","populated-place","","","missing","none","","missing","unresolved","","[object Object]","LB-BI|Rachaya|Jdeideh-RA","true"
"LB-LOC-C2C24279BE5B","LB","LB-GOV-BEQ","LB-DIST-5DF05E2B012F","","","","","Kawkaba-RA","","populated-place","","","missing","none","","missing","unresolved","","[object Object]","LB-BI|Rachaya|Kawkaba-RA","true"
"LB-LOC-D869DDD95D21","LB","LB-GOV-BEQ","LB-DIST-5DF05E2B012F","","","","","Kawkaba_ech-Charqiye","","populated-place","","","missing","none","","missing","unresolved","","[object Object]","LB-BI|Rachaya|Kawkaba_ech-Charqiye","true"
"LB-LOC-D370F87B2C2C","LB","LB-GOV-BEQ","LB-DIST-5DF05E2B012F","","","","","Kfar_Mashki-RA","","populated-place","","","missing","none","","missing","unresolved","","[object Object]","LB-BI|Rachaya|Kfar_Mashki-RA","true"
"LB-LOC-E7991BC271DE","LB","LB-GOV-BEQ","LB-DIST-5DF05E2B012F","","","","","Kfar_Qouq","","populated-place","","","missing","none","","missing","unresolved","","[object Object]","LB-BI|Rachaya|Kfar_Qouq","true"
"LB-LOC-6CEB011204DC","LB","LB-GOV-BEQ","LB-DIST-5DF05E2B012F","","","","","Kfar_Qouq_el-Aala","","populated-place","","","missing","none","","missing","unresolved","","[object Object]","LB-BI|Rachaya|Kfar_Qouq_el-Aala","true"
"LB-LOC-04F9E64F7B6D","LB","LB-GOV-BEQ","LB-DIST-5DF05E2B012F","","","","","Khalwat_el-Arqoub","","populated-place","","","missing","none","","missing","unresolved","","[object Object]","LB-BI|Rachaya|Khalwat_el-Arqoub","true"
"LB-LOC-FAB2ED1CF42B","LB","LB-GOV-BEQ","LB-DIST-5DF05E2B012F","","","","","Majdal_Shams","","populated-place","","","missing","none","","missing","unresolved","","[object Object]","LB-BI|Rachaya|Majdal_Shams","true"
"LB-LOC-5AC85740FBDB","LB","LB-GOV-BEQ","LB-DIST-5DF05E2B012F","","","","","Majdal_Shams_el-Aala","","populated-place","","","missing","none","","missing","unresolved","","[object Object]","LB-BI|Rachaya|Majdal_Shams_el-Aala","true"
"LB-LOC-15ED5E81AD69","LB","LB-GOV-BEQ","LB-DIST-5DF05E2B012F","","","","","Majdel_Balhess","","populated-place","","","missing","none","","missing","unresolved","","[object Object]","LB-BI|Rachaya|Majdel_Balhess","true"
"LB-LOC-35A4AFD9B9E3","LB","LB-GOV-BEQ","LB-DIST-5DF05E2B012F","","","","","Maymis","","populated-place","","","missing","none","","missing","unresolved","","[object Object]","LB-BI|Rachaya|Maymis","true"
"LB-LOC-108546C91501","LB","LB-GOV-BEQ","LB-DIST-5DF05E2B012F","","","","","Rachaya","","populated-place","","","missing","none","","missing","unresolved","","[object Object]","LB-BI|Rachaya|Rachaya","true"
"LB-LOC-967316020E2C","LB","LB-GOV-BEQ","LB-DIST-5DF05E2B012F","","","","","Rafid","","populated-place","34.44601201482126","35.9625151008126","repository-reference","per_village_gpkg_extent","","missing","unresolved","","[object Object]","LB-BI|Rachaya|Rafid","true"
"LB-LOC-721ACE009ADB","LB","LB-GOV-BEQ","LB-DIST-5DF05E2B012F","","","","","Tannoura-RA","","populated-place","","","missing","none","","missing","unresolved","","[object Object]","LB-BI|Rachaya|Tannoura-RA","true"
"LB-LOC-8AD084FA1EC2","LB","LB-GOV-BEQ","LB-DIST-5DF05E2B012F","","","","","Yanta","","populated-place","","","missing","none","","missing","unresolved","","[object Object]","LB-BI|Rachaya|Yanta","true"
"LB-LOC-BCC2FE5F508B","LB","LB-GOV-BEQ","LB-DIST-4C17E6377320","","","","","Ain_Zebdeh","","populated-place","34.342651577768464","35.873949496476484","repository-reference","per_village_gpkg_extent","","missing","unresolved","","[object Object]","LB-BI|West_Beqaa|Ain_Zebdeh","true"
"LB-LOC-97A4A99E6414","LB","LB-GOV-BEQ","LB-DIST-4C17E6377320","","","","","Ain_et-Tine-WB","","populated-place","","","missing","none","","missing","unresolved","","[object Object]","LB-BI|West_Beqaa|Ain_et-Tine-WB","true"
"LB-LOC-127C10615130","LB","LB-GOV-BEQ","LB-DIST-4C17E6377320","","","","","Aitanit","","populated-place","34.45113018320593","35.965347900101705","repository-reference","per_village_gpkg_extent","","missing","unresolved","","[object Object]","LB-BI|West_Beqaa|Aitanit","true"
"LB-LOC-215AF851115E","LB","LB-GOV-BEQ","LB-DIST-4C17E6377320","","","","","Aitanit_el-Fawqa","","populated-place","","","missing","none","","missing","unresolved","","[object Object]","LB-BI|West_Beqaa|Aitanit_el-Fawqa","true"
"LB-LOC-672342B39272","LB","LB-GOV-BEQ","LB-DIST-4C17E6377320","","","","","Ammiq-WB","","populated-place","","","missing","none","","missing","unresolved","","[object Object]","LB-BI|West_Beqaa|Ammiq-WB","true"
"LB-LOC-BB19FE55CBFA","LB","LB-GOV-BEQ","LB-DIST-4C17E6377320","","","","","Aqbeh-WB","","populated-place","","","missing","none","","missing","unresolved","","[object Object]","LB-BI|West_Beqaa|Aqbeh-WB","true"
"LB-LOC-86F2B8430CCA","LB","LB-GOV-BEQ","LB-DIST-4C17E6377320","","","","","Baaloul","","populated-place","34.45113018320593","35.965347900101705","repository-reference","per_village_gpkg_extent","","missing","unresolved","","[object Object]","LB-BI|West_Beqaa|Baaloul","true"
"LB-LOC-28D12EA76447","LB","LB-GOV-BEQ","LB-DIST-4C17E6377320","","","","","Baloul","","populated-place","","","missing","none","","missing","unresolved","","[object Object]","LB-BI|West_Beqaa|Baloul","true"
"LB-LOC-0A1ACEB0084A","LB","LB-GOV-BEQ","LB-DIST-4C17E6377320","","","","","Baloul_el-Aalya","","populated-place","","","missing","none","","missing","unresolved","","[object Object]","LB-BI|West_Beqaa|Baloul_el-Aalya","true"
"LB-LOC-B292F3586EB3","LB","LB-GOV-BEQ","LB-DIST-4C17E6377320","","","","","Beit_ed-Din-WB","","populated-place","","","missing","none","","missing","unresolved","","[object Object]","LB-BI|West_Beqaa|Beit_ed-Din-WB","true"
"LB-LOC-771CCE9F01F3","LB","LB-GOV-BEQ","LB-DIST-4C17E6377320","","","","","Dalafeh","","populated-place","","","missing","none","","missing","unresolved","","[object Object]","LB-BI|West_Beqaa|Dalafeh","true"
"LB-LOC-D532C39A9B4A","LB","LB-GOV-BEQ","LB-DIST-4C17E6377320","","","","","Deir_ez-Zahrani-WB","","populated-place","","","missing","none","","missing","unresolved","","[object Object]","LB-BI|West_Beqaa|Deir_ez-Zahrani-WB","true"
"LB-LOC-29F7330A515E","LB","LB-GOV-BEQ","LB-DIST-4C17E6377320","","","","","Ghazzeh","","populated-place","34.34907008888854","35.87814408650512","repository-reference","per_village_gpkg_extent","","missing","unresolved","","[object Object]","LB-BI|West_Beqaa|Ghazzeh","true"
"LB-LOC-121D30ADB9F4","LB","LB-GOV-BEQ","LB-DIST-4C17E6377320","","","","","Houch_el-Harimeh-WB","","populated-place","","","missing","none","","missing","unresolved","","[object Object]","LB-BI|West_Beqaa|Houch_el-Harimeh-WB","true"
"LB-LOC-11F0ADABCFDF","LB","LB-GOV-BEQ","LB-DIST-4C17E6377320","","","","","Houch_er-Rafqa-WB","","populated-place","","","missing","none","","missing","unresolved","","[object Object]","LB-BI|West_Beqaa|Houch_er-Rafqa-WB","true"
"LB-LOC-5454E5F046BC","LB","LB-GOV-BEQ","LB-DIST-4C17E6377320","","","","","Jeb_Jannine","","populated-place","34.45113018320593","35.965347900101705","repository-reference","per_village_gpkg_extent","","missing","unresolved","","[object Object]","LB-BI|West_Beqaa|Jeb_Jannine","true"
"LB-LOC-918956C81F0D","LB","LB-GOV-BEQ","LB-DIST-4C17E6377320","","","","","Jeb_Jannine_el-Fawqa","","populated-place","","","missing","none","","missing","unresolved","","[object Object]","LB-BI|West_Beqaa|Jeb_Jannine_el-Fawqa","true"
"LB-LOC-14C2BA4F2509","LB","LB-GOV-BEQ","LB-DIST-4C17E6377320","","","","","Kamed_el-Loz","","populated-place","","","missing","none","","missing","unresolved","","[object Object]","LB-BI|West_Beqaa|Kamed_el-Loz","true"
"LB-LOC-1A9C3D68EBF4","LB","LB-GOV-BEQ","LB-DIST-4C17E6377320","","","","","Kamed_el-Loz_el-Fawqa","","populated-place","","","missing","none","","missing","unresolved","","[object Object]","LB-BI|West_Beqaa|Kamed_el-Loz_el-Fawqa","true"
"LB-LOC-8E20CCDF655E","LB","LB-GOV-BEQ","LB-DIST-4C17E6377320","","","","","Kfar_Houne-WB","","populated-place","","","missing","none","","missing","unresolved","","[object Object]","LB-BI|West_Beqaa|Kfar_Houne-WB","true"
"LB-LOC-DCD71EEB03F8","LB","LB-GOV-BEQ","LB-DIST-4C17E6377320","","","","","Kfardane","","populated-place","34.343145127283265","35.8745457235489","repository-reference","per_village_gpkg_extent","","missing","unresolved","","[object Object]","LB-BI|West_Beqaa|Kfardane","true"
"LB-LOC-1EEC781ADAC1","LB","LB-GOV-BEQ","LB-DIST-4C17E6377320","","","","","Kfrayya","","populated-place","34.45113018320593","35.965347900101705","repository-reference","per_village_gpkg_extent","","missing","unresolved","","[object Object]","LB-BI|West_Beqaa|Kfrayya","true"
"LB-LOC-2E260844FBFC","LB","LB-GOV-BEQ","LB-DIST-4C17E6377320","","","","","Khalwat_Mashghara","","populated-place","","","missing","none","","missing","unresolved","","[object Object]","LB-BI|West_Beqaa|Khalwat_Mashghara","true"
"LB-LOC-D35CCCE6352E","LB","LB-GOV-BEQ","LB-DIST-4C17E6377320","","","","","Khirbet_Qanafar","","populated-place","34.45113018320593","35.965347900101705","repository-reference","per_village_gpkg_extent","","missing","unresolved","","[object Object]","LB-BI|West_Beqaa|Khirbet_Qanafar","true"
"LB-LOC-D682C52AE0F8","LB","LB-GOV-BEQ","LB-DIST-4C17E6377320","","","","","Labbaya","","populated-place","","","missing","none","","missing","unresolved","","[object Object]","LB-BI|West_Beqaa|Labbaya","true"
"LB-LOC-0A42C7CE05AD","LB","LB-GOV-BEQ","LB-DIST-4C17E6377320","","","","","Lala","","populated-place","34.45113018320593","35.965347900101705","repository-reference","per_village_gpkg_extent","","missing","unresolved","","[object Object]","LB-BI|West_Beqaa|Lala","true"
"LB-LOC-64A3EEB6B153","LB","LB-GOV-BEQ","LB-DIST-4C17E6377320","","","","","Manara-WB","","populated-place","","","missing","none","","missing","unresolved","","[object Object]","LB-BI|West_Beqaa|Manara-WB","true"
"LB-LOC-37DE0FD15849","LB","LB-GOV-BEQ","LB-DIST-4C17E6377320","","","","","Marj-WB","","populated-place","34.55836500629782","36.054056291799064","repository-reference","per_village_gpkg_extent","","missing","unresolved","","[object Object]","LB-BI|West_Beqaa|Marj-WB","true"
"LB-LOC-1FC4764EE0DD","LB","LB-GOV-BEQ","LB-DIST-4C17E6377320","","","","","Mashghara","","populated-place","","","missing","none","","missing","unresolved","","[object Object]","LB-BI|West_Beqaa|Mashghara","true"
"LB-LOC-9DECB3A9312B","LB","LB-GOV-BEQ","LB-DIST-4C17E6377320","","","","","Maydoun","","populated-place","","","missing","none","","missing","unresolved","","[object Object]","LB-BI|West_Beqaa|Maydoun","true"
"LB-LOC-D863E9759F1F","LB","LB-GOV-BEQ","LB-DIST-4C17E6377320","","","","","Mcherfeh-WB","","populated-place","","","missing","none","","missing","unresolved","","[object Object]","LB-BI|West_Beqaa|Mcherfeh-WB","true"
"LB-LOC-B27595C2CF1F","LB","LB-GOV-BEQ","LB-DIST-4C17E6377320","","","","","Qalaa-WB","","populated-place","","","missing","none","","missing","unresolved","","[object Object]","LB-BI|West_Beqaa|Qalaa-WB","true"
"LB-LOC-B4FEE6094103","LB","LB-GOV-BEQ","LB-DIST-4C17E6377320","","","","","Qaraoun","","populated-place","","","missing","none","","missing","unresolved","","[object Object]","LB-BI|West_Beqaa|Qaraoun","true"
"LB-LOC-8D7EB3D21ECB","LB","LB-GOV-BEQ","LB-DIST-4C17E6377320","","","","","Qaraoun_el-Fawqa","","populated-place","","","missing","none","","missing","unresolved","","[object Object]","LB-BI|West_Beqaa|Qaraoun_el-Fawqa","true"
"LB-LOC-ED1F6C10E052","LB","LB-GOV-BEQ","LB-DIST-4C17E6377320","","","","","Riha","","populated-place","34.385674632101484","35.886821118889245","repository-reference","dwg_geometry_cache","","missing","unresolved","","[object Object]","LB-BI|West_Beqaa|Riha","true"
"LB-LOC-DB2F69B55526","LB","LB-GOV-BEQ","LB-DIST-4C17E6377320","","","","","Saghbine","","populated-place","34.45113018320593","35.965347900101705","repository-reference","per_village_gpkg_extent","","missing","unresolved","","[object Object]","LB-BI|West_Beqaa|Saghbine","true"
"LB-LOC-3EA2ABBAEDCF","LB","LB-GOV-BEQ","LB-DIST-4C17E6377320","","","","","Sahmor","","populated-place","","","missing","none","","missing","unresolved","","[object Object]","LB-BI|West_Beqaa|Sahmor","true"
"LB-LOC-F60E70D2D03D","LB","LB-GOV-BEQ","LB-DIST-4C17E6377320","","","","","Souayri","","populated-place","","","missing","none","","missing","unresolved","","[object Object]","LB-BI|West_Beqaa|Souayri","true"
"LB-LOC-A2287299FFD7","LB","LB-GOV-BEQ","LB-DIST-4C17E6377320","","","","","Sultan_Yaaqoub","","populated-place","","","missing","none","","missing","unresolved","","[object Object]","LB-BI|West_Beqaa|Sultan_Yaaqoub","true"
"LB-LOC-02432C9CD227","LB","LB-GOV-BEQ","LB-DIST-4C17E6377320","","","","","Yahmar","","populated-place","","","missing","none","","missing","unresolved","","[object Object]","LB-BI|West_Beqaa|Yahmar","true"
"LB-LOC-9A8257372BF1","LB","LB-GOV-BEQ","LB-DIST-44864594B73A","","","","","Ablah","","populated-place","","","missing","none","","missing","unresolved","","[object Object]","LB-BI|Zahle|Ablah","true"
"LB-LOC-BB9F8B826ECE","LB","LB-GOV-BEQ","LB-DIST-44864594B73A","","","","","Ahmar","","populated-place","34.3489553140506","35.88398689026632","repository-reference","dwg_geometry_cache","","missing","unresolved","","[object Object]","LB-BI|Zahle|Ahmar","true"
"LB-LOC-24965909477F","LB","LB-GOV-BEQ","LB-DIST-44864594B73A","","","","","Ain_Kfarzabad","","populated-place","34.55673017439652","36.050371911030076","repository-reference","lebgis_staging_gpkg_extent","","missing","unresolved","","[object Object]","LB-BI|Zahle|Ain_Kfarzabad","true"
"LB-LOC-6C0EAE8E60B2","LB","LB-GOV-BEQ","LB-DIST-44864594B73A","","","","","Ain_el-Haql","","populated-place","","","missing","none","","missing","unresolved","","[object Object]","LB-BI|Zahle|Ain_el-Haql","true"
"LB-LOC-C3502B2F5D6C","LB","LB-GOV-BEQ","LB-DIST-44864594B73A","","","","","Ali_Nahri","","populated-place","34.55261664054862","36.049871519963126","repository-reference","lebgis_staging_gpkg_extent","","missing","unresolved","","[object Object]","LB-BI|Zahle|Ali_Nahri","true"
"LB-LOC-6FC886634497","LB","LB-GOV-BEQ","LB-DIST-44864594B73A","","","","","Anjar","","populated-place","34.45614294773464","35.966791522726055","repository-reference","lebgis_staging_gpkg_extent","","missing","unresolved","","[object Object]","LB-BI|Zahle|Anjar","true"
"LB-LOC-516DD593C651","LB","LB-GOV-BEQ","LB-DIST-44864594B73A","","","","","Bar_Elias","","populated-place","","","missing","none","","missing","unresolved","","[object Object]","LB-BI|Zahle|Bar_Elias","true"
"LB-LOC-ECA3D64FEB80","LB","LB-GOV-BEQ","LB-DIST-44864594B73A","","","","","Bednayel","","populated-place","","","missing","none","","missing","unresolved","","[object Object]","LB-BI|Zahle|Bednayel","true"
"LB-LOC-CE1CA1C25998","LB","LB-GOV-BEQ","LB-DIST-44864594B73A","","","","","Beit_Chama","","populated-place","","","missing","none","","missing","unresolved","","[object Object]","LB-BI|Zahle|Beit_Chama","true"
"LB-LOC-940A2851EAA5","LB","LB-GOV-BEQ","LB-DIST-44864594B73A","","","","","Blat-ZA","","populated-place","","","missing","none","","missing","unresolved","","[object Object]","LB-BI|Zahle|Blat-ZA","true"
"LB-LOC-2969BB28B1AE","LB","LB-GOV-BEQ","LB-DIST-44864594B73A","","","","","Chtaura","","populated-place","","","missing","none","","missing","unresolved","","[object Object]","LB-BI|Zahle|Chtaura","true"
"LB-LOC-CC30A04046DA","LB","LB-GOV-BEQ","LB-DIST-44864594B73A","","","","","Deir_el-Ghazal","","populated-place","","","missing","none","","missing","unresolved","","[object Object]","LB-BI|Zahle|Deir_el-Ghazal","true"
"LB-LOC-8D157619ADC4","LB","LB-GOV-BEQ","LB-DIST-44864594B73A","","","","","Faydha-ZA","","populated-place","","","missing","none","","missing","unresolved","","[object Object]","LB-BI|Zahle|Faydha-ZA","true"
"LB-LOC-FCCB9D81BD86","LB","LB-GOV-BEQ","LB-DIST-44864594B73A","","","","","Ferzol","","populated-place","34.552401686531574","36.05186750947179","repository-reference","lebgis_staging_gpkg_extent","","missing","unresolved","","[object Object]","LB-BI|Zahle|Ferzol","true"
"LB-LOC-86DFBC18FD05","LB","LB-GOV-BEQ","LB-DIST-44864594B73A","","","","","Ferzol_el-Aala","","populated-place","","","missing","none","","missing","unresolved","","[object Object]","LB-BI|Zahle|Ferzol_el-Aala","true"
"LB-LOC-820CA4A47113","LB","LB-GOV-BEQ","LB-DIST-44864594B73A","","","","","Houch_Barda","","populated-place","","","missing","none","","missing","unresolved","","[object Object]","LB-BI|Zahle|Houch_Barda","true"
"LB-LOC-80B853D72B58","LB","LB-GOV-BEQ","LB-DIST-44864594B73A","","","","","Houch_Hala","","populated-place","34.55341979645165","36.05073089929483","repository-reference","lebgis_staging_gpkg_extent","","missing","unresolved","","[object Object]","LB-BI|Zahle|Houch_Hala","true"
"LB-LOC-764D37EA7C8D","LB","LB-GOV-BEQ","LB-DIST-44864594B73A","","","","","Houch_Qammeh","","populated-place","","","missing","none","","missing","unresolved","","[object Object]","LB-BI|Zahle|Houch_Qammeh","true"
"LB-LOC-BFBE32A5BFF4","LB","LB-GOV-BEQ","LB-DIST-44864594B73A","","","","","Houch_el-Ghanam","","populated-place","","","missing","none","","missing","unresolved","","[object Object]","LB-BI|Zahle|Houch_el-Ghanam","true"
"LB-LOC-4AE05F903716","LB","LB-GOV-BEQ","LB-DIST-44864594B73A","","","","","Houch_el-Harimeh","","populated-place","","","missing","none","","missing","unresolved","","[object Object]","LB-BI|Zahle|Houch_el-Harimeh","true"
"LB-LOC-CBD8DD9D6742","LB","LB-GOV-BEQ","LB-DIST-44864594B73A","","","","","Houch_el-Oumara","","populated-place","","","missing","none","","missing","unresolved","","[object Object]","LB-BI|Zahle|Houch_el-Oumara","true"
"LB-LOC-99725332E9EF","LB","LB-GOV-BEQ","LB-DIST-44864594B73A","","","","","Houch_en-Nabi","","populated-place","","","missing","none","","missing","unresolved","","[object Object]","LB-BI|Zahle|Houch_en-Nabi","true"
"LB-LOC-84F6CA3DAFAE","LB","LB-GOV-BEQ","LB-DIST-44864594B73A","","","","","Houch_er-Rafqa","","populated-place","","","missing","none","","missing","unresolved","","[object Object]","LB-BI|Zahle|Houch_er-Rafqa","true"
"LB-LOC-446C703074E3","LB","LB-GOV-BEQ","LB-DIST-44864594B73A","","","","","Ibl_es-Saqi-ZA","","populated-place","","","missing","none","","missing","unresolved","","[object Object]","LB-BI|Zahle|Ibl_es-Saqi-ZA","true"
"LB-LOC-F153CF8C138E","LB","LB-GOV-BEQ","LB-DIST-44864594B73A","","","","","Jalala","","populated-place","","","missing","none","","missing","unresolved","","[object Object]","LB-BI|Zahle|Jalala","true"
"LB-LOC-DE76E8C1ECC1","LB","LB-GOV-BEQ","LB-DIST-44864594B73A","","","","","Jdita","","populated-place","","","missing","none","","missing","unresolved","","[object Object]","LB-BI|Zahle|Jdita","true"
"LB-LOC-6FD2C60C41A5","LB","LB-GOV-BEQ","LB-DIST-44864594B73A","","","","","Jdita_el-Fawqa","","populated-place","","","missing","none","","missing","unresolved","","[object Object]","LB-BI|Zahle|Jdita_el-Fawqa","true"
"LB-LOC-B1A147F8DE68","LB","LB-GOV-BEQ","LB-DIST-44864594B73A","","","","","Karak","","populated-place","","","missing","none","","missing","unresolved","","[object Object]","LB-BI|Zahle|Karak","true"
"LB-LOC-FE9CE73B75CF","LB","LB-GOV-BEQ","LB-DIST-44864594B73A","","","","","Karak-ZA","","populated-place","","","missing","none","","missing","unresolved","","[object Object]","LB-BI|Zahle|Karak-ZA","true"
"LB-LOC-0E3F57A438C2","LB","LB-GOV-BEQ","LB-DIST-44864594B73A","","","","","Kfar_Qouq-ZA","","populated-place","","","missing","none","","missing","unresolved","","[object Object]","LB-BI|Zahle|Kfar_Qouq-ZA","true"
"LB-LOC-81B012AC8AA1","LB","LB-GOV-BEQ","LB-DIST-44864594B73A","","","","","Kfar_Yachoua","","populated-place","","","missing","none","","missing","unresolved","","[object Object]","LB-BI|Zahle|Kfar_Yachoua","true"
"LB-LOC-EABC40AF37AE","LB","LB-GOV-BEQ","LB-DIST-44864594B73A","","","","","Kfarzabad","","populated-place","34.558173242318915","36.051201142038025","repository-reference","lebgis_staging_gpkg_extent","","missing","unresolved","","[object Object]","LB-BI|Zahle|Kfarzabad","true"
"LB-LOC-8C1A87AD7193","LB","LB-GOV-BEQ","LB-DIST-44864594B73A","","","","","Kssara","","populated-place","34.55617553002051","36.0510047439864","repository-reference","lebgis_staging_gpkg_extent","","missing","unresolved","","[object Object]","LB-BI|Zahle|Kssara","true"
"LB-LOC-5CA736E3EBF8","LB","LB-GOV-BEQ","LB-DIST-44864594B73A","","","","","Maallaqa","","populated-place","","","missing","none","","missing","unresolved","","[object Object]","LB-BI|Zahle|Maallaqa","true"
"LB-LOC-5B77A8D783BA","LB","LB-GOV-BEQ","LB-DIST-44864594B73A","","","","","Maallaqa_el-Aalya","","populated-place","","","missing","none","","missing","unresolved","","[object Object]","LB-BI|Zahle|Maallaqa_el-Aalya","true"
"LB-LOC-6B412958E2EA","LB","LB-GOV-BEQ","LB-DIST-44864594B73A","","","","","Majdel_Anjar","","populated-place","","","missing","none","","missing","unresolved","","[object Object]","LB-BI|Zahle|Majdel_Anjar","true"
"LB-LOC-EB9FCDA124CE","LB","LB-GOV-BEQ","LB-DIST-44864594B73A","","","","","Makseh","","populated-place","34.55597809764933","36.05487371443492","repository-reference","lebgis_staging_gpkg_extent","","missing","unresolved","","[object Object]","LB-BI|Zahle|Makseh","true"
"LB-LOC-1B79059F7B62","LB","LB-GOV-BEQ","LB-DIST-44864594B73A","","","","","Manarah-ZA","","populated-place","","","missing","none","","missing","unresolved","","[object Object]","LB-BI|Zahle|Manarah-ZA","true"
"LB-LOC-BC3D682C759A","LB","LB-GOV-BEQ","LB-DIST-44864594B73A","","","","","Nabi_Chet","","populated-place","","","missing","none","","missing","unresolved","","[object Object]","LB-BI|Zahle|Nabi_Chet","true"
"LB-LOC-4CA88E93F91B","LB","LB-GOV-BEQ","LB-DIST-44864594B73A","","","","","Niha-ZA","","populated-place","","","missing","none","","missing","unresolved","","[object Object]","LB-BI|Zahle|Niha-ZA","true"
"LB-LOC-8315876ECF17","LB","LB-GOV-BEQ","LB-DIST-44864594B73A","","","","","Qaa_er-Rim","","populated-place","","","missing","none","","missing","unresolved","","[object Object]","LB-BI|Zahle|Qaa_er-Rim","true"
"LB-LOC-32B61BFE60B4","LB","LB-GOV-BEQ","LB-DIST-44864594B73A","","","","","Qammoua-ZA","","populated-place","","","missing","none","","missing","unresolved","","[object Object]","LB-BI|Zahle|Qammoua-ZA","true"
"LB-LOC-1AE438121144","LB","LB-GOV-BEQ","LB-DIST-44864594B73A","","","","","Qortaba-ZA","","populated-place","","","missing","none","","missing","unresolved","","[object Object]","LB-BI|Zahle|Qortaba-ZA","true"
"LB-LOC-33DCCEC2F233","LB","LB-GOV-BEQ","LB-DIST-44864594B73A","","","","","Raait","","populated-place","","","missing","none","","missing","unresolved","","[object Object]","LB-BI|Zahle|Raait","true"
"LB-LOC-929350D8FDFF","LB","LB-GOV-BEQ","LB-DIST-44864594B73A","","","","","Rawdha-ZA","","populated-place","","","missing","none","","missing","unresolved","","[object Object]","LB-BI|Zahle|Rawdha-ZA","true"
"LB-LOC-68626AD868E3","LB","LB-GOV-BEQ","LB-DIST-44864594B73A","","","","","Riyaq","","populated-place","","","missing","none","","missing","unresolved","","[object Object]","LB-BI|Zahle|Riyaq","true"
"LB-LOC-3CA7DB402E7E","LB","LB-GOV-BEQ","LB-DIST-44864594B73A","","","","","Riyaq_el-Aala","","populated-place","","","missing","none","","missing","unresolved","","[object Object]","LB-BI|Zahle|Riyaq_el-Aala","true"
"LB-LOC-2DDAF1A38357","LB","LB-GOV-BEQ","LB-DIST-44864594B73A","","","","","Saadnayel","","populated-place","","","missing","none","","missing","unresolved","","[object Object]","LB-BI|Zahle|Saadnayel","true"
"LB-LOC-E3A7874589E8","LB","LB-GOV-BEQ","LB-DIST-44864594B73A","","","","","Saadnayel_el-Aala","","populated-place","","","missing","none","","missing","unresolved","","[object Object]","LB-BI|Zahle|Saadnayel_el-Aala","true"
"LB-LOC-1494077E7D77","LB","LB-GOV-BEQ","LB-DIST-44864594B73A","","","","","Sifri","","populated-place","","","missing","none","","missing","unresolved","","[object Object]","LB-BI|Zahle|Sifri","true"
"LB-LOC-61E21D7BEED7","LB","LB-GOV-BEQ","LB-DIST-44864594B73A","","","","","Taalabaya","","populated-place","","","missing","none","","missing","unresolved","","[object Object]","LB-BI|Zahle|Taalabaya","true"
"LB-LOC-03576E4BD9D4","LB","LB-GOV-BEQ","LB-DIST-44864594B73A","","","","","Taanayel","","populated-place","","","missing","none","","missing","unresolved","","[object Object]","LB-BI|Zahle|Taanayel","true"
"LB-LOC-293F33C0C46A","LB","LB-GOV-BEQ","LB-DIST-44864594B73A","","","","","Tawqat","","populated-place","","","missing","none","","missing","unresolved","","[object Object]","LB-BI|Zahle|Tawqat","true"
"LB-LOC-08729326618B","LB","LB-GOV-BEQ","LB-DIST-44864594B73A","","","","","Terbol","","populated-place","","","missing","none","","missing","unresolved","","[object Object]","LB-BI|Zahle|Terbol","true"
"LB-LOC-720C54DF24D6","LB","LB-GOV-BEQ","LB-DIST-44864594B73A","","","","","Wadi_el-Arayech-ZA","","populated-place","34.55184760625296","36.053092250687314","repository-reference","lebgis_staging_gpkg_extent","","missing","unresolved","","[object Object]","LB-BI|Zahle|Wadi_el-Arayech-ZA","true"
"LB-LOC-00CA3CDEEAA2","LB","LB-GOV-BEQ","LB-DIST-44864594B73A","","","","","Zahle","","populated-place","34.46990618719485","36.055599944972","repository-reference","lebgis_staging_gpkg_extent","","missing","unresolved","","[object Object]","LB-BI|Zahle|Zahle","true"
"LB-LOC-69037F655ADE","LB","LB-GOV-BEQ","LB-DIST-44864594B73A","","","","","Zahle_Houch_ez-Zaraaneh","","populated-place","","","missing","none","","missing","unresolved","","[object Object]","LB-BI|Zahle|Zahle_Houch_ez-Zaraaneh","true"
"LB-LOC-85F37169DA73","LB","LB-GOV-BEQ","LB-DIST-44864594B73A","","","","","Zahle_el-Balad","","populated-place","","","missing","none","","missing","unresolved","","[object Object]","LB-BI|Zahle|Zahle_el-Balad","true"
"LB-LOC-E56AB1AE489B","LB","LB-GOV-SLB","LB-DIST-4BAD7915B3FB","","","","","Ain_Majdalein","","populated-place","","","missing","none","","missing","unresolved","","[object Object]","LB-JA|Jezzine|Ain_Majdalein","true"
"LB-LOC-6CEADBA8881F","LB","LB-GOV-SLB","LB-DIST-4BAD7915B3FB","","","","","Ain_Majdalein-JZ","","populated-place","","","missing","none","","missing","unresolved","","[object Object]","LB-JA|Jezzine|Ain_Majdalein-JZ","true"
"LB-LOC-9C3AB261EFBB","LB","LB-GOV-SLB","LB-DIST-4BAD7915B3FB","","","","","Ain_Qanya-JZ","","populated-place","","","missing","none","","missing","unresolved","","[object Object]","LB-JA|Jezzine|Ain_Qanya-JZ","true"
"LB-LOC-71582A5795DC","LB","LB-GOV-SLB","LB-DIST-4BAD7915B3FB","","","","","Ain_el-Mir-JZ","","populated-place","","","missing","none","","missing","unresolved","","[object Object]","LB-JA|Jezzine|Ain_el-Mir-JZ","true"
"LB-LOC-5DBB1E2CF432","LB","LB-GOV-SLB","LB-DIST-4BAD7915B3FB","","","","","Ara_ech-Chamaliye","","populated-place","","","missing","none","","missing","unresolved","","[object Object]","LB-JA|Jezzine|Ara_ech-Chamaliye","true"
"LB-LOC-3F5F358AE491","LB","LB-GOV-SLB","LB-DIST-4BAD7915B3FB","","","","","Areed","","populated-place","","","missing","none","","missing","unresolved","","[object Object]","LB-JA|Jezzine|Areed","true"
"LB-LOC-54DC036B175D","LB","LB-GOV-SLB","LB-DIST-4BAD7915B3FB","","","","","Azour","","populated-place","","","missing","none","","missing","unresolved","","[object Object]","LB-JA|Jezzine|Azour","true"
"LB-LOC-7037B06E06C0","LB","LB-GOV-SLB","LB-DIST-4BAD7915B3FB","","","","","Beit_Idriss","","populated-place","","","missing","none","","missing","unresolved","","[object Object]","LB-JA|Jezzine|Beit_Idriss","true"
"LB-LOC-D0E1C3CC2248","LB","LB-GOV-SLB","LB-DIST-4BAD7915B3FB","","","","","Beit_el-Mir","","populated-place","","","missing","none","","missing","unresolved","","[object Object]","LB-JA|Jezzine|Beit_el-Mir","true"
"LB-LOC-66827D9DC16D","LB","LB-GOV-SLB","LB-DIST-4BAD7915B3FB","","","","","Bisri","","populated-place","","","missing","none","","missing","unresolved","","[object Object]","LB-JA|Jezzine|Bisri","true"
"LB-LOC-C4F8D47052F6","LB","LB-GOV-SLB","LB-DIST-4BAD7915B3FB","","","","","Bkassine","","populated-place","","","missing","none","","missing","unresolved","","[object Object]","LB-JA|Jezzine|Bkassine","true"
"LB-LOC-67ED016E05E6","LB","LB-GOV-SLB","LB-DIST-4BAD7915B3FB","","","","","Bkassine_el-Aala","","populated-place","","","missing","none","","missing","unresolved","","[object Object]","LB-JA|Jezzine|Bkassine_el-Aala","true"
"LB-LOC-514464A682E4","LB","LB-GOV-SLB","LB-DIST-4BAD7915B3FB","","","","","Boureh","","populated-place","","","missing","none","","missing","unresolved","","[object Object]","LB-JA|Jezzine|Boureh","true"
"LB-LOC-8BE01F72BE43","LB","LB-GOV-SLB","LB-DIST-4BAD7915B3FB","","","","","Btater-JZ","","populated-place","","","missing","none","","missing","unresolved","","[object Object]","LB-JA|Jezzine|Btater-JZ","true"
"LB-LOC-D0433AB8E99D","LB","LB-GOV-SLB","LB-DIST-4BAD7915B3FB","","","","","Dhour_Jezzine","","populated-place","","","missing","none","","missing","unresolved","","[object Object]","LB-JA|Jezzine|Dhour_Jezzine","true"
"LB-LOC-1322879BC7F4","LB","LB-GOV-SLB","LB-DIST-4BAD7915B3FB","","","","","El-Harf","","populated-place","","","missing","none","","missing","unresolved","","[object Object]","LB-JA|Jezzine|El-Harf","true"
"LB-LOC-A16B872AA5A2","LB","LB-GOV-SLB","LB-DIST-4BAD7915B3FB","","","","","Hamlaya-JZ","","populated-place","","","missing","none","","missing","unresolved","","[object Object]","LB-JA|Jezzine|Hamlaya-JZ","true"
"LB-LOC-13519382C03C","LB","LB-GOV-SLB","LB-DIST-4BAD7915B3FB","","","","","Haret_Jezzine","","populated-place","","","missing","none","","missing","unresolved","","[object Object]","LB-JA|Jezzine|Haret_Jezzine","true"
"LB-LOC-BFEAF296D684","LB","LB-GOV-SLB","LB-DIST-4BAD7915B3FB","","","","","Hasbaya_Jezzine","","populated-place","","","missing","none","","missing","unresolved","","[object Object]","LB-JA|Jezzine|Hasbaya_Jezzine","true"
"LB-LOC-81A2A2C6261D","LB","LB-GOV-SLB","LB-DIST-4BAD7915B3FB","","","","","Haydab","","populated-place","","","missing","none","","missing","unresolved","","[object Object]","LB-JA|Jezzine|Haydab","true"
"LB-LOC-CC84A2BB96A6","LB","LB-GOV-SLB","LB-DIST-4BAD7915B3FB","","","","","Houmine","","populated-place","34.35523041878522","35.917274565276685","repository-reference","lebgis_staging_gpkg_extent","","missing","unresolved","","[object Object]","LB-JA|Jezzine|Houmine","true"
"LB-LOC-CC9A799DBFCD","LB","LB-GOV-SLB","LB-DIST-4BAD7915B3FB","","","","","Jarmuq","","populated-place","","","missing","none","","missing","unresolved","","[object Object]","LB-JA|Jezzine|Jarmuq","true"
"LB-LOC-2DAB920FF031","LB","LB-GOV-SLB","LB-DIST-4BAD7915B3FB","","","","","Jezzine","","populated-place","","","missing","none","","missing","unresolved","","[object Object]","LB-JA|Jezzine|Jezzine","true"
"LB-LOC-BFC75A8E957A","LB","LB-GOV-SLB","LB-DIST-4BAD7915B3FB","","","","","Kfar_Faqoud-JZ","","populated-place","","","missing","none","","missing","unresolved","","[object Object]","LB-JA|Jezzine|Kfar_Faqoud-JZ","true"
"LB-LOC-D208AC02B792","LB","LB-GOV-SLB","LB-DIST-4BAD7915B3FB","","","","","Kfar_Houne-JZ","","populated-place","","","missing","none","","missing","unresolved","","[object Object]","LB-JA|Jezzine|Kfar_Houne-JZ","true"
"LB-LOC-AF01215FA72A","LB","LB-GOV-SLB","LB-DIST-4BAD7915B3FB","","","","","Kfar_Jouz-JZ","","populated-place","","","missing","none","","missing","unresolved","","[object Object]","LB-JA|Jezzine|Kfar_Jouz-JZ","true"
"LB-LOC-28EFB4C92F12","LB","LB-GOV-SLB","LB-DIST-4BAD7915B3FB","","","","","Lebaa-JZ","","populated-place","","","missing","none","","missing","unresolved","","[object Object]","LB-JA|Jezzine|Lebaa-JZ","true"
"LB-LOC-DE8DC1213622","LB","LB-GOV-SLB","LB-DIST-4BAD7915B3FB","","","","","Maaseriti","","populated-place","","","missing","none","","missing","unresolved","","[object Object]","LB-JA|Jezzine|Maaseriti","true"
"LB-LOC-F0742AE90A44","LB","LB-GOV-SLB","LB-DIST-4BAD7915B3FB","","","","","Machmoucheh","","populated-place","","","missing","none","","missing","unresolved","","[object Object]","LB-JA|Jezzine|Machmoucheh","true"
"LB-LOC-1573AD221360","LB","LB-GOV-SLB","LB-DIST-4BAD7915B3FB","","","","","Machouq","","populated-place","","","missing","none","","missing","unresolved","","[object Object]","LB-JA|Jezzine|Machouq","true"
"LB-LOC-E8C5447F2116","LB","LB-GOV-SLB","LB-DIST-4BAD7915B3FB","","","","","Machouq_el-Aala","","populated-place","","","missing","none","","missing","unresolved","","[object Object]","LB-JA|Jezzine|Machouq_el-Aala","true"
"LB-LOC-6A1E73483E3A","LB","LB-GOV-SLB","LB-DIST-4BAD7915B3FB","","","","","Madirej-JZ","","populated-place","","","missing","none","","missing","unresolved","","[object Object]","LB-JA|Jezzine|Madirej-JZ","true"
"LB-LOC-BC22B6E38E80","LB","LB-GOV-SLB","LB-DIST-4BAD7915B3FB","","","","","Marj_ez-Zaatar","","populated-place","","","missing","none","","missing","unresolved","","[object Object]","LB-JA|Jezzine|Marj_ez-Zaatar","true"
"LB-LOC-67B0C84EDF8B","LB","LB-GOV-SLB","LB-DIST-4BAD7915B3FB","","","","","Mdawkha","","populated-place","","","missing","none","","missing","unresolved","","[object Object]","LB-JA|Jezzine|Mdawkha","true"
"LB-LOC-7E88EFC96509","LB","LB-GOV-SLB","LB-DIST-4BAD7915B3FB","","","","","Midan-JZ","","populated-place","","","missing","none","","missing","unresolved","","[object Object]","LB-JA|Jezzine|Midan-JZ","true"
"LB-LOC-1BE13EBB0B41","LB","LB-GOV-SLB","LB-DIST-4BAD7915B3FB","","","","","Moustaytia","","populated-place","","","missing","none","","missing","unresolved","","[object Object]","LB-JA|Jezzine|Moustaytia","true"
"LB-LOC-A003060C9FE6","LB","LB-GOV-SLB","LB-DIST-4BAD7915B3FB","","","","","Niha_Jezzine","","populated-place","","","missing","none","","missing","unresolved","","[object Object]","LB-JA|Jezzine|Niha_Jezzine","true"
"LB-LOC-50964D8EC155","LB","LB-GOV-SLB","LB-DIST-4BAD7915B3FB","","","","","Qattin","","populated-place","34.34143705325722","35.870308304973946","repository-reference","lebgis_staging_gpkg_extent","","missing","unresolved","","[object Object]","LB-JA|Jezzine|Qattin","true"
"LB-LOC-A8899A087182","LB","LB-GOV-SLB","LB-DIST-4BAD7915B3FB","","","","","Qytouleh","","populated-place","","","missing","none","","missing","unresolved","","[object Object]","LB-JA|Jezzine|Qytouleh","true"
"LB-LOC-4276E5D509EB","LB","LB-GOV-SLB","LB-DIST-4BAD7915B3FB","","","","","Qytouleh_el-Aala","","populated-place","","","missing","none","","missing","unresolved","","[object Object]","LB-JA|Jezzine|Qytouleh_el-Aala","true"
"LB-LOC-2679C3D384C7","LB","LB-GOV-SLB","LB-DIST-4BAD7915B3FB","","","","","Roum","","populated-place","34.45629696912805","35.966809066525954","repository-reference","lebgis_staging_gpkg_extent","","missing","unresolved","","[object Object]","LB-JA|Jezzine|Roum","true"
"LB-LOC-F82081359B99","LB","LB-GOV-SLB","LB-DIST-4BAD7915B3FB","","","","","Roum_el-Aala","","populated-place","","","missing","none","","missing","unresolved","","[object Object]","LB-JA|Jezzine|Roum_el-Aala","true"
"LB-LOC-C2D01C4EC24F","LB","LB-GOV-SLB","LB-DIST-4BAD7915B3FB","","","","","Sarba_Jezzine","","populated-place","","","missing","none","","missing","unresolved","","[object Object]","LB-JA|Jezzine|Sarba_Jezzine","true"
"LB-LOC-A82EB9A0216E","LB","LB-GOV-SLB","LB-DIST-4BAD7915B3FB","","","","","Snawbar","","populated-place","","","missing","none","","missing","unresolved","","[object Object]","LB-JA|Jezzine|Snawbar","true"
"LB-LOC-CD1C7158A7CD","LB","LB-GOV-SLB","LB-DIST-4BAD7915B3FB","","","","","Snayya","","populated-place","","","missing","none","","missing","unresolved","","[object Object]","LB-JA|Jezzine|Snayya","true"
"LB-LOC-70B3934A78BF","LB","LB-GOV-SLB","LB-DIST-4BAD7915B3FB","","","","","Wadi_Jezzine","","populated-place","","","missing","none","","missing","unresolved","","[object Object]","LB-JA|Jezzine|Wadi_Jezzine","true"
"LB-LOC-0240DF3D5819","LB","LB-GOV-SLB","LB-DIST-AE5723C639E4","","","","","Aawali","","populated-place","","","missing","none","","missing","unresolved","","[object Object]","LB-JA|Sidon_Saida|Aawali","true"
"LB-LOC-5AB576C6AE0C","LB","LB-GOV-SLB","LB-DIST-AE5723C639E4","","","","","Abra","","populated-place","","","missing","none","","missing","unresolved","","[object Object]","LB-JA|Sidon_Saida|Abra","true"
"LB-LOC-0252E1CBD071","LB","LB-GOV-SLB","LB-DIST-AE5723C639E4","","","","","Abra_el-Fawqa","","populated-place","","","missing","none","","missing","unresolved","","[object Object]","LB-JA|Sidon_Saida|Abra_el-Fawqa","true"
"LB-LOC-2080563D88EC","LB","LB-GOV-SLB","LB-DIST-AE5723C639E4","","","","","Adloun","","populated-place","34.78642022483573","36.09576950637487","repository-reference","dwg_geometry_cache","","missing","unresolved","","[object Object]","LB-JA|Sidon_Saida|Adloun","true"
"LB-LOC-7291448E9594","LB","LB-GOV-SLB","LB-DIST-AE5723C639E4","","","","","Ain_el-Hilweh","","populated-place","","","missing","none","","missing","unresolved","","[object Object]","LB-JA|Sidon_Saida|Ain_el-Hilweh","true"
"LB-LOC-2E6F0CD56D98","LB","LB-GOV-SLB","LB-DIST-AE5723C639E4","","","","","Anqoun","","populated-place","","","missing","none","","missing","unresolved","","[object Object]","LB-JA|Sidon_Saida|Anqoun","true"
"LB-LOC-445878A2CDF1","LB","LB-GOV-SLB","LB-DIST-AE5723C639E4","","","","","Awwal","","populated-place","","","missing","none","","missing","unresolved","","[object Object]","LB-JA|Sidon_Saida|Awwal","true"
"LB-LOC-F98E872AC249","LB","LB-GOV-SLB","LB-DIST-AE5723C639E4","","","","","Babliyeh","","populated-place","","","missing","none","","missing","unresolved","","[object Object]","LB-JA|Sidon_Saida|Babliyeh","true"
"LB-LOC-C8486527599B","LB","LB-GOV-SLB","LB-DIST-AE5723C639E4","","","","","Bass","","populated-place","","","missing","none","","missing","unresolved","","[object Object]","LB-JA|Sidon_Saida|Bass","true"
"LB-LOC-D1DEE12C4F1A","LB","LB-GOV-SLB","LB-DIST-AE5723C639E4","","","","","Bqosta","","populated-place","","","missing","none","","missing","unresolved","","[object Object]","LB-JA|Sidon_Saida|Bqosta","true"
"LB-LOC-CC6194D7CC94","LB","LB-GOV-SLB","LB-DIST-AE5723C639E4","","","","","Bramiyeh","","populated-place","","","missing","none","","missing","unresolved","","[object Object]","LB-JA|Sidon_Saida|Bramiyeh","true"
"LB-LOC-76B94CCA0A5C","LB","LB-GOV-SLB","LB-DIST-AE5723C639E4","","","","","Charhabil","","populated-place","","","missing","none","","missing","unresolved","","[object Object]","LB-JA|Sidon_Saida|Charhabil","true"
"LB-LOC-0EE6FDE171DA","LB","LB-GOV-SLB","LB-DIST-AE5723C639E4","","","","","Chhour","","populated-place","","","missing","none","","missing","unresolved","","[object Object]","LB-JA|Sidon_Saida|Chhour","true"
"LB-LOC-1074A9F302D8","LB","LB-GOV-SLB","LB-DIST-AE5723C639E4","","","","","Dar_Ain","","populated-place","","","missing","none","","missing","unresolved","","[object Object]","LB-JA|Sidon_Saida|Dar_Ain","true"
"LB-LOC-630B70F1A5D2","LB","LB-GOV-SLB","LB-DIST-AE5723C639E4","","","","","Darb_el-Sim","","populated-place","","","missing","none","","missing","unresolved","","[object Object]","LB-JA|Sidon_Saida|Darb_el-Sim","true"
"LB-LOC-72B4527CBF50","LB","LB-GOV-SLB","LB-DIST-AE5723C639E4","","","","","Dawayer-SD","","populated-place","","","missing","none","","missing","unresolved","","[object Object]","LB-JA|Sidon_Saida|Dawayer-SD","true"
"LB-LOC-98476D0AC298","LB","LB-GOV-SLB","LB-DIST-AE5723C639E4","","","","","Filiye","","populated-place","","","missing","none","","missing","unresolved","","[object Object]","LB-JA|Sidon_Saida|Filiye","true"
"LB-LOC-496334972C9A","LB","LB-GOV-SLB","LB-DIST-AE5723C639E4","","","","","Ghaziyeh","","populated-place","","","missing","none","","missing","unresolved","","[object Object]","LB-JA|Sidon_Saida|Ghaziyeh","true"
"LB-LOC-7396DCB3B4F1","LB","LB-GOV-SLB","LB-DIST-AE5723C639E4","","","","","Halab_el-Aalya","","populated-place","","","missing","none","","missing","unresolved","","[object Object]","LB-JA|Sidon_Saida|Halab_el-Aalya","true"
"LB-LOC-FC78C1F41B4C","LB","LB-GOV-SLB","LB-DIST-AE5723C639E4","","","","","Haret_Saida","","populated-place","","","missing","none","","missing","unresolved","","[object Object]","LB-JA|Sidon_Saida|Haret_Saida","true"
"LB-LOC-9B9BFA782388","LB","LB-GOV-SLB","LB-DIST-AE5723C639E4","","","","","Haret_Saida_el-Aala","","populated-place","","","missing","none","","missing","unresolved","","[object Object]","LB-JA|Sidon_Saida|Haret_Saida_el-Aala","true"
"LB-LOC-3E3C48594E79","LB","LB-GOV-SLB","LB-DIST-AE5723C639E4","","","","","Hilaliyeh","","populated-place","","","missing","none","","missing","unresolved","","[object Object]","LB-JA|Sidon_Saida|Hilaliyeh","true"
"LB-LOC-CFCA6334B58B","LB","LB-GOV-SLB","LB-DIST-AE5723C639E4","","","","","Houch_Saida","","populated-place","","","missing","none","","missing","unresolved","","[object Object]","LB-JA|Sidon_Saida|Houch_Saida","true"
"LB-LOC-1D72B217A5CF","LB","LB-GOV-SLB","LB-DIST-AE5723C639E4","","","","","Houch_el-Oumara-SD","","populated-place","","","missing","none","","missing","unresolved","","[object Object]","LB-JA|Sidon_Saida|Houch_el-Oumara-SD","true"
"LB-LOC-046F6ABF1A4E","LB","LB-GOV-SLB","LB-DIST-AE5723C639E4","","","","","Jinsnaya","","populated-place","","","missing","none","","missing","unresolved","","[object Object]","LB-JA|Sidon_Saida|Jinsnaya","true"
"LB-LOC-0483C9CD3E42","LB","LB-GOV-SLB","LB-DIST-AE5723C639E4","","","","","Kfar_Jarra","","populated-place","","","missing","none","","missing","unresolved","","[object Object]","LB-JA|Sidon_Saida|Kfar_Jarra","true"
"LB-LOC-4E20C99079C9","LB","LB-GOV-SLB","LB-DIST-AE5723C639E4","","","","","Lebaa","","populated-place","","","missing","none","","missing","unresolved","","[object Object]","LB-JA|Sidon_Saida|Lebaa","true"
"LB-LOC-0A0D18E2F555","LB","LB-GOV-SLB","LB-DIST-AE5723C639E4","","","","","Maaroub","","populated-place","34.43831434968976","35.96310049846103","repository-reference","dwg_geometry_cache","","missing","unresolved","","[object Object]","LB-JA|Sidon_Saida|Maaroub","true"
"LB-LOC-B9885E532583","LB","LB-GOV-SLB","LB-DIST-AE5723C639E4","","","","","Maghdoucheh","","populated-place","","","missing","none","","missing","unresolved","","[object Object]","LB-JA|Sidon_Saida|Maghdoucheh","true"
"LB-LOC-7BAFE4E1590D","LB","LB-GOV-SLB","LB-DIST-AE5723C639E4","","","","","Majdaliyoun","","populated-place","","","missing","none","","missing","unresolved","","[object Object]","LB-JA|Sidon_Saida|Majdaliyoun","true"
"LB-LOC-AACD109E1AFF","LB","LB-GOV-SLB","LB-DIST-AE5723C639E4","","","","","Marjan","","populated-place","","","missing","none","","missing","unresolved","","[object Object]","LB-JA|Sidon_Saida|Marjan","true"
"LB-LOC-39FDEB6BB54C","LB","LB-GOV-SLB","LB-DIST-AE5723C639E4","","","","","Mazraat_el-Halqa","","populated-place","","","missing","none","","missing","unresolved","","[object Object]","LB-JA|Sidon_Saida|Mazraat_el-Halqa","true"
"LB-LOC-24A29557AB4F","LB","LB-GOV-SLB","LB-DIST-AE5723C639E4","","","","","Qaaqayet_ej-Jisr","","populated-place","","","missing","none","","missing","unresolved","","[object Object]","LB-JA|Sidon_Saida|Qaaqayet_ej-Jisr","true"
"LB-LOC-0FD164221E4B","LB","LB-GOV-SLB","LB-DIST-AE5723C639E4","","","","","Qna-SD","","populated-place","","","missing","none","","missing","unresolved","","[object Object]","LB-JA|Sidon_Saida|Qna-SD","true"
"LB-LOC-49F7F2F1B12B","LB","LB-GOV-SLB","LB-DIST-AE5723C639E4","","","","","Qnariye","","populated-place","","","missing","none","","missing","unresolved","","[object Object]","LB-JA|Sidon_Saida|Qnariye","true"
"LB-LOC-A0A512510253","LB","LB-GOV-SLB","LB-DIST-AE5723C639E4","","","","","Qrayye","","populated-place","","","missing","none","","missing","unresolved","","[object Object]","LB-JA|Sidon_Saida|Qrayye","true"
"LB-LOC-ACFD4971A682","LB","LB-GOV-SLB","LB-DIST-AE5723C639E4","","","","","Rjal","","populated-place","","","missing","none","","missing","unresolved","","[object Object]","LB-JA|Sidon_Saida|Rjal","true"
"LB-LOC-30BA8677753E","LB","LB-GOV-SLB","LB-DIST-AE5723C639E4","","","","","Rjaliye","","populated-place","","","missing","none","","missing","unresolved","","[object Object]","LB-JA|Sidon_Saida|Rjaliye","true"
"LB-LOC-9BAC422F2A4B","LB","LB-GOV-SLB","LB-DIST-AE5723C639E4","","","","","Saida_Sidon","","populated-place","","","missing","none","","missing","unresolved","","[object Object]","LB-JA|Sidon_Saida|Saida_Sidon","true"
"LB-LOC-2BD65F3E32E4","LB","LB-GOV-SLB","LB-DIST-AE5723C639E4","","","","","Saida_ech-Charqiye","","populated-place","","","missing","none","","missing","unresolved","","[object Object]","LB-JA|Sidon_Saida|Saida_ech-Charqiye","true"
"LB-LOC-8B7B13691E8D","LB","LB-GOV-SLB","LB-DIST-AE5723C639E4","","","","","Saida_el-Qadimeh","","populated-place","","","missing","none","","missing","unresolved","","[object Object]","LB-JA|Sidon_Saida|Saida_el-Qadimeh","true"
"LB-LOC-030C678A9E38","LB","LB-GOV-SLB","LB-DIST-AE5723C639E4","","","","","Saida_es-Sahel","","populated-place","","","missing","none","","missing","unresolved","","[object Object]","LB-JA|Sidon_Saida|Saida_es-Sahel","true"
"LB-LOC-311057F2A585","LB","LB-GOV-SLB","LB-DIST-AE5723C639E4","","","","","Saqyet_el-Maydani","","populated-place","","","missing","none","","missing","unresolved","","[object Object]","LB-JA|Sidon_Saida|Saqyet_el-Maydani","true"
"LB-LOC-A33AF4EBC287","LB","LB-GOV-SLB","LB-DIST-AE5723C639E4","","","","","Srafand","","populated-place","","","missing","none","","missing","unresolved","","[object Object]","LB-JA|Sidon_Saida|Srafand","true"
"LB-LOC-4D6EED858C14","LB","LB-GOV-SLB","LB-DIST-AE5723C639E4","","","","","Tfahta","","populated-place","","","missing","none","","missing","unresolved","","[object Object]","LB-JA|Sidon_Saida|Tfahta","true"
"LB-LOC-80E0EFD1815D","LB","LB-GOV-SLB","LB-DIST-AE5723C639E4","","","","","Zararieh","","populated-place","","","missing","none","","missing","unresolved","","[object Object]","LB-JA|Sidon_Saida|Zararieh","true"
"LB-LOC-89E5EDAFED08","LB","LB-GOV-SLB","LB-DIST-AE5723C639E4","","","","","Zararieh_el-Aalya","","populated-place","","","missing","none","","missing","unresolved","","[object Object]","LB-JA|Sidon_Saida|Zararieh_el-Aalya","true"
"LB-LOC-A8AAD2F2ADE0","LB","LB-GOV-SLB","LB-DIST-AE5723C639E4","","","","","Zeneyleh","","populated-place","","","missing","none","","missing","unresolved","","[object Object]","LB-JA|Sidon_Saida|Zeneyleh","true"
"LB-LOC-055D9205B2DA","LB","LB-GOV-SLB","LB-DIST-07D5BC042CFB","","","","","Aaqbeh","","populated-place","","","missing","none","","missing","unresolved","","[object Object]","LB-JA|Tyre_Sour|Aaqbeh","true"
"LB-LOC-29E2191655D3","LB","LB-GOV-SLB","LB-DIST-07D5BC042CFB","","","","","Aarbsalim","","populated-place","","","missing","none","","missing","unresolved","","[object Object]","LB-JA|Tyre_Sour|Aarbsalim","true"
"LB-LOC-A5FA163ACDEA","LB","LB-GOV-SLB","LB-DIST-07D5BC042CFB","","","","","Abbassiyeh","","populated-place","","","missing","none","","missing","unresolved","","[object Object]","LB-JA|Tyre_Sour|Abbassiyeh","true"
"LB-LOC-EA803C1129F0","LB","LB-GOV-SLB","LB-DIST-07D5BC042CFB","","","","","Abbassiyeh_el-Fawqa","","populated-place","","","missing","none","","missing","unresolved","","[object Object]","LB-JA|Tyre_Sour|Abbassiyeh_el-Fawqa","true"
"LB-LOC-E114750B08B5","LB","LB-GOV-SLB","LB-DIST-07D5BC042CFB","","","","","Ain_Baal-SR","","populated-place","","","missing","none","","missing","unresolved","","[object Object]","LB-JA|Tyre_Sour|Ain_Baal-SR","true"
"LB-LOC-4C6753B3439C","LB","LB-GOV-SLB","LB-DIST-07D5BC042CFB","","","","","Ain_Ibl","","populated-place","","","missing","none","","missing","unresolved","","[object Object]","LB-JA|Tyre_Sour|Ain_Ibl","true"
"LB-LOC-A5862F267AED","LB","LB-GOV-SLB","LB-DIST-07D5BC042CFB","","","","","Ain_ez-Zarqa","","populated-place","","","missing","none","","missing","unresolved","","[object Object]","LB-JA|Tyre_Sour|Ain_ez-Zarqa","true"
"LB-LOC-582E7260C8F1","LB","LB-GOV-SLB","LB-DIST-07D5BC042CFB","","","","","Ain_ez-Zarqa_el-Fawqa","","populated-place","","","missing","none","","missing","unresolved","","[object Object]","LB-JA|Tyre_Sour|Ain_ez-Zarqa_el-Fawqa","true"
"LB-LOC-16D15E01168A","LB","LB-GOV-SLB","LB-DIST-07D5BC042CFB","","","","","Ainata_Sour","","populated-place","34.326849421495005","35.86675404754696","repository-reference","lebgis_staging_gpkg_extent","","missing","unresolved","","[object Object]","LB-JA|Tyre_Sour|Ainata_Sour","true"
"LB-LOC-B571AACD19E6","LB","LB-GOV-SLB","LB-DIST-07D5BC042CFB","","","","","Aita_el-Jabal","","populated-place","","","missing","none","","missing","unresolved","","[object Object]","LB-JA|Tyre_Sour|Aita_el-Jabal","true"
"LB-LOC-01D1D08F35D9","LB","LB-GOV-SLB","LB-DIST-07D5BC042CFB","","","","","Aitharoun","","populated-place","","","missing","none","","missing","unresolved","","[object Object]","LB-JA|Tyre_Sour|Aitharoun","true"
"LB-LOC-71DAA0CA2FA3","LB","LB-GOV-SLB","LB-DIST-07D5BC042CFB","","","","","Almane","","populated-place","","","missing","none","","missing","unresolved","","[object Object]","LB-JA|Tyre_Sour|Almane","true"
"LB-LOC-C892FD989A8C","LB","LB-GOV-SLB","LB-DIST-07D5BC042CFB","","","","","Aychiye","","populated-place","","","missing","none","","missing","unresolved","","[object Object]","LB-JA|Tyre_Sour|Aychiye","true"
"LB-LOC-FDFA8EB254EE","LB","LB-GOV-SLB","LB-DIST-07D5BC042CFB","","","","","Aytit","","populated-place","34.32456738208802","35.86412016205871","repository-reference","lebgis_staging_gpkg_extent","","missing","unresolved","","[object Object]","LB-JA|Tyre_Sour|Aytit","true"
"LB-LOC-03133BDD2124","LB","LB-GOV-SLB","LB-DIST-07D5BC042CFB","","","","","Aytit_el-Aala","","populated-place","","","missing","none","","missing","unresolved","","[object Object]","LB-JA|Tyre_Sour|Aytit_el-Aala","true"
"LB-LOC-C9A8D1A31830","LB","LB-GOV-SLB","LB-DIST-07D5BC042CFB","","","","","Babliye-SR","","populated-place","","","missing","none","","missing","unresolved","","[object Object]","LB-JA|Tyre_Sour|Babliye-SR","true"
"LB-LOC-F904CF431315","LB","LB-GOV-SLB","LB-DIST-07D5BC042CFB","","","","","Batouliyeh","","populated-place","","","missing","none","","missing","unresolved","","[object Object]","LB-JA|Tyre_Sour|Batouliyeh","true"
"LB-LOC-DBCE3F80AB4D","LB","LB-GOV-SLB","LB-DIST-07D5BC042CFB","","","","","Bayada-SR","","populated-place","","","missing","none","","missing","unresolved","","[object Object]","LB-JA|Tyre_Sour|Bayada-SR","true"
"LB-LOC-B2125A9C18C8","LB","LB-GOV-SLB","LB-DIST-07D5BC042CFB","","","","","Bazouriyeh","","populated-place","","","missing","none","","missing","unresolved","","[object Object]","LB-JA|Tyre_Sour|Bazouriyeh","true"
"LB-LOC-7F8AB2B0317D","LB","LB-GOV-SLB","LB-DIST-07D5BC042CFB","","","","","Beit_Layf-SR","","populated-place","","","missing","none","","missing","unresolved","","[object Object]","LB-JA|Tyre_Sour|Beit_Layf-SR","true"
"LB-LOC-98E63629FE64","LB","LB-GOV-SLB","LB-DIST-07D5BC042CFB","","","","","Beit_Yahoun","","populated-place","","","missing","none","","missing","unresolved","","[object Object]","LB-JA|Tyre_Sour|Beit_Yahoun","true"
"LB-LOC-2F4611A7D534","LB","LB-GOV-SLB","LB-DIST-07D5BC042CFB","","","","","Beit_Yahoun_Sour","","populated-place","","","missing","none","","missing","unresolved","","[object Object]","LB-JA|Tyre_Sour|Beit_Yahoun_Sour","true"
"LB-LOC-A01F0A85F2AA","LB","LB-GOV-SLB","LB-DIST-07D5BC042CFB","","","","","Bint_Jbeil_el-Fawqa-SR","","populated-place","","","missing","none","","missing","unresolved","","[object Object]","LB-JA|Tyre_Sour|Bint_Jbeil_el-Fawqa-SR","true"
"LB-LOC-262BD6DD59C8","LB","LB-GOV-SLB","LB-DIST-07D5BC042CFB","","","","","Burj-SR","","populated-place","","","missing","none","","missing","unresolved","","[object Object]","LB-JA|Tyre_Sour|Burj-SR","true"
"LB-LOC-9CD85B2FA303","LB","LB-GOV-SLB","LB-DIST-07D5BC042CFB","","","","","Burj_Qlawiye","","populated-place","","","missing","none","","missing","unresolved","","[object Object]","LB-JA|Tyre_Sour|Burj_Qlawiye","true"
"LB-LOC-ADD909F984CB","LB","LB-GOV-SLB","LB-DIST-07D5BC042CFB","","","","","Burj_el-Chemali","","populated-place","","","missing","none","","missing","unresolved","","[object Object]","LB-JA|Tyre_Sour|Burj_el-Chemali","true"
"LB-LOC-3DD0AAEA24B1","LB","LB-GOV-SLB","LB-DIST-07D5BC042CFB","","","","","Burj_el-Moulouk","","populated-place","","","missing","none","","missing","unresolved","","[object Object]","LB-JA|Tyre_Sour|Burj_el-Moulouk","true"
"LB-LOC-D0BF0895ED43","LB","LB-GOV-SLB","LB-DIST-07D5BC042CFB","","","","","Chahabiye","","populated-place","","","missing","none","","missing","unresolved","","[object Object]","LB-JA|Tyre_Sour|Chahabiye","true"
"LB-LOC-42DD0D7A489D","LB","LB-GOV-SLB","LB-DIST-07D5BC042CFB","","","","","Chaitiye","","populated-place","","","missing","none","","missing","unresolved","","[object Object]","LB-JA|Tyre_Sour|Chaitiye","true"
"LB-LOC-18F1AECED55A","LB","LB-GOV-SLB","LB-DIST-07D5BC042CFB","","","","","Chaqra","","populated-place","","","missing","none","","missing","unresolved","","[object Object]","LB-JA|Tyre_Sour|Chaqra","true"
"LB-LOC-91D5CD671564","LB","LB-GOV-SLB","LB-DIST-07D5BC042CFB","","","","","Debl","","populated-place","34.32560540291505","35.86534861811186","repository-reference","dwg_geometry_cache","","missing","unresolved","","[object Object]","LB-JA|Tyre_Sour|Debl","true"
"LB-LOC-DC923F159A69","LB","LB-GOV-SLB","LB-DIST-07D5BC042CFB","","","","","Deir_Qanoun_Ras_el-Ain","","populated-place","","","missing","none","","missing","unresolved","","[object Object]","LB-JA|Tyre_Sour|Deir_Qanoun_Ras_el-Ain","true"
"LB-LOC-279D46872642","LB","LB-GOV-SLB","LB-DIST-07D5BC042CFB","","","","","Deir_Qanoun_en-Nahr","","populated-place","","","missing","none","","missing","unresolved","","[object Object]","LB-JA|Tyre_Sour|Deir_Qanoun_en-Nahr","true"
"LB-LOC-A15D10812FBE","LB","LB-GOV-SLB","LB-DIST-07D5BC042CFB","","","","","Dhor-SR","","populated-place","","","missing","none","","missing","unresolved","","[object Object]","LB-JA|Tyre_Sour|Dhor-SR","true"
"LB-LOC-4F6AB88F5F6B","LB","LB-GOV-SLB","LB-DIST-07D5BC042CFB","","","","","Hadatha","","populated-place","","","missing","none","","missing","unresolved","","[object Object]","LB-JA|Tyre_Sour|Hadatha","true"
"LB-LOC-624BACEF2183","LB","LB-GOV-SLB","LB-DIST-07D5BC042CFB","","","","","Hannawiye","","populated-place","","","missing","none","","missing","unresolved","","[object Object]","LB-JA|Tyre_Sour|Hannawiye","true"
"LB-LOC-655B65C60632","LB","LB-GOV-SLB","LB-DIST-07D5BC042CFB","","","","","Hannawiye_el-Aala","","populated-place","","","missing","none","","missing","unresolved","","[object Object]","LB-JA|Tyre_Sour|Hannawiye_el-Aala","true"
"LB-LOC-B5BEFCBE3EE3","LB","LB-GOV-SLB","LB-DIST-07D5BC042CFB","","","","","Houch_Sour","","populated-place","","","missing","none","","missing","unresolved","","[object Object]","LB-JA|Tyre_Sour|Houch_Sour","true"
"LB-LOC-47B9F0E32A51","LB","LB-GOV-SLB","LB-DIST-07D5BC042CFB","","","","","Houla-SR","","populated-place","","","missing","none","","missing","unresolved","","[object Object]","LB-JA|Tyre_Sour|Houla-SR","true"
"LB-LOC-0DAEB6FA2773","LB","LB-GOV-SLB","LB-DIST-07D5BC042CFB","","","","","Jbal_el-Botm","","populated-place","","","missing","none","","missing","unresolved","","[object Object]","LB-JA|Tyre_Sour|Jbal_el-Botm","true"
"LB-LOC-7B08DE54EC5C","LB","LB-GOV-SLB","LB-DIST-07D5BC042CFB","","","","","Jnata","","populated-place","34.327726563415396","35.86459695816441","repository-reference","lebgis_staging_gpkg_extent","","missing","unresolved","","[object Object]","LB-JA|Tyre_Sour|Jnata","true"
"LB-LOC-A47DA47BF68C","LB","LB-GOV-SLB","LB-DIST-07D5BC042CFB","","","","","Jouaiya","","populated-place","","","missing","none","","missing","unresolved","","[object Object]","LB-JA|Tyre_Sour|Jouaiya","true"
"LB-LOC-FA2069EFFB67","LB","LB-GOV-SLB","LB-DIST-07D5BC042CFB","","","","","Jouaiya_el-Aala","","populated-place","","","missing","none","","missing","unresolved","","[object Object]","LB-JA|Tyre_Sour|Jouaiya_el-Aala","true"
"LB-LOC-FE70DE1A7820","LB","LB-GOV-SLB","LB-DIST-07D5BC042CFB","","","","","Jouaiya_et-Tahta","","populated-place","","","missing","none","","missing","unresolved","","[object Object]","LB-JA|Tyre_Sour|Jouaiya_et-Tahta","true"
"LB-LOC-31376693838F","LB","LB-GOV-SLB","LB-DIST-07D5BC042CFB","","","","","Kfar_Baal","","populated-place","","","missing","none","","missing","unresolved","","[object Object]","LB-JA|Tyre_Sour|Kfar_Baal","true"
"LB-LOC-1DB91364FCC8","LB","LB-GOV-SLB","LB-DIST-07D5BC042CFB","","","","","Kfar_Dounine","","populated-place","","","missing","none","","missing","unresolved","","[object Object]","LB-JA|Tyre_Sour|Kfar_Dounine","true"
"LB-LOC-51D7E6BCCD16","LB","LB-GOV-SLB","LB-DIST-07D5BC042CFB","","","","","Kfar_Tibnit-SR","","populated-place","","","missing","none","","missing","unresolved","","[object Object]","LB-JA|Tyre_Sour|Kfar_Tibnit-SR","true"
"LB-LOC-D3ADE895D1F4","LB","LB-GOV-SLB","LB-DIST-07D5BC042CFB","","","","","Kfir","","populated-place","","","missing","none","","missing","unresolved","","[object Object]","LB-JA|Tyre_Sour|Kfir","true"
"LB-LOC-32EE783B7A3F","LB","LB-GOV-SLB","LB-DIST-07D5BC042CFB","","","","","Kherayeb","","populated-place","34.39368275060562","35.88330045395594","repository-reference","lebgis_staging_gpkg_extent","","missing","unresolved","","[object Object]","LB-JA|Tyre_Sour|Kherayeb","true"
"LB-LOC-814553F43F90","LB","LB-GOV-SLB","LB-DIST-07D5BC042CFB","","","","","Kseyreh","","populated-place","","","missing","none","","missing","unresolved","","[object Object]","LB-JA|Tyre_Sour|Kseyreh","true"
"LB-LOC-8882AE4D29E3","LB","LB-GOV-SLB","LB-DIST-07D5BC042CFB","","","","","Maachouq","","populated-place","","","missing","none","","missing","unresolved","","[object Object]","LB-JA|Tyre_Sour|Maachouq","true"
"LB-LOC-DF9955CE4897","LB","LB-GOV-SLB","LB-DIST-07D5BC042CFB","","","","","Mahrouneh","","populated-place","","","missing","none","","missing","unresolved","","[object Object]","LB-JA|Tyre_Sour|Mahrouneh","true"
"LB-LOC-4DF3E2F0459E","LB","LB-GOV-SLB","LB-DIST-07D5BC042CFB","","","","","Majdel_Selm","","populated-place","","","missing","none","","missing","unresolved","","[object Object]","LB-JA|Tyre_Sour|Majdel_Selm","true"
"LB-LOC-636B0D473C6F","LB","LB-GOV-SLB","LB-DIST-07D5BC042CFB","","","","","Majdel_Zoun-SR","","populated-place","","","missing","none","","missing","unresolved","","[object Object]","LB-JA|Tyre_Sour|Majdel_Zoun-SR","true"
"LB-LOC-F29121DF843E","LB","LB-GOV-SLB","LB-DIST-07D5BC042CFB","","","","","Majdel_Zoun_el-Aala","","populated-place","","","missing","none","","missing","unresolved","","[object Object]","LB-JA|Tyre_Sour|Majdel_Zoun_el-Aala","true"
"LB-LOC-77EDE11EE297","LB","LB-GOV-SLB","LB-DIST-07D5BC042CFB","","","","","Mansoura-SR","","populated-place","","","missing","none","","missing","unresolved","","[object Object]","LB-JA|Tyre_Sour|Mansoura-SR","true"
"LB-LOC-DFAC11E715B7","LB","LB-GOV-SLB","LB-DIST-07D5BC042CFB","","","","","Mansoura_Sour","","populated-place","","","missing","none","","missing","unresolved","","[object Object]","LB-JA|Tyre_Sour|Mansoura_Sour","true"
"LB-LOC-D70D1DB295DF","LB","LB-GOV-SLB","LB-DIST-07D5BC042CFB","","","","","Mansouri","","populated-place","34.346505569280154","35.89143348900302","repository-reference","dwg_geometry_cache","","missing","unresolved","","[object Object]","LB-JA|Tyre_Sour|Mansouri","true"
"LB-LOC-B3FF9190DF80","LB","LB-GOV-SLB","LB-DIST-07D5BC042CFB","","","","","Maroun_er-Ras-SR","","populated-place","","","missing","none","","missing","unresolved","","[object Object]","LB-JA|Tyre_Sour|Maroun_er-Ras-SR","true"
"LB-LOC-468F89CF78A8","LB","LB-GOV-SLB","LB-DIST-07D5BC042CFB","","","","","Mazraat_ech-Chamaliye","","populated-place","","","missing","none","","missing","unresolved","","[object Object]","LB-JA|Tyre_Sour|Mazraat_ech-Chamaliye","true"
"LB-LOC-EF0305955E5F","LB","LB-GOV-SLB","LB-DIST-07D5BC042CFB","","","","","Naqoura","","populated-place","","","missing","none","","missing","unresolved","","[object Object]","LB-JA|Tyre_Sour|Naqoura","true"
"LB-LOC-F18F9C3D34D0","LB","LB-GOV-SLB","LB-DIST-07D5BC042CFB","","","","","Naqoura_el-Aala","","populated-place","","","missing","none","","missing","unresolved","","[object Object]","LB-JA|Tyre_Sour|Naqoura_el-Aala","true"
"LB-LOC-396525178B37","LB","LB-GOV-SLB","LB-DIST-07D5BC042CFB","","","","","Naqoura_el-Gharbiye","","populated-place","","","missing","none","","missing","unresolved","","[object Object]","LB-JA|Tyre_Sour|Naqoura_el-Gharbiye","true"
"LB-LOC-24322164F78C","LB","LB-GOV-SLB","LB-DIST-07D5BC042CFB","","","","","Qana","","populated-place","34.32304621782951","35.86397754849983","repository-reference","lebgis_staging_gpkg_extent","","missing","unresolved","","[object Object]","LB-JA|Tyre_Sour|Qana","true"
"LB-LOC-F9440F126924","LB","LB-GOV-SLB","LB-DIST-07D5BC042CFB","","","","","Qana_el-Fawqa","","populated-place","","","missing","none","","missing","unresolved","","[object Object]","LB-JA|Tyre_Sour|Qana_el-Fawqa","true"
"LB-LOC-3212FFB34EC9","LB","LB-GOV-SLB","LB-DIST-07D5BC042CFB","","","","","Qlayleh","","populated-place","","","missing","none","","missing","unresolved","","[object Object]","LB-JA|Tyre_Sour|Qlayleh","true"
"LB-LOC-A4793DF224DC","LB","LB-GOV-SLB","LB-DIST-07D5BC042CFB","","","","","Rab_Tlatine","","populated-place","","","missing","none","","missing","unresolved","","[object Object]","LB-JA|Tyre_Sour|Rab_Tlatine","true"
"LB-LOC-1CBAC636F552","LB","LB-GOV-SLB","LB-DIST-07D5BC042CFB","","","","","Rachidiye","","populated-place","","","missing","none","","missing","unresolved","","[object Object]","LB-JA|Tyre_Sour|Rachidiye","true"
"LB-LOC-5CB6D8F46221","LB","LB-GOV-SLB","LB-DIST-07D5BC042CFB","","","","","Richaf","","populated-place","","","missing","none","","missing","unresolved","","[object Object]","LB-JA|Tyre_Sour|Richaf","true"
"LB-LOC-DBCE88B4C517","LB","LB-GOV-SLB","LB-DIST-07D5BC042CFB","","","","","Salaa-SR","","populated-place","","","missing","none","","missing","unresolved","","[object Object]","LB-JA|Tyre_Sour|Salaa-SR","true"
"LB-LOC-F90ECA621053","LB","LB-GOV-SLB","LB-DIST-07D5BC042CFB","","","","","Shamaa","","populated-place","","","missing","none","","missing","unresolved","","[object Object]","LB-JA|Tyre_Sour|Shamaa","true"
"LB-LOC-0992A77AE2FF","LB","LB-GOV-SLB","LB-DIST-07D5BC042CFB","","","","","Siddikin","","populated-place","","","missing","none","","missing","unresolved","","[object Object]","LB-JA|Tyre_Sour|Siddikin","true"
"LB-LOC-F4BED1FBD01A","LB","LB-GOV-SLB","LB-DIST-07D5BC042CFB","","","","","Siddikin_el-Aala","","populated-place","","","missing","none","","missing","unresolved","","[object Object]","LB-JA|Tyre_Sour|Siddikin_el-Aala","true"
"LB-LOC-F7A59CB33A3E","LB","LB-GOV-SLB","LB-DIST-07D5BC042CFB","","","","","Smaaiye","","populated-place","","","missing","none","","missing","unresolved","","[object Object]","LB-JA|Tyre_Sour|Smaaiye","true"
"LB-LOC-B4D51A6894CE","LB","LB-GOV-SLB","LB-DIST-07D5BC042CFB","","","","","Sour_el-Bahriye","","populated-place","","","missing","none","","missing","unresolved","","[object Object]","LB-JA|Tyre_Sour|Sour_el-Bahriye","true"
"LB-LOC-C66E4A92AA79","LB","LB-GOV-SLB","LB-DIST-07D5BC042CFB","","","","","Sour_el-Balad","","populated-place","","","missing","none","","missing","unresolved","","[object Object]","LB-JA|Tyre_Sour|Sour_el-Balad","true"
"LB-LOC-0C8514069F93","LB","LB-GOV-SLB","LB-DIST-07D5BC042CFB","","","","","Srifeh","","populated-place","34.32732162811112","35.86675532327635","repository-reference","dwg_geometry_cache","","missing","unresolved","","[object Object]","LB-JA|Tyre_Sour|Srifeh","true"
"LB-LOC-A58F1628FC03","LB","LB-GOV-SLB","LB-DIST-07D5BC042CFB","","","","","Srifeh_el-Aala","","populated-place","","","missing","none","","missing","unresolved","","[object Object]","LB-JA|Tyre_Sour|Srifeh_el-Aala","true"
"LB-LOC-9285C1C9595C","LB","LB-GOV-SLB","LB-DIST-07D5BC042CFB","","","","","Tair_Debba","","populated-place","","","missing","none","","missing","unresolved","","[object Object]","LB-JA|Tyre_Sour|Tair_Debba","true"
"LB-LOC-437F894B5EB6","LB","LB-GOV-SLB","LB-DIST-07D5BC042CFB","","","","","Tair_Harfa","","populated-place","","","missing","none","","missing","unresolved","","[object Object]","LB-JA|Tyre_Sour|Tair_Harfa","true"
"LB-LOC-44320C8EDBF7","LB","LB-GOV-SLB","LB-DIST-07D5BC042CFB","","","","","Taybeh-SR","","populated-place","","","missing","none","","missing","unresolved","","[object Object]","LB-JA|Tyre_Sour|Taybeh-SR","true"
"LB-LOC-95333C4DC708","LB","LB-GOV-SLB","LB-DIST-07D5BC042CFB","","","","","Teiri","","populated-place","","","missing","none","","missing","unresolved","","[object Object]","LB-JA|Tyre_Sour|Teiri","true"
"LB-LOC-EFDAB7DDE8AA","LB","LB-GOV-SLB","LB-DIST-07D5BC042CFB","","","","","Tibnine_es-Sour","","populated-place","","","missing","none","","missing","unresolved","","[object Object]","LB-JA|Tyre_Sour|Tibnine_es-Sour","true"
"LB-LOC-0E5D24F70CB8","LB","LB-GOV-SLB","LB-DIST-07D5BC042CFB","","","","","Touline","","populated-place","","","missing","none","","missing","unresolved","","[object Object]","LB-JA|Tyre_Sour|Touline","true"
"LB-LOC-420BB404364A","LB","LB-GOV-SLB","LB-DIST-07D5BC042CFB","","","","","Toura-SR","","populated-place","","","missing","none","","missing","unresolved","","[object Object]","LB-JA|Tyre_Sour|Toura-SR","true"
"LB-LOC-9E7A79EEA341","LB","LB-GOV-SLB","LB-DIST-07D5BC042CFB","","","","","Tyre_Sour","","populated-place","","","missing","none","","missing","unresolved","","[object Object]","LB-JA|Tyre_Sour|Tyre_Sour","true"
"LB-LOC-30A94C517CB7","LB","LB-GOV-SLB","LB-DIST-07D5BC042CFB","","","","","Yahmar_ech-Chqif","","populated-place","","","missing","none","","missing","unresolved","","[object Object]","LB-JA|Tyre_Sour|Yahmar_ech-Chqif","true"
"LB-LOC-A094D3DEB5C0","LB","LB-GOV-SLB","LB-DIST-07D5BC042CFB","","","","","Yanouh-SR","","populated-place","34.326116416630136","35.86413189103702","repository-reference","dwg_geometry_cache","","missing","unresolved","","[object Object]","LB-JA|Tyre_Sour|Yanouh-SR","true"
"LB-LOC-146D8DDB2D05","LB","LB-GOV-SLB","LB-DIST-07D5BC042CFB","","","","","Yaroun_ej-Jnubi","","populated-place","","","missing","none","","missing","unresolved","","[object Object]","LB-JA|Tyre_Sour|Yaroun_ej-Jnubi","true"
"LB-LOC-E78A36397B31","LB","LB-GOV-SLB","LB-DIST-07D5BC042CFB","","","","","Zararieh-SR","","populated-place","","","missing","none","","missing","unresolved","","[object Object]","LB-JA|Tyre_Sour|Zararieh-SR","true"
"LB-LOC-FFF9A88F51FA","LB","LB-GOV-SLB","LB-DIST-07D5BC042CFB","","","","","Zebdani-SR","","populated-place","","","missing","none","","missing","unresolved","","[object Object]","LB-JA|Tyre_Sour|Zebdani-SR","true"
"LB-LOC-5E4E74EA4AD0","LB","LB-GOV-MLB","LB-DIST-E2E3070ED2C0","","","","","Abey","","populated-place","","","missing","none","","missing","unresolved","","[object Object]","LB-JL|Aley|Abey","true"
"LB-LOC-701313CA4DC1","LB","LB-GOV-MLB","LB-DIST-E2E3070ED2C0","","","","","Abey-AL-2","","populated-place","","","missing","none","","missing","unresolved","","[object Object]","LB-JL|Aley|Abey-AL-2","true"
"LB-LOC-5FCF7D20499F","LB","LB-GOV-MLB","LB-DIST-E2E3070ED2C0","","","","","Ain_Anoub","","populated-place","","","missing","none","","missing","unresolved","","[object Object]","LB-JL|Aley|Ain_Anoub","true"
"LB-LOC-EBB681C1921C","LB","LB-GOV-MLB","LB-DIST-E2E3070ED2C0","","","","","Ain_Anoub_el-Fawqa","","populated-place","","","missing","none","","missing","unresolved","","[object Object]","LB-JL|Aley|Ain_Anoub_el-Fawqa","true"
"LB-LOC-01C8E012C5E6","LB","LB-GOV-MLB","LB-DIST-E2E3070ED2C0","","","","","Ain_el-Mreisseh-AL","","populated-place","","","missing","none","","missing","unresolved","","[object Object]","LB-JL|Aley|Ain_el-Mreisseh-AL","true"
"LB-LOC-969A801A1FCC","LB","LB-GOV-MLB","LB-DIST-E2E3070ED2C0","","","","","Ain_et-Tuffaha","","populated-place","","","missing","none","","missing","unresolved","","[object Object]","LB-JL|Aley|Ain_et-Tuffaha","true"
"LB-LOC-368E53174731","LB","LB-GOV-MLB","LB-DIST-E2E3070ED2C0","","","","","Ainab","","populated-place","","","missing","none","","missing","unresolved","","[object Object]","LB-JL|Aley|Ainab","true"
"LB-LOC-7C8BB27F844C","LB","LB-GOV-MLB","LB-DIST-E2E3070ED2C0","","","","","Ainbal","","populated-place","","","missing","none","","missing","unresolved","","[object Object]","LB-JL|Aley|Ainbal","true"
"LB-LOC-0ADCC60374A4","LB","LB-GOV-MLB","LB-DIST-E2E3070ED2C0","","","","","Aley","","populated-place","","","missing","none","","missing","unresolved","","[object Object]","LB-JL|Aley|Aley","true"
"LB-LOC-42A3C1EBB229","LB","LB-GOV-MLB","LB-DIST-E2E3070ED2C0","","","","","Aramoun-AL","","populated-place","","","missing","none","","missing","unresolved","","[object Object]","LB-JL|Aley|Aramoun-AL","true"
"LB-LOC-4C12468CC671","LB","LB-GOV-MLB","LB-DIST-E2E3070ED2C0","","","","","Aramoun_et-Tahta","","populated-place","","","missing","none","","missing","unresolved","","[object Object]","LB-JL|Aley|Aramoun_et-Tahta","true"
"LB-LOC-59D306A207D9","LB","LB-GOV-MLB","LB-DIST-E2E3070ED2C0","","","","","Aytat","","populated-place","","","missing","none","","missing","unresolved","","[object Object]","LB-JL|Aley|Aytat","true"
"LB-LOC-37BF0CFBD037","LB","LB-GOV-MLB","LB-DIST-E2E3070ED2C0","","","","","Baalshmay-AL","","populated-place","","","missing","none","","missing","unresolved","","[object Object]","LB-JL|Aley|Baalshmay-AL","true"
"LB-LOC-985A62A088BF","LB","LB-GOV-MLB","LB-DIST-E2E3070ED2C0","","","","","Baaourta","","populated-place","","","missing","none","","missing","unresolved","","[object Object]","LB-JL|Aley|Baaourta","true"
"LB-LOC-0D9908AD5ADA","LB","LB-GOV-MLB","LB-DIST-E2E3070ED2C0","","","","","Bahness-AL","","populated-place","","","missing","none","","missing","unresolved","","[object Object]","LB-JL|Aley|Bahness-AL","true"
"LB-LOC-C32BC9523D6A","LB","LB-GOV-MLB","LB-DIST-E2E3070ED2C0","","","","","Bdadoun","","populated-place","","","missing","none","","missing","unresolved","","[object Object]","LB-JL|Aley|Bdadoun","true"
"LB-LOC-C1A288A219FC","LB","LB-GOV-MLB","LB-DIST-E2E3070ED2C0","","","","","Bmakine","","populated-place","","","missing","none","","missing","unresolved","","[object Object]","LB-JL|Aley|Bmakine","true"
"LB-LOC-A5527D6A7E46","LB","LB-GOV-MLB","LB-DIST-E2E3070ED2C0","","","","","Bqaata-AL","","populated-place","","","missing","none","","missing","unresolved","","[object Object]","LB-JL|Aley|Bqaata-AL","true"
"LB-LOC-7DEB351BC8D5","LB","LB-GOV-MLB","LB-DIST-E2E3070ED2C0","","","","","Bsous","","populated-place","","","missing","none","","missing","unresolved","","[object Object]","LB-JL|Aley|Bsous","true"
"LB-LOC-4F9FABD24B78","LB","LB-GOV-MLB","LB-DIST-E2E3070ED2C0","","","","","Btatloun","","populated-place","","","missing","none","","missing","unresolved","","[object Object]","LB-JL|Aley|Btatloun","true"
"LB-LOC-31E9B02D0FFF","LB","LB-GOV-MLB","LB-DIST-E2E3070ED2C0","","","","","Channay","","populated-place","","","missing","none","","missing","unresolved","","[object Object]","LB-JL|Aley|Channay","true"
"LB-LOC-72012247F3F5","LB","LB-GOV-MLB","LB-DIST-E2E3070ED2C0","","","","","Charchbouk","","populated-place","","","missing","none","","missing","unresolved","","[object Object]","LB-JL|Aley|Charchbouk","true"
"LB-LOC-FF41D04C6B0F","LB","LB-GOV-MLB","LB-DIST-E2E3070ED2C0","","","","","Charoune","","populated-place","","","missing","none","","missing","unresolved","","[object Object]","LB-JL|Aley|Charoune","true"
"LB-LOC-DC509E8DA928","LB","LB-GOV-MLB","LB-DIST-E2E3070ED2C0","","","","","Chemlan","","populated-place","","","missing","none","","missing","unresolved","","[object Object]","LB-JL|Aley|Chemlan","true"
"LB-LOC-8AF4D08B4F84","LB","LB-GOV-MLB","LB-DIST-E2E3070ED2C0","","","","","Dalhamiye","","populated-place","","","missing","none","","missing","unresolved","","[object Object]","LB-JL|Aley|Dalhamiye","true"
"LB-LOC-19BB0601DEE2","LB","LB-GOV-MLB","LB-DIST-E2E3070ED2C0","","","","","Deir_Kouche-AL","","populated-place","","","missing","none","","missing","unresolved","","[object Object]","LB-JL|Aley|Deir_Kouche-AL","true"
"LB-LOC-815C8FB01AA5","LB","LB-GOV-MLB","LB-DIST-E2E3070ED2C0","","","","","Dhahr_el-Hossein","","populated-place","","","missing","none","","missing","unresolved","","[object Object]","LB-JL|Aley|Dhahr_el-Hossein","true"
"LB-LOC-B0DCA057FCCD","LB","LB-GOV-MLB","LB-DIST-E2E3070ED2C0","","","","","Dhahr_el-Mghara","","populated-place","","","missing","none","","missing","unresolved","","[object Object]","LB-JL|Aley|Dhahr_el-Mghara","true"
"LB-LOC-782D7C37379E","LB","LB-GOV-MLB","LB-DIST-E2E3070ED2C0","","","","","Dhahr_es-Souane-AL","","populated-place","","","missing","none","","missing","unresolved","","[object Object]","LB-JL|Aley|Dhahr_es-Souane-AL","true"
"LB-LOC-613D76CC4AFD","LB","LB-GOV-MLB","LB-DIST-E2E3070ED2C0","","","","","Dhour_Aaley","","populated-place","","","missing","none","","missing","unresolved","","[object Object]","LB-JL|Aley|Dhour_Aaley","true"
"LB-LOC-B4FD835544E4","LB","LB-GOV-MLB","LB-DIST-E2E3070ED2C0","","","","","Dqoun","","populated-place","","","missing","none","","missing","unresolved","","[object Object]","LB-JL|Aley|Dqoun","true"
"LB-LOC-ED8967DC6193","LB","LB-GOV-MLB","LB-DIST-E2E3070ED2C0","","","","","El-Fawwara","","populated-place","","","missing","none","","missing","unresolved","","[object Object]","LB-JL|Aley|El-Fawwara","true"
"LB-LOC-C84D56AFB31A","LB","LB-GOV-MLB","LB-DIST-E2E3070ED2C0","","","","","Gharifeh","","populated-place","","","missing","none","","missing","unresolved","","[object Object]","LB-JL|Aley|Gharifeh","true"
"LB-LOC-B7105AE4C35A","LB","LB-GOV-MLB","LB-DIST-E2E3070ED2C0","","","","","Haret_es-Sit","","populated-place","","","missing","none","","missing","unresolved","","[object Object]","LB-JL|Aley|Haret_es-Sit","true"
"LB-LOC-A839A7EF2D5B","LB","LB-GOV-MLB","LB-DIST-E2E3070ED2C0","","","","","Jisr_el-Qadi-AL","","populated-place","","","missing","none","","missing","unresolved","","[object Object]","LB-JL|Aley|Jisr_el-Qadi-AL","true"
"LB-LOC-B51DECBB60D7","LB","LB-GOV-MLB","LB-DIST-E2E3070ED2C0","","","","","Kayfoun","","populated-place","","","missing","none","","missing","unresolved","","[object Object]","LB-JL|Aley|Kayfoun","true"
"LB-LOC-E684EF7206BB","LB","LB-GOV-MLB","LB-DIST-E2E3070ED2C0","","","","","Kfar_Amay","","populated-place","","","missing","none","","missing","unresolved","","[object Object]","LB-JL|Aley|Kfar_Amay","true"
"LB-LOC-E8B29E25DA79","LB","LB-GOV-MLB","LB-DIST-E2E3070ED2C0","","","","","Kfar_Dlaqous","","populated-place","","","missing","none","","missing","unresolved","","[object Object]","LB-JL|Aley|Kfar_Dlaqous","true"
"LB-LOC-D33B85B0466A","LB","LB-GOV-MLB","LB-DIST-E2E3070ED2C0","","","","","Kfar_Him","","populated-place","","","missing","none","","missing","unresolved","","[object Object]","LB-JL|Aley|Kfar_Him","true"
"LB-LOC-4E39788FB9BF","LB","LB-GOV-MLB","LB-DIST-E2E3070ED2C0","","","","","Kfar_Matta","","populated-place","","","missing","none","","missing","unresolved","","[object Object]","LB-JL|Aley|Kfar_Matta","true"
"LB-LOC-5DD8313A3B7C","LB","LB-GOV-MLB","LB-DIST-E2E3070ED2C0","","","","","Kfar_Nabrakh-AL","","populated-place","","","missing","none","","missing","unresolved","","[object Object]","LB-JL|Aley|Kfar_Nabrakh-AL","true"
"LB-LOC-69B1D0B7EB43","LB","LB-GOV-MLB","LB-DIST-E2E3070ED2C0","","","","","Khalwat-AL","","populated-place","","","missing","none","","missing","unresolved","","[object Object]","LB-JL|Aley|Khalwat-AL","true"
"LB-LOC-EB8929D1A5F7","LB","LB-GOV-MLB","LB-DIST-E2E3070ED2C0","","","","","Mahattat_ech-Chouf","","populated-place","","","missing","none","","missing","unresolved","","[object Object]","LB-JL|Aley|Mahattat_ech-Chouf","true"
"LB-LOC-AE2BC9F60B46","LB","LB-GOV-MLB","LB-DIST-E2E3070ED2C0","","","","","Majdel_Balda","","populated-place","","","missing","none","","missing","unresolved","","[object Object]","LB-JL|Aley|Majdel_Balda","true"
"LB-LOC-DB18BD279D1A","LB","LB-GOV-MLB","LB-DIST-E2E3070ED2C0","","","","","Majdel_Maaouche","","populated-place","","","missing","none","","missing","unresolved","","[object Object]","LB-JL|Aley|Majdel_Maaouche","true"
"LB-LOC-7EA46CB645D2","LB","LB-GOV-MLB","LB-DIST-E2E3070ED2C0","","","","","Matleh","","populated-place","","","missing","none","","missing","unresolved","","[object Object]","LB-JL|Aley|Matleh","true"
"LB-LOC-6FB48A5D46C1","LB","LB-GOV-MLB","LB-DIST-E2E3070ED2C0","","","","","Mcherfeh-AL","","populated-place","","","missing","none","","missing","unresolved","","[object Object]","LB-JL|Aley|Mcherfeh-AL","true"
"LB-LOC-D96F30975D1B","LB","LB-GOV-MLB","LB-DIST-E2E3070ED2C0","","","","","Oubaybeh","","populated-place","","","missing","none","","missing","unresolved","","[object Object]","LB-JL|Aley|Oubaybeh","true"
"LB-LOC-1370B49DF231","LB","LB-GOV-MLB","LB-DIST-E2E3070ED2C0","","","","","Qabr_Chmoun","","populated-place","","","missing","none","","missing","unresolved","","[object Object]","LB-JL|Aley|Qabr_Chmoun","true"
"LB-LOC-84F9D5085F22","LB","LB-GOV-MLB","LB-DIST-E2E3070ED2C0","","","","","Qbeih","","populated-place","","","missing","none","","missing","unresolved","","[object Object]","LB-JL|Aley|Qbeih","true"
"LB-LOC-6ED12FA6DC0D","LB","LB-GOV-MLB","LB-DIST-E2E3070ED2C0","","","","","Qornayel-AL","","populated-place","","","missing","none","","missing","unresolved","","[object Object]","LB-JL|Aley|Qornayel-AL","true"
"LB-LOC-F84A4FEA8441","LB","LB-GOV-MLB","LB-DIST-E2E3070ED2C0","","","","","Rechmaya","","populated-place","","","missing","none","","missing","unresolved","","[object Object]","LB-JL|Aley|Rechmaya","true"
"LB-LOC-F06340B25A11","LB","LB-GOV-MLB","LB-DIST-E2E3070ED2C0","","","","","Rwaysset_en-Naaman","","populated-place","","","missing","none","","missing","unresolved","","[object Object]","LB-JL|Aley|Rwaysset_en-Naaman","true"
"LB-LOC-069B9E31ABA9","LB","LB-GOV-MLB","LB-DIST-E2E3070ED2C0","","","","","Souq_el-Gharb","","populated-place","","","missing","none","","missing","unresolved","","[object Object]","LB-JL|Aley|Souq_el-Gharb","true"
"LB-LOC-C5A308088A1E","LB","LB-GOV-MLB","LB-DIST-E2E3070ED2C0","","","","","Wardaniye","","populated-place","","","missing","none","","missing","unresolved","","[object Object]","LB-JL|Aley|Wardaniye","true"
"LB-LOC-CD6A6D03E565","LB","LB-GOV-MLB","LB-DIST-2565F21E5398","","","","","Aabadiyeh","","populated-place","","","missing","none","","missing","unresolved","","[object Object]","LB-JL|Baabda|Aabadiyeh","true"
"LB-LOC-72AAF5FFB183","LB","LB-GOV-MLB","LB-DIST-2565F21E5398","","","","","Aaley_el-Baabdiye","","populated-place","","","missing","none","","missing","unresolved","","[object Object]","LB-JL|Baabda|Aaley_el-Baabdiye","true"
"LB-LOC-28B520FB3914","LB","LB-GOV-MLB","LB-DIST-2565F21E5398","","","","","Ain_Drafil","","populated-place","","","missing","none","","missing","unresolved","","[object Object]","LB-JL|Baabda|Ain_Drafil","true"
"LB-LOC-9DCEFCFB728F","LB","LB-GOV-MLB","LB-DIST-2565F21E5398","","","","","Ain_el-Hour","","populated-place","","","missing","none","","missing","unresolved","","[object Object]","LB-JL|Baabda|Ain_el-Hour","true"
"LB-LOC-8AFD447B6317","LB","LB-GOV-MLB","LB-DIST-2565F21E5398","","","","","Ain_el-Remmaneh","","populated-place","","","missing","none","","missing","unresolved","","[object Object]","LB-JL|Baabda|Ain_el-Remmaneh","true"
"LB-LOC-78A887AF080E","LB","LB-GOV-MLB","LB-DIST-2565F21E5398","","","","","Ainiya","","populated-place","","","missing","none","","missing","unresolved","","[object Object]","LB-JL|Baabda|Ainiya","true"
"LB-LOC-0CFE3C2E75BE","LB","LB-GOV-MLB","LB-DIST-2565F21E5398","","","","","Aley_village","","populated-place","","","missing","none","","missing","unresolved","","[object Object]","LB-JL|Baabda|Aley_village","true"
"LB-LOC-D062F52859F9","LB","LB-GOV-MLB","LB-DIST-2565F21E5398","","","","","Aramoun","","populated-place","","","missing","none","","missing","unresolved","","[object Object]","LB-JL|Baabda|Aramoun","true"
"LB-LOC-229BAE37C901","LB","LB-GOV-MLB","LB-DIST-2565F21E5398","","","","","Araya","","populated-place","","","missing","none","","missing","unresolved","","[object Object]","LB-JL|Baabda|Araya","true"
"LB-LOC-AC95D6FCD90F","LB","LB-GOV-MLB","LB-DIST-2565F21E5398","","","","","Baabda","","populated-place","","","missing","none","","missing","unresolved","","[object Object]","LB-JL|Baabda|Baabda","true"
"LB-LOC-0A5CD68E19EE","LB","LB-GOV-MLB","LB-DIST-2565F21E5398","","","","","Bahness","","populated-place","","","missing","none","","missing","unresolved","","[object Object]","LB-JL|Baabda|Bahness","true"
"LB-LOC-490B342A8A54","LB","LB-GOV-MLB","LB-DIST-2565F21E5398","","","","","Barja","","populated-place","34.333694994235046","35.87526207422094","repository-reference","dwg_geometry_cache","","missing","unresolved","","[object Object]","LB-JL|Baabda|Barja","true"
"LB-LOC-28AB0737A877","LB","LB-GOV-MLB","LB-DIST-2565F21E5398","","","","","Bchamoun","","populated-place","","","missing","none","","missing","unresolved","","[object Object]","LB-JL|Baabda|Bchamoun","true"
"LB-LOC-79A10BC5A0C7","LB","LB-GOV-MLB","LB-DIST-2565F21E5398","","","","","Bedghan","","populated-place","","","missing","none","","missing","unresolved","","[object Object]","LB-JL|Baabda|Bedghan","true"
"LB-LOC-B73E4D8122D8","LB","LB-GOV-MLB","LB-DIST-2565F21E5398","","","","","Bhamdoun","","populated-place","","","missing","none","","missing","unresolved","","[object Object]","LB-JL|Baabda|Bhamdoun","true"
"LB-LOC-6EC20EA5A18B","LB","LB-GOV-MLB","LB-DIST-2565F21E5398","","","","","Bmahray","","populated-place","","","missing","none","","missing","unresolved","","[object Object]","LB-JL|Baabda|Bmahray","true"
"LB-LOC-F4083C8DE0DE","LB","LB-GOV-MLB","LB-DIST-2565F21E5398","","","","","Bsaba","","populated-place","","","missing","none","","missing","unresolved","","[object Object]","LB-JL|Baabda|Bsaba","true"
"LB-LOC-AB88F7571ACF","LB","LB-GOV-MLB","LB-DIST-2565F21E5398","","","","","Btalloun","","populated-place","","","missing","none","","missing","unresolved","","[object Object]","LB-JL|Baabda|Btalloun","true"
"LB-LOC-B5FB7178A420","LB","LB-GOV-MLB","LB-DIST-2565F21E5398","","","","","Btater","","populated-place","","","missing","none","","missing","unresolved","","[object Object]","LB-JL|Baabda|Btater","true"
"LB-LOC-73E7CA940824","LB","LB-GOV-MLB","LB-DIST-2565F21E5398","","","","","Bzebbine-BA","","populated-place","","","missing","none","","missing","unresolved","","[object Object]","LB-JL|Baabda|Bzebbine-BA","true"
"LB-LOC-1A474D3DB96F","LB","LB-GOV-MLB","LB-DIST-2565F21E5398","","","","","Chartoun","","populated-place","","","missing","none","","missing","unresolved","","[object Object]","LB-JL|Baabda|Chartoun","true"
"LB-LOC-D389EAD3920A","LB","LB-GOV-MLB","LB-DIST-2565F21E5398","","","","","Chebaa_Baabda","","populated-place","","","missing","none","","missing","unresolved","","[object Object]","LB-JL|Baabda|Chebaa_Baabda","true"
"LB-LOC-454CE4AE0EDD","LB","LB-GOV-MLB","LB-DIST-2565F21E5398","","","","","Chiyah","","populated-place","","","missing","none","","missing","unresolved","","[object Object]","LB-JL|Baabda|Chiyah","true"
"LB-LOC-03EB8E750882","LB","LB-GOV-MLB","LB-DIST-2565F21E5398","","","","","Deir_Kouche","","populated-place","34.37875729878566","35.884782391719","repository-reference","dwg_geometry_cache","","missing","unresolved","","[object Object]","LB-JL|Baabda|Deir_Kouche","true"
"LB-LOC-92090E5ED2D2","LB","LB-GOV-MLB","LB-DIST-2565F21E5398","","","","","Deir_el-Qalaa","","populated-place","","","missing","none","","missing","unresolved","","[object Object]","LB-JL|Baabda|Deir_el-Qalaa","true"
"LB-LOC-952DC9CC0E71","LB","LB-GOV-MLB","LB-DIST-2565F21E5398","","","","","Deir_el-Qamar-BA","","populated-place","","","missing","none","","missing","unresolved","","[object Object]","LB-JL|Baabda|Deir_el-Qamar-BA","true"
"LB-LOC-5F5D113ABFC4","LB","LB-GOV-MLB","LB-DIST-2565F21E5398","","","","","Dhahr_el-Baydar","","populated-place","","","missing","none","","missing","unresolved","","[object Object]","LB-JL|Baabda|Dhahr_el-Baydar","true"
"LB-LOC-917623CC6506","LB","LB-GOV-MLB","LB-DIST-2565F21E5398","","","","","Dhour_el-Barouqiye","","populated-place","","","missing","none","","missing","unresolved","","[object Object]","LB-JL|Baabda|Dhour_el-Barouqiye","true"
"LB-LOC-A95C39AC4AF4","LB","LB-GOV-MLB","LB-DIST-2565F21E5398","","","","","Douhat_Aramoun","","populated-place","","","missing","none","","missing","unresolved","","[object Object]","LB-JL|Baabda|Douhat_Aramoun","true"
"LB-LOC-1C7D5EE61C3A","LB","LB-GOV-MLB","LB-DIST-2565F21E5398","","","","","Echourit","","populated-place","","","missing","none","","missing","unresolved","","[object Object]","LB-JL|Baabda|Echourit","true"
"LB-LOC-FFC0F0988529","LB","LB-GOV-MLB","LB-DIST-2565F21E5398","","","","","El-Azra","","populated-place","","","missing","none","","missing","unresolved","","[object Object]","LB-JL|Baabda|El-Azra","true"
"LB-LOC-0702A5A72292","LB","LB-GOV-MLB","LB-DIST-2565F21E5398","","","","","Fayyadieh","","populated-place","","","missing","none","","missing","unresolved","","[object Object]","LB-JL|Baabda|Fayyadieh","true"
"LB-LOC-260512DE1F95","LB","LB-GOV-MLB","LB-DIST-2565F21E5398","","","","","Ghaboun","","populated-place","","","missing","none","","missing","unresolved","","[object Object]","LB-JL|Baabda|Ghaboun","true"
"LB-LOC-5B340B88BB4E","LB","LB-GOV-MLB","LB-DIST-2565F21E5398","","","","","Hadath","","populated-place","","","missing","none","","missing","unresolved","","[object Object]","LB-JL|Baabda|Hadath","true"
"LB-LOC-F45718A47E66","LB","LB-GOV-MLB","LB-DIST-2565F21E5398","","","","","Hammana","","populated-place","","","missing","none","","missing","unresolved","","[object Object]","LB-JL|Baabda|Hammana","true"
"LB-LOC-712E797CB51F","LB","LB-GOV-MLB","LB-DIST-2565F21E5398","","","","","Hazmieh_ech-Chamaliye","","populated-place","","","missing","none","","missing","unresolved","","[object Object]","LB-JL|Baabda|Hazmieh_ech-Chamaliye","true"
"LB-LOC-5AA9BF40F511","LB","LB-GOV-MLB","LB-DIST-2565F21E5398","","","","","Jamhour_el-Aala","","populated-place","","","missing","none","","missing","unresolved","","[object Object]","LB-JL|Baabda|Jamhour_el-Aala","true"
"LB-LOC-19533207B193","LB","LB-GOV-MLB","LB-DIST-2565F21E5398","","","","","Jnah-BA","","populated-place","","","missing","none","","missing","unresolved","","[object Object]","LB-JL|Baabda|Jnah-BA","true"
"LB-LOC-DF179E988F88","LB","LB-GOV-MLB","LB-DIST-2565F21E5398","","","","","Kahlouniye","","populated-place","","","missing","none","","missing","unresolved","","[object Object]","LB-JL|Baabda|Kahlouniye","true"
"LB-LOC-49FCCE286D97","LB","LB-GOV-MLB","LB-DIST-2565F21E5398","","","","","Kayfoun-BA","","populated-place","","","missing","none","","missing","unresolved","","[object Object]","LB-JL|Baabda|Kayfoun-BA","true"
"LB-LOC-57263E5617EE","LB","LB-GOV-MLB","LB-DIST-2565F21E5398","","","","","Kfar_Qahel-BA","","populated-place","","","missing","none","","missing","unresolved","","[object Object]","LB-JL|Baabda|Kfar_Qahel-BA","true"
"LB-LOC-222325A408C9","LB","LB-GOV-MLB","LB-DIST-2565F21E5398","","","","","Kfarchima","","populated-place","","","missing","none","","missing","unresolved","","[object Object]","LB-JL|Baabda|Kfarchima","true"
"LB-LOC-FF75D778368B","LB","LB-GOV-MLB","LB-DIST-2565F21E5398","","","","","Khaldeh","","populated-place","","","missing","none","","missing","unresolved","","[object Object]","LB-JL|Baabda|Khaldeh","true"
"LB-LOC-C3C1475A24A8","LB","LB-GOV-MLB","LB-DIST-2565F21E5398","","","","","Knaker_el-Matniye","","populated-place","","","missing","none","","missing","unresolved","","[object Object]","LB-JL|Baabda|Knaker_el-Matniye","true"
"LB-LOC-F0F85472EBA7","LB","LB-GOV-MLB","LB-DIST-2565F21E5398","","","","","Louaizeh","","populated-place","","","missing","none","","missing","unresolved","","[object Object]","LB-JL|Baabda|Louaizeh","true"
"LB-LOC-410D7E6CBCD4","LB","LB-GOV-MLB","LB-DIST-2565F21E5398","","","","","Maaysra","","populated-place","","","missing","none","","missing","unresolved","","[object Object]","LB-JL|Baabda|Maaysra","true"
"LB-LOC-3992A4862A36","LB","LB-GOV-MLB","LB-DIST-2565F21E5398","","","","","Majdel_Baana","","populated-place","","","missing","none","","missing","unresolved","","[object Object]","LB-JL|Baabda|Majdel_Baana","true"
"LB-LOC-63BF34C87A33","LB","LB-GOV-MLB","LB-DIST-2565F21E5398","","","","","Manarah-BA","","populated-place","","","missing","none","","missing","unresolved","","[object Object]","LB-JL|Baabda|Manarah-BA","true"
"LB-LOC-E7F5EBB8CBBD","LB","LB-GOV-MLB","LB-DIST-2565F21E5398","","","","","Mreijeh","","populated-place","","","missing","none","","missing","unresolved","","[object Object]","LB-JL|Baabda|Mreijeh","true"
"LB-LOC-6A96236A59B4","LB","LB-GOV-MLB","LB-DIST-2565F21E5398","","","","","Mrouj","","populated-place","","","missing","none","","missing","unresolved","","[object Object]","LB-JL|Baabda|Mrouj","true"
"LB-LOC-8FBD414961D3","LB","LB-GOV-MLB","LB-DIST-2565F21E5398","","","","","Qasqas","","populated-place","","","missing","none","","missing","unresolved","","[object Object]","LB-JL|Baabda|Qasqas","true"
"LB-LOC-2214EB7825BC","LB","LB-GOV-MLB","LB-DIST-2565F21E5398","","","","","Qmatiyeh","","populated-place","","","missing","none","","missing","unresolved","","[object Object]","LB-JL|Baabda|Qmatiyeh","true"
"LB-LOC-EB4ECAD771E8","LB","LB-GOV-MLB","LB-DIST-2565F21E5398","","","","","Qornayel","","populated-place","","","missing","none","","missing","unresolved","","[object Object]","LB-JL|Baabda|Qornayel","true"
"LB-LOC-E0CE2F477C3A","LB","LB-GOV-MLB","LB-DIST-2565F21E5398","","","","","Ras_el-Harf","","populated-place","","","missing","none","","missing","unresolved","","[object Object]","LB-JL|Baabda|Ras_el-Harf","true"
"LB-LOC-1F3E3A44F367","LB","LB-GOV-MLB","LB-DIST-2565F21E5398","","","","","Rwaysset_el-Ballout","","populated-place","34.4561454888003","35.96683231198365","repository-reference","lebgis_staging_gpkg_extent","","missing","unresolved","","[object Object]","LB-JL|Baabda|Rwaysset_el-Ballout","true"
"LB-LOC-6DC9E21AD0C4","LB","LB-GOV-MLB","LB-DIST-2565F21E5398","","","","","Sbainiyeh","","populated-place","","","missing","none","","missing","unresolved","","[object Object]","LB-JL|Baabda|Sbainiyeh","true"
"LB-LOC-FA0863E1A6B7","LB","LB-GOV-MLB","LB-DIST-2565F21E5398","","","","","Sofar","","populated-place","","","missing","none","","missing","unresolved","","[object Object]","LB-JL|Baabda|Sofar","true"
"LB-LOC-3785938A24B6","LB","LB-GOV-MLB","LB-DIST-2565F21E5398","","","","","Wadi_Chahrour","","populated-place","","","missing","none","","missing","unresolved","","[object Object]","LB-JL|Baabda|Wadi_Chahrour","true"
"LB-LOC-8942249A222B","LB","LB-GOV-MLB","LB-DIST-2565F21E5398","","","","","Wadi_el-Homsiye","","populated-place","","","missing","none","","missing","unresolved","","[object Object]","LB-JL|Baabda|Wadi_el-Homsiye","true"
"LB-LOC-01D7B5C4AB22","LB","LB-GOV-MLB","LB-DIST-2565F21E5398","","","","","Wardaniye-BA","","populated-place","","","missing","none","","missing","unresolved","","[object Object]","LB-JL|Baabda|Wardaniye-BA","true"
"LB-LOC-576A364BB7F3","LB","LB-GOV-MLB","LB-DIST-860EEECDA270","","","","","Aaley_el-Chouf","","populated-place","34.45438606137493","35.96633224633845","repository-reference","lebgis_staging_gpkg_extent","","missing","unresolved","","[object Object]","LB-JL|Chouf|Aaley_el-Chouf","true"
"LB-LOC-5BB4168EF39D","LB","LB-GOV-MLB","LB-DIST-860EEECDA270","","","","","Ain_Qanya","","populated-place","","","missing","none","","missing","unresolved","","[object Object]","LB-JL|Chouf|Ain_Qanya","true"
"LB-LOC-D9ED7CAEDB81","LB","LB-GOV-MLB","LB-DIST-860EEECDA270","","","","","Ain_Trazi","","populated-place","","","missing","none","","missing","unresolved","","[object Object]","LB-JL|Chouf|Ain_Trazi","true"
"LB-LOC-6EC3E4C3BC1A","LB","LB-GOV-MLB","LB-DIST-860EEECDA270","","","","","Ain_Wazein","","populated-place","","","missing","none","","missing","unresolved","","[object Object]","LB-JL|Chouf|Ain_Wazein","true"
"LB-LOC-BB20FB4AE527","LB","LB-GOV-MLB","LB-DIST-860EEECDA270","","","","","Ain_Zhalta","","populated-place","","","missing","none","","missing","unresolved","","[object Object]","LB-JL|Chouf|Ain_Zhalta","true"
"LB-LOC-0C2CED204F82","LB","LB-GOV-MLB","LB-DIST-860EEECDA270","","","","","Ain_el-Halzoun","","populated-place","","","missing","none","","missing","unresolved","","[object Object]","LB-JL|Chouf|Ain_el-Halzoun","true"
"LB-LOC-9BC8D3579607","LB","LB-GOV-MLB","LB-DIST-860EEECDA270","","","","","Ain_el-Mir","","populated-place","34.38026307386714","35.967206481625766","repository-reference","lebgis_staging_gpkg_extent","","missing","unresolved","","[object Object]","LB-JL|Chouf|Ain_el-Mir","true"
"LB-LOC-FC0BE7DB5632","LB","LB-GOV-MLB","LB-DIST-860EEECDA270","","","","","Ain_el-Mir_ech-Chouf","","populated-place","","","missing","none","","missing","unresolved","","[object Object]","LB-JL|Chouf|Ain_el-Mir_ech-Chouf","true"
"LB-LOC-3A90A62B8D56","LB","LB-GOV-MLB","LB-DIST-860EEECDA270","","","","","Ammatour","","populated-place","","","missing","none","","missing","unresolved","","[object Object]","LB-JL|Chouf|Ammatour","true"
"LB-LOC-88F9FA056AAC","LB","LB-GOV-MLB","LB-DIST-860EEECDA270","","","","","Ammatour_el-Aala","","populated-place","","","missing","none","","missing","unresolved","","[object Object]","LB-JL|Chouf|Ammatour_el-Aala","true"
"LB-LOC-9720872BCC9D","LB","LB-GOV-MLB","LB-DIST-860EEECDA270","","","","","Ammiq","","populated-place","","","missing","none","","missing","unresolved","","[object Object]","LB-JL|Chouf|Ammiq","true"
"LB-LOC-1F382A881DFB","LB","LB-GOV-MLB","LB-DIST-860EEECDA270","","","","","Anata","","populated-place","","","missing","none","","missing","unresolved","","[object Object]","LB-JL|Chouf|Anata","true"
"LB-LOC-E6BE537811EE","LB","LB-GOV-MLB","LB-DIST-860EEECDA270","","","","","Armata","","populated-place","","","missing","none","","missing","unresolved","","[object Object]","LB-JL|Chouf|Armata","true"
"LB-LOC-9F8525FABC57","LB","LB-GOV-MLB","LB-DIST-860EEECDA270","","","","","Baadrane","","populated-place","","","missing","none","","missing","unresolved","","[object Object]","LB-JL|Chouf|Baadrane","true"
"LB-LOC-1D880F51A9F3","LB","LB-GOV-MLB","LB-DIST-860EEECDA270","","","","","Baadrane_el-Fawqa","","populated-place","","","missing","none","","missing","unresolved","","[object Object]","LB-JL|Chouf|Baadrane_el-Fawqa","true"
"LB-LOC-77DF0749DCEB","LB","LB-GOV-MLB","LB-DIST-860EEECDA270","","","","","Baakline","","populated-place","","","missing","none","","missing","unresolved","","[object Object]","LB-JL|Chouf|Baakline","true"
"LB-LOC-71B8A72C06FF","LB","LB-GOV-MLB","LB-DIST-860EEECDA270","","","","","Baakline_el-Alya","","populated-place","","","missing","none","","missing","unresolved","","[object Object]","LB-JL|Chouf|Baakline_el-Alya","true"
"LB-LOC-704919BA71D0","LB","LB-GOV-MLB","LB-DIST-860EEECDA270","","","","","Baakline_et-Tahta","","populated-place","","","missing","none","","missing","unresolved","","[object Object]","LB-JL|Chouf|Baakline_et-Tahta","true"
"LB-LOC-73BA6CDE6D6F","LB","LB-GOV-MLB","LB-DIST-860EEECDA270","","","","","Baaourta-CH","","populated-place","","","missing","none","","missing","unresolved","","[object Object]","LB-JL|Chouf|Baaourta-CH","true"
"LB-LOC-735A6E823EF5","LB","LB-GOV-MLB","LB-DIST-860EEECDA270","","","","","Baayoun","","populated-place","","","missing","none","","missing","unresolved","","[object Object]","LB-JL|Chouf|Baayoun","true"
"LB-LOC-9640C4DC7ACB","LB","LB-GOV-MLB","LB-DIST-860EEECDA270","","","","","Baissour","","populated-place","","","missing","none","","missing","unresolved","","[object Object]","LB-JL|Chouf|Baissour","true"
"LB-LOC-8E423B8411B1","LB","LB-GOV-MLB","LB-DIST-860EEECDA270","","","","","Barghoun","","populated-place","34.387358431315604","35.87651569868191","repository-reference","lebgis_staging_gpkg_extent","","missing","unresolved","","[object Object]","LB-JL|Chouf|Barghoun","true"
"LB-LOC-06BB82961ED5","LB","LB-GOV-MLB","LB-DIST-860EEECDA270","","","","","Barjein","","populated-place","","","missing","none","","missing","unresolved","","[object Object]","LB-JL|Chouf|Barjein","true"
"LB-LOC-2C8FA6772ECA","LB","LB-GOV-MLB","LB-DIST-860EEECDA270","","","","","Barouk","","populated-place","","","missing","none","","missing","unresolved","","[object Object]","LB-JL|Chouf|Barouk","true"
"LB-LOC-6A4C4EB5D9AE","LB","LB-GOV-MLB","LB-DIST-860EEECDA270","","","","","Baroun","","populated-place","","","missing","none","","missing","unresolved","","[object Object]","LB-JL|Chouf|Baroun","true"
"LB-LOC-03F3050E3A5A","LB","LB-GOV-MLB","LB-DIST-860EEECDA270","","","","","Baterloun","","populated-place","","","missing","none","","missing","unresolved","","[object Object]","LB-JL|Chouf|Baterloun","true"
"LB-LOC-7EDE5E9B563F","LB","LB-GOV-MLB","LB-DIST-860EEECDA270","","","","","Bchtafine","","populated-place","","","missing","none","","missing","unresolved","","[object Object]","LB-JL|Chouf|Bchtafine","true"
"LB-LOC-6255D4FB047C","LB","LB-GOV-MLB","LB-DIST-860EEECDA270","","","","","Beit_Mery-CH","","populated-place","","","missing","none","","missing","unresolved","","[object Object]","LB-JL|Chouf|Beit_Mery-CH","true"
"LB-LOC-CE67468698BA","LB","LB-GOV-MLB","LB-DIST-860EEECDA270","","","","","Beiteddine","","populated-place","","","missing","none","","missing","unresolved","","[object Object]","LB-JL|Chouf|Beiteddine","true"
"LB-LOC-7C976CF6A0A4","LB","LB-GOV-MLB","LB-DIST-860EEECDA270","","","","","Bkeifa","","populated-place","","","missing","none","","missing","unresolved","","[object Object]","LB-JL|Chouf|Bkeifa","true"
"LB-LOC-509765877DB7","LB","LB-GOV-MLB","LB-DIST-860EEECDA270","","","","","Bnouarey","","populated-place","","","missing","none","","missing","unresolved","","[object Object]","LB-JL|Chouf|Bnouarey","true"
"LB-LOC-2B2D6B55C6B9","LB","LB-GOV-MLB","LB-DIST-860EEECDA270","","","","","Bqaata_ech-Chouf","","populated-place","","","missing","none","","missing","unresolved","","[object Object]","LB-JL|Chouf|Bqaata_ech-Chouf","true"
"LB-LOC-79E71B1ECF14","LB","LB-GOV-MLB","LB-DIST-860EEECDA270","","","","","Bqaifa","","populated-place","","","missing","none","","missing","unresolved","","[object Object]","LB-JL|Chouf|Bqaifa","true"
"LB-LOC-DA31EE07F883","LB","LB-GOV-MLB","LB-DIST-860EEECDA270","","","","","Breih","","populated-place","","","missing","none","","missing","unresolved","","[object Object]","LB-JL|Chouf|Breih","true"
"LB-LOC-7CD0A8BA8502","LB","LB-GOV-MLB","LB-DIST-860EEECDA270","","","","","Brika","","populated-place","","","missing","none","","missing","unresolved","","[object Object]","LB-JL|Chouf|Brika","true"
"LB-LOC-8325DF086679","LB","LB-GOV-MLB","LB-DIST-860EEECDA270","","","","","Bsaba-CH","","populated-place","","","missing","none","","missing","unresolved","","[object Object]","LB-JL|Chouf|Bsaba-CH","true"
"LB-LOC-03B1D627CF43","LB","LB-GOV-MLB","LB-DIST-860EEECDA270","","","","","Btater-CH","","populated-place","","","missing","none","","missing","unresolved","","[object Object]","LB-JL|Chouf|Btater-CH","true"
"LB-LOC-F2686750AF35","LB","LB-GOV-MLB","LB-DIST-860EEECDA270","","","","","Btatloun_ech-Chouf","","populated-place","","","missing","none","","missing","unresolved","","[object Object]","LB-JL|Chouf|Btatloun_ech-Chouf","true"
"LB-LOC-B28C1230A292","LB","LB-GOV-MLB","LB-DIST-860EEECDA270","","","","","Charoune-CH","","populated-place","","","missing","none","","missing","unresolved","","[object Object]","LB-JL|Chouf|Charoune-CH","true"
"LB-LOC-9FA7A5201EFD","LB","LB-GOV-MLB","LB-DIST-860EEECDA270","","","","","Chhim","","populated-place","","","missing","none","","missing","unresolved","","[object Object]","LB-JL|Chouf|Chhim","true"
"LB-LOC-6ECF1FCDA552","LB","LB-GOV-MLB","LB-DIST-860EEECDA270","","","","","Chhim_ech-Chouf","","populated-place","","","missing","none","","missing","unresolved","","[object Object]","LB-JL|Chouf|Chhim_ech-Chouf","true"
"LB-LOC-59BCD2DD6213","LB","LB-GOV-MLB","LB-DIST-860EEECDA270","","","","","Chourit","","populated-place","","","missing","none","","missing","unresolved","","[object Object]","LB-JL|Chouf|Chourit","true"
"LB-LOC-E1358A6D686D","LB","LB-GOV-MLB","LB-DIST-860EEECDA270","","","","","Daaybeh","","populated-place","","","missing","none","","missing","unresolved","","[object Object]","LB-JL|Chouf|Daaybeh","true"
"LB-LOC-EEC19A2EE8A2","LB","LB-GOV-MLB","LB-DIST-860EEECDA270","","","","","Dalyet_ech-Chouf","","populated-place","","","missing","none","","missing","unresolved","","[object Object]","LB-JL|Chouf|Dalyet_ech-Chouf","true"
"LB-LOC-5CC155A31197","LB","LB-GOV-MLB","LB-DIST-860EEECDA270","","","","","Damour","","populated-place","","","missing","none","","missing","unresolved","","[object Object]","LB-JL|Chouf|Damour","true"
"LB-LOC-D18B6F1C361D","LB","LB-GOV-MLB","LB-DIST-860EEECDA270","","","","","Damour_el-Aala","","populated-place","","","missing","none","","missing","unresolved","","[object Object]","LB-JL|Chouf|Damour_el-Aala","true"
"LB-LOC-9A66523884CF","LB","LB-GOV-MLB","LB-DIST-860EEECDA270","","","","","Daraya-Chouf","","populated-place","","","missing","none","","missing","unresolved","","[object Object]","LB-JL|Chouf|Daraya-Chouf","true"
"LB-LOC-1D6121EF6BD7","LB","LB-GOV-MLB","LB-DIST-860EEECDA270","","","","","Daraya_ech-Choufiye","","populated-place","","","missing","none","","missing","unresolved","","[object Object]","LB-JL|Chouf|Daraya_ech-Choufiye","true"
"LB-LOC-D461B4F53EC2","LB","LB-GOV-MLB","LB-DIST-860EEECDA270","","","","","Deir_Baba","","populated-place","","","missing","none","","missing","unresolved","","[object Object]","LB-JL|Chouf|Deir_Baba","true"
"LB-LOC-3C60C2252E30","LB","LB-GOV-MLB","LB-DIST-860EEECDA270","","","","","Deir_Dourit","","populated-place","","","missing","none","","missing","unresolved","","[object Object]","LB-JL|Chouf|Deir_Dourit","true"
"LB-LOC-7923D1794B94","LB","LB-GOV-MLB","LB-DIST-860EEECDA270","","","","","Deir_el-Qamar","","populated-place","","","missing","none","","missing","unresolved","","[object Object]","LB-JL|Chouf|Deir_el-Qamar","true"
"LB-LOC-786BD2D75782","LB","LB-GOV-MLB","LB-DIST-860EEECDA270","","","","","Deir_el-Qamar_el-Aala","","populated-place","","","missing","none","","missing","unresolved","","[object Object]","LB-JL|Chouf|Deir_el-Qamar_el-Aala","true"
"LB-LOC-031BC5BA503D","LB","LB-GOV-MLB","LB-DIST-860EEECDA270","","","","","Dhahr_el-Mghara-CH","","populated-place","","","missing","none","","missing","unresolved","","[object Object]","LB-JL|Chouf|Dhahr_el-Mghara-CH","true"
"LB-LOC-C1CB538335B5","LB","LB-GOV-MLB","LB-DIST-860EEECDA270","","","","","Faradis","","populated-place","","","missing","none","","missing","unresolved","","[object Object]","LB-JL|Chouf|Faradis","true"
"LB-LOC-4FD93782272F","LB","LB-GOV-MLB","LB-DIST-860EEECDA270","","","","","Ghaboun-CH","","populated-place","","","missing","none","","missing","unresolved","","[object Object]","LB-JL|Chouf|Ghaboun-CH","true"
"LB-LOC-91A1B2B01BE4","LB","LB-GOV-MLB","LB-DIST-860EEECDA270","","","","","Ghaylan","","populated-place","","","missing","none","","missing","unresolved","","[object Object]","LB-JL|Chouf|Ghaylan","true"
"LB-LOC-7B4A7224C402","LB","LB-GOV-MLB","LB-DIST-860EEECDA270","","","","","Hasbaya_ech-Chouf","","populated-place","","","missing","none","","missing","unresolved","","[object Object]","LB-JL|Chouf|Hasbaya_ech-Chouf","true"
"LB-LOC-6A424464D881","LB","LB-GOV-MLB","LB-DIST-860EEECDA270","","","","","Houmine_el-Fawqa","","populated-place","","","missing","none","","missing","unresolved","","[object Object]","LB-JL|Chouf|Houmine_el-Fawqa","true"
"LB-LOC-493440B3919B","LB","LB-GOV-MLB","LB-DIST-860EEECDA270","","","","","Houmine_et-Tahta","","populated-place","","","missing","none","","missing","unresolved","","[object Object]","LB-JL|Chouf|Houmine_et-Tahta","true"
"LB-LOC-9BF4EB729E1A","LB","LB-GOV-MLB","LB-DIST-860EEECDA270","","","","","Jahiliye","","populated-place","","","missing","none","","missing","unresolved","","[object Object]","LB-JL|Chouf|Jahiliye","true"
"LB-LOC-55327E1CE577","LB","LB-GOV-MLB","LB-DIST-860EEECDA270","","","","","Jahliye-2","","populated-place","","","missing","none","","missing","unresolved","","[object Object]","LB-JL|Chouf|Jahliye-2","true"
"LB-LOC-EC931D38DD2B","LB","LB-GOV-MLB","LB-DIST-860EEECDA270","","","","","Jbaa-CH","","populated-place","","","missing","none","","missing","unresolved","","[object Object]","LB-JL|Chouf|Jbaa-CH","true"
"LB-LOC-EA83277B21C8","LB","LB-GOV-MLB","LB-DIST-860EEECDA270","","","","","Jdeidet_ech-Chouf","","populated-place","","","missing","none","","missing","unresolved","","[object Object]","LB-JL|Chouf|Jdeidet_ech-Chouf","true"
"LB-LOC-0629C9E32F7F","LB","LB-GOV-MLB","LB-DIST-860EEECDA270","","","","","Jiyeh","","populated-place","","","missing","none","","missing","unresolved","","[object Object]","LB-JL|Chouf|Jiyeh","true"
"LB-LOC-ABB7C2F2F8FD","LB","LB-GOV-MLB","LB-DIST-860EEECDA270","","","","","Joun","","populated-place","","","missing","none","","missing","unresolved","","[object Object]","LB-JL|Chouf|Joun","true"
"LB-LOC-8A7EE9014068","LB","LB-GOV-MLB","LB-DIST-860EEECDA270","","","","","Ketermaya","","populated-place","","","missing","none","","missing","unresolved","","[object Object]","LB-JL|Chouf|Ketermaya","true"
"LB-LOC-995F9434698E","LB","LB-GOV-MLB","LB-DIST-860EEECDA270","","","","","Kfar_Beit","","populated-place","","","missing","none","","missing","unresolved","","[object Object]","LB-JL|Chouf|Kfar_Beit","true"
"LB-LOC-5A86AD85EF11","LB","LB-GOV-MLB","LB-DIST-860EEECDA270","","","","","Kfar_Faqoud","","populated-place","","","missing","none","","missing","unresolved","","[object Object]","LB-JL|Chouf|Kfar_Faqoud","true"
"LB-LOC-59174E80DF4E","LB","LB-GOV-MLB","LB-DIST-860EEECDA270","","","","","Kfar_Him-CH","","populated-place","","","missing","none","","missing","unresolved","","[object Object]","LB-JL|Chouf|Kfar_Him-CH","true"
"LB-LOC-931EC5AFF86B","LB","LB-GOV-MLB","LB-DIST-860EEECDA270","","","","","Kfar_Houne","","populated-place","","","missing","none","","missing","unresolved","","[object Object]","LB-JL|Chouf|Kfar_Houne","true"
"LB-LOC-9258B8A217E4","LB","LB-GOV-MLB","LB-DIST-860EEECDA270","","","","","Kfar_Milki","","populated-place","","","missing","none","","missing","unresolved","","[object Object]","LB-JL|Chouf|Kfar_Milki","true"
"LB-LOC-01157B2E1219","LB","LB-GOV-MLB","LB-DIST-860EEECDA270","","","","","Kfar_Nabrakh","","populated-place","","","missing","none","","missing","unresolved","","[object Object]","LB-JL|Chouf|Kfar_Nabrakh","true"
"LB-LOC-7E6BDAA3405F","LB","LB-GOV-MLB","LB-DIST-860EEECDA270","","","","","Kfar_Nabrakh-CH2","","populated-place","","","missing","none","","missing","unresolved","","[object Object]","LB-JL|Chouf|Kfar_Nabrakh-CH2","true"
"LB-LOC-6ABE84F45458","LB","LB-GOV-MLB","LB-DIST-860EEECDA270","","","","","Kfar_Nabrakh_es-Soufla","","populated-place","","","missing","none","","missing","unresolved","","[object Object]","LB-JL|Chouf|Kfar_Nabrakh_es-Soufla","true"
"LB-LOC-38089A760B68","LB","LB-GOV-MLB","LB-DIST-860EEECDA270","","","","","Kfar_Qatra-CH","","populated-place","","","missing","none","","missing","unresolved","","[object Object]","LB-JL|Chouf|Kfar_Qatra-CH","true"
"LB-LOC-E43E47861EB8","LB","LB-GOV-MLB","LB-DIST-860EEECDA270","","","","","Kfar_Qouq_ech-Chouf","","populated-place","","","missing","none","","missing","unresolved","","[object Object]","LB-JL|Chouf|Kfar_Qouq_ech-Chouf","true"
"LB-LOC-539D3FF074D6","LB","LB-GOV-MLB","LB-DIST-860EEECDA270","","","","","Kfar_Qouq_ech-Choufi","","populated-place","","","missing","none","","missing","unresolved","","[object Object]","LB-JL|Chouf|Kfar_Qouq_ech-Choufi","true"
"LB-LOC-6318C34D6F36","LB","LB-GOV-MLB","LB-DIST-860EEECDA270","","","","","Khalwat_el-Bayada","","populated-place","","","missing","none","","missing","unresolved","","[object Object]","LB-JL|Chouf|Khalwat_el-Bayada","true"
"LB-LOC-F7FAD3B99274","LB","LB-GOV-MLB","LB-DIST-860EEECDA270","","","","","Khirbet_Bisri","","populated-place","","","missing","none","","missing","unresolved","","[object Object]","LB-JL|Chouf|Khirbet_Bisri","true"
"LB-LOC-374D25AC745C","LB","LB-GOV-MLB","LB-DIST-860EEECDA270","","","","","Khreibeh-CH","","populated-place","","","missing","none","","missing","unresolved","","[object Object]","LB-JL|Chouf|Khreibeh-CH","true"
"LB-LOC-7F808967D450","LB","LB-GOV-MLB","LB-DIST-860EEECDA270","","","","","Kniseh-CH","","populated-place","","","missing","none","","missing","unresolved","","[object Object]","LB-JL|Chouf|Kniseh-CH","true"
"LB-LOC-55C47F880233","LB","LB-GOV-MLB","LB-DIST-860EEECDA270","","","","","Kniseh_ech-Choufiye","","populated-place","","","missing","none","","missing","unresolved","","[object Object]","LB-JL|Chouf|Kniseh_ech-Choufiye","true"
"LB-LOC-7A6A50FA450C","LB","LB-GOV-MLB","LB-DIST-860EEECDA270","","","","","Maaser-CH","","populated-place","","","missing","none","","missing","unresolved","","[object Object]","LB-JL|Chouf|Maaser-CH","true"
"LB-LOC-E0C66FA6773E","LB","LB-GOV-MLB","LB-DIST-860EEECDA270","","","","","Maaser_Beit_ed-Dine","","populated-place","","","missing","none","","missing","unresolved","","[object Object]","LB-JL|Chouf|Maaser_Beit_ed-Dine","true"
"LB-LOC-638003D16146","LB","LB-GOV-MLB","LB-DIST-860EEECDA270","","","","","Maaseriti-CH","","populated-place","","","missing","none","","missing","unresolved","","[object Object]","LB-JL|Chouf|Maaseriti-CH","true"
"LB-LOC-33F4631E3616","LB","LB-GOV-MLB","LB-DIST-860EEECDA270","","","","","Madirej","","populated-place","","","missing","none","","missing","unresolved","","[object Object]","LB-JL|Chouf|Madirej","true"
"LB-LOC-398B5E6A565E","LB","LB-GOV-MLB","LB-DIST-860EEECDA270","","","","","Mahattat_Joun","","populated-place","","","missing","none","","missing","unresolved","","[object Object]","LB-JL|Chouf|Mahattat_Joun","true"
"LB-LOC-91B44A784D22","LB","LB-GOV-MLB","LB-DIST-860EEECDA270","","","","","Majdalouna","","populated-place","34.367330192128264","35.88612634700445","repository-reference","lebgis_staging_gpkg_extent","","missing","unresolved","","[object Object]","LB-JL|Chouf|Majdalouna","true"
"LB-LOC-0FA50ED303AA","LB","LB-GOV-MLB","LB-DIST-860EEECDA270","","","","","Maqtaa","","populated-place","","","missing","none","","missing","unresolved","","[object Object]","LB-JL|Chouf|Maqtaa","true"
"LB-LOC-82705873857A","LB","LB-GOV-MLB","LB-DIST-860EEECDA270","","","","","Marj_Bisri","","populated-place","","","missing","none","","missing","unresolved","","[object Object]","LB-JL|Chouf|Marj_Bisri","true"
"LB-LOC-52C2C6108FEA","LB","LB-GOV-MLB","LB-DIST-860EEECDA270","","","","","Marj_Bisri_el-Aala","","populated-place","","","missing","none","","missing","unresolved","","[object Object]","LB-JL|Chouf|Marj_Bisri_el-Aala","true"
"LB-LOC-34C27F7B9C9F","LB","LB-GOV-MLB","LB-DIST-860EEECDA270","","","","","Mazboud","","populated-place","","","missing","none","","missing","unresolved","","[object Object]","LB-JL|Chouf|Mazboud","true"
"LB-LOC-D795EE00E3CA","LB","LB-GOV-MLB","LB-DIST-860EEECDA270","","","","","Mazraa-CH","","populated-place","","","missing","none","","missing","unresolved","","[object Object]","LB-JL|Chouf|Mazraa-CH","true"
"LB-LOC-7E6ECD9135F7","LB","LB-GOV-MLB","LB-DIST-860EEECDA270","","","","","Mazraa_el-Fawqa-CH","","populated-place","","","missing","none","","missing","unresolved","","[object Object]","LB-JL|Chouf|Mazraa_el-Fawqa-CH","true"
"LB-LOC-2E10B488E49B","LB","LB-GOV-MLB","LB-DIST-860EEECDA270","","","","","Mazraa_el-Gharbiye","","populated-place","","","missing","none","","missing","unresolved","","[object Object]","LB-JL|Chouf|Mazraa_el-Gharbiye","true"
"LB-LOC-FAF77B9A5C3B","LB","LB-GOV-MLB","LB-DIST-860EEECDA270","","","","","Mazraat_Beit_ed-Dine","","populated-place","","","missing","none","","missing","unresolved","","[object Object]","LB-JL|Chouf|Mazraat_Beit_ed-Dine","true"
"LB-LOC-7C4C6CD12CB7","LB","LB-GOV-MLB","LB-DIST-860EEECDA270","","","","","Mazraat_ech-Chouf","","populated-place","","","missing","none","","missing","unresolved","","[object Object]","LB-JL|Chouf|Mazraat_ech-Chouf","true"
"LB-LOC-77EB3062D9F6","LB","LB-GOV-MLB","LB-DIST-860EEECDA270","","","","","Moukhtara","","populated-place","","","missing","none","","missing","unresolved","","[object Object]","LB-JL|Chouf|Moukhtara","true"
"LB-LOC-CD10C7C214F3","LB","LB-GOV-MLB","LB-DIST-860EEECDA270","","","","","Moukhtara_el-Aala","","populated-place","","","missing","none","","missing","unresolved","","[object Object]","LB-JL|Chouf|Moukhtara_el-Aala","true"
"LB-LOC-B2C68BDA7358","LB","LB-GOV-MLB","LB-DIST-860EEECDA270","","","","","Moustayita","","populated-place","","","missing","none","","missing","unresolved","","[object Object]","LB-JL|Chouf|Moustayita","true"
"LB-LOC-9DF887952EB5","LB","LB-GOV-MLB","LB-DIST-860EEECDA270","","","","","Mrah_ez-Ziyat","","populated-place","","","missing","none","","missing","unresolved","","[object Object]","LB-JL|Chouf|Mrah_ez-Ziyat","true"
"LB-LOC-2E5DFD40D5B6","LB","LB-GOV-MLB","LB-DIST-860EEECDA270","","","","","Mresti","","populated-place","","","missing","none","","missing","unresolved","","[object Object]","LB-JL|Chouf|Mresti","true"
"LB-LOC-5DC42C15EBA8","LB","LB-GOV-MLB","LB-DIST-860EEECDA270","","","","","Naameh","","populated-place","","","missing","none","","missing","unresolved","","[object Object]","LB-JL|Chouf|Naameh","true"
"LB-LOC-6B48BBBD1288","LB","LB-GOV-MLB","LB-DIST-860EEECDA270","","","","","Niha-CH-2","","populated-place","","","missing","none","","missing","unresolved","","[object Object]","LB-JL|Chouf|Niha-CH-2","true"
"LB-LOC-7D2B89E9184F","LB","LB-GOV-MLB","LB-DIST-860EEECDA270","","","","","Niha_ech-Chouf","","populated-place","","","missing","none","","missing","unresolved","","[object Object]","LB-JL|Chouf|Niha_ech-Chouf","true"
"LB-LOC-7D654747DF97","LB","LB-GOV-MLB","LB-DIST-860EEECDA270","","","","","Qasimiye-CH","","populated-place","","","missing","none","","missing","unresolved","","[object Object]","LB-JL|Chouf|Qasimiye-CH","true"
"LB-LOC-BC52609BB7C1","LB","LB-GOV-MLB","LB-DIST-860EEECDA270","","","","","Raml_ech-Chouf","","populated-place","","","missing","none","","missing","unresolved","","[object Object]","LB-JL|Chouf|Raml_ech-Chouf","true"
"LB-LOC-DD3E1ABBD6AD","LB","LB-GOV-MLB","LB-DIST-860EEECDA270","","","","","Ramliyeh","","populated-place","","","missing","none","","missing","unresolved","","[object Object]","LB-JL|Chouf|Ramliyeh","true"
"LB-LOC-9F82B9C11294","LB","LB-GOV-MLB","LB-DIST-860EEECDA270","","","","","Rashein-CH","","populated-place","","","missing","none","","missing","unresolved","","[object Object]","LB-JL|Chouf|Rashein-CH","true"
"LB-LOC-5FC800D39336","LB","LB-GOV-MLB","LB-DIST-860EEECDA270","","","","","Semqaniye","","populated-place","","","missing","none","","missing","unresolved","","[object Object]","LB-JL|Chouf|Semqaniye","true"
"LB-LOC-1B5BCF7BA624","LB","LB-GOV-MLB","LB-DIST-860EEECDA270","","","","","Semqaniye_el-Aala","","populated-place","","","missing","none","","missing","unresolved","","[object Object]","LB-JL|Chouf|Semqaniye_el-Aala","true"
"LB-LOC-A4F07764B474","LB","LB-GOV-MLB","LB-DIST-860EEECDA270","","","","","Sibline","","populated-place","","","missing","none","","missing","unresolved","","[object Object]","LB-JL|Chouf|Sibline","true"
"LB-LOC-702492EDEB9E","LB","LB-GOV-MLB","LB-DIST-860EEECDA270","","","","","Wadi_ed-Damour","","populated-place","","","missing","none","","missing","unresolved","","[object Object]","LB-JL|Chouf|Wadi_ed-Damour","true"
"LB-LOC-7F4C50195368","LB","LB-GOV-MLB","LB-DIST-860EEECDA270","","","","","Wadi_el-Jawz-CH","","populated-place","","","missing","none","","missing","unresolved","","[object Object]","LB-JL|Chouf|Wadi_el-Jawz-CH","true"
"LB-LOC-2278514160A9","LB","LB-GOV-MLB","LB-DIST-860EEECDA270","","","","","Wadi_es-Sit","","populated-place","","","missing","none","","missing","unresolved","","[object Object]","LB-JL|Chouf|Wadi_es-Sit","true"
"LB-LOC-D073E88203FC","LB","LB-GOV-MLB","LB-DIST-860EEECDA270","","","","","Wadi_ez-Zeineh","","populated-place","","","missing","none","","missing","unresolved","","[object Object]","LB-JL|Chouf|Wadi_ez-Zeineh","true"
"LB-LOC-B0C163B2507F","LB","LB-GOV-MLB","LB-DIST-860EEECDA270","","","","","Wardaniye-CH","","populated-place","","","missing","none","","missing","unresolved","","[object Object]","LB-JL|Chouf|Wardaniye-CH","true"
"LB-LOC-523A7E1F57DA","LB","LB-GOV-MLB","LB-DIST-6CBC5E139FD3","","","","","Achkout-MT","","populated-place","","","missing","none","","missing","unresolved","","[object Object]","LB-JL|El_Metn|Achkout-MT","true"
"LB-LOC-050EB8321E8F","LB","LB-GOV-MLB","LB-DIST-6CBC5E139FD3","","","","","Ain_Alaq","","populated-place","","","missing","none","","missing","unresolved","","[object Object]","LB-JL|El_Metn|Ain_Alaq","true"
"LB-LOC-EE978EEADC35","LB","LB-GOV-MLB","LB-DIST-6CBC5E139FD3","","","","","Ain_Saadeh","","populated-place","","","missing","none","","missing","unresolved","","[object Object]","LB-JL|El_Metn|Ain_Saadeh","true"
"LB-LOC-E6CD040B05F9","LB","LB-GOV-MLB","LB-DIST-6CBC5E139FD3","","","","","Ain_es-Safsafeh","","populated-place","","","missing","none","","missing","unresolved","","[object Object]","LB-JL|El_Metn|Ain_es-Safsafeh","true"
"LB-LOC-97A9C7A316E8","LB","LB-GOV-MLB","LB-DIST-6CBC5E139FD3","","","","","Ain_es-Sindyaneh","","populated-place","","","missing","none","","missing","unresolved","","[object Object]","LB-JL|El_Metn|Ain_es-Sindyaneh","true"
"LB-LOC-27AD4E8A0787","LB","LB-GOV-MLB","LB-DIST-6CBC5E139FD3","","","","","Antelias","","populated-place","","","missing","none","","missing","unresolved","","[object Object]","LB-JL|El_Metn|Antelias","true"
"LB-LOC-BFFD18BB2F30","LB","LB-GOV-MLB","LB-DIST-6CBC5E139FD3","","","","","Antelias_Sahel","","populated-place","34.36339750621427","35.871933640822824","repository-reference","lebgis_staging_gpkg_extent","","missing","unresolved","","[object Object]","LB-JL|El_Metn|Antelias_Sahel","true"
"LB-LOC-5C7DBC5A66D8","LB","LB-GOV-MLB","LB-DIST-6CBC5E139FD3","","","","","Arsoun","","populated-place","","","missing","none","","missing","unresolved","","[object Object]","LB-JL|El_Metn|Arsoun","true"
"LB-LOC-EBEC5CEE4235","LB","LB-GOV-MLB","LB-DIST-6CBC5E139FD3","","","","","Atchaneh","","populated-place","","","missing","none","","missing","unresolved","","[object Object]","LB-JL|El_Metn|Atchaneh","true"
"LB-LOC-BEE2CDB2DA6E","LB","LB-GOV-MLB","LB-DIST-6CBC5E139FD3","","","","","Baabdat-MT","","populated-place","","","missing","none","","missing","unresolved","","[object Object]","LB-JL|El_Metn|Baabdat-MT","true"
"LB-LOC-C70113329F72","LB","LB-GOV-MLB","LB-DIST-6CBC5E139FD3","","","","","Baalshmay","","populated-place","","","missing","none","","missing","unresolved","","[object Object]","LB-JL|El_Metn|Baalshmay","true"
"LB-LOC-8AE40435683A","LB","LB-GOV-MLB","LB-DIST-6CBC5E139FD3","","","","","Baskinta","","populated-place","34.45804820979031","35.969967414419145","repository-reference","lebgis_staging_gpkg_extent","","missing","unresolved","","[object Object]","LB-JL|El_Metn|Baskinta","true"
"LB-LOC-03978F41B3BE","LB","LB-GOV-MLB","LB-DIST-6CBC5E139FD3","","","","","Baskinta_el-Aala","","populated-place","","","missing","none","","missing","unresolved","","[object Object]","LB-JL|El_Metn|Baskinta_el-Aala","true"
"LB-LOC-C4559C8824E7","LB","LB-GOV-MLB","LB-DIST-6CBC5E139FD3","","","","","Beit_Chabab","","populated-place","","","missing","none","","missing","unresolved","","[object Object]","LB-JL|El_Metn|Beit_Chabab","true"
"LB-LOC-256A59071C3B","LB","LB-GOV-MLB","LB-DIST-6CBC5E139FD3","","","","","Beit_Mery","","populated-place","34.4560725486575","35.96677634844502","repository-reference","lebgis_staging_gpkg_extent","","missing","unresolved","","[object Object]","LB-JL|El_Metn|Beit_Mery","true"
"LB-LOC-1BD0F11F2653","LB","LB-GOV-MLB","LB-DIST-6CBC5E139FD3","","","","","Beit_Mery_et-Tahta","","populated-place","","","missing","none","","missing","unresolved","","[object Object]","LB-JL|El_Metn|Beit_Mery_et-Tahta","true"
"LB-LOC-D7F887521349","LB","LB-GOV-MLB","LB-DIST-6CBC5E139FD3","","","","","Beit_ech-Chaar","","populated-place","","","missing","none","","missing","unresolved","","[object Object]","LB-JL|El_Metn|Beit_ech-Chaar","true"
"LB-LOC-4FF47EE60C94","LB","LB-GOV-MLB","LB-DIST-6CBC5E139FD3","","","","","Bikfaya","","populated-place","","","missing","none","","missing","unresolved","","[object Object]","LB-JL|El_Metn|Bikfaya","true"
"LB-LOC-D6215DE7D20F","LB","LB-GOV-MLB","LB-DIST-6CBC5E139FD3","","","","","Bouchrieh","","populated-place","","","missing","none","","missing","unresolved","","[object Object]","LB-JL|El_Metn|Bouchrieh","true"
"LB-LOC-A5D48CF278AA","LB","LB-GOV-MLB","LB-DIST-6CBC5E139FD3","","","","","Bourj_Hammoud","","populated-place","34.45600031381558","35.96681762625022","repository-reference","lebgis_staging_gpkg_extent","","missing","unresolved","","[object Object]","LB-JL|El_Metn|Bourj_Hammoud","true"
"LB-LOC-F4B48427EE16","LB","LB-GOV-MLB","LB-DIST-6CBC5E139FD3","","","","","Broummana","","populated-place","","","missing","none","","missing","unresolved","","[object Object]","LB-JL|El_Metn|Broummana","true"
"LB-LOC-FE7A9EAAC52D","LB","LB-GOV-MLB","LB-DIST-6CBC5E139FD3","","","","","Bsalim","","populated-place","","","missing","none","","missing","unresolved","","[object Object]","LB-JL|El_Metn|Bsalim","true"
"LB-LOC-74FBBAFF503A","LB","LB-GOV-MLB","LB-DIST-6CBC5E139FD3","","","","","Btater-MT","","populated-place","","","missing","none","","missing","unresolved","","[object Object]","LB-JL|El_Metn|Btater-MT","true"
"LB-LOC-E7C0E49B6039","LB","LB-GOV-MLB","LB-DIST-6CBC5E139FD3","","","","","Btighrine","","populated-place","","","missing","none","","missing","unresolved","","[object Object]","LB-JL|El_Metn|Btighrine","true"
"LB-LOC-E542DFD6B4C3","LB","LB-GOV-MLB","LB-DIST-6CBC5E139FD3","","","","","Bzebbdine","","populated-place","","","missing","none","","missing","unresolved","","[object Object]","LB-JL|El_Metn|Bzebbdine","true"
"LB-LOC-3A83FB8C30BD","LB","LB-GOV-MLB","LB-DIST-6CBC5E139FD3","","","","","Chabanieh","","populated-place","","","missing","none","","missing","unresolved","","[object Object]","LB-JL|El_Metn|Chabanieh","true"
"LB-LOC-DAA9CDD473F5","LB","LB-GOV-MLB","LB-DIST-6CBC5E139FD3","","","","","Choueifat_el-Metn","","populated-place","","","missing","none","","missing","unresolved","","[object Object]","LB-JL|El_Metn|Choueifat_el-Metn","true"
"LB-LOC-DF406BB063F7","LB","LB-GOV-MLB","LB-DIST-6CBC5E139FD3","","","","","Dbayeh","","populated-place","","","missing","none","","missing","unresolved","","[object Object]","LB-JL|El_Metn|Dbayeh","true"
"LB-LOC-E233D88B0C73","LB","LB-GOV-MLB","LB-DIST-6CBC5E139FD3","","","","","Deir_Mar_Charbel","","populated-place","","","missing","none","","missing","unresolved","","[object Object]","LB-JL|El_Metn|Deir_Mar_Charbel","true"
"LB-LOC-064876BA3EC9","LB","LB-GOV-MLB","LB-DIST-6CBC5E139FD3","","","","","Deir_Mar_Elias","","populated-place","","","missing","none","","missing","unresolved","","[object Object]","LB-JL|El_Metn|Deir_Mar_Elias","true"
"LB-LOC-36D1796A6BDD","LB","LB-GOV-MLB","LB-DIST-6CBC5E139FD3","","","","","Deir_el-Harf-MT","","populated-place","","","missing","none","","missing","unresolved","","[object Object]","LB-JL|El_Metn|Deir_el-Harf-MT","true"
"LB-LOC-8C76E821F40D","LB","LB-GOV-MLB","LB-DIST-6CBC5E139FD3","","","","","Dekwaneh","","populated-place","","","missing","none","","missing","unresolved","","[object Object]","LB-JL|El_Metn|Dekwaneh","true"
"LB-LOC-59446F2771D3","LB","LB-GOV-MLB","LB-DIST-6CBC5E139FD3","","","","","Dhahr_es-Souane","","populated-place","","","missing","none","","missing","unresolved","","[object Object]","LB-JL|El_Metn|Dhahr_es-Souane","true"
"LB-LOC-AFBEB6AFADCF","LB","LB-GOV-MLB","LB-DIST-6CBC5E139FD3","","","","","Dhour_Bikfaya","","populated-place","","","missing","none","","missing","unresolved","","[object Object]","LB-JL|El_Metn|Dhour_Bikfaya","true"
"LB-LOC-A2A6044B2A4D","LB","LB-GOV-MLB","LB-DIST-6CBC5E139FD3","","","","","Dhour_Choueir","","populated-place","","","missing","none","","missing","unresolved","","[object Object]","LB-JL|El_Metn|Dhour_Choueir","true"
"LB-LOC-200F58C3E624","LB","LB-GOV-MLB","LB-DIST-6CBC5E139FD3","","","","","Dwar","","populated-place","","","missing","none","","missing","unresolved","","[object Object]","LB-JL|El_Metn|Dwar","true"
"LB-LOC-210F2D9FC77A","LB","LB-GOV-MLB","LB-DIST-6CBC5E139FD3","","","","","El-Barjein-MT","","populated-place","","","missing","none","","missing","unresolved","","[object Object]","LB-JL|El_Metn|El-Barjein-MT","true"
"LB-LOC-0C7D2232EB73","LB","LB-GOV-MLB","LB-DIST-6CBC5E139FD3","","","","","El-Fanar","","populated-place","","","missing","none","","missing","unresolved","","[object Object]","LB-JL|El_Metn|El-Fanar","true"
"LB-LOC-41EC1907B0CB","LB","LB-GOV-MLB","LB-DIST-6CBC5E139FD3","","","","","El-Hamra-MT","","populated-place","","","missing","none","","missing","unresolved","","[object Object]","LB-JL|El_Metn|El-Hamra-MT","true"
"LB-LOC-CE862C6CF65C","LB","LB-GOV-MLB","LB-DIST-6CBC5E139FD3","","","","","El-Mansif","","populated-place","","","missing","none","","missing","unresolved","","[object Object]","LB-JL|El_Metn|El-Mansif","true"
"LB-LOC-1CA24791E479","LB","LB-GOV-MLB","LB-DIST-6CBC5E139FD3","","","","","El-Mtein","","populated-place","","","missing","none","","missing","unresolved","","[object Object]","LB-JL|El_Metn|El-Mtein","true"
"LB-LOC-91DB8AFAFA16","LB","LB-GOV-MLB","LB-DIST-6CBC5E139FD3","","","","","Et-Tin","","populated-place","","","missing","none","","missing","unresolved","","[object Object]","LB-JL|El_Metn|Et-Tin","true"
"LB-LOC-703C07069774","LB","LB-GOV-MLB","LB-DIST-6CBC5E139FD3","","","","","Falougha","","populated-place","","","missing","none","","missing","unresolved","","[object Object]","LB-JL|El_Metn|Falougha","true"
"LB-LOC-490E68FE517A","LB","LB-GOV-MLB","LB-DIST-6CBC5E139FD3","","","","","Farhat","","populated-place","","","missing","none","","missing","unresolved","","[object Object]","LB-JL|El_Metn|Farhat","true"
"LB-LOC-558845300D25","LB","LB-GOV-MLB","LB-DIST-6CBC5E139FD3","","","","","Hamlaya","","populated-place","","","missing","none","","missing","unresolved","","[object Object]","LB-JL|El_Metn|Hamlaya","true"
"LB-LOC-40E5813F5DF8","LB","LB-GOV-MLB","LB-DIST-6CBC5E139FD3","","","","","Haylaneh","","populated-place","","","missing","none","","missing","unresolved","","[object Object]","LB-JL|El_Metn|Haylaneh","true"
"LB-LOC-508379D85177","LB","LB-GOV-MLB","LB-DIST-6CBC5E139FD3","","","","","Hazmieh","","populated-place","","","missing","none","","missing","unresolved","","[object Object]","LB-JL|El_Metn|Hazmieh","true"
"LB-LOC-ECC3F504DCA8","LB","LB-GOV-MLB","LB-DIST-6CBC5E139FD3","","","","","Ilij","","populated-place","","","missing","none","","missing","unresolved","","[object Object]","LB-JL|El_Metn|Ilij","true"
"LB-LOC-5978587EB1B3","LB","LB-GOV-MLB","LB-DIST-6CBC5E139FD3","","","","","Iqlim_el-Kharroub-MT","","populated-place","","","missing","none","","missing","unresolved","","[object Object]","LB-JL|El_Metn|Iqlim_el-Kharroub-MT","true"
"LB-LOC-170702AE91EB","LB","LB-GOV-MLB","LB-DIST-6CBC5E139FD3","","","","","Jamhour","","populated-place","","","missing","none","","missing","unresolved","","[object Object]","LB-JL|El_Metn|Jamhour","true"
"LB-LOC-077A9BA584B7","LB","LB-GOV-MLB","LB-DIST-6CBC5E139FD3","","","","","Jamhour_ech-Chamaliye","","populated-place","","","missing","none","","missing","unresolved","","[object Object]","LB-JL|El_Metn|Jamhour_ech-Chamaliye","true"
"LB-LOC-6F06E2E872AB","LB","LB-GOV-MLB","LB-DIST-6CBC5E139FD3","","","","","Jbeil_el-Metn","","populated-place","","","missing","none","","missing","unresolved","","[object Object]","LB-JL|El_Metn|Jbeil_el-Metn","true"
"LB-LOC-A9F445F89B5B","LB","LB-GOV-MLB","LB-DIST-6CBC5E139FD3","","","","","Jdeideh","","populated-place","","","missing","none","","missing","unresolved","","[object Object]","LB-JL|El_Metn|Jdeideh","true"
"LB-LOC-7AC1738FEBD7","LB","LB-GOV-MLB","LB-DIST-6CBC5E139FD3","","","","","Jezzine_el-Metn","","populated-place","","","missing","none","","missing","unresolved","","[object Object]","LB-JL|El_Metn|Jezzine_el-Metn","true"
"LB-LOC-B1CC5F7C65BE","LB","LB-GOV-MLB","LB-DIST-6CBC5E139FD3","","","","","Jisr_el-Qadi","","populated-place","","","missing","none","","missing","unresolved","","[object Object]","LB-JL|El_Metn|Jisr_el-Qadi","true"
"LB-LOC-8C4EC71EFC87","LB","LB-GOV-MLB","LB-DIST-6CBC5E139FD3","","","","","Jwar_el-Hawz","","populated-place","","","missing","none","","missing","unresolved","","[object Object]","LB-JL|El_Metn|Jwar_el-Hawz","true"
"LB-LOC-058396174017","LB","LB-GOV-MLB","LB-DIST-6CBC5E139FD3","","","","","Jwar_el-Hawz_el-Metn","","populated-place","","","missing","none","","missing","unresolved","","[object Object]","LB-JL|El_Metn|Jwar_el-Hawz_el-Metn","true"
"LB-LOC-DF86F132B0B0","LB","LB-GOV-MLB","LB-DIST-6CBC5E139FD3","","","","","Kaslik-MT","","populated-place","","","missing","none","","missing","unresolved","","[object Object]","LB-JL|El_Metn|Kaslik-MT","true"
"LB-LOC-0D047689C1FC","LB","LB-GOV-MLB","LB-DIST-6CBC5E139FD3","","","","","Keserwan_el-Ftouh","","populated-place","","","missing","none","","missing","unresolved","","[object Object]","LB-JL|El_Metn|Keserwan_el-Ftouh","true"
"LB-LOC-AE291E0A44E6","LB","LB-GOV-MLB","LB-DIST-6CBC5E139FD3","","","","","Kfar_Aqab","","populated-place","","","missing","none","","missing","unresolved","","[object Object]","LB-JL|El_Metn|Kfar_Aqab","true"
"LB-LOC-1BA8BD6E5BB8","LB","LB-GOV-MLB","LB-DIST-6CBC5E139FD3","","","","","Kfar_Qatra","","populated-place","","","missing","none","","missing","unresolved","","[object Object]","LB-JL|El_Metn|Kfar_Qatra","true"
"LB-LOC-D385C86B055A","LB","LB-GOV-MLB","LB-DIST-6CBC5E139FD3","","","","","Kfarnaseh","","populated-place","","","missing","none","","missing","unresolved","","[object Object]","LB-JL|El_Metn|Kfarnaseh","true"
"LB-LOC-E046546B0472","LB","LB-GOV-MLB","LB-DIST-6CBC5E139FD3","","","","","Kfarsalwan","","populated-place","","","missing","none","","missing","unresolved","","[object Object]","LB-JL|El_Metn|Kfarsalwan","true"
"LB-LOC-DB10E32B9E3D","LB","LB-GOV-MLB","LB-DIST-6CBC5E139FD3","","","","","Kfaryasin_el-Metn","","populated-place","","","missing","none","","missing","unresolved","","[object Object]","LB-JL|El_Metn|Kfaryasin_el-Metn","true"
"LB-LOC-00C4D22D5C1E","LB","LB-GOV-MLB","LB-DIST-6CBC5E139FD3","","","","","Khneyshireh","","populated-place","","","missing","none","","missing","unresolved","","[object Object]","LB-JL|El_Metn|Khneyshireh","true"
"LB-LOC-A4D07317827F","LB","LB-GOV-MLB","LB-DIST-6CBC5E139FD3","","","","","Maaysra_el-Matniye","","populated-place","","","missing","none","","missing","unresolved","","[object Object]","LB-JL|El_Metn|Maaysra_el-Matniye","true"
"LB-LOC-7453C03A3044","LB","LB-GOV-MLB","LB-DIST-6CBC5E139FD3","","","","","Majdal_Trab","","populated-place","","","missing","none","","missing","unresolved","","[object Object]","LB-JL|El_Metn|Majdal_Trab","true"
"LB-LOC-C66AC25CAE22","LB","LB-GOV-MLB","LB-DIST-6CBC5E139FD3","","","","","Mansourieh","","populated-place","","","missing","none","","missing","unresolved","","[object Object]","LB-JL|El_Metn|Mansourieh","true"
"LB-LOC-832134DDE44A","LB","LB-GOV-MLB","LB-DIST-6CBC5E139FD3","","","","","Mansouriyet_el-Metn","","populated-place","","","missing","none","","missing","unresolved","","[object Object]","LB-JL|El_Metn|Mansouriyet_el-Metn","true"
"LB-LOC-90E5E5EDCDBB","LB","LB-GOV-MLB","LB-DIST-6CBC5E139FD3","","","","","Mar_Charbel","","populated-place","","","missing","none","","missing","unresolved","","[object Object]","LB-JL|El_Metn|Mar_Charbel","true"
"LB-LOC-C2A76F9E10CC","LB","LB-GOV-MLB","LB-DIST-6CBC5E139FD3","","","","","Mar_Moussa","","populated-place","","","missing","none","","missing","unresolved","","[object Object]","LB-JL|El_Metn|Mar_Moussa","true"
"LB-LOC-25C23145D945","LB","LB-GOV-MLB","LB-DIST-6CBC5E139FD3","","","","","Mazraat_Yachoua-MT","","populated-place","","","missing","none","","missing","unresolved","","[object Object]","LB-JL|El_Metn|Mazraat_Yachoua-MT","true"
"LB-LOC-E815116561B6","LB","LB-GOV-MLB","LB-DIST-6CBC5E139FD3","","","","","Mazraat_ech-Chouf-MT","","populated-place","","","missing","none","","missing","unresolved","","[object Object]","LB-JL|El_Metn|Mazraat_ech-Chouf-MT","true"
"LB-LOC-F15EE3D5B2A4","LB","LB-GOV-MLB","LB-DIST-6CBC5E139FD3","","","","","Mqaybis","","populated-place","","","missing","none","","missing","unresolved","","[object Object]","LB-JL|El_Metn|Mqaybis","true"
"LB-LOC-05B19ABBB7A6","LB","LB-GOV-MLB","LB-DIST-6CBC5E139FD3","","","","","Mtayreit","","populated-place","34.456028316903314","35.96676803126426","repository-reference","lebgis_staging_gpkg_extent","","missing","unresolved","","[object Object]","LB-JL|El_Metn|Mtayreit","true"
"LB-LOC-8DCD1DEE7445","LB","LB-GOV-MLB","LB-DIST-6CBC5E139FD3","","","","","Mtein_el-Aala","","populated-place","","","missing","none","","missing","unresolved","","[object Object]","LB-JL|El_Metn|Mtein_el-Aala","true"
"LB-LOC-EF5ED3652349","LB","LB-GOV-MLB","LB-DIST-6CBC5E139FD3","","","","","Mtein_el-Fawqa","","populated-place","","","missing","none","","missing","unresolved","","[object Object]","LB-JL|El_Metn|Mtein_el-Fawqa","true"
"LB-LOC-23B2864DD8B8","LB","LB-GOV-MLB","LB-DIST-6CBC5E139FD3","","","","","Nahr_el-Mott","","populated-place","","","missing","none","","missing","unresolved","","[object Object]","LB-JL|El_Metn|Nahr_el-Mott","true"
"LB-LOC-8FE9A6A8A542","LB","LB-GOV-MLB","LB-DIST-6CBC5E139FD3","","","","","Qaaaqour","","populated-place","","","missing","none","","missing","unresolved","","[object Object]","LB-JL|El_Metn|Qaaaqour","true"
"LB-LOC-3BE4CA069809","LB","LB-GOV-MLB","LB-DIST-6CBC5E139FD3","","","","","Qarnaoun","","populated-place","","","missing","none","","missing","unresolved","","[object Object]","LB-JL|El_Metn|Qarnaoun","true"
"LB-LOC-112BE7B08EC7","LB","LB-GOV-MLB","LB-DIST-6CBC5E139FD3","","","","","Qornet_Chahwan","","populated-place","","","missing","none","","missing","unresolved","","[object Object]","LB-JL|El_Metn|Qornet_Chahwan","true"
"LB-LOC-ADE8DC23BE75","LB","LB-GOV-MLB","LB-DIST-6CBC5E139FD3","","","","","Qornet_el-Ballout","","populated-place","","","missing","none","","missing","unresolved","","[object Object]","LB-JL|El_Metn|Qornet_el-Ballout","true"
"LB-LOC-B4690E73CF00","LB","LB-GOV-MLB","LB-DIST-6CBC5E139FD3","","","","","Qornet_el-Hamra","","populated-place","","","missing","none","","missing","unresolved","","[object Object]","LB-JL|El_Metn|Qornet_el-Hamra","true"
"LB-LOC-AB226EC6D9E5","LB","LB-GOV-MLB","LB-DIST-6CBC5E139FD3","","","","","Rabieh","","populated-place","","","missing","none","","missing","unresolved","","[object Object]","LB-JL|El_Metn|Rabieh","true"
"LB-LOC-97F5D7FF6EEF","LB","LB-GOV-MLB","LB-DIST-6CBC5E139FD3","","","","","Ras_el-Metn","","populated-place","","","missing","none","","missing","unresolved","","[object Object]","LB-JL|El_Metn|Ras_el-Metn","true"
"LB-LOC-22C8DEB98249","LB","LB-GOV-MLB","LB-DIST-6CBC5E139FD3","","","","","Sad_el-Bouchrieh","","populated-place","","","missing","none","","missing","unresolved","","[object Object]","LB-JL|El_Metn|Sad_el-Bouchrieh","true"
"LB-LOC-DB2A641755AC","LB","LB-GOV-MLB","LB-DIST-6CBC5E139FD3","","","","","Sannine","","populated-place","","","missing","none","","missing","unresolved","","[object Object]","LB-JL|El_Metn|Sannine","true"
"LB-LOC-3EFE4FB6A74D","LB","LB-GOV-MLB","LB-DIST-6CBC5E139FD3","","","","","Sin_el-Fil","","populated-place","","","missing","none","","missing","unresolved","","[object Object]","LB-JL|El_Metn|Sin_el-Fil","true"
"LB-LOC-58DC89B62229","LB","LB-GOV-MLB","LB-DIST-6CBC5E139FD3","","","","","Tarchich","","populated-place","","","missing","none","","missing","unresolved","","[object Object]","LB-JL|El_Metn|Tarchich","true"
"LB-LOC-650DCF44A66E","LB","LB-GOV-MLB","LB-DIST-6CBC5E139FD3","","","","","Wadi_Chahrour_el-Aala","","populated-place","","","missing","none","","missing","unresolved","","[object Object]","LB-JL|El_Metn|Wadi_Chahrour_el-Aala","true"
"LB-LOC-FE85840D9AB0","LB","LB-GOV-MLB","LB-DIST-6CBC5E139FD3","","","","","Wadi_el-Ballout","","populated-place","","","missing","none","","missing","unresolved","","[object Object]","LB-JL|El_Metn|Wadi_el-Ballout","true"
"LB-LOC-D8B1DBCF5FFD","LB","LB-GOV-MLB","LB-DIST-6CBC5E139FD3","","","","","Wadi_el-Meyten","","populated-place","","","missing","none","","missing","unresolved","","[object Object]","LB-JL|El_Metn|Wadi_el-Meyten","true"
"LB-LOC-77FB25B0757D","LB","LB-GOV-MLB","LB-DIST-6CBC5E139FD3","","","","","Warqa","","populated-place","","","missing","none","","missing","unresolved","","[object Object]","LB-JL|El_Metn|Warqa","true"
"LB-LOC-6F4FCF3B3778","LB","LB-GOV-MLB","LB-DIST-6CBC5E139FD3","","","","","Zaghdrine","","populated-place","","","missing","none","","missing","unresolved","","[object Object]","LB-JL|El_Metn|Zaghdrine","true"
"LB-LOC-0EB38504D857","LB","LB-GOV-MLB","LB-DIST-6CBC5E139FD3","","","","","Zalka","","populated-place","","","missing","none","","missing","unresolved","","[object Object]","LB-JL|El_Metn|Zalka","true"
"LB-LOC-3E635F525BFA","LB","LB-GOV-MLB","LB-DIST-50F383C4FCA4","","","","","Aalmat","","populated-place","","","missing","none","","missing","unresolved","","[object Object]","LB-JL|Jbeil_Byblos|Aalmat","true"
"LB-LOC-B9963F4FFE82","LB","LB-GOV-MLB","LB-DIST-50F383C4FCA4","","","","","Aalmat_ech-Chamaliyeh","","populated-place","","","missing","none","","missing","unresolved","","[object Object]","LB-JL|Jbeil_Byblos|Aalmat_ech-Chamaliyeh","true"
"LB-LOC-51730303A60B","LB","LB-GOV-MLB","LB-DIST-50F383C4FCA4","","","","","Aalmat_es-Soufla","","populated-place","","","missing","none","","missing","unresolved","","[object Object]","LB-JL|Jbeil_Byblos|Aalmat_es-Soufla","true"
"LB-LOC-72FD54533E2D","LB","LB-GOV-MLB","LB-DIST-50F383C4FCA4","","","","","Adonis","","populated-place","","","missing","none","","missing","unresolved","","[object Object]","LB-JL|Jbeil_Byblos|Adonis","true"
"LB-LOC-1B438E6F8F9D","LB","LB-GOV-MLB","LB-DIST-50F383C4FCA4","","","","","Ain_Akrine","","populated-place","","","missing","none","","missing","unresolved","","[object Object]","LB-JL|Jbeil_Byblos|Ain_Akrine","true"
"LB-LOC-025C55AB803C","LB","LB-GOV-MLB","LB-DIST-50F383C4FCA4","","","","","Ain_Kfaa","","populated-place","","","missing","none","","missing","unresolved","","[object Object]","LB-JL|Jbeil_Byblos|Ain_Kfaa","true"
"LB-LOC-B838CAB2695C","LB","LB-GOV-MLB","LB-DIST-50F383C4FCA4","","","","","Ain_ed-Delbeh","","populated-place","","","missing","none","","missing","unresolved","","[object Object]","LB-JL|Jbeil_Byblos|Ain_ed-Delbeh","true"
"LB-LOC-97321FB9C3E1","LB","LB-GOV-MLB","LB-DIST-50F383C4FCA4","","","","","Ain_el-Ghouaybeh","","populated-place","","","missing","none","","missing","unresolved","","[object Object]","LB-JL|Jbeil_Byblos|Ain_el-Ghouaybeh","true"
"LB-LOC-65D85584A43E","LB","LB-GOV-MLB","LB-DIST-50F383C4FCA4","","","","","Ain_er-Rihaneh","","populated-place","","","missing","none","","missing","unresolved","","[object Object]","LB-JL|Jbeil_Byblos|Ain_er-Rihaneh","true"
"LB-LOC-29390BC3DDE1","LB","LB-GOV-MLB","LB-DIST-50F383C4FCA4","","","","","Amchit","","populated-place","","","missing","none","","missing","unresolved","","[object Object]","LB-JL|Jbeil_Byblos|Amchit","true"
"LB-LOC-35B3C9E74236","LB","LB-GOV-MLB","LB-DIST-50F383C4FCA4","","","","","Annaya","","populated-place","34.20535071622032","36.07143687635355","repository-reference","dwg_geometry_cache","","missing","unresolved","","[object Object]","LB-JL|Jbeil_Byblos|Annaya","true"
"LB-LOC-F1072BAAEC4E","LB","LB-GOV-MLB","LB-DIST-50F383C4FCA4","","","","","Aqoura","","populated-place","","","missing","none","","missing","unresolved","","[object Object]","LB-JL|Jbeil_Byblos|Aqoura","true"
"LB-LOC-0150943EC650","LB","LB-GOV-MLB","LB-DIST-50F383C4FCA4","","","","","Baabdat-JB","","populated-place","","","missing","none","","missing","unresolved","","[object Object]","LB-JL|Jbeil_Byblos|Baabdat-JB","true"
"LB-LOC-AC96C800035C","LB","LB-GOV-MLB","LB-DIST-50F383C4FCA4","","","","","Bane","","populated-place","","","missing","none","","missing","unresolved","","[object Object]","LB-JL|Jbeil_Byblos|Bane","true"
"LB-LOC-D8C214713902","LB","LB-GOV-MLB","LB-DIST-50F383C4FCA4","","","","","Barbara","","populated-place","","","missing","none","","missing","unresolved","","[object Object]","LB-JL|Jbeil_Byblos|Barbara","true"
"LB-LOC-68A01FE22488","LB","LB-GOV-MLB","LB-DIST-50F383C4FCA4","","","","","Beit_Hbbaq","","populated-place","","","missing","none","","missing","unresolved","","[object Object]","LB-JL|Jbeil_Byblos|Beit_Hbbaq","true"
"LB-LOC-586C53D0A518","LB","LB-GOV-MLB","LB-DIST-50F383C4FCA4","","","","","Beshtelida","","populated-place","35.75634140763821","35.192056747563726","repository-reference","dwg_geometry_cache","","missing","unresolved","","[object Object]","LB-JL|Jbeil_Byblos|Beshtelida","true"
"LB-LOC-79255EC23CBF","LB","LB-GOV-MLB","LB-DIST-50F383C4FCA4","","","","","Bijjeh","","populated-place","34.37901699308384","35.966862236485596","repository-reference","lebgis_staging_gpkg_extent","","missing","unresolved","","[object Object]","LB-JL|Jbeil_Byblos|Bijjeh","true"
"LB-LOC-9FC09C4952EB","LB","LB-GOV-MLB","LB-DIST-50F383C4FCA4","","","","","Blat","","populated-place","","","missing","none","","missing","unresolved","","[object Object]","LB-JL|Jbeil_Byblos|Blat","true"
"LB-LOC-72604525220A","LB","LB-GOV-MLB","LB-DIST-50F383C4FCA4","","","","","Bqaata","","populated-place","","","missing","none","","missing","unresolved","","[object Object]","LB-JL|Jbeil_Byblos|Bqaata","true"
"LB-LOC-0CDA56F3EE9D","LB","LB-GOV-MLB","LB-DIST-50F383C4FCA4","","","","","Bqaatouta","","populated-place","34.374658957346796","35.92179736380157","repository-reference","lebgis_staging_gpkg_extent","","missing","unresolved","","[object Object]","LB-JL|Jbeil_Byblos|Bqaatouta","true"
"LB-LOC-CC3A1DBD0C6B","LB","LB-GOV-MLB","LB-DIST-50F383C4FCA4","","","","","Chamat","","populated-place","","","missing","none","","missing","unresolved","","[object Object]","LB-JL|Jbeil_Byblos|Chamat","true"
"LB-LOC-E4C4A26B59B9","LB","LB-GOV-MLB","LB-DIST-50F383C4FCA4","","","","","Deir_Mama","","populated-place","","","missing","none","","missing","unresolved","","[object Object]","LB-JL|Jbeil_Byblos|Deir_Mama","true"
"LB-LOC-2E1655C2E629","LB","LB-GOV-MLB","LB-DIST-50F383C4FCA4","","","","","Demlsa","","populated-place","","","missing","none","","missing","unresolved","","[object Object]","LB-JL|Jbeil_Byblos|Demlsa","true"
"LB-LOC-D55A56A7BE9A","LB","LB-GOV-MLB","LB-DIST-50F383C4FCA4","","","","","Ehmej","","populated-place","","","missing","none","","missing","unresolved","","[object Object]","LB-JL|Jbeil_Byblos|Ehmej","true"
"LB-LOC-D52190D58BA6","LB","LB-GOV-MLB","LB-DIST-50F383C4FCA4","","","","","Fdar","","populated-place","","","missing","none","","missing","unresolved","","[object Object]","LB-JL|Jbeil_Byblos|Fdar","true"
"LB-LOC-C9D53CB40552","LB","LB-GOV-MLB","LB-DIST-50F383C4FCA4","","","","","Fidar","","populated-place","","","missing","none","","missing","unresolved","","[object Object]","LB-JL|Jbeil_Byblos|Fidar","true"
"LB-LOC-DD1A5474AD29","LB","LB-GOV-MLB","LB-DIST-50F383C4FCA4","","","","","Frat","","populated-place","","","missing","none","","missing","unresolved","","[object Object]","LB-JL|Jbeil_Byblos|Frat","true"
"LB-LOC-D4DD61524113","LB","LB-GOV-MLB","LB-DIST-50F383C4FCA4","","","","","Ghalboun","","populated-place","","","missing","none","","missing","unresolved","","[object Object]","LB-JL|Jbeil_Byblos|Ghalboun","true"
"LB-LOC-EE768B031BA9","LB","LB-GOV-MLB","LB-DIST-50F383C4FCA4","","","","","Gharzuz","","populated-place","","","missing","none","","missing","unresolved","","[object Object]","LB-JL|Jbeil_Byblos|Gharzuz","true"
"LB-LOC-E91B346C4EA8","LB","LB-GOV-MLB","LB-DIST-50F383C4FCA4","","","","","Hadchit-JB","","populated-place","","","missing","none","","missing","unresolved","","[object Object]","LB-JL|Jbeil_Byblos|Hadchit-JB","true"
"LB-LOC-385351EC21B2","LB","LB-GOV-MLB","LB-DIST-50F383C4FCA4","","","","","Halat","","populated-place","","","missing","none","","missing","unresolved","","[object Object]","LB-JL|Jbeil_Byblos|Halat","true"
"LB-LOC-AD0DD1F12D24","LB","LB-GOV-MLB","LB-DIST-50F383C4FCA4","","","","","Haqel","","populated-place","","","missing","none","","missing","unresolved","","[object Object]","LB-JL|Jbeil_Byblos|Haqel","true"
"LB-LOC-41122D3E827E","LB","LB-GOV-MLB","LB-DIST-50F383C4FCA4","","","","","Harach","","populated-place","","","missing","none","","missing","unresolved","","[object Object]","LB-JL|Jbeil_Byblos|Harach","true"
"LB-LOC-E1F7492385DA","LB","LB-GOV-MLB","LB-DIST-50F383C4FCA4","","","","","Hattout","","populated-place","","","missing","none","","missing","unresolved","","[object Object]","LB-JL|Jbeil_Byblos|Hattout","true"
"LB-LOC-F4BF66959BA5","LB","LB-GOV-MLB","LB-DIST-50F383C4FCA4","","","","","Hbaline","","populated-place","","","missing","none","","missing","unresolved","","[object Object]","LB-JL|Jbeil_Byblos|Hbaline","true"
"LB-LOC-442A39B4241F","LB","LB-GOV-MLB","LB-DIST-50F383C4FCA4","","","","","Hboub","","populated-place","","","missing","none","","missing","unresolved","","[object Object]","LB-JL|Jbeil_Byblos|Hboub","true"
"LB-LOC-4ACB7CBFC627","LB","LB-GOV-MLB","LB-DIST-50F383C4FCA4","","","","","Hsarat","","populated-place","","","missing","none","","missing","unresolved","","[object Object]","LB-JL|Jbeil_Byblos|Hsarat","true"
"LB-LOC-145E94991145","LB","LB-GOV-MLB","LB-DIST-50F383C4FCA4","","","","","Hsrayel","","populated-place","","","missing","none","","missing","unresolved","","[object Object]","LB-JL|Jbeil_Byblos|Hsrayel","true"
"LB-LOC-3A281D8186A4","LB","LB-GOV-MLB","LB-DIST-50F383C4FCA4","","","","","Jaj","","populated-place","","","missing","none","","missing","unresolved","","[object Object]","LB-JL|Jbeil_Byblos|Jaj","true"
"LB-LOC-1252F6B76E0E","LB","LB-GOV-MLB","LB-DIST-50F383C4FCA4","","","","","Jbeil","","populated-place","","","missing","none","","missing","unresolved","","[object Object]","LB-JL|Jbeil_Byblos|Jbeil","true"
"LB-LOC-C67C06A3E2E4","LB","LB-GOV-MLB","LB-DIST-50F383C4FCA4","","","","","Jdayel","","populated-place","","","missing","none","","missing","unresolved","","[object Object]","LB-JL|Jbeil_Byblos|Jdayel","true"
"LB-LOC-2BEF9D86D93B","LB","LB-GOV-MLB","LB-DIST-50F383C4FCA4","","","","","Jerbta","","populated-place","","","missing","none","","missing","unresolved","","[object Object]","LB-JL|Jbeil_Byblos|Jerbta","true"
"LB-LOC-A246938115F6","LB","LB-GOV-MLB","LB-DIST-50F383C4FCA4","","","","","Jrane","","populated-place","","","missing","none","","missing","unresolved","","[object Object]","LB-JL|Jbeil_Byblos|Jrane","true"
"LB-LOC-28A1A9A229FC","LB","LB-GOV-MLB","LB-DIST-50F383C4FCA4","","","","","Kfar_Halda","","populated-place","","","missing","none","","missing","unresolved","","[object Object]","LB-JL|Jbeil_Byblos|Kfar_Halda","true"
"LB-LOC-868520FA9EAB","LB","LB-GOV-MLB","LB-DIST-50F383C4FCA4","","","","","Kfar_Helous-JB","","populated-place","","","missing","none","","missing","unresolved","","[object Object]","LB-JL|Jbeil_Byblos|Kfar_Helous-JB","true"
"LB-LOC-62BD1E2F5DD9","LB","LB-GOV-MLB","LB-DIST-50F383C4FCA4","","","","","Kfar_Mashki","","populated-place","","","missing","none","","missing","unresolved","","[object Object]","LB-JL|Jbeil_Byblos|Kfar_Mashki","true"
"LB-LOC-4CA8FAFD54E6","LB","LB-GOV-MLB","LB-DIST-50F383C4FCA4","","","","","Kfar_Qahel","","populated-place","","","missing","none","","missing","unresolved","","[object Object]","LB-JL|Jbeil_Byblos|Kfar_Qahel","true"
"LB-LOC-77FCFC97B5DF","LB","LB-GOV-MLB","LB-DIST-50F383C4FCA4","","","","","Kfoun","","populated-place","","","missing","none","","missing","unresolved","","[object Object]","LB-JL|Jbeil_Byblos|Kfoun","true"
"LB-LOC-C154DE75097F","LB","LB-GOV-MLB","LB-DIST-50F383C4FCA4","","","","","Kfour-JB","","populated-place","","","missing","none","","missing","unresolved","","[object Object]","LB-JL|Jbeil_Byblos|Kfour-JB","true"
"LB-LOC-8FCD02ADB776","LB","LB-GOV-MLB","LB-DIST-50F383C4FCA4","","","","","Kherbeh-JB","","populated-place","","","missing","none","","missing","unresolved","","[object Object]","LB-JL|Jbeil_Byblos|Kherbeh-JB","true"
"LB-LOC-828F3F5F4E6D","LB","LB-GOV-MLB","LB-DIST-50F383C4FCA4","","","","","Koursafia","","populated-place","","","missing","none","","missing","unresolved","","[object Object]","LB-JL|Jbeil_Byblos|Koursafia","true"
"LB-LOC-1B0CAB6007A5","LB","LB-GOV-MLB","LB-DIST-50F383C4FCA4","","","","","Lasa","","populated-place","","","missing","none","","missing","unresolved","","[object Object]","LB-JL|Jbeil_Byblos|Lasa","true"
"LB-LOC-E1608FF797A7","LB","LB-GOV-MLB","LB-DIST-50F383C4FCA4","","","","","Lasa_el-Fawqa","","populated-place","","","missing","none","","missing","unresolved","","[object Object]","LB-JL|Jbeil_Byblos|Lasa_el-Fawqa","true"
"LB-LOC-EA3C63848EE7","LB","LB-GOV-MLB","LB-DIST-50F383C4FCA4","","","","","Lehfed","","populated-place","","","missing","none","","missing","unresolved","","[object Object]","LB-JL|Jbeil_Byblos|Lehfed","true"
"LB-LOC-2D4CC5E14A08","LB","LB-GOV-MLB","LB-DIST-50F383C4FCA4","","","","","Majdala-JB","","populated-place","","","missing","none","","missing","unresolved","","[object Object]","LB-JL|Jbeil_Byblos|Majdala-JB","true"
"LB-LOC-806A7D01D593","LB","LB-GOV-MLB","LB-DIST-50F383C4FCA4","","","","","Majdel_Anjar-JB","","populated-place","","","missing","none","","missing","unresolved","","[object Object]","LB-JL|Jbeil_Byblos|Majdel_Anjar-JB","true"
"LB-LOC-6B25B8CBB043","LB","LB-GOV-MLB","LB-DIST-50F383C4FCA4","","","","","Masbki","","populated-place","","","missing","none","","missing","unresolved","","[object Object]","LB-JL|Jbeil_Byblos|Masbki","true"
"LB-LOC-350F4182C6FF","LB","LB-GOV-MLB","LB-DIST-50F383C4FCA4","","","","","Mayruba","","populated-place","","","missing","none","","missing","unresolved","","[object Object]","LB-JL|Jbeil_Byblos|Mayruba","true"
"LB-LOC-49C76363E9A5","LB","LB-GOV-MLB","LB-DIST-50F383C4FCA4","","","","","Mazraat_Safra","","populated-place","","","missing","none","","missing","unresolved","","[object Object]","LB-JL|Jbeil_Byblos|Mazraat_Safra","true"
"LB-LOC-1C59EA74A822","LB","LB-GOV-MLB","LB-DIST-50F383C4FCA4","","","","","Mazraat_el-Kniseh","","populated-place","","","missing","none","","missing","unresolved","","[object Object]","LB-JL|Jbeil_Byblos|Mazraat_el-Kniseh","true"
"LB-LOC-DB3F44C163CA","LB","LB-GOV-MLB","LB-DIST-50F383C4FCA4","","","","","Mazraat_en-Nahr","","populated-place","","","missing","none","","missing","unresolved","","[object Object]","LB-JL|Jbeil_Byblos|Mazraat_en-Nahr","true"
"LB-LOC-CDFF394CE106","LB","LB-GOV-MLB","LB-DIST-50F383C4FCA4","","","","","Mechan","","populated-place","","","missing","none","","missing","unresolved","","[object Object]","LB-JL|Jbeil_Byblos|Mechan","true"
"LB-LOC-5BFE74BD1C36","LB","LB-GOV-MLB","LB-DIST-50F383C4FCA4","","","","","Mechmech","","populated-place","","","missing","none","","missing","unresolved","","[object Object]","LB-JL|Jbeil_Byblos|Mechmech","true"
"LB-LOC-B667D22C01CE","LB","LB-GOV-MLB","LB-DIST-50F383C4FCA4","","","","","Mechqita","","populated-place","","","missing","none","","missing","unresolved","","[object Object]","LB-JL|Jbeil_Byblos|Mechqita","true"
"LB-LOC-5B7A8AE39139","LB","LB-GOV-MLB","LB-DIST-50F383C4FCA4","","","","","Menjez-JB","","populated-place","","","missing","none","","missing","unresolved","","[object Object]","LB-JL|Jbeil_Byblos|Menjez-JB","true"
"LB-LOC-B4F4AE8E6A70","LB","LB-GOV-MLB","LB-DIST-50F383C4FCA4","","","","","Mghayreh","","populated-place","","","missing","none","","missing","unresolved","","[object Object]","LB-JL|Jbeil_Byblos|Mghayreh","true"
"LB-LOC-974702DABFEF","LB","LB-GOV-MLB","LB-DIST-50F383C4FCA4","","","","","Mrah_Chdid","","populated-place","","","missing","none","","missing","unresolved","","[object Object]","LB-JL|Jbeil_Byblos|Mrah_Chdid","true"
"LB-LOC-E83BFF3C7AF2","LB","LB-GOV-MLB","LB-DIST-50F383C4FCA4","","","","","Nahla","","populated-place","","","missing","none","","missing","unresolved","","[object Object]","LB-JL|Jbeil_Byblos|Nahla","true"
"LB-LOC-0388EC4B7963","LB","LB-GOV-MLB","LB-DIST-50F383C4FCA4","","","","","Nahr_Ibrahim","","populated-place","","","missing","none","","missing","unresolved","","[object Object]","LB-JL|Jbeil_Byblos|Nahr_Ibrahim","true"
"LB-LOC-E24F463A2AF3","LB","LB-GOV-MLB","LB-DIST-50F383C4FCA4","","","","","Nbaa_el-Hammam","","populated-place","","","missing","none","","missing","unresolved","","[object Object]","LB-JL|Jbeil_Byblos|Nbaa_el-Hammam","true"
"LB-LOC-EE0450F20367","LB","LB-GOV-MLB","LB-DIST-50F383C4FCA4","","","","","Qaitaa","","populated-place","","","missing","none","","missing","unresolved","","[object Object]","LB-JL|Jbeil_Byblos|Qaitaa","true"
"LB-LOC-B059AAC7BE1F","LB","LB-GOV-MLB","LB-DIST-50F383C4FCA4","","","","","Qartaba","","populated-place","34.37694245307689","35.83555421276243","repository-reference","lebgis_staging_gpkg_extent","","missing","unresolved","","[object Object]","LB-JL|Jbeil_Byblos|Qartaba","true"
"LB-LOC-2D5772C596D7","LB","LB-GOV-MLB","LB-DIST-50F383C4FCA4","","","","","Rachmech","","populated-place","","","missing","none","","missing","unresolved","","[object Object]","LB-JL|Jbeil_Byblos|Rachmech","true"
"LB-LOC-3D14CD095888","LB","LB-GOV-MLB","LB-DIST-50F383C4FCA4","","","","","Rachqin","","populated-place","","","missing","none","","missing","unresolved","","[object Object]","LB-JL|Jbeil_Byblos|Rachqin","true"
"LB-LOC-CBB6CB08D417","LB","LB-GOV-MLB","LB-DIST-50F383C4FCA4","","","","","Raifoun","","populated-place","","","missing","none","","missing","unresolved","","[object Object]","LB-JL|Jbeil_Byblos|Raifoun","true"
"LB-LOC-5F65141F3CD8","LB","LB-GOV-MLB","LB-DIST-50F383C4FCA4","","","","","Ras_Osta","","populated-place","","","missing","none","","missing","unresolved","","[object Object]","LB-JL|Jbeil_Byblos|Ras_Osta","true"
"LB-LOC-99EB211ABD0F","LB","LB-GOV-MLB","LB-DIST-50F383C4FCA4","","","","","Sourat","","populated-place","","","missing","none","","missing","unresolved","","[object Object]","LB-JL|Jbeil_Byblos|Sourat","true"
"LB-LOC-5F836DD6898D","LB","LB-GOV-MLB","LB-DIST-50F383C4FCA4","","","","","Tartij","","populated-place","","","missing","none","","missing","unresolved","","[object Object]","LB-JL|Jbeil_Byblos|Tartij","true"
"LB-LOC-2D3427240C74","LB","LB-GOV-MLB","LB-DIST-50F383C4FCA4","","","","","Tourza","","populated-place","","","missing","none","","missing","unresolved","","[object Object]","LB-JL|Jbeil_Byblos|Tourza","true"
"LB-LOC-6B33EAA98811","LB","LB-GOV-MLB","LB-DIST-50F383C4FCA4","","","","","Wadi_Jilo","","populated-place","","","missing","none","","missing","unresolved","","[object Object]","LB-JL|Jbeil_Byblos|Wadi_Jilo","true"
"LB-LOC-C2757E959E7E","LB","LB-GOV-MLB","LB-DIST-50F383C4FCA4","","","","","Wata_Houb","","populated-place","","","missing","none","","missing","unresolved","","[object Object]","LB-JL|Jbeil_Byblos|Wata_Houb","true"
"LB-LOC-D68D07E69553","LB","LB-GOV-MLB","LB-DIST-50F383C4FCA4","","","","","Yanouh","","populated-place","35.73770559056997","35.13855256524943","repository-reference","dwg_geometry_cache","","missing","unresolved","","[object Object]","LB-JL|Jbeil_Byblos|Yanouh","true"
"LB-LOC-1E901C1A3A30","LB","LB-GOV-MLB","LB-DIST-50F383C4FCA4","","","","","Zbdine","","populated-place","","","missing","none","","missing","unresolved","","[object Object]","LB-JL|Jbeil_Byblos|Zbdine","true"
"LB-LOC-E9E92DD5C47E","LB","LB-GOV-MLB","LB-DIST-50F383C4FCA4","","","","","Zouq_Hadara","","populated-place","","","missing","none","","missing","unresolved","","[object Object]","LB-JL|Jbeil_Byblos|Zouq_Hadara","true"
"LB-LOC-B1A3F7096B2A","LB","LB-GOV-MLB","LB-DIST-EC9593138E48","","","","","Achqout","","populated-place","","","missing","none","","missing","unresolved","","[object Object]","LB-JL|Keserwan|Achqout","true"
"LB-LOC-1E3900A6CD76","LB","LB-GOV-MLB","LB-DIST-EC9593138E48","","","","","Adma","","populated-place","","","missing","none","","missing","unresolved","","[object Object]","LB-JL|Keserwan|Adma","true"
"LB-LOC-F1927D455178","LB","LB-GOV-MLB","LB-DIST-EC9593138E48","","","","","Ain_er-Remmaneh-KS","","populated-place","","","missing","none","","missing","unresolved","","[object Object]","LB-JL|Keserwan|Ain_er-Remmaneh-KS","true"
"LB-LOC-44948970BDB5","LB","LB-GOV-MLB","LB-DIST-EC9593138E48","","","","","Aintoura","","populated-place","34.23560771688362","35.32018097574122","repository-reference","dwg_geometry_cache","","missing","unresolved","","[object Object]","LB-JL|Keserwan|Aintoura","true"
"LB-LOC-CB2E58F2B9C9","LB","LB-GOV-MLB","LB-DIST-EC9593138E48","","","","","Ajaltoun","","populated-place","","","missing","none","","missing","unresolved","","[object Object]","LB-JL|Keserwan|Ajaltoun","true"
"LB-LOC-40858F5D4FDE","LB","LB-GOV-MLB","LB-DIST-EC9593138E48","","","","","Baabdat-KS","","populated-place","","","missing","none","","missing","unresolved","","[object Object]","LB-JL|Keserwan|Baabdat-KS","true"
"LB-LOC-CB886955B6B5","LB","LB-GOV-MLB","LB-DIST-EC9593138E48","","","","","Ballouneh","","populated-place","34.37291057422429","35.92128930876096","repository-reference","lebgis_staging_gpkg_extent","","missing","unresolved","","[object Object]","LB-JL|Keserwan|Ballouneh","true"
"LB-LOC-0A9C2E3BA127","LB","LB-GOV-MLB","LB-DIST-EC9593138E48","","","","","Ballouneh_el-Fawqa","","populated-place","","","missing","none","","missing","unresolved","","[object Object]","LB-JL|Keserwan|Ballouneh_el-Fawqa","true"
"LB-LOC-147791E57E00","LB","LB-GOV-MLB","LB-DIST-EC9593138E48","","","","","Boulonia","","populated-place","","","missing","none","","missing","unresolved","","[object Object]","LB-JL|Keserwan|Boulonia","true"
"LB-LOC-058B0EA1F5C5","LB","LB-GOV-MLB","LB-DIST-EC9593138E48","","","","","Bqaata-KS","","populated-place","","","missing","none","","missing","unresolved","","[object Object]","LB-JL|Keserwan|Bqaata-KS","true"
"LB-LOC-FA0B4EB04F98","LB","LB-GOV-MLB","LB-DIST-EC9593138E48","","","","","Chakhloua","","populated-place","","","missing","none","","missing","unresolved","","[object Object]","LB-JL|Keserwan|Chakhloua","true"
"LB-LOC-57ADB1213407","LB","LB-GOV-MLB","LB-DIST-EC9593138E48","","","","","Chawyeh","","populated-place","","","missing","none","","missing","unresolved","","[object Object]","LB-JL|Keserwan|Chawyeh","true"
"LB-LOC-7A6F9EE0668B","LB","LB-GOV-MLB","LB-DIST-EC9593138E48","","","","","Chnanir","","populated-place","34.368170365676704","35.873948566940186","repository-reference","lebgis_staging_gpkg_extent","","missing","unresolved","","[object Object]","LB-JL|Keserwan|Chnanir","true"
"LB-LOC-FB60B86B0AA4","LB","LB-GOV-MLB","LB-DIST-EC9593138E48","","","","","Clemenceau-KS","","populated-place","","","missing","none","","missing","unresolved","","[object Object]","LB-JL|Keserwan|Clemenceau-KS","true"
"LB-LOC-9B600591E2A5","LB","LB-GOV-MLB","LB-DIST-EC9593138E48","","","","","Daraya","","populated-place","","","missing","none","","missing","unresolved","","[object Object]","LB-JL|Keserwan|Daraya","true"
"LB-LOC-D647B8C2C478","LB","LB-GOV-MLB","LB-DIST-EC9593138E48","","","","","Dbaiyeh","","populated-place","","","missing","none","","missing","unresolved","","[object Object]","LB-JL|Keserwan|Dbaiyeh","true"
"LB-LOC-DC68B7157BFB","LB","LB-GOV-MLB","LB-DIST-EC9593138E48","","","","","Dik_el-Mehdi","","populated-place","","","missing","none","","missing","unresolved","","[object Object]","LB-JL|Keserwan|Dik_el-Mehdi","true"
"LB-LOC-6DD30ACCE539","LB","LB-GOV-MLB","LB-DIST-EC9593138E48","","","","","Dlebta","","populated-place","","","missing","none","","missing","unresolved","","[object Object]","LB-JL|Keserwan|Dlebta","true"
"LB-LOC-2436729308E6","LB","LB-GOV-MLB","LB-DIST-EC9593138E48","","","","","El_Barbara-KS","","populated-place","","","missing","none","","missing","unresolved","","[object Object]","LB-JL|Keserwan|El_Barbara-KS","true"
"LB-LOC-6989EA41D998","LB","LB-GOV-MLB","LB-DIST-EC9593138E48","","","","","Fariaya","","populated-place","","","missing","none","","missing","unresolved","","[object Object]","LB-JL|Keserwan|Fariaya","true"
"LB-LOC-624C218676C1","LB","LB-GOV-MLB","LB-DIST-EC9593138E48","","","","","Fatqa","","populated-place","","","missing","none","","missing","unresolved","","[object Object]","LB-JL|Keserwan|Fatqa","true"
"LB-LOC-36F0B8136A39","LB","LB-GOV-MLB","LB-DIST-EC9593138E48","","","","","Feitrun","","populated-place","","","missing","none","","missing","unresolved","","[object Object]","LB-JL|Keserwan|Feitrun","true"
"LB-LOC-0738DA12DEC3","LB","LB-GOV-MLB","LB-DIST-EC9593138E48","","","","","Ghadir","","populated-place","","","missing","none","","missing","unresolved","","[object Object]","LB-JL|Keserwan|Ghadir","true"
"LB-LOC-066CB11D426A","LB","LB-GOV-MLB","LB-DIST-EC9593138E48","","","","","Ghazir","","populated-place","","","missing","none","","missing","unresolved","","[object Object]","LB-JL|Keserwan|Ghazir","true"
"LB-LOC-5A9AEAF72003","LB","LB-GOV-MLB","LB-DIST-EC9593138E48","","","","","Ghineh","","populated-place","34.379506985274986","35.966365288419105","repository-reference","lebgis_staging_gpkg_extent","","missing","unresolved","","[object Object]","LB-JL|Keserwan|Ghineh","true"
"LB-LOC-1C452FA99E2D","LB","LB-GOV-MLB","LB-DIST-EC9593138E48","","","","","Ghousta","","populated-place","","","missing","none","","missing","unresolved","","[object Object]","LB-JL|Keserwan|Ghousta","true"
"LB-LOC-32F64C4980C3","LB","LB-GOV-MLB","LB-DIST-EC9593138E48","","","","","Habtour","","populated-place","","","missing","none","","missing","unresolved","","[object Object]","LB-JL|Keserwan|Habtour","true"
"LB-LOC-4BA38A62B022","LB","LB-GOV-MLB","LB-DIST-EC9593138E48","","","","","Hamlaya-KS","","populated-place","","","missing","none","","missing","unresolved","","[object Object]","LB-JL|Keserwan|Hamlaya-KS","true"
"LB-LOC-C3B3787A6004","LB","LB-GOV-MLB","LB-DIST-EC9593138E48","","","","","Harach-KS","","populated-place","","","missing","none","","missing","unresolved","","[object Object]","LB-JL|Keserwan|Harach-KS","true"
"LB-LOC-9EF478A17EC8","LB","LB-GOV-MLB","LB-DIST-EC9593138E48","","","","","Harissa","","populated-place","34.536218380072185","35.2376235777854","repository-reference","dwg_geometry_cache","","missing","unresolved","","[object Object]","LB-JL|Keserwan|Harissa","true"
"LB-LOC-6647D02F8570","LB","LB-GOV-MLB","LB-DIST-EC9593138E48","","","","","Harissa_ech-Chitawiye","","populated-place","","","missing","none","","missing","unresolved","","[object Object]","LB-JL|Keserwan|Harissa_ech-Chitawiye","true"
"LB-LOC-4B7F206DE7C1","LB","LB-GOV-MLB","LB-DIST-EC9593138E48","","","","","Hasroun-KS","","populated-place","","","missing","none","","missing","unresolved","","[object Object]","LB-JL|Keserwan|Hasroun-KS","true"
"LB-LOC-48561FC66D0E","LB","LB-GOV-MLB","LB-DIST-EC9593138E48","","","","","Hrajel","","populated-place","","","missing","none","","missing","unresolved","","[object Object]","LB-JL|Keserwan|Hrajel","true"
"LB-LOC-B64AC5BB91BA","LB","LB-GOV-MLB","LB-DIST-EC9593138E48","","","","","Jeita","","populated-place","34.203505780425346","35.035613979735786","repository-reference","dwg_geometry_cache","","missing","unresolved","","[object Object]","LB-JL|Keserwan|Jeita","true"
"LB-LOC-F3A2C606B532","LB","LB-GOV-MLB","LB-DIST-EC9593138E48","","","","","Jounieh","","populated-place","34.24670971151581","35.03099083049749","repository-reference","dwg_geometry_cache","","missing","unresolved","","[object Object]","LB-JL|Keserwan|Jounieh","true"
"LB-LOC-4B4F65A93434","LB","LB-GOV-MLB","LB-DIST-EC9593138E48","","","","","Jounieh_el-Bahriye","","populated-place","","","missing","none","","missing","unresolved","","[object Object]","LB-JL|Keserwan|Jounieh_el-Bahriye","true"
"LB-LOC-1C7FBC5DE0F1","LB","LB-GOV-MLB","LB-DIST-EC9593138E48","","","","","Kaslik","","populated-place","","","missing","none","","missing","unresolved","","[object Object]","LB-JL|Keserwan|Kaslik","true"
"LB-LOC-E5BE80736B40","LB","LB-GOV-MLB","LB-DIST-EC9593138E48","","","","","Kfar_Hay","","populated-place","","","missing","none","","missing","unresolved","","[object Object]","LB-JL|Keserwan|Kfar_Hay","true"
"LB-LOC-4223692CDAC0","LB","LB-GOV-MLB","LB-DIST-EC9593138E48","","","","","Kfar_Hbab","","populated-place","","","missing","none","","missing","unresolved","","[object Object]","LB-JL|Keserwan|Kfar_Hbab","true"
"LB-LOC-CD52D7533EA7","LB","LB-GOV-MLB","LB-DIST-EC9593138E48","","","","","Kfardbian_ech-Chitawiye","","populated-place","","","missing","none","","missing","unresolved","","[object Object]","LB-JL|Keserwan|Kfardbian_ech-Chitawiye","true"
"LB-LOC-0D1925F1D0DF","LB","LB-GOV-MLB","LB-DIST-EC9593138E48","","","","","Kfardebian","","populated-place","","","missing","none","","missing","unresolved","","[object Object]","LB-JL|Keserwan|Kfardebian","true"
"LB-LOC-600583C6230A","LB","LB-GOV-MLB","LB-DIST-EC9593138E48","","","","","Kfartay","","populated-place","34.454973617379764","35.96666837436075","repository-reference","lebgis_staging_gpkg_extent","","missing","unresolved","","[object Object]","LB-JL|Keserwan|Kfartay","true"
"LB-LOC-9C33F3742B98","LB","LB-GOV-MLB","LB-DIST-EC9593138E48","","","","","Kfaryasin","","populated-place","34.36909456856587","35.87315508282671","repository-reference","lebgis_staging_gpkg_extent","","missing","unresolved","","[object Object]","LB-JL|Keserwan|Kfaryasin","true"
"LB-LOC-7110D462E4F8","LB","LB-GOV-MLB","LB-DIST-EC9593138E48","","","","","Kfifane","","populated-place","","","missing","none","","missing","unresolved","","[object Object]","LB-JL|Keserwan|Kfifane","true"
"LB-LOC-0E4CF3FED84D","LB","LB-GOV-MLB","LB-DIST-EC9593138E48","","","","","Khenchara-KS","","populated-place","34.456293126325974","35.96753694268659","repository-reference","lebgis_staging_gpkg_extent","","missing","unresolved","","[object Object]","LB-JL|Keserwan|Khenchara-KS","true"
"LB-LOC-E674E68E5B1F","LB","LB-GOV-MLB","LB-DIST-EC9593138E48","","","","","Maameltein","","populated-place","","","missing","none","","missing","unresolved","","[object Object]","LB-JL|Keserwan|Maameltein","true"
"LB-LOC-2799F876E84F","LB","LB-GOV-MLB","LB-DIST-EC9593138E48","","","","","Maarab","","populated-place","","","missing","none","","missing","unresolved","","[object Object]","LB-JL|Keserwan|Maarab","true"
"LB-LOC-B8F6D096BC6D","LB","LB-GOV-MLB","LB-DIST-EC9593138E48","","","","","Mayruba-KS","","populated-place","","","missing","none","","missing","unresolved","","[object Object]","LB-JL|Keserwan|Mayruba-KS","true"
"LB-LOC-4107E96D4E46","LB","LB-GOV-MLB","LB-DIST-EC9593138E48","","","","","Mayruba_et-Tahta","","populated-place","","","missing","none","","missing","unresolved","","[object Object]","LB-JL|Keserwan|Mayruba_et-Tahta","true"
"LB-LOC-0658032EAA18","LB","LB-GOV-MLB","LB-DIST-EC9593138E48","","","","","Mazraat_Yachoua","","populated-place","","","missing","none","","missing","unresolved","","[object Object]","LB-JL|Keserwan|Mazraat_Yachoua","true"
"LB-LOC-E380AA89660A","LB","LB-GOV-MLB","LB-DIST-EC9593138E48","","","","","Nahr_ed-Dahab","","populated-place","","","missing","none","","missing","unresolved","","[object Object]","LB-JL|Keserwan|Nahr_ed-Dahab","true"
"LB-LOC-1E675AC79259","LB","LB-GOV-MLB","LB-DIST-EC9593138E48","","","","","Nahr_el-Kalb","","populated-place","","","missing","none","","missing","unresolved","","[object Object]","LB-JL|Keserwan|Nahr_el-Kalb","true"
"LB-LOC-8655030458DD","LB","LB-GOV-MLB","LB-DIST-EC9593138E48","","","","","Oyoun_es-Simane","","populated-place","","","missing","none","","missing","unresolved","","[object Object]","LB-JL|Keserwan|Oyoun_es-Simane","true"
"LB-LOC-A46A15472605","LB","LB-GOV-MLB","LB-DIST-EC9593138E48","","","","","Qattara","","populated-place","","","missing","none","","missing","unresolved","","[object Object]","LB-JL|Keserwan|Qattara","true"
"LB-LOC-7D4A40E9171C","LB","LB-GOV-MLB","LB-DIST-EC9593138E48","","","","","Qetra","","populated-place","","","missing","none","","missing","unresolved","","[object Object]","LB-JL|Keserwan|Qetra","true"
"LB-LOC-7DD0E5B58E97","LB","LB-GOV-MLB","LB-DIST-EC9593138E48","","","","","Qlaiaat","","populated-place","","","missing","none","","missing","unresolved","","[object Object]","LB-JL|Keserwan|Qlaiaat","true"
"LB-LOC-3130C537D6AE","LB","LB-GOV-MLB","LB-DIST-EC9593138E48","","","","","Raachine","","populated-place","","","missing","none","","missing","unresolved","","[object Object]","LB-JL|Keserwan|Raachine","true"
"LB-LOC-DE7BACD2BF61","LB","LB-GOV-MLB","LB-DIST-EC9593138E48","","","","","Raifoun-KS","","populated-place","","","missing","none","","missing","unresolved","","[object Object]","LB-JL|Keserwan|Raifoun-KS","true"
"LB-LOC-CEAAA2349682","LB","LB-GOV-MLB","LB-DIST-EC9593138E48","","","","","Safra","","populated-place","34.36997119141239","35.87322278359805","repository-reference","lebgis_staging_gpkg_extent","","missing","unresolved","","[object Object]","LB-JL|Keserwan|Safra","true"
"LB-LOC-79ADA943BFB1","LB","LB-GOV-MLB","LB-DIST-EC9593138E48","","","","","Sahel_Alma","","populated-place","34.35502851816925","35.87688196374157","repository-reference","dwg_geometry_cache","","missing","unresolved","","[object Object]","LB-JL|Keserwan|Sahel_Alma","true"
"LB-LOC-BB8DF1C720B2","LB","LB-GOV-MLB","LB-DIST-EC9593138E48","","","","","Sarba","","populated-place","34.36680638393972","35.87274731355075","repository-reference","lebgis_staging_gpkg_extent","","missing","unresolved","","[object Object]","LB-JL|Keserwan|Sarba","true"
"LB-LOC-497B54BB4729","LB","LB-GOV-MLB","LB-DIST-EC9593138E48","","","","","Sehaileh","","populated-place","34.38107522905145","35.967480888430835","repository-reference","lebgis_staging_gpkg_extent","","missing","unresolved","","[object Object]","LB-JL|Keserwan|Sehaileh","true"
"LB-LOC-45225FEFA5EA","LB","LB-GOV-MLB","LB-DIST-EC9593138E48","","","","","Tabarja","","populated-place","34.369635835502905","35.873108566739496","repository-reference","lebgis_staging_gpkg_extent","","missing","unresolved","","[object Object]","LB-JL|Keserwan|Tabarja","true"
"LB-LOC-B4A72A8A9D12","LB","LB-GOV-MLB","LB-DIST-EC9593138E48","","","","","Wadi_el-Arayech","","populated-place","","","missing","none","","missing","unresolved","","[object Object]","LB-JL|Keserwan|Wadi_el-Arayech","true"
"LB-LOC-A7E22F610873","LB","LB-GOV-MLB","LB-DIST-EC9593138E48","","","","","Wata_el-Jawz","","populated-place","34.36926289489791","35.87736642682379","repository-reference","lebgis_staging_gpkg_extent","","missing","unresolved","","[object Object]","LB-JL|Keserwan|Wata_el-Jawz","true"
"LB-LOC-FF5AC17C52BC","LB","LB-GOV-MLB","LB-DIST-EC9593138E48","","","","","Yahchouch","","populated-place","34.397279774163906","35.968637605479884","repository-reference","dwg_geometry_cache","","missing","unresolved","","[object Object]","LB-JL|Keserwan|Yahchouch","true"
"LB-LOC-05284921195A","LB","LB-GOV-MLB","LB-DIST-EC9593138E48","","","","","Zouk_Mikael","","populated-place","","","missing","none","","missing","unresolved","","[object Object]","LB-JL|Keserwan|Zouk_Mikael","true"
"LB-LOC-63A15AD789DE","LB","LB-GOV-MLB","LB-DIST-EC9593138E48","","","","","Zouk_Mosbeh","","populated-place","34.372798263480426","35.91924401196332","repository-reference","lebgis_staging_gpkg_extent","","missing","unresolved","","[object Object]","LB-JL|Keserwan|Zouk_Mosbeh","true"
"LB-LOC-E26C059A704F","LB","LB-GOV-MLB","LB-DIST-EC9593138E48","","","","","Zouq_el-Hbalseh","","populated-place","","","missing","none","","missing","unresolved","","[object Object]","LB-JL|Keserwan|Zouq_el-Hbalseh","true"
"LB-LOC-A010A914125B","LB","LB-GOV-MLB","LB-DIST-EC9593138E48","","","","","Zouq_el-Kharab","","populated-place","","","missing","none","","missing","unresolved","","[object Object]","LB-JL|Keserwan|Zouq_el-Kharab","true"
"LB-LOC-D88ADD607712","LB","LB-GOV-NAB","LB-DIST-61ECD968AFA5","","","","","Aarbsalim-BJ","","populated-place","","","missing","none","","missing","unresolved","","[object Object]","LB-NA|Bint_Jbeil|Aarbsalim-BJ","true"
"LB-LOC-AF50F43D1448","LB","LB-GOV-NAB","LB-DIST-61ECD968AFA5","","","","","Ain_Ibl-BJ","","populated-place","","","missing","none","","missing","unresolved","","[object Object]","LB-NA|Bint_Jbeil|Ain_Ibl-BJ","true"
"LB-LOC-39DC85FC718C","LB","LB-GOV-NAB","LB-DIST-61ECD968AFA5","","","","","Ain_et-Tineh-BJ","","populated-place","","","missing","none","","missing","unresolved","","[object Object]","LB-NA|Bint_Jbeil|Ain_et-Tineh-BJ","true"
"LB-LOC-8BAADCCDEA30","LB","LB-GOV-NAB","LB-DIST-61ECD968AFA5","","","","","Ainata","","populated-place","","","missing","none","","missing","unresolved","","[object Object]","LB-NA|Bint_Jbeil|Ainata","true"
"LB-LOC-4186E63F4815","LB","LB-GOV-NAB","LB-DIST-61ECD968AFA5","","","","","Ainata_el-Fawqa","","populated-place","","","missing","none","","missing","unresolved","","[object Object]","LB-NA|Bint_Jbeil|Ainata_el-Fawqa","true"
"LB-LOC-24414CAB914F","LB","LB-GOV-NAB","LB-DIST-61ECD968AFA5","","","","","Aita_ech-Chaab","","populated-place","","","missing","none","","missing","unresolved","","[object Object]","LB-NA|Bint_Jbeil|Aita_ech-Chaab","true"
"LB-LOC-C2B238296763","LB","LB-GOV-NAB","LB-DIST-61ECD968AFA5","","","","","Aita_ech-Chaab_el-Aala","","populated-place","","","missing","none","","missing","unresolved","","[object Object]","LB-NA|Bint_Jbeil|Aita_ech-Chaab_el-Aala","true"
"LB-LOC-03880784ED11","LB","LB-GOV-NAB","LB-DIST-61ECD968AFA5","","","","","Aita_ez-Zott","","populated-place","","","missing","none","","missing","unresolved","","[object Object]","LB-NA|Bint_Jbeil|Aita_ez-Zott","true"
"LB-LOC-1C4E5DAA2E38","LB","LB-GOV-NAB","LB-DIST-61ECD968AFA5","","","","","Aitaroun","","populated-place","","","missing","none","","missing","unresolved","","[object Object]","LB-NA|Bint_Jbeil|Aitaroun","true"
"LB-LOC-E9EF0299071D","LB","LB-GOV-NAB","LB-DIST-61ECD968AFA5","","","","","Aitaroun_el-Aala","","populated-place","","","missing","none","","missing","unresolved","","[object Object]","LB-NA|Bint_Jbeil|Aitaroun_el-Aala","true"
"LB-LOC-70B7AAC962B1","LB","LB-GOV-NAB","LB-DIST-61ECD968AFA5","","","","","Aytit-BJ","","populated-place","","","missing","none","","missing","unresolved","","[object Object]","LB-NA|Bint_Jbeil|Aytit-BJ","true"
"LB-LOC-86B529555864","LB","LB-GOV-NAB","LB-DIST-61ECD968AFA5","","","","","Beit_Layf-BJ","","populated-place","","","missing","none","","missing","unresolved","","[object Object]","LB-NA|Bint_Jbeil|Beit_Layf-BJ","true"
"LB-LOC-63E2745F5F3C","LB","LB-GOV-NAB","LB-DIST-61ECD968AFA5","","","","","Beit_Yahoun-BJ","","populated-place","","","missing","none","","missing","unresolved","","[object Object]","LB-NA|Bint_Jbeil|Beit_Yahoun-BJ","true"
"LB-LOC-A926F4EDBD26","LB","LB-GOV-NAB","LB-DIST-61ECD968AFA5","","","","","Bint_Jbeil","","populated-place","","","missing","none","","missing","unresolved","","[object Object]","LB-NA|Bint_Jbeil|Bint_Jbeil","true"
"LB-LOC-AB0BA18501FE","LB","LB-GOV-NAB","LB-DIST-61ECD968AFA5","","","","","Braasheet","","populated-place","","","missing","none","","missing","unresolved","","[object Object]","LB-NA|Bint_Jbeil|Braasheet","true"
"LB-LOC-23914381DA69","LB","LB-GOV-NAB","LB-DIST-61ECD968AFA5","","","","","Chaqra-BJ","","populated-place","","","missing","none","","missing","unresolved","","[object Object]","LB-NA|Bint_Jbeil|Chaqra-BJ","true"
"LB-LOC-1AAF58F9FAEB","LB","LB-GOV-NAB","LB-DIST-61ECD968AFA5","","","","","Debl-BJ","","populated-place","","","missing","none","","missing","unresolved","","[object Object]","LB-NA|Bint_Jbeil|Debl-BJ","true"
"LB-LOC-FD5CA9DE1F5F","LB","LB-GOV-NAB","LB-DIST-61ECD968AFA5","","","","","Deir_Antar","","populated-place","","","missing","none","","missing","unresolved","","[object Object]","LB-NA|Bint_Jbeil|Deir_Antar","true"
"LB-LOC-4C13F2710FAE","LB","LB-GOV-NAB","LB-DIST-61ECD968AFA5","","","","","Deir_Qanoun_en-Nahr-BJ","","populated-place","","","missing","none","","missing","unresolved","","[object Object]","LB-NA|Bint_Jbeil|Deir_Qanoun_en-Nahr-BJ","true"
"LB-LOC-3502A4E12D54","LB","LB-GOV-NAB","LB-DIST-61ECD968AFA5","","","","","El-Qouzah_el-Aala","","populated-place","","","missing","none","","missing","unresolved","","[object Object]","LB-NA|Bint_Jbeil|El-Qouzah_el-Aala","true"
"LB-LOC-CCD10C23EFBF","LB","LB-GOV-NAB","LB-DIST-61ECD968AFA5","","","","","El_Qouzah","","populated-place","","","missing","none","","missing","unresolved","","[object Object]","LB-NA|Bint_Jbeil|El_Qouzah","true"
"LB-LOC-AEA5E2B16444","LB","LB-GOV-NAB","LB-DIST-61ECD968AFA5","","","","","Froun","","populated-place","","","missing","none","","missing","unresolved","","[object Object]","LB-NA|Bint_Jbeil|Froun","true"
"LB-LOC-FE1DA6C20E89","LB","LB-GOV-NAB","LB-DIST-61ECD968AFA5","","","","","Hadatha-BJ","","populated-place","","","missing","none","","missing","unresolved","","[object Object]","LB-NA|Bint_Jbeil|Hadatha-BJ","true"
"LB-LOC-57C840816391","LB","LB-GOV-NAB","LB-DIST-61ECD968AFA5","","","","","Hanine","","populated-place","","","missing","none","","missing","unresolved","","[object Object]","LB-NA|Bint_Jbeil|Hanine","true"
"LB-LOC-6875798EE27F","LB","LB-GOV-NAB","LB-DIST-61ECD968AFA5","","","","","Hariss-BJ","","populated-place","","","missing","none","","missing","unresolved","","[object Object]","LB-NA|Bint_Jbeil|Hariss-BJ","true"
"LB-LOC-FB15EFF0607C","LB","LB-GOV-NAB","LB-DIST-61ECD968AFA5","","","","","Houla","","populated-place","","","missing","none","","missing","unresolved","","[object Object]","LB-NA|Bint_Jbeil|Houla","true"
"LB-LOC-2D8467AA09B4","LB","LB-GOV-NAB","LB-DIST-61ECD968AFA5","","","","","Houla_el-Fawqa","","populated-place","","","missing","none","","missing","unresolved","","[object Object]","LB-NA|Bint_Jbeil|Houla_el-Fawqa","true"
"LB-LOC-7D0FDFC10A2A","LB","LB-GOV-NAB","LB-DIST-61ECD968AFA5","","","","","Janoubiye","","populated-place","","","missing","none","","missing","unresolved","","[object Object]","LB-NA|Bint_Jbeil|Janoubiye","true"
"LB-LOC-8EE0C7B4C986","LB","LB-GOV-NAB","LB-DIST-61ECD968AFA5","","","","","Jbaa-BJ-2","","populated-place","","","missing","none","","missing","unresolved","","[object Object]","LB-NA|Bint_Jbeil|Jbaa-BJ-2","true"
"LB-LOC-FAE0C74B8280","LB","LB-GOV-NAB","LB-DIST-61ECD968AFA5","","","","","Jbal_el-Botm-BJ","","populated-place","","","missing","none","","missing","unresolved","","[object Object]","LB-NA|Bint_Jbeil|Jbal_el-Botm-BJ","true"
"LB-LOC-91D64551E48B","LB","LB-GOV-NAB","LB-DIST-61ECD968AFA5","","","","","Kfar_Dounine-BJ","","populated-place","","","missing","none","","missing","unresolved","","[object Object]","LB-NA|Bint_Jbeil|Kfar_Dounine-BJ","true"
"LB-LOC-997F314234A7","LB","LB-GOV-NAB","LB-DIST-61ECD968AFA5","","","","","Kfar_Hammam-BJ","","populated-place","","","missing","none","","missing","unresolved","","[object Object]","LB-NA|Bint_Jbeil|Kfar_Hammam-BJ","true"
"LB-LOC-F3192AB042CE","LB","LB-GOV-NAB","LB-DIST-61ECD968AFA5","","","","","Kfar_Kila-BJ","","populated-place","","","missing","none","","missing","unresolved","","[object Object]","LB-NA|Bint_Jbeil|Kfar_Kila-BJ","true"
"LB-LOC-DB7962789978","LB","LB-GOV-NAB","LB-DIST-61ECD968AFA5","","","","","Khirbet_Selm","","populated-place","","","missing","none","","missing","unresolved","","[object Object]","LB-NA|Bint_Jbeil|Khirbet_Selm","true"
"LB-LOC-D441C5C00AE9","LB","LB-GOV-NAB","LB-DIST-61ECD968AFA5","","","","","Kounine","","populated-place","","","missing","none","","missing","unresolved","","[object Object]","LB-NA|Bint_Jbeil|Kounine","true"
"LB-LOC-9FA567B87FAE","LB","LB-GOV-NAB","LB-DIST-61ECD968AFA5","","","","","Majdel_Selm-BJ","","populated-place","","","missing","none","","missing","unresolved","","[object Object]","LB-NA|Bint_Jbeil|Majdel_Selm-BJ","true"
"LB-LOC-E6F6AE583F4F","LB","LB-GOV-NAB","LB-DIST-61ECD968AFA5","","","","","Majdel_ej-Jnubi","","populated-place","","","missing","none","","missing","unresolved","","[object Object]","LB-NA|Bint_Jbeil|Majdel_ej-Jnubi","true"
"LB-LOC-B2965213AEBC","LB","LB-GOV-NAB","LB-DIST-61ECD968AFA5","","","","","Mansouri-BJ","","populated-place","","","missing","none","","missing","unresolved","","[object Object]","LB-NA|Bint_Jbeil|Mansouri-BJ","true"
"LB-LOC-38C353D74BBB","LB","LB-GOV-NAB","LB-DIST-61ECD968AFA5","","","","","Maroun-BJ","","populated-place","","","missing","none","","missing","unresolved","","[object Object]","LB-NA|Bint_Jbeil|Maroun-BJ","true"
"LB-LOC-E390397CE21A","LB","LB-GOV-NAB","LB-DIST-61ECD968AFA5","","","","","Maroun_er-Ras","","populated-place","","","missing","none","","missing","unresolved","","[object Object]","LB-NA|Bint_Jbeil|Maroun_er-Ras","true"
"LB-LOC-476B680EBF4B","LB","LB-GOV-NAB","LB-DIST-61ECD968AFA5","","","","","Maroun_er-Ras_el-Aala","","populated-place","","","missing","none","","missing","unresolved","","[object Object]","LB-NA|Bint_Jbeil|Maroun_er-Ras_el-Aala","true"
"LB-LOC-04D35764D624","LB","LB-GOV-NAB","LB-DIST-61ECD968AFA5","","","","","Qabrikha-BJ","","populated-place","","","missing","none","","missing","unresolved","","[object Object]","LB-NA|Bint_Jbeil|Qabrikha-BJ","true"
"LB-LOC-C1A485C9E01B","LB","LB-GOV-NAB","LB-DIST-61ECD968AFA5","","","","","Qantra-BJ","","populated-place","","","missing","none","","missing","unresolved","","[object Object]","LB-NA|Bint_Jbeil|Qantra-BJ","true"
"LB-LOC-280E2B6D7B20","LB","LB-GOV-NAB","LB-DIST-61ECD968AFA5","","","","","Rab_Tlatine-BJ","","populated-place","","","missing","none","","missing","unresolved","","[object Object]","LB-NA|Bint_Jbeil|Rab_Tlatine-BJ","true"
"LB-LOC-EBEF025A9A99","LB","LB-GOV-NAB","LB-DIST-61ECD968AFA5","","","","","Rmeish","","populated-place","","","missing","none","","missing","unresolved","","[object Object]","LB-NA|Bint_Jbeil|Rmeish","true"
"LB-LOC-49581BD60F2D","LB","LB-GOV-NAB","LB-DIST-61ECD968AFA5","","","","","Rmeish_el-Aala","","populated-place","","","missing","none","","missing","unresolved","","[object Object]","LB-NA|Bint_Jbeil|Rmeish_el-Aala","true"
"LB-LOC-48F1ED9F9A1F","LB","LB-GOV-NAB","LB-DIST-61ECD968AFA5","","","","","Safad_el-Battikh","","populated-place","","","missing","none","","missing","unresolved","","[object Object]","LB-NA|Bint_Jbeil|Safad_el-Battikh","true"
"LB-LOC-E4F63E055EF8","LB","LB-GOV-NAB","LB-DIST-61ECD968AFA5","","","","","Saileh","","populated-place","","","missing","none","","missing","unresolved","","[object Object]","LB-NA|Bint_Jbeil|Saileh","true"
"LB-LOC-7E46204DEEA9","LB","LB-GOV-NAB","LB-DIST-61ECD968AFA5","","","","","Sarba_ej-Janoubiye","","populated-place","","","missing","none","","missing","unresolved","","[object Object]","LB-NA|Bint_Jbeil|Sarba_ej-Janoubiye","true"
"LB-LOC-7010C8BF744E","LB","LB-GOV-NAB","LB-DIST-61ECD968AFA5","","","","","Shamaa-BJ","","populated-place","","","missing","none","","missing","unresolved","","[object Object]","LB-NA|Bint_Jbeil|Shamaa-BJ","true"
"LB-LOC-448881054ECE","LB","LB-GOV-NAB","LB-DIST-61ECD968AFA5","","","","","Souayri-BJ","","populated-place","","","missing","none","","missing","unresolved","","[object Object]","LB-NA|Bint_Jbeil|Souayri-BJ","true"
"LB-LOC-D19E60871E0B","LB","LB-GOV-NAB","LB-DIST-61ECD968AFA5","","","","","Sultaniye","","populated-place","","","missing","none","","missing","unresolved","","[object Object]","LB-NA|Bint_Jbeil|Sultaniye","true"
"LB-LOC-BEF77FEA00C9","LB","LB-GOV-NAB","LB-DIST-61ECD968AFA5","","","","","Tair_Filsi","","populated-place","34.36280692605919","35.913056916155725","repository-reference","dwg_geometry_cache","","missing","unresolved","","[object Object]","LB-NA|Bint_Jbeil|Tair_Filsi","true"
"LB-LOC-0BFE50CEA78B","LB","LB-GOV-NAB","LB-DIST-61ECD968AFA5","","","","","Tair_Harfa-BJ","","populated-place","","","missing","none","","missing","unresolved","","[object Object]","LB-NA|Bint_Jbeil|Tair_Harfa-BJ","true"
"LB-LOC-41A25554A813","LB","LB-GOV-NAB","LB-DIST-61ECD968AFA5","","","","","Teiri-BJ","","populated-place","","","missing","none","","missing","unresolved","","[object Object]","LB-NA|Bint_Jbeil|Teiri-BJ","true"
"LB-LOC-7CCD0E1DA262","LB","LB-GOV-NAB","LB-DIST-61ECD968AFA5","","","","","Tibnine","","populated-place","","","missing","none","","missing","unresolved","","[object Object]","LB-NA|Bint_Jbeil|Tibnine","true"
"LB-LOC-D8D7033EC5E2","LB","LB-GOV-NAB","LB-DIST-61ECD968AFA5","","","","","Toura","","populated-place","34.358406978632715","35.871359556708754","repository-reference","dwg_geometry_cache","","missing","unresolved","","[object Object]","LB-NA|Bint_Jbeil|Toura","true"
"LB-LOC-13E8DB6E1DFF","LB","LB-GOV-NAB","LB-DIST-61ECD968AFA5","","","","","Yahmar_ech-Chqif-BJ","","populated-place","","","missing","none","","missing","unresolved","","[object Object]","LB-NA|Bint_Jbeil|Yahmar_ech-Chqif-BJ","true"
"LB-LOC-647B0648F996","LB","LB-GOV-NAB","LB-DIST-61ECD968AFA5","","","","","Yarine","","populated-place","","","missing","none","","missing","unresolved","","[object Object]","LB-NA|Bint_Jbeil|Yarine","true"
"LB-LOC-B0902F42A837","LB","LB-GOV-NAB","LB-DIST-61ECD968AFA5","","","","","Yaroun","","populated-place","","","missing","none","","missing","unresolved","","[object Object]","LB-NA|Bint_Jbeil|Yaroun","true"
"LB-LOC-A0C06DA5C261","LB","LB-GOV-NAB","LB-DIST-61ECD968AFA5","","","","","Yaroun_el-Aala","","populated-place","","","missing","none","","missing","unresolved","","[object Object]","LB-NA|Bint_Jbeil|Yaroun_el-Aala","true"
"LB-LOC-50C1881D07BF","LB","LB-GOV-NAB","LB-DIST-179AC84C65BF","","","","","Ain_Aata-HB","","populated-place","","","missing","none","","missing","unresolved","","[object Object]","LB-NA|Hasbaya|Ain_Aata-HB","true"
"LB-LOC-9215FBC87B6A","LB","LB-GOV-NAB","LB-DIST-179AC84C65BF","","","","","Ain_Jarfa","","populated-place","","","missing","none","","missing","unresolved","","[object Object]","LB-NA|Hasbaya|Ain_Jarfa","true"
"LB-LOC-ED1EB96ED12D","LB","LB-GOV-NAB","LB-DIST-179AC84C65BF","","","","","Ain_Qanya-HB","","populated-place","","","missing","none","","missing","unresolved","","[object Object]","LB-NA|Hasbaya|Ain_Qanya-HB","true"
"LB-LOC-1A142E890305","LB","LB-GOV-NAB","LB-DIST-179AC84C65BF","","","","","Chebaa","","populated-place","","","missing","none","","missing","unresolved","","[object Object]","LB-NA|Hasbaya|Chebaa","true"
"LB-LOC-26BC5298927D","LB","LB-GOV-NAB","LB-DIST-179AC84C65BF","","","","","Chebaa_el-Aala","","populated-place","","","missing","none","","missing","unresolved","","[object Object]","LB-NA|Hasbaya|Chebaa_el-Aala","true"
"LB-LOC-86706A4DEEBC","LB","LB-GOV-NAB","LB-DIST-179AC84C65BF","","","","","Chebaa_el-Aqariyeh","","populated-place","","","missing","none","","missing","unresolved","","[object Object]","LB-NA|Hasbaya|Chebaa_el-Aqariyeh","true"
"LB-LOC-F88899A79119","LB","LB-GOV-NAB","LB-DIST-179AC84C65BF","","","","","Deir_Mimas","","populated-place","","","missing","none","","missing","unresolved","","[object Object]","LB-NA|Hasbaya|Deir_Mimas","true"
"LB-LOC-16C57984662F","LB","LB-GOV-NAB","LB-DIST-179AC84C65BF","","","","","Faowar_Anjar","","populated-place","","","missing","none","","missing","unresolved","","[object Object]","LB-NA|Hasbaya|Faowar_Anjar","true"
"LB-LOC-38F8136CC291","LB","LB-GOV-NAB","LB-DIST-179AC84C65BF","","","","","Fardis","","populated-place","","","missing","none","","missing","unresolved","","[object Object]","LB-NA|Hasbaya|Fardis","true"
"LB-LOC-1529AE2B53A9","LB","LB-GOV-NAB","LB-DIST-179AC84C65BF","","","","","Fardis_el-Aala","","populated-place","","","missing","none","","missing","unresolved","","[object Object]","LB-NA|Hasbaya|Fardis_el-Aala","true"
"LB-LOC-4DC23144E4BE","LB","LB-GOV-NAB","LB-DIST-179AC84C65BF","","","","","Fardis_el-Hasbaniye","","populated-place","","","missing","none","","missing","unresolved","","[object Object]","LB-NA|Hasbaya|Fardis_el-Hasbaniye","true"
"LB-LOC-D8C51AC4C2FC","LB","LB-GOV-NAB","LB-DIST-179AC84C65BF","","","","","Halweh-HB","","populated-place","","","missing","none","","missing","unresolved","","[object Object]","LB-NA|Hasbaya|Halweh-HB","true"
"LB-LOC-94A8EC7DBF55","LB","LB-GOV-NAB","LB-DIST-179AC84C65BF","","","","","Hasbaya","","populated-place","","","missing","none","","missing","unresolved","","[object Object]","LB-NA|Hasbaya|Hasbaya","true"
"LB-LOC-6A35C69F597A","LB","LB-GOV-NAB","LB-DIST-179AC84C65BF","","","","","Hasbaya_el-Balad","","populated-place","","","missing","none","","missing","unresolved","","[object Object]","LB-NA|Hasbaya|Hasbaya_el-Balad","true"
"LB-LOC-45DF3FCD396F","LB","LB-GOV-NAB","LB-DIST-179AC84C65BF","","","","","Hbbariye-HB","","populated-place","","","missing","none","","missing","unresolved","","[object Object]","LB-NA|Hasbaya|Hbbariye-HB","true"
"LB-LOC-4B65D2AC94A4","LB","LB-GOV-NAB","LB-DIST-179AC84C65BF","","","","","Ibl_el-Qamh","","populated-place","","","missing","none","","missing","unresolved","","[object Object]","LB-NA|Hasbaya|Ibl_el-Qamh","true"
"LB-LOC-7FAA7C2C0A12","LB","LB-GOV-NAB","LB-DIST-179AC84C65BF","","","","","Jabal_ech-Cheikh","","populated-place","","","missing","none","","missing","unresolved","","[object Object]","LB-NA|Hasbaya|Jabal_ech-Cheikh","true"
"LB-LOC-D0C433219833","LB","LB-GOV-NAB","LB-DIST-179AC84C65BF","","","","","Kawkaba","","populated-place","","","missing","none","","missing","unresolved","","[object Object]","LB-NA|Hasbaya|Kawkaba","true"
"LB-LOC-34C9C62492CA","LB","LB-GOV-NAB","LB-DIST-179AC84C65BF","","","","","Kawkaba_el-Fawqa","","populated-place","","","missing","none","","missing","unresolved","","[object Object]","LB-NA|Hasbaya|Kawkaba_el-Fawqa","true"
"LB-LOC-E04AE65942E9","LB","LB-GOV-NAB","LB-DIST-179AC84C65BF","","","","","Kawkaba_et-Tahta","","populated-place","","","missing","none","","missing","unresolved","","[object Object]","LB-NA|Hasbaya|Kawkaba_et-Tahta","true"
"LB-LOC-BFFC1078A305","LB","LB-GOV-NAB","LB-DIST-179AC84C65BF","","","","","Kfar_Chouba","","populated-place","","","missing","none","","missing","unresolved","","[object Object]","LB-NA|Hasbaya|Kfar_Chouba","true"
"LB-LOC-A59A9188A76F","LB","LB-GOV-NAB","LB-DIST-179AC84C65BF","","","","","Kfar_Chouba_el-Aala","","populated-place","","","missing","none","","missing","unresolved","","[object Object]","LB-NA|Hasbaya|Kfar_Chouba_el-Aala","true"
"LB-LOC-E092ABD1A775","LB","LB-GOV-NAB","LB-DIST-179AC84C65BF","","","","","Kfir-HB","","populated-place","","","missing","none","","missing","unresolved","","[object Object]","LB-NA|Hasbaya|Kfir-HB","true"
"LB-LOC-814D125FCB8C","LB","LB-GOV-NAB","LB-DIST-179AC84C65BF","","","","","Khalwat","","populated-place","","","missing","none","","missing","unresolved","","[object Object]","LB-NA|Hasbaya|Khalwat","true"
"LB-LOC-56D46C4AA726","LB","LB-GOV-NAB","LB-DIST-179AC84C65BF","","","","","Khalwat_el-Aala","","populated-place","","","missing","none","","missing","unresolved","","[object Object]","LB-NA|Hasbaya|Khalwat_el-Aala","true"
"LB-LOC-453965BF9B29","LB","LB-GOV-NAB","LB-DIST-179AC84C65BF","","","","","Khalweh-HB","","populated-place","","","missing","none","","missing","unresolved","","[object Object]","LB-NA|Hasbaya|Khalweh-HB","true"
"LB-LOC-04959CC5993C","LB","LB-GOV-NAB","LB-DIST-179AC84C65BF","","","","","Manarah-HB","","populated-place","","","missing","none","","missing","unresolved","","[object Object]","LB-NA|Hasbaya|Manarah-HB","true"
"LB-LOC-9C31937B081E","LB","LB-GOV-NAB","LB-DIST-179AC84C65BF","","","","","Mansoura-HB","","populated-place","","","missing","none","","missing","unresolved","","[object Object]","LB-NA|Hasbaya|Mansoura-HB","true"
"LB-LOC-0B22AE999BCC","LB","LB-GOV-NAB","LB-DIST-179AC84C65BF","","","","","Marj_el-Khokh","","populated-place","","","missing","none","","missing","unresolved","","[object Object]","LB-NA|Hasbaya|Marj_el-Khokh","true"
"LB-LOC-C99F6AA7AD1C","LB","LB-GOV-NAB","LB-DIST-179AC84C65BF","","","","","Maymis-HB","","populated-place","","","missing","none","","missing","unresolved","","[object Object]","LB-NA|Hasbaya|Maymis-HB","true"
"LB-LOC-9C6C6A2658FD","LB","LB-GOV-NAB","LB-DIST-179AC84C65BF","","","","","Rachaya_el-Foukhar","","populated-place","","","missing","none","","missing","unresolved","","[object Object]","LB-NA|Hasbaya|Rachaya_el-Foukhar","true"
"LB-LOC-9F8C7AC41F74","LB","LB-GOV-NAB","LB-DIST-179AC84C65BF","","","","","Rachaya_el-Foukhar_el-Aala","","populated-place","","","missing","none","","missing","unresolved","","[object Object]","LB-NA|Hasbaya|Rachaya_el-Foukhar_el-Aala","true"
"LB-LOC-7D58DBAD2D57","LB","LB-GOV-NAB","LB-DIST-51EAD60DE824","","","","","Adayseh","","populated-place","","","missing","none","","missing","unresolved","","[object Object]","LB-NA|Marjayoun|Adayseh","true"
"LB-LOC-E130DD098E37","LB","LB-GOV-NAB","LB-DIST-51EAD60DE824","","","","","Adeisseh","","populated-place","","","missing","none","","missing","unresolved","","[object Object]","LB-NA|Marjayoun|Adeisseh","true"
"LB-LOC-55B7ABFCA2F1","LB","LB-GOV-NAB","LB-DIST-51EAD60DE824","","","","","Adeisseh_el-Aala","","populated-place","","","missing","none","","missing","unresolved","","[object Object]","LB-NA|Marjayoun|Adeisseh_el-Aala","true"
"LB-LOC-2A5D621FFDA2","LB","LB-GOV-NAB","LB-DIST-51EAD60DE824","","","","","Ain_Ibl-MJ","","populated-place","","","missing","none","","missing","unresolved","","[object Object]","LB-NA|Marjayoun|Ain_Ibl-MJ","true"
"LB-LOC-0430F39B234E","LB","LB-GOV-NAB","LB-DIST-51EAD60DE824","","","","","Almane-MJ","","populated-place","","","missing","none","","missing","unresolved","","[object Object]","LB-NA|Marjayoun|Almane-MJ","true"
"LB-LOC-510F5A782470","LB","LB-GOV-NAB","LB-DIST-51EAD60DE824","","","","","Arnoun_el-Aala","","populated-place","","","missing","none","","missing","unresolved","","[object Object]","LB-NA|Marjayoun|Arnoun_el-Aala","true"
"LB-LOC-06D314930336","LB","LB-GOV-NAB","LB-DIST-51EAD60DE824","","","","","Balda-MJ","","populated-place","","","missing","none","","missing","unresolved","","[object Object]","LB-NA|Marjayoun|Balda-MJ","true"
"LB-LOC-EB389E199910","LB","LB-GOV-NAB","LB-DIST-51EAD60DE824","","","","","Barghaz","","populated-place","34.40337491130566","35.88602847719332","repository-reference","lebgis_staging_gpkg_extent","","missing","unresolved","","[object Object]","LB-NA|Marjayoun|Barghaz","true"
"LB-LOC-80075061D2BA","LB","LB-GOV-NAB","LB-DIST-51EAD60DE824","","","","","Beit_Yahoun-MJ","","populated-place","","","missing","none","","missing","unresolved","","[object Object]","LB-NA|Marjayoun|Beit_Yahoun-MJ","true"
"LB-LOC-D8BA24B16148","LB","LB-GOV-NAB","LB-DIST-51EAD60DE824","","","","","Blat-MJ","","populated-place","","","missing","none","","missing","unresolved","","[object Object]","LB-NA|Marjayoun|Blat-MJ","true"
"LB-LOC-0B8472A215BF","LB","LB-GOV-NAB","LB-DIST-51EAD60DE824","","","","","Burj_el-Moulouk-MJ","","populated-place","","","missing","none","","missing","unresolved","","[object Object]","LB-NA|Marjayoun|Burj_el-Moulouk-MJ","true"
"LB-LOC-C55AFF11BFC2","LB","LB-GOV-NAB","LB-DIST-51EAD60DE824","","","","","Chaqra-MJ","","populated-place","","","missing","none","","missing","unresolved","","[object Object]","LB-NA|Marjayoun|Chaqra-MJ","true"
"LB-LOC-C889CAA9DD93","LB","LB-GOV-NAB","LB-DIST-51EAD60DE824","","","","","Deir_Siriane","","populated-place","","","missing","none","","missing","unresolved","","[object Object]","LB-NA|Marjayoun|Deir_Siriane","true"
"LB-LOC-84485379AFEB","LB","LB-GOV-NAB","LB-DIST-51EAD60DE824","","","","","Dibin","","populated-place","","","missing","none","","missing","unresolved","","[object Object]","LB-NA|Marjayoun|Dibin","true"
"LB-LOC-F6D90115C8F3","LB","LB-GOV-NAB","LB-DIST-51EAD60DE824","","","","","Dibin_el-Aala","","populated-place","","","missing","none","","missing","unresolved","","[object Object]","LB-NA|Marjayoun|Dibin_el-Aala","true"
"LB-LOC-10DD7F6DF153","LB","LB-GOV-NAB","LB-DIST-51EAD60DE824","","","","","Hadatha-MJ","","populated-place","","","missing","none","","missing","unresolved","","[object Object]","LB-NA|Marjayoun|Hadatha-MJ","true"
"LB-LOC-5034A9CC9347","LB","LB-GOV-NAB","LB-DIST-51EAD60DE824","","","","","Hariss","","populated-place","","","missing","none","","missing","unresolved","","[object Object]","LB-NA|Marjayoun|Hariss","true"
"LB-LOC-A00057B394A8","LB","LB-GOV-NAB","LB-DIST-51EAD60DE824","","","","","Hasbaya_el-Aala-MJ","","populated-place","","","missing","none","","missing","unresolved","","[object Object]","LB-NA|Marjayoun|Hasbaya_el-Aala-MJ","true"
"LB-LOC-B04BBE0EAA7B","LB","LB-GOV-NAB","LB-DIST-51EAD60DE824","","","","","Hloussiye","","populated-place","34.32883574735931","35.86474493013735","repository-reference","lebgis_staging_gpkg_extent","","missing","unresolved","","[object Object]","LB-NA|Marjayoun|Hloussiye","true"
"LB-LOC-8C28B3AF192E","LB","LB-GOV-NAB","LB-DIST-51EAD60DE824","","","","","Houla-MJ","","populated-place","","","missing","none","","missing","unresolved","","[object Object]","LB-NA|Marjayoun|Houla-MJ","true"
"LB-LOC-914C2060BDBB","LB","LB-GOV-NAB","LB-DIST-51EAD60DE824","","","","","Hounin","","populated-place","","","missing","none","","missing","unresolved","","[object Object]","LB-NA|Marjayoun|Hounin","true"
"LB-LOC-23A3366AE1DB","LB","LB-GOV-NAB","LB-DIST-51EAD60DE824","","","","","Ibl_es-Saqi","","populated-place","","","missing","none","","missing","unresolved","","[object Object]","LB-NA|Marjayoun|Ibl_es-Saqi","true"
"LB-LOC-86378A287067","LB","LB-GOV-NAB","LB-DIST-51EAD60DE824","","","","","Ibl_es-Saqi_el-Fawqa","","populated-place","","","missing","none","","missing","unresolved","","[object Object]","LB-NA|Marjayoun|Ibl_es-Saqi_el-Fawqa","true"
"LB-LOC-8CE4A3FE2426","LB","LB-GOV-NAB","LB-DIST-51EAD60DE824","","","","","Kfar_Dounine-MJ","","populated-place","","","missing","none","","missing","unresolved","","[object Object]","LB-NA|Marjayoun|Kfar_Dounine-MJ","true"
"LB-LOC-98ABFD44D53A","LB","LB-GOV-NAB","LB-DIST-51EAD60DE824","","","","","Kfar_Hammam","","populated-place","","","missing","none","","missing","unresolved","","[object Object]","LB-NA|Marjayoun|Kfar_Hammam","true"
"LB-LOC-011F474B22C7","LB","LB-GOV-NAB","LB-DIST-51EAD60DE824","","","","","Kfar_Kila","","populated-place","","","missing","none","","missing","unresolved","","[object Object]","LB-NA|Marjayoun|Kfar_Kila","true"
"LB-LOC-BF32E36D69B0","LB","LB-GOV-NAB","LB-DIST-51EAD60DE824","","","","","Kfar_Kila_el-Aala","","populated-place","","","missing","none","","missing","unresolved","","[object Object]","LB-NA|Marjayoun|Kfar_Kila_el-Aala","true"
"LB-LOC-FC4FDC8F4318","LB","LB-GOV-NAB","LB-DIST-51EAD60DE824","","","","","Kfar_Tibnit-MJ","","populated-place","","","missing","none","","missing","unresolved","","[object Object]","LB-NA|Marjayoun|Kfar_Tibnit-MJ","true"
"LB-LOC-4193285F1F32","LB","LB-GOV-NAB","LB-DIST-51EAD60DE824","","","","","Khiam","","populated-place","","","missing","none","","missing","unresolved","","[object Object]","LB-NA|Marjayoun|Khiam","true"
"LB-LOC-6B11E97A7087","LB","LB-GOV-NAB","LB-DIST-51EAD60DE824","","","","","Khiam_el-Aala","","populated-place","","","missing","none","","missing","unresolved","","[object Object]","LB-NA|Marjayoun|Khiam_el-Aala","true"
"LB-LOC-D9344EF90D51","LB","LB-GOV-NAB","LB-DIST-51EAD60DE824","","","","","Majdel_Selm-MJ","","populated-place","","","missing","none","","missing","unresolved","","[object Object]","LB-NA|Marjayoun|Majdel_Selm-MJ","true"
"LB-LOC-C13FABB63BEB","LB","LB-GOV-NAB","LB-DIST-51EAD60DE824","","","","","Mansoura-MJ","","populated-place","","","missing","none","","missing","unresolved","","[object Object]","LB-NA|Marjayoun|Mansoura-MJ","true"
"LB-LOC-62EF34CC992B","LB","LB-GOV-NAB","LB-DIST-51EAD60DE824","","","","","Marjayoun","","populated-place","","","missing","none","","missing","unresolved","","[object Object]","LB-NA|Marjayoun|Marjayoun","true"
"LB-LOC-2B18DF95DCE6","LB","LB-GOV-NAB","LB-DIST-51EAD60DE824","","","","","Marjayoun_el-Balad","","populated-place","","","missing","none","","missing","unresolved","","[object Object]","LB-NA|Marjayoun|Marjayoun_el-Balad","true"
"LB-LOC-E62E8D1550CD","LB","LB-GOV-NAB","LB-DIST-51EAD60DE824","","","","","Markaba","","populated-place","34.38419124740224","35.8863572124326","repository-reference","dwg_geometry_cache","","missing","unresolved","","[object Object]","LB-NA|Marjayoun|Markaba","true"
"LB-LOC-DEC569746AFB","LB","LB-GOV-NAB","LB-DIST-51EAD60DE824","","","","","Mays_el-Jabal","","populated-place","","","missing","none","","missing","unresolved","","[object Object]","LB-NA|Marjayoun|Mays_el-Jabal","true"
"LB-LOC-DE90EC119721","LB","LB-GOV-NAB","LB-DIST-51EAD60DE824","","","","","Mazraat_Machref","","populated-place","","","missing","none","","missing","unresolved","","[object Object]","LB-NA|Marjayoun|Mazraat_Machref","true"
"LB-LOC-3B005B852CCD","LB","LB-GOV-NAB","LB-DIST-51EAD60DE824","","","","","Qabrikha","","populated-place","","","missing","none","","missing","unresolved","","[object Object]","LB-NA|Marjayoun|Qabrikha","true"
"LB-LOC-7884C95CA352","LB","LB-GOV-NAB","LB-DIST-51EAD60DE824","","","","","Qantra","","populated-place","","","missing","none","","missing","unresolved","","[object Object]","LB-NA|Marjayoun|Qantra","true"
"LB-LOC-F5EBB4C038D8","LB","LB-GOV-NAB","LB-DIST-51EAD60DE824","","","","","Qlaiaa","","populated-place","","","missing","none","","missing","unresolved","","[object Object]","LB-NA|Marjayoun|Qlaiaa","true"
"LB-LOC-2140F955ED67","LB","LB-GOV-NAB","LB-DIST-51EAD60DE824","","","","","Qlaiaa_el-Aala","","populated-place","","","missing","none","","missing","unresolved","","[object Object]","LB-NA|Marjayoun|Qlaiaa_el-Aala","true"
"LB-LOC-6CFE34ACB938","LB","LB-GOV-NAB","LB-DIST-51EAD60DE824","","","","","Qlayaa_et-Tahta","","populated-place","","","missing","none","","missing","unresolved","","[object Object]","LB-NA|Marjayoun|Qlayaa_et-Tahta","true"
"LB-LOC-23940FF984B0","LB","LB-GOV-NAB","LB-DIST-51EAD60DE824","","","","","Qolaya","","populated-place","","","missing","none","","missing","unresolved","","[object Object]","LB-NA|Marjayoun|Qolaya","true"
"LB-LOC-83996722F297","LB","LB-GOV-NAB","LB-DIST-51EAD60DE824","","","","","Qouzah_el-Fawqa","","populated-place","","","missing","none","","missing","unresolved","","[object Object]","LB-NA|Marjayoun|Qouzah_el-Fawqa","true"
"LB-LOC-9E485A6E5852","LB","LB-GOV-NAB","LB-DIST-51EAD60DE824","","","","","Rab_Tlatine-MJ","","populated-place","","","missing","none","","missing","unresolved","","[object Object]","LB-NA|Marjayoun|Rab_Tlatine-MJ","true"
"LB-LOC-277F3D9DC9B1","LB","LB-GOV-NAB","LB-DIST-51EAD60DE824","","","","","Rmeish-MJ","","populated-place","","","missing","none","","missing","unresolved","","[object Object]","LB-NA|Marjayoun|Rmeish-MJ","true"
"LB-LOC-451B42B298A4","LB","LB-GOV-NAB","LB-DIST-51EAD60DE824","","","","","Sawaneh-MJ","","populated-place","","","missing","none","","missing","unresolved","","[object Object]","LB-NA|Marjayoun|Sawaneh-MJ","true"
"LB-LOC-76EF995A0C3A","LB","LB-GOV-NAB","LB-DIST-51EAD60DE824","","","","","Tallousseh","","populated-place","","","missing","none","","missing","unresolved","","[object Object]","LB-NA|Marjayoun|Tallousseh","true"
"LB-LOC-4BC426B24644","LB","LB-GOV-NAB","LB-DIST-51EAD60DE824","","","","","Taybeh","","populated-place","","","missing","none","","missing","unresolved","","[object Object]","LB-NA|Marjayoun|Taybeh","true"
"LB-LOC-B23B32D637FF","LB","LB-GOV-NAB","LB-DIST-51EAD60DE824","","","","","Taybeh_el-Fawqa","","populated-place","","","missing","none","","missing","unresolved","","[object Object]","LB-NA|Marjayoun|Taybeh_el-Fawqa","true"
"LB-LOC-492ACC4DCF72","LB","LB-GOV-NAB","LB-DIST-51EAD60DE824","","","","","Teiri-MJ","","populated-place","","","missing","none","","missing","unresolved","","[object Object]","LB-NA|Marjayoun|Teiri-MJ","true"
"LB-LOC-B591FB07F6E3","LB","LB-GOV-NAB","LB-DIST-51EAD60DE824","","","","","Yaroun-MJ","","populated-place","","","missing","none","","missing","unresolved","","[object Object]","LB-NA|Marjayoun|Yaroun-MJ","true"
"LB-LOC-D1B12A536577","LB","LB-GOV-NAB","LB-DIST-000629FF773D","","","","","Aarbsalim-NB","","populated-place","","","missing","none","","missing","unresolved","","[object Object]","LB-NA|Nabatieh|Aarbsalim-NB","true"
"LB-LOC-C74B8832A125","LB","LB-GOV-NAB","LB-DIST-000629FF773D","","","","","Adchit","","populated-place","","","missing","none","","missing","unresolved","","[object Object]","LB-NA|Nabatieh|Adchit","true"
"LB-LOC-CDD53322FFDF","LB","LB-GOV-NAB","LB-DIST-000629FF773D","","","","","Almane-NB","","populated-place","","","missing","none","","missing","unresolved","","[object Object]","LB-NA|Nabatieh|Almane-NB","true"
"LB-LOC-C65E60433297","LB","LB-GOV-NAB","LB-DIST-000629FF773D","","","","","Ansar","","populated-place","","","missing","none","","missing","unresolved","","[object Object]","LB-NA|Nabatieh|Ansar","true"
"LB-LOC-E29BB96F61F1","LB","LB-GOV-NAB","LB-DIST-000629FF773D","","","","","Ansar_el-Fawqa","","populated-place","","","missing","none","","missing","unresolved","","[object Object]","LB-NA|Nabatieh|Ansar_el-Fawqa","true"
"LB-LOC-B208F289D036","LB","LB-GOV-NAB","LB-DIST-000629FF773D","","","","","Ansariyeh","","populated-place","","","missing","none","","missing","unresolved","","[object Object]","LB-NA|Nabatieh|Ansariyeh","true"
"LB-LOC-C2E8CFEEF112","LB","LB-GOV-NAB","LB-DIST-000629FF773D","","","","","Arab_Salim","","populated-place","34.33868743771188","35.86799993895957","repository-reference","lebgis_staging_gpkg_extent","","missing","unresolved","","[object Object]","LB-NA|Nabatieh|Arab_Salim","true"
"LB-LOC-56C9CB6CF487","LB","LB-GOV-NAB","LB-DIST-000629FF773D","","","","","Arnoun","","populated-place","","","missing","none","","missing","unresolved","","[object Object]","LB-NA|Nabatieh|Arnoun","true"
"LB-LOC-114E80FA8252","LB","LB-GOV-NAB","LB-DIST-000629FF773D","","","","","Aychiye-NB","","populated-place","","","missing","none","","missing","unresolved","","[object Object]","LB-NA|Nabatieh|Aychiye-NB","true"
"LB-LOC-41B3D1A26632","LB","LB-GOV-NAB","LB-DIST-000629FF773D","","","","","Barghliye","","populated-place","","","missing","none","","missing","unresolved","","[object Object]","LB-NA|Nabatieh|Barghliye","true"
"LB-LOC-C960DB7048CB","LB","LB-GOV-NAB","LB-DIST-000629FF773D","","","","","Chaqraa","","populated-place","","","missing","none","","missing","unresolved","","[object Object]","LB-NA|Nabatieh|Chaqraa","true"
"LB-LOC-C071D01DB2EE","LB","LB-GOV-NAB","LB-DIST-000629FF773D","","","","","Charqiye-NB","","populated-place","","","missing","none","","missing","unresolved","","[object Object]","LB-NA|Nabatieh|Charqiye-NB","true"
"LB-LOC-4DC5CACFAC3F","LB","LB-GOV-NAB","LB-DIST-000629FF773D","","","","","Choumariye","","populated-place","","","missing","none","","missing","unresolved","","[object Object]","LB-NA|Nabatieh|Choumariye","true"
"LB-LOC-1696E679109A","LB","LB-GOV-NAB","LB-DIST-000629FF773D","","","","","Dawayer","","populated-place","","","missing","none","","missing","unresolved","","[object Object]","LB-NA|Nabatieh|Dawayer","true"
"LB-LOC-BD338A943FDF","LB","LB-GOV-NAB","LB-DIST-000629FF773D","","","","","Dawayer_el-Aala","","populated-place","","","missing","none","","missing","unresolved","","[object Object]","LB-NA|Nabatieh|Dawayer_el-Aala","true"
"LB-LOC-76C4840F76F3","LB","LB-GOV-NAB","LB-DIST-000629FF773D","","","","","Deir_ez-Zahrani","","populated-place","","","missing","none","","missing","unresolved","","[object Object]","LB-NA|Nabatieh|Deir_ez-Zahrani","true"
"LB-LOC-5869915E148C","LB","LB-GOV-NAB","LB-DIST-000629FF773D","","","","","Habbouch","","populated-place","34.38359459699571","35.87848239791468","repository-reference","lebgis_staging_gpkg_extent","","missing","unresolved","","[object Object]","LB-NA|Nabatieh|Habbouch","true"
"LB-LOC-04046C5CACE4","LB","LB-GOV-NAB","LB-DIST-000629FF773D","","","","","Habbouch_el-Aala","","populated-place","","","missing","none","","missing","unresolved","","[object Object]","LB-NA|Nabatieh|Habbouch_el-Aala","true"
"LB-LOC-4F556AD12358","LB","LB-GOV-NAB","LB-DIST-000629FF773D","","","","","Harouf","","populated-place","","","missing","none","","missing","unresolved","","[object Object]","LB-NA|Nabatieh|Harouf","true"
"LB-LOC-82464184486D","LB","LB-GOV-NAB","LB-DIST-000629FF773D","","","","","Hbaline-NB","","populated-place","","","missing","none","","missing","unresolved","","[object Object]","LB-NA|Nabatieh|Hbaline-NB","true"
"LB-LOC-A9B0080D418E","LB","LB-GOV-NAB","LB-DIST-000629FF773D","","","","","Hbbariye","","populated-place","","","missing","none","","missing","unresolved","","[object Object]","LB-NA|Nabatieh|Hbbariye","true"
"LB-LOC-B08075740798","LB","LB-GOV-NAB","LB-DIST-000629FF773D","","","","","Houmine_el-Fawqa-NB","","populated-place","","","missing","none","","missing","unresolved","","[object Object]","LB-NA|Nabatieh|Houmine_el-Fawqa-NB","true"
"LB-LOC-C48D87480560","LB","LB-GOV-NAB","LB-DIST-000629FF773D","","","","","Houmine_et-Tahta-NB","","populated-place","","","missing","none","","missing","unresolved","","[object Object]","LB-NA|Nabatieh|Houmine_et-Tahta-NB","true"
"LB-LOC-6642B9E9E923","LB","LB-GOV-NAB","LB-DIST-000629FF773D","","","","","Ibl_es-Saqi-NB","","populated-place","","","missing","none","","missing","unresolved","","[object Object]","LB-NA|Nabatieh|Ibl_es-Saqi-NB","true"
"LB-LOC-286EB7741825","LB","LB-GOV-NAB","LB-DIST-000629FF773D","","","","","Jarjoua","","populated-place","","","missing","none","","missing","unresolved","","[object Object]","LB-NA|Nabatieh|Jarjoua","true"
"LB-LOC-EF21B37C650F","LB","LB-GOV-NAB","LB-DIST-000629FF773D","","","","","Jbaa","","populated-place","","","missing","none","","missing","unresolved","","[object Object]","LB-NA|Nabatieh|Jbaa","true"
"LB-LOC-BA7FF245C943","LB","LB-GOV-NAB","LB-DIST-000629FF773D","","","","","Jbaa_el-Aala","","populated-place","","","missing","none","","missing","unresolved","","[object Object]","LB-NA|Nabatieh|Jbaa_el-Aala","true"
"LB-LOC-EB557440AEF0","LB","LB-GOV-NAB","LB-DIST-000629FF773D","","","","","Kfar_Djal","","populated-place","","","missing","none","","missing","unresolved","","[object Object]","LB-NA|Nabatieh|Kfar_Djal","true"
"LB-LOC-C21A2D053C01","LB","LB-GOV-NAB","LB-DIST-000629FF773D","","","","","Kfar_Fila","","populated-place","","","missing","none","","missing","unresolved","","[object Object]","LB-NA|Nabatieh|Kfar_Fila","true"
"LB-LOC-4CB959216EB7","LB","LB-GOV-NAB","LB-DIST-000629FF773D","","","","","Kfar_Fila_el-Aala","","populated-place","","","missing","none","","missing","unresolved","","[object Object]","LB-NA|Nabatieh|Kfar_Fila_el-Aala","true"
"LB-LOC-9F6FC2F6A543","LB","LB-GOV-NAB","LB-DIST-000629FF773D","","","","","Kfar_Hatta","","populated-place","","","missing","none","","missing","unresolved","","[object Object]","LB-NA|Nabatieh|Kfar_Hatta","true"
"LB-LOC-EDA1495FB25F","LB","LB-GOV-NAB","LB-DIST-000629FF773D","","","","","Kfar_Jouz","","populated-place","","","missing","none","","missing","unresolved","","[object Object]","LB-NA|Nabatieh|Kfar_Jouz","true"
"LB-LOC-74A6C7FCCD86","LB","LB-GOV-NAB","LB-DIST-000629FF773D","","","","","Kfar_Jouz_el-Aala","","populated-place","","","missing","none","","missing","unresolved","","[object Object]","LB-NA|Nabatieh|Kfar_Jouz_el-Aala","true"
"LB-LOC-ECE299145D32","LB","LB-GOV-NAB","LB-DIST-000629FF773D","","","","","Kfar_Mane","","populated-place","","","missing","none","","missing","unresolved","","[object Object]","LB-NA|Nabatieh|Kfar_Mane","true"
"LB-LOC-464AF7957D91","LB","LB-GOV-NAB","LB-DIST-000629FF773D","","","","","Kfar_Rumman","","populated-place","","","missing","none","","missing","unresolved","","[object Object]","LB-NA|Nabatieh|Kfar_Rumman","true"
"LB-LOC-957741F3725E","LB","LB-GOV-NAB","LB-DIST-000629FF773D","","","","","Kfar_Rumman_el-Aala","","populated-place","","","missing","none","","missing","unresolved","","[object Object]","LB-NA|Nabatieh|Kfar_Rumman_el-Aala","true"
"LB-LOC-719E5E4D4F75","LB","LB-GOV-NAB","LB-DIST-000629FF773D","","","","","Kfar_Sir","","populated-place","","","missing","none","","missing","unresolved","","[object Object]","LB-NA|Nabatieh|Kfar_Sir","true"
"LB-LOC-4C24C27A627E","LB","LB-GOV-NAB","LB-DIST-000629FF773D","","","","","Kfar_Sir_el-Gharbi","","populated-place","","","missing","none","","missing","unresolved","","[object Object]","LB-NA|Nabatieh|Kfar_Sir_el-Gharbi","true"
"LB-LOC-4C6FC518D74F","LB","LB-GOV-NAB","LB-DIST-000629FF773D","","","","","Kfar_Tibnit","","populated-place","","","missing","none","","missing","unresolved","","[object Object]","LB-NA|Nabatieh|Kfar_Tibnit","true"
"LB-LOC-6C365FA5A2DE","LB","LB-GOV-NAB","LB-DIST-000629FF773D","","","","","Kfar_Tibnit_el-Aala","","populated-place","","","missing","none","","missing","unresolved","","[object Object]","LB-NA|Nabatieh|Kfar_Tibnit_el-Aala","true"
"LB-LOC-903817B5204D","LB","LB-GOV-NAB","LB-DIST-000629FF773D","","","","","Kfour-NB","","populated-place","","","missing","none","","missing","unresolved","","[object Object]","LB-NA|Nabatieh|Kfour-NB","true"
"LB-LOC-AD7936C54277","LB","LB-GOV-NAB","LB-DIST-000629FF773D","","","","","Majdel_Selm-NB","","populated-place","","","missing","none","","missing","unresolved","","[object Object]","LB-NA|Nabatieh|Majdel_Selm-NB","true"
"LB-LOC-B8B5B91F7DE1","LB","LB-GOV-NAB","LB-DIST-000629FF773D","","","","","Mcherfeh-NB","","populated-place","","","missing","none","","missing","unresolved","","[object Object]","LB-NA|Nabatieh|Mcherfeh-NB","true"
"LB-LOC-1ECEF0AE5A37","LB","LB-GOV-NAB","LB-DIST-000629FF773D","","","","","Nabatieh","","populated-place","","","missing","none","","missing","unresolved","","[object Object]","LB-NA|Nabatieh|Nabatieh","true"
"LB-LOC-46363620F65D","LB","LB-GOV-NAB","LB-DIST-000629FF773D","","","","","Nabatieh_el-Fawqa","","populated-place","","","missing","none","","missing","unresolved","","[object Object]","LB-NA|Nabatieh|Nabatieh_el-Fawqa","true"
"LB-LOC-3774CC750CE2","LB","LB-GOV-NAB","LB-DIST-000629FF773D","","","","","Nabatieh_et-Tahta","","populated-place","","","missing","none","","missing","unresolved","","[object Object]","LB-NA|Nabatieh|Nabatieh_et-Tahta","true"
"LB-LOC-089A75399096","LB","LB-GOV-NAB","LB-DIST-000629FF773D","","","","","Qana-NB","","populated-place","","","missing","none","","missing","unresolved","","[object Object]","LB-NA|Nabatieh|Qana-NB","true"
"LB-LOC-3DE2DB9D9142","LB","LB-GOV-NAB","LB-DIST-000629FF773D","","","","","Qsaybeh","","populated-place","","","missing","none","","missing","unresolved","","[object Object]","LB-NA|Nabatieh|Qsaybeh","true"
"LB-LOC-02ABD05FB06A","LB","LB-GOV-NAB","LB-DIST-000629FF773D","","","","","Sawaneh","","populated-place","","","missing","none","","missing","unresolved","","[object Object]","LB-NA|Nabatieh|Sawaneh","true"
"LB-LOC-DAC9C09874E4","LB","LB-GOV-NAB","LB-DIST-000629FF773D","","","","","Taybeh-NB","","populated-place","","","missing","none","","missing","unresolved","","[object Object]","LB-NA|Nabatieh|Taybeh-NB","true"
"LB-LOC-272F029ABFDB","LB","LB-GOV-NAB","LB-DIST-000629FF773D","","","","","Toul","","populated-place","","","missing","none","","missing","unresolved","","[object Object]","LB-NA|Nabatieh|Toul","true"
"LB-LOC-1CCCDE9359DA","LB","LB-GOV-NAB","LB-DIST-000629FF773D","","","","","Yahmar-NB","","populated-place","","","missing","none","","missing","unresolved","","[object Object]","LB-NA|Nabatieh|Yahmar-NB","true"
"LB-LOC-0358D86E2159","LB","LB-GOV-NAB","LB-DIST-000629FF773D","","","","","Zbdine-NB","","populated-place","","","missing","none","","missing","unresolved","","[object Object]","LB-NA|Nabatieh|Zbdine-NB","true"
"LB-LOC-497F51D72CE8","LB","LB-GOV-NAB","LB-DIST-000629FF773D","","","","","Zbqin","","populated-place","","","missing","none","","missing","unresolved","","[object Object]","LB-NA|Nabatieh|Zbqin","true"
"LB-LOC-2654B4FA8D71","LB","LB-GOV-NAB","LB-DIST-000629FF773D","","","","","Zoutar_ech-Charqiye","","populated-place","","","missing","none","","missing","unresolved","","[object Object]","LB-NA|Nabatieh|Zoutar_ech-Charqiye","true"
"LB-LOC-ECBC8EA3C4D5","LB","LB-GOV-NAB","LB-DIST-000629FF773D","","","","","Zoutar_el-Gharbiye","","populated-place","","","missing","none","","missing","unresolved","","[object Object]","LB-NA|Nabatieh|Zoutar_el-Gharbiye","true"
