"crosswalk_id","canonical_locality_id","canonical_code","pcode","governorate_id","district_or_equivalent_id","municipality_id","current_name_en","candidate_name_ar","normalized_name_ar","source_id","source_record_id","source_name_en","source_name_ar","source_governorate","source_district","match_method","match_keys","confidence","review_status","conflict_status","reviewed_by","reviewed_at","notes"
"LB-XW-106B141BDA9C","LB-LOC-53624DE9A865","LB-LOC-53624DE9A865","","LB-GOV-AKK","LB-DIST-BF0E8E432529","","Aadbal","","","","","","","","","fuzzy-suggestion","","0","unresolved","none","","","No authoritative Arabic source with stable identity or exact hierarchy/name match"
"LB-XW-A3FAB9DCEAF3","LB-LOC-F8782348CF9E","LB-LOC-F8782348CF9E","","LB-GOV-AKK","LB-DIST-BF0E8E432529","","Aajjeh","","","","","","","","","fuzzy-suggestion","","0","unresolved","none","","","No authoritative Arabic source with stable identity or exact hierarchy/name match"
"LB-XW-04FF3B68B286","LB-LOC-914B203B4FE7","LB-LOC-914B203B4FE7","","LB-GOV-AKK","LB-DIST-BF0E8E432529","","Abdeh","","","","","","","","","fuzzy-suggestion","","0","unresolved","none","","","No authoritative Arabic source with stable identity or exact hierarchy/name match"
"LB-XW-75726843AB42","LB-LOC-D5DD7786142B","LB-LOC-D5DD7786142B","","LB-GOV-AKK","LB-DIST-BF0E8E432529","","Abou_Hanna","","","","","","","","","fuzzy-suggestion","","0","unresolved","none","","","No authoritative Arabic source with stable identity or exact hierarchy/name match"
"LB-XW-A7280FE6EE4E","LB-LOC-380403BF8A4E","LB-LOC-380403BF8A4E","","LB-GOV-AKK","LB-DIST-BF0E8E432529","","Achouriye","","","","","","","","","fuzzy-suggestion","","0","unresolved","none","","","No authoritative Arabic source with stable identity or exact hierarchy/name match"
"LB-XW-8AA21B782921","LB-LOC-DB5F06F50CF4","LB-LOC-DB5F06F50CF4","","LB-GOV-AKK","LB-DIST-BF0E8E432529","","Adweh","","","","","","","","","fuzzy-suggestion","","0","unresolved","none","","","No authoritative Arabic source with stable identity or exact hierarchy/name match"
"LB-XW-23AD157F7519","LB-LOC-CB11AAC595C2","LB-LOC-CB11AAC595C2","","LB-GOV-AKK","LB-DIST-BF0E8E432529","","Aidamoun","","","","","","","","","fuzzy-suggestion","","0","unresolved","none","","","No authoritative Arabic source with stable identity or exact hierarchy/name match"
"LB-XW-FB0438EBEFF7","LB-LOC-A64B93CD8D86","LB-LOC-A64B93CD8D86","","LB-GOV-AKK","LB-DIST-BF0E8E432529","","Ain_Akrine-AK","","","","","","","","","fuzzy-suggestion","","0","unresolved","none","","","No authoritative Arabic source with stable identity or exact hierarchy/name match"
"LB-XW-1033A5FA3387","LB-LOC-FCFDDC886872","LB-LOC-FCFDDC886872","","LB-GOV-AKK","LB-DIST-BF0E8E432529","","Ain_Yaaqoub","","","","","","","","","fuzzy-suggestion","","0","unresolved","none","","","No authoritative Arabic source with stable identity or exact hierarchy/name match"
"LB-XW-75A4B2AFD926","LB-LOC-4E05B01A2DBF","LB-LOC-4E05B01A2DBF","","LB-GOV-AKK","LB-DIST-BF0E8E432529","","Ain_ech-Chqif","","","","","","","","","fuzzy-suggestion","","0","unresolved","none","","","No authoritative Arabic source with stable identity or exact hierarchy/name match"
"LB-XW-26396F1C67CD","LB-LOC-328BABF92B01","LB-LOC-328BABF92B01","","LB-GOV-AKK","LB-DIST-BF0E8E432529","","Ain_ed-Dahab","","","","","","","","","fuzzy-suggestion","","0","unresolved","none","","","No authoritative Arabic source with stable identity or exact hierarchy/name match"
"LB-XW-552440B0A014","LB-LOC-F826CBAFAA5F","LB-LOC-F826CBAFAA5F","","LB-GOV-AKK","LB-DIST-BF0E8E432529","","Ain_et-Tine-AK","","","","","","","","","fuzzy-suggestion","","0","unresolved","none","","","No authoritative Arabic source with stable identity or exact hierarchy/name match"
"LB-XW-EBEE3451D4E7","LB-LOC-B6E0445DF913","LB-LOC-B6E0445DF913","","LB-GOV-AKK","LB-DIST-BF0E8E432529","","Ain_et-Tineh-AK","","","","","","","","","fuzzy-suggestion","","0","unresolved","none","","","No authoritative Arabic source with stable identity or exact hierarchy/name match"
"LB-XW-2929E00740C9","LB-LOC-FAAE67698E58","LB-LOC-FAAE67698E58","","LB-GOV-AKK","LB-DIST-BF0E8E432529","","Ain_ez-Zouq","","","","","","","","","fuzzy-suggestion","","0","unresolved","none","","","No authoritative Arabic source with stable identity or exact hierarchy/name match"
"LB-XW-281692652330","LB-LOC-CCA03F1190F2","LB-LOC-CCA03F1190F2","","LB-GOV-AKK","LB-DIST-BF0E8E432529","","Akkar_el-Atika","","","","","","","","","fuzzy-suggestion","","0","unresolved","none","","","No authoritative Arabic source with stable identity or exact hierarchy/name match"
"LB-XW-21D7973ACBD8","LB-LOC-CE7DB9E869D9","LB-LOC-CE7DB9E869D9","","LB-GOV-AKK","LB-DIST-BF0E8E432529","","Akkar_el-Atika_Aala","","","","","","","","","fuzzy-suggestion","","0","unresolved","none","","","No authoritative Arabic source with stable identity or exact hierarchy/name match"
"LB-XW-5AEBF39221B8","LB-LOC-12B799DE66BB","LB-LOC-12B799DE66BB","","LB-GOV-AKK","LB-DIST-BF0E8E432529","","Amaayer","","","","","","","","","fuzzy-suggestion","","0","unresolved","none","","","No authoritative Arabic source with stable identity or exact hierarchy/name match"
"LB-XW-3B24C6C9F37E","LB-LOC-3763C2F4BB27","LB-LOC-3763C2F4BB27","","LB-GOV-AKK","LB-DIST-BF0E8E432529","","Amara","","","","","","","","","fuzzy-suggestion","","0","unresolved","none","","","No authoritative Arabic source with stable identity or exact hierarchy/name match"
"LB-XW-ECA10B126F27","LB-LOC-B9006B065FA4","LB-LOC-B9006B065FA4","","LB-GOV-AKK","LB-DIST-BF0E8E432529","","Ambeh","","","","","","","","","fuzzy-suggestion","","0","unresolved","none","","","No authoritative Arabic source with stable identity or exact hierarchy/name match"
"LB-XW-11D622E89E31","LB-LOC-4371EEF2814F","LB-LOC-4371EEF2814F","","LB-GOV-AKK","LB-DIST-BF0E8E432529","","Andaket","","","","","","","","","fuzzy-suggestion","","0","unresolved","none","","","No authoritative Arabic source with stable identity or exact hierarchy/name match"
"LB-XW-2EE33BDE7C6B","LB-LOC-3489BEA5F617","LB-LOC-3489BEA5F617","","LB-GOV-AKK","LB-DIST-BF0E8E432529","","Aqbeh","","","","","","","","","fuzzy-suggestion","","0","unresolved","none","","","No authoritative Arabic source with stable identity or exact hierarchy/name match"
"LB-XW-54AC03C35E11","LB-LOC-FE27B0578FF0","LB-LOC-FE27B0578FF0","","LB-GOV-AKK","LB-DIST-BF0E8E432529","","Arqa","","","","","","","","","fuzzy-suggestion","","0","unresolved","none","","","No authoritative Arabic source with stable identity or exact hierarchy/name match"
"LB-XW-10E54F334DEB","LB-LOC-C02F37CDD9CB","LB-LOC-C02F37CDD9CB","","LB-GOV-AKK","LB-DIST-BF0E8E432529","","Ayat","","","","","","","","","fuzzy-suggestion","","0","unresolved","none","","","No authoritative Arabic source with stable identity or exact hierarchy/name match"
"LB-XW-035450780156","LB-LOC-0F6186A4399B","LB-LOC-0F6186A4399B","","LB-GOV-AKK","LB-DIST-BF0E8E432529","","Barqayel","","","","","","","","","fuzzy-suggestion","","0","unresolved","none","","","No authoritative Arabic source with stable identity or exact hierarchy/name match"
"LB-XW-6D5488379C9B","LB-LOC-194044CB7A9F","LB-LOC-194044CB7A9F","","LB-GOV-AKK","LB-DIST-BF0E8E432529","","Bebnine","","","","","","","","","fuzzy-suggestion","","0","unresolved","none","","","No authoritative Arabic source with stable identity or exact hierarchy/name match"
"LB-XW-602956188E8D","LB-LOC-4DE322BBB013","LB-LOC-4DE322BBB013","","LB-GOV-AKK","LB-DIST-BF0E8E432529","","Beit_Ayad","","","","","","","","","fuzzy-suggestion","","0","unresolved","none","","","No authoritative Arabic source with stable identity or exact hierarchy/name match"
"LB-XW-B6E1ACE55CDB","LB-LOC-12C8D17C3B52","LB-LOC-12C8D17C3B52","","LB-GOV-AKK","LB-DIST-BF0E8E432529","","Beit_Ayoub","","","","","","","","","fuzzy-suggestion","","0","unresolved","none","","","No authoritative Arabic source with stable identity or exact hierarchy/name match"
"LB-XW-34B03AFE745E","LB-LOC-3676A5FD9E08","LB-LOC-3676A5FD9E08","","LB-GOV-AKK","LB-DIST-BF0E8E432529","","Beit_Challa","","","","","","","","","fuzzy-suggestion","","0","unresolved","none","","","No authoritative Arabic source with stable identity or exact hierarchy/name match"
"LB-XW-AA5273AA6648","LB-LOC-60D8727EC9EC","LB-LOC-60D8727EC9EC","","LB-GOV-AKK","LB-DIST-BF0E8E432529","","Beit_Dawoud","","","","","","","","","fuzzy-suggestion","","0","unresolved","none","","","No authoritative Arabic source with stable identity or exact hierarchy/name match"
"LB-XW-99164DAC4DFB","LB-LOC-C3D3833BD810","LB-LOC-C3D3833BD810","","LB-GOV-AKK","LB-DIST-BF0E8E432529","","Beit_Ghatas","","","","","","","","","fuzzy-suggestion","","0","unresolved","none","","","No authoritative Arabic source with stable identity or exact hierarchy/name match"
"LB-XW-1DAD1D7D149E","LB-LOC-69096215F6E8","LB-LOC-69096215F6E8","","LB-GOV-AKK","LB-DIST-BF0E8E432529","","Beit_Hawik","","","","","","","","","fuzzy-suggestion","","0","unresolved","none","","","No authoritative Arabic source with stable identity or exact hierarchy/name match"
"LB-XW-C17B52874904","LB-LOC-C744803BA4EC","LB-LOC-C744803BA4EC","","LB-GOV-AKK","LB-DIST-BF0E8E432529","","Beit_Jaafar-AK","","","","","","","","","fuzzy-suggestion","","0","unresolved","none","","","No authoritative Arabic source with stable identity or exact hierarchy/name match"
"LB-XW-8195CE4A80AD","LB-LOC-C6D5FBBC8A46","LB-LOC-C6D5FBBC8A46","","LB-GOV-AKK","LB-DIST-BF0E8E432529","","Beit_Mellat","","","","","","","","","fuzzy-suggestion","","0","unresolved","none","","","No authoritative Arabic source with stable identity or exact hierarchy/name match"
"LB-XW-542A247D8C75","LB-LOC-42847D6188C8","LB-LOC-42847D6188C8","","LB-GOV-AKK","LB-DIST-BF0E8E432529","","Beit_Mleik","","","","","","","","","fuzzy-suggestion","","0","unresolved","none","","","No authoritative Arabic source with stable identity or exact hierarchy/name match"
"LB-XW-7436184E7459","LB-LOC-F26A20DBC549","LB-LOC-F26A20DBC549","","LB-GOV-AKK","LB-DIST-BF0E8E432529","","Beit_Younes","","","","","","","","","fuzzy-suggestion","","0","unresolved","none","","","No authoritative Arabic source with stable identity or exact hierarchy/name match"
"LB-XW-527F2636905F","LB-LOC-C917AD1395B7","LB-LOC-C917AD1395B7","","LB-GOV-AKK","LB-DIST-BF0E8E432529","","Beit_Younes_el-Aala","","","","","","","","","fuzzy-suggestion","","0","unresolved","none","","","No authoritative Arabic source with stable identity or exact hierarchy/name match"
"LB-XW-DC2D98C2C3FF","LB-LOC-87AF6A506314","LB-LOC-87AF6A506314","","LB-GOV-AKK","LB-DIST-BF0E8E432529","","Beit_el-Haj","","","","","","","","","fuzzy-suggestion","","0","unresolved","none","","","No authoritative Arabic source with stable identity or exact hierarchy/name match"
"LB-XW-793367873F35","LB-LOC-E1256D0D6759","LB-LOC-E1256D0D6759","","LB-GOV-AKK","LB-DIST-BF0E8E432529","","Beit_el-Haj_Hassan","","","","","","","","","fuzzy-suggestion","","0","unresolved","none","","","No authoritative Arabic source with stable identity or exact hierarchy/name match"
"LB-XW-CACA89821D50","LB-LOC-ACAE1E490634","LB-LOC-ACAE1E490634","","LB-GOV-AKK","LB-DIST-BF0E8E432529","","Beit_el-Qadi","","","","","","","","","fuzzy-suggestion","","0","unresolved","none","","","No authoritative Arabic source with stable identity or exact hierarchy/name match"
"LB-XW-CCAF33102D59","LB-LOC-7365D28B0183","LB-LOC-7365D28B0183","","LB-GOV-AKK","LB-DIST-BF0E8E432529","","Bino-AK","","","","","","","","","fuzzy-suggestion","","0","unresolved","none","","","No authoritative Arabic source with stable identity or exact hierarchy/name match"
"LB-XW-091B51C0DF45","LB-LOC-3B5FBE5042FD","LB-LOC-3B5FBE5042FD","","LB-GOV-AKK","LB-DIST-BF0E8E432529","","Bireh","","","","","","","","","fuzzy-suggestion","","0","unresolved","none","","","No authoritative Arabic source with stable identity or exact hierarchy/name match"
"LB-XW-A8F755740CE1","LB-LOC-A9C88A80B497","LB-LOC-A9C88A80B497","","LB-GOV-AKK","LB-DIST-BF0E8E432529","","Bireh-AK","","","","","","","","","fuzzy-suggestion","","0","unresolved","none","","","No authoritative Arabic source with stable identity or exact hierarchy/name match"
"LB-XW-D74612258B65","LB-LOC-5AE94721E014","LB-LOC-5AE94721E014","","LB-GOV-AKK","LB-DIST-BF0E8E432529","","Blaneh","","","","","","","","","fuzzy-suggestion","","0","unresolved","none","","","No authoritative Arabic source with stable identity or exact hierarchy/name match"
"LB-XW-D2F994665F46","LB-LOC-6F08286AD76D","LB-LOC-6F08286AD76D","","LB-GOV-AKK","LB-DIST-BF0E8E432529","","Bniha","","","","","","","","","fuzzy-suggestion","","0","unresolved","none","","","No authoritative Arabic source with stable identity or exact hierarchy/name match"
"LB-XW-A41A2C470450","LB-LOC-30DFF735F16B","LB-LOC-30DFF735F16B","","LB-GOV-AKK","LB-DIST-BF0E8E432529","","Bticha","","","","","","","","","fuzzy-suggestion","","0","unresolved","none","","","No authoritative Arabic source with stable identity or exact hierarchy/name match"
"LB-XW-E3698645C9F8","LB-LOC-6453629EA650","LB-LOC-6453629EA650","","LB-GOV-AKK","LB-DIST-BF0E8E432529","","Byoud","","","","","","","","","fuzzy-suggestion","","0","unresolved","none","","","No authoritative Arabic source with stable identity or exact hierarchy/name match"
"LB-XW-05732DF6E685","LB-LOC-53615AF9346D","LB-LOC-53615AF9346D","","LB-GOV-AKK","LB-DIST-BF0E8E432529","","Bzal","","","","","","","","","fuzzy-suggestion","","0","unresolved","none","","","No authoritative Arabic source with stable identity or exact hierarchy/name match"
"LB-XW-66837CACE676","LB-LOC-D77C6D0BD7F8","LB-LOC-D77C6D0BD7F8","","LB-GOV-AKK","LB-DIST-BF0E8E432529","","Chaft","","","","","","","","","fuzzy-suggestion","","0","unresolved","none","","","No authoritative Arabic source with stable identity or exact hierarchy/name match"
"LB-XW-C49FC4A7D51A","LB-LOC-C3DF64E0096A","LB-LOC-C3DF64E0096A","","LB-GOV-AKK","LB-DIST-BF0E8E432529","","Chane","","","","","","","","","fuzzy-suggestion","","0","unresolved","none","","","No authoritative Arabic source with stable identity or exact hierarchy/name match"
"LB-XW-01108AF1E8B9","LB-LOC-AA5F0B403A2B","LB-LOC-AA5F0B403A2B","","LB-GOV-AKK","LB-DIST-BF0E8E432529","","Chdra","","","","","","","","","fuzzy-suggestion","","0","unresolved","none","","","No authoritative Arabic source with stable identity or exact hierarchy/name match"
"LB-XW-FE87410BD0D3","LB-LOC-8E672F405A1E","LB-LOC-8E672F405A1E","","LB-GOV-AKK","LB-DIST-BF0E8E432529","","Cheikh_Ayache","","","","","","","","","fuzzy-suggestion","","0","unresolved","none","","","No authoritative Arabic source with stable identity or exact hierarchy/name match"
"LB-XW-911EDD6A53EA","LB-LOC-136F23CE1EBC","LB-LOC-136F23CE1EBC","","LB-GOV-AKK","LB-DIST-BF0E8E432529","","Cheikh_Mohammad","","","","","","","","","fuzzy-suggestion","","0","unresolved","none","","","No authoritative Arabic source with stable identity or exact hierarchy/name match"
"LB-XW-D00EE0F8CA2C","LB-LOC-B8EE8186CCDB","LB-LOC-B8EE8186CCDB","","LB-GOV-AKK","LB-DIST-BF0E8E432529","","Cheikh_Taba","","","","","","","","","fuzzy-suggestion","","0","unresolved","none","","","No authoritative Arabic source with stable identity or exact hierarchy/name match"
"LB-XW-6E3D226E4B36","LB-LOC-5F68AC21939B","LB-LOC-5F68AC21939B","","LB-GOV-AKK","LB-DIST-BF0E8E432529","","Daghleh","","","","","","","","","fuzzy-suggestion","","0","unresolved","none","","","No authoritative Arabic source with stable identity or exact hierarchy/name match"
"LB-XW-4494D558CBD9","LB-LOC-32C841CAABD6","LB-LOC-32C841CAABD6","","LB-GOV-AKK","LB-DIST-BF0E8E432529","","Dawsseh","","","","","","","","","fuzzy-suggestion","","0","unresolved","none","","","No authoritative Arabic source with stable identity or exact hierarchy/name match"
"LB-XW-F301E2CAD60C","LB-LOC-2C9FD6F7B4AA","LB-LOC-2C9FD6F7B4AA","","LB-GOV-AKK","LB-DIST-BF0E8E432529","","Dbabiyeh","","","","","","","","","fuzzy-suggestion","","0","unresolved","none","","","No authoritative Arabic source with stable identity or exact hierarchy/name match"
"LB-XW-6D918929927B","LB-LOC-55E703404D67","LB-LOC-55E703404D67","","LB-GOV-AKK","LB-DIST-BF0E8E432529","","Dbabiyeh_el-Fawqa","","","","","","","","","fuzzy-suggestion","","0","unresolved","none","","","No authoritative Arabic source with stable identity or exact hierarchy/name match"
"LB-XW-2E8C508BE4AE","LB-LOC-67510F4F9619","LB-LOC-67510F4F9619","","LB-GOV-AKK","LB-DIST-BF0E8E432529","","Deir_Jnine","","","","","","","","","fuzzy-suggestion","","0","unresolved","none","","","No authoritative Arabic source with stable identity or exact hierarchy/name match"
"LB-XW-F25C22670F55","LB-LOC-A8D525EC44EF","LB-LOC-A8D525EC44EF","","LB-GOV-AKK","LB-DIST-BF0E8E432529","","El-Achach","","","","","","","","","fuzzy-suggestion","","0","unresolved","none","","","No authoritative Arabic source with stable identity or exact hierarchy/name match"
"LB-XW-B09BF0A45C83","LB-LOC-66537561732A","LB-LOC-66537561732A","","LB-GOV-AKK","LB-DIST-BF0E8E432529","","El-Basatine","","","","","","","","","fuzzy-suggestion","","0","unresolved","none","","","No authoritative Arabic source with stable identity or exact hierarchy/name match"
"LB-XW-CAFFB5671FE8","LB-LOC-E19D5FFBBA7E","LB-LOC-E19D5FFBBA7E","","LB-GOV-AKK","LB-DIST-BF0E8E432529","","El-Kniseh-AK","","","","","","","","","fuzzy-suggestion","","0","unresolved","none","","","No authoritative Arabic source with stable identity or exact hierarchy/name match"
"LB-XW-F533626BC3D4","LB-LOC-42AFCEB6B23C","LB-LOC-42AFCEB6B23C","","LB-GOV-AKK","LB-DIST-BF0E8E432529","","El-Qubbeh-AK","","","","","","","","","fuzzy-suggestion","","0","unresolved","none","","","No authoritative Arabic source with stable identity or exact hierarchy/name match"
"LB-XW-E37DA7E9EAC2","LB-LOC-7FA25B7EE41D","LB-LOC-7FA25B7EE41D","","LB-GOV-AKK","LB-DIST-BF0E8E432529","","El-Qubbeh_ech-Chamaliye","","","","","","","","","fuzzy-suggestion","","0","unresolved","none","","","No authoritative Arabic source with stable identity or exact hierarchy/name match"
"LB-XW-4576C6A580DC","LB-LOC-BFA6ABA93EE2","LB-LOC-BFA6ABA93EE2","","LB-GOV-AKK","LB-DIST-BF0E8E432529","","El_Qobaiyat","","","","","","","","","fuzzy-suggestion","","0","unresolved","none","","","No authoritative Arabic source with stable identity or exact hierarchy/name match"
"LB-XW-379D12B0A0FD","LB-LOC-9AD9DF4899BB","LB-LOC-9AD9DF4899BB","","LB-GOV-AKK","LB-DIST-BF0E8E432529","","Faydha","","","","","","","","","fuzzy-suggestion","","0","unresolved","none","","","No authoritative Arabic source with stable identity or exact hierarchy/name match"
"LB-XW-3F4D7FE62847","LB-LOC-B47B7DAAFE43","LB-LOC-B47B7DAAFE43","","LB-GOV-AKK","LB-DIST-BF0E8E432529","","Fnaideq","","","","","","","","","fuzzy-suggestion","","0","unresolved","none","","","No authoritative Arabic source with stable identity or exact hierarchy/name match"
"LB-XW-9DA4C37F039C","LB-LOC-3CA1AEB5BC4C","LB-LOC-3CA1AEB5BC4C","","LB-GOV-AKK","LB-DIST-BF0E8E432529","","Fnaideq_el-Gharbiye","","","","","","","","","fuzzy-suggestion","","0","unresolved","none","","","No authoritative Arabic source with stable identity or exact hierarchy/name match"
"LB-XW-265DB43FBC20","LB-LOC-1701EAD26C96","LB-LOC-1701EAD26C96","","LB-GOV-AKK","LB-DIST-BF0E8E432529","","Hakour","","","","","","","","","fuzzy-suggestion","","0","unresolved","none","","","No authoritative Arabic source with stable identity or exact hierarchy/name match"
"LB-XW-0839219E6D45","LB-LOC-0ACBC221BDC4","LB-LOC-0ACBC221BDC4","","LB-GOV-AKK","LB-DIST-BF0E8E432529","","Halba","","","","","","","","","fuzzy-suggestion","","0","unresolved","none","","","No authoritative Arabic source with stable identity or exact hierarchy/name match"
"LB-XW-D829CE306973","LB-LOC-5BD697303EF3","LB-LOC-5BD697303EF3","","LB-GOV-AKK","LB-DIST-BF0E8E432529","","Halba_el-Aalya","","","","","","","","","fuzzy-suggestion","","0","unresolved","none","","","No authoritative Arabic source with stable identity or exact hierarchy/name match"
"LB-XW-696AC9E27A47","LB-LOC-D620767CD794","LB-LOC-D620767CD794","","LB-GOV-AKK","LB-DIST-BF0E8E432529","","Halbata","","","","","","","","","fuzzy-suggestion","","0","unresolved","none","","","No authoritative Arabic source with stable identity or exact hierarchy/name match"
"LB-XW-378B2AD9138D","LB-LOC-19BB8CED948A","LB-LOC-19BB8CED948A","","LB-GOV-AKK","LB-DIST-BF0E8E432529","","Hamra-AK","","","","","","","","","fuzzy-suggestion","","0","unresolved","none","","","No authoritative Arabic source with stable identity or exact hierarchy/name match"
"LB-XW-49991A5475C1","LB-LOC-31760CC7E728","LB-LOC-31760CC7E728","","LB-GOV-AKK","LB-DIST-BF0E8E432529","","Hamraya","","","","","","","","","fuzzy-suggestion","","0","unresolved","none","","","No authoritative Arabic source with stable identity or exact hierarchy/name match"
"LB-XW-B912DF1801F8","LB-LOC-164D04E72BA3","LB-LOC-164D04E72BA3","","LB-GOV-AKK","LB-DIST-BF0E8E432529","","Haql_Hassan","","","","","","","","","fuzzy-suggestion","","0","unresolved","none","","","No authoritative Arabic source with stable identity or exact hierarchy/name match"
"LB-XW-5B17BA785D47","LB-LOC-1DA9DC2E5953","LB-LOC-1DA9DC2E5953","","LB-GOV-AKK","LB-DIST-BF0E8E432529","","Haql_el-Alam","","","","","","","","","fuzzy-suggestion","","0","unresolved","none","","","No authoritative Arabic source with stable identity or exact hierarchy/name match"
"LB-XW-5B16B7B7DAD5","LB-LOC-8CC9CB005B8A","LB-LOC-8CC9CB005B8A","","LB-GOV-AKK","LB-DIST-BF0E8E432529","","Haqr_ed-Dahiri","","","","","","","","","fuzzy-suggestion","","0","unresolved","none","","","No authoritative Arabic source with stable identity or exact hierarchy/name match"
"LB-XW-630784E6BCC1","LB-LOC-41D822E7F1D3","LB-LOC-41D822E7F1D3","","LB-GOV-AKK","LB-DIST-BF0E8E432529","","Harbata-AK","","","","","","","","","fuzzy-suggestion","","0","unresolved","none","","","No authoritative Arabic source with stable identity or exact hierarchy/name match"
"LB-XW-289AA72175E2","LB-LOC-0E5A46E865FF","LB-LOC-0E5A46E865FF","","LB-GOV-AKK","LB-DIST-BF0E8E432529","","Haret_el-Janneh","","","","","","","","","fuzzy-suggestion","","0","unresolved","none","","","No authoritative Arabic source with stable identity or exact hierarchy/name match"
"LB-XW-A655969B4C8C","LB-LOC-13CAF4690B8E","LB-LOC-13CAF4690B8E","","LB-GOV-AKK","LB-DIST-BF0E8E432529","","Hbchit","","","","","","","","","fuzzy-suggestion","","0","unresolved","none","","","No authoritative Arabic source with stable identity or exact hierarchy/name match"
"LB-XW-E9E71D64B572","LB-LOC-80A31984A3A8","LB-LOC-80A31984A3A8","","LB-GOV-AKK","LB-DIST-BF0E8E432529","","Hnaydir","","","","","","","","","fuzzy-suggestion","","0","unresolved","none","","","No authoritative Arabic source with stable identity or exact hierarchy/name match"
"LB-XW-014549C14445","LB-LOC-0F84E0E8033B","LB-LOC-0F84E0E8033B","","LB-GOV-AKK","LB-DIST-BF0E8E432529","","Hnaydir_el-Aalya","","","","","","","","","fuzzy-suggestion","","0","unresolved","none","","","No authoritative Arabic source with stable identity or exact hierarchy/name match"
"LB-XW-7CA2AE2CCB97","LB-LOC-7EB191B706AE","LB-LOC-7EB191B706AE","","LB-GOV-AKK","LB-DIST-BF0E8E432529","","Houch_es-Sayed_Ali","","","","","","","","","fuzzy-suggestion","","0","unresolved","none","","","No authoritative Arabic source with stable identity or exact hierarchy/name match"
"LB-XW-D3B4B8EDA17B","LB-LOC-A29EB5E95468","LB-LOC-A29EB5E95468","","LB-GOV-AKK","LB-DIST-BF0E8E432529","","Hrar","","","","","","","","","fuzzy-suggestion","","0","unresolved","none","","","No authoritative Arabic source with stable identity or exact hierarchy/name match"
"LB-XW-72BCA2C8976F","LB-LOC-A27B0C29EF73","LB-LOC-A27B0C29EF73","","LB-GOV-AKK","LB-DIST-BF0E8E432529","","Hrara","","","","","","","","","fuzzy-suggestion","","0","unresolved","none","","","No authoritative Arabic source with stable identity or exact hierarchy/name match"
"LB-XW-34A2246A9A5D","LB-LOC-12840C10AF06","LB-LOC-12840C10AF06","","LB-GOV-AKK","LB-DIST-BF0E8E432529","","Hwacheb","","","","","","","","","fuzzy-suggestion","","0","unresolved","none","","","No authoritative Arabic source with stable identity or exact hierarchy/name match"
"LB-XW-49B016890F16","LB-LOC-2136D1978975","LB-LOC-2136D1978975","","LB-GOV-AKK","LB-DIST-BF0E8E432529","","Hwaych","","","","","","","","","fuzzy-suggestion","","0","unresolved","none","","","No authoritative Arabic source with stable identity or exact hierarchy/name match"
"LB-XW-6CF320443922","LB-LOC-E89FB312EF2A","LB-LOC-E89FB312EF2A","","LB-GOV-AKK","LB-DIST-BF0E8E432529","","Jahiliye-AK","","","","","","","","","fuzzy-suggestion","","0","unresolved","none","","","No authoritative Arabic source with stable identity or exact hierarchy/name match"
"LB-XW-DFE982D7EE2E","LB-LOC-9608EDACD13F","LB-LOC-9608EDACD13F","","LB-GOV-AKK","LB-DIST-BF0E8E432529","","Jbraiel","","","","","","","","","fuzzy-suggestion","","0","unresolved","none","","","No authoritative Arabic source with stable identity or exact hierarchy/name match"
"LB-XW-124711BCA766","LB-LOC-4CB683AE2E6C","LB-LOC-4CB683AE2E6C","","LB-GOV-AKK","LB-DIST-BF0E8E432529","","Jdeidet_Akkar","","","","","","","","","fuzzy-suggestion","","0","unresolved","none","","","No authoritative Arabic source with stable identity or exact hierarchy/name match"
"LB-XW-80669EC1C1A2","LB-LOC-4F8AC423E56F","LB-LOC-4F8AC423E56F","","LB-GOV-AKK","LB-DIST-BF0E8E432529","","Jdeidet_el-Qaytaa","","","","","","","","","fuzzy-suggestion","","0","unresolved","none","","","No authoritative Arabic source with stable identity or exact hierarchy/name match"
"LB-XW-D80054FD3335","LB-LOC-A6BC225893B3","LB-LOC-A6BC225893B3","","LB-GOV-AKK","LB-DIST-BF0E8E432529","","Jmaleh","","","","","","","","","fuzzy-suggestion","","0","unresolved","none","","","No authoritative Arabic source with stable identity or exact hierarchy/name match"
"LB-XW-60F9FDF22DE8","LB-LOC-CB8B4D46E49F","LB-LOC-CB8B4D46E49F","","LB-GOV-AKK","LB-DIST-BF0E8E432529","","Jord","","","","","","","","","fuzzy-suggestion","","0","unresolved","none","","","No authoritative Arabic source with stable identity or exact hierarchy/name match"
"LB-XW-7F4656826DE5","LB-LOC-937F088D5B39","LB-LOC-937F088D5B39","","LB-GOV-AKK","LB-DIST-BF0E8E432529","","Karm_Asfour","","","","","","","","","fuzzy-suggestion","","0","unresolved","none","","","No authoritative Arabic source with stable identity or exact hierarchy/name match"
"LB-XW-E52425CB7F6C","LB-LOC-61266EE7C663","LB-LOC-61266EE7C663","","LB-GOV-AKK","LB-DIST-BF0E8E432529","","Kawthariyet_Akkar","","","","","","","","","fuzzy-suggestion","","0","unresolved","none","","","No authoritative Arabic source with stable identity or exact hierarchy/name match"
"LB-XW-5CE6EB68EF0B","LB-LOC-7EDD02EE2BAF","LB-LOC-7EDD02EE2BAF","","LB-GOV-AKK","LB-DIST-BF0E8E432529","","Kfar_Melki","","","","","","","","","fuzzy-suggestion","","0","unresolved","none","","","No authoritative Arabic source with stable identity or exact hierarchy/name match"
"LB-XW-B11968B8BD55","LB-LOC-4491DA01E210","LB-LOC-4491DA01E210","","LB-GOV-AKK","LB-DIST-BF0E8E432529","","Kfartoun","","","","","","","","","fuzzy-suggestion","","0","unresolved","none","","","No authoritative Arabic source with stable identity or exact hierarchy/name match"
"LB-XW-AE9BA858AC1C","LB-LOC-9D830004660F","LB-LOC-9D830004660F","","LB-GOV-AKK","LB-DIST-BF0E8E432529","","Khan_el-Makhlaleh","","","","","","","","","fuzzy-suggestion","","0","unresolved","none","","","No authoritative Arabic source with stable identity or exact hierarchy/name match"
"LB-XW-46FD22C59025","LB-LOC-75270E53FA84","LB-LOC-75270E53FA84","","LB-GOV-AKK","LB-DIST-BF0E8E432529","","Kharnoub","","","","","","","","","fuzzy-suggestion","","0","unresolved","none","","","No authoritative Arabic source with stable identity or exact hierarchy/name match"
"LB-XW-74439D6A3F99","LB-LOC-B2C1B7CB0906","LB-LOC-B2C1B7CB0906","","LB-GOV-AKK","LB-DIST-BF0E8E432529","","Kheybat_ej-Jisr","","","","","","","","","fuzzy-suggestion","","0","unresolved","none","","","No authoritative Arabic source with stable identity or exact hierarchy/name match"
"LB-XW-E7F2134BC214","LB-LOC-67B72B3EF246","LB-LOC-67B72B3EF246","","LB-GOV-AKK","LB-DIST-BF0E8E432529","","Khirbet_Char","","","","","","","","","fuzzy-suggestion","","0","unresolved","none","","","No authoritative Arabic source with stable identity or exact hierarchy/name match"
"LB-XW-B8EE5EECD59A","LB-LOC-65F96B55D106","LB-LOC-65F96B55D106","","LB-GOV-AKK","LB-DIST-BF0E8E432529","","Khirbet_ej-Jnein","","","","","","","","","fuzzy-suggestion","","0","unresolved","none","","","No authoritative Arabic source with stable identity or exact hierarchy/name match"
"LB-XW-C3753C80A877","LB-LOC-F446C5F6AE69","LB-LOC-F446C5F6AE69","","LB-GOV-AKK","LB-DIST-BF0E8E432529","","Khreibeh","","","","","","","","","fuzzy-suggestion","","0","unresolved","none","","","No authoritative Arabic source with stable identity or exact hierarchy/name match"
"LB-XW-D48F5C90498F","LB-LOC-B9E40ED1E560","LB-LOC-B9E40ED1E560","","LB-GOV-AKK","LB-DIST-BF0E8E432529","","Khreybat_el-Jondi","","","","","","","","","fuzzy-suggestion","","0","unresolved","none","","","No authoritative Arabic source with stable identity or exact hierarchy/name match"
"LB-XW-8FF2188FC89B","LB-LOC-B22F8F1CCD0E","LB-LOC-B22F8F1CCD0E","","LB-GOV-AKK","LB-DIST-BF0E8E432529","","Koucha","","","","","","","","","fuzzy-suggestion","","0","unresolved","none","","","No authoritative Arabic source with stable identity or exact hierarchy/name match"
"LB-XW-1C1B6B0135A2","LB-LOC-F268F0BEFC9F","LB-LOC-F268F0BEFC9F","","LB-GOV-AKK","LB-DIST-BF0E8E432529","","Koucha_el-Aalya","","","","","","","","","fuzzy-suggestion","","0","unresolved","none","","","No authoritative Arabic source with stable identity or exact hierarchy/name match"
"LB-XW-4FACEF2AA97D","LB-LOC-231521EC324B","LB-LOC-231521EC324B","","LB-GOV-AKK","LB-DIST-BF0E8E432529","","Maarouboun","","","","","","","","","fuzzy-suggestion","","0","unresolved","none","","","No authoritative Arabic source with stable identity or exact hierarchy/name match"
"LB-XW-EB17D1D1332D","LB-LOC-EA89453D607B","LB-LOC-EA89453D607B","","LB-GOV-AKK","LB-DIST-BF0E8E432529","","Mazraat_Balda-AK","","","","","","","","","fuzzy-suggestion","","0","unresolved","none","","","No authoritative Arabic source with stable identity or exact hierarchy/name match"
"LB-XW-5DE81A7BCDC7","LB-LOC-15CD5AB97FFB","LB-LOC-15CD5AB97FFB","","LB-GOV-AKK","LB-DIST-BF0E8E432529","","Mazraat_es-Sahl","","","","","","","","","fuzzy-suggestion","","0","unresolved","none","","","No authoritative Arabic source with stable identity or exact hierarchy/name match"
"LB-XW-29C3F4671337","LB-LOC-33E41FE0A08A","LB-LOC-33E41FE0A08A","","LB-GOV-AKK","LB-DIST-BF0E8E432529","","Mechha","","","","","","","","","fuzzy-suggestion","","0","unresolved","none","","","No authoritative Arabic source with stable identity or exact hierarchy/name match"
"LB-XW-C66BEE5ED78F","LB-LOC-64F07EE78E94","LB-LOC-64F07EE78E94","","LB-GOV-AKK","LB-DIST-BF0E8E432529","","Mechha_el-Akkariye","","","","","","","","","fuzzy-suggestion","","0","unresolved","none","","","No authoritative Arabic source with stable identity or exact hierarchy/name match"
"LB-XW-037EBBF5D520","LB-LOC-9A4BA04DF886","LB-LOC-9A4BA04DF886","","LB-GOV-AKK","LB-DIST-BF0E8E432529","","Mechmech-AK","","","","","","","","","fuzzy-suggestion","","0","unresolved","none","","","No authoritative Arabic source with stable identity or exact hierarchy/name match"
"LB-XW-210926AB1556","LB-LOC-789AB5A518F2","LB-LOC-789AB5A518F2","","LB-GOV-AKK","LB-DIST-BF0E8E432529","","Mechmech_Akkar","","","","","","","","","fuzzy-suggestion","","0","unresolved","none","","","No authoritative Arabic source with stable identity or exact hierarchy/name match"
"LB-XW-025A700C2CAD","LB-LOC-26EEEF38E69A","LB-LOC-26EEEF38E69A","","LB-GOV-AKK","LB-DIST-BF0E8E432529","","Mechta_Hammoud","","","","","","","","","fuzzy-suggestion","","0","unresolved","none","","","No authoritative Arabic source with stable identity or exact hierarchy/name match"
"LB-XW-760A8F5D627B","LB-LOC-92417DA44FAC","LB-LOC-92417DA44FAC","","LB-GOV-AKK","LB-DIST-BF0E8E432529","","Mechta_Hassan","","","","","","","","","fuzzy-suggestion","","0","unresolved","none","","","No authoritative Arabic source with stable identity or exact hierarchy/name match"
"LB-XW-2C70AA28C90B","LB-LOC-65571ABD7D73","LB-LOC-65571ABD7D73","","LB-GOV-AKK","LB-DIST-BF0E8E432529","","Mechta_el-Mansoura","","","","","","","","","fuzzy-suggestion","","0","unresolved","none","","","No authoritative Arabic source with stable identity or exact hierarchy/name match"
"LB-XW-D51039A7A566","LB-LOC-483276F1AEF7","LB-LOC-483276F1AEF7","","LB-GOV-AKK","LB-DIST-BF0E8E432529","","Menjez","","","","","","","","","fuzzy-suggestion","","0","unresolved","none","","","No authoritative Arabic source with stable identity or exact hierarchy/name match"
"LB-XW-26D2337ACF92","LB-LOC-EDD7BFE366EC","LB-LOC-EDD7BFE366EC","","LB-GOV-AKK","LB-DIST-BF0E8E432529","","Mghraq","","","","","","","","","fuzzy-suggestion","","0","unresolved","none","","","No authoritative Arabic source with stable identity or exact hierarchy/name match"
"LB-XW-639539D89BD3","LB-LOC-8E6592ACF4D7","LB-LOC-8E6592ACF4D7","","LB-GOV-AKK","LB-DIST-BF0E8E432529","","Morreh","","","","","","","","","fuzzy-suggestion","","0","unresolved","none","","","No authoritative Arabic source with stable identity or exact hierarchy/name match"
"LB-XW-2323E1E248C4","LB-LOC-C8D062D49764","LB-LOC-C8D062D49764","","LB-GOV-AKK","LB-DIST-BF0E8E432529","","Mqanneh","","","","","","","","","fuzzy-suggestion","","0","unresolved","none","","","No authoritative Arabic source with stable identity or exact hierarchy/name match"
"LB-XW-26BDAED80EA9","LB-LOC-CEFF45D87CC0","LB-LOC-CEFF45D87CC0","","LB-GOV-AKK","LB-DIST-BF0E8E432529","","Mqaybleh","","","","","","","","","fuzzy-suggestion","","0","unresolved","none","","","No authoritative Arabic source with stable identity or exact hierarchy/name match"
"LB-XW-1D0A2AAD58A1","LB-LOC-C7AA0B703A04","LB-LOC-C7AA0B703A04","","LB-GOV-AKK","LB-DIST-BF0E8E432529","","Mqaymiye","","","","","","","","","fuzzy-suggestion","","0","unresolved","none","","","No authoritative Arabic source with stable identity or exact hierarchy/name match"
"LB-XW-3456CA7503E2","LB-LOC-F8FC5728DB0E","LB-LOC-F8FC5728DB0E","","LB-GOV-AKK","LB-DIST-BF0E8E432529","","Mqaysra","","","","","","","","","fuzzy-suggestion","","0","unresolved","none","","","No authoritative Arabic source with stable identity or exact hierarchy/name match"
"LB-XW-5FE5E98F07FF","LB-LOC-846ACCB85317","LB-LOC-846ACCB85317","","LB-GOV-AKK","LB-DIST-BF0E8E432529","","Mqaytaa","","","","","","","","","fuzzy-suggestion","","0","unresolved","none","","","No authoritative Arabic source with stable identity or exact hierarchy/name match"
"LB-XW-54347E3F3B54","LB-LOC-304FDF0D63F4","LB-LOC-304FDF0D63F4","","LB-GOV-AKK","LB-DIST-BF0E8E432529","","Mqraq","","","","","","","","","fuzzy-suggestion","","0","unresolved","none","","","No authoritative Arabic source with stable identity or exact hierarchy/name match"
"LB-XW-4A65AA5E9F61","LB-LOC-033A07CF504E","LB-LOC-033A07CF504E","","LB-GOV-AKK","LB-DIST-BF0E8E432529","","Mwaylhe","","","","","","","","","fuzzy-suggestion","","0","unresolved","none","","","No authoritative Arabic source with stable identity or exact hierarchy/name match"
"LB-XW-4387448EB35F","LB-LOC-B1474B76800E","LB-LOC-B1474B76800E","","LB-GOV-AKK","LB-DIST-BF0E8E432529","","Nbaa_el-Bir","","","","","","","","","fuzzy-suggestion","","0","unresolved","none","","","No authoritative Arabic source with stable identity or exact hierarchy/name match"
"LB-XW-68991C6CA70B","LB-LOC-09ED0A1EE55C","LB-LOC-09ED0A1EE55C","","LB-GOV-AKK","LB-DIST-BF0E8E432529","","Qammoua","","","","","","","","","fuzzy-suggestion","","0","unresolved","none","","","No authoritative Arabic source with stable identity or exact hierarchy/name match"
"LB-XW-D07D39D7096B","LB-LOC-76DF24178DE7","LB-LOC-76DF24178DE7","","LB-GOV-AKK","LB-DIST-BF0E8E432529","","Qammoua_el-Aalya","","","","","","","","","fuzzy-suggestion","","0","unresolved","none","","","No authoritative Arabic source with stable identity or exact hierarchy/name match"
"LB-XW-3BC54F3208EF","LB-LOC-1A31AB72B3EA","LB-LOC-1A31AB72B3EA","","LB-GOV-AKK","LB-DIST-BF0E8E432529","","Qarhayouna","","","","","","","","","fuzzy-suggestion","","0","unresolved","none","","","No authoritative Arabic source with stable identity or exact hierarchy/name match"
"LB-XW-AA4829D56449","LB-LOC-9032CB992BE9","LB-LOC-9032CB992BE9","","LB-GOV-AKK","LB-DIST-BF0E8E432529","","Qayadreh","","","","","","","","","fuzzy-suggestion","","0","unresolved","none","","","No authoritative Arabic source with stable identity or exact hierarchy/name match"
"LB-XW-EF5358D78D94","LB-LOC-0398AC3A1639","LB-LOC-0398AC3A1639","","LB-GOV-AKK","LB-DIST-BF0E8E432529","","Qlayaa-AK","","","","","","","","","fuzzy-suggestion","","0","unresolved","none","","","No authoritative Arabic source with stable identity or exact hierarchy/name match"
"LB-XW-1A1BC1DC35CE","LB-LOC-61B3C3A633E1","LB-LOC-61B3C3A633E1","","LB-GOV-AKK","LB-DIST-BF0E8E432529","","Qobaiyat_el-Aalya","","","","","","","","","fuzzy-suggestion","","0","unresolved","none","","","No authoritative Arabic source with stable identity or exact hierarchy/name match"
"LB-XW-4DB4C9C28F2F","LB-LOC-6AD7BB30C097","LB-LOC-6AD7BB30C097","","LB-GOV-AKK","LB-DIST-BF0E8E432529","","Qorn_Akkar","","","","","","","","","fuzzy-suggestion","","0","unresolved","none","","","No authoritative Arabic source with stable identity or exact hierarchy/name match"
"LB-XW-4AE2BF045CE0","LB-LOC-BB7D4120B8A3","LB-LOC-BB7D4120B8A3","","LB-GOV-AKK","LB-DIST-BF0E8E432529","","Qorneh-AK","","","","","","","","","fuzzy-suggestion","","0","unresolved","none","","","No authoritative Arabic source with stable identity or exact hierarchy/name match"
"LB-XW-7168369822F6","LB-LOC-2F116B229EBE","LB-LOC-2F116B229EBE","","LB-GOV-AKK","LB-DIST-BF0E8E432529","","Rahbe","","","","","","","","","fuzzy-suggestion","","0","unresolved","none","","","No authoritative Arabic source with stable identity or exact hierarchy/name match"
"LB-XW-23CAEFE56562","LB-LOC-984DBC0E8B95","LB-LOC-984DBC0E8B95","","LB-GOV-AKK","LB-DIST-BF0E8E432529","","Rahbe_el-Gharbiye","","","","","","","","","fuzzy-suggestion","","0","unresolved","none","","","No authoritative Arabic source with stable identity or exact hierarchy/name match"
"LB-XW-C784067020AE","LB-LOC-BAC7E28670D9","LB-LOC-BAC7E28670D9","","LB-GOV-AKK","LB-DIST-BF0E8E432529","","Ras_Baalbek-AK","","","","","","","","","fuzzy-suggestion","","0","unresolved","none","","","No authoritative Arabic source with stable identity or exact hierarchy/name match"
"LB-XW-4DA85FFF8245","LB-LOC-FB3C17340F4B","LB-LOC-FB3C17340F4B","","LB-GOV-AKK","LB-DIST-BF0E8E432529","","Rwaysset_Akkar","","","","","","","","","fuzzy-suggestion","","0","unresolved","none","","","No authoritative Arabic source with stable identity or exact hierarchy/name match"
"LB-XW-B8DF876AA06A","LB-LOC-42B334B04F6F","LB-LOC-42B334B04F6F","","LB-GOV-AKK","LB-DIST-BF0E8E432529","","Safinet_el-Qaytaa","","","","","","","","","fuzzy-suggestion","","0","unresolved","none","","","No authoritative Arabic source with stable identity or exact hierarchy/name match"
"LB-XW-9CEC06ACBABE","LB-LOC-D95D4EB48474","LB-LOC-D95D4EB48474","","LB-GOV-AKK","LB-DIST-BF0E8E432529","","Sahel_Alma-AK","","","","","","","","","fuzzy-suggestion","","0","unresolved","none","","","No authoritative Arabic source with stable identity or exact hierarchy/name match"
"LB-XW-E0596528AD9F","LB-LOC-3807E0FD34D3","LB-LOC-3807E0FD34D3","","LB-GOV-AKK","LB-DIST-BF0E8E432529","","Sanbourah","","","","","","","","","fuzzy-suggestion","","0","unresolved","none","","","No authoritative Arabic source with stable identity or exact hierarchy/name match"
"LB-XW-F82E3DE96130","LB-LOC-C78897BE2188","LB-LOC-C78897BE2188","","LB-GOV-AKK","LB-DIST-BF0E8E432529","","Saqia","","","","","","","","","fuzzy-suggestion","","0","unresolved","none","","","No authoritative Arabic source with stable identity or exact hierarchy/name match"
"LB-XW-2D29CDD275A7","LB-LOC-CAC2DF4673CE","LB-LOC-CAC2DF4673CE","","LB-GOV-AKK","LB-DIST-BF0E8E432529","","Sfireh","","","","","","","","","fuzzy-suggestion","","0","unresolved","none","","","No authoritative Arabic source with stable identity or exact hierarchy/name match"
"LB-XW-5CD26DE59223","LB-LOC-1D9D6BB181C3","LB-LOC-1D9D6BB181C3","","LB-GOV-AKK","LB-DIST-BF0E8E432529","","Smaqiye","","","","","","","","","fuzzy-suggestion","","0","unresolved","none","","","No authoritative Arabic source with stable identity or exact hierarchy/name match"
"LB-XW-74FA9006B892","LB-LOC-89F44557728E","LB-LOC-89F44557728E","","LB-GOV-AKK","LB-DIST-BF0E8E432529","","Srar","","","","","","","","","fuzzy-suggestion","","0","unresolved","none","","","No authoritative Arabic source with stable identity or exact hierarchy/name match"
"LB-XW-601FEE8BBA3A","LB-LOC-8A887EC2BBEC","LB-LOC-8A887EC2BBEC","","LB-GOV-AKK","LB-DIST-BF0E8E432529","","Tall_Abbas_ech-Charqi","","","","","","","","","fuzzy-suggestion","","0","unresolved","none","","","No authoritative Arabic source with stable identity or exact hierarchy/name match"
"LB-XW-168B19D892E5","LB-LOC-D1E27C886D99","LB-LOC-D1E27C886D99","","LB-GOV-AKK","LB-DIST-BF0E8E432529","","Tall_Abbas_el-Gharbi","","","","","","","","","fuzzy-suggestion","","0","unresolved","none","","","No authoritative Arabic source with stable identity or exact hierarchy/name match"
"LB-XW-EC756B67512E","LB-LOC-703DD14E05F4","LB-LOC-703DD14E05F4","","LB-GOV-AKK","LB-DIST-BF0E8E432529","","Tall_Bireh","","","","","","","","","fuzzy-suggestion","","0","unresolved","none","","","No authoritative Arabic source with stable identity or exact hierarchy/name match"
"LB-XW-5F11254EAAB8","LB-LOC-392676BFBF5C","LB-LOC-392676BFBF5C","","LB-GOV-AKK","LB-DIST-BF0E8E432529","","Tall_Hamira","","","","","","","","","fuzzy-suggestion","","0","unresolved","none","","","No authoritative Arabic source with stable identity or exact hierarchy/name match"
"LB-XW-A5CFC5FF8528","LB-LOC-1210F92878B1","LB-LOC-1210F92878B1","","LB-GOV-AKK","LB-DIST-BF0E8E432529","","Tall_Haya","","","","","","","","","fuzzy-suggestion","","0","unresolved","none","","","No authoritative Arabic source with stable identity or exact hierarchy/name match"
"LB-XW-E475C6A1DA7C","LB-LOC-6FCC73EACF9D","LB-LOC-6FCC73EACF9D","","LB-GOV-AKK","LB-DIST-BF0E8E432529","","Tall_Homs","","","","","","","","","fuzzy-suggestion","","0","unresolved","none","","","No authoritative Arabic source with stable identity or exact hierarchy/name match"
"LB-XW-7C1A4B8EFF4C","LB-LOC-83718625E2A3","LB-LOC-83718625E2A3","","LB-GOV-AKK","LB-DIST-BF0E8E432529","","Tall_Kalakh","","","","","","","","","fuzzy-suggestion","","0","unresolved","none","","","No authoritative Arabic source with stable identity or exact hierarchy/name match"
"LB-XW-FCEDE1A76B0F","LB-LOC-5D0495937246","LB-LOC-5D0495937246","","LB-GOV-AKK","LB-DIST-BF0E8E432529","","Tall_Maayan","","","","","","","","","fuzzy-suggestion","","0","unresolved","none","","","No authoritative Arabic source with stable identity or exact hierarchy/name match"
"LB-XW-D65D940FA0AD","LB-LOC-7B8A00BA5338","LB-LOC-7B8A00BA5338","","LB-GOV-AKK","LB-DIST-BF0E8E432529","","Tall_Majdel","","","","","","","","","fuzzy-suggestion","","0","unresolved","none","","","No authoritative Arabic source with stable identity or exact hierarchy/name match"
"LB-XW-B8445346F967","LB-LOC-3F00D5FD7EF5","LB-LOC-3F00D5FD7EF5","","LB-GOV-AKK","LB-DIST-BF0E8E432529","","Tall_Nahas","","","","","","","","","fuzzy-suggestion","","0","unresolved","none","","","No authoritative Arabic source with stable identity or exact hierarchy/name match"
"LB-XW-122C511CF8DD","LB-LOC-ED3C4B5D4247","LB-LOC-ED3C4B5D4247","","LB-GOV-AKK","LB-DIST-BF0E8E432529","","Tikrit","","","","","","","","","fuzzy-suggestion","","0","unresolved","none","","","No authoritative Arabic source with stable identity or exact hierarchy/name match"
"LB-XW-367E726A54C1","LB-LOC-F713C3A2B93B","LB-LOC-F713C3A2B93B","","LB-GOV-AKK","LB-DIST-BF0E8E432529","","Tikrit_el-Aala","","","","","","","","","fuzzy-suggestion","","0","unresolved","none","","","No authoritative Arabic source with stable identity or exact hierarchy/name match"
"LB-XW-82A4054C4E1E","LB-LOC-C3333844C303","LB-LOC-C3333844C303","","LB-GOV-AKK","LB-DIST-BF0E8E432529","","Tleil","","","","","","","","","fuzzy-suggestion","","0","unresolved","none","","","No authoritative Arabic source with stable identity or exact hierarchy/name match"
"LB-XW-EDF5A78193A5","LB-LOC-EB8283314F75","LB-LOC-EB8283314F75","","LB-GOV-AKK","LB-DIST-BF0E8E432529","","Tleil_el-Fawqa","","","","","","","","","fuzzy-suggestion","","0","unresolved","none","","","No authoritative Arabic source with stable identity or exact hierarchy/name match"
"LB-XW-CAA4DF0DDA3B","LB-LOC-272066AAD126","LB-LOC-272066AAD126","","LB-GOV-AKK","LB-DIST-BF0E8E432529","","Wadi_Khaled","","","","","","","","","fuzzy-suggestion","","0","unresolved","none","","","No authoritative Arabic source with stable identity or exact hierarchy/name match"
"LB-XW-F91788AB1973","LB-LOC-3C90AD1ACDBE","LB-LOC-3C90AD1ACDBE","","LB-GOV-AKK","LB-DIST-BF0E8E432529","","Wadi_ej-Jamous","","","","","","","","","fuzzy-suggestion","","0","unresolved","none","","","No authoritative Arabic source with stable identity or exact hierarchy/name match"
"LB-XW-FE1ACF9F27FE","LB-LOC-BDE4D736C87E","LB-LOC-BDE4D736C87E","","LB-GOV-AKK","LB-DIST-BF0E8E432529","","Wadi_ej-Jamous_ech-Charqi","","","","","","","","","fuzzy-suggestion","","0","unresolved","none","","","No authoritative Arabic source with stable identity or exact hierarchy/name match"
"LB-XW-F7FE3FCCD478","LB-LOC-CE378FE8128F","LB-LOC-CE378FE8128F","","LB-GOV-AKK","LB-DIST-BF0E8E432529","","Wadi_ej-Jamous_el-Gharbi","","","","","","","","","fuzzy-suggestion","","0","unresolved","none","","","No authoritative Arabic source with stable identity or exact hierarchy/name match"
"LB-XW-CCD6F3E24495","LB-LOC-40ED7ACAF369","LB-LOC-40ED7ACAF369","","LB-GOV-AKK","LB-DIST-BF0E8E432529","","Wadi_el-Hariq","","","","","","","","","fuzzy-suggestion","","0","unresolved","none","","","No authoritative Arabic source with stable identity or exact hierarchy/name match"
"LB-XW-47F75410FB1E","LB-LOC-510296713BDE","LB-LOC-510296713BDE","","LB-GOV-AKK","LB-DIST-BF0E8E432529","","Wadi_el-Hour","","","","","","","","","fuzzy-suggestion","","0","unresolved","none","","","No authoritative Arabic source with stable identity or exact hierarchy/name match"
"LB-XW-082C3FA6894D","LB-LOC-B66B5BBF66B2","LB-LOC-B66B5BBF66B2","","LB-GOV-AKK","LB-DIST-BF0E8E432529","","Wasta","","","","","","","","","fuzzy-suggestion","","0","unresolved","none","","","No authoritative Arabic source with stable identity or exact hierarchy/name match"
"LB-XW-4B14BF3C46FB","LB-LOC-633840720CAE","LB-LOC-633840720CAE","","LB-GOV-AKK","LB-DIST-BF0E8E432529","","Zouq_Bhanine","","","","","","","","","fuzzy-suggestion","","0","unresolved","none","","","No authoritative Arabic source with stable identity or exact hierarchy/name match"
"LB-XW-4FF6C9AD21A9","LB-LOC-C32B9AAA21E7","LB-LOC-C32B9AAA21E7","","LB-GOV-AKK","LB-DIST-BF0E8E432529","","Zouq_el-Hosniye","","","","","","","","","fuzzy-suggestion","","0","unresolved","none","","","No authoritative Arabic source with stable identity or exact hierarchy/name match"
"LB-XW-373D27549513","LB-LOC-BAD392B148DE","LB-LOC-BAD392B148DE","","LB-GOV-AKK","LB-DIST-BF0E8E432529","","Zouq_el-Jomaa","","","","","","","","","fuzzy-suggestion","","0","unresolved","none","","","No authoritative Arabic source with stable identity or exact hierarchy/name match"
"LB-XW-9A92979A5587","LB-LOC-7D1E2FE77186","LB-LOC-7D1E2FE77186","","LB-GOV-NLB","LB-DIST-A3F7F98AD99A","","Aalmat-BT","","","","","","","","","fuzzy-suggestion","","0","unresolved","none","","","No authoritative Arabic source with stable identity or exact hierarchy/name match"
"LB-XW-7A243EBE2BE1","LB-LOC-BF5236F9570F","LB-LOC-BF5236F9570F","","LB-GOV-NLB","LB-DIST-A3F7F98AD99A","","Aaqoura-BT","","","","","","","","","fuzzy-suggestion","","0","unresolved","none","","","No authoritative Arabic source with stable identity or exact hierarchy/name match"
"LB-XW-9205F9EEECE5","LB-LOC-BB3C493ED391","LB-LOC-BB3C493ED391","","LB-GOV-NLB","LB-DIST-A3F7F98AD99A","","Abrine","","","","","","","","","fuzzy-suggestion","","0","unresolved","none","","","No authoritative Arabic source with stable identity or exact hierarchy/name match"
"LB-XW-7610D79487F4","LB-LOC-26B2CC945A62","LB-LOC-26B2CC945A62","","LB-GOV-NLB","LB-DIST-A3F7F98AD99A","","Ain_el-Ghouaybeh-BT","","","","","","","","","fuzzy-suggestion","","0","unresolved","none","","","No authoritative Arabic source with stable identity or exact hierarchy/name match"
"LB-XW-E912C47CA7EE","LB-LOC-5585D40ECDD3","LB-LOC-5585D40ECDD3","","LB-GOV-NLB","LB-DIST-A3F7F98AD99A","","Batroun","","","","","","","","","fuzzy-suggestion","","0","unresolved","none","","","No authoritative Arabic source with stable identity or exact hierarchy/name match"
"LB-XW-F946149DDEA2","LB-LOC-6503FE0A12EE","LB-LOC-6503FE0A12EE","","LB-GOV-NLB","LB-DIST-A3F7F98AD99A","","Batroun_el-Balad","","","","","","","","","fuzzy-suggestion","","0","unresolved","none","","","No authoritative Arabic source with stable identity or exact hierarchy/name match"
"LB-XW-BAD04AE91ED5","LB-LOC-803B7E6E2C0A","LB-LOC-803B7E6E2C0A","","LB-GOV-NLB","LB-DIST-A3F7F98AD99A","","Bchaaleh","","","","","","","","","fuzzy-suggestion","","0","unresolved","none","","","No authoritative Arabic source with stable identity or exact hierarchy/name match"
"LB-XW-E231DBD1E00C","LB-LOC-94B4BFD52506","LB-LOC-94B4BFD52506","","LB-GOV-NLB","LB-DIST-A3F7F98AD99A","","Bchtoudar","","","","","","","","","fuzzy-suggestion","","0","unresolved","none","","","No authoritative Arabic source with stable identity or exact hierarchy/name match"
"LB-XW-7D9AE199EE0E","LB-LOC-8ABCDA212641","LB-LOC-8ABCDA212641","","LB-GOV-NLB","LB-DIST-A3F7F98AD99A","","Beit_Chlela","","","","","","","","","fuzzy-suggestion","","0","unresolved","none","","","No authoritative Arabic source with stable identity or exact hierarchy/name match"
"LB-XW-C77F3CA39B23","LB-LOC-CACF77D152D9","LB-LOC-CACF77D152D9","","LB-GOV-NLB","LB-DIST-A3F7F98AD99A","","Bijjeh-BT","","","","","","","","","fuzzy-suggestion","","0","unresolved","none","","","No authoritative Arabic source with stable identity or exact hierarchy/name match"
"LB-XW-60331B745BD6","LB-LOC-E76A62380CC7","LB-LOC-E76A62380CC7","","LB-GOV-NLB","LB-DIST-A3F7F98AD99A","","Bjaj","","","","","","","","","fuzzy-suggestion","","0","unresolved","none","","","No authoritative Arabic source with stable identity or exact hierarchy/name match"
"LB-XW-202B38C5EE20","LB-LOC-CC7C47D584F0","LB-LOC-CC7C47D584F0","","LB-GOV-NLB","LB-DIST-A3F7F98AD99A","","Bjdarfel","","","","","","","","","fuzzy-suggestion","","0","unresolved","none","","","No authoritative Arabic source with stable identity or exact hierarchy/name match"
"LB-XW-D35C075E311F","LB-LOC-F82DCF154CA4","LB-LOC-F82DCF154CA4","","LB-GOV-NLB","LB-DIST-A3F7F98AD99A","","Btablat","","","","","","","","","fuzzy-suggestion","","0","unresolved","none","","","No authoritative Arabic source with stable identity or exact hierarchy/name match"
"LB-XW-88AF9267DDB5","LB-LOC-C5A34CB888B7","LB-LOC-C5A34CB888B7","","LB-GOV-NLB","LB-DIST-A3F7F98AD99A","","Btedii","","","","","","","","","fuzzy-suggestion","","0","unresolved","none","","","No authoritative Arabic source with stable identity or exact hierarchy/name match"
"LB-XW-6C5178308CC8","LB-LOC-28A8E7066DD1","LB-LOC-28A8E7066DD1","","LB-GOV-NLB","LB-DIST-A3F7F98AD99A","","Bthnayel","","","","","","","","","fuzzy-suggestion","","0","unresolved","none","","","No authoritative Arabic source with stable identity or exact hierarchy/name match"
"LB-XW-7845A69C854A","LB-LOC-4722B019DF4E","LB-LOC-4722B019DF4E","","LB-GOV-NLB","LB-DIST-A3F7F98AD99A","","Btroumine","","","","","","","","","fuzzy-suggestion","","0","unresolved","none","","","No authoritative Arabic source with stable identity or exact hierarchy/name match"
"LB-XW-B5C80AF9AD74","LB-LOC-24C64D00E348","LB-LOC-24C64D00E348","","LB-GOV-NLB","LB-DIST-A3F7F98AD99A","","Chatine","","","","","","","","","fuzzy-suggestion","","0","unresolved","none","","","No authoritative Arabic source with stable identity or exact hierarchy/name match"
"LB-XW-C254CA4642ED","LB-LOC-0912C410B726","LB-LOC-0912C410B726","","LB-GOV-NLB","LB-DIST-A3F7F98AD99A","","Chikhan","","","","","","","","","fuzzy-suggestion","","0","unresolved","none","","","No authoritative Arabic source with stable identity or exact hierarchy/name match"
"LB-XW-FF19372D90CB","LB-LOC-EB7F9134280A","LB-LOC-EB7F9134280A","","LB-GOV-NLB","LB-DIST-A3F7F98AD99A","","Deir_el-Ballout","","","","","","","","","fuzzy-suggestion","","0","unresolved","none","","","No authoritative Arabic source with stable identity or exact hierarchy/name match"
"LB-XW-69419F687222","LB-LOC-191DED7EE627","LB-LOC-191DED7EE627","","LB-GOV-NLB","LB-DIST-A3F7F98AD99A","","Douma","","","","","","","","","fuzzy-suggestion","","0","unresolved","none","","","No authoritative Arabic source with stable identity or exact hierarchy/name match"
"LB-XW-443E26D27F3B","LB-LOC-20EB6A766D66","LB-LOC-20EB6A766D66","","LB-GOV-NLB","LB-DIST-A3F7F98AD99A","","Douma_el-Fawqa","","","","","","","","","fuzzy-suggestion","","0","unresolved","none","","","No authoritative Arabic source with stable identity or exact hierarchy/name match"
"LB-XW-ABE64989606F","LB-LOC-A37AECF7057F","LB-LOC-A37AECF7057F","","LB-GOV-NLB","LB-DIST-A3F7F98AD99A","","Eddeh","","","","","","","","","fuzzy-suggestion","","0","unresolved","none","","","No authoritative Arabic source with stable identity or exact hierarchy/name match"
"LB-XW-BB21E398A85D","LB-LOC-055C0FBC6471","LB-LOC-055C0FBC6471","","LB-GOV-NLB","LB-DIST-A3F7F98AD99A","","Fghal","","","","","","","","","fuzzy-suggestion","","0","unresolved","none","","","No authoritative Arabic source with stable identity or exact hierarchy/name match"
"LB-XW-E46CCE791BC9","LB-LOC-95CE13F6BDB8","LB-LOC-95CE13F6BDB8","","LB-GOV-NLB","LB-DIST-A3F7F98AD99A","","Habil","","","","","","","","","fuzzy-suggestion","","0","unresolved","none","","","No authoritative Arabic source with stable identity or exact hierarchy/name match"
"LB-XW-346C97F3CD18","LB-LOC-F912703D20C7","LB-LOC-F912703D20C7","","LB-GOV-NLB","LB-DIST-A3F7F98AD99A","","Halba-BT","","","","","","","","","fuzzy-suggestion","","0","unresolved","none","","","No authoritative Arabic source with stable identity or exact hierarchy/name match"
"LB-XW-202780E83A85","LB-LOC-A129940E5CC1","LB-LOC-A129940E5CC1","","LB-GOV-NLB","LB-DIST-A3F7F98AD99A","","Hamat","","","","","","","","","fuzzy-suggestion","","0","unresolved","none","","","No authoritative Arabic source with stable identity or exact hierarchy/name match"
"LB-XW-7763701BD67D","LB-LOC-F69982B7E606","LB-LOC-F69982B7E606","","LB-GOV-NLB","LB-DIST-A3F7F98AD99A","","Hardine","","","","","","","","","fuzzy-suggestion","","0","unresolved","none","","","No authoritative Arabic source with stable identity or exact hierarchy/name match"
"LB-XW-31F92587AFFD","LB-LOC-014CFD8CEA1A","LB-LOC-014CFD8CEA1A","","LB-GOV-NLB","LB-DIST-A3F7F98AD99A","","Hardine-BT","","","","","","","","","fuzzy-suggestion","","0","unresolved","none","","","No authoritative Arabic source with stable identity or exact hierarchy/name match"
"LB-XW-EF93C50E2903","LB-LOC-9C28088D8969","LB-LOC-9C28088D8969","","LB-GOV-NLB","LB-DIST-A3F7F98AD99A","","Hawqa","","","","","","","","","fuzzy-suggestion","","0","unresolved","none","","","No authoritative Arabic source with stable identity or exact hierarchy/name match"
"LB-XW-7E2FC30E24DB","LB-LOC-0E32C8A307A0","LB-LOC-0E32C8A307A0","","LB-GOV-NLB","LB-DIST-A3F7F98AD99A","","Iden","","","","","","","","","fuzzy-suggestion","","0","unresolved","none","","","No authoritative Arabic source with stable identity or exact hierarchy/name match"
"LB-XW-C8C07331873E","LB-LOC-ADB5D4B39DE8","LB-LOC-ADB5D4B39DE8","","LB-GOV-NLB","LB-DIST-A3F7F98AD99A","","Jrane-BT","","","","","","","","","fuzzy-suggestion","","0","unresolved","none","","","No authoritative Arabic source with stable identity or exact hierarchy/name match"
"LB-XW-E6E18F1F3568","LB-LOC-82165709EA26","LB-LOC-82165709EA26","","LB-GOV-NLB","LB-DIST-A3F7F98AD99A","","Kfar_Abida-BT","","","","","","","","","fuzzy-suggestion","","0","unresolved","none","","","No authoritative Arabic source with stable identity or exact hierarchy/name match"
"LB-XW-B123FE49FB1C","LB-LOC-1D9F06680A51","LB-LOC-1D9F06680A51","","LB-GOV-NLB","LB-DIST-A3F7F98AD99A","","Kfar_Chlimane","","","","","","","","","fuzzy-suggestion","","0","unresolved","none","","","No authoritative Arabic source with stable identity or exact hierarchy/name match"
"LB-XW-C6A13074968E","LB-LOC-7CD7BE21D579","LB-LOC-7CD7BE21D579","","LB-GOV-NLB","LB-DIST-A3F7F98AD99A","","Kfar_Halda-BT","","","","","","","","","fuzzy-suggestion","","0","unresolved","none","","","No authoritative Arabic source with stable identity or exact hierarchy/name match"
"LB-XW-0B64A0ECFCFF","LB-LOC-06E22DD03AEA","LB-LOC-06E22DD03AEA","","LB-GOV-NLB","LB-DIST-A3F7F98AD99A","","Kfar_Hay-BT","","","","","","","","","fuzzy-suggestion","","0","unresolved","none","","","No authoritative Arabic source with stable identity or exact hierarchy/name match"
"LB-XW-DD8F21AC79A0","LB-LOC-E0C61C385583","LB-LOC-E0C61C385583","","LB-GOV-NLB","LB-DIST-A3F7F98AD99A","","Kfar_Hlawa","","","","","","","","","fuzzy-suggestion","","0","unresolved","none","","","No authoritative Arabic source with stable identity or exact hierarchy/name match"
"LB-XW-BB35C127C57F","LB-LOC-CE1BABE64309","LB-LOC-CE1BABE64309","","LB-GOV-NLB","LB-DIST-A3F7F98AD99A","","Kfifane-BT","","","","","","","","","fuzzy-suggestion","","0","unresolved","none","","","No authoritative Arabic source with stable identity or exact hierarchy/name match"
"LB-XW-5E80C4F82B9E","LB-LOC-613D1A74DDAA","LB-LOC-613D1A74DDAA","","LB-GOV-NLB","LB-DIST-A3F7F98AD99A","","Kfour_el-Arabi","","","","","","","","","fuzzy-suggestion","","0","unresolved","none","","","No authoritative Arabic source with stable identity or exact hierarchy/name match"
"LB-XW-8A79A92E25CB","LB-LOC-C2B6681FC5A2","LB-LOC-C2B6681FC5A2","","LB-GOV-NLB","LB-DIST-A3F7F98AD99A","","Mghayreh-BT","","","","","","","","","fuzzy-suggestion","","0","unresolved","none","","","No authoritative Arabic source with stable identity or exact hierarchy/name match"
"LB-XW-A7A824B44C05","LB-LOC-700CFD1070E7","LB-LOC-700CFD1070E7","","LB-GOV-NLB","LB-DIST-A3F7F98AD99A","","Mouhammara-BT","","","","","","","","","fuzzy-suggestion","","0","unresolved","none","","","No authoritative Arabic source with stable identity or exact hierarchy/name match"
"LB-XW-4A38A0A305FD","LB-LOC-93B1253D042E","LB-LOC-93B1253D042E","","LB-GOV-NLB","LB-DIST-A3F7F98AD99A","","Mseilha","","","","","","","","","fuzzy-suggestion","","0","unresolved","none","","","No authoritative Arabic source with stable identity or exact hierarchy/name match"
"LB-XW-DB879B44BBD1","LB-LOC-64C035EAA741","LB-LOC-64C035EAA741","","LB-GOV-NLB","LB-DIST-A3F7F98AD99A","","Nbaa-BT","","","","","","","","","fuzzy-suggestion","","0","unresolved","none","","","No authoritative Arabic source with stable identity or exact hierarchy/name match"
"LB-XW-4C1909D07476","LB-LOC-ED5B1FAAC906","LB-LOC-ED5B1FAAC906","","LB-GOV-NLB","LB-DIST-A3F7F98AD99A","","Qaytouleh","","","","","","","","","fuzzy-suggestion","","0","unresolved","none","","","No authoritative Arabic source with stable identity or exact hierarchy/name match"
"LB-XW-E78041C54AD8","LB-LOC-7F5B562255E0","LB-LOC-7F5B562255E0","","LB-GOV-NLB","LB-DIST-A3F7F98AD99A","","Rachkida","","","","","","","","","fuzzy-suggestion","","0","unresolved","none","","","No authoritative Arabic source with stable identity or exact hierarchy/name match"
"LB-XW-6535BBDF8108","LB-LOC-47C8E7996010","LB-LOC-47C8E7996010","","LB-GOV-NLB","LB-DIST-A3F7F98AD99A","","Ras_Nhach-BT","","","","","","","","","fuzzy-suggestion","","0","unresolved","none","","","No authoritative Arabic source with stable identity or exact hierarchy/name match"
"LB-XW-2049CDAB3B45","LB-LOC-DE0A32411E6F","LB-LOC-DE0A32411E6F","","LB-GOV-NLB","LB-DIST-A3F7F98AD99A","","Salaa","","","","","","","","","fuzzy-suggestion","","0","unresolved","none","","","No authoritative Arabic source with stable identity or exact hierarchy/name match"
"LB-XW-9D34BA5A6D23","LB-LOC-78B99565FCF6","LB-LOC-78B99565FCF6","","LB-GOV-NLB","LB-DIST-A3F7F98AD99A","","Samanda","","","","","","","","","fuzzy-suggestion","","0","unresolved","none","","","No authoritative Arabic source with stable identity or exact hierarchy/name match"
"LB-XW-830D2E4A706A","LB-LOC-10FE39373799","LB-LOC-10FE39373799","","LB-GOV-NLB","LB-DIST-A3F7F98AD99A","","Saydet_en-Najat","","","","","","","","","fuzzy-suggestion","","0","unresolved","none","","","No authoritative Arabic source with stable identity or exact hierarchy/name match"
"LB-XW-1D92E08A550A","LB-LOC-727D0F5D0B76","LB-LOC-727D0F5D0B76","","LB-GOV-NLB","LB-DIST-A3F7F98AD99A","","Sourat-BT","","","","","","","","","fuzzy-suggestion","","0","unresolved","none","","","No authoritative Arabic source with stable identity or exact hierarchy/name match"
"LB-XW-E697C90B6586","LB-LOC-565C557D4FA3","LB-LOC-565C557D4FA3","","LB-GOV-NLB","LB-DIST-A3F7F98AD99A","","Tahom","","","","","","","","","fuzzy-suggestion","","0","unresolved","none","","","No authoritative Arabic source with stable identity or exact hierarchy/name match"
"LB-XW-6157CCD7307A","LB-LOC-822A46FEA480","LB-LOC-822A46FEA480","","LB-GOV-NLB","LB-DIST-A3F7F98AD99A","","Tannourine","","","","","","","","","fuzzy-suggestion","","0","unresolved","none","","","No authoritative Arabic source with stable identity or exact hierarchy/name match"
"LB-XW-B114B929F15F","LB-LOC-F73268E85530","LB-LOC-F73268E85530","","LB-GOV-NLB","LB-DIST-A3F7F98AD99A","","Tannourine_el-Fawqa","","","","","","","","","fuzzy-suggestion","","0","unresolved","none","","","No authoritative Arabic source with stable identity or exact hierarchy/name match"
"LB-XW-24AFE41181D1","LB-LOC-40718AAA82D4","LB-LOC-40718AAA82D4","","LB-GOV-NLB","LB-DIST-A3F7F98AD99A","","Tannourine_et-Tahta","","","","","","","","","fuzzy-suggestion","","0","unresolved","none","","","No authoritative Arabic source with stable identity or exact hierarchy/name match"
"LB-XW-8E2FDC81FC0E","LB-LOC-CA980F4AC6CE","LB-LOC-CA980F4AC6CE","","LB-GOV-NLB","LB-DIST-A3F7F98AD99A","","Twaleh","","","","","","","","","fuzzy-suggestion","","0","unresolved","none","","","No authoritative Arabic source with stable identity or exact hierarchy/name match"
"LB-XW-D188B58F8368","LB-LOC-3B9FCBAAF9FB","LB-LOC-3B9FCBAAF9FB","","LB-GOV-NLB","LB-DIST-A3F7F98AD99A","","Wata_Houb-BT","","","","","","","","","fuzzy-suggestion","","0","unresolved","none","","","No authoritative Arabic source with stable identity or exact hierarchy/name match"
"LB-XW-54A0345D519A","LB-LOC-DCED4F215FED","LB-LOC-DCED4F215FED","","LB-GOV-NLB","LB-DIST-510442BCD398","","Abdine","","","","","","","","","fuzzy-suggestion","","0","unresolved","none","","","No authoritative Arabic source with stable identity or exact hierarchy/name match"
"LB-XW-230D20DA39D6","LB-LOC-7AC3DC0F96F8","LB-LOC-7AC3DC0F96F8","","LB-GOV-NLB","LB-DIST-510442BCD398","","Achach-BS","","","","","","","","","fuzzy-suggestion","","0","unresolved","none","","","No authoritative Arabic source with stable identity or exact hierarchy/name match"
"LB-XW-BD5900E49E52","LB-LOC-9B2FCA7E9C8B","LB-LOC-9B2FCA7E9C8B","","LB-GOV-NLB","LB-DIST-510442BCD398","","Ain_Aata-BS","","","","","","","","","fuzzy-suggestion","","0","unresolved","none","","","No authoritative Arabic source with stable identity or exact hierarchy/name match"
"LB-XW-F638FB5993F4","LB-LOC-CF9D55ACE9DF","LB-LOC-CF9D55ACE9DF","","LB-GOV-NLB","LB-DIST-510442BCD398","","Ain_et-Tineh-BS","","","","","","","","","fuzzy-suggestion","","0","unresolved","none","","","No authoritative Arabic source with stable identity or exact hierarchy/name match"
"LB-XW-5231A26E9FCF","LB-LOC-245CEC1B7EE3","LB-LOC-245CEC1B7EE3","","LB-GOV-NLB","LB-DIST-510442BCD398","","Bane-BS","","","","","","","","","fuzzy-suggestion","","0","unresolved","none","","","No authoritative Arabic source with stable identity or exact hierarchy/name match"
"LB-XW-D70F7CD99E5C","LB-LOC-2368651F9ED9","LB-LOC-2368651F9ED9","","LB-GOV-NLB","LB-DIST-510442BCD398","","Beit_Mounzer","","","","","","","","","fuzzy-suggestion","","0","unresolved","none","","","No authoritative Arabic source with stable identity or exact hierarchy/name match"
"LB-XW-56FA85E1FB60","LB-LOC-C19473E9163C","LB-LOC-C19473E9163C","","LB-GOV-NLB","LB-DIST-510442BCD398","","Beit_Qasab","","","","","","","","","fuzzy-suggestion","","0","unresolved","none","","","No authoritative Arabic source with stable identity or exact hierarchy/name match"
"LB-XW-5F8181F91407","LB-LOC-4E16791675F2","LB-LOC-4E16791675F2","","LB-GOV-NLB","LB-DIST-510442BCD398","","Blouza","","","","","","","","","fuzzy-suggestion","","0","unresolved","none","","","No authoritative Arabic source with stable identity or exact hierarchy/name match"
"LB-XW-2B2E0EA89C2B","LB-LOC-24D44D71D0E0","LB-LOC-24D44D71D0E0","","LB-GOV-NLB","LB-DIST-510442BCD398","","Blouza_ech-Chamaliye","","","","","","","","","fuzzy-suggestion","","0","unresolved","none","","","No authoritative Arabic source with stable identity or exact hierarchy/name match"
"LB-XW-4195C7D974C8","LB-LOC-3440DC5E8DF9","LB-LOC-3440DC5E8DF9","","LB-GOV-NLB","LB-DIST-510442BCD398","","Bqaa_Kafra_Cedars","","","","","","","","","fuzzy-suggestion","","0","unresolved","none","","","No authoritative Arabic source with stable identity or exact hierarchy/name match"
"LB-XW-897867780066","LB-LOC-E22F56ABAAA8","LB-LOC-E22F56ABAAA8","","LB-GOV-NLB","LB-DIST-510442BCD398","","Brihlioun","","","","","","","","","fuzzy-suggestion","","0","unresolved","none","","","No authoritative Arabic source with stable identity or exact hierarchy/name match"
"LB-XW-201B13842045","LB-LOC-FFFC8D597A8F","LB-LOC-FFFC8D597A8F","","LB-GOV-NLB","LB-DIST-510442BCD398","","Bsharri","","","","","","","","","fuzzy-suggestion","","0","unresolved","none","","","No authoritative Arabic source with stable identity or exact hierarchy/name match"
"LB-XW-11859A92CD62","LB-LOC-01732CB3EEC9","LB-LOC-01732CB3EEC9","","LB-GOV-NLB","LB-DIST-510442BCD398","","Bsharri_el-Aala","","","","","","","","","fuzzy-suggestion","","0","unresolved","none","","","No authoritative Arabic source with stable identity or exact hierarchy/name match"
"LB-XW-38E445CF52FC","LB-LOC-EDA19EA18A68","LB-LOC-EDA19EA18A68","","LB-GOV-NLB","LB-DIST-510442BCD398","","Bsharri_el-Gharbiye","","","","","","","","","fuzzy-suggestion","","0","unresolved","none","","","No authoritative Arabic source with stable identity or exact hierarchy/name match"
"LB-XW-754EC56C7C15","LB-LOC-597269700C8E","LB-LOC-597269700C8E","","LB-GOV-NLB","LB-DIST-510442BCD398","","Bzaoun-BS","","","","","","","","","fuzzy-suggestion","","0","unresolved","none","","","No authoritative Arabic source with stable identity or exact hierarchy/name match"
"LB-XW-F306440D6562","LB-LOC-8A5857947D85","LB-LOC-8A5857947D85","","LB-GOV-NLB","LB-DIST-510442BCD398","","Deir_Mar_Semaan","","","","","","","","","fuzzy-suggestion","","0","unresolved","none","","","No authoritative Arabic source with stable identity or exact hierarchy/name match"
"LB-XW-66DE61E1BB28","LB-LOC-C4B5496FEBA7","LB-LOC-C4B5496FEBA7","","LB-GOV-NLB","LB-DIST-510442BCD398","","Dimane","","","","","","","","","fuzzy-suggestion","","0","unresolved","none","","","No authoritative Arabic source with stable identity or exact hierarchy/name match"
"LB-XW-050F80DBE76F","LB-LOC-2E4E9AABB9B6","LB-LOC-2E4E9AABB9B6","","LB-GOV-NLB","LB-DIST-510442BCD398","","Hadath_el-Jubbe","","","","","","","","","fuzzy-suggestion","","0","unresolved","none","","","No authoritative Arabic source with stable identity or exact hierarchy/name match"
"LB-XW-D2B15F0ED8E9","LB-LOC-0F07926E2048","LB-LOC-0F07926E2048","","LB-GOV-NLB","LB-DIST-510442BCD398","","Hadath_el-Jubbe_el-Aalya","","","","","","","","","fuzzy-suggestion","","0","unresolved","none","","","No authoritative Arabic source with stable identity or exact hierarchy/name match"
"LB-XW-26270B3D7251","LB-LOC-95BFF279CE49","LB-LOC-95BFF279CE49","","LB-GOV-NLB","LB-DIST-510442BCD398","","Hadchit","","","","","","","","","fuzzy-suggestion","","0","unresolved","none","","","No authoritative Arabic source with stable identity or exact hierarchy/name match"
"LB-XW-5CAAFC428A50","LB-LOC-76654BB78F48","LB-LOC-76654BB78F48","","LB-GOV-NLB","LB-DIST-510442BCD398","","Hasroun","","","","","","","","","fuzzy-suggestion","","0","unresolved","none","","","No authoritative Arabic source with stable identity or exact hierarchy/name match"
"LB-XW-AF109A6E2B7B","LB-LOC-C17AEDF7A438","LB-LOC-C17AEDF7A438","","LB-GOV-NLB","LB-DIST-510442BCD398","","Hasroun_el-Fawqa","","","","","","","","","fuzzy-suggestion","","0","unresolved","none","","","No authoritative Arabic source with stable identity or exact hierarchy/name match"
"LB-XW-2CB8945FA89C","LB-LOC-644E4E06E95A","LB-LOC-644E4E06E95A","","LB-GOV-NLB","LB-DIST-510442BCD398","","Mazraat_Bsharri","","","","","","","","","fuzzy-suggestion","","0","unresolved","none","","","No authoritative Arabic source with stable identity or exact hierarchy/name match"
"LB-XW-928076C12169","LB-LOC-6206266F8791","LB-LOC-6206266F8791","","LB-GOV-NLB","LB-DIST-510442BCD398","","Mazraat_el-Arz","","","","","","","","","fuzzy-suggestion","","0","unresolved","none","","","No authoritative Arabic source with stable identity or exact hierarchy/name match"
"LB-XW-16EA4A275ED3","LB-LOC-9F1EF3DB32C6","LB-LOC-9F1EF3DB32C6","","LB-GOV-NLB","LB-DIST-510442BCD398","","Qarhaq","","","","","","","","","fuzzy-suggestion","","0","unresolved","none","","","No authoritative Arabic source with stable identity or exact hierarchy/name match"
"LB-XW-671143B721EF","LB-LOC-050F24F59591","LB-LOC-050F24F59591","","LB-GOV-NLB","LB-DIST-510442BCD398","","Qnat","","","","","","","","","fuzzy-suggestion","","0","unresolved","none","","","No authoritative Arabic source with stable identity or exact hierarchy/name match"
"LB-XW-D7ECF4D9E151","LB-LOC-6BC10C22BB51","LB-LOC-6BC10C22BB51","","LB-GOV-NLB","LB-DIST-510442BCD398","","Taran-BS","","","","","","","","","fuzzy-suggestion","","0","unresolved","none","","","No authoritative Arabic source with stable identity or exact hierarchy/name match"
"LB-XW-37B679F815C2","LB-LOC-067C750BFE11","LB-LOC-067C750BFE11","","LB-GOV-NLB","LB-DIST-510442BCD398","","The_Cedars","","","","","","","","","fuzzy-suggestion","","0","unresolved","none","","","No authoritative Arabic source with stable identity or exact hierarchy/name match"
"LB-XW-EF5E3D580796","LB-LOC-9AEB1AC2DEAA","LB-LOC-9AEB1AC2DEAA","","LB-GOV-NLB","LB-DIST-510442BCD398","","Tourza-BS","","","","","","","","","fuzzy-suggestion","","0","unresolved","none","","","No authoritative Arabic source with stable identity or exact hierarchy/name match"
"LB-XW-B2A01E2E2B3B","LB-LOC-49E05034D9EC","LB-LOC-49E05034D9EC","","LB-GOV-NLB","LB-DIST-510442BCD398","","Wadi_Qadisha","","","","","","","","","fuzzy-suggestion","","0","unresolved","none","","","No authoritative Arabic source with stable identity or exact hierarchy/name match"
"LB-XW-C8E32B51D0D9","LB-LOC-1E6831EA640F","LB-LOC-1E6831EA640F","","LB-GOV-NLB","LB-DIST-60A64BA694F5","","Aaba","","","","","","","","","fuzzy-suggestion","","0","unresolved","none","","","No authoritative Arabic source with stable identity or exact hierarchy/name match"
"LB-XW-288D95F4D00F","LB-LOC-5EBF39D1F679","LB-LOC-5EBF39D1F679","","LB-GOV-NLB","LB-DIST-60A64BA694F5","","Abou_Halqa","","","","","","","","","fuzzy-suggestion","","0","unresolved","none","","","No authoritative Arabic source with stable identity or exact hierarchy/name match"
"LB-XW-09236EF91CA2","LB-LOC-AB8516D99159","LB-LOC-AB8516D99159","","LB-GOV-NLB","LB-DIST-60A64BA694F5","","Afsdiq","","","","","","","","","fuzzy-suggestion","","0","unresolved","none","","","No authoritative Arabic source with stable identity or exact hierarchy/name match"
"LB-XW-67C693D14CBB","LB-LOC-50F46A8AB8F2","LB-LOC-50F46A8AB8F2","","LB-GOV-NLB","LB-DIST-60A64BA694F5","","Amioun","","","","","","","","","fuzzy-suggestion","","0","unresolved","none","","","No authoritative Arabic source with stable identity or exact hierarchy/name match"
"LB-XW-0E36FAAC1F09","LB-LOC-16AD42CE7BE4","LB-LOC-16AD42CE7BE4","","LB-GOV-NLB","LB-DIST-60A64BA694F5","","Amioun_el-Fawqa","","","","","","","","","fuzzy-suggestion","","0","unresolved","none","","","No authoritative Arabic source with stable identity or exact hierarchy/name match"
"LB-XW-0ACCF518A73F","LB-LOC-2E7D119C794E","LB-LOC-2E7D119C794E","","LB-GOV-NLB","LB-DIST-60A64BA694F5","","Anfeh","","","","","","","","","fuzzy-suggestion","","0","unresolved","none","","","No authoritative Arabic source with stable identity or exact hierarchy/name match"
"LB-XW-10F0232CAB56","LB-LOC-85FB06DC9F7A","LB-LOC-85FB06DC9F7A","","LB-GOV-NLB","LB-DIST-60A64BA694F5","","Anfeh_el-Balda","","","","","","","","","fuzzy-suggestion","","0","unresolved","none","","","No authoritative Arabic source with stable identity or exact hierarchy/name match"
"LB-XW-A8E331083775","LB-LOC-D27A8574FD7D","LB-LOC-D27A8574FD7D","","LB-GOV-NLB","LB-DIST-60A64BA694F5","","Barsa","","","","","","","","","fuzzy-suggestion","","0","unresolved","none","","","No authoritative Arabic source with stable identity or exact hierarchy/name match"
"LB-XW-087327079631","LB-LOC-31A6E68F5465","LB-LOC-31A6E68F5465","","LB-GOV-NLB","LB-DIST-60A64BA694F5","","Batralioun","","","","","","","","","fuzzy-suggestion","","0","unresolved","none","","","No authoritative Arabic source with stable identity or exact hierarchy/name match"
"LB-XW-273F107C5F80","LB-LOC-1788AD279DC1","LB-LOC-1788AD279DC1","","LB-GOV-NLB","LB-DIST-60A64BA694F5","","Bchmizzine","","","","","","","","","fuzzy-suggestion","","0","unresolved","none","","","No authoritative Arabic source with stable identity or exact hierarchy/name match"
"LB-XW-41B8FE3D495E","LB-LOC-060EDA86F2D9","LB-LOC-060EDA86F2D9","","LB-GOV-NLB","LB-DIST-60A64BA694F5","","Bednayel-KR","","","","","","","","","fuzzy-suggestion","","0","unresolved","none","","","No authoritative Arabic source with stable identity or exact hierarchy/name match"
"LB-XW-83680E91382D","LB-LOC-9E382497043B","LB-LOC-9E382497043B","","LB-GOV-NLB","LB-DIST-60A64BA694F5","","Besarma-KR","","","","","","","","","fuzzy-suggestion","","0","unresolved","none","","","No authoritative Arabic source with stable identity or exact hierarchy/name match"
"LB-XW-9A4261887190","LB-LOC-05C14C793242","LB-LOC-05C14C793242","","LB-GOV-NLB","LB-DIST-60A64BA694F5","","Bino","","","","","","","","","fuzzy-suggestion","","0","unresolved","none","","","No authoritative Arabic source with stable identity or exact hierarchy/name match"
"LB-XW-8978A90024F7","LB-LOC-E0EBF98483A4","LB-LOC-E0EBF98483A4","","LB-GOV-NLB","LB-DIST-60A64BA694F5","","Btaaboura","","","","","","","","","fuzzy-suggestion","","0","unresolved","none","","","No authoritative Arabic source with stable identity or exact hierarchy/name match"
"LB-XW-3C2BC1AAC4A9","LB-LOC-9F0FF80E051A","LB-LOC-9F0FF80E051A","","LB-GOV-NLB","LB-DIST-60A64BA694F5","","Bteram-KR","","","","","","","","","fuzzy-suggestion","","0","unresolved","none","","","No authoritative Arabic source with stable identity or exact hierarchy/name match"
"LB-XW-A46AB190C299","LB-LOC-25BD97CD0DCB","LB-LOC-25BD97CD0DCB","","LB-GOV-NLB","LB-DIST-60A64BA694F5","","Btermaz","","","","","","","","","fuzzy-suggestion","","0","unresolved","none","","","No authoritative Arabic source with stable identity or exact hierarchy/name match"
"LB-XW-4BE092DE55FB","LB-LOC-20849185C9E8","LB-LOC-20849185C9E8","","LB-GOV-NLB","LB-DIST-60A64BA694F5","","Chekka","","","","","","","","","fuzzy-suggestion","","0","unresolved","none","","","No authoritative Arabic source with stable identity or exact hierarchy/name match"
"LB-XW-DA90A7A06DAC","LB-LOC-D3B02C1381F3","LB-LOC-D3B02C1381F3","","LB-GOV-NLB","LB-DIST-60A64BA694F5","","Dar_Baachtar-KR","","","","","","","","","fuzzy-suggestion","","0","unresolved","none","","","No authoritative Arabic source with stable identity or exact hierarchy/name match"
"LB-XW-8AD534D54F73","LB-LOC-0B99154DDD66","LB-LOC-0B99154DDD66","","LB-GOV-NLB","LB-DIST-60A64BA694F5","","Deddeh","","","","","","","","","fuzzy-suggestion","","0","unresolved","none","","","No authoritative Arabic source with stable identity or exact hierarchy/name match"
"LB-XW-FC7896E9373A","LB-LOC-DAE130E5BAEB","LB-LOC-DAE130E5BAEB","","LB-GOV-NLB","LB-DIST-60A64BA694F5","","Deir_Billa","","","","","","","","","fuzzy-suggestion","","0","unresolved","none","","","No authoritative Arabic source with stable identity or exact hierarchy/name match"
"LB-XW-D4018BB06896","LB-LOC-D65558A84D02","LB-LOC-D65558A84D02","","LB-GOV-NLB","LB-DIST-60A64BA694F5","","Fih-KR","","","","","","","","","fuzzy-suggestion","","0","unresolved","none","","","No authoritative Arabic source with stable identity or exact hierarchy/name match"
"LB-XW-CB3D1F04635C","LB-LOC-BF3005D7FCFB","LB-LOC-BF3005D7FCFB","","LB-GOV-NLB","LB-DIST-60A64BA694F5","","Halba_el-Koura","","","","","","","","","fuzzy-suggestion","","0","unresolved","none","","","No authoritative Arabic source with stable identity or exact hierarchy/name match"
"LB-XW-5E2549C7A25B","LB-LOC-7D2ACB6628D2","LB-LOC-7D2ACB6628D2","","LB-GOV-NLB","LB-DIST-60A64BA694F5","","Harissa-KR","","","","","","","","","fuzzy-suggestion","","0","unresolved","none","","","No authoritative Arabic source with stable identity or exact hierarchy/name match"
"LB-XW-7B381DDC7C64","LB-LOC-0D2BFFDF4C34","LB-LOC-0D2BFFDF4C34","","LB-GOV-NLB","LB-DIST-60A64BA694F5","","Ijdabra","","","","","","","","","fuzzy-suggestion","","0","unresolved","none","","","No authoritative Arabic source with stable identity or exact hierarchy/name match"
"LB-XW-BA8A68804DA1","LB-LOC-B36FCEDCC7F7","LB-LOC-B36FCEDCC7F7","","LB-GOV-NLB","LB-DIST-60A64BA694F5","","Kelhat","","","","","","","","","fuzzy-suggestion","","0","unresolved","none","","","No authoritative Arabic source with stable identity or exact hierarchy/name match"
"LB-XW-F958DDE0FBEC","LB-LOC-05AE50070020","LB-LOC-05AE50070020","","LB-GOV-NLB","LB-DIST-60A64BA694F5","","Kelhat_el-Aalya","","","","","","","","","fuzzy-suggestion","","0","unresolved","none","","","No authoritative Arabic source with stable identity or exact hierarchy/name match"
"LB-XW-8EB556E9EF14","LB-LOC-28F1831158EE","LB-LOC-28F1831158EE","","LB-GOV-NLB","LB-DIST-60A64BA694F5","","Kfar_Abida-KR","","","","","","","","","fuzzy-suggestion","","0","unresolved","none","","","No authoritative Arabic source with stable identity or exact hierarchy/name match"
"LB-XW-2D1941B07E3F","LB-LOC-5FADE3A379B5","LB-LOC-5FADE3A379B5","","LB-GOV-NLB","LB-DIST-60A64BA694F5","","Kfar_Aqqa","","","","","","","","","fuzzy-suggestion","","0","unresolved","none","","","No authoritative Arabic source with stable identity or exact hierarchy/name match"
"LB-XW-EDEA645691F8","LB-LOC-A7B673B5956B","LB-LOC-A7B673B5956B","","LB-GOV-NLB","LB-DIST-60A64BA694F5","","Kfar_Halda_el-Kouraniye","","","","","","","","","fuzzy-suggestion","","0","unresolved","none","","","No authoritative Arabic source with stable identity or exact hierarchy/name match"
"LB-XW-1688DB351CA9","LB-LOC-95F52C9DE85E","LB-LOC-95F52C9DE85E","","LB-GOV-NLB","LB-DIST-60A64BA694F5","","Kfar_Hata","","","","","","","","","fuzzy-suggestion","","0","unresolved","none","","","No authoritative Arabic source with stable identity or exact hierarchy/name match"
"LB-XW-4A3A4C98937B","LB-LOC-E1A71A9F2936","LB-LOC-E1A71A9F2936","","LB-GOV-NLB","LB-DIST-60A64BA694F5","","Kfar_Hazir","","","","","","","","","fuzzy-suggestion","","0","unresolved","none","","","No authoritative Arabic source with stable identity or exact hierarchy/name match"
"LB-XW-F816D5FEDFA2","LB-LOC-D16985C710F9","LB-LOC-D16985C710F9","","LB-GOV-NLB","LB-DIST-60A64BA694F5","","Kfar_Hazir_el-Aala","","","","","","","","","fuzzy-suggestion","","0","unresolved","none","","","No authoritative Arabic source with stable identity or exact hierarchy/name match"
"LB-XW-A814E9443754","LB-LOC-44C0E3A02D44","LB-LOC-44C0E3A02D44","","LB-GOV-NLB","LB-DIST-60A64BA694F5","","Kfar_Saroun","","","","","","","","","fuzzy-suggestion","","0","unresolved","none","","","No authoritative Arabic source with stable identity or exact hierarchy/name match"
"LB-XW-1058CA0F4E04","LB-LOC-C995B6F6FD06","LB-LOC-C995B6F6FD06","","LB-GOV-NLB","LB-DIST-60A64BA694F5","","Kousba","","","","","","","","","fuzzy-suggestion","","0","unresolved","none","","","No authoritative Arabic source with stable identity or exact hierarchy/name match"
"LB-XW-8D5FFC76D8D1","LB-LOC-B9828D01BA1D","LB-LOC-B9828D01BA1D","","LB-GOV-NLB","LB-DIST-60A64BA694F5","","Kousba_el-Aala","","","","","","","","","fuzzy-suggestion","","0","unresolved","none","","","No authoritative Arabic source with stable identity or exact hierarchy/name match"
"LB-XW-61342F4D9B9D","LB-LOC-0802618D0D7B","LB-LOC-0802618D0D7B","","LB-GOV-NLB","LB-DIST-60A64BA694F5","","Majdala-KR","","","","","","","","","fuzzy-suggestion","","0","unresolved","none","","","No authoritative Arabic source with stable identity or exact hierarchy/name match"
"LB-XW-B6AF904FC314","LB-LOC-CD39165A19C7","LB-LOC-CD39165A19C7","","LB-GOV-NLB","LB-DIST-60A64BA694F5","","Majdalouna-KR","","","","","","","","","fuzzy-suggestion","","0","unresolved","none","","","No authoritative Arabic source with stable identity or exact hierarchy/name match"
"LB-XW-90B43D852AC2","LB-LOC-CA5B8859D4D5","LB-LOC-CA5B8859D4D5","","LB-GOV-NLB","LB-DIST-60A64BA694F5","","Mayfouq","","","","","","","","","fuzzy-suggestion","","0","unresolved","none","","","No authoritative Arabic source with stable identity or exact hierarchy/name match"
"LB-XW-5556A160548C","LB-LOC-8C4301F944C7","LB-LOC-8C4301F944C7","","LB-GOV-NLB","LB-DIST-60A64BA694F5","","Nahel","","","","","","","","","fuzzy-suggestion","","0","unresolved","none","","","No authoritative Arabic source with stable identity or exact hierarchy/name match"
"LB-XW-709FF8CC9EBB","LB-LOC-40AA1E76D7AD","LB-LOC-40AA1E76D7AD","","LB-GOV-NLB","LB-DIST-60A64BA694F5","","Qelhat","","","","","","","","","fuzzy-suggestion","","0","unresolved","none","","","No authoritative Arabic source with stable identity or exact hierarchy/name match"
"LB-XW-4BF382D6969B","LB-LOC-AE0D2C2CFD09","LB-LOC-AE0D2C2CFD09","","LB-GOV-NLB","LB-DIST-60A64BA694F5","","Ras_Masqa-KR","","","","","","","","","fuzzy-suggestion","","0","unresolved","none","","","No authoritative Arabic source with stable identity or exact hierarchy/name match"
"LB-XW-C95DB4856E2D","LB-LOC-111388D320F3","LB-LOC-111388D320F3","","LB-GOV-NLB","LB-DIST-60A64BA694F5","","Zaghrine-KR","","","","","","","","","fuzzy-suggestion","","0","unresolved","none","","","No authoritative Arabic source with stable identity or exact hierarchy/name match"
"LB-XW-2F5DE85B1022","LB-LOC-534FBC436982","LB-LOC-534FBC436982","","LB-GOV-NLB","LB-DIST-60A64BA694F5","","Zahriye_el-Koura","","","","","","","","","fuzzy-suggestion","","0","unresolved","none","","","No authoritative Arabic source with stable identity or exact hierarchy/name match"
"LB-XW-F28A1731426D","LB-LOC-71611EFC1C0F","LB-LOC-71611EFC1C0F","","LB-GOV-NLB","LB-DIST-DF469A1CB1EC","","Aassoun","","","","","","","","","fuzzy-suggestion","","0","unresolved","none","","","No authoritative Arabic source with stable identity or exact hierarchy/name match"
"LB-XW-46142E486950","LB-LOC-2AF910353280","LB-LOC-2AF910353280","","LB-GOV-NLB","LB-DIST-DF469A1CB1EC","","Afqa-MD","","","","","","","","","fuzzy-suggestion","","0","unresolved","none","","","No authoritative Arabic source with stable identity or exact hierarchy/name match"
"LB-XW-884DB38E8170","LB-LOC-1801314368C3","LB-LOC-1801314368C3","","LB-GOV-NLB","LB-DIST-DF469A1CB1EC","","Aimar","","","","","","","","","fuzzy-suggestion","","0","unresolved","none","","","No authoritative Arabic source with stable identity or exact hierarchy/name match"
"LB-XW-F01D00F737A6","LB-LOC-1396050BC204","LB-LOC-1396050BC204","","LB-GOV-NLB","LB-DIST-DF469A1CB1EC","","Ain_et-Tineh-MD","","","","","","","","","fuzzy-suggestion","","0","unresolved","none","","","No authoritative Arabic source with stable identity or exact hierarchy/name match"
"LB-XW-9A33DE02AF56","LB-LOC-EC8C1901FE75","LB-LOC-EC8C1901FE75","","LB-GOV-NLB","LB-DIST-DF469A1CB1EC","","Aito","","","","","","","","","fuzzy-suggestion","","0","unresolved","none","","","No authoritative Arabic source with stable identity or exact hierarchy/name match"
"LB-XW-2EBE38750D34","LB-LOC-E456C43A30F0","LB-LOC-E456C43A30F0","","LB-GOV-NLB","LB-DIST-DF469A1CB1EC","","Asmout","","","","","","","","","fuzzy-suggestion","","0","unresolved","none","","","No authoritative Arabic source with stable identity or exact hierarchy/name match"
"LB-XW-3845FB2C01F0","LB-LOC-D4FAE35183A9","LB-LOC-D4FAE35183A9","","LB-GOV-NLB","LB-DIST-DF469A1CB1EC","","Asnoun","","","","","","","","","fuzzy-suggestion","","0","unresolved","none","","","No authoritative Arabic source with stable identity or exact hierarchy/name match"
"LB-XW-F2BBD65EDCB1","LB-LOC-055CE5A8264C","LB-LOC-055CE5A8264C","","LB-GOV-NLB","LB-DIST-DF469A1CB1EC","","Bakhoun","","","","","","","","","fuzzy-suggestion","","0","unresolved","none","","","No authoritative Arabic source with stable identity or exact hierarchy/name match"
"LB-XW-21B099798F47","LB-LOC-1D1C5BA15009","LB-LOC-1D1C5BA15009","","LB-GOV-NLB","LB-DIST-DF469A1CB1EC","","Bakhoun_el-Aalya","","","","","","","","","fuzzy-suggestion","","0","unresolved","none","","","No authoritative Arabic source with stable identity or exact hierarchy/name match"
"LB-XW-4F2904949A29","LB-LOC-BA5C6A160BA9","LB-LOC-BA5C6A160BA9","","LB-GOV-NLB","LB-DIST-DF469A1CB1EC","","Bchennine-MD","","","","","","","","","fuzzy-suggestion","","0","unresolved","none","","","No authoritative Arabic source with stable identity or exact hierarchy/name match"
"LB-XW-86E25247ADDC","LB-LOC-458166CFA96F","LB-LOC-458166CFA96F","","LB-GOV-NLB","LB-DIST-DF469A1CB1EC","","Bedbhoun","","","","","","","","","fuzzy-suggestion","","0","unresolved","none","","","No authoritative Arabic source with stable identity or exact hierarchy/name match"
"LB-XW-5BDC4F111E91","LB-LOC-0612EB479516","LB-LOC-0612EB479516","","LB-GOV-NLB","LB-DIST-DF469A1CB1EC","","Beit_Awkar","","","","","","","","","fuzzy-suggestion","","0","unresolved","none","","","No authoritative Arabic source with stable identity or exact hierarchy/name match"
"LB-XW-38FE65F4C43B","LB-LOC-3F8A4B24BB09","LB-LOC-3F8A4B24BB09","","LB-GOV-NLB","LB-DIST-DF469A1CB1EC","","Beit_el-Faqs","","","","","","","","","fuzzy-suggestion","","0","unresolved","none","","","No authoritative Arabic source with stable identity or exact hierarchy/name match"
"LB-XW-196E01FAEAD9","LB-LOC-7D7142FAE410","LB-LOC-7D7142FAE410","","LB-GOV-NLB","LB-DIST-DF469A1CB1EC","","Beit_el-Faqs_el-Aala","","","","","","","","","fuzzy-suggestion","","0","unresolved","none","","","No authoritative Arabic source with stable identity or exact hierarchy/name match"
"LB-XW-1B0CCE3904C2","LB-LOC-850C6AD1D69D","LB-LOC-850C6AD1D69D","","LB-GOV-NLB","LB-DIST-DF469A1CB1EC","","Beit_el-Maqdess","","","","","","","","","fuzzy-suggestion","","0","unresolved","none","","","No authoritative Arabic source with stable identity or exact hierarchy/name match"
"LB-XW-70FE5265A70D","LB-LOC-B28FA3743BE6","LB-LOC-B28FA3743BE6","","LB-GOV-NLB","LB-DIST-DF469A1CB1EC","","Bhanine","","","","","","","","","fuzzy-suggestion","","0","unresolved","none","","","No authoritative Arabic source with stable identity or exact hierarchy/name match"
"LB-XW-667323AF1D42","LB-LOC-57D00ACE9A7F","LB-LOC-57D00ACE9A7F","","LB-GOV-NLB","LB-DIST-DF469A1CB1EC","","Bhwayta","","","","","","","","","fuzzy-suggestion","","0","unresolved","none","","","No authoritative Arabic source with stable identity or exact hierarchy/name match"
"LB-XW-44A7B6A94285","LB-LOC-0BDDF6E7930F","LB-LOC-0BDDF6E7930F","","LB-GOV-NLB","LB-DIST-DF469A1CB1EC","","Bqaa_Aajnaniya","","","","","","","","","fuzzy-suggestion","","0","unresolved","none","","","No authoritative Arabic source with stable identity or exact hierarchy/name match"
"LB-XW-1AA25E1F4DCA","LB-LOC-EAD6FB33302B","LB-LOC-EAD6FB33302B","","LB-GOV-NLB","LB-DIST-DF469A1CB1EC","","Bqaa_Safrine","","","","","","","","","fuzzy-suggestion","","0","unresolved","none","","","No authoritative Arabic source with stable identity or exact hierarchy/name match"
"LB-XW-69A06DCFF761","LB-LOC-32825CEB0C90","LB-LOC-32825CEB0C90","","LB-GOV-NLB","LB-DIST-DF469A1CB1EC","","Bqaa_Safrine_el-Aala","","","","","","","","","fuzzy-suggestion","","0","unresolved","none","","","No authoritative Arabic source with stable identity or exact hierarchy/name match"
"LB-XW-5A32C5287430","LB-LOC-24857DA83289","LB-LOC-24857DA83289","","LB-GOV-NLB","LB-DIST-DF469A1CB1EC","","Bqarzla","","","","","","","","","fuzzy-suggestion","","0","unresolved","none","","","No authoritative Arabic source with stable identity or exact hierarchy/name match"
"LB-XW-B76617AFEB5C","LB-LOC-794F9510438D","LB-LOC-794F9510438D","","LB-GOV-NLB","LB-DIST-DF469A1CB1EC","","Bteram","","","","","","","","","fuzzy-suggestion","","0","unresolved","none","","","No authoritative Arabic source with stable identity or exact hierarchy/name match"
"LB-XW-7E7F829A1B62","LB-LOC-02702866C8FA","LB-LOC-02702866C8FA","","LB-GOV-NLB","LB-DIST-DF469A1CB1EC","","Btermaz-MD","","","","","","","","","fuzzy-suggestion","","0","unresolved","none","","","No authoritative Arabic source with stable identity or exact hierarchy/name match"
"LB-XW-8B81AC8BF57D","LB-LOC-1AE08584226E","LB-LOC-1AE08584226E","","LB-GOV-NLB","LB-DIST-DF469A1CB1EC","","Byada","","","","","","","","","fuzzy-suggestion","","0","unresolved","none","","","No authoritative Arabic source with stable identity or exact hierarchy/name match"
"LB-XW-C072DFB87A2E","LB-LOC-B7FB5E30D516","LB-LOC-B7FB5E30D516","","LB-GOV-NLB","LB-DIST-DF469A1CB1EC","","Bzaoun","","","","","","","","","fuzzy-suggestion","","0","unresolved","none","","","No authoritative Arabic source with stable identity or exact hierarchy/name match"
"LB-XW-E36357ACB91F","LB-LOC-38939270F935","LB-LOC-38939270F935","","LB-GOV-NLB","LB-DIST-DF469A1CB1EC","","Dbaal","","","","","","","","","fuzzy-suggestion","","0","unresolved","none","","","No authoritative Arabic source with stable identity or exact hierarchy/name match"
"LB-XW-3C5F8EAFA7E8","LB-LOC-67D08AC11AF7","LB-LOC-67D08AC11AF7","","LB-GOV-NLB","LB-DIST-DF469A1CB1EC","","Deir_Ammar","","","","","","","","","fuzzy-suggestion","","0","unresolved","none","","","No authoritative Arabic source with stable identity or exact hierarchy/name match"
"LB-XW-CD5589533B5C","LB-LOC-B0E52BB8FC92","LB-LOC-B0E52BB8FC92","","LB-GOV-NLB","LB-DIST-DF469A1CB1EC","","Deir_Ammar_el-Aala","","","","","","","","","fuzzy-suggestion","","0","unresolved","none","","","No authoritative Arabic source with stable identity or exact hierarchy/name match"
"LB-XW-3EBA7ACCED6D","LB-LOC-AD1DE3476829","LB-LOC-AD1DE3476829","","LB-GOV-NLB","LB-DIST-DF469A1CB1EC","","Dinniyeh","","","","","","","","","fuzzy-suggestion","","0","unresolved","none","","","No authoritative Arabic source with stable identity or exact hierarchy/name match"
"LB-XW-5DD8D4B28BBB","LB-LOC-4D19535AC26D","LB-LOC-4D19535AC26D","","LB-GOV-NLB","LB-DIST-DF469A1CB1EC","","El_Mrah","","","","","","","","","fuzzy-suggestion","","0","unresolved","none","","","No authoritative Arabic source with stable identity or exact hierarchy/name match"
"LB-XW-F2D05FC2887A","LB-LOC-6A4CB8101A2A","LB-LOC-6A4CB8101A2A","","LB-GOV-NLB","LB-DIST-DF469A1CB1EC","","Haql_el-Alam-MD","","","","","","","","","fuzzy-suggestion","","0","unresolved","none","","","No authoritative Arabic source with stable identity or exact hierarchy/name match"
"LB-XW-A503F974F456","LB-LOC-8DA01C63E1F9","LB-LOC-8DA01C63E1F9","","LB-GOV-NLB","LB-DIST-DF469A1CB1EC","","Haql_el-Azimeh","","","","","","","","","fuzzy-suggestion","","0","unresolved","none","","","No authoritative Arabic source with stable identity or exact hierarchy/name match"
"LB-XW-7C03C9965F2E","LB-LOC-7762A5DD8035","LB-LOC-7762A5DD8035","","LB-GOV-NLB","LB-DIST-DF469A1CB1EC","","Harf_Siyad","","","","","","","","","fuzzy-suggestion","","0","unresolved","none","","","No authoritative Arabic source with stable identity or exact hierarchy/name match"
"LB-XW-80044219F9F9","LB-LOC-42592D009E69","LB-LOC-42592D009E69","","LB-GOV-NLB","LB-DIST-DF469A1CB1EC","","Hawawra","","","","","","","","","fuzzy-suggestion","","0","unresolved","none","","","No authoritative Arabic source with stable identity or exact hierarchy/name match"
"LB-XW-E71852792DFE","LB-LOC-8124A76E7021","LB-LOC-8124A76E7021","","LB-GOV-NLB","LB-DIST-DF469A1CB1EC","","Hazmieh-MD","","","","","","","","","fuzzy-suggestion","","0","unresolved","none","","","No authoritative Arabic source with stable identity or exact hierarchy/name match"
"LB-XW-74FADD4DC672","LB-LOC-E070B7D89649","LB-LOC-E070B7D89649","","LB-GOV-NLB","LB-DIST-DF469A1CB1EC","","Ijbaa","","","","","","","","","fuzzy-suggestion","","0","unresolved","none","","","No authoritative Arabic source with stable identity or exact hierarchy/name match"
"LB-XW-C181507CCCC6","LB-LOC-A3B5E7D0D97C","LB-LOC-A3B5E7D0D97C","","LB-GOV-NLB","LB-DIST-DF469A1CB1EC","","Izal","","","","","","","","","fuzzy-suggestion","","0","unresolved","none","","","No authoritative Arabic source with stable identity or exact hierarchy/name match"
"LB-XW-8F3FC9B57BB4","LB-LOC-80EF367B93C7","LB-LOC-80EF367B93C7","","LB-GOV-NLB","LB-DIST-DF469A1CB1EC","","Jisr_el-Minieh","","","","","","","","","fuzzy-suggestion","","0","unresolved","none","","","No authoritative Arabic source with stable identity or exact hierarchy/name match"
"LB-XW-D21751A14BD7","LB-LOC-F4A6A1D594DF","LB-LOC-F4A6A1D594DF","","LB-GOV-NLB","LB-DIST-DF469A1CB1EC","","Kahf_el-Moulouk","","","","","","","","","fuzzy-suggestion","","0","unresolved","none","","","No authoritative Arabic source with stable identity or exact hierarchy/name match"
"LB-XW-D2E3B229D483","LB-LOC-FBD2C534EBA8","LB-LOC-FBD2C534EBA8","","LB-GOV-NLB","LB-DIST-DF469A1CB1EC","","Karm_el-Mohr","","","","","","","","","fuzzy-suggestion","","0","unresolved","none","","","No authoritative Arabic source with stable identity or exact hierarchy/name match"
"LB-XW-DB2BFA0E6D3E","LB-LOC-F816E714D17B","LB-LOC-F816E714D17B","","LB-GOV-NLB","LB-DIST-DF469A1CB1EC","","Kfar_Abida","","","","","","","","","fuzzy-suggestion","","0","unresolved","none","","","No authoritative Arabic source with stable identity or exact hierarchy/name match"
"LB-XW-4067D74A9882","LB-LOC-662CADCF21E5","LB-LOC-662CADCF21E5","","LB-GOV-NLB","LB-DIST-DF469A1CB1EC","","Kfar_Chellane","","","","","","","","","fuzzy-suggestion","","0","unresolved","none","","","No authoritative Arabic source with stable identity or exact hierarchy/name match"
"LB-XW-4B8B17CA0031","LB-LOC-A0A7ACAC1CFD","LB-LOC-A0A7ACAC1CFD","","LB-GOV-NLB","LB-DIST-DF469A1CB1EC","","Kfar_Dlaqous-MD","","","","","","","","","fuzzy-suggestion","","0","unresolved","none","","","No authoritative Arabic source with stable identity or exact hierarchy/name match"
"LB-XW-FC60647C25B4","LB-LOC-E5A08B75D742","LB-LOC-E5A08B75D742","","LB-GOV-NLB","LB-DIST-DF469A1CB1EC","","Kfar_Habo","","","","","","","","","fuzzy-suggestion","","0","unresolved","none","","","No authoritative Arabic source with stable identity or exact hierarchy/name match"
"LB-XW-1BA4BB1ABA06","LB-LOC-442E69161EF9","LB-LOC-442E69161EF9","","LB-GOV-NLB","LB-DIST-DF469A1CB1EC","","Kfar_Habou","","","","","","","","","fuzzy-suggestion","","0","unresolved","none","","","No authoritative Arabic source with stable identity or exact hierarchy/name match"
"LB-XW-10D437A34AE0","LB-LOC-6C1D1E946C75","LB-LOC-6C1D1E946C75","","LB-GOV-NLB","LB-DIST-DF469A1CB1EC","","Kfar_Habou_el-Aala","","","","","","","","","fuzzy-suggestion","","0","unresolved","none","","","No authoritative Arabic source with stable identity or exact hierarchy/name match"
"LB-XW-8EAB10C97FB3","LB-LOC-482763580E46","LB-LOC-482763580E46","","LB-GOV-NLB","LB-DIST-DF469A1CB1EC","","Kfray","","","","","","","","","fuzzy-suggestion","","0","unresolved","none","","","No authoritative Arabic source with stable identity or exact hierarchy/name match"
"LB-XW-8BF31EF66F8D","LB-LOC-89ADDD5223C4","LB-LOC-89ADDD5223C4","","LB-GOV-NLB","LB-DIST-DF469A1CB1EC","","Mar_Semaan-MD","","","","","","","","","fuzzy-suggestion","","0","unresolved","none","","","No authoritative Arabic source with stable identity or exact hierarchy/name match"
"LB-XW-99990F51C58B","LB-LOC-C23CEFE7C386","LB-LOC-C23CEFE7C386","","LB-GOV-NLB","LB-DIST-DF469A1CB1EC","","Maryata","","","","","","","","","fuzzy-suggestion","","0","unresolved","none","","","No authoritative Arabic source with stable identity or exact hierarchy/name match"
"LB-XW-6702D6424B61","LB-LOC-B2E983C94822","LB-LOC-B2E983C94822","","LB-GOV-NLB","LB-DIST-DF469A1CB1EC","","Mays_el-Jabal-MD","","","","","","","","","fuzzy-suggestion","","0","unresolved","none","","","No authoritative Arabic source with stable identity or exact hierarchy/name match"
"LB-XW-43B98A30A839","LB-LOC-00ECEF50D5B3","LB-LOC-00ECEF50D5B3","","LB-GOV-NLB","LB-DIST-DF469A1CB1EC","","Mazraat_Balda-MD","","","","","","","","","fuzzy-suggestion","","0","unresolved","none","","","No authoritative Arabic source with stable identity or exact hierarchy/name match"
"LB-XW-ADA7FDF96E3E","LB-LOC-97DE94EFE263","LB-LOC-97DE94EFE263","","LB-GOV-NLB","LB-DIST-DF469A1CB1EC","","Mazraat_Beit_Jaafar","","","","","","","","","fuzzy-suggestion","","0","unresolved","none","","","No authoritative Arabic source with stable identity or exact hierarchy/name match"
"LB-XW-F5546A644D93","LB-LOC-186D61C59A26","LB-LOC-186D61C59A26","","LB-GOV-NLB","LB-DIST-DF469A1CB1EC","","Minieh","","","","","","","","","fuzzy-suggestion","","0","unresolved","none","","","No authoritative Arabic source with stable identity or exact hierarchy/name match"
"LB-XW-53F5517BFE26","LB-LOC-C32C109C8E38","LB-LOC-C32C109C8E38","","LB-GOV-NLB","LB-DIST-DF469A1CB1EC","","Minieh_el-Qadimeh","","","","","","","","","fuzzy-suggestion","","0","unresolved","none","","","No authoritative Arabic source with stable identity or exact hierarchy/name match"
"LB-XW-3DB58540066B","LB-LOC-72E8DBB17E65","LB-LOC-72E8DBB17E65","","LB-GOV-NLB","LB-DIST-DF469A1CB1EC","","Minieh_es-Sahel","","","","","","","","","fuzzy-suggestion","","0","unresolved","none","","","No authoritative Arabic source with stable identity or exact hierarchy/name match"
"LB-XW-24E73F061065","LB-LOC-9C2FB0A86EA7","LB-LOC-9C2FB0A86EA7","","LB-GOV-NLB","LB-DIST-DF469A1CB1EC","","Mouhammara","","","","","","","","","fuzzy-suggestion","","0","unresolved","none","","","No authoritative Arabic source with stable identity or exact hierarchy/name match"
"LB-XW-FB5708E5D283","LB-LOC-1AB99817D901","LB-LOC-1AB99817D901","","LB-GOV-NLB","LB-DIST-DF469A1CB1EC","","Mouhammara_ej-Janoubiye","","","","","","","","","fuzzy-suggestion","","0","unresolved","none","","","No authoritative Arabic source with stable identity or exact hierarchy/name match"
"LB-XW-14200C1FFDA9","LB-LOC-D8082B80176D","LB-LOC-D8082B80176D","","LB-GOV-NLB","LB-DIST-DF469A1CB1EC","","Mrah_es-Sraj","","","","","","","","","fuzzy-suggestion","","0","unresolved","none","","","No authoritative Arabic source with stable identity or exact hierarchy/name match"
"LB-XW-71412FFD94FF","LB-LOC-522DEC94081D","LB-LOC-522DEC94081D","","LB-GOV-NLB","LB-DIST-DF469A1CB1EC","","Mrah_ez-Ziyat-MD","","","","","","","","","fuzzy-suggestion","","0","unresolved","none","","","No authoritative Arabic source with stable identity or exact hierarchy/name match"
"LB-XW-E176A40223BD","LB-LOC-F1A99A0404E9","LB-LOC-F1A99A0404E9","","LB-GOV-NLB","LB-DIST-DF469A1CB1EC","","Nbaat_es-Safa","","","","","","","","","fuzzy-suggestion","","0","unresolved","none","","","No authoritative Arabic source with stable identity or exact hierarchy/name match"
"LB-XW-70B7FBC41BA7","LB-LOC-8A43B29884F0","LB-LOC-8A43B29884F0","","LB-GOV-NLB","LB-DIST-DF469A1CB1EC","","Nemmoura","","","","","","","","","fuzzy-suggestion","","0","unresolved","none","","","No authoritative Arabic source with stable identity or exact hierarchy/name match"
"LB-XW-5644102103F1","LB-LOC-C71A69255E95","LB-LOC-C71A69255E95","","LB-GOV-NLB","LB-DIST-DF469A1CB1EC","","Nemrine","","","","","","","","","fuzzy-suggestion","","0","unresolved","none","","","No authoritative Arabic source with stable identity or exact hierarchy/name match"
"LB-XW-828D717D4314","LB-LOC-19B9C973ED96","LB-LOC-19B9C973ED96","","LB-GOV-NLB","LB-DIST-DF469A1CB1EC","","Qarn_es-Sindyaneh","","","","","","","","","fuzzy-suggestion","","0","unresolved","none","","","No authoritative Arabic source with stable identity or exact hierarchy/name match"
"LB-XW-F96321CA27E2","LB-LOC-A580022364F4","LB-LOC-A580022364F4","","LB-GOV-NLB","LB-DIST-DF469A1CB1EC","","Qorsayfeh","","","","","","","","","fuzzy-suggestion","","0","unresolved","none","","","No authoritative Arabic source with stable identity or exact hierarchy/name match"
"LB-XW-209CAB968843","LB-LOC-1DC9A00D92FF","LB-LOC-1DC9A00D92FF","","LB-GOV-NLB","LB-DIST-DF469A1CB1EC","","Rawdha","","","","","","","","","fuzzy-suggestion","","0","unresolved","none","","","No authoritative Arabic source with stable identity or exact hierarchy/name match"
"LB-XW-84029E14E8F9","LB-LOC-CBEE069755D6","LB-LOC-CBEE069755D6","","LB-GOV-NLB","LB-DIST-DF469A1CB1EC","","Safinet_ed-Drayb","","","","","","","","","fuzzy-suggestion","","0","unresolved","none","","","No authoritative Arabic source with stable identity or exact hierarchy/name match"
"LB-XW-D726B8F94740","LB-LOC-161E51852B02","LB-LOC-161E51852B02","","LB-GOV-NLB","LB-DIST-DF469A1CB1EC","","Sir_Ed-Dinniyeh","","","","","","","","","fuzzy-suggestion","","0","unresolved","none","","","No authoritative Arabic source with stable identity or exact hierarchy/name match"
"LB-XW-580C54B8FE4F","LB-LOC-67B398E449E3","LB-LOC-67B398E449E3","","LB-GOV-NLB","LB-DIST-DF469A1CB1EC","","Taran","","","","","","","","","fuzzy-suggestion","","0","unresolved","none","","","No authoritative Arabic source with stable identity or exact hierarchy/name match"
"LB-XW-A12D7C0E348D","LB-LOC-322FE139E53F","LB-LOC-322FE139E53F","","LB-GOV-NLB","LB-DIST-DF469A1CB1EC","","Terbol-MD","","","","","","","","","fuzzy-suggestion","","0","unresolved","none","","","No authoritative Arabic source with stable identity or exact hierarchy/name match"
"LB-XW-47272EEB8FB1","LB-LOC-DDE8A415DA0A","LB-LOC-DDE8A415DA0A","","LB-GOV-NLB","LB-DIST-DF469A1CB1EC","","Terbol_ed-Dinniyeh","","","","","","","","","fuzzy-suggestion","","0","unresolved","none","","","No authoritative Arabic source with stable identity or exact hierarchy/name match"
"LB-XW-01E3BE8CB248","LB-LOC-C37D5792F739","LB-LOC-C37D5792F739","","LB-GOV-NLB","LB-DIST-DF469A1CB1EC","","Zghortaghrine","","","","","","","","","fuzzy-suggestion","","0","unresolved","none","","","No authoritative Arabic source with stable identity or exact hierarchy/name match"
"LB-XW-726F69165DA1","LB-LOC-913BC32591AD","LB-LOC-913BC32591AD","","LB-GOV-NLB","LB-DIST-8FCD230CB5F9","","Abi_Samra","","","","","","","","","fuzzy-suggestion","","0","unresolved","none","","","No authoritative Arabic source with stable identity or exact hierarchy/name match"
"LB-XW-88E2DFE83B21","LB-LOC-8DF43008BC0D","LB-LOC-8DF43008BC0D","","LB-GOV-NLB","LB-DIST-8FCD230CB5F9","","Bab_el-Tebbaneh","","","","","","","","","fuzzy-suggestion","","0","unresolved","none","","","No authoritative Arabic source with stable identity or exact hierarchy/name match"
"LB-XW-FD4708F7A53B","LB-LOC-3D198A2F90DA","LB-LOC-3D198A2F90DA","","LB-GOV-NLB","LB-DIST-8FCD230CB5F9","","Beddawi","","","","","","","","","fuzzy-suggestion","","0","unresolved","none","","","No authoritative Arabic source with stable identity or exact hierarchy/name match"
"LB-XW-44749241F21D","LB-LOC-EC6CE376F6D1","LB-LOC-EC6CE376F6D1","","LB-GOV-NLB","LB-DIST-8FCD230CB5F9","","Debbiyeh-TR","","","","","","","","","fuzzy-suggestion","","0","unresolved","none","","","No authoritative Arabic source with stable identity or exact hierarchy/name match"
"LB-XW-57A5617DC44C","LB-LOC-4EF6B4755117","LB-LOC-4EF6B4755117","","LB-GOV-NLB","LB-DIST-8FCD230CB5F9","","Dhahr_el-Ain","","","","","","","","","fuzzy-suggestion","","0","unresolved","none","","","No authoritative Arabic source with stable identity or exact hierarchy/name match"
"LB-XW-7CF593B0650C","LB-LOC-EF078DBE927A","LB-LOC-EF078DBE927A","","LB-GOV-NLB","LB-DIST-8FCD230CB5F9","","El_Mina","","","","","","","","","fuzzy-suggestion","","0","unresolved","none","","","No authoritative Arabic source with stable identity or exact hierarchy/name match"
"LB-XW-1ED3FB134120","LB-LOC-084B5CC4F0AE","LB-LOC-084B5CC4F0AE","","LB-GOV-NLB","LB-DIST-8FCD230CB5F9","","El_Qobbeh","","","","","","","","","fuzzy-suggestion","","0","unresolved","none","","","No authoritative Arabic source with stable identity or exact hierarchy/name match"
"LB-XW-E25ECE082680","LB-LOC-7F63591CA2DB","LB-LOC-7F63591CA2DB","","LB-GOV-NLB","LB-DIST-8FCD230CB5F9","","Koura-TR","","","","","","","","","fuzzy-suggestion","","0","unresolved","none","","","No authoritative Arabic source with stable identity or exact hierarchy/name match"
"LB-XW-87664D074E0B","LB-LOC-8DD8DB2741B0","LB-LOC-8DD8DB2741B0","","LB-GOV-NLB","LB-DIST-8FCD230CB5F9","","Majdaliyya","","","","","","","","","fuzzy-suggestion","","0","unresolved","none","","","No authoritative Arabic source with stable identity or exact hierarchy/name match"
"LB-XW-E40A8EBED367","LB-LOC-678B114CE4A0","LB-LOC-678B114CE4A0","","LB-GOV-NLB","LB-DIST-8FCD230CB5F9","","Qalamoun","","","","","","","","","fuzzy-suggestion","","0","unresolved","none","","","No authoritative Arabic source with stable identity or exact hierarchy/name match"
"LB-XW-FC4BF3DCFBE5","LB-LOC-F644A0487F73","LB-LOC-F644A0487F73","","LB-GOV-NLB","LB-DIST-8FCD230CB5F9","","Ras_Masqa","","","","","","","","","fuzzy-suggestion","","0","unresolved","none","","","No authoritative Arabic source with stable identity or exact hierarchy/name match"
"LB-XW-88F19AC20CE7","LB-LOC-B4E99070E95F","LB-LOC-B4E99070E95F","","LB-GOV-NLB","LB-DIST-8FCD230CB5F9","","Tabbiye","","","","","","","","","fuzzy-suggestion","","0","unresolved","none","","","No authoritative Arabic source with stable identity or exact hierarchy/name match"
"LB-XW-3B6F84EC2CDE","LB-LOC-96D7741CA542","LB-LOC-96D7741CA542","","LB-GOV-NLB","LB-DIST-8FCD230CB5F9","","Tripoli","","","","","","","","","fuzzy-suggestion","","0","unresolved","none","","","No authoritative Arabic source with stable identity or exact hierarchy/name match"
"LB-XW-B382E8437177","LB-LOC-5456D0E5FB4F","LB-LOC-5456D0E5FB4F","","LB-GOV-NLB","LB-DIST-8FCD230CB5F9","","Zahrieh","","","","","","","","","fuzzy-suggestion","","0","unresolved","none","","","No authoritative Arabic source with stable identity or exact hierarchy/name match"
"LB-XW-A327673EC427","LB-LOC-41A74B393313","LB-LOC-41A74B393313","","LB-GOV-NLB","LB-DIST-8FCD230CB5F9","","Zahriye_el-Khaldiye","","","","","","","","","fuzzy-suggestion","","0","unresolved","none","","","No authoritative Arabic source with stable identity or exact hierarchy/name match"
"LB-XW-B025BB7AEB17","LB-LOC-BD6894016941","LB-LOC-BD6894016941","","LB-GOV-NLB","LB-DIST-669AE13DF731","","Achach","","","","","","","","","fuzzy-suggestion","","0","unresolved","none","","","No authoritative Arabic source with stable identity or exact hierarchy/name match"
"LB-XW-A82F7B609EB6","LB-LOC-B6E7156AD360","LB-LOC-B6E7156AD360","","LB-GOV-NLB","LB-DIST-669AE13DF731","","Ain_Ibl-ZG","","","","","","","","","fuzzy-suggestion","","0","unresolved","none","","","No authoritative Arabic source with stable identity or exact hierarchy/name match"
"LB-XW-D1566A53378D","LB-LOC-6105434B063B","LB-LOC-6105434B063B","","LB-GOV-NLB","LB-DIST-669AE13DF731","","Ain_el-Ghar","","","","","","","","","fuzzy-suggestion","","0","unresolved","none","","","No authoritative Arabic source with stable identity or exact hierarchy/name match"
"LB-XW-DBCC9D4287FA","LB-LOC-94CAF5734A77","LB-LOC-94CAF5734A77","","LB-GOV-NLB","LB-DIST-669AE13DF731","","Ain_et-Tineh-ZG","","","","","","","","","fuzzy-suggestion","","0","unresolved","none","","","No authoritative Arabic source with stable identity or exact hierarchy/name match"
"LB-XW-07B53251296F","LB-LOC-6DF756D430D2","LB-LOC-6DF756D430D2","","LB-GOV-NLB","LB-DIST-669AE13DF731","","Aito-ZG","","","","","","","","","fuzzy-suggestion","","0","unresolved","none","","","No authoritative Arabic source with stable identity or exact hierarchy/name match"
"LB-XW-3285C69DCCE2","LB-LOC-57A95141DE62","LB-LOC-57A95141DE62","","LB-GOV-NLB","LB-DIST-669AE13DF731","","Alma-ZG","","","","","","","","","fuzzy-suggestion","","0","unresolved","none","","","No authoritative Arabic source with stable identity or exact hierarchy/name match"
"LB-XW-DF397822A8B1","LB-LOC-5D849B3D06BA","LB-LOC-5D849B3D06BA","","LB-GOV-NLB","LB-DIST-669AE13DF731","","Arde","","","","","","","","","fuzzy-suggestion","","0","unresolved","none","","","No authoritative Arabic source with stable identity or exact hierarchy/name match"
"LB-XW-CF361FA25493","LB-LOC-11403FACE021","LB-LOC-11403FACE021","","LB-GOV-NLB","LB-DIST-669AE13DF731","","Aridha","","","","","","","","","fuzzy-suggestion","","0","unresolved","none","","","No authoritative Arabic source with stable identity or exact hierarchy/name match"
"LB-XW-140A6A4FF5AC","LB-LOC-05AC977B7BF4","LB-LOC-05AC977B7BF4","","LB-GOV-NLB","LB-DIST-669AE13DF731","","Arjes","","","","","","","","","fuzzy-suggestion","","0","unresolved","none","","","No authoritative Arabic source with stable identity or exact hierarchy/name match"
"LB-XW-11637CEDDE5E","LB-LOC-40A5D3436106","LB-LOC-40A5D3436106","","LB-GOV-NLB","LB-DIST-669AE13DF731","","Azqi","","","","","","","","","fuzzy-suggestion","","0","unresolved","none","","","No authoritative Arabic source with stable identity or exact hierarchy/name match"
"LB-XW-19C136B5A2AC","LB-LOC-7247D8DC5004","LB-LOC-7247D8DC5004","","LB-GOV-NLB","LB-DIST-669AE13DF731","","Bchennine","","","","","","","","","fuzzy-suggestion","","0","unresolved","none","","","No authoritative Arabic source with stable identity or exact hierarchy/name match"
"LB-XW-11D6343E13B5","LB-LOC-65F3110D09E4","LB-LOC-65F3110D09E4","","LB-GOV-NLB","LB-DIST-669AE13DF731","","Beit_Awkar-ZG","","","","","","","","","fuzzy-suggestion","","0","unresolved","none","","","No authoritative Arabic source with stable identity or exact hierarchy/name match"
"LB-XW-59952D21CEAC","LB-LOC-9BC1F1C3D107","LB-LOC-9BC1F1C3D107","","LB-GOV-NLB","LB-DIST-669AE13DF731","","Beit_Layf","","","","","","","","","fuzzy-suggestion","","0","unresolved","none","","","No authoritative Arabic source with stable identity or exact hierarchy/name match"
"LB-XW-449041156598","LB-LOC-BBD480345804","LB-LOC-BBD480345804","","LB-GOV-NLB","LB-DIST-669AE13DF731","","Besarma","","","","","","","","","fuzzy-suggestion","","0","unresolved","none","","","No authoritative Arabic source with stable identity or exact hierarchy/name match"
"LB-XW-24A5E9E6CF61","LB-LOC-394E3EEA41D4","LB-LOC-394E3EEA41D4","","LB-GOV-NLB","LB-DIST-669AE13DF731","","Bnachii","","","","","","","","","fuzzy-suggestion","","0","unresolved","none","","","No authoritative Arabic source with stable identity or exact hierarchy/name match"
"LB-XW-72FDC6B1440E","LB-LOC-760AF8949418","LB-LOC-760AF8949418","","LB-GOV-NLB","LB-DIST-669AE13DF731","","Bnqaba","","","","","","","","","fuzzy-suggestion","","0","unresolved","none","","","No authoritative Arabic source with stable identity or exact hierarchy/name match"
"LB-XW-7A8AA443CA70","LB-LOC-D3B2181F67D4","LB-LOC-D3B2181F67D4","","LB-GOV-NLB","LB-DIST-669AE13DF731","","Bqaa_Kafra","","","","","","","","","fuzzy-suggestion","","0","unresolved","none","","","No authoritative Arabic source with stable identity or exact hierarchy/name match"
"LB-XW-46B7E99C6555","LB-LOC-AD20B80EB4D3","LB-LOC-AD20B80EB4D3","","LB-GOV-NLB","LB-DIST-669AE13DF731","","Bteram-ZG","","","","","","","","","fuzzy-suggestion","","0","unresolved","none","","","No authoritative Arabic source with stable identity or exact hierarchy/name match"
"LB-XW-9E306B98262C","LB-LOC-76DC92DA325B","LB-LOC-76DC92DA325B","","LB-GOV-NLB","LB-DIST-669AE13DF731","","Bzeeza","","","","","","","","","fuzzy-suggestion","","0","unresolved","none","","","No authoritative Arabic source with stable identity or exact hierarchy/name match"
"LB-XW-F32956E7AB42","LB-LOC-EFE229C5999D","LB-LOC-EFE229C5999D","","LB-GOV-NLB","LB-DIST-669AE13DF731","","Dar_Baachtar","","","","","","","","","fuzzy-suggestion","","0","unresolved","none","","","No authoritative Arabic source with stable identity or exact hierarchy/name match"
"LB-XW-D3CACD6CCBBB","LB-LOC-6977BD79B648","LB-LOC-6977BD79B648","","LB-GOV-NLB","LB-DIST-669AE13DF731","","Ed-Dahr","","","","","","","","","fuzzy-suggestion","","0","unresolved","none","","","No authoritative Arabic source with stable identity or exact hierarchy/name match"
"LB-XW-66BB76F31FB8","LB-LOC-1A8E6303B6FA","LB-LOC-1A8E6303B6FA","","LB-GOV-NLB","LB-DIST-669AE13DF731","","Ehden","","","","","","","","","fuzzy-suggestion","","0","unresolved","none","","","No authoritative Arabic source with stable identity or exact hierarchy/name match"
"LB-XW-E4EEB3A2CA11","LB-LOC-681390899212","LB-LOC-681390899212","","LB-GOV-NLB","LB-DIST-669AE13DF731","","El-Bnayeh","","","","","","","","","fuzzy-suggestion","","0","unresolved","none","","","No authoritative Arabic source with stable identity or exact hierarchy/name match"
"LB-XW-ABE2A4D81AF9","LB-LOC-0A5B5D09B978","LB-LOC-0A5B5D09B978","","LB-GOV-NLB","LB-DIST-669AE13DF731","","Fih","","","","","","","","","fuzzy-suggestion","","0","unresolved","none","","","No authoritative Arabic source with stable identity or exact hierarchy/name match"
"LB-XW-C25D0D370E3F","LB-LOC-679E804217F8","LB-LOC-679E804217F8","","LB-GOV-NLB","LB-DIST-669AE13DF731","","Haqel-ZG","","","","","","","","","fuzzy-suggestion","","0","unresolved","none","","","No authoritative Arabic source with stable identity or exact hierarchy/name match"
"LB-XW-B23D706AEF14","LB-LOC-813783416BF4","LB-LOC-813783416BF4","","LB-GOV-NLB","LB-DIST-669AE13DF731","","Hardine-ZG","","","","","","","","","fuzzy-suggestion","","0","unresolved","none","","","No authoritative Arabic source with stable identity or exact hierarchy/name match"
"LB-XW-9C5AD8EF1D47","LB-LOC-8CF55FF28769","LB-LOC-8CF55FF28769","","LB-GOV-NLB","LB-DIST-669AE13DF731","","Hardine_et-Tahta","","","","","","","","","fuzzy-suggestion","","0","unresolved","none","","","No authoritative Arabic source with stable identity or exact hierarchy/name match"
"LB-XW-C5C20F00A624","LB-LOC-E12234DCFEA7","LB-LOC-E12234DCFEA7","","LB-GOV-NLB","LB-DIST-669AE13DF731","","Harf_Arde","","","","","","","","","fuzzy-suggestion","","0","unresolved","none","","","No authoritative Arabic source with stable identity or exact hierarchy/name match"
"LB-XW-0643F8A4EE27","LB-LOC-AE6E24E56636","LB-LOC-AE6E24E56636","","LB-GOV-NLB","LB-DIST-669AE13DF731","","Hasroun-ZG","","","","","","","","","fuzzy-suggestion","","0","unresolved","none","","","No authoritative Arabic source with stable identity or exact hierarchy/name match"
"LB-XW-C202551506B7","LB-LOC-6C15EF605CA9","LB-LOC-6C15EF605CA9","","LB-GOV-NLB","LB-DIST-669AE13DF731","","Karm_Saddeh","","","","","","","","","fuzzy-suggestion","","0","unresolved","none","","","No authoritative Arabic source with stable identity or exact hierarchy/name match"
"LB-XW-AA3FC7B25358","LB-LOC-D5B1902C2BDD","LB-LOC-D5B1902C2BDD","","LB-GOV-NLB","LB-DIST-669AE13DF731","","Karm_Saddeh_el-Fawqa","","","","","","","","","fuzzy-suggestion","","0","unresolved","none","","","No authoritative Arabic source with stable identity or exact hierarchy/name match"
"LB-XW-716FF1864D89","LB-LOC-0E75AE7F8A03","LB-LOC-0E75AE7F8A03","","LB-GOV-NLB","LB-DIST-669AE13DF731","","Kfar_Bni","","","","","","","","","fuzzy-suggestion","","0","unresolved","none","","","No authoritative Arabic source with stable identity or exact hierarchy/name match"
"LB-XW-C05E82F53EDA","LB-LOC-349F61886340","LB-LOC-349F61886340","","LB-GOV-NLB","LB-DIST-669AE13DF731","","Kfar_Fou","","","","","","","","","fuzzy-suggestion","","0","unresolved","none","","","No authoritative Arabic source with stable identity or exact hierarchy/name match"
"LB-XW-EE02655607CD","LB-LOC-1C611348B318","LB-LOC-1C611348B318","","LB-GOV-NLB","LB-DIST-669AE13DF731","","Kfar_Hay-ZG","","","","","","","","","fuzzy-suggestion","","0","unresolved","none","","","No authoritative Arabic source with stable identity or exact hierarchy/name match"
"LB-XW-BA55515BBB36","LB-LOC-5AB4979ABF11","LB-LOC-5AB4979ABF11","","LB-GOV-NLB","LB-DIST-669AE13DF731","","Kfar_Zina","","","","","","","","","fuzzy-suggestion","","0","unresolved","none","","","No authoritative Arabic source with stable identity or exact hierarchy/name match"
"LB-XW-4AB9F846EB85","LB-LOC-5504FEEA05D3","LB-LOC-5504FEEA05D3","","LB-GOV-NLB","LB-DIST-669AE13DF731","","Kfarsghab","","","","","","","","","fuzzy-suggestion","","0","unresolved","none","","","No authoritative Arabic source with stable identity or exact hierarchy/name match"
"LB-XW-921E2C350B03","LB-LOC-7424FF8039BD","LB-LOC-7424FF8039BD","","LB-GOV-NLB","LB-DIST-669AE13DF731","","Khaldiyeh-ZG","","","","","","","","","fuzzy-suggestion","","0","unresolved","none","","","No authoritative Arabic source with stable identity or exact hierarchy/name match"
"LB-XW-83A029968903","LB-LOC-FB33E5F8054C","LB-LOC-FB33E5F8054C","","LB-GOV-NLB","LB-DIST-669AE13DF731","","Majdel_Zoun","","","","","","","","","fuzzy-suggestion","","0","unresolved","none","","","No authoritative Arabic source with stable identity or exact hierarchy/name match"
"LB-XW-14117D543EA9","LB-LOC-7CC0B010B949","LB-LOC-7CC0B010B949","","LB-GOV-NLB","LB-DIST-669AE13DF731","","Mazraat_ed-Dahr","","","","","","","","","fuzzy-suggestion","","0","unresolved","none","","","No authoritative Arabic source with stable identity or exact hierarchy/name match"
"LB-XW-A48DD6646B13","LB-LOC-BC6F081F37DD","LB-LOC-BC6F081F37DD","","LB-GOV-NLB","LB-DIST-669AE13DF731","","Mazraat_el-Kniseh-ZG","","","","","","","","","fuzzy-suggestion","","0","unresolved","none","","","No authoritative Arabic source with stable identity or exact hierarchy/name match"
"LB-XW-520E3FA7D4FA","LB-LOC-1F77BD0A0715","LB-LOC-1F77BD0A0715","","LB-GOV-NLB","LB-DIST-669AE13DF731","","Mazraat_et-Tuffah","","","","","","","","","fuzzy-suggestion","","0","unresolved","none","","","No authoritative Arabic source with stable identity or exact hierarchy/name match"
"LB-XW-E621EAEF2FBC","LB-LOC-B16E50B5106C","LB-LOC-B16E50B5106C","","LB-GOV-NLB","LB-DIST-669AE13DF731","","Metrit","","","","","","","","","fuzzy-suggestion","","0","unresolved","none","","","No authoritative Arabic source with stable identity or exact hierarchy/name match"
"LB-XW-C828282CA56B","LB-LOC-4AED88894B29","LB-LOC-4AED88894B29","","LB-GOV-NLB","LB-DIST-669AE13DF731","","Midan","","","","","","","","","fuzzy-suggestion","","0","unresolved","none","","","No authoritative Arabic source with stable identity or exact hierarchy/name match"
"LB-XW-8CBCE6BF26A1","LB-LOC-6A44CD6ADC22","LB-LOC-6A44CD6ADC22","","LB-GOV-NLB","LB-DIST-669AE13DF731","","Mjadel_ez-Zghartawi","","","","","","","","","fuzzy-suggestion","","0","unresolved","none","","","No authoritative Arabic source with stable identity or exact hierarchy/name match"
"LB-XW-8CAB2B1BDB62","LB-LOC-5093274773CA","LB-LOC-5093274773CA","","LB-GOV-NLB","LB-DIST-669AE13DF731","","Rachein","","","","","","","","","fuzzy-suggestion","","0","unresolved","none","","","No authoritative Arabic source with stable identity or exact hierarchy/name match"
"LB-XW-36EE9547835A","LB-LOC-3F00712DB014","LB-LOC-3F00712DB014","","LB-GOV-NLB","LB-DIST-669AE13DF731","","Ras_Nhach","","","","","","","","","fuzzy-suggestion","","0","unresolved","none","","","No authoritative Arabic source with stable identity or exact hierarchy/name match"
"LB-XW-09F6A96B7FC9","LB-LOC-BB4451F71319","LB-LOC-BB4451F71319","","LB-GOV-NLB","LB-DIST-669AE13DF731","","Salima-ZG","","","","","","","","","fuzzy-suggestion","","0","unresolved","none","","","No authoritative Arabic source with stable identity or exact hierarchy/name match"
"LB-XW-2EE9F4FC4E02","LB-LOC-64E3F6B108B4","LB-LOC-64E3F6B108B4","","LB-GOV-NLB","LB-DIST-669AE13DF731","","Saraal","","","","","","","","","fuzzy-suggestion","","0","unresolved","none","","","No authoritative Arabic source with stable identity or exact hierarchy/name match"
"LB-XW-C8290BC5D296","LB-LOC-75B89AE9A93D","LB-LOC-75B89AE9A93D","","LB-GOV-NLB","LB-DIST-669AE13DF731","","Sebaal","","","","","","","","","fuzzy-suggestion","","0","unresolved","none","","","No authoritative Arabic source with stable identity or exact hierarchy/name match"
"LB-XW-8860D061A89F","LB-LOC-7FC7AC15BE16","LB-LOC-7FC7AC15BE16","","LB-GOV-NLB","LB-DIST-669AE13DF731","","Toula","","","","","","","","","fuzzy-suggestion","","0","unresolved","none","","","No authoritative Arabic source with stable identity or exact hierarchy/name match"
"LB-XW-A0E6FA6E937A","LB-LOC-5952EA962196","LB-LOC-5952EA962196","","LB-GOV-NLB","LB-DIST-669AE13DF731","","Toula_el-Janoubiye","","","","","","","","","fuzzy-suggestion","","0","unresolved","none","","","No authoritative Arabic source with stable identity or exact hierarchy/name match"
"LB-XW-BEFA6D0EC8D6","LB-LOC-CF8FB0861635","LB-LOC-CF8FB0861635","","LB-GOV-NLB","LB-DIST-669AE13DF731","","Zgharta","","","","","","","","","fuzzy-suggestion","","0","unresolved","none","","","No authoritative Arabic source with stable identity or exact hierarchy/name match"
"LB-XW-EEEED1053988","LB-LOC-2845628E90FE","LB-LOC-2845628E90FE","","LB-GOV-BHB","LB-DIST-C18586C49F8C","","Ain_Baal","","","","","","","","","fuzzy-suggestion","","0","unresolved","none","","","No authoritative Arabic source with stable identity or exact hierarchy/name match"
"LB-XW-F65AB8E5ABE7","LB-LOC-A719045A7D08","LB-LOC-A719045A7D08","","LB-GOV-BHB","LB-DIST-C18586C49F8C","","Ain_Bwurdai","","","","","","","","","fuzzy-suggestion","","0","unresolved","none","","","No authoritative Arabic source with stable identity or exact hierarchy/name match"
"LB-XW-D4873D601F6B","LB-LOC-B849F8DDC65B","LB-LOC-B849F8DDC65B","","LB-GOV-BHB","LB-DIST-C18586C49F8C","","Ain_el-Burj","","","","","","","","","fuzzy-suggestion","","0","unresolved","none","","","No authoritative Arabic source with stable identity or exact hierarchy/name match"
"LB-XW-F895889E8143","LB-LOC-497916A79523","LB-LOC-497916A79523","","LB-GOV-BHB","LB-DIST-C18586C49F8C","","Ain_el-Jawzeh","","","","","","","","","fuzzy-suggestion","","0","unresolved","none","","","No authoritative Arabic source with stable identity or exact hierarchy/name match"
"LB-XW-329D6BA709BE","LB-LOC-C8EB0DF37B15","LB-LOC-C8EB0DF37B15","","LB-GOV-BHB","LB-DIST-C18586C49F8C","","Ain_es-Safa","","","","","","","","","fuzzy-suggestion","","0","unresolved","none","","","No authoritative Arabic source with stable identity or exact hierarchy/name match"
"LB-XW-F4814C504459","LB-LOC-BD04AC36BDDF","LB-LOC-BD04AC36BDDF","","LB-GOV-BHB","LB-DIST-C18586C49F8C","","Ain_es-Sawda","","","","","","","","","fuzzy-suggestion","","0","unresolved","none","","","No authoritative Arabic source with stable identity or exact hierarchy/name match"
"LB-XW-A42A75A16FB2","LB-LOC-EF56C00CA3DB","LB-LOC-EF56C00CA3DB","","LB-GOV-BHB","LB-DIST-C18586C49F8C","","Ainata-BK","","","","","","","","","fuzzy-suggestion","","0","unresolved","none","","","No authoritative Arabic source with stable identity or exact hierarchy/name match"
"LB-XW-A916F6F40122","LB-LOC-2F96123E5AF9","LB-LOC-2F96123E5AF9","","LB-GOV-BHB","LB-DIST-C18586C49F8C","","Arsal","","","","","","","","","fuzzy-suggestion","","0","unresolved","none","","","No authoritative Arabic source with stable identity or exact hierarchy/name match"
"LB-XW-A0AA09F08C2B","LB-LOC-DA00458EB577","LB-LOC-DA00458EB577","","LB-GOV-BHB","LB-DIST-C18586C49F8C","","Arsal_ej-Jnubi","","","","","","","","","fuzzy-suggestion","","0","unresolved","none","","","No authoritative Arabic source with stable identity or exact hierarchy/name match"
"LB-XW-32488A901039","LB-LOC-E37234B1976A","LB-LOC-E37234B1976A","","LB-GOV-BHB","LB-DIST-C18586C49F8C","","Arsal_el-Fawqa","","","","","","","","","fuzzy-suggestion","","0","unresolved","none","","","No authoritative Arabic source with stable identity or exact hierarchy/name match"
"LB-XW-E6B69CFDA477","LB-LOC-16A2ADFD2936","LB-LOC-16A2ADFD2936","","LB-GOV-BHB","LB-DIST-C18586C49F8C","","Baalbek","","","","","","","","","fuzzy-suggestion","","0","unresolved","none","","","No authoritative Arabic source with stable identity or exact hierarchy/name match"
"LB-XW-1FD42358FAB2","LB-LOC-42445373F00E","LB-LOC-42445373F00E","","LB-GOV-BHB","LB-DIST-C18586C49F8C","","Baalbek_el-Qalaa","","","","","","","","","fuzzy-suggestion","","0","unresolved","none","","","No authoritative Arabic source with stable identity or exact hierarchy/name match"
"LB-XW-D3C6528DB862","LB-LOC-4FEBE9BBCD9B","LB-LOC-4FEBE9BBCD9B","","LB-GOV-BHB","LB-DIST-C18586C49F8C","","Badnayel","","","","","","","","","fuzzy-suggestion","","0","unresolved","none","","","No authoritative Arabic source with stable identity or exact hierarchy/name match"
"LB-XW-A8842A752B10","LB-LOC-45A9944696A1","LB-LOC-45A9944696A1","","LB-GOV-BHB","LB-DIST-C18586C49F8C","","Bala-BK","","","","","","","","","fuzzy-suggestion","","0","unresolved","none","","","No authoritative Arabic source with stable identity or exact hierarchy/name match"
"LB-XW-A0468B557B76","LB-LOC-CF89BA3C840D","LB-LOC-CF89BA3C840D","","LB-GOV-BHB","LB-DIST-C18586C49F8C","","Bednayel-BK","","","","","","","","","fuzzy-suggestion","","0","unresolved","none","","","No authoritative Arabic source with stable identity or exact hierarchy/name match"
"LB-XW-EB015A534303","LB-LOC-C404DA907C2A","LB-LOC-C404DA907C2A","","LB-GOV-BHB","LB-DIST-C18586C49F8C","","Beqaa_ech-Chamali","","","","","","","","","fuzzy-suggestion","","0","unresolved","none","","","No authoritative Arabic source with stable identity or exact hierarchy/name match"
"LB-XW-E66EF2446936","LB-LOC-5CD23460EB61","LB-LOC-5CD23460EB61","","LB-GOV-BHB","LB-DIST-C18586C49F8C","","Boudai","","","","","","","","","fuzzy-suggestion","","0","unresolved","none","","","No authoritative Arabic source with stable identity or exact hierarchy/name match"
"LB-XW-82844280F1CE","LB-LOC-16737466B23E","LB-LOC-16737466B23E","","LB-GOV-BHB","LB-DIST-C18586C49F8C","","Boudai_el-Aala","","","","","","","","","fuzzy-suggestion","","0","unresolved","none","","","No authoritative Arabic source with stable identity or exact hierarchy/name match"
"LB-XW-1B3B8FCD8DE3","LB-LOC-E7664AE20A2F","LB-LOC-E7664AE20A2F","","LB-GOV-BHB","LB-DIST-C18586C49F8C","","Brital","","","","","","","","","fuzzy-suggestion","","0","unresolved","none","","","No authoritative Arabic source with stable identity or exact hierarchy/name match"
"LB-XW-8F72529F34EA","LB-LOC-899569AA155A","LB-LOC-899569AA155A","","LB-GOV-BHB","LB-DIST-C18586C49F8C","","Brital_el-Aala","","","","","","","","","fuzzy-suggestion","","0","unresolved","none","","","No authoritative Arabic source with stable identity or exact hierarchy/name match"
"LB-XW-E8C4D2B9D2CF","LB-LOC-506F5015D0DF","LB-LOC-506F5015D0DF","","LB-GOV-BHB","LB-DIST-C18586C49F8C","","Brital_el-Gharbi","","","","","","","","","fuzzy-suggestion","","0","unresolved","none","","","No authoritative Arabic source with stable identity or exact hierarchy/name match"
"LB-XW-FAE88E4D43F5","LB-LOC-4AFA695C3236","LB-LOC-4AFA695C3236","","LB-GOV-BHB","LB-DIST-C18586C49F8C","","Btadai","","","","","","","","","fuzzy-suggestion","","0","unresolved","none","","","No authoritative Arabic source with stable identity or exact hierarchy/name match"
"LB-XW-58B712F657E9","LB-LOC-A340BDAD9DAE","LB-LOC-A340BDAD9DAE","","LB-GOV-BHB","LB-DIST-C18586C49F8C","","Btedii-BK","","","","","","","","","fuzzy-suggestion","","0","unresolved","none","","","No authoritative Arabic source with stable identity or exact hierarchy/name match"
"LB-XW-04E094A174F6","LB-LOC-AA37B10C66E1","LB-LOC-AA37B10C66E1","","LB-GOV-BHB","LB-DIST-C18586C49F8C","","Bzaliye","","","","","","","","","fuzzy-suggestion","","0","unresolved","none","","","No authoritative Arabic source with stable identity or exact hierarchy/name match"
"LB-XW-C0503001ECCA","LB-LOC-219A9DE6A313","LB-LOC-219A9DE6A313","","LB-GOV-BHB","LB-DIST-C18586C49F8C","","Chaath","","","","","","","","","fuzzy-suggestion","","0","unresolved","none","","","No authoritative Arabic source with stable identity or exact hierarchy/name match"
"LB-XW-D4944BE4FD82","LB-LOC-A5440C78009C","LB-LOC-A5440C78009C","","LB-GOV-BHB","LB-DIST-C18586C49F8C","","Chemstar","","","","","","","","","fuzzy-suggestion","","0","unresolved","none","","","No authoritative Arabic source with stable identity or exact hierarchy/name match"
"LB-XW-9A4BEEFE0B36","LB-LOC-650D55AFF32F","LB-LOC-650D55AFF32F","","LB-GOV-BHB","LB-DIST-C18586C49F8C","","Chemstar_el-Gharbi","","","","","","","","","fuzzy-suggestion","","0","unresolved","none","","","No authoritative Arabic source with stable identity or exact hierarchy/name match"
"LB-XW-E89D30CA29D2","LB-LOC-9997C77A6BD7","LB-LOC-9997C77A6BD7","","LB-GOV-BHB","LB-DIST-C18586C49F8C","","Chlifa","","","","","","","","","fuzzy-suggestion","","0","unresolved","none","","","No authoritative Arabic source with stable identity or exact hierarchy/name match"
"LB-XW-57B5A0423EC6","LB-LOC-CBE9B8318937","LB-LOC-CBE9B8318937","","LB-GOV-BHB","LB-DIST-C18586C49F8C","","Deir_Mar_Maroun","","","","","","","","","fuzzy-suggestion","","0","unresolved","none","","","No authoritative Arabic source with stable identity or exact hierarchy/name match"
"LB-XW-B21142A8F727","LB-LOC-181E0ED42EDF","LB-LOC-181E0ED42EDF","","LB-GOV-BHB","LB-DIST-C18586C49F8C","","Deir_Mar_Semaan-BK","","","","","","","","","fuzzy-suggestion","","0","unresolved","none","","","No authoritative Arabic source with stable identity or exact hierarchy/name match"
"LB-XW-BF9FA605DD7C","LB-LOC-06F5A3E0623C","LB-LOC-06F5A3E0623C","","LB-GOV-BHB","LB-DIST-C18586C49F8C","","Deir_el-Ahmar","","","","","","","","","fuzzy-suggestion","","0","unresolved","none","","","No authoritative Arabic source with stable identity or exact hierarchy/name match"
"LB-XW-D75E3E234DC8","LB-LOC-AF3323BA3552","LB-LOC-AF3323BA3552","","LB-GOV-BHB","LB-DIST-C18586C49F8C","","Deir_el-Ahmar_el-Aala","","","","","","","","","fuzzy-suggestion","","0","unresolved","none","","","No authoritative Arabic source with stable identity or exact hierarchy/name match"
"LB-XW-37AAC29F2147","LB-LOC-99231B04A6D6","LB-LOC-99231B04A6D6","","LB-GOV-BHB","LB-DIST-C18586C49F8C","","Douris","","","","","","","","","fuzzy-suggestion","","0","unresolved","none","","","No authoritative Arabic source with stable identity or exact hierarchy/name match"
"LB-XW-562D5AD24021","LB-LOC-45A7F5165B4B","LB-LOC-45A7F5165B4B","","LB-GOV-BHB","LB-DIST-C18586C49F8C","","Douris_el-Aala","","","","","","","","","fuzzy-suggestion","","0","unresolved","none","","","No authoritative Arabic source with stable identity or exact hierarchy/name match"
"LB-XW-6323DE8F6734","LB-LOC-FACE4B548AF1","LB-LOC-FACE4B548AF1","","LB-GOV-BHB","LB-DIST-C18586C49F8C","","El-Ain_ech-Chamaliye","","","","","","","","","fuzzy-suggestion","","0","unresolved","none","","","No authoritative Arabic source with stable identity or exact hierarchy/name match"
"LB-XW-9976094F8378","LB-LOC-3171309FE781","LB-LOC-3171309FE781","","LB-GOV-BHB","LB-DIST-C18586C49F8C","","El-Qaa-BK","","","","","","","","","fuzzy-suggestion","","0","unresolved","none","","","No authoritative Arabic source with stable identity or exact hierarchy/name match"
"LB-XW-59E10B6E3E23","LB-LOC-64B78C758F0C","LB-LOC-64B78C758F0C","","LB-GOV-BHB","LB-DIST-C18586C49F8C","","El_Ain","","","","","","","","","fuzzy-suggestion","","0","unresolved","none","","","No authoritative Arabic source with stable identity or exact hierarchy/name match"
"LB-XW-A72B6C1CCF0B","LB-LOC-81722757DBC8","LB-LOC-81722757DBC8","","LB-GOV-BHB","LB-DIST-C18586C49F8C","","El_Fakiha","","","","","","","","","fuzzy-suggestion","","0","unresolved","none","","","No authoritative Arabic source with stable identity or exact hierarchy/name match"
"LB-XW-A98C5790B396","LB-LOC-6DA1A5298CE4","LB-LOC-6DA1A5298CE4","","LB-GOV-BHB","LB-DIST-C18586C49F8C","","Fakiha_ej-Janoubiye","","","","","","","","","fuzzy-suggestion","","0","unresolved","none","","","No authoritative Arabic source with stable identity or exact hierarchy/name match"
"LB-XW-847B3A04340B","LB-LOC-94A962364DF3","LB-LOC-94A962364DF3","","LB-GOV-BHB","LB-DIST-C18586C49F8C","","Fakiha_el-Aala","","","","","","","","","fuzzy-suggestion","","0","unresolved","none","","","No authoritative Arabic source with stable identity or exact hierarchy/name match"
"LB-XW-8710E63EC98E","LB-LOC-28EBA8C3BA44","LB-LOC-28EBA8C3BA44","","LB-GOV-BHB","LB-DIST-C18586C49F8C","","Flawi","","","","","","","","","fuzzy-suggestion","","0","unresolved","none","","","No authoritative Arabic source with stable identity or exact hierarchy/name match"
"LB-XW-FFA5C8440411","LB-LOC-A9B5E6BA8D25","LB-LOC-A9B5E6BA8D25","","LB-GOV-BHB","LB-DIST-C18586C49F8C","","Flawi_el-Aala","","","","","","","","","fuzzy-suggestion","","0","unresolved","none","","","No authoritative Arabic source with stable identity or exact hierarchy/name match"
"LB-XW-BDE85F386392","LB-LOC-7DF98A80AEB2","LB-LOC-7DF98A80AEB2","","LB-GOV-BHB","LB-DIST-C18586C49F8C","","Harbata","","","","","","","","","fuzzy-suggestion","","0","unresolved","none","","","No authoritative Arabic source with stable identity or exact hierarchy/name match"
"LB-XW-E8FA5860E1D6","LB-LOC-5967016DE974","LB-LOC-5967016DE974","","LB-GOV-BHB","LB-DIST-C18586C49F8C","","Harbqous","","","","","","","","","fuzzy-suggestion","","0","unresolved","none","","","No authoritative Arabic source with stable identity or exact hierarchy/name match"
"LB-XW-222ACAF8EDAA","LB-LOC-C47D017B3FF5","LB-LOC-C47D017B3FF5","","LB-GOV-BHB","LB-DIST-C18586C49F8C","","Harbqous_ech-Charqi","","","","","","","","","fuzzy-suggestion","","0","unresolved","none","","","No authoritative Arabic source with stable identity or exact hierarchy/name match"
"LB-XW-E8940E864128","LB-LOC-D6C40B6D5FD9","LB-LOC-D6C40B6D5FD9","","LB-GOV-BHB","LB-DIST-C18586C49F8C","","Hortaala","","","","","","","","","fuzzy-suggestion","","0","unresolved","none","","","No authoritative Arabic source with stable identity or exact hierarchy/name match"
"LB-XW-BBB89A8192F5","LB-LOC-0257405D5CA5","LB-LOC-0257405D5CA5","","LB-GOV-BHB","LB-DIST-C18586C49F8C","","Houch_Amine","","","","","","","","","fuzzy-suggestion","","0","unresolved","none","","","No authoritative Arabic source with stable identity or exact hierarchy/name match"
"LB-XW-70C769B36056","LB-LOC-F02050653162","LB-LOC-F02050653162","","LB-GOV-BHB","LB-DIST-C18586C49F8C","","Houch_Barda-BK","","","","","","","","","fuzzy-suggestion","","0","unresolved","none","","","No authoritative Arabic source with stable identity or exact hierarchy/name match"
"LB-XW-DD672BA7B30E","LB-LOC-F5CEF4E2E7E1","LB-LOC-F5CEF4E2E7E1","","LB-GOV-BHB","LB-DIST-C18586C49F8C","","Houch_Bkayri","","","","","","","","","fuzzy-suggestion","","0","unresolved","none","","","No authoritative Arabic source with stable identity or exact hierarchy/name match"
"LB-XW-A208D168A825","LB-LOC-618C2C0B5A4D","LB-LOC-618C2C0B5A4D","","LB-GOV-BHB","LB-DIST-C18586C49F8C","","Houch_Hala-BK","","","","","","","","","fuzzy-suggestion","","0","unresolved","none","","","No authoritative Arabic source with stable identity or exact hierarchy/name match"
"LB-XW-FFA4C7B66EC8","LB-LOC-E1C33EC02456","LB-LOC-E1C33EC02456","","LB-GOV-BHB","LB-DIST-C18586C49F8C","","Houch_Qaraoun","","","","","","","","","fuzzy-suggestion","","0","unresolved","none","","","No authoritative Arabic source with stable identity or exact hierarchy/name match"
"LB-XW-4028FEF430EB","LB-LOC-CA8AED2EFD48","LB-LOC-CA8AED2EFD48","","LB-GOV-BHB","LB-DIST-C18586C49F8C","","Houch_Ras_Baalbek","","","","","","","","","fuzzy-suggestion","","0","unresolved","none","","","No authoritative Arabic source with stable identity or exact hierarchy/name match"
"LB-XW-33198B142A89","LB-LOC-131067EA0704","LB-LOC-131067EA0704","","LB-GOV-BHB","LB-DIST-C18586C49F8C","","Houch_Sneid","","","","","","","","","fuzzy-suggestion","","0","unresolved","none","","","No authoritative Arabic source with stable identity or exact hierarchy/name match"
"LB-XW-9616E87AC71E","LB-LOC-E9B55D163CEB","LB-LOC-E9B55D163CEB","","LB-GOV-BHB","LB-DIST-C18586C49F8C","","Houch_Sneid_el-Aala","","","","","","","","","fuzzy-suggestion","","0","unresolved","none","","","No authoritative Arabic source with stable identity or exact hierarchy/name match"
"LB-XW-2D15D72F679A","LB-LOC-A80645CEB535","LB-LOC-A80645CEB535","","LB-GOV-BHB","LB-DIST-C18586C49F8C","","Houch_Surya","","","","","","","","","fuzzy-suggestion","","0","unresolved","none","","","No authoritative Arabic source with stable identity or exact hierarchy/name match"
"LB-XW-21461682553D","LB-LOC-8F431D18A7D2","LB-LOC-8F431D18A7D2","","LB-GOV-BHB","LB-DIST-C18586C49F8C","","Houch_Tall_Bira","","","","","","","","","fuzzy-suggestion","","0","unresolved","none","","","No authoritative Arabic source with stable identity or exact hierarchy/name match"
"LB-XW-8BC7945263B0","LB-LOC-6EE3B6D97379","LB-LOC-6EE3B6D97379","","LB-GOV-BHB","LB-DIST-C18586C49F8C","","Houch_Tall_Safiye","","","","","","","","","fuzzy-suggestion","","0","unresolved","none","","","No authoritative Arabic source with stable identity or exact hierarchy/name match"
"LB-XW-10D7DA3F00CC","LB-LOC-02A6B99511EA","LB-LOC-02A6B99511EA","","LB-GOV-BHB","LB-DIST-C18586C49F8C","","Houch_Tall_ed-Dahab","","","","","","","","","fuzzy-suggestion","","0","unresolved","none","","","No authoritative Arabic source with stable identity or exact hierarchy/name match"
"LB-XW-66E10FB92DB5","LB-LOC-A735B7764BF1","LB-LOC-A735B7764BF1","","LB-GOV-BHB","LB-DIST-C18586C49F8C","","Houch_ed-Dahab","","","","","","","","","fuzzy-suggestion","","0","unresolved","none","","","No authoritative Arabic source with stable identity or exact hierarchy/name match"
"LB-XW-F543EE2E14D2","LB-LOC-70769FD74BD6","LB-LOC-70769FD74BD6","","LB-GOV-BHB","LB-DIST-C18586C49F8C","","Houch_el-Adleh","","","","","","","","","fuzzy-suggestion","","0","unresolved","none","","","No authoritative Arabic source with stable identity or exact hierarchy/name match"
"LB-XW-48180541CD93","LB-LOC-8F3C6FEC6D88","LB-LOC-8F3C6FEC6D88","","LB-GOV-BHB","LB-DIST-C18586C49F8C","","Houch_el-Athar","","","","","","","","","fuzzy-suggestion","","0","unresolved","none","","","No authoritative Arabic source with stable identity or exact hierarchy/name match"
"LB-XW-35586E183212","LB-LOC-15875992B4DF","LB-LOC-15875992B4DF","","LB-GOV-BHB","LB-DIST-C18586C49F8C","","Houch_el-Beqaa","","","","","","","","","fuzzy-suggestion","","0","unresolved","none","","","No authoritative Arabic source with stable identity or exact hierarchy/name match"
"LB-XW-0F2FA376DC80","LB-LOC-663107C169B9","LB-LOC-663107C169B9","","LB-GOV-BHB","LB-DIST-C18586C49F8C","","Houch_el-Fakiha","","","","","","","","","fuzzy-suggestion","","0","unresolved","none","","","No authoritative Arabic source with stable identity or exact hierarchy/name match"
"LB-XW-7321695A8823","LB-LOC-2C440D165DEB","LB-LOC-2C440D165DEB","","LB-GOV-BHB","LB-DIST-C18586C49F8C","","Houch_el-Ghanam-BK","","","","","","","","","fuzzy-suggestion","","0","unresolved","none","","","No authoritative Arabic source with stable identity or exact hierarchy/name match"
"LB-XW-B67EA751F005","LB-LOC-B11621C6A281","LB-LOC-B11621C6A281","","LB-GOV-BHB","LB-DIST-C18586C49F8C","","Houch_el-Ghazaleh","","","","","","","","","fuzzy-suggestion","","0","unresolved","none","","","No authoritative Arabic source with stable identity or exact hierarchy/name match"
"LB-XW-9ECEBE0B6B14","LB-LOC-BD25A28653E5","LB-LOC-BD25A28653E5","","LB-GOV-BHB","LB-DIST-C18586C49F8C","","Houch_el-Hallan","","","","","","","","","fuzzy-suggestion","","0","unresolved","none","","","No authoritative Arabic source with stable identity or exact hierarchy/name match"
"LB-XW-65A43BFBE0C6","LB-LOC-B80A4CCA03A2","LB-LOC-B80A4CCA03A2","","LB-GOV-BHB","LB-DIST-C18586C49F8C","","Houch_el-Harimeh-BK","","","","","","","","","fuzzy-suggestion","","0","unresolved","none","","","No authoritative Arabic source with stable identity or exact hierarchy/name match"
"LB-XW-208A334D27F4","LB-LOC-ABDE7ECD8E11","LB-LOC-ABDE7ECD8E11","","LB-GOV-BHB","LB-DIST-C18586C49F8C","","Houch_el-Oumara-BK","","","","","","","","","fuzzy-suggestion","","0","unresolved","none","","","No authoritative Arabic source with stable identity or exact hierarchy/name match"
"LB-XW-3D47EDCCA215","LB-LOC-6608E5F2B354","LB-LOC-6608E5F2B354","","LB-GOV-BHB","LB-DIST-C18586C49F8C","","Houch_el-Qannabi","","","","","","","","","fuzzy-suggestion","","0","unresolved","none","","","No authoritative Arabic source with stable identity or exact hierarchy/name match"
"LB-XW-FF3C119F2C50","LB-LOC-EA5FA7384652","LB-LOC-EA5FA7384652","","LB-GOV-BHB","LB-DIST-C18586C49F8C","","Houch_el-Qara","","","","","","","","","fuzzy-suggestion","","0","unresolved","none","","","No authoritative Arabic source with stable identity or exact hierarchy/name match"
"LB-XW-84DF85CA848D","LB-LOC-1DE75EB6CDF4","LB-LOC-1DE75EB6CDF4","","LB-GOV-BHB","LB-DIST-C18586C49F8C","","Houch_en-Nabi-BK","","","","","","","","","fuzzy-suggestion","","0","unresolved","none","","","No authoritative Arabic source with stable identity or exact hierarchy/name match"
"LB-XW-8CC56D9A88CB","LB-LOC-C3E7C476D785","LB-LOC-C3E7C476D785","","LB-GOV-BHB","LB-DIST-C18586C49F8C","","Houch_er-Rafaaiye","","","","","","","","","fuzzy-suggestion","","0","unresolved","none","","","No authoritative Arabic source with stable identity or exact hierarchy/name match"
"LB-XW-5635B2FCFFD5","LB-LOC-23A0CFCF710F","LB-LOC-23A0CFCF710F","","LB-GOV-BHB","LB-DIST-C18586C49F8C","","Houch_er-Rafqa-BK","","","","","","","","","fuzzy-suggestion","","0","unresolved","none","","","No authoritative Arabic source with stable identity or exact hierarchy/name match"
"LB-XW-D722FC160824","LB-LOC-11A2A5CDC017","LB-LOC-11A2A5CDC017","","LB-GOV-BHB","LB-DIST-C18586C49F8C","","Houch_es-Sayed","","","","","","","","","fuzzy-suggestion","","0","unresolved","none","","","No authoritative Arabic source with stable identity or exact hierarchy/name match"
"LB-XW-0C99D849B15B","LB-LOC-CBC4DECDA738","LB-LOC-CBC4DECDA738","","LB-GOV-BHB","LB-DIST-C18586C49F8C","","Houch_es-Sulh","","","","","","","","","fuzzy-suggestion","","0","unresolved","none","","","No authoritative Arabic source with stable identity or exact hierarchy/name match"
"LB-XW-1F7DF3E65AF0","LB-LOC-10D9CED6453C","LB-LOC-10D9CED6453C","","LB-GOV-BHB","LB-DIST-C18586C49F8C","","Iaat","","","","","","","","","fuzzy-suggestion","","0","unresolved","none","","","No authoritative Arabic source with stable identity or exact hierarchy/name match"
"LB-XW-681673F94BF1","LB-LOC-57299BC91CBD","LB-LOC-57299BC91CBD","","LB-GOV-BHB","LB-DIST-C18586C49F8C","","Iaat_ech-Charqiye","","","","","","","","","fuzzy-suggestion","","0","unresolved","none","","","No authoritative Arabic source with stable identity or exact hierarchy/name match"
"LB-XW-7B41D5841ADB","LB-LOC-00D6AD0A7A89","LB-LOC-00D6AD0A7A89","","LB-GOV-BHB","LB-DIST-C18586C49F8C","","Jboule","","","","","","","","","fuzzy-suggestion","","0","unresolved","none","","","No authoritative Arabic source with stable identity or exact hierarchy/name match"
"LB-XW-45ECB676281B","LB-LOC-BA5C41ACA1F6","LB-LOC-BA5C41ACA1F6","","LB-GOV-BHB","LB-DIST-C18586C49F8C","","Jdita-BK","","","","","","","","","fuzzy-suggestion","","0","unresolved","none","","","No authoritative Arabic source with stable identity or exact hierarchy/name match"
"LB-XW-0B058BF919F8","LB-LOC-4D31892A36C4","LB-LOC-4D31892A36C4","","LB-GOV-BHB","LB-DIST-C18586C49F8C","","Jenta","","","","","","","","","fuzzy-suggestion","","0","unresolved","none","","","No authoritative Arabic source with stable identity or exact hierarchy/name match"
"LB-XW-B44C3C7E0BAC","LB-LOC-62B5EEB25C94","LB-LOC-62B5EEB25C94","","LB-GOV-BHB","LB-DIST-C18586C49F8C","","Kfar_Ay","","","","","","","","","fuzzy-suggestion","","0","unresolved","none","","","No authoritative Arabic source with stable identity or exact hierarchy/name match"
"LB-XW-1B44C2F36F9B","LB-LOC-C5A1908BEE59","LB-LOC-C5A1908BEE59","","LB-GOV-BHB","LB-DIST-C18586C49F8C","","Kfar_Houne-BK","","","","","","","","","fuzzy-suggestion","","0","unresolved","none","","","No authoritative Arabic source with stable identity or exact hierarchy/name match"
"LB-XW-FA003819C8A3","LB-LOC-AAFEDA63A2FF","LB-LOC-AAFEDA63A2FF","","LB-GOV-BHB","LB-DIST-C18586C49F8C","","Kfarzabad-BK","","","","","","","","","fuzzy-suggestion","","0","unresolved","none","","","No authoritative Arabic source with stable identity or exact hierarchy/name match"
"LB-XW-CE165809DDB8","LB-LOC-345BDABF5464","LB-LOC-345BDABF5464","","LB-GOV-BHB","LB-DIST-C18586C49F8C","","Labaa-BK","","","","","","","","","fuzzy-suggestion","","0","unresolved","none","","","No authoritative Arabic source with stable identity or exact hierarchy/name match"
"LB-XW-3AE2D9394765","LB-LOC-03D96F184E84","LB-LOC-03D96F184E84","","LB-GOV-BHB","LB-DIST-C18586C49F8C","","Labweh","","","","","","","","","fuzzy-suggestion","","0","unresolved","none","","","No authoritative Arabic source with stable identity or exact hierarchy/name match"
"LB-XW-06D47F8492C3","LB-LOC-9F00CA435E7D","LB-LOC-9F00CA435E7D","","LB-GOV-BHB","LB-DIST-C18586C49F8C","","Labweh_el-Aala","","","","","","","","","fuzzy-suggestion","","0","unresolved","none","","","No authoritative Arabic source with stable identity or exact hierarchy/name match"
"LB-XW-8F3D5A0C0C3D","LB-LOC-E5E3189D9803","LB-LOC-E5E3189D9803","","LB-GOV-BHB","LB-DIST-C18586C49F8C","","Labweh_el-Gharbi","","","","","","","","","fuzzy-suggestion","","0","unresolved","none","","","No authoritative Arabic source with stable identity or exact hierarchy/name match"
"LB-XW-8B688FE9F166","LB-LOC-6C719FE00E9B","LB-LOC-6C719FE00E9B","","LB-GOV-BHB","LB-DIST-C18586C49F8C","","Laqlouq-BK","","","","","","","","","fuzzy-suggestion","","0","unresolved","none","","","No authoritative Arabic source with stable identity or exact hierarchy/name match"
"LB-XW-398E4309231E","LB-LOC-26A70369C1E2","LB-LOC-26A70369C1E2","","LB-GOV-BHB","LB-DIST-C18586C49F8C","","Maaniye","","","","","","","","","fuzzy-suggestion","","0","unresolved","none","","","No authoritative Arabic source with stable identity or exact hierarchy/name match"
"LB-XW-89EA91FBA3C9","LB-LOC-9109DBDF45CF","LB-LOC-9109DBDF45CF","","LB-GOV-BHB","LB-DIST-C18586C49F8C","","Macharii_el-Qaa","","","","","","","","","fuzzy-suggestion","","0","unresolved","none","","","No authoritative Arabic source with stable identity or exact hierarchy/name match"
"LB-XW-59AF6136DAFD","LB-LOC-AA3BC6224512","LB-LOC-AA3BC6224512","","LB-GOV-BHB","LB-DIST-C18586C49F8C","","Majdaloun-BK","","","","","","","","","fuzzy-suggestion","","0","unresolved","none","","","No authoritative Arabic source with stable identity or exact hierarchy/name match"
"LB-XW-FF44FCDAAC43","LB-LOC-A823B385A7D5","LB-LOC-A823B385A7D5","","LB-GOV-BHB","LB-DIST-C18586C49F8C","","Mqanneh-BK","","","","","","","","","fuzzy-suggestion","","0","unresolved","none","","","No authoritative Arabic source with stable identity or exact hierarchy/name match"
"LB-XW-20907D5A9C51","LB-LOC-40AD7354E6B7","LB-LOC-40AD7354E6B7","","LB-GOV-BHB","LB-DIST-C18586C49F8C","","Mqraq_el-Beqaa","","","","","","","","","fuzzy-suggestion","","0","unresolved","none","","","No authoritative Arabic source with stable identity or exact hierarchy/name match"
"LB-XW-5F74851BEBA2","LB-LOC-EAB5797C5756","LB-LOC-EAB5797C5756","","LB-GOV-BHB","LB-DIST-C18586C49F8C","","Nabi_Abt","","","","","","","","","fuzzy-suggestion","","0","unresolved","none","","","No authoritative Arabic source with stable identity or exact hierarchy/name match"
"LB-XW-2F22D5A6B8CB","LB-LOC-9C918A7B2BF2","LB-LOC-9C918A7B2BF2","","LB-GOV-BHB","LB-DIST-C18586C49F8C","","Nabi_Chet-BK","","","","","","","","","fuzzy-suggestion","","0","unresolved","none","","","No authoritative Arabic source with stable identity or exact hierarchy/name match"
"LB-XW-12B00EEDA64C","LB-LOC-64564AB4A055","LB-LOC-64564AB4A055","","LB-GOV-BHB","LB-DIST-C18586C49F8C","","Nabi_Osman","","","","","","","","","fuzzy-suggestion","","0","unresolved","none","","","No authoritative Arabic source with stable identity or exact hierarchy/name match"
"LB-XW-C1D9786DC70E","LB-LOC-92D5D5072D79","LB-LOC-92D5D5072D79","","LB-GOV-BHB","LB-DIST-C18586C49F8C","","Nabi_Rshadeh","","","","","","","","","fuzzy-suggestion","","0","unresolved","none","","","No authoritative Arabic source with stable identity or exact hierarchy/name match"
"LB-XW-FDF2EC4E085D","LB-LOC-92C832700C05","LB-LOC-92C832700C05","","LB-GOV-BHB","LB-DIST-C18586C49F8C","","Nahleh","","","","","","","","","fuzzy-suggestion","","0","unresolved","none","","","No authoritative Arabic source with stable identity or exact hierarchy/name match"
"LB-XW-F351EB9937F4","LB-LOC-91452A63A813","LB-LOC-91452A63A813","","LB-GOV-BHB","LB-DIST-C18586C49F8C","","Nahleh_el-Bqaaiye","","","","","","","","","fuzzy-suggestion","","0","unresolved","none","","","No authoritative Arabic source with stable identity or exact hierarchy/name match"
"LB-XW-22D7D249606F","LB-LOC-21FAAC73F881","LB-LOC-21FAAC73F881","","LB-GOV-BHB","LB-DIST-C18586C49F8C","","Qornayel_ech-Chamali","","","","","","","","","fuzzy-suggestion","","0","unresolved","none","","","No authoritative Arabic source with stable identity or exact hierarchy/name match"
"LB-XW-69578C45B2E7","LB-LOC-28DB8BBF0BF8","LB-LOC-28DB8BBF0BF8","","LB-GOV-BHB","LB-DIST-C18586C49F8C","","Qsarnaba","","","","","","","","","fuzzy-suggestion","","0","unresolved","none","","","No authoritative Arabic source with stable identity or exact hierarchy/name match"
"LB-XW-6D522889AFC2","LB-LOC-970D2CE55338","LB-LOC-970D2CE55338","","LB-GOV-BHB","LB-DIST-C18586C49F8C","","Qsarnaba_el-Aala","","","","","","","","","fuzzy-suggestion","","0","unresolved","none","","","No authoritative Arabic source with stable identity or exact hierarchy/name match"
"LB-XW-0FEEB95F01D4","LB-LOC-3654ACB9D573","LB-LOC-3654ACB9D573","","LB-GOV-BHB","LB-DIST-C18586C49F8C","","Ras_Baalbek","","","","","","","","","fuzzy-suggestion","","0","unresolved","none","","","No authoritative Arabic source with stable identity or exact hierarchy/name match"
"LB-XW-7203C49432E8","LB-LOC-98A9BCC0153E","LB-LOC-98A9BCC0153E","","LB-GOV-BHB","LB-DIST-C18586C49F8C","","Ras_Baalbek_ech-Charq","","","","","","","","","fuzzy-suggestion","","0","unresolved","none","","","No authoritative Arabic source with stable identity or exact hierarchy/name match"
"LB-XW-30733B65408B","LB-LOC-B78B157E59EE","LB-LOC-B78B157E59EE","","LB-GOV-BHB","LB-DIST-C18586C49F8C","","Ras_el-Jabal","","","","","","","","","fuzzy-suggestion","","0","unresolved","none","","","No authoritative Arabic source with stable identity or exact hierarchy/name match"
"LB-XW-79CFC38E6F52","LB-LOC-BBFE173019AD","LB-LOC-BBFE173019AD","","LB-GOV-BHB","LB-DIST-C18586C49F8C","","Sabain","","","","","","","","","fuzzy-suggestion","","0","unresolved","none","","","No authoritative Arabic source with stable identity or exact hierarchy/name match"
"LB-XW-B0EB3DFA7CB3","LB-LOC-D8644786B0BE","LB-LOC-D8644786B0BE","","LB-GOV-BHB","LB-DIST-C18586C49F8C","","Safa-BK","","","","","","","","","fuzzy-suggestion","","0","unresolved","none","","","No authoritative Arabic source with stable identity or exact hierarchy/name match"
"LB-XW-CDDED31F474E","LB-LOC-C80BE1750A5D","LB-LOC-C80BE1750A5D","","LB-GOV-BHB","LB-DIST-C18586C49F8C","","Soulan","","","","","","","","","fuzzy-suggestion","","0","unresolved","none","","","No authoritative Arabic source with stable identity or exact hierarchy/name match"
"LB-XW-B09E90E3FD2E","LB-LOC-556BAD84906C","LB-LOC-556BAD84906C","","LB-GOV-BHB","LB-DIST-C18586C49F8C","","Sraain_el-Fawqa","","","","","","","","","fuzzy-suggestion","","0","unresolved","none","","","No authoritative Arabic source with stable identity or exact hierarchy/name match"
"LB-XW-B3492405D16C","LB-LOC-EC4D4FB5CC8E","LB-LOC-EC4D4FB5CC8E","","LB-GOV-BHB","LB-DIST-C18586C49F8C","","Sraain_et-Tahta","","","","","","","","","fuzzy-suggestion","","0","unresolved","none","","","No authoritative Arabic source with stable identity or exact hierarchy/name match"
"LB-XW-1B0B213BD7BF","LB-LOC-C863BC69D5AB","LB-LOC-C863BC69D5AB","","LB-GOV-BHB","LB-DIST-C18586C49F8C","","Talia","","","","","","","","","fuzzy-suggestion","","0","unresolved","none","","","No authoritative Arabic source with stable identity or exact hierarchy/name match"
"LB-XW-84D631A8EFC4","LB-LOC-5E9C57ACF726","LB-LOC-5E9C57ACF726","","LB-GOV-BHB","LB-DIST-C18586C49F8C","","Talia_el-Aala","","","","","","","","","fuzzy-suggestion","","0","unresolved","none","","","No authoritative Arabic source with stable identity or exact hierarchy/name match"
"LB-XW-51D9F7C4FD13","LB-LOC-D03665D04100","LB-LOC-D03665D04100","","LB-GOV-BHB","LB-DIST-C18586C49F8C","","Tariya","","","","","","","","","fuzzy-suggestion","","0","unresolved","none","","","No authoritative Arabic source with stable identity or exact hierarchy/name match"
"LB-XW-8D3753638500","LB-LOC-762206F7C9FC","LB-LOC-762206F7C9FC","","LB-GOV-BHB","LB-DIST-C18586C49F8C","","Temnine_el-Fawqa","","","","","","","","","fuzzy-suggestion","","0","unresolved","none","","","No authoritative Arabic source with stable identity or exact hierarchy/name match"
"LB-XW-358447A53B32","LB-LOC-CCAD33B1E7BB","LB-LOC-CCAD33B1E7BB","","LB-GOV-BHB","LB-DIST-C18586C49F8C","","Temnine_et-Tahta","","","","","","","","","fuzzy-suggestion","","0","unresolved","none","","","No authoritative Arabic source with stable identity or exact hierarchy/name match"
"LB-XW-26CBA043C82D","LB-LOC-09F1A641C214","LB-LOC-09F1A641C214","","LB-GOV-BHB","LB-DIST-C18586C49F8C","","Younine","","","","","","","","","fuzzy-suggestion","","0","unresolved","none","","","No authoritative Arabic source with stable identity or exact hierarchy/name match"
"LB-XW-D4768A914A4E","LB-LOC-BA74FBC829F1","LB-LOC-BA74FBC829F1","","LB-GOV-BHB","LB-DIST-C18586C49F8C","","Younine_el-Aala","","","","","","","","","fuzzy-suggestion","","0","unresolved","none","","","No authoritative Arabic source with stable identity or exact hierarchy/name match"
"LB-XW-9A98E28D659D","LB-LOC-9FF69EB41D37","LB-LOC-9FF69EB41D37","","LB-GOV-BHB","LB-DIST-C18586C49F8C","","Younine_el-Fawqa-2","","","","","","","","","fuzzy-suggestion","","0","unresolved","none","","","No authoritative Arabic source with stable identity or exact hierarchy/name match"
"LB-XW-484F1D42CCB8","LB-LOC-536FCA359762","LB-LOC-536FCA359762","","LB-GOV-BHB","LB-DIST-C18586C49F8C","","Zamrani","","","","","","","","","fuzzy-suggestion","","0","unresolved","none","","","No authoritative Arabic source with stable identity or exact hierarchy/name match"
"LB-XW-90BDCFF5C65D","LB-LOC-18D775595616","LB-LOC-18D775595616","","LB-GOV-BHB","LB-DIST-C18586C49F8C","","Zboud","","","","","","","","","fuzzy-suggestion","","0","unresolved","none","","","No authoritative Arabic source with stable identity or exact hierarchy/name match"
"LB-XW-9586477E178A","LB-LOC-3F3945B59B54","LB-LOC-3F3945B59B54","","LB-GOV-BHB","LB-DIST-C18586C49F8C","","Zboud_el-Aala","","","","","","","","","fuzzy-suggestion","","0","unresolved","none","","","No authoritative Arabic source with stable identity or exact hierarchy/name match"
"LB-XW-1EB017D67998","LB-LOC-5F755176CE6B","LB-LOC-5F755176CE6B","","LB-GOV-BHB","LB-DIST-7546F9364304","","Ain_ech-Chaara","","","","","","","","","fuzzy-suggestion","","0","unresolved","none","","","No authoritative Arabic source with stable identity or exact hierarchy/name match"
"LB-XW-68CEDA3A5F1A","LB-LOC-8DAE415C882D","LB-LOC-8DAE415C882D","","LB-GOV-BHB","LB-DIST-7546F9364304","","Chaghour","","","","","","","","","fuzzy-suggestion","","0","unresolved","none","","","No authoritative Arabic source with stable identity or exact hierarchy/name match"
"LB-XW-1184D41CC115","LB-LOC-D9CF0826907B","LB-LOC-D9CF0826907B","","LB-GOV-BHB","LB-DIST-7546F9364304","","Darb_el-Hayreh","","","","","","","","","fuzzy-suggestion","","0","unresolved","none","","","No authoritative Arabic source with stable identity or exact hierarchy/name match"
"LB-XW-91322CB920C7","LB-LOC-4CBE0F2C0C05","LB-LOC-4CBE0F2C0C05","","LB-GOV-BHB","LB-DIST-7546F9364304","","El-Qaa_el-Aala","","","","","","","","","fuzzy-suggestion","","0","unresolved","none","","","No authoritative Arabic source with stable identity or exact hierarchy/name match"
"LB-XW-A9D85E4DB2C0","LB-LOC-A6D8BAC2F07F","LB-LOC-A6D8BAC2F07F","","LB-GOV-BHB","LB-DIST-7546F9364304","","El-Qaa_el-Gharbi","","","","","","","","","fuzzy-suggestion","","0","unresolved","none","","","No authoritative Arabic source with stable identity or exact hierarchy/name match"
"LB-XW-AF54A1B56392","LB-LOC-520DD3B8AFE5","LB-LOC-520DD3B8AFE5","","LB-GOV-BHB","LB-DIST-7546F9364304","","El_Qaa","","","","","","","","","fuzzy-suggestion","","0","unresolved","none","","","No authoritative Arabic source with stable identity or exact hierarchy/name match"
"LB-XW-6361680DFD3B","LB-LOC-D8864F928495","LB-LOC-D8864F928495","","LB-GOV-BHB","LB-DIST-7546F9364304","","Hamra-HE","","","","","","","","","fuzzy-suggestion","","0","unresolved","none","","","No authoritative Arabic source with stable identity or exact hierarchy/name match"
"LB-XW-FEBC93F05EEE","LB-LOC-BFE2673B7AFB","LB-LOC-BFE2673B7AFB","","LB-GOV-BHB","LB-DIST-7546F9364304","","Haouch_Tala","","","","","","","","","fuzzy-suggestion","","0","unresolved","none","","","No authoritative Arabic source with stable identity or exact hierarchy/name match"
"LB-XW-4C99872930CD","LB-LOC-DA3D55C4AA7C","LB-LOC-DA3D55C4AA7C","","LB-GOV-BHB","LB-DIST-7546F9364304","","Haouch_Tala_el-Fawqa","","","","","","","","","fuzzy-suggestion","","0","unresolved","none","","","No authoritative Arabic source with stable identity or exact hierarchy/name match"
"LB-XW-270DE5EF0925","LB-LOC-C0ED5BFCEAB3","LB-LOC-C0ED5BFCEAB3","","LB-GOV-BHB","LB-DIST-7546F9364304","","Hermel","","","","","","","","","fuzzy-suggestion","","0","unresolved","none","","","No authoritative Arabic source with stable identity or exact hierarchy/name match"
"LB-XW-6704C3920074","LB-LOC-D9B0C59F386B","LB-LOC-D9B0C59F386B","","LB-GOV-BHB","LB-DIST-7546F9364304","","Houch_Fakhr_ed-Din","","","","","","","","","fuzzy-suggestion","","0","unresolved","none","","","No authoritative Arabic source with stable identity or exact hierarchy/name match"
"LB-XW-4D66585EA414","LB-LOC-B95DE691B510","LB-LOC-B95DE691B510","","LB-GOV-BHB","LB-DIST-7546F9364304","","Houch_Tall_Bireh","","","","","","","","","fuzzy-suggestion","","0","unresolved","none","","","No authoritative Arabic source with stable identity or exact hierarchy/name match"
"LB-XW-BC8896A57CA5","LB-LOC-53BF8732D986","LB-LOC-53BF8732D986","","LB-GOV-BHB","LB-DIST-7546F9364304","","Houch_ech-Cheikh","","","","","","","","","fuzzy-suggestion","","0","unresolved","none","","","No authoritative Arabic source with stable identity or exact hierarchy/name match"
"LB-XW-89631389BB24","LB-LOC-FF1E983DA509","LB-LOC-FF1E983DA509","","LB-GOV-BHB","LB-DIST-7546F9364304","","Houch_el-Haymeh","","","","","","","","","fuzzy-suggestion","","0","unresolved","none","","","No authoritative Arabic source with stable identity or exact hierarchy/name match"
"LB-XW-B767D931AB73","LB-LOC-553F50417B00","LB-LOC-553F50417B00","","LB-GOV-BHB","LB-DIST-7546F9364304","","Houch_el-Mounir","","","","","","","","","fuzzy-suggestion","","0","unresolved","none","","","No authoritative Arabic source with stable identity or exact hierarchy/name match"
"LB-XW-672F4DBDE450","LB-LOC-0E895DE66D7F","LB-LOC-0E895DE66D7F","","LB-GOV-BHB","LB-DIST-7546F9364304","","Houch_el-Qannabi-HE","","","","","","","","","fuzzy-suggestion","","0","unresolved","none","","","No authoritative Arabic source with stable identity or exact hierarchy/name match"
"LB-XW-52BE65D44631","LB-LOC-C8B0D2A53E7D","LB-LOC-C8B0D2A53E7D","","LB-GOV-BHB","LB-DIST-7546F9364304","","Houch_es-Sayed_Ali-HE","","","","","","","","","fuzzy-suggestion","","0","unresolved","none","","","No authoritative Arabic source with stable identity or exact hierarchy/name match"
"LB-XW-0B0055C53DB8","LB-LOC-D73D4B1FB4F2","LB-LOC-D73D4B1FB4F2","","LB-GOV-BHB","LB-DIST-7546F9364304","","Jazira","","","","","","","","","fuzzy-suggestion","","0","unresolved","none","","","No authoritative Arabic source with stable identity or exact hierarchy/name match"
"LB-XW-B0E65CAA3102","LB-LOC-5D2DD5ED821A","LB-LOC-5D2DD5ED821A","","LB-GOV-BHB","LB-DIST-7546F9364304","","Kfardane-HE","","","","","","","","","fuzzy-suggestion","","0","unresolved","none","","","No authoritative Arabic source with stable identity or exact hierarchy/name match"
"LB-XW-351E2CE6CCD5","LB-LOC-A759B830D854","LB-LOC-A759B830D854","","LB-GOV-BHB","LB-DIST-7546F9364304","","Khreibeh-HE","","","","","","","","","fuzzy-suggestion","","0","unresolved","none","","","No authoritative Arabic source with stable identity or exact hierarchy/name match"
"LB-XW-3A751AEFBA1F","LB-LOC-E4042C2407EA","LB-LOC-E4042C2407EA","","LB-GOV-BHB","LB-DIST-7546F9364304","","Labbaya-HE","","","","","","","","","fuzzy-suggestion","","0","unresolved","none","","","No authoritative Arabic source with stable identity or exact hierarchy/name match"
"LB-XW-BC20FA21EB47","LB-LOC-6FB03DADBC4F","LB-LOC-6FB03DADBC4F","","LB-GOV-BHB","LB-DIST-7546F9364304","","Maaysra-HE","","","","","","","","","fuzzy-suggestion","","0","unresolved","none","","","No authoritative Arabic source with stable identity or exact hierarchy/name match"
"LB-XW-4DB57E4888E6","LB-LOC-9682F4F96D05","LB-LOC-9682F4F96D05","","LB-GOV-BHB","LB-DIST-7546F9364304","","Manater","","","","","","","","","fuzzy-suggestion","","0","unresolved","none","","","No authoritative Arabic source with stable identity or exact hierarchy/name match"
"LB-XW-E2079DDE1402","LB-LOC-AF6FF2F7B614","LB-LOC-AF6FF2F7B614","","LB-GOV-BHB","LB-DIST-7546F9364304","","Mcherfeh-HE","","","","","","","","","fuzzy-suggestion","","0","unresolved","none","","","No authoritative Arabic source with stable identity or exact hierarchy/name match"
"LB-XW-3933465843AA","LB-LOC-89EAB3DEFDE4","LB-LOC-89EAB3DEFDE4","","LB-GOV-BHB","LB-DIST-7546F9364304","","Nabi_Saq","","","","","","","","","fuzzy-suggestion","","0","unresolved","none","","","No authoritative Arabic source with stable identity or exact hierarchy/name match"
"LB-XW-28AF92990544","LB-LOC-065ACE9526FC","LB-LOC-065ACE9526FC","","LB-GOV-BHB","LB-DIST-7546F9364304","","Qarni","","","","","","","","","fuzzy-suggestion","","0","unresolved","none","","","No authoritative Arabic source with stable identity or exact hierarchy/name match"
"LB-XW-3B7F8C82B7AC","LB-LOC-1A6CD2C3DF13","LB-LOC-1A6CD2C3DF13","","LB-GOV-BHB","LB-DIST-7546F9364304","","Qayala","","","","","","","","","fuzzy-suggestion","","0","unresolved","none","","","No authoritative Arabic source with stable identity or exact hierarchy/name match"
"LB-XW-86F66E90B8D0","LB-LOC-079616AC6C26","LB-LOC-079616AC6C26","","LB-GOV-BHB","LB-DIST-7546F9364304","","Rweyssat_el-Hermel","","","","","","","","","fuzzy-suggestion","","0","unresolved","none","","","No authoritative Arabic source with stable identity or exact hierarchy/name match"
"LB-XW-E98CA031426B","LB-LOC-B9A58C4E478A","LB-LOC-B9A58C4E478A","","LB-GOV-BHB","LB-DIST-7546F9364304","","Shaat","","","","","","","","","fuzzy-suggestion","","0","unresolved","none","","","No authoritative Arabic source with stable identity or exact hierarchy/name match"
"LB-XW-812C952285AD","LB-LOC-DE96D829B85C","LB-LOC-DE96D829B85C","","LB-GOV-BHB","LB-DIST-7546F9364304","","Shaat_el-Aala","","","","","","","","","fuzzy-suggestion","","0","unresolved","none","","","No authoritative Arabic source with stable identity or exact hierarchy/name match"
"LB-XW-4E7DC444C272","LB-LOC-766ACEFF3760","LB-LOC-766ACEFF3760","","LB-GOV-BHB","LB-DIST-7546F9364304","","Wadi_el-Assi","","","","","","","","","fuzzy-suggestion","","0","unresolved","none","","","No authoritative Arabic source with stable identity or exact hierarchy/name match"
"LB-XW-526B97E20579","LB-LOC-3A02F2CCC966","LB-LOC-3A02F2CCC966","","LB-GOV-BHB","LB-DIST-7546F9364304","","Wadi_ez-Zbdani","","","","","","","","","fuzzy-suggestion","","0","unresolved","none","","","No authoritative Arabic source with stable identity or exact hierarchy/name match"
"LB-XW-22CFE804F2B5","LB-LOC-9218F2D04EA1","LB-LOC-9218F2D04EA1","","LB-GOV-BEQ","LB-DIST-5DF05E2B012F","","Ain_Aata","","","","","","","","","fuzzy-suggestion","","0","unresolved","none","","","No authoritative Arabic source with stable identity or exact hierarchy/name match"
"LB-XW-A55E70FEA4E7","LB-LOC-3AFDED5DC8F6","LB-LOC-3AFDED5DC8F6","","LB-GOV-BEQ","LB-DIST-5DF05E2B012F","","Ain_Aata_el-Fawqa","","","","","","","","","fuzzy-suggestion","","0","unresolved","none","","","No authoritative Arabic source with stable identity or exact hierarchy/name match"
"LB-XW-A8A8C64B2BF9","LB-LOC-345A54B45F94","LB-LOC-345A54B45F94","","LB-GOV-BEQ","LB-DIST-5DF05E2B012F","","Ain_Araba","","","","","","","","","fuzzy-suggestion","","0","unresolved","none","","","No authoritative Arabic source with stable identity or exact hierarchy/name match"
"LB-XW-ADC3E61850AB","LB-LOC-C19846A680E4","LB-LOC-C19846A680E4","","LB-GOV-BEQ","LB-DIST-5DF05E2B012F","","Ain_Harcha","","","","","","","","","fuzzy-suggestion","","0","unresolved","none","","","No authoritative Arabic source with stable identity or exact hierarchy/name match"
"LB-XW-420F18329627","LB-LOC-BFF10A19D0CA","LB-LOC-BFF10A19D0CA","","LB-GOV-BEQ","LB-DIST-5DF05E2B012F","","Ain_et-Tineh-RA","","","","","","","","","fuzzy-suggestion","","0","unresolved","none","","","No authoritative Arabic source with stable identity or exact hierarchy/name match"
"LB-XW-66FFBC1A9B13","LB-LOC-7CC6D7417920","LB-LOC-7CC6D7417920","","LB-GOV-BEQ","LB-DIST-5DF05E2B012F","","Ayha","","","","","","","","","fuzzy-suggestion","","0","unresolved","none","","","No authoritative Arabic source with stable identity or exact hierarchy/name match"
"LB-XW-C38D3986C2B7","LB-LOC-5ADE16559DC7","LB-LOC-5ADE16559DC7","","LB-GOV-BEQ","LB-DIST-5DF05E2B012F","","Baalbek_el-Foukhar","","","","","","","","","fuzzy-suggestion","","0","unresolved","none","","","No authoritative Arabic source with stable identity or exact hierarchy/name match"
"LB-XW-A03C9431976F","LB-LOC-4481199424C2","LB-LOC-4481199424C2","","LB-GOV-BEQ","LB-DIST-5DF05E2B012F","","Beit_Jinn","","","","","","","","","fuzzy-suggestion","","0","unresolved","none","","","No authoritative Arabic source with stable identity or exact hierarchy/name match"
"LB-XW-6173C6803CEC","LB-LOC-1E228685D766","LB-LOC-1E228685D766","","LB-GOV-BEQ","LB-DIST-5DF05E2B012F","","Beit_Lahia","","","","","","","","","fuzzy-suggestion","","0","unresolved","none","","","No authoritative Arabic source with stable identity or exact hierarchy/name match"
"LB-XW-E9E57C8E6AB7","LB-LOC-758A1EA37372","LB-LOC-758A1EA37372","","LB-GOV-BEQ","LB-DIST-5DF05E2B012F","","Beit_Lahia_el-Aala","","","","","","","","","fuzzy-suggestion","","0","unresolved","none","","","No authoritative Arabic source with stable identity or exact hierarchy/name match"
"LB-XW-3EE4212A32F4","LB-LOC-D83F4E0A20E7","LB-LOC-D83F4E0A20E7","","LB-GOV-BEQ","LB-DIST-5DF05E2B012F","","Bkeifa-RA","","","","","","","","","fuzzy-suggestion","","0","unresolved","none","","","No authoritative Arabic source with stable identity or exact hierarchy/name match"
"LB-XW-9C36ACB5E5B1","LB-LOC-AA1D52EE210F","LB-LOC-AA1D52EE210F","","LB-GOV-BEQ","LB-DIST-5DF05E2B012F","","Bqaata-RA","","","","","","","","","fuzzy-suggestion","","0","unresolved","none","","","No authoritative Arabic source with stable identity or exact hierarchy/name match"
"LB-XW-47F2588DD58D","LB-LOC-222C1021ACBD","LB-LOC-222C1021ACBD","","LB-GOV-BEQ","LB-DIST-5DF05E2B012F","","Deir_el-Ashayer","","","","","","","","","fuzzy-suggestion","","0","unresolved","none","","","No authoritative Arabic source with stable identity or exact hierarchy/name match"
"LB-XW-8F68DBD9DFFC","LB-LOC-74CDCDF0682C","LB-LOC-74CDCDF0682C","","LB-GOV-BEQ","LB-DIST-5DF05E2B012F","","Deir_el-Ashayer_el-Fawqa","","","","","","","","","fuzzy-suggestion","","0","unresolved","none","","","No authoritative Arabic source with stable identity or exact hierarchy/name match"
"LB-XW-EB6A906FB975","LB-LOC-D344B7ACC318","LB-LOC-D344B7ACC318","","LB-GOV-BEQ","LB-DIST-5DF05E2B012F","","Deir_el-Qamar-RA","","","","","","","","","fuzzy-suggestion","","0","unresolved","none","","","No authoritative Arabic source with stable identity or exact hierarchy/name match"
"LB-XW-A75A6ED0BB9E","LB-LOC-F1B5052E86F0","LB-LOC-F1B5052E86F0","","LB-GOV-BEQ","LB-DIST-5DF05E2B012F","","Fardis-RA","","","","","","","","","fuzzy-suggestion","","0","unresolved","none","","","No authoritative Arabic source with stable identity or exact hierarchy/name match"
"LB-XW-D2E8E9CD933A","LB-LOC-B6CF6282B8F7","LB-LOC-B6CF6282B8F7","","LB-GOV-BEQ","LB-DIST-5DF05E2B012F","","Halwa","","","","","","","","","fuzzy-suggestion","","0","unresolved","none","","","No authoritative Arabic source with stable identity or exact hierarchy/name match"
"LB-XW-776166981950","LB-LOC-649E03D38319","LB-LOC-649E03D38319","","LB-GOV-BEQ","LB-DIST-5DF05E2B012F","","Jdeideh-RA","","","","","","","","","fuzzy-suggestion","","0","unresolved","none","","","No authoritative Arabic source with stable identity or exact hierarchy/name match"
"LB-XW-6821BAEB5624","LB-LOC-C2C24279BE5B","LB-LOC-C2C24279BE5B","","LB-GOV-BEQ","LB-DIST-5DF05E2B012F","","Kawkaba-RA","","","","","","","","","fuzzy-suggestion","","0","unresolved","none","","","No authoritative Arabic source with stable identity or exact hierarchy/name match"
"LB-XW-3BBE90E1742C","LB-LOC-D869DDD95D21","LB-LOC-D869DDD95D21","","LB-GOV-BEQ","LB-DIST-5DF05E2B012F","","Kawkaba_ech-Charqiye","","","","","","","","","fuzzy-suggestion","","0","unresolved","none","","","No authoritative Arabic source with stable identity or exact hierarchy/name match"
"LB-XW-BF822184616C","LB-LOC-D370F87B2C2C","LB-LOC-D370F87B2C2C","","LB-GOV-BEQ","LB-DIST-5DF05E2B012F","","Kfar_Mashki-RA","","","","","","","","","fuzzy-suggestion","","0","unresolved","none","","","No authoritative Arabic source with stable identity or exact hierarchy/name match"
"LB-XW-7133284B6AFD","LB-LOC-E7991BC271DE","LB-LOC-E7991BC271DE","","LB-GOV-BEQ","LB-DIST-5DF05E2B012F","","Kfar_Qouq","","","","","","","","","fuzzy-suggestion","","0","unresolved","none","","","No authoritative Arabic source with stable identity or exact hierarchy/name match"
"LB-XW-DE730AE16FE3","LB-LOC-6CEB011204DC","LB-LOC-6CEB011204DC","","LB-GOV-BEQ","LB-DIST-5DF05E2B012F","","Kfar_Qouq_el-Aala","","","","","","","","","fuzzy-suggestion","","0","unresolved","none","","","No authoritative Arabic source with stable identity or exact hierarchy/name match"
"LB-XW-1A5477E8F087","LB-LOC-04F9E64F7B6D","LB-LOC-04F9E64F7B6D","","LB-GOV-BEQ","LB-DIST-5DF05E2B012F","","Khalwat_el-Arqoub","","","","","","","","","fuzzy-suggestion","","0","unresolved","none","","","No authoritative Arabic source with stable identity or exact hierarchy/name match"
"LB-XW-F3D864A23B64","LB-LOC-FAB2ED1CF42B","LB-LOC-FAB2ED1CF42B","","LB-GOV-BEQ","LB-DIST-5DF05E2B012F","","Majdal_Shams","","","","","","","","","fuzzy-suggestion","","0","unresolved","none","","","No authoritative Arabic source with stable identity or exact hierarchy/name match"
"LB-XW-11242637ACED","LB-LOC-5AC85740FBDB","LB-LOC-5AC85740FBDB","","LB-GOV-BEQ","LB-DIST-5DF05E2B012F","","Majdal_Shams_el-Aala","","","","","","","","","fuzzy-suggestion","","0","unresolved","none","","","No authoritative Arabic source with stable identity or exact hierarchy/name match"
"LB-XW-E526F2389A23","LB-LOC-15ED5E81AD69","LB-LOC-15ED5E81AD69","","LB-GOV-BEQ","LB-DIST-5DF05E2B012F","","Majdel_Balhess","","","","","","","","","fuzzy-suggestion","","0","unresolved","none","","","No authoritative Arabic source with stable identity or exact hierarchy/name match"
"LB-XW-82619A87EAD2","LB-LOC-35A4AFD9B9E3","LB-LOC-35A4AFD9B9E3","","LB-GOV-BEQ","LB-DIST-5DF05E2B012F","","Maymis","","","","","","","","","fuzzy-suggestion","","0","unresolved","none","","","No authoritative Arabic source with stable identity or exact hierarchy/name match"
"LB-XW-B4DE1CE31A0C","LB-LOC-108546C91501","LB-LOC-108546C91501","","LB-GOV-BEQ","LB-DIST-5DF05E2B012F","","Rachaya","","","","","","","","","fuzzy-suggestion","","0","unresolved","none","","","No authoritative Arabic source with stable identity or exact hierarchy/name match"
"LB-XW-9A89B1B67440","LB-LOC-967316020E2C","LB-LOC-967316020E2C","","LB-GOV-BEQ","LB-DIST-5DF05E2B012F","","Rafid","","","","","","","","","fuzzy-suggestion","","0","unresolved","none","","","No authoritative Arabic source with stable identity or exact hierarchy/name match"
"LB-XW-F6755D361F99","LB-LOC-721ACE009ADB","LB-LOC-721ACE009ADB","","LB-GOV-BEQ","LB-DIST-5DF05E2B012F","","Tannoura-RA","","","","","","","","","fuzzy-suggestion","","0","unresolved","none","","","No authoritative Arabic source with stable identity or exact hierarchy/name match"
"LB-XW-1A6D269979ED","LB-LOC-8AD084FA1EC2","LB-LOC-8AD084FA1EC2","","LB-GOV-BEQ","LB-DIST-5DF05E2B012F","","Yanta","","","","","","","","","fuzzy-suggestion","","0","unresolved","none","","","No authoritative Arabic source with stable identity or exact hierarchy/name match"
"LB-XW-249300835350","LB-LOC-BCC2FE5F508B","LB-LOC-BCC2FE5F508B","","LB-GOV-BEQ","LB-DIST-4C17E6377320","","Ain_Zebdeh","","","","","","","","","fuzzy-suggestion","","0","unresolved","none","","","No authoritative Arabic source with stable identity or exact hierarchy/name match"
"LB-XW-55F0CE1D9BE1","LB-LOC-97A4A99E6414","LB-LOC-97A4A99E6414","","LB-GOV-BEQ","LB-DIST-4C17E6377320","","Ain_et-Tine-WB","","","","","","","","","fuzzy-suggestion","","0","unresolved","none","","","No authoritative Arabic source with stable identity or exact hierarchy/name match"
"LB-XW-7EFAE648B813","LB-LOC-127C10615130","LB-LOC-127C10615130","","LB-GOV-BEQ","LB-DIST-4C17E6377320","","Aitanit","","","","","","","","","fuzzy-suggestion","","0","unresolved","none","","","No authoritative Arabic source with stable identity or exact hierarchy/name match"
"LB-XW-F4FD0889DF18","LB-LOC-215AF851115E","LB-LOC-215AF851115E","","LB-GOV-BEQ","LB-DIST-4C17E6377320","","Aitanit_el-Fawqa","","","","","","","","","fuzzy-suggestion","","0","unresolved","none","","","No authoritative Arabic source with stable identity or exact hierarchy/name match"
"LB-XW-5F618E0619C2","LB-LOC-672342B39272","LB-LOC-672342B39272","","LB-GOV-BEQ","LB-DIST-4C17E6377320","","Ammiq-WB","","","","","","","","","fuzzy-suggestion","","0","unresolved","none","","","No authoritative Arabic source with stable identity or exact hierarchy/name match"
"LB-XW-B66B31A4E4B0","LB-LOC-BB19FE55CBFA","LB-LOC-BB19FE55CBFA","","LB-GOV-BEQ","LB-DIST-4C17E6377320","","Aqbeh-WB","","","","","","","","","fuzzy-suggestion","","0","unresolved","none","","","No authoritative Arabic source with stable identity or exact hierarchy/name match"
"LB-XW-7108AC1030E7","LB-LOC-86F2B8430CCA","LB-LOC-86F2B8430CCA","","LB-GOV-BEQ","LB-DIST-4C17E6377320","","Baaloul","","","","","","","","","fuzzy-suggestion","","0","unresolved","none","","","No authoritative Arabic source with stable identity or exact hierarchy/name match"
"LB-XW-F5E3E4D1A530","LB-LOC-28D12EA76447","LB-LOC-28D12EA76447","","LB-GOV-BEQ","LB-DIST-4C17E6377320","","Baloul","","","","","","","","","fuzzy-suggestion","","0","unresolved","none","","","No authoritative Arabic source with stable identity or exact hierarchy/name match"
"LB-XW-F0242F0358B8","LB-LOC-0A1ACEB0084A","LB-LOC-0A1ACEB0084A","","LB-GOV-BEQ","LB-DIST-4C17E6377320","","Baloul_el-Aalya","","","","","","","","","fuzzy-suggestion","","0","unresolved","none","","","No authoritative Arabic source with stable identity or exact hierarchy/name match"
"LB-XW-2B107E2AF5FB","LB-LOC-B292F3586EB3","LB-LOC-B292F3586EB3","","LB-GOV-BEQ","LB-DIST-4C17E6377320","","Beit_ed-Din-WB","","","","","","","","","fuzzy-suggestion","","0","unresolved","none","","","No authoritative Arabic source with stable identity or exact hierarchy/name match"
"LB-XW-2E1E10F58A9E","LB-LOC-771CCE9F01F3","LB-LOC-771CCE9F01F3","","LB-GOV-BEQ","LB-DIST-4C17E6377320","","Dalafeh","","","","","","","","","fuzzy-suggestion","","0","unresolved","none","","","No authoritative Arabic source with stable identity or exact hierarchy/name match"
"LB-XW-D214755450D3","LB-LOC-D532C39A9B4A","LB-LOC-D532C39A9B4A","","LB-GOV-BEQ","LB-DIST-4C17E6377320","","Deir_ez-Zahrani-WB","","","","","","","","","fuzzy-suggestion","","0","unresolved","none","","","No authoritative Arabic source with stable identity or exact hierarchy/name match"
"LB-XW-43A891AEA938","LB-LOC-29F7330A515E","LB-LOC-29F7330A515E","","LB-GOV-BEQ","LB-DIST-4C17E6377320","","Ghazzeh","","","","","","","","","fuzzy-suggestion","","0","unresolved","none","","","No authoritative Arabic source with stable identity or exact hierarchy/name match"
"LB-XW-3FDA95294D0E","LB-LOC-121D30ADB9F4","LB-LOC-121D30ADB9F4","","LB-GOV-BEQ","LB-DIST-4C17E6377320","","Houch_el-Harimeh-WB","","","","","","","","","fuzzy-suggestion","","0","unresolved","none","","","No authoritative Arabic source with stable identity or exact hierarchy/name match"
"LB-XW-1B3F88B5B889","LB-LOC-11F0ADABCFDF","LB-LOC-11F0ADABCFDF","","LB-GOV-BEQ","LB-DIST-4C17E6377320","","Houch_er-Rafqa-WB","","","","","","","","","fuzzy-suggestion","","0","unresolved","none","","","No authoritative Arabic source with stable identity or exact hierarchy/name match"
"LB-XW-366485377C1D","LB-LOC-5454E5F046BC","LB-LOC-5454E5F046BC","","LB-GOV-BEQ","LB-DIST-4C17E6377320","","Jeb_Jannine","","","","","","","","","fuzzy-suggestion","","0","unresolved","none","","","No authoritative Arabic source with stable identity or exact hierarchy/name match"
"LB-XW-3389E8BBF020","LB-LOC-918956C81F0D","LB-LOC-918956C81F0D","","LB-GOV-BEQ","LB-DIST-4C17E6377320","","Jeb_Jannine_el-Fawqa","","","","","","","","","fuzzy-suggestion","","0","unresolved","none","","","No authoritative Arabic source with stable identity or exact hierarchy/name match"
"LB-XW-1626BF5DAFC1","LB-LOC-14C2BA4F2509","LB-LOC-14C2BA4F2509","","LB-GOV-BEQ","LB-DIST-4C17E6377320","","Kamed_el-Loz","","","","","","","","","fuzzy-suggestion","","0","unresolved","none","","","No authoritative Arabic source with stable identity or exact hierarchy/name match"
"LB-XW-24978244859A","LB-LOC-1A9C3D68EBF4","LB-LOC-1A9C3D68EBF4","","LB-GOV-BEQ","LB-DIST-4C17E6377320","","Kamed_el-Loz_el-Fawqa","","","","","","","","","fuzzy-suggestion","","0","unresolved","none","","","No authoritative Arabic source with stable identity or exact hierarchy/name match"
"LB-XW-27CFAACED858","LB-LOC-8E20CCDF655E","LB-LOC-8E20CCDF655E","","LB-GOV-BEQ","LB-DIST-4C17E6377320","","Kfar_Houne-WB","","","","","","","","","fuzzy-suggestion","","0","unresolved","none","","","No authoritative Arabic source with stable identity or exact hierarchy/name match"
"LB-XW-18B0FA739BF1","LB-LOC-DCD71EEB03F8","LB-LOC-DCD71EEB03F8","","LB-GOV-BEQ","LB-DIST-4C17E6377320","","Kfardane","","","","","","","","","fuzzy-suggestion","","0","unresolved","none","","","No authoritative Arabic source with stable identity or exact hierarchy/name match"
"LB-XW-E60EE3979CF0","LB-LOC-1EEC781ADAC1","LB-LOC-1EEC781ADAC1","","LB-GOV-BEQ","LB-DIST-4C17E6377320","","Kfrayya","","","","","","","","","fuzzy-suggestion","","0","unresolved","none","","","No authoritative Arabic source with stable identity or exact hierarchy/name match"
"LB-XW-DEED44B98D69","LB-LOC-2E260844FBFC","LB-LOC-2E260844FBFC","","LB-GOV-BEQ","LB-DIST-4C17E6377320","","Khalwat_Mashghara","","","","","","","","","fuzzy-suggestion","","0","unresolved","none","","","No authoritative Arabic source with stable identity or exact hierarchy/name match"
"LB-XW-B897056702A0","LB-LOC-D35CCCE6352E","LB-LOC-D35CCCE6352E","","LB-GOV-BEQ","LB-DIST-4C17E6377320","","Khirbet_Qanafar","","","","","","","","","fuzzy-suggestion","","0","unresolved","none","","","No authoritative Arabic source with stable identity or exact hierarchy/name match"
"LB-XW-081BA3ACC449","LB-LOC-D682C52AE0F8","LB-LOC-D682C52AE0F8","","LB-GOV-BEQ","LB-DIST-4C17E6377320","","Labbaya","","","","","","","","","fuzzy-suggestion","","0","unresolved","none","","","No authoritative Arabic source with stable identity or exact hierarchy/name match"
"LB-XW-C54F41657D08","LB-LOC-0A42C7CE05AD","LB-LOC-0A42C7CE05AD","","LB-GOV-BEQ","LB-DIST-4C17E6377320","","Lala","","","","","","","","","fuzzy-suggestion","","0","unresolved","none","","","No authoritative Arabic source with stable identity or exact hierarchy/name match"
"LB-XW-48E044123231","LB-LOC-64A3EEB6B153","LB-LOC-64A3EEB6B153","","LB-GOV-BEQ","LB-DIST-4C17E6377320","","Manara-WB","","","","","","","","","fuzzy-suggestion","","0","unresolved","none","","","No authoritative Arabic source with stable identity or exact hierarchy/name match"
"LB-XW-39DB816DF57A","LB-LOC-37DE0FD15849","LB-LOC-37DE0FD15849","","LB-GOV-BEQ","LB-DIST-4C17E6377320","","Marj-WB","","","","","","","","","fuzzy-suggestion","","0","unresolved","none","","","No authoritative Arabic source with stable identity or exact hierarchy/name match"
"LB-XW-B5731FE6FF0E","LB-LOC-1FC4764EE0DD","LB-LOC-1FC4764EE0DD","","LB-GOV-BEQ","LB-DIST-4C17E6377320","","Mashghara","","","","","","","","","fuzzy-suggestion","","0","unresolved","none","","","No authoritative Arabic source with stable identity or exact hierarchy/name match"
"LB-XW-E516B18725DB","LB-LOC-9DECB3A9312B","LB-LOC-9DECB3A9312B","","LB-GOV-BEQ","LB-DIST-4C17E6377320","","Maydoun","","","","","","","","","fuzzy-suggestion","","0","unresolved","none","","","No authoritative Arabic source with stable identity or exact hierarchy/name match"
"LB-XW-410C9DB19F4A","LB-LOC-D863E9759F1F","LB-LOC-D863E9759F1F","","LB-GOV-BEQ","LB-DIST-4C17E6377320","","Mcherfeh-WB","","","","","","","","","fuzzy-suggestion","","0","unresolved","none","","","No authoritative Arabic source with stable identity or exact hierarchy/name match"
"LB-XW-DE6B052B8AAD","LB-LOC-B27595C2CF1F","LB-LOC-B27595C2CF1F","","LB-GOV-BEQ","LB-DIST-4C17E6377320","","Qalaa-WB","","","","","","","","","fuzzy-suggestion","","0","unresolved","none","","","No authoritative Arabic source with stable identity or exact hierarchy/name match"
"LB-XW-D3737BD00B5C","LB-LOC-B4FEE6094103","LB-LOC-B4FEE6094103","","LB-GOV-BEQ","LB-DIST-4C17E6377320","","Qaraoun","","","","","","","","","fuzzy-suggestion","","0","unresolved","none","","","No authoritative Arabic source with stable identity or exact hierarchy/name match"
"LB-XW-D7FC6A77FB6B","LB-LOC-8D7EB3D21ECB","LB-LOC-8D7EB3D21ECB","","LB-GOV-BEQ","LB-DIST-4C17E6377320","","Qaraoun_el-Fawqa","","","","","","","","","fuzzy-suggestion","","0","unresolved","none","","","No authoritative Arabic source with stable identity or exact hierarchy/name match"
"LB-XW-3AA6ABB24B6E","LB-LOC-ED1F6C10E052","LB-LOC-ED1F6C10E052","","LB-GOV-BEQ","LB-DIST-4C17E6377320","","Riha","","","","","","","","","fuzzy-suggestion","","0","unresolved","none","","","No authoritative Arabic source with stable identity or exact hierarchy/name match"
"LB-XW-AC13953ECCDB","LB-LOC-DB2F69B55526","LB-LOC-DB2F69B55526","","LB-GOV-BEQ","LB-DIST-4C17E6377320","","Saghbine","","","","","","","","","fuzzy-suggestion","","0","unresolved","none","","","No authoritative Arabic source with stable identity or exact hierarchy/name match"
"LB-XW-ABA6CBE94067","LB-LOC-3EA2ABBAEDCF","LB-LOC-3EA2ABBAEDCF","","LB-GOV-BEQ","LB-DIST-4C17E6377320","","Sahmor","","","","","","","","","fuzzy-suggestion","","0","unresolved","none","","","No authoritative Arabic source with stable identity or exact hierarchy/name match"
"LB-XW-AAC40270AD31","LB-LOC-F60E70D2D03D","LB-LOC-F60E70D2D03D","","LB-GOV-BEQ","LB-DIST-4C17E6377320","","Souayri","","","","","","","","","fuzzy-suggestion","","0","unresolved","none","","","No authoritative Arabic source with stable identity or exact hierarchy/name match"
"LB-XW-B31C579F9612","LB-LOC-A2287299FFD7","LB-LOC-A2287299FFD7","","LB-GOV-BEQ","LB-DIST-4C17E6377320","","Sultan_Yaaqoub","","","","","","","","","fuzzy-suggestion","","0","unresolved","none","","","No authoritative Arabic source with stable identity or exact hierarchy/name match"
"LB-XW-B97784145B18","LB-LOC-02432C9CD227","LB-LOC-02432C9CD227","","LB-GOV-BEQ","LB-DIST-4C17E6377320","","Yahmar","","","","","","","","","fuzzy-suggestion","","0","unresolved","none","","","No authoritative Arabic source with stable identity or exact hierarchy/name match"
"LB-XW-190C283FAC6B","LB-LOC-9A8257372BF1","LB-LOC-9A8257372BF1","","LB-GOV-BEQ","LB-DIST-44864594B73A","","Ablah","","","","","","","","","fuzzy-suggestion","","0","unresolved","none","","","No authoritative Arabic source with stable identity or exact hierarchy/name match"
"LB-XW-8F1BF1B9B91A","LB-LOC-BB9F8B826ECE","LB-LOC-BB9F8B826ECE","","LB-GOV-BEQ","LB-DIST-44864594B73A","","Ahmar","","","","","","","","","fuzzy-suggestion","","0","unresolved","none","","","No authoritative Arabic source with stable identity or exact hierarchy/name match"
"LB-XW-136AE53C096E","LB-LOC-24965909477F","LB-LOC-24965909477F","","LB-GOV-BEQ","LB-DIST-44864594B73A","","Ain_Kfarzabad","","","","","","","","","fuzzy-suggestion","","0","unresolved","none","","","No authoritative Arabic source with stable identity or exact hierarchy/name match"
"LB-XW-926577980255","LB-LOC-6C0EAE8E60B2","LB-LOC-6C0EAE8E60B2","","LB-GOV-BEQ","LB-DIST-44864594B73A","","Ain_el-Haql","","","","","","","","","fuzzy-suggestion","","0","unresolved","none","","","No authoritative Arabic source with stable identity or exact hierarchy/name match"
"LB-XW-B0E73D48757E","LB-LOC-C3502B2F5D6C","LB-LOC-C3502B2F5D6C","","LB-GOV-BEQ","LB-DIST-44864594B73A","","Ali_Nahri","","","","","","","","","fuzzy-suggestion","","0","unresolved","none","","","No authoritative Arabic source with stable identity or exact hierarchy/name match"
"LB-XW-BF2B8E1AB940","LB-LOC-6FC886634497","LB-LOC-6FC886634497","","LB-GOV-BEQ","LB-DIST-44864594B73A","","Anjar","","","","","","","","","fuzzy-suggestion","","0","unresolved","none","","","No authoritative Arabic source with stable identity or exact hierarchy/name match"
"LB-XW-CE602880A5FB","LB-LOC-516DD593C651","LB-LOC-516DD593C651","","LB-GOV-BEQ","LB-DIST-44864594B73A","","Bar_Elias","","","","","","","","","fuzzy-suggestion","","0","unresolved","none","","","No authoritative Arabic source with stable identity or exact hierarchy/name match"
"LB-XW-29D87F60D947","LB-LOC-ECA3D64FEB80","LB-LOC-ECA3D64FEB80","","LB-GOV-BEQ","LB-DIST-44864594B73A","","Bednayel","","","","","","","","","fuzzy-suggestion","","0","unresolved","none","","","No authoritative Arabic source with stable identity or exact hierarchy/name match"
"LB-XW-2B796E003E90","LB-LOC-CE1CA1C25998","LB-LOC-CE1CA1C25998","","LB-GOV-BEQ","LB-DIST-44864594B73A","","Beit_Chama","","","","","","","","","fuzzy-suggestion","","0","unresolved","none","","","No authoritative Arabic source with stable identity or exact hierarchy/name match"
"LB-XW-BE77BA195AA7","LB-LOC-940A2851EAA5","LB-LOC-940A2851EAA5","","LB-GOV-BEQ","LB-DIST-44864594B73A","","Blat-ZA","","","","","","","","","fuzzy-suggestion","","0","unresolved","none","","","No authoritative Arabic source with stable identity or exact hierarchy/name match"
"LB-XW-55152884AB08","LB-LOC-2969BB28B1AE","LB-LOC-2969BB28B1AE","","LB-GOV-BEQ","LB-DIST-44864594B73A","","Chtaura","","","","","","","","","fuzzy-suggestion","","0","unresolved","none","","","No authoritative Arabic source with stable identity or exact hierarchy/name match"
"LB-XW-72DA544E8E85","LB-LOC-CC30A04046DA","LB-LOC-CC30A04046DA","","LB-GOV-BEQ","LB-DIST-44864594B73A","","Deir_el-Ghazal","","","","","","","","","fuzzy-suggestion","","0","unresolved","none","","","No authoritative Arabic source with stable identity or exact hierarchy/name match"
"LB-XW-5609AF72D128","LB-LOC-8D157619ADC4","LB-LOC-8D157619ADC4","","LB-GOV-BEQ","LB-DIST-44864594B73A","","Faydha-ZA","","","","","","","","","fuzzy-suggestion","","0","unresolved","none","","","No authoritative Arabic source with stable identity or exact hierarchy/name match"
"LB-XW-D4F66E2BABB6","LB-LOC-FCCB9D81BD86","LB-LOC-FCCB9D81BD86","","LB-GOV-BEQ","LB-DIST-44864594B73A","","Ferzol","","","","","","","","","fuzzy-suggestion","","0","unresolved","none","","","No authoritative Arabic source with stable identity or exact hierarchy/name match"
"LB-XW-1A1C9A637185","LB-LOC-86DFBC18FD05","LB-LOC-86DFBC18FD05","","LB-GOV-BEQ","LB-DIST-44864594B73A","","Ferzol_el-Aala","","","","","","","","","fuzzy-suggestion","","0","unresolved","none","","","No authoritative Arabic source with stable identity or exact hierarchy/name match"
"LB-XW-2272695893AF","LB-LOC-820CA4A47113","LB-LOC-820CA4A47113","","LB-GOV-BEQ","LB-DIST-44864594B73A","","Houch_Barda","","","","","","","","","fuzzy-suggestion","","0","unresolved","none","","","No authoritative Arabic source with stable identity or exact hierarchy/name match"
"LB-XW-DD811C4CE761","LB-LOC-80B853D72B58","LB-LOC-80B853D72B58","","LB-GOV-BEQ","LB-DIST-44864594B73A","","Houch_Hala","","","","","","","","","fuzzy-suggestion","","0","unresolved","none","","","No authoritative Arabic source with stable identity or exact hierarchy/name match"
"LB-XW-F12C85837E0E","LB-LOC-764D37EA7C8D","LB-LOC-764D37EA7C8D","","LB-GOV-BEQ","LB-DIST-44864594B73A","","Houch_Qammeh","","","","","","","","","fuzzy-suggestion","","0","unresolved","none","","","No authoritative Arabic source with stable identity or exact hierarchy/name match"
"LB-XW-8596E299C1AA","LB-LOC-BFBE32A5BFF4","LB-LOC-BFBE32A5BFF4","","LB-GOV-BEQ","LB-DIST-44864594B73A","","Houch_el-Ghanam","","","","","","","","","fuzzy-suggestion","","0","unresolved","none","","","No authoritative Arabic source with stable identity or exact hierarchy/name match"
"LB-XW-108B8AE04F6B","LB-LOC-4AE05F903716","LB-LOC-4AE05F903716","","LB-GOV-BEQ","LB-DIST-44864594B73A","","Houch_el-Harimeh","","","","","","","","","fuzzy-suggestion","","0","unresolved","none","","","No authoritative Arabic source with stable identity or exact hierarchy/name match"
"LB-XW-2A60750AB509","LB-LOC-CBD8DD9D6742","LB-LOC-CBD8DD9D6742","","LB-GOV-BEQ","LB-DIST-44864594B73A","","Houch_el-Oumara","","","","","","","","","fuzzy-suggestion","","0","unresolved","none","","","No authoritative Arabic source with stable identity or exact hierarchy/name match"
"LB-XW-43100D793174","LB-LOC-99725332E9EF","LB-LOC-99725332E9EF","","LB-GOV-BEQ","LB-DIST-44864594B73A","","Houch_en-Nabi","","","","","","","","","fuzzy-suggestion","","0","unresolved","none","","","No authoritative Arabic source with stable identity or exact hierarchy/name match"
"LB-XW-21BE99FE0C47","LB-LOC-84F6CA3DAFAE","LB-LOC-84F6CA3DAFAE","","LB-GOV-BEQ","LB-DIST-44864594B73A","","Houch_er-Rafqa","","","","","","","","","fuzzy-suggestion","","0","unresolved","none","","","No authoritative Arabic source with stable identity or exact hierarchy/name match"
"LB-XW-D025E165CA6F","LB-LOC-446C703074E3","LB-LOC-446C703074E3","","LB-GOV-BEQ","LB-DIST-44864594B73A","","Ibl_es-Saqi-ZA","","","","","","","","","fuzzy-suggestion","","0","unresolved","none","","","No authoritative Arabic source with stable identity or exact hierarchy/name match"
"LB-XW-0CC39CD7C8EA","LB-LOC-F153CF8C138E","LB-LOC-F153CF8C138E","","LB-GOV-BEQ","LB-DIST-44864594B73A","","Jalala","","","","","","","","","fuzzy-suggestion","","0","unresolved","none","","","No authoritative Arabic source with stable identity or exact hierarchy/name match"
"LB-XW-998588FA3BE9","LB-LOC-DE76E8C1ECC1","LB-LOC-DE76E8C1ECC1","","LB-GOV-BEQ","LB-DIST-44864594B73A","","Jdita","","","","","","","","","fuzzy-suggestion","","0","unresolved","none","","","No authoritative Arabic source with stable identity or exact hierarchy/name match"
"LB-XW-607FD72113AE","LB-LOC-6FD2C60C41A5","LB-LOC-6FD2C60C41A5","","LB-GOV-BEQ","LB-DIST-44864594B73A","","Jdita_el-Fawqa","","","","","","","","","fuzzy-suggestion","","0","unresolved","none","","","No authoritative Arabic source with stable identity or exact hierarchy/name match"
"LB-XW-1DB869B361BE","LB-LOC-B1A147F8DE68","LB-LOC-B1A147F8DE68","","LB-GOV-BEQ","LB-DIST-44864594B73A","","Karak","","","","","","","","","fuzzy-suggestion","","0","unresolved","none","","","No authoritative Arabic source with stable identity or exact hierarchy/name match"
"LB-XW-2234E5CDEC12","LB-LOC-FE9CE73B75CF","LB-LOC-FE9CE73B75CF","","LB-GOV-BEQ","LB-DIST-44864594B73A","","Karak-ZA","","","","","","","","","fuzzy-suggestion","","0","unresolved","none","","","No authoritative Arabic source with stable identity or exact hierarchy/name match"
"LB-XW-90C515A2FF10","LB-LOC-0E3F57A438C2","LB-LOC-0E3F57A438C2","","LB-GOV-BEQ","LB-DIST-44864594B73A","","Kfar_Qouq-ZA","","","","","","","","","fuzzy-suggestion","","0","unresolved","none","","","No authoritative Arabic source with stable identity or exact hierarchy/name match"
"LB-XW-51DCC99B14AC","LB-LOC-81B012AC8AA1","LB-LOC-81B012AC8AA1","","LB-GOV-BEQ","LB-DIST-44864594B73A","","Kfar_Yachoua","","","","","","","","","fuzzy-suggestion","","0","unresolved","none","","","No authoritative Arabic source with stable identity or exact hierarchy/name match"
"LB-XW-882C04158EF5","LB-LOC-EABC40AF37AE","LB-LOC-EABC40AF37AE","","LB-GOV-BEQ","LB-DIST-44864594B73A","","Kfarzabad","","","","","","","","","fuzzy-suggestion","","0","unresolved","none","","","No authoritative Arabic source with stable identity or exact hierarchy/name match"
"LB-XW-F840C597644C","LB-LOC-8C1A87AD7193","LB-LOC-8C1A87AD7193","","LB-GOV-BEQ","LB-DIST-44864594B73A","","Kssara","","","","","","","","","fuzzy-suggestion","","0","unresolved","none","","","No authoritative Arabic source with stable identity or exact hierarchy/name match"
"LB-XW-587D23192E32","LB-LOC-5CA736E3EBF8","LB-LOC-5CA736E3EBF8","","LB-GOV-BEQ","LB-DIST-44864594B73A","","Maallaqa","","","","","","","","","fuzzy-suggestion","","0","unresolved","none","","","No authoritative Arabic source with stable identity or exact hierarchy/name match"
"LB-XW-688A09A0E2F7","LB-LOC-5B77A8D783BA","LB-LOC-5B77A8D783BA","","LB-GOV-BEQ","LB-DIST-44864594B73A","","Maallaqa_el-Aalya","","","","","","","","","fuzzy-suggestion","","0","unresolved","none","","","No authoritative Arabic source with stable identity or exact hierarchy/name match"
"LB-XW-8C717B8CB6D5","LB-LOC-6B412958E2EA","LB-LOC-6B412958E2EA","","LB-GOV-BEQ","LB-DIST-44864594B73A","","Majdel_Anjar","","","","","","","","","fuzzy-suggestion","","0","unresolved","none","","","No authoritative Arabic source with stable identity or exact hierarchy/name match"
"LB-XW-BC22E099A1BE","LB-LOC-EB9FCDA124CE","LB-LOC-EB9FCDA124CE","","LB-GOV-BEQ","LB-DIST-44864594B73A","","Makseh","","","","","","","","","fuzzy-suggestion","","0","unresolved","none","","","No authoritative Arabic source with stable identity or exact hierarchy/name match"
"LB-XW-FA4E51BA1891","LB-LOC-1B79059F7B62","LB-LOC-1B79059F7B62","","LB-GOV-BEQ","LB-DIST-44864594B73A","","Manarah-ZA","","","","","","","","","fuzzy-suggestion","","0","unresolved","none","","","No authoritative Arabic source with stable identity or exact hierarchy/name match"
"LB-XW-D330AE5C64FC","LB-LOC-BC3D682C759A","LB-LOC-BC3D682C759A","","LB-GOV-BEQ","LB-DIST-44864594B73A","","Nabi_Chet","","","","","","","","","fuzzy-suggestion","","0","unresolved","none","","","No authoritative Arabic source with stable identity or exact hierarchy/name match"
"LB-XW-5785CB236107","LB-LOC-4CA88E93F91B","LB-LOC-4CA88E93F91B","","LB-GOV-BEQ","LB-DIST-44864594B73A","","Niha-ZA","","","","","","","","","fuzzy-suggestion","","0","unresolved","none","","","No authoritative Arabic source with stable identity or exact hierarchy/name match"
"LB-XW-BEE72B28571F","LB-LOC-8315876ECF17","LB-LOC-8315876ECF17","","LB-GOV-BEQ","LB-DIST-44864594B73A","","Qaa_er-Rim","","","","","","","","","fuzzy-suggestion","","0","unresolved","none","","","No authoritative Arabic source with stable identity or exact hierarchy/name match"
"LB-XW-F4BF5683829E","LB-LOC-32B61BFE60B4","LB-LOC-32B61BFE60B4","","LB-GOV-BEQ","LB-DIST-44864594B73A","","Qammoua-ZA","","","","","","","","","fuzzy-suggestion","","0","unresolved","none","","","No authoritative Arabic source with stable identity or exact hierarchy/name match"
"LB-XW-92822877502E","LB-LOC-1AE438121144","LB-LOC-1AE438121144","","LB-GOV-BEQ","LB-DIST-44864594B73A","","Qortaba-ZA","","","","","","","","","fuzzy-suggestion","","0","unresolved","none","","","No authoritative Arabic source with stable identity or exact hierarchy/name match"
"LB-XW-D6CC7473D9B1","LB-LOC-33DCCEC2F233","LB-LOC-33DCCEC2F233","","LB-GOV-BEQ","LB-DIST-44864594B73A","","Raait","","","","","","","","","fuzzy-suggestion","","0","unresolved","none","","","No authoritative Arabic source with stable identity or exact hierarchy/name match"
"LB-XW-BC6407BBA552","LB-LOC-929350D8FDFF","LB-LOC-929350D8FDFF","","LB-GOV-BEQ","LB-DIST-44864594B73A","","Rawdha-ZA","","","","","","","","","fuzzy-suggestion","","0","unresolved","none","","","No authoritative Arabic source with stable identity or exact hierarchy/name match"
"LB-XW-F7A97A4AA19D","LB-LOC-68626AD868E3","LB-LOC-68626AD868E3","","LB-GOV-BEQ","LB-DIST-44864594B73A","","Riyaq","","","","","","","","","fuzzy-suggestion","","0","unresolved","none","","","No authoritative Arabic source with stable identity or exact hierarchy/name match"
"LB-XW-7C46213F809C","LB-LOC-3CA7DB402E7E","LB-LOC-3CA7DB402E7E","","LB-GOV-BEQ","LB-DIST-44864594B73A","","Riyaq_el-Aala","","","","","","","","","fuzzy-suggestion","","0","unresolved","none","","","No authoritative Arabic source with stable identity or exact hierarchy/name match"
"LB-XW-4793827ED468","LB-LOC-2DDAF1A38357","LB-LOC-2DDAF1A38357","","LB-GOV-BEQ","LB-DIST-44864594B73A","","Saadnayel","","","","","","","","","fuzzy-suggestion","","0","unresolved","none","","","No authoritative Arabic source with stable identity or exact hierarchy/name match"
"LB-XW-692981BE563E","LB-LOC-E3A7874589E8","LB-LOC-E3A7874589E8","","LB-GOV-BEQ","LB-DIST-44864594B73A","","Saadnayel_el-Aala","","","","","","","","","fuzzy-suggestion","","0","unresolved","none","","","No authoritative Arabic source with stable identity or exact hierarchy/name match"
"LB-XW-B5C481B3D100","LB-LOC-1494077E7D77","LB-LOC-1494077E7D77","","LB-GOV-BEQ","LB-DIST-44864594B73A","","Sifri","","","","","","","","","fuzzy-suggestion","","0","unresolved","none","","","No authoritative Arabic source with stable identity or exact hierarchy/name match"
"LB-XW-EC9801412EAF","LB-LOC-61E21D7BEED7","LB-LOC-61E21D7BEED7","","LB-GOV-BEQ","LB-DIST-44864594B73A","","Taalabaya","","","","","","","","","fuzzy-suggestion","","0","unresolved","none","","","No authoritative Arabic source with stable identity or exact hierarchy/name match"
"LB-XW-00CF0AA20A80","LB-LOC-03576E4BD9D4","LB-LOC-03576E4BD9D4","","LB-GOV-BEQ","LB-DIST-44864594B73A","","Taanayel","","","","","","","","","fuzzy-suggestion","","0","unresolved","none","","","No authoritative Arabic source with stable identity or exact hierarchy/name match"
"LB-XW-8D198C874F31","LB-LOC-293F33C0C46A","LB-LOC-293F33C0C46A","","LB-GOV-BEQ","LB-DIST-44864594B73A","","Tawqat","","","","","","","","","fuzzy-suggestion","","0","unresolved","none","","","No authoritative Arabic source with stable identity or exact hierarchy/name match"
"LB-XW-2FE290E6D9E3","LB-LOC-08729326618B","LB-LOC-08729326618B","","LB-GOV-BEQ","LB-DIST-44864594B73A","","Terbol","","","","","","","","","fuzzy-suggestion","","0","unresolved","none","","","No authoritative Arabic source with stable identity or exact hierarchy/name match"
"LB-XW-215039FDD1F6","LB-LOC-720C54DF24D6","LB-LOC-720C54DF24D6","","LB-GOV-BEQ","LB-DIST-44864594B73A","","Wadi_el-Arayech-ZA","","","","","","","","","fuzzy-suggestion","","0","unresolved","none","","","No authoritative Arabic source with stable identity or exact hierarchy/name match"
"LB-XW-BDB34AC8CB6F","LB-LOC-00CA3CDEEAA2","LB-LOC-00CA3CDEEAA2","","LB-GOV-BEQ","LB-DIST-44864594B73A","","Zahle","","","","","","","","","fuzzy-suggestion","","0","unresolved","none","","","No authoritative Arabic source with stable identity or exact hierarchy/name match"
"LB-XW-B702E2B7B195","LB-LOC-69037F655ADE","LB-LOC-69037F655ADE","","LB-GOV-BEQ","LB-DIST-44864594B73A","","Zahle_Houch_ez-Zaraaneh","","","","","","","","","fuzzy-suggestion","","0","unresolved","none","","","No authoritative Arabic source with stable identity or exact hierarchy/name match"
"LB-XW-35760DDA71AB","LB-LOC-85F37169DA73","LB-LOC-85F37169DA73","","LB-GOV-BEQ","LB-DIST-44864594B73A","","Zahle_el-Balad","","","","","","","","","fuzzy-suggestion","","0","unresolved","none","","","No authoritative Arabic source with stable identity or exact hierarchy/name match"
"LB-XW-B55B8D065FAD","LB-LOC-E56AB1AE489B","LB-LOC-E56AB1AE489B","","LB-GOV-SLB","LB-DIST-4BAD7915B3FB","","Ain_Majdalein","","","","","","","","","fuzzy-suggestion","","0","unresolved","none","","","No authoritative Arabic source with stable identity or exact hierarchy/name match"
"LB-XW-F5ED79E473FD","LB-LOC-6CEADBA8881F","LB-LOC-6CEADBA8881F","","LB-GOV-SLB","LB-DIST-4BAD7915B3FB","","Ain_Majdalein-JZ","","","","","","","","","fuzzy-suggestion","","0","unresolved","none","","","No authoritative Arabic source with stable identity or exact hierarchy/name match"
"LB-XW-DF6DE868FA5E","LB-LOC-9C3AB261EFBB","LB-LOC-9C3AB261EFBB","","LB-GOV-SLB","LB-DIST-4BAD7915B3FB","","Ain_Qanya-JZ","","","","","","","","","fuzzy-suggestion","","0","unresolved","none","","","No authoritative Arabic source with stable identity or exact hierarchy/name match"
"LB-XW-8FFCEA05336C","LB-LOC-71582A5795DC","LB-LOC-71582A5795DC","","LB-GOV-SLB","LB-DIST-4BAD7915B3FB","","Ain_el-Mir-JZ","","","","","","","","","fuzzy-suggestion","","0","unresolved","none","","","No authoritative Arabic source with stable identity or exact hierarchy/name match"
"LB-XW-027D4D447F1B","LB-LOC-5DBB1E2CF432","LB-LOC-5DBB1E2CF432","","LB-GOV-SLB","LB-DIST-4BAD7915B3FB","","Ara_ech-Chamaliye","","","","","","","","","fuzzy-suggestion","","0","unresolved","none","","","No authoritative Arabic source with stable identity or exact hierarchy/name match"
"LB-XW-70C92DCF0F66","LB-LOC-3F5F358AE491","LB-LOC-3F5F358AE491","","LB-GOV-SLB","LB-DIST-4BAD7915B3FB","","Areed","","","","","","","","","fuzzy-suggestion","","0","unresolved","none","","","No authoritative Arabic source with stable identity or exact hierarchy/name match"
"LB-XW-70C71E0C5F60","LB-LOC-54DC036B175D","LB-LOC-54DC036B175D","","LB-GOV-SLB","LB-DIST-4BAD7915B3FB","","Azour","","","","","","","","","fuzzy-suggestion","","0","unresolved","none","","","No authoritative Arabic source with stable identity or exact hierarchy/name match"
"LB-XW-3F41B4AC4763","LB-LOC-7037B06E06C0","LB-LOC-7037B06E06C0","","LB-GOV-SLB","LB-DIST-4BAD7915B3FB","","Beit_Idriss","","","","","","","","","fuzzy-suggestion","","0","unresolved","none","","","No authoritative Arabic source with stable identity or exact hierarchy/name match"
"LB-XW-92CC93196DF8","LB-LOC-D0E1C3CC2248","LB-LOC-D0E1C3CC2248","","LB-GOV-SLB","LB-DIST-4BAD7915B3FB","","Beit_el-Mir","","","","","","","","","fuzzy-suggestion","","0","unresolved","none","","","No authoritative Arabic source with stable identity or exact hierarchy/name match"
"LB-XW-F46EF1BEFE26","LB-LOC-66827D9DC16D","LB-LOC-66827D9DC16D","","LB-GOV-SLB","LB-DIST-4BAD7915B3FB","","Bisri","","","","","","","","","fuzzy-suggestion","","0","unresolved","none","","","No authoritative Arabic source with stable identity or exact hierarchy/name match"
"LB-XW-C39DE4FBC7F0","LB-LOC-C4F8D47052F6","LB-LOC-C4F8D47052F6","","LB-GOV-SLB","LB-DIST-4BAD7915B3FB","","Bkassine","","","","","","","","","fuzzy-suggestion","","0","unresolved","none","","","No authoritative Arabic source with stable identity or exact hierarchy/name match"
"LB-XW-8CD917926583","LB-LOC-67ED016E05E6","LB-LOC-67ED016E05E6","","LB-GOV-SLB","LB-DIST-4BAD7915B3FB","","Bkassine_el-Aala","","","","","","","","","fuzzy-suggestion","","0","unresolved","none","","","No authoritative Arabic source with stable identity or exact hierarchy/name match"
"LB-XW-E409F946BD01","LB-LOC-514464A682E4","LB-LOC-514464A682E4","","LB-GOV-SLB","LB-DIST-4BAD7915B3FB","","Boureh","","","","","","","","","fuzzy-suggestion","","0","unresolved","none","","","No authoritative Arabic source with stable identity or exact hierarchy/name match"
"LB-XW-AE04602CB1D7","LB-LOC-8BE01F72BE43","LB-LOC-8BE01F72BE43","","LB-GOV-SLB","LB-DIST-4BAD7915B3FB","","Btater-JZ","","","","","","","","","fuzzy-suggestion","","0","unresolved","none","","","No authoritative Arabic source with stable identity or exact hierarchy/name match"
"LB-XW-C0810F172FF1","LB-LOC-D0433AB8E99D","LB-LOC-D0433AB8E99D","","LB-GOV-SLB","LB-DIST-4BAD7915B3FB","","Dhour_Jezzine","","","","","","","","","fuzzy-suggestion","","0","unresolved","none","","","No authoritative Arabic source with stable identity or exact hierarchy/name match"
"LB-XW-E24B6057DA9E","LB-LOC-1322879BC7F4","LB-LOC-1322879BC7F4","","LB-GOV-SLB","LB-DIST-4BAD7915B3FB","","El-Harf","","","","","","","","","fuzzy-suggestion","","0","unresolved","none","","","No authoritative Arabic source with stable identity or exact hierarchy/name match"
"LB-XW-4E3DEB83F7DE","LB-LOC-A16B872AA5A2","LB-LOC-A16B872AA5A2","","LB-GOV-SLB","LB-DIST-4BAD7915B3FB","","Hamlaya-JZ","","","","","","","","","fuzzy-suggestion","","0","unresolved","none","","","No authoritative Arabic source with stable identity or exact hierarchy/name match"
"LB-XW-CBC05F610A22","LB-LOC-13519382C03C","LB-LOC-13519382C03C","","LB-GOV-SLB","LB-DIST-4BAD7915B3FB","","Haret_Jezzine","","","","","","","","","fuzzy-suggestion","","0","unresolved","none","","","No authoritative Arabic source with stable identity or exact hierarchy/name match"
"LB-XW-6B0BF76E7A68","LB-LOC-BFEAF296D684","LB-LOC-BFEAF296D684","","LB-GOV-SLB","LB-DIST-4BAD7915B3FB","","Hasbaya_Jezzine","","","","","","","","","fuzzy-suggestion","","0","unresolved","none","","","No authoritative Arabic source with stable identity or exact hierarchy/name match"
"LB-XW-7C5950F036B0","LB-LOC-81A2A2C6261D","LB-LOC-81A2A2C6261D","","LB-GOV-SLB","LB-DIST-4BAD7915B3FB","","Haydab","","","","","","","","","fuzzy-suggestion","","0","unresolved","none","","","No authoritative Arabic source with stable identity or exact hierarchy/name match"
"LB-XW-54652671A718","LB-LOC-CC84A2BB96A6","LB-LOC-CC84A2BB96A6","","LB-GOV-SLB","LB-DIST-4BAD7915B3FB","","Houmine","","","","","","","","","fuzzy-suggestion","","0","unresolved","none","","","No authoritative Arabic source with stable identity or exact hierarchy/name match"
"LB-XW-D7F05B65E600","LB-LOC-CC9A799DBFCD","LB-LOC-CC9A799DBFCD","","LB-GOV-SLB","LB-DIST-4BAD7915B3FB","","Jarmuq","","","","","","","","","fuzzy-suggestion","","0","unresolved","none","","","No authoritative Arabic source with stable identity or exact hierarchy/name match"
"LB-XW-B150E1158BD9","LB-LOC-2DAB920FF031","LB-LOC-2DAB920FF031","","LB-GOV-SLB","LB-DIST-4BAD7915B3FB","","Jezzine","","","","","","","","","fuzzy-suggestion","","0","unresolved","none","","","No authoritative Arabic source with stable identity or exact hierarchy/name match"
"LB-XW-948FB2A65D37","LB-LOC-BFC75A8E957A","LB-LOC-BFC75A8E957A","","LB-GOV-SLB","LB-DIST-4BAD7915B3FB","","Kfar_Faqoud-JZ","","","","","","","","","fuzzy-suggestion","","0","unresolved","none","","","No authoritative Arabic source with stable identity or exact hierarchy/name match"
"LB-XW-DD61B0E073E6","LB-LOC-D208AC02B792","LB-LOC-D208AC02B792","","LB-GOV-SLB","LB-DIST-4BAD7915B3FB","","Kfar_Houne-JZ","","","","","","","","","fuzzy-suggestion","","0","unresolved","none","","","No authoritative Arabic source with stable identity or exact hierarchy/name match"
"LB-XW-4B51C963ABBF","LB-LOC-AF01215FA72A","LB-LOC-AF01215FA72A","","LB-GOV-SLB","LB-DIST-4BAD7915B3FB","","Kfar_Jouz-JZ","","","","","","","","","fuzzy-suggestion","","0","unresolved","none","","","No authoritative Arabic source with stable identity or exact hierarchy/name match"
"LB-XW-816E5136A27F","LB-LOC-28EFB4C92F12","LB-LOC-28EFB4C92F12","","LB-GOV-SLB","LB-DIST-4BAD7915B3FB","","Lebaa-JZ","","","","","","","","","fuzzy-suggestion","","0","unresolved","none","","","No authoritative Arabic source with stable identity or exact hierarchy/name match"
"LB-XW-5D779812992D","LB-LOC-DE8DC1213622","LB-LOC-DE8DC1213622","","LB-GOV-SLB","LB-DIST-4BAD7915B3FB","","Maaseriti","","","","","","","","","fuzzy-suggestion","","0","unresolved","none","","","No authoritative Arabic source with stable identity or exact hierarchy/name match"
"LB-XW-5B576DD693DE","LB-LOC-F0742AE90A44","LB-LOC-F0742AE90A44","","LB-GOV-SLB","LB-DIST-4BAD7915B3FB","","Machmoucheh","","","","","","","","","fuzzy-suggestion","","0","unresolved","none","","","No authoritative Arabic source with stable identity or exact hierarchy/name match"
"LB-XW-1805BD6CEF79","LB-LOC-1573AD221360","LB-LOC-1573AD221360","","LB-GOV-SLB","LB-DIST-4BAD7915B3FB","","Machouq","","","","","","","","","fuzzy-suggestion","","0","unresolved","none","","","No authoritative Arabic source with stable identity or exact hierarchy/name match"
"LB-XW-DB8FEFAF1651","LB-LOC-E8C5447F2116","LB-LOC-E8C5447F2116","","LB-GOV-SLB","LB-DIST-4BAD7915B3FB","","Machouq_el-Aala","","","","","","","","","fuzzy-suggestion","","0","unresolved","none","","","No authoritative Arabic source with stable identity or exact hierarchy/name match"
"LB-XW-47273BEDBE3C","LB-LOC-6A1E73483E3A","LB-LOC-6A1E73483E3A","","LB-GOV-SLB","LB-DIST-4BAD7915B3FB","","Madirej-JZ","","","","","","","","","fuzzy-suggestion","","0","unresolved","none","","","No authoritative Arabic source with stable identity or exact hierarchy/name match"
"LB-XW-9ECFAD5C4765","LB-LOC-BC22B6E38E80","LB-LOC-BC22B6E38E80","","LB-GOV-SLB","LB-DIST-4BAD7915B3FB","","Marj_ez-Zaatar","","","","","","","","","fuzzy-suggestion","","0","unresolved","none","","","No authoritative Arabic source with stable identity or exact hierarchy/name match"
"LB-XW-8357E5A331A4","LB-LOC-67B0C84EDF8B","LB-LOC-67B0C84EDF8B","","LB-GOV-SLB","LB-DIST-4BAD7915B3FB","","Mdawkha","","","","","","","","","fuzzy-suggestion","","0","unresolved","none","","","No authoritative Arabic source with stable identity or exact hierarchy/name match"
"LB-XW-728BF617A3D4","LB-LOC-7E88EFC96509","LB-LOC-7E88EFC96509","","LB-GOV-SLB","LB-DIST-4BAD7915B3FB","","Midan-JZ","","","","","","","","","fuzzy-suggestion","","0","unresolved","none","","","No authoritative Arabic source with stable identity or exact hierarchy/name match"
"LB-XW-06A795422D2E","LB-LOC-1BE13EBB0B41","LB-LOC-1BE13EBB0B41","","LB-GOV-SLB","LB-DIST-4BAD7915B3FB","","Moustaytia","","","","","","","","","fuzzy-suggestion","","0","unresolved","none","","","No authoritative Arabic source with stable identity or exact hierarchy/name match"
"LB-XW-499AFA0D83D3","LB-LOC-A003060C9FE6","LB-LOC-A003060C9FE6","","LB-GOV-SLB","LB-DIST-4BAD7915B3FB","","Niha_Jezzine","","","","","","","","","fuzzy-suggestion","","0","unresolved","none","","","No authoritative Arabic source with stable identity or exact hierarchy/name match"
"LB-XW-B7FBD5A55537","LB-LOC-50964D8EC155","LB-LOC-50964D8EC155","","LB-GOV-SLB","LB-DIST-4BAD7915B3FB","","Qattin","","","","","","","","","fuzzy-suggestion","","0","unresolved","none","","","No authoritative Arabic source with stable identity or exact hierarchy/name match"
"LB-XW-BBB68683D173","LB-LOC-A8899A087182","LB-LOC-A8899A087182","","LB-GOV-SLB","LB-DIST-4BAD7915B3FB","","Qytouleh","","","","","","","","","fuzzy-suggestion","","0","unresolved","none","","","No authoritative Arabic source with stable identity or exact hierarchy/name match"
"LB-XW-DF5E81F5708A","LB-LOC-4276E5D509EB","LB-LOC-4276E5D509EB","","LB-GOV-SLB","LB-DIST-4BAD7915B3FB","","Qytouleh_el-Aala","","","","","","","","","fuzzy-suggestion","","0","unresolved","none","","","No authoritative Arabic source with stable identity or exact hierarchy/name match"
"LB-XW-4B68AB9A85A6","LB-LOC-2679C3D384C7","LB-LOC-2679C3D384C7","","LB-GOV-SLB","LB-DIST-4BAD7915B3FB","","Roum","","","","","","","","","fuzzy-suggestion","","0","unresolved","none","","","No authoritative Arabic source with stable identity or exact hierarchy/name match"
"LB-XW-A77EB20521A9","LB-LOC-F82081359B99","LB-LOC-F82081359B99","","LB-GOV-SLB","LB-DIST-4BAD7915B3FB","","Roum_el-Aala","","","","","","","","","fuzzy-suggestion","","0","unresolved","none","","","No authoritative Arabic source with stable identity or exact hierarchy/name match"
"LB-XW-F7F1456CBA52","LB-LOC-C2D01C4EC24F","LB-LOC-C2D01C4EC24F","","LB-GOV-SLB","LB-DIST-4BAD7915B3FB","","Sarba_Jezzine","","","","","","","","","fuzzy-suggestion","","0","unresolved","none","","","No authoritative Arabic source with stable identity or exact hierarchy/name match"
"LB-XW-80FEABDCF12E","LB-LOC-A82EB9A0216E","LB-LOC-A82EB9A0216E","","LB-GOV-SLB","LB-DIST-4BAD7915B3FB","","Snawbar","","","","","","","","","fuzzy-suggestion","","0","unresolved","none","","","No authoritative Arabic source with stable identity or exact hierarchy/name match"
"LB-XW-308589D2FEA1","LB-LOC-CD1C7158A7CD","LB-LOC-CD1C7158A7CD","","LB-GOV-SLB","LB-DIST-4BAD7915B3FB","","Snayya","","","","","","","","","fuzzy-suggestion","","0","unresolved","none","","","No authoritative Arabic source with stable identity or exact hierarchy/name match"
"LB-XW-09B6DACD423E","LB-LOC-70B3934A78BF","LB-LOC-70B3934A78BF","","LB-GOV-SLB","LB-DIST-4BAD7915B3FB","","Wadi_Jezzine","","","","","","","","","fuzzy-suggestion","","0","unresolved","none","","","No authoritative Arabic source with stable identity or exact hierarchy/name match"
"LB-XW-59190C13690A","LB-LOC-0240DF3D5819","LB-LOC-0240DF3D5819","","LB-GOV-SLB","LB-DIST-AE5723C639E4","","Aawali","","","","","","","","","fuzzy-suggestion","","0","unresolved","none","","","No authoritative Arabic source with stable identity or exact hierarchy/name match"
"LB-XW-37D44081D350","LB-LOC-5AB576C6AE0C","LB-LOC-5AB576C6AE0C","","LB-GOV-SLB","LB-DIST-AE5723C639E4","","Abra","","","","","","","","","fuzzy-suggestion","","0","unresolved","none","","","No authoritative Arabic source with stable identity or exact hierarchy/name match"
"LB-XW-0D6D42ABAA27","LB-LOC-0252E1CBD071","LB-LOC-0252E1CBD071","","LB-GOV-SLB","LB-DIST-AE5723C639E4","","Abra_el-Fawqa","","","","","","","","","fuzzy-suggestion","","0","unresolved","none","","","No authoritative Arabic source with stable identity or exact hierarchy/name match"
"LB-XW-90F875D48794","LB-LOC-2080563D88EC","LB-LOC-2080563D88EC","","LB-GOV-SLB","LB-DIST-AE5723C639E4","","Adloun","","","","","","","","","fuzzy-suggestion","","0","unresolved","none","","","No authoritative Arabic source with stable identity or exact hierarchy/name match"
"LB-XW-5726EDB32818","LB-LOC-7291448E9594","LB-LOC-7291448E9594","","LB-GOV-SLB","LB-DIST-AE5723C639E4","","Ain_el-Hilweh","","","","","","","","","fuzzy-suggestion","","0","unresolved","none","","","No authoritative Arabic source with stable identity or exact hierarchy/name match"
"LB-XW-0296A2C67A06","LB-LOC-2E6F0CD56D98","LB-LOC-2E6F0CD56D98","","LB-GOV-SLB","LB-DIST-AE5723C639E4","","Anqoun","","","","","","","","","fuzzy-suggestion","","0","unresolved","none","","","No authoritative Arabic source with stable identity or exact hierarchy/name match"
"LB-XW-4F28392D332E","LB-LOC-445878A2CDF1","LB-LOC-445878A2CDF1","","LB-GOV-SLB","LB-DIST-AE5723C639E4","","Awwal","","","","","","","","","fuzzy-suggestion","","0","unresolved","none","","","No authoritative Arabic source with stable identity or exact hierarchy/name match"
"LB-XW-D9B9C16B8188","LB-LOC-F98E872AC249","LB-LOC-F98E872AC249","","LB-GOV-SLB","LB-DIST-AE5723C639E4","","Babliyeh","","","","","","","","","fuzzy-suggestion","","0","unresolved","none","","","No authoritative Arabic source with stable identity or exact hierarchy/name match"
"LB-XW-20146948954F","LB-LOC-C8486527599B","LB-LOC-C8486527599B","","LB-GOV-SLB","LB-DIST-AE5723C639E4","","Bass","","","","","","","","","fuzzy-suggestion","","0","unresolved","none","","","No authoritative Arabic source with stable identity or exact hierarchy/name match"
"LB-XW-DF60043E0811","LB-LOC-D1DEE12C4F1A","LB-LOC-D1DEE12C4F1A","","LB-GOV-SLB","LB-DIST-AE5723C639E4","","Bqosta","","","","","","","","","fuzzy-suggestion","","0","unresolved","none","","","No authoritative Arabic source with stable identity or exact hierarchy/name match"
"LB-XW-4128FEA6E6AB","LB-LOC-CC6194D7CC94","LB-LOC-CC6194D7CC94","","LB-GOV-SLB","LB-DIST-AE5723C639E4","","Bramiyeh","","","","","","","","","fuzzy-suggestion","","0","unresolved","none","","","No authoritative Arabic source with stable identity or exact hierarchy/name match"
"LB-XW-A4ADD965F295","LB-LOC-76B94CCA0A5C","LB-LOC-76B94CCA0A5C","","LB-GOV-SLB","LB-DIST-AE5723C639E4","","Charhabil","","","","","","","","","fuzzy-suggestion","","0","unresolved","none","","","No authoritative Arabic source with stable identity or exact hierarchy/name match"
"LB-XW-0378DE4B9A47","LB-LOC-0EE6FDE171DA","LB-LOC-0EE6FDE171DA","","LB-GOV-SLB","LB-DIST-AE5723C639E4","","Chhour","","","","","","","","","fuzzy-suggestion","","0","unresolved","none","","","No authoritative Arabic source with stable identity or exact hierarchy/name match"
"LB-XW-6354E48F70D8","LB-LOC-1074A9F302D8","LB-LOC-1074A9F302D8","","LB-GOV-SLB","LB-DIST-AE5723C639E4","","Dar_Ain","","","","","","","","","fuzzy-suggestion","","0","unresolved","none","","","No authoritative Arabic source with stable identity or exact hierarchy/name match"
"LB-XW-3D262F17226F","LB-LOC-630B70F1A5D2","LB-LOC-630B70F1A5D2","","LB-GOV-SLB","LB-DIST-AE5723C639E4","","Darb_el-Sim","","","","","","","","","fuzzy-suggestion","","0","unresolved","none","","","No authoritative Arabic source with stable identity or exact hierarchy/name match"
"LB-XW-40F593403D54","LB-LOC-72B4527CBF50","LB-LOC-72B4527CBF50","","LB-GOV-SLB","LB-DIST-AE5723C639E4","","Dawayer-SD","","","","","","","","","fuzzy-suggestion","","0","unresolved","none","","","No authoritative Arabic source with stable identity or exact hierarchy/name match"
"LB-XW-BBAAB10D5492","LB-LOC-98476D0AC298","LB-LOC-98476D0AC298","","LB-GOV-SLB","LB-DIST-AE5723C639E4","","Filiye","","","","","","","","","fuzzy-suggestion","","0","unresolved","none","","","No authoritative Arabic source with stable identity or exact hierarchy/name match"
"LB-XW-08069C0C230C","LB-LOC-496334972C9A","LB-LOC-496334972C9A","","LB-GOV-SLB","LB-DIST-AE5723C639E4","","Ghaziyeh","","","","","","","","","fuzzy-suggestion","","0","unresolved","none","","","No authoritative Arabic source with stable identity or exact hierarchy/name match"
"LB-XW-770B351C7DDB","LB-LOC-7396DCB3B4F1","LB-LOC-7396DCB3B4F1","","LB-GOV-SLB","LB-DIST-AE5723C639E4","","Halab_el-Aalya","","","","","","","","","fuzzy-suggestion","","0","unresolved","none","","","No authoritative Arabic source with stable identity or exact hierarchy/name match"
"LB-XW-2E67BBBF41D9","LB-LOC-FC78C1F41B4C","LB-LOC-FC78C1F41B4C","","LB-GOV-SLB","LB-DIST-AE5723C639E4","","Haret_Saida","","","","","","","","","fuzzy-suggestion","","0","unresolved","none","","","No authoritative Arabic source with stable identity or exact hierarchy/name match"
"LB-XW-572647FC87BE","LB-LOC-9B9BFA782388","LB-LOC-9B9BFA782388","","LB-GOV-SLB","LB-DIST-AE5723C639E4","","Haret_Saida_el-Aala","","","","","","","","","fuzzy-suggestion","","0","unresolved","none","","","No authoritative Arabic source with stable identity or exact hierarchy/name match"
"LB-XW-5480B12D43F5","LB-LOC-3E3C48594E79","LB-LOC-3E3C48594E79","","LB-GOV-SLB","LB-DIST-AE5723C639E4","","Hilaliyeh","","","","","","","","","fuzzy-suggestion","","0","unresolved","none","","","No authoritative Arabic source with stable identity or exact hierarchy/name match"
"LB-XW-00831497E74E","LB-LOC-CFCA6334B58B","LB-LOC-CFCA6334B58B","","LB-GOV-SLB","LB-DIST-AE5723C639E4","","Houch_Saida","","","","","","","","","fuzzy-suggestion","","0","unresolved","none","","","No authoritative Arabic source with stable identity or exact hierarchy/name match"
"LB-XW-300B47C12FFE","LB-LOC-1D72B217A5CF","LB-LOC-1D72B217A5CF","","LB-GOV-SLB","LB-DIST-AE5723C639E4","","Houch_el-Oumara-SD","","","","","","","","","fuzzy-suggestion","","0","unresolved","none","","","No authoritative Arabic source with stable identity or exact hierarchy/name match"
"LB-XW-2FB3C2F508F7","LB-LOC-046F6ABF1A4E","LB-LOC-046F6ABF1A4E","","LB-GOV-SLB","LB-DIST-AE5723C639E4","","Jinsnaya","","","","","","","","","fuzzy-suggestion","","0","unresolved","none","","","No authoritative Arabic source with stable identity or exact hierarchy/name match"
"LB-XW-794C4A658E24","LB-LOC-0483C9CD3E42","LB-LOC-0483C9CD3E42","","LB-GOV-SLB","LB-DIST-AE5723C639E4","","Kfar_Jarra","","","","","","","","","fuzzy-suggestion","","0","unresolved","none","","","No authoritative Arabic source with stable identity or exact hierarchy/name match"
"LB-XW-E1554DED621D","LB-LOC-4E20C99079C9","LB-LOC-4E20C99079C9","","LB-GOV-SLB","LB-DIST-AE5723C639E4","","Lebaa","","","","","","","","","fuzzy-suggestion","","0","unresolved","none","","","No authoritative Arabic source with stable identity or exact hierarchy/name match"
"LB-XW-87C99B59CE56","LB-LOC-0A0D18E2F555","LB-LOC-0A0D18E2F555","","LB-GOV-SLB","LB-DIST-AE5723C639E4","","Maaroub","","","","","","","","","fuzzy-suggestion","","0","unresolved","none","","","No authoritative Arabic source with stable identity or exact hierarchy/name match"
"LB-XW-A166AD2A8DE7","LB-LOC-B9885E532583","LB-LOC-B9885E532583","","LB-GOV-SLB","LB-DIST-AE5723C639E4","","Maghdoucheh","","","","","","","","","fuzzy-suggestion","","0","unresolved","none","","","No authoritative Arabic source with stable identity or exact hierarchy/name match"
"LB-XW-C7A0EC6D49B1","LB-LOC-7BAFE4E1590D","LB-LOC-7BAFE4E1590D","","LB-GOV-SLB","LB-DIST-AE5723C639E4","","Majdaliyoun","","","","","","","","","fuzzy-suggestion","","0","unresolved","none","","","No authoritative Arabic source with stable identity or exact hierarchy/name match"
"LB-XW-05D78EB1A0D4","LB-LOC-AACD109E1AFF","LB-LOC-AACD109E1AFF","","LB-GOV-SLB","LB-DIST-AE5723C639E4","","Marjan","","","","","","","","","fuzzy-suggestion","","0","unresolved","none","","","No authoritative Arabic source with stable identity or exact hierarchy/name match"
"LB-XW-97F899A53B61","LB-LOC-39FDEB6BB54C","LB-LOC-39FDEB6BB54C","","LB-GOV-SLB","LB-DIST-AE5723C639E4","","Mazraat_el-Halqa","","","","","","","","","fuzzy-suggestion","","0","unresolved","none","","","No authoritative Arabic source with stable identity or exact hierarchy/name match"
"LB-XW-29CACCEA20A8","LB-LOC-24A29557AB4F","LB-LOC-24A29557AB4F","","LB-GOV-SLB","LB-DIST-AE5723C639E4","","Qaaqayet_ej-Jisr","","","","","","","","","fuzzy-suggestion","","0","unresolved","none","","","No authoritative Arabic source with stable identity or exact hierarchy/name match"
"LB-XW-CE4897BACBF6","LB-LOC-0FD164221E4B","LB-LOC-0FD164221E4B","","LB-GOV-SLB","LB-DIST-AE5723C639E4","","Qna-SD","","","","","","","","","fuzzy-suggestion","","0","unresolved","none","","","No authoritative Arabic source with stable identity or exact hierarchy/name match"
"LB-XW-70F9481F691C","LB-LOC-49F7F2F1B12B","LB-LOC-49F7F2F1B12B","","LB-GOV-SLB","LB-DIST-AE5723C639E4","","Qnariye","","","","","","","","","fuzzy-suggestion","","0","unresolved","none","","","No authoritative Arabic source with stable identity or exact hierarchy/name match"
"LB-XW-B5495B9CFECF","LB-LOC-A0A512510253","LB-LOC-A0A512510253","","LB-GOV-SLB","LB-DIST-AE5723C639E4","","Qrayye","","","","","","","","","fuzzy-suggestion","","0","unresolved","none","","","No authoritative Arabic source with stable identity or exact hierarchy/name match"
"LB-XW-335481B4C761","LB-LOC-ACFD4971A682","LB-LOC-ACFD4971A682","","LB-GOV-SLB","LB-DIST-AE5723C639E4","","Rjal","","","","","","","","","fuzzy-suggestion","","0","unresolved","none","","","No authoritative Arabic source with stable identity or exact hierarchy/name match"
"LB-XW-C730B4B43D93","LB-LOC-30BA8677753E","LB-LOC-30BA8677753E","","LB-GOV-SLB","LB-DIST-AE5723C639E4","","Rjaliye","","","","","","","","","fuzzy-suggestion","","0","unresolved","none","","","No authoritative Arabic source with stable identity or exact hierarchy/name match"
"LB-XW-D14E7218C42D","LB-LOC-9BAC422F2A4B","LB-LOC-9BAC422F2A4B","","LB-GOV-SLB","LB-DIST-AE5723C639E4","","Saida_Sidon","","","","","","","","","fuzzy-suggestion","","0","unresolved","none","","","No authoritative Arabic source with stable identity or exact hierarchy/name match"
"LB-XW-9BD073F18E17","LB-LOC-2BD65F3E32E4","LB-LOC-2BD65F3E32E4","","LB-GOV-SLB","LB-DIST-AE5723C639E4","","Saida_ech-Charqiye","","","","","","","","","fuzzy-suggestion","","0","unresolved","none","","","No authoritative Arabic source with stable identity or exact hierarchy/name match"
"LB-XW-4B3F6341E53C","LB-LOC-8B7B13691E8D","LB-LOC-8B7B13691E8D","","LB-GOV-SLB","LB-DIST-AE5723C639E4","","Saida_el-Qadimeh","","","","","","","","","fuzzy-suggestion","","0","unresolved","none","","","No authoritative Arabic source with stable identity or exact hierarchy/name match"
"LB-XW-A661A77F183A","LB-LOC-030C678A9E38","LB-LOC-030C678A9E38","","LB-GOV-SLB","LB-DIST-AE5723C639E4","","Saida_es-Sahel","","","","","","","","","fuzzy-suggestion","","0","unresolved","none","","","No authoritative Arabic source with stable identity or exact hierarchy/name match"
"LB-XW-2EBD2240F851","LB-LOC-311057F2A585","LB-LOC-311057F2A585","","LB-GOV-SLB","LB-DIST-AE5723C639E4","","Saqyet_el-Maydani","","","","","","","","","fuzzy-suggestion","","0","unresolved","none","","","No authoritative Arabic source with stable identity or exact hierarchy/name match"
"LB-XW-1F6008CAC618","LB-LOC-A33AF4EBC287","LB-LOC-A33AF4EBC287","","LB-GOV-SLB","LB-DIST-AE5723C639E4","","Srafand","","","","","","","","","fuzzy-suggestion","","0","unresolved","none","","","No authoritative Arabic source with stable identity or exact hierarchy/name match"
"LB-XW-2E862E1D1599","LB-LOC-4D6EED858C14","LB-LOC-4D6EED858C14","","LB-GOV-SLB","LB-DIST-AE5723C639E4","","Tfahta","","","","","","","","","fuzzy-suggestion","","0","unresolved","none","","","No authoritative Arabic source with stable identity or exact hierarchy/name match"
"LB-XW-4ED8FD1105BC","LB-LOC-80E0EFD1815D","LB-LOC-80E0EFD1815D","","LB-GOV-SLB","LB-DIST-AE5723C639E4","","Zararieh","","","","","","","","","fuzzy-suggestion","","0","unresolved","none","","","No authoritative Arabic source with stable identity or exact hierarchy/name match"
"LB-XW-2564C413E5FD","LB-LOC-89E5EDAFED08","LB-LOC-89E5EDAFED08","","LB-GOV-SLB","LB-DIST-AE5723C639E4","","Zararieh_el-Aalya","","","","","","","","","fuzzy-suggestion","","0","unresolved","none","","","No authoritative Arabic source with stable identity or exact hierarchy/name match"
"LB-XW-B53F31CB38C0","LB-LOC-A8AAD2F2ADE0","LB-LOC-A8AAD2F2ADE0","","LB-GOV-SLB","LB-DIST-AE5723C639E4","","Zeneyleh","","","","","","","","","fuzzy-suggestion","","0","unresolved","none","","","No authoritative Arabic source with stable identity or exact hierarchy/name match"
"LB-XW-1DE648407044","LB-LOC-055D9205B2DA","LB-LOC-055D9205B2DA","","LB-GOV-SLB","LB-DIST-07D5BC042CFB","","Aaqbeh","","","","","","","","","fuzzy-suggestion","","0","unresolved","none","","","No authoritative Arabic source with stable identity or exact hierarchy/name match"
"LB-XW-DD8CF513211E","LB-LOC-29E2191655D3","LB-LOC-29E2191655D3","","LB-GOV-SLB","LB-DIST-07D5BC042CFB","","Aarbsalim","","","","","","","","","fuzzy-suggestion","","0","unresolved","none","","","No authoritative Arabic source with stable identity or exact hierarchy/name match"
"LB-XW-0258A401CC35","LB-LOC-A5FA163ACDEA","LB-LOC-A5FA163ACDEA","","LB-GOV-SLB","LB-DIST-07D5BC042CFB","","Abbassiyeh","","","","","","","","","fuzzy-suggestion","","0","unresolved","none","","","No authoritative Arabic source with stable identity or exact hierarchy/name match"
"LB-XW-DBD8B0E1A802","LB-LOC-EA803C1129F0","LB-LOC-EA803C1129F0","","LB-GOV-SLB","LB-DIST-07D5BC042CFB","","Abbassiyeh_el-Fawqa","","","","","","","","","fuzzy-suggestion","","0","unresolved","none","","","No authoritative Arabic source with stable identity or exact hierarchy/name match"
"LB-XW-75A383FE5A1C","LB-LOC-E114750B08B5","LB-LOC-E114750B08B5","","LB-GOV-SLB","LB-DIST-07D5BC042CFB","","Ain_Baal-SR","","","","","","","","","fuzzy-suggestion","","0","unresolved","none","","","No authoritative Arabic source with stable identity or exact hierarchy/name match"
"LB-XW-46762F9C77E9","LB-LOC-4C6753B3439C","LB-LOC-4C6753B3439C","","LB-GOV-SLB","LB-DIST-07D5BC042CFB","","Ain_Ibl","","","","","","","","","fuzzy-suggestion","","0","unresolved","none","","","No authoritative Arabic source with stable identity or exact hierarchy/name match"
"LB-XW-7BCDC4A6B1B0","LB-LOC-A5862F267AED","LB-LOC-A5862F267AED","","LB-GOV-SLB","LB-DIST-07D5BC042CFB","","Ain_ez-Zarqa","","","","","","","","","fuzzy-suggestion","","0","unresolved","none","","","No authoritative Arabic source with stable identity or exact hierarchy/name match"
"LB-XW-17516915391D","LB-LOC-582E7260C8F1","LB-LOC-582E7260C8F1","","LB-GOV-SLB","LB-DIST-07D5BC042CFB","","Ain_ez-Zarqa_el-Fawqa","","","","","","","","","fuzzy-suggestion","","0","unresolved","none","","","No authoritative Arabic source with stable identity or exact hierarchy/name match"
"LB-XW-F56E76FCF7E6","LB-LOC-16D15E01168A","LB-LOC-16D15E01168A","","LB-GOV-SLB","LB-DIST-07D5BC042CFB","","Ainata_Sour","","","","","","","","","fuzzy-suggestion","","0","unresolved","none","","","No authoritative Arabic source with stable identity or exact hierarchy/name match"
"LB-XW-BC3132B74E28","LB-LOC-B571AACD19E6","LB-LOC-B571AACD19E6","","LB-GOV-SLB","LB-DIST-07D5BC042CFB","","Aita_el-Jabal","","","","","","","","","fuzzy-suggestion","","0","unresolved","none","","","No authoritative Arabic source with stable identity or exact hierarchy/name match"
"LB-XW-B4B109400136","LB-LOC-01D1D08F35D9","LB-LOC-01D1D08F35D9","","LB-GOV-SLB","LB-DIST-07D5BC042CFB","","Aitharoun","","","","","","","","","fuzzy-suggestion","","0","unresolved","none","","","No authoritative Arabic source with stable identity or exact hierarchy/name match"
"LB-XW-3A8C0023D57A","LB-LOC-71DAA0CA2FA3","LB-LOC-71DAA0CA2FA3","","LB-GOV-SLB","LB-DIST-07D5BC042CFB","","Almane","","","","","","","","","fuzzy-suggestion","","0","unresolved","none","","","No authoritative Arabic source with stable identity or exact hierarchy/name match"
"LB-XW-81DB4881B3D2","LB-LOC-C892FD989A8C","LB-LOC-C892FD989A8C","","LB-GOV-SLB","LB-DIST-07D5BC042CFB","","Aychiye","","","","","","","","","fuzzy-suggestion","","0","unresolved","none","","","No authoritative Arabic source with stable identity or exact hierarchy/name match"
"LB-XW-28B61324B6F8","LB-LOC-FDFA8EB254EE","LB-LOC-FDFA8EB254EE","","LB-GOV-SLB","LB-DIST-07D5BC042CFB","","Aytit","","","","","","","","","fuzzy-suggestion","","0","unresolved","none","","","No authoritative Arabic source with stable identity or exact hierarchy/name match"
"LB-XW-354585D14A6A","LB-LOC-03133BDD2124","LB-LOC-03133BDD2124","","LB-GOV-SLB","LB-DIST-07D5BC042CFB","","Aytit_el-Aala","","","","","","","","","fuzzy-suggestion","","0","unresolved","none","","","No authoritative Arabic source with stable identity or exact hierarchy/name match"
"LB-XW-4AD0D29E2C60","LB-LOC-C9A8D1A31830","LB-LOC-C9A8D1A31830","","LB-GOV-SLB","LB-DIST-07D5BC042CFB","","Babliye-SR","","","","","","","","","fuzzy-suggestion","","0","unresolved","none","","","No authoritative Arabic source with stable identity or exact hierarchy/name match"
"LB-XW-48B643E7E1CE","LB-LOC-F904CF431315","LB-LOC-F904CF431315","","LB-GOV-SLB","LB-DIST-07D5BC042CFB","","Batouliyeh","","","","","","","","","fuzzy-suggestion","","0","unresolved","none","","","No authoritative Arabic source with stable identity or exact hierarchy/name match"
"LB-XW-13B98D1516F7","LB-LOC-DBCE3F80AB4D","LB-LOC-DBCE3F80AB4D","","LB-GOV-SLB","LB-DIST-07D5BC042CFB","","Bayada-SR","","","","","","","","","fuzzy-suggestion","","0","unresolved","none","","","No authoritative Arabic source with stable identity or exact hierarchy/name match"
"LB-XW-A1D811A339FA","LB-LOC-B2125A9C18C8","LB-LOC-B2125A9C18C8","","LB-GOV-SLB","LB-DIST-07D5BC042CFB","","Bazouriyeh","","","","","","","","","fuzzy-suggestion","","0","unresolved","none","","","No authoritative Arabic source with stable identity or exact hierarchy/name match"
"LB-XW-F0B8C365BFFF","LB-LOC-7F8AB2B0317D","LB-LOC-7F8AB2B0317D","","LB-GOV-SLB","LB-DIST-07D5BC042CFB","","Beit_Layf-SR","","","","","","","","","fuzzy-suggestion","","0","unresolved","none","","","No authoritative Arabic source with stable identity or exact hierarchy/name match"
"LB-XW-C323D106E19B","LB-LOC-98E63629FE64","LB-LOC-98E63629FE64","","LB-GOV-SLB","LB-DIST-07D5BC042CFB","","Beit_Yahoun","","","","","","","","","fuzzy-suggestion","","0","unresolved","none","","","No authoritative Arabic source with stable identity or exact hierarchy/name match"
"LB-XW-7C905AB2FAE9","LB-LOC-2F4611A7D534","LB-LOC-2F4611A7D534","","LB-GOV-SLB","LB-DIST-07D5BC042CFB","","Beit_Yahoun_Sour","","","","","","","","","fuzzy-suggestion","","0","unresolved","none","","","No authoritative Arabic source with stable identity or exact hierarchy/name match"
"LB-XW-73731826FF9E","LB-LOC-A01F0A85F2AA","LB-LOC-A01F0A85F2AA","","LB-GOV-SLB","LB-DIST-07D5BC042CFB","","Bint_Jbeil_el-Fawqa-SR","","","","","","","","","fuzzy-suggestion","","0","unresolved","none","","","No authoritative Arabic source with stable identity or exact hierarchy/name match"
"LB-XW-1D235621F4B4","LB-LOC-262BD6DD59C8","LB-LOC-262BD6DD59C8","","LB-GOV-SLB","LB-DIST-07D5BC042CFB","","Burj-SR","","","","","","","","","fuzzy-suggestion","","0","unresolved","none","","","No authoritative Arabic source with stable identity or exact hierarchy/name match"
"LB-XW-B772E27A56A5","LB-LOC-9CD85B2FA303","LB-LOC-9CD85B2FA303","","LB-GOV-SLB","LB-DIST-07D5BC042CFB","","Burj_Qlawiye","","","","","","","","","fuzzy-suggestion","","0","unresolved","none","","","No authoritative Arabic source with stable identity or exact hierarchy/name match"
"LB-XW-AF4A68990965","LB-LOC-ADD909F984CB","LB-LOC-ADD909F984CB","","LB-GOV-SLB","LB-DIST-07D5BC042CFB","","Burj_el-Chemali","","","","","","","","","fuzzy-suggestion","","0","unresolved","none","","","No authoritative Arabic source with stable identity or exact hierarchy/name match"
"LB-XW-D37574E023D4","LB-LOC-3DD0AAEA24B1","LB-LOC-3DD0AAEA24B1","","LB-GOV-SLB","LB-DIST-07D5BC042CFB","","Burj_el-Moulouk","","","","","","","","","fuzzy-suggestion","","0","unresolved","none","","","No authoritative Arabic source with stable identity or exact hierarchy/name match"
"LB-XW-AE194A296346","LB-LOC-D0BF0895ED43","LB-LOC-D0BF0895ED43","","LB-GOV-SLB","LB-DIST-07D5BC042CFB","","Chahabiye","","","","","","","","","fuzzy-suggestion","","0","unresolved","none","","","No authoritative Arabic source with stable identity or exact hierarchy/name match"
"LB-XW-EAF4E339D59C","LB-LOC-42DD0D7A489D","LB-LOC-42DD0D7A489D","","LB-GOV-SLB","LB-DIST-07D5BC042CFB","","Chaitiye","","","","","","","","","fuzzy-suggestion","","0","unresolved","none","","","No authoritative Arabic source with stable identity or exact hierarchy/name match"
"LB-XW-04DC45493199","LB-LOC-18F1AECED55A","LB-LOC-18F1AECED55A","","LB-GOV-SLB","LB-DIST-07D5BC042CFB","","Chaqra","","","","","","","","","fuzzy-suggestion","","0","unresolved","none","","","No authoritative Arabic source with stable identity or exact hierarchy/name match"
"LB-XW-DBF566ACEC2F","LB-LOC-91D5CD671564","LB-LOC-91D5CD671564","","LB-GOV-SLB","LB-DIST-07D5BC042CFB","","Debl","","","","","","","","","fuzzy-suggestion","","0","unresolved","none","","","No authoritative Arabic source with stable identity or exact hierarchy/name match"
"LB-XW-2483E4DCCB21","LB-LOC-DC923F159A69","LB-LOC-DC923F159A69","","LB-GOV-SLB","LB-DIST-07D5BC042CFB","","Deir_Qanoun_Ras_el-Ain","","","","","","","","","fuzzy-suggestion","","0","unresolved","none","","","No authoritative Arabic source with stable identity or exact hierarchy/name match"
"LB-XW-F94AA1743607","LB-LOC-279D46872642","LB-LOC-279D46872642","","LB-GOV-SLB","LB-DIST-07D5BC042CFB","","Deir_Qanoun_en-Nahr","","","","","","","","","fuzzy-suggestion","","0","unresolved","none","","","No authoritative Arabic source with stable identity or exact hierarchy/name match"
"LB-XW-C6304C719B12","LB-LOC-A15D10812FBE","LB-LOC-A15D10812FBE","","LB-GOV-SLB","LB-DIST-07D5BC042CFB","","Dhor-SR","","","","","","","","","fuzzy-suggestion","","0","unresolved","none","","","No authoritative Arabic source with stable identity or exact hierarchy/name match"
"LB-XW-ADEB5ED9BA78","LB-LOC-4F6AB88F5F6B","LB-LOC-4F6AB88F5F6B","","LB-GOV-SLB","LB-DIST-07D5BC042CFB","","Hadatha","","","","","","","","","fuzzy-suggestion","","0","unresolved","none","","","No authoritative Arabic source with stable identity or exact hierarchy/name match"
"LB-XW-56E660C54ACA","LB-LOC-624BACEF2183","LB-LOC-624BACEF2183","","LB-GOV-SLB","LB-DIST-07D5BC042CFB","","Hannawiye","","","","","","","","","fuzzy-suggestion","","0","unresolved","none","","","No authoritative Arabic source with stable identity or exact hierarchy/name match"
"LB-XW-0A3732651614","LB-LOC-655B65C60632","LB-LOC-655B65C60632","","LB-GOV-SLB","LB-DIST-07D5BC042CFB","","Hannawiye_el-Aala","","","","","","","","","fuzzy-suggestion","","0","unresolved","none","","","No authoritative Arabic source with stable identity or exact hierarchy/name match"
"LB-XW-218987AB1D38","LB-LOC-B5BEFCBE3EE3","LB-LOC-B5BEFCBE3EE3","","LB-GOV-SLB","LB-DIST-07D5BC042CFB","","Houch_Sour","","","","","","","","","fuzzy-suggestion","","0","unresolved","none","","","No authoritative Arabic source with stable identity or exact hierarchy/name match"
"LB-XW-0DE9CD56BDA8","LB-LOC-47B9F0E32A51","LB-LOC-47B9F0E32A51","","LB-GOV-SLB","LB-DIST-07D5BC042CFB","","Houla-SR","","","","","","","","","fuzzy-suggestion","","0","unresolved","none","","","No authoritative Arabic source with stable identity or exact hierarchy/name match"
"LB-XW-6D9E7136BD6A","LB-LOC-0DAEB6FA2773","LB-LOC-0DAEB6FA2773","","LB-GOV-SLB","LB-DIST-07D5BC042CFB","","Jbal_el-Botm","","","","","","","","","fuzzy-suggestion","","0","unresolved","none","","","No authoritative Arabic source with stable identity or exact hierarchy/name match"
"LB-XW-E7DFCC3873C8","LB-LOC-7B08DE54EC5C","LB-LOC-7B08DE54EC5C","","LB-GOV-SLB","LB-DIST-07D5BC042CFB","","Jnata","","","","","","","","","fuzzy-suggestion","","0","unresolved","none","","","No authoritative Arabic source with stable identity or exact hierarchy/name match"
"LB-XW-DBAFA576EC84","LB-LOC-A47DA47BF68C","LB-LOC-A47DA47BF68C","","LB-GOV-SLB","LB-DIST-07D5BC042CFB","","Jouaiya","","","","","","","","","fuzzy-suggestion","","0","unresolved","none","","","No authoritative Arabic source with stable identity or exact hierarchy/name match"
"LB-XW-8A8C6F8DD9AC","LB-LOC-FA2069EFFB67","LB-LOC-FA2069EFFB67","","LB-GOV-SLB","LB-DIST-07D5BC042CFB","","Jouaiya_el-Aala","","","","","","","","","fuzzy-suggestion","","0","unresolved","none","","","No authoritative Arabic source with stable identity or exact hierarchy/name match"
"LB-XW-8B129E4A1B3E","LB-LOC-FE70DE1A7820","LB-LOC-FE70DE1A7820","","LB-GOV-SLB","LB-DIST-07D5BC042CFB","","Jouaiya_et-Tahta","","","","","","","","","fuzzy-suggestion","","0","unresolved","none","","","No authoritative Arabic source with stable identity or exact hierarchy/name match"
"LB-XW-BD84A86CB74D","LB-LOC-31376693838F","LB-LOC-31376693838F","","LB-GOV-SLB","LB-DIST-07D5BC042CFB","","Kfar_Baal","","","","","","","","","fuzzy-suggestion","","0","unresolved","none","","","No authoritative Arabic source with stable identity or exact hierarchy/name match"
"LB-XW-2537D5213521","LB-LOC-1DB91364FCC8","LB-LOC-1DB91364FCC8","","LB-GOV-SLB","LB-DIST-07D5BC042CFB","","Kfar_Dounine","","","","","","","","","fuzzy-suggestion","","0","unresolved","none","","","No authoritative Arabic source with stable identity or exact hierarchy/name match"
"LB-XW-C93A7ECE2D4D","LB-LOC-51D7E6BCCD16","LB-LOC-51D7E6BCCD16","","LB-GOV-SLB","LB-DIST-07D5BC042CFB","","Kfar_Tibnit-SR","","","","","","","","","fuzzy-suggestion","","0","unresolved","none","","","No authoritative Arabic source with stable identity or exact hierarchy/name match"
"LB-XW-A393E4B68698","LB-LOC-D3ADE895D1F4","LB-LOC-D3ADE895D1F4","","LB-GOV-SLB","LB-DIST-07D5BC042CFB","","Kfir","","","","","","","","","fuzzy-suggestion","","0","unresolved","none","","","No authoritative Arabic source with stable identity or exact hierarchy/name match"
"LB-XW-9148FDBA19C7","LB-LOC-32EE783B7A3F","LB-LOC-32EE783B7A3F","","LB-GOV-SLB","LB-DIST-07D5BC042CFB","","Kherayeb","","","","","","","","","fuzzy-suggestion","","0","unresolved","none","","","No authoritative Arabic source with stable identity or exact hierarchy/name match"
"LB-XW-1C44C2D09BDB","LB-LOC-814553F43F90","LB-LOC-814553F43F90","","LB-GOV-SLB","LB-DIST-07D5BC042CFB","","Kseyreh","","","","","","","","","fuzzy-suggestion","","0","unresolved","none","","","No authoritative Arabic source with stable identity or exact hierarchy/name match"
"LB-XW-C6BDAD67F5E9","LB-LOC-8882AE4D29E3","LB-LOC-8882AE4D29E3","","LB-GOV-SLB","LB-DIST-07D5BC042CFB","","Maachouq","","","","","","","","","fuzzy-suggestion","","0","unresolved","none","","","No authoritative Arabic source with stable identity or exact hierarchy/name match"
"LB-XW-A5E231C9DE5F","LB-LOC-DF9955CE4897","LB-LOC-DF9955CE4897","","LB-GOV-SLB","LB-DIST-07D5BC042CFB","","Mahrouneh","","","","","","","","","fuzzy-suggestion","","0","unresolved","none","","","No authoritative Arabic source with stable identity or exact hierarchy/name match"
"LB-XW-97527D9C799F","LB-LOC-4DF3E2F0459E","LB-LOC-4DF3E2F0459E","","LB-GOV-SLB","LB-DIST-07D5BC042CFB","","Majdel_Selm","","","","","","","","","fuzzy-suggestion","","0","unresolved","none","","","No authoritative Arabic source with stable identity or exact hierarchy/name match"
"LB-XW-571F7A710C44","LB-LOC-636B0D473C6F","LB-LOC-636B0D473C6F","","LB-GOV-SLB","LB-DIST-07D5BC042CFB","","Majdel_Zoun-SR","","","","","","","","","fuzzy-suggestion","","0","unresolved","none","","","No authoritative Arabic source with stable identity or exact hierarchy/name match"
"LB-XW-C6C1D95360A0","LB-LOC-F29121DF843E","LB-LOC-F29121DF843E","","LB-GOV-SLB","LB-DIST-07D5BC042CFB","","Majdel_Zoun_el-Aala","","","","","","","","","fuzzy-suggestion","","0","unresolved","none","","","No authoritative Arabic source with stable identity or exact hierarchy/name match"
"LB-XW-53F96EE3797A","LB-LOC-77EDE11EE297","LB-LOC-77EDE11EE297","","LB-GOV-SLB","LB-DIST-07D5BC042CFB","","Mansoura-SR","","","","","","","","","fuzzy-suggestion","","0","unresolved","none","","","No authoritative Arabic source with stable identity or exact hierarchy/name match"
"LB-XW-77165490C69F","LB-LOC-DFAC11E715B7","LB-LOC-DFAC11E715B7","","LB-GOV-SLB","LB-DIST-07D5BC042CFB","","Mansoura_Sour","","","","","","","","","fuzzy-suggestion","","0","unresolved","none","","","No authoritative Arabic source with stable identity or exact hierarchy/name match"
"LB-XW-9F262B5B761B","LB-LOC-D70D1DB295DF","LB-LOC-D70D1DB295DF","","LB-GOV-SLB","LB-DIST-07D5BC042CFB","","Mansouri","","","","","","","","","fuzzy-suggestion","","0","unresolved","none","","","No authoritative Arabic source with stable identity or exact hierarchy/name match"
"LB-XW-32E3B3C663D5","LB-LOC-B3FF9190DF80","LB-LOC-B3FF9190DF80","","LB-GOV-SLB","LB-DIST-07D5BC042CFB","","Maroun_er-Ras-SR","","","","","","","","","fuzzy-suggestion","","0","unresolved","none","","","No authoritative Arabic source with stable identity or exact hierarchy/name match"
"LB-XW-CAECFE7D0F82","LB-LOC-468F89CF78A8","LB-LOC-468F89CF78A8","","LB-GOV-SLB","LB-DIST-07D5BC042CFB","","Mazraat_ech-Chamaliye","","","","","","","","","fuzzy-suggestion","","0","unresolved","none","","","No authoritative Arabic source with stable identity or exact hierarchy/name match"
"LB-XW-6CB1AD6CAE17","LB-LOC-EF0305955E5F","LB-LOC-EF0305955E5F","","LB-GOV-SLB","LB-DIST-07D5BC042CFB","","Naqoura","","","","","","","","","fuzzy-suggestion","","0","unresolved","none","","","No authoritative Arabic source with stable identity or exact hierarchy/name match"
"LB-XW-F01C95DF167F","LB-LOC-F18F9C3D34D0","LB-LOC-F18F9C3D34D0","","LB-GOV-SLB","LB-DIST-07D5BC042CFB","","Naqoura_el-Aala","","","","","","","","","fuzzy-suggestion","","0","unresolved","none","","","No authoritative Arabic source with stable identity or exact hierarchy/name match"
"LB-XW-4A1A43F2F315","LB-LOC-396525178B37","LB-LOC-396525178B37","","LB-GOV-SLB","LB-DIST-07D5BC042CFB","","Naqoura_el-Gharbiye","","","","","","","","","fuzzy-suggestion","","0","unresolved","none","","","No authoritative Arabic source with stable identity or exact hierarchy/name match"
"LB-XW-DD007B95DAF8","LB-LOC-24322164F78C","LB-LOC-24322164F78C","","LB-GOV-SLB","LB-DIST-07D5BC042CFB","","Qana","","","","","","","","","fuzzy-suggestion","","0","unresolved","none","","","No authoritative Arabic source with stable identity or exact hierarchy/name match"
"LB-XW-C1979C8E241E","LB-LOC-F9440F126924","LB-LOC-F9440F126924","","LB-GOV-SLB","LB-DIST-07D5BC042CFB","","Qana_el-Fawqa","","","","","","","","","fuzzy-suggestion","","0","unresolved","none","","","No authoritative Arabic source with stable identity or exact hierarchy/name match"
"LB-XW-3EBE39DB8E4A","LB-LOC-3212FFB34EC9","LB-LOC-3212FFB34EC9","","LB-GOV-SLB","LB-DIST-07D5BC042CFB","","Qlayleh","","","","","","","","","fuzzy-suggestion","","0","unresolved","none","","","No authoritative Arabic source with stable identity or exact hierarchy/name match"
"LB-XW-9F0AC033AF5F","LB-LOC-A4793DF224DC","LB-LOC-A4793DF224DC","","LB-GOV-SLB","LB-DIST-07D5BC042CFB","","Rab_Tlatine","","","","","","","","","fuzzy-suggestion","","0","unresolved","none","","","No authoritative Arabic source with stable identity or exact hierarchy/name match"
"LB-XW-CDF512BC0987","LB-LOC-1CBAC636F552","LB-LOC-1CBAC636F552","","LB-GOV-SLB","LB-DIST-07D5BC042CFB","","Rachidiye","","","","","","","","","fuzzy-suggestion","","0","unresolved","none","","","No authoritative Arabic source with stable identity or exact hierarchy/name match"
"LB-XW-2E4FA6F36C2B","LB-LOC-5CB6D8F46221","LB-LOC-5CB6D8F46221","","LB-GOV-SLB","LB-DIST-07D5BC042CFB","","Richaf","","","","","","","","","fuzzy-suggestion","","0","unresolved","none","","","No authoritative Arabic source with stable identity or exact hierarchy/name match"
"LB-XW-85A6F00FDBA4","LB-LOC-DBCE88B4C517","LB-LOC-DBCE88B4C517","","LB-GOV-SLB","LB-DIST-07D5BC042CFB","","Salaa-SR","","","","","","","","","fuzzy-suggestion","","0","unresolved","none","","","No authoritative Arabic source with stable identity or exact hierarchy/name match"
"LB-XW-5688646DC4BA","LB-LOC-F90ECA621053","LB-LOC-F90ECA621053","","LB-GOV-SLB","LB-DIST-07D5BC042CFB","","Shamaa","","","","","","","","","fuzzy-suggestion","","0","unresolved","none","","","No authoritative Arabic source with stable identity or exact hierarchy/name match"
"LB-XW-7454D67B8ABF","LB-LOC-0992A77AE2FF","LB-LOC-0992A77AE2FF","","LB-GOV-SLB","LB-DIST-07D5BC042CFB","","Siddikin","","","","","","","","","fuzzy-suggestion","","0","unresolved","none","","","No authoritative Arabic source with stable identity or exact hierarchy/name match"
"LB-XW-DA080F13D10D","LB-LOC-F4BED1FBD01A","LB-LOC-F4BED1FBD01A","","LB-GOV-SLB","LB-DIST-07D5BC042CFB","","Siddikin_el-Aala","","","","","","","","","fuzzy-suggestion","","0","unresolved","none","","","No authoritative Arabic source with stable identity or exact hierarchy/name match"
"LB-XW-34CD9C2B85C6","LB-LOC-F7A59CB33A3E","LB-LOC-F7A59CB33A3E","","LB-GOV-SLB","LB-DIST-07D5BC042CFB","","Smaaiye","","","","","","","","","fuzzy-suggestion","","0","unresolved","none","","","No authoritative Arabic source with stable identity or exact hierarchy/name match"
"LB-XW-9317DD5D75B8","LB-LOC-B4D51A6894CE","LB-LOC-B4D51A6894CE","","LB-GOV-SLB","LB-DIST-07D5BC042CFB","","Sour_el-Bahriye","","","","","","","","","fuzzy-suggestion","","0","unresolved","none","","","No authoritative Arabic source with stable identity or exact hierarchy/name match"
"LB-XW-22F379835D57","LB-LOC-C66E4A92AA79","LB-LOC-C66E4A92AA79","","LB-GOV-SLB","LB-DIST-07D5BC042CFB","","Sour_el-Balad","","","","","","","","","fuzzy-suggestion","","0","unresolved","none","","","No authoritative Arabic source with stable identity or exact hierarchy/name match"
"LB-XW-2FFE70AAAABA","LB-LOC-0C8514069F93","LB-LOC-0C8514069F93","","LB-GOV-SLB","LB-DIST-07D5BC042CFB","","Srifeh","","","","","","","","","fuzzy-suggestion","","0","unresolved","none","","","No authoritative Arabic source with stable identity or exact hierarchy/name match"
"LB-XW-56B6B943B7CF","LB-LOC-A58F1628FC03","LB-LOC-A58F1628FC03","","LB-GOV-SLB","LB-DIST-07D5BC042CFB","","Srifeh_el-Aala","","","","","","","","","fuzzy-suggestion","","0","unresolved","none","","","No authoritative Arabic source with stable identity or exact hierarchy/name match"
"LB-XW-F746AE4326AA","LB-LOC-9285C1C9595C","LB-LOC-9285C1C9595C","","LB-GOV-SLB","LB-DIST-07D5BC042CFB","","Tair_Debba","","","","","","","","","fuzzy-suggestion","","0","unresolved","none","","","No authoritative Arabic source with stable identity or exact hierarchy/name match"
"LB-XW-CABB9E1F6538","LB-LOC-437F894B5EB6","LB-LOC-437F894B5EB6","","LB-GOV-SLB","LB-DIST-07D5BC042CFB","","Tair_Harfa","","","","","","","","","fuzzy-suggestion","","0","unresolved","none","","","No authoritative Arabic source with stable identity or exact hierarchy/name match"
"LB-XW-D9F5AE682233","LB-LOC-44320C8EDBF7","LB-LOC-44320C8EDBF7","","LB-GOV-SLB","LB-DIST-07D5BC042CFB","","Taybeh-SR","","","","","","","","","fuzzy-suggestion","","0","unresolved","none","","","No authoritative Arabic source with stable identity or exact hierarchy/name match"
"LB-XW-D457C52F0921","LB-LOC-95333C4DC708","LB-LOC-95333C4DC708","","LB-GOV-SLB","LB-DIST-07D5BC042CFB","","Teiri","","","","","","","","","fuzzy-suggestion","","0","unresolved","none","","","No authoritative Arabic source with stable identity or exact hierarchy/name match"
"LB-XW-A5D68F85E7B0","LB-LOC-EFDAB7DDE8AA","LB-LOC-EFDAB7DDE8AA","","LB-GOV-SLB","LB-DIST-07D5BC042CFB","","Tibnine_es-Sour","","","","","","","","","fuzzy-suggestion","","0","unresolved","none","","","No authoritative Arabic source with stable identity or exact hierarchy/name match"
"LB-XW-639494D3D705","LB-LOC-0E5D24F70CB8","LB-LOC-0E5D24F70CB8","","LB-GOV-SLB","LB-DIST-07D5BC042CFB","","Touline","","","","","","","","","fuzzy-suggestion","","0","unresolved","none","","","No authoritative Arabic source with stable identity or exact hierarchy/name match"
"LB-XW-A93A19AF9873","LB-LOC-420BB404364A","LB-LOC-420BB404364A","","LB-GOV-SLB","LB-DIST-07D5BC042CFB","","Toura-SR","","","","","","","","","fuzzy-suggestion","","0","unresolved","none","","","No authoritative Arabic source with stable identity or exact hierarchy/name match"
"LB-XW-B5B544708D4C","LB-LOC-9E7A79EEA341","LB-LOC-9E7A79EEA341","","LB-GOV-SLB","LB-DIST-07D5BC042CFB","","Tyre_Sour","","","","","","","","","fuzzy-suggestion","","0","unresolved","none","","","No authoritative Arabic source with stable identity or exact hierarchy/name match"
"LB-XW-CD3AFD887F1D","LB-LOC-30A94C517CB7","LB-LOC-30A94C517CB7","","LB-GOV-SLB","LB-DIST-07D5BC042CFB","","Yahmar_ech-Chqif","","","","","","","","","fuzzy-suggestion","","0","unresolved","none","","","No authoritative Arabic source with stable identity or exact hierarchy/name match"
"LB-XW-5543A7EF25C3","LB-LOC-A094D3DEB5C0","LB-LOC-A094D3DEB5C0","","LB-GOV-SLB","LB-DIST-07D5BC042CFB","","Yanouh-SR","","","","","","","","","fuzzy-suggestion","","0","unresolved","none","","","No authoritative Arabic source with stable identity or exact hierarchy/name match"
"LB-XW-E3500089A6B4","LB-LOC-146D8DDB2D05","LB-LOC-146D8DDB2D05","","LB-GOV-SLB","LB-DIST-07D5BC042CFB","","Yaroun_ej-Jnubi","","","","","","","","","fuzzy-suggestion","","0","unresolved","none","","","No authoritative Arabic source with stable identity or exact hierarchy/name match"
"LB-XW-40F16D9177F9","LB-LOC-E78A36397B31","LB-LOC-E78A36397B31","","LB-GOV-SLB","LB-DIST-07D5BC042CFB","","Zararieh-SR","","","","","","","","","fuzzy-suggestion","","0","unresolved","none","","","No authoritative Arabic source with stable identity or exact hierarchy/name match"
"LB-XW-F96D29E3EA60","LB-LOC-FFF9A88F51FA","LB-LOC-FFF9A88F51FA","","LB-GOV-SLB","LB-DIST-07D5BC042CFB","","Zebdani-SR","","","","","","","","","fuzzy-suggestion","","0","unresolved","none","","","No authoritative Arabic source with stable identity or exact hierarchy/name match"
"LB-XW-5BE30DE3F551","LB-LOC-5E4E74EA4AD0","LB-LOC-5E4E74EA4AD0","","LB-GOV-MLB","LB-DIST-E2E3070ED2C0","","Abey","","","","","","","","","fuzzy-suggestion","","0","unresolved","none","","","No authoritative Arabic source with stable identity or exact hierarchy/name match"
"LB-XW-0CF48C838FBA","LB-LOC-701313CA4DC1","LB-LOC-701313CA4DC1","","LB-GOV-MLB","LB-DIST-E2E3070ED2C0","","Abey-AL-2","","","","","","","","","fuzzy-suggestion","","0","unresolved","none","","","No authoritative Arabic source with stable identity or exact hierarchy/name match"
"LB-XW-EA2CB8A6E47F","LB-LOC-5FCF7D20499F","LB-LOC-5FCF7D20499F","","LB-GOV-MLB","LB-DIST-E2E3070ED2C0","","Ain_Anoub","","","","","","","","","fuzzy-suggestion","","0","unresolved","none","","","No authoritative Arabic source with stable identity or exact hierarchy/name match"
"LB-XW-F2F0EB1538BE","LB-LOC-EBB681C1921C","LB-LOC-EBB681C1921C","","LB-GOV-MLB","LB-DIST-E2E3070ED2C0","","Ain_Anoub_el-Fawqa","","","","","","","","","fuzzy-suggestion","","0","unresolved","none","","","No authoritative Arabic source with stable identity or exact hierarchy/name match"
"LB-XW-CC88A4B492CA","LB-LOC-01C8E012C5E6","LB-LOC-01C8E012C5E6","","LB-GOV-MLB","LB-DIST-E2E3070ED2C0","","Ain_el-Mreisseh-AL","","","","","","","","","fuzzy-suggestion","","0","unresolved","none","","","No authoritative Arabic source with stable identity or exact hierarchy/name match"
"LB-XW-5F1B36916013","LB-LOC-969A801A1FCC","LB-LOC-969A801A1FCC","","LB-GOV-MLB","LB-DIST-E2E3070ED2C0","","Ain_et-Tuffaha","","","","","","","","","fuzzy-suggestion","","0","unresolved","none","","","No authoritative Arabic source with stable identity or exact hierarchy/name match"
"LB-XW-379BEC2328CB","LB-LOC-368E53174731","LB-LOC-368E53174731","","LB-GOV-MLB","LB-DIST-E2E3070ED2C0","","Ainab","","","","","","","","","fuzzy-suggestion","","0","unresolved","none","","","No authoritative Arabic source with stable identity or exact hierarchy/name match"
"LB-XW-ADCEBEA0AC5C","LB-LOC-7C8BB27F844C","LB-LOC-7C8BB27F844C","","LB-GOV-MLB","LB-DIST-E2E3070ED2C0","","Ainbal","","","","","","","","","fuzzy-suggestion","","0","unresolved","none","","","No authoritative Arabic source with stable identity or exact hierarchy/name match"
"LB-XW-446D286507BF","LB-LOC-0ADCC60374A4","LB-LOC-0ADCC60374A4","","LB-GOV-MLB","LB-DIST-E2E3070ED2C0","","Aley","","","","","","","","","fuzzy-suggestion","","0","unresolved","none","","","No authoritative Arabic source with stable identity or exact hierarchy/name match"
"LB-XW-70134CC4CB8C","LB-LOC-42A3C1EBB229","LB-LOC-42A3C1EBB229","","LB-GOV-MLB","LB-DIST-E2E3070ED2C0","","Aramoun-AL","","","","","","","","","fuzzy-suggestion","","0","unresolved","none","","","No authoritative Arabic source with stable identity or exact hierarchy/name match"
"LB-XW-953F3BD8DD22","LB-LOC-4C12468CC671","LB-LOC-4C12468CC671","","LB-GOV-MLB","LB-DIST-E2E3070ED2C0","","Aramoun_et-Tahta","","","","","","","","","fuzzy-suggestion","","0","unresolved","none","","","No authoritative Arabic source with stable identity or exact hierarchy/name match"
"LB-XW-0F0B41794B4E","LB-LOC-59D306A207D9","LB-LOC-59D306A207D9","","LB-GOV-MLB","LB-DIST-E2E3070ED2C0","","Aytat","","","","","","","","","fuzzy-suggestion","","0","unresolved","none","","","No authoritative Arabic source with stable identity or exact hierarchy/name match"
"LB-XW-44D915EB5EC0","LB-LOC-37BF0CFBD037","LB-LOC-37BF0CFBD037","","LB-GOV-MLB","LB-DIST-E2E3070ED2C0","","Baalshmay-AL","","","","","","","","","fuzzy-suggestion","","0","unresolved","none","","","No authoritative Arabic source with stable identity or exact hierarchy/name match"
"LB-XW-EFCFCB834B26","LB-LOC-985A62A088BF","LB-LOC-985A62A088BF","","LB-GOV-MLB","LB-DIST-E2E3070ED2C0","","Baaourta","","","","","","","","","fuzzy-suggestion","","0","unresolved","none","","","No authoritative Arabic source with stable identity or exact hierarchy/name match"
"LB-XW-1D744135C7B8","LB-LOC-0D9908AD5ADA","LB-LOC-0D9908AD5ADA","","LB-GOV-MLB","LB-DIST-E2E3070ED2C0","","Bahness-AL","","","","","","","","","fuzzy-suggestion","","0","unresolved","none","","","No authoritative Arabic source with stable identity or exact hierarchy/name match"
"LB-XW-F84EDD231524","LB-LOC-C32BC9523D6A","LB-LOC-C32BC9523D6A","","LB-GOV-MLB","LB-DIST-E2E3070ED2C0","","Bdadoun","","","","","","","","","fuzzy-suggestion","","0","unresolved","none","","","No authoritative Arabic source with stable identity or exact hierarchy/name match"
"LB-XW-6745259C8D5D","LB-LOC-C1A288A219FC","LB-LOC-C1A288A219FC","","LB-GOV-MLB","LB-DIST-E2E3070ED2C0","","Bmakine","","","","","","","","","fuzzy-suggestion","","0","unresolved","none","","","No authoritative Arabic source with stable identity or exact hierarchy/name match"
"LB-XW-01A85708EFD3","LB-LOC-A5527D6A7E46","LB-LOC-A5527D6A7E46","","LB-GOV-MLB","LB-DIST-E2E3070ED2C0","","Bqaata-AL","","","","","","","","","fuzzy-suggestion","","0","unresolved","none","","","No authoritative Arabic source with stable identity or exact hierarchy/name match"
"LB-XW-56D6A7C2CA7E","LB-LOC-7DEB351BC8D5","LB-LOC-7DEB351BC8D5","","LB-GOV-MLB","LB-DIST-E2E3070ED2C0","","Bsous","","","","","","","","","fuzzy-suggestion","","0","unresolved","none","","","No authoritative Arabic source with stable identity or exact hierarchy/name match"
"LB-XW-6CB62DA7197C","LB-LOC-4F9FABD24B78","LB-LOC-4F9FABD24B78","","LB-GOV-MLB","LB-DIST-E2E3070ED2C0","","Btatloun","","","","","","","","","fuzzy-suggestion","","0","unresolved","none","","","No authoritative Arabic source with stable identity or exact hierarchy/name match"
"LB-XW-55799A8606FF","LB-LOC-31E9B02D0FFF","LB-LOC-31E9B02D0FFF","","LB-GOV-MLB","LB-DIST-E2E3070ED2C0","","Channay","","","","","","","","","fuzzy-suggestion","","0","unresolved","none","","","No authoritative Arabic source with stable identity or exact hierarchy/name match"
"LB-XW-4F5BF04FB836","LB-LOC-72012247F3F5","LB-LOC-72012247F3F5","","LB-GOV-MLB","LB-DIST-E2E3070ED2C0","","Charchbouk","","","","","","","","","fuzzy-suggestion","","0","unresolved","none","","","No authoritative Arabic source with stable identity or exact hierarchy/name match"
"LB-XW-36311BB19F5A","LB-LOC-FF41D04C6B0F","LB-LOC-FF41D04C6B0F","","LB-GOV-MLB","LB-DIST-E2E3070ED2C0","","Charoune","","","","","","","","","fuzzy-suggestion","","0","unresolved","none","","","No authoritative Arabic source with stable identity or exact hierarchy/name match"
"LB-XW-8C0598C7375C","LB-LOC-DC509E8DA928","LB-LOC-DC509E8DA928","","LB-GOV-MLB","LB-DIST-E2E3070ED2C0","","Chemlan","","","","","","","","","fuzzy-suggestion","","0","unresolved","none","","","No authoritative Arabic source with stable identity or exact hierarchy/name match"
"LB-XW-D2674BE69913","LB-LOC-8AF4D08B4F84","LB-LOC-8AF4D08B4F84","","LB-GOV-MLB","LB-DIST-E2E3070ED2C0","","Dalhamiye","","","","","","","","","fuzzy-suggestion","","0","unresolved","none","","","No authoritative Arabic source with stable identity or exact hierarchy/name match"
"LB-XW-2D04900661E9","LB-LOC-19BB0601DEE2","LB-LOC-19BB0601DEE2","","LB-GOV-MLB","LB-DIST-E2E3070ED2C0","","Deir_Kouche-AL","","","","","","","","","fuzzy-suggestion","","0","unresolved","none","","","No authoritative Arabic source with stable identity or exact hierarchy/name match"
"LB-XW-2375B4CE7E36","LB-LOC-815C8FB01AA5","LB-LOC-815C8FB01AA5","","LB-GOV-MLB","LB-DIST-E2E3070ED2C0","","Dhahr_el-Hossein","","","","","","","","","fuzzy-suggestion","","0","unresolved","none","","","No authoritative Arabic source with stable identity or exact hierarchy/name match"
"LB-XW-337B61E5A36B","LB-LOC-B0DCA057FCCD","LB-LOC-B0DCA057FCCD","","LB-GOV-MLB","LB-DIST-E2E3070ED2C0","","Dhahr_el-Mghara","","","","","","","","","fuzzy-suggestion","","0","unresolved","none","","","No authoritative Arabic source with stable identity or exact hierarchy/name match"
"LB-XW-057284844ACA","LB-LOC-782D7C37379E","LB-LOC-782D7C37379E","","LB-GOV-MLB","LB-DIST-E2E3070ED2C0","","Dhahr_es-Souane-AL","","","","","","","","","fuzzy-suggestion","","0","unresolved","none","","","No authoritative Arabic source with stable identity or exact hierarchy/name match"
"LB-XW-A5E8999A93F1","LB-LOC-613D76CC4AFD","LB-LOC-613D76CC4AFD","","LB-GOV-MLB","LB-DIST-E2E3070ED2C0","","Dhour_Aaley","","","","","","","","","fuzzy-suggestion","","0","unresolved","none","","","No authoritative Arabic source with stable identity or exact hierarchy/name match"
"LB-XW-B266176FFF6C","LB-LOC-B4FD835544E4","LB-LOC-B4FD835544E4","","LB-GOV-MLB","LB-DIST-E2E3070ED2C0","","Dqoun","","","","","","","","","fuzzy-suggestion","","0","unresolved","none","","","No authoritative Arabic source with stable identity or exact hierarchy/name match"
"LB-XW-B4C69EED7C2B","LB-LOC-ED8967DC6193","LB-LOC-ED8967DC6193","","LB-GOV-MLB","LB-DIST-E2E3070ED2C0","","El-Fawwara","","","","","","","","","fuzzy-suggestion","","0","unresolved","none","","","No authoritative Arabic source with stable identity or exact hierarchy/name match"
"LB-XW-FAADE9D67E07","LB-LOC-C84D56AFB31A","LB-LOC-C84D56AFB31A","","LB-GOV-MLB","LB-DIST-E2E3070ED2C0","","Gharifeh","","","","","","","","","fuzzy-suggestion","","0","unresolved","none","","","No authoritative Arabic source with stable identity or exact hierarchy/name match"
"LB-XW-AECE5287C3D7","LB-LOC-B7105AE4C35A","LB-LOC-B7105AE4C35A","","LB-GOV-MLB","LB-DIST-E2E3070ED2C0","","Haret_es-Sit","","","","","","","","","fuzzy-suggestion","","0","unresolved","none","","","No authoritative Arabic source with stable identity or exact hierarchy/name match"
"LB-XW-0982FFABEAD2","LB-LOC-A839A7EF2D5B","LB-LOC-A839A7EF2D5B","","LB-GOV-MLB","LB-DIST-E2E3070ED2C0","","Jisr_el-Qadi-AL","","","","","","","","","fuzzy-suggestion","","0","unresolved","none","","","No authoritative Arabic source with stable identity or exact hierarchy/name match"
"LB-XW-76B4B946CCCE","LB-LOC-B51DECBB60D7","LB-LOC-B51DECBB60D7","","LB-GOV-MLB","LB-DIST-E2E3070ED2C0","","Kayfoun","","","","","","","","","fuzzy-suggestion","","0","unresolved","none","","","No authoritative Arabic source with stable identity or exact hierarchy/name match"
"LB-XW-D534C090592B","LB-LOC-E684EF7206BB","LB-LOC-E684EF7206BB","","LB-GOV-MLB","LB-DIST-E2E3070ED2C0","","Kfar_Amay","","","","","","","","","fuzzy-suggestion","","0","unresolved","none","","","No authoritative Arabic source with stable identity or exact hierarchy/name match"
"LB-XW-1863745374A5","LB-LOC-E8B29E25DA79","LB-LOC-E8B29E25DA79","","LB-GOV-MLB","LB-DIST-E2E3070ED2C0","","Kfar_Dlaqous","","","","","","","","","fuzzy-suggestion","","0","unresolved","none","","","No authoritative Arabic source with stable identity or exact hierarchy/name match"
"LB-XW-D5DF82CAF253","LB-LOC-D33B85B0466A","LB-LOC-D33B85B0466A","","LB-GOV-MLB","LB-DIST-E2E3070ED2C0","","Kfar_Him","","","","","","","","","fuzzy-suggestion","","0","unresolved","none","","","No authoritative Arabic source with stable identity or exact hierarchy/name match"
"LB-XW-0E389D251FED","LB-LOC-4E39788FB9BF","LB-LOC-4E39788FB9BF","","LB-GOV-MLB","LB-DIST-E2E3070ED2C0","","Kfar_Matta","","","","","","","","","fuzzy-suggestion","","0","unresolved","none","","","No authoritative Arabic source with stable identity or exact hierarchy/name match"
"LB-XW-8EF31DA55D0E","LB-LOC-5DD8313A3B7C","LB-LOC-5DD8313A3B7C","","LB-GOV-MLB","LB-DIST-E2E3070ED2C0","","Kfar_Nabrakh-AL","","","","","","","","","fuzzy-suggestion","","0","unresolved","none","","","No authoritative Arabic source with stable identity or exact hierarchy/name match"
"LB-XW-00AEB04334FB","LB-LOC-69B1D0B7EB43","LB-LOC-69B1D0B7EB43","","LB-GOV-MLB","LB-DIST-E2E3070ED2C0","","Khalwat-AL","","","","","","","","","fuzzy-suggestion","","0","unresolved","none","","","No authoritative Arabic source with stable identity or exact hierarchy/name match"
"LB-XW-41C00C9BECA8","LB-LOC-EB8929D1A5F7","LB-LOC-EB8929D1A5F7","","LB-GOV-MLB","LB-DIST-E2E3070ED2C0","","Mahattat_ech-Chouf","","","","","","","","","fuzzy-suggestion","","0","unresolved","none","","","No authoritative Arabic source with stable identity or exact hierarchy/name match"
"LB-XW-493233C01020","LB-LOC-AE2BC9F60B46","LB-LOC-AE2BC9F60B46","","LB-GOV-MLB","LB-DIST-E2E3070ED2C0","","Majdel_Balda","","","","","","","","","fuzzy-suggestion","","0","unresolved","none","","","No authoritative Arabic source with stable identity or exact hierarchy/name match"
"LB-XW-0FE4DDC2233D","LB-LOC-DB18BD279D1A","LB-LOC-DB18BD279D1A","","LB-GOV-MLB","LB-DIST-E2E3070ED2C0","","Majdel_Maaouche","","","","","","","","","fuzzy-suggestion","","0","unresolved","none","","","No authoritative Arabic source with stable identity or exact hierarchy/name match"
"LB-XW-A68D2E4F2CDD","LB-LOC-7EA46CB645D2","LB-LOC-7EA46CB645D2","","LB-GOV-MLB","LB-DIST-E2E3070ED2C0","","Matleh","","","","","","","","","fuzzy-suggestion","","0","unresolved","none","","","No authoritative Arabic source with stable identity or exact hierarchy/name match"
"LB-XW-F955901A7F8C","LB-LOC-6FB48A5D46C1","LB-LOC-6FB48A5D46C1","","LB-GOV-MLB","LB-DIST-E2E3070ED2C0","","Mcherfeh-AL","","","","","","","","","fuzzy-suggestion","","0","unresolved","none","","","No authoritative Arabic source with stable identity or exact hierarchy/name match"
"LB-XW-94241E03C3A6","LB-LOC-D96F30975D1B","LB-LOC-D96F30975D1B","","LB-GOV-MLB","LB-DIST-E2E3070ED2C0","","Oubaybeh","","","","","","","","","fuzzy-suggestion","","0","unresolved","none","","","No authoritative Arabic source with stable identity or exact hierarchy/name match"
"LB-XW-33694CE46282","LB-LOC-1370B49DF231","LB-LOC-1370B49DF231","","LB-GOV-MLB","LB-DIST-E2E3070ED2C0","","Qabr_Chmoun","","","","","","","","","fuzzy-suggestion","","0","unresolved","none","","","No authoritative Arabic source with stable identity or exact hierarchy/name match"
"LB-XW-03C15748314A","LB-LOC-84F9D5085F22","LB-LOC-84F9D5085F22","","LB-GOV-MLB","LB-DIST-E2E3070ED2C0","","Qbeih","","","","","","","","","fuzzy-suggestion","","0","unresolved","none","","","No authoritative Arabic source with stable identity or exact hierarchy/name match"
"LB-XW-9BDB4AF0B666","LB-LOC-6ED12FA6DC0D","LB-LOC-6ED12FA6DC0D","","LB-GOV-MLB","LB-DIST-E2E3070ED2C0","","Qornayel-AL","","","","","","","","","fuzzy-suggestion","","0","unresolved","none","","","No authoritative Arabic source with stable identity or exact hierarchy/name match"
"LB-XW-6F03C0DBF99A","LB-LOC-F84A4FEA8441","LB-LOC-F84A4FEA8441","","LB-GOV-MLB","LB-DIST-E2E3070ED2C0","","Rechmaya","","","","","","","","","fuzzy-suggestion","","0","unresolved","none","","","No authoritative Arabic source with stable identity or exact hierarchy/name match"
"LB-XW-23A25B3E3937","LB-LOC-F06340B25A11","LB-LOC-F06340B25A11","","LB-GOV-MLB","LB-DIST-E2E3070ED2C0","","Rwaysset_en-Naaman","","","","","","","","","fuzzy-suggestion","","0","unresolved","none","","","No authoritative Arabic source with stable identity or exact hierarchy/name match"
"LB-XW-CA582A2F9B76","LB-LOC-069B9E31ABA9","LB-LOC-069B9E31ABA9","","LB-GOV-MLB","LB-DIST-E2E3070ED2C0","","Souq_el-Gharb","","","","","","","","","fuzzy-suggestion","","0","unresolved","none","","","No authoritative Arabic source with stable identity or exact hierarchy/name match"
"LB-XW-EBA57174A639","LB-LOC-C5A308088A1E","LB-LOC-C5A308088A1E","","LB-GOV-MLB","LB-DIST-E2E3070ED2C0","","Wardaniye","","","","","","","","","fuzzy-suggestion","","0","unresolved","none","","","No authoritative Arabic source with stable identity or exact hierarchy/name match"
"LB-XW-656FC8DB44AD","LB-LOC-CD6A6D03E565","LB-LOC-CD6A6D03E565","","LB-GOV-MLB","LB-DIST-2565F21E5398","","Aabadiyeh","","","","","","","","","fuzzy-suggestion","","0","unresolved","none","","","No authoritative Arabic source with stable identity or exact hierarchy/name match"
"LB-XW-A254A1E4BB10","LB-LOC-72AAF5FFB183","LB-LOC-72AAF5FFB183","","LB-GOV-MLB","LB-DIST-2565F21E5398","","Aaley_el-Baabdiye","","","","","","","","","fuzzy-suggestion","","0","unresolved","none","","","No authoritative Arabic source with stable identity or exact hierarchy/name match"
"LB-XW-B2F9E43C360B","LB-LOC-28B520FB3914","LB-LOC-28B520FB3914","","LB-GOV-MLB","LB-DIST-2565F21E5398","","Ain_Drafil","","","","","","","","","fuzzy-suggestion","","0","unresolved","none","","","No authoritative Arabic source with stable identity or exact hierarchy/name match"
"LB-XW-B70DDF4297C5","LB-LOC-9DCEFCFB728F","LB-LOC-9DCEFCFB728F","","LB-GOV-MLB","LB-DIST-2565F21E5398","","Ain_el-Hour","","","","","","","","","fuzzy-suggestion","","0","unresolved","none","","","No authoritative Arabic source with stable identity or exact hierarchy/name match"
"LB-XW-F4ED59CE1792","LB-LOC-8AFD447B6317","LB-LOC-8AFD447B6317","","LB-GOV-MLB","LB-DIST-2565F21E5398","","Ain_el-Remmaneh","","","","","","","","","fuzzy-suggestion","","0","unresolved","none","","","No authoritative Arabic source with stable identity or exact hierarchy/name match"
"LB-XW-1F65C82EFFFD","LB-LOC-78A887AF080E","LB-LOC-78A887AF080E","","LB-GOV-MLB","LB-DIST-2565F21E5398","","Ainiya","","","","","","","","","fuzzy-suggestion","","0","unresolved","none","","","No authoritative Arabic source with stable identity or exact hierarchy/name match"
"LB-XW-319ED69D8805","LB-LOC-0CFE3C2E75BE","LB-LOC-0CFE3C2E75BE","","LB-GOV-MLB","LB-DIST-2565F21E5398","","Aley_village","","","","","","","","","fuzzy-suggestion","","0","unresolved","none","","","No authoritative Arabic source with stable identity or exact hierarchy/name match"
"LB-XW-DB3FDF17D9C5","LB-LOC-D062F52859F9","LB-LOC-D062F52859F9","","LB-GOV-MLB","LB-DIST-2565F21E5398","","Aramoun","","","","","","","","","fuzzy-suggestion","","0","unresolved","none","","","No authoritative Arabic source with stable identity or exact hierarchy/name match"
"LB-XW-746E510DE49A","LB-LOC-229BAE37C901","LB-LOC-229BAE37C901","","LB-GOV-MLB","LB-DIST-2565F21E5398","","Araya","","","","","","","","","fuzzy-suggestion","","0","unresolved","none","","","No authoritative Arabic source with stable identity or exact hierarchy/name match"
"LB-XW-6F7F770285D3","LB-LOC-AC95D6FCD90F","LB-LOC-AC95D6FCD90F","","LB-GOV-MLB","LB-DIST-2565F21E5398","","Baabda","","","","","","","","","fuzzy-suggestion","","0","unresolved","none","","","No authoritative Arabic source with stable identity or exact hierarchy/name match"
"LB-XW-193FB299D54D","LB-LOC-0A5CD68E19EE","LB-LOC-0A5CD68E19EE","","LB-GOV-MLB","LB-DIST-2565F21E5398","","Bahness","","","","","","","","","fuzzy-suggestion","","0","unresolved","none","","","No authoritative Arabic source with stable identity or exact hierarchy/name match"
"LB-XW-3DD0E467441C","LB-LOC-490B342A8A54","LB-LOC-490B342A8A54","","LB-GOV-MLB","LB-DIST-2565F21E5398","","Barja","","","","","","","","","fuzzy-suggestion","","0","unresolved","none","","","No authoritative Arabic source with stable identity or exact hierarchy/name match"
"LB-XW-DB9750AFA610","LB-LOC-28AB0737A877","LB-LOC-28AB0737A877","","LB-GOV-MLB","LB-DIST-2565F21E5398","","Bchamoun","","","","","","","","","fuzzy-suggestion","","0","unresolved","none","","","No authoritative Arabic source with stable identity or exact hierarchy/name match"
"LB-XW-0541F11AF150","LB-LOC-79A10BC5A0C7","LB-LOC-79A10BC5A0C7","","LB-GOV-MLB","LB-DIST-2565F21E5398","","Bedghan","","","","","","","","","fuzzy-suggestion","","0","unresolved","none","","","No authoritative Arabic source with stable identity or exact hierarchy/name match"
"LB-XW-A82D58857732","LB-LOC-B73E4D8122D8","LB-LOC-B73E4D8122D8","","LB-GOV-MLB","LB-DIST-2565F21E5398","","Bhamdoun","","","","","","","","","fuzzy-suggestion","","0","unresolved","none","","","No authoritative Arabic source with stable identity or exact hierarchy/name match"
"LB-XW-2BCF9E97EEC9","LB-LOC-6EC20EA5A18B","LB-LOC-6EC20EA5A18B","","LB-GOV-MLB","LB-DIST-2565F21E5398","","Bmahray","","","","","","","","","fuzzy-suggestion","","0","unresolved","none","","","No authoritative Arabic source with stable identity or exact hierarchy/name match"
"LB-XW-81AE76969AA5","LB-LOC-F4083C8DE0DE","LB-LOC-F4083C8DE0DE","","LB-GOV-MLB","LB-DIST-2565F21E5398","","Bsaba","","","","","","","","","fuzzy-suggestion","","0","unresolved","none","","","No authoritative Arabic source with stable identity or exact hierarchy/name match"
"LB-XW-78559F2FFA3A","LB-LOC-AB88F7571ACF","LB-LOC-AB88F7571ACF","","LB-GOV-MLB","LB-DIST-2565F21E5398","","Btalloun","","","","","","","","","fuzzy-suggestion","","0","unresolved","none","","","No authoritative Arabic source with stable identity or exact hierarchy/name match"
"LB-XW-D99BD3A7B981","LB-LOC-B5FB7178A420","LB-LOC-B5FB7178A420","","LB-GOV-MLB","LB-DIST-2565F21E5398","","Btater","","","","","","","","","fuzzy-suggestion","","0","unresolved","none","","","No authoritative Arabic source with stable identity or exact hierarchy/name match"
"LB-XW-EF1EAC092531","LB-LOC-73E7CA940824","LB-LOC-73E7CA940824","","LB-GOV-MLB","LB-DIST-2565F21E5398","","Bzebbine-BA","","","","","","","","","fuzzy-suggestion","","0","unresolved","none","","","No authoritative Arabic source with stable identity or exact hierarchy/name match"
"LB-XW-2F13700231A6","LB-LOC-1A474D3DB96F","LB-LOC-1A474D3DB96F","","LB-GOV-MLB","LB-DIST-2565F21E5398","","Chartoun","","","","","","","","","fuzzy-suggestion","","0","unresolved","none","","","No authoritative Arabic source with stable identity or exact hierarchy/name match"
"LB-XW-C98086F25A81","LB-LOC-D389EAD3920A","LB-LOC-D389EAD3920A","","LB-GOV-MLB","LB-DIST-2565F21E5398","","Chebaa_Baabda","","","","","","","","","fuzzy-suggestion","","0","unresolved","none","","","No authoritative Arabic source with stable identity or exact hierarchy/name match"
"LB-XW-5C683E4F5767","LB-LOC-454CE4AE0EDD","LB-LOC-454CE4AE0EDD","","LB-GOV-MLB","LB-DIST-2565F21E5398","","Chiyah","","","","","","","","","fuzzy-suggestion","","0","unresolved","none","","","No authoritative Arabic source with stable identity or exact hierarchy/name match"
"LB-XW-561A157F8641","LB-LOC-03EB8E750882","LB-LOC-03EB8E750882","","LB-GOV-MLB","LB-DIST-2565F21E5398","","Deir_Kouche","","","","","","","","","fuzzy-suggestion","","0","unresolved","none","","","No authoritative Arabic source with stable identity or exact hierarchy/name match"
"LB-XW-5035978AF79E","LB-LOC-92090E5ED2D2","LB-LOC-92090E5ED2D2","","LB-GOV-MLB","LB-DIST-2565F21E5398","","Deir_el-Qalaa","","","","","","","","","fuzzy-suggestion","","0","unresolved","none","","","No authoritative Arabic source with stable identity or exact hierarchy/name match"
"LB-XW-AB7A47682CA7","LB-LOC-952DC9CC0E71","LB-LOC-952DC9CC0E71","","LB-GOV-MLB","LB-DIST-2565F21E5398","","Deir_el-Qamar-BA","","","","","","","","","fuzzy-suggestion","","0","unresolved","none","","","No authoritative Arabic source with stable identity or exact hierarchy/name match"
"LB-XW-6FB5CE56C357","LB-LOC-5F5D113ABFC4","LB-LOC-5F5D113ABFC4","","LB-GOV-MLB","LB-DIST-2565F21E5398","","Dhahr_el-Baydar","","","","","","","","","fuzzy-suggestion","","0","unresolved","none","","","No authoritative Arabic source with stable identity or exact hierarchy/name match"
"LB-XW-F98177B3BCA8","LB-LOC-917623CC6506","LB-LOC-917623CC6506","","LB-GOV-MLB","LB-DIST-2565F21E5398","","Dhour_el-Barouqiye","","","","","","","","","fuzzy-suggestion","","0","unresolved","none","","","No authoritative Arabic source with stable identity or exact hierarchy/name match"
"LB-XW-CE4C5C6D36B1","LB-LOC-A95C39AC4AF4","LB-LOC-A95C39AC4AF4","","LB-GOV-MLB","LB-DIST-2565F21E5398","","Douhat_Aramoun","","","","","","","","","fuzzy-suggestion","","0","unresolved","none","","","No authoritative Arabic source with stable identity or exact hierarchy/name match"
"LB-XW-B75F44E88840","LB-LOC-1C7D5EE61C3A","LB-LOC-1C7D5EE61C3A","","LB-GOV-MLB","LB-DIST-2565F21E5398","","Echourit","","","","","","","","","fuzzy-suggestion","","0","unresolved","none","","","No authoritative Arabic source with stable identity or exact hierarchy/name match"
"LB-XW-1F97C2290529","LB-LOC-FFC0F0988529","LB-LOC-FFC0F0988529","","LB-GOV-MLB","LB-DIST-2565F21E5398","","El-Azra","","","","","","","","","fuzzy-suggestion","","0","unresolved","none","","","No authoritative Arabic source with stable identity or exact hierarchy/name match"
"LB-XW-A58DA8A5E8BE","LB-LOC-0702A5A72292","LB-LOC-0702A5A72292","","LB-GOV-MLB","LB-DIST-2565F21E5398","","Fayyadieh","","","","","","","","","fuzzy-suggestion","","0","unresolved","none","","","No authoritative Arabic source with stable identity or exact hierarchy/name match"
"LB-XW-67C62150EF76","LB-LOC-260512DE1F95","LB-LOC-260512DE1F95","","LB-GOV-MLB","LB-DIST-2565F21E5398","","Ghaboun","","","","","","","","","fuzzy-suggestion","","0","unresolved","none","","","No authoritative Arabic source with stable identity or exact hierarchy/name match"
"LB-XW-72507ADFD9BA","LB-LOC-5B340B88BB4E","LB-LOC-5B340B88BB4E","","LB-GOV-MLB","LB-DIST-2565F21E5398","","Hadath","","","","","","","","","fuzzy-suggestion","","0","unresolved","none","","","No authoritative Arabic source with stable identity or exact hierarchy/name match"
"LB-XW-F68B35BEEA24","LB-LOC-F45718A47E66","LB-LOC-F45718A47E66","","LB-GOV-MLB","LB-DIST-2565F21E5398","","Hammana","","","","","","","","","fuzzy-suggestion","","0","unresolved","none","","","No authoritative Arabic source with stable identity or exact hierarchy/name match"
"LB-XW-6878F2E9DB1F","LB-LOC-712E797CB51F","LB-LOC-712E797CB51F","","LB-GOV-MLB","LB-DIST-2565F21E5398","","Hazmieh_ech-Chamaliye","","","","","","","","","fuzzy-suggestion","","0","unresolved","none","","","No authoritative Arabic source with stable identity or exact hierarchy/name match"
"LB-XW-595742E7A4B6","LB-LOC-5AA9BF40F511","LB-LOC-5AA9BF40F511","","LB-GOV-MLB","LB-DIST-2565F21E5398","","Jamhour_el-Aala","","","","","","","","","fuzzy-suggestion","","0","unresolved","none","","","No authoritative Arabic source with stable identity or exact hierarchy/name match"
"LB-XW-444D36A84E34","LB-LOC-19533207B193","LB-LOC-19533207B193","","LB-GOV-MLB","LB-DIST-2565F21E5398","","Jnah-BA","","","","","","","","","fuzzy-suggestion","","0","unresolved","none","","","No authoritative Arabic source with stable identity or exact hierarchy/name match"
"LB-XW-43E49B9F448E","LB-LOC-DF179E988F88","LB-LOC-DF179E988F88","","LB-GOV-MLB","LB-DIST-2565F21E5398","","Kahlouniye","","","","","","","","","fuzzy-suggestion","","0","unresolved","none","","","No authoritative Arabic source with stable identity or exact hierarchy/name match"
"LB-XW-B9B84C204CCB","LB-LOC-49FCCE286D97","LB-LOC-49FCCE286D97","","LB-GOV-MLB","LB-DIST-2565F21E5398","","Kayfoun-BA","","","","","","","","","fuzzy-suggestion","","0","unresolved","none","","","No authoritative Arabic source with stable identity or exact hierarchy/name match"
"LB-XW-203B0A38374F","LB-LOC-57263E5617EE","LB-LOC-57263E5617EE","","LB-GOV-MLB","LB-DIST-2565F21E5398","","Kfar_Qahel-BA","","","","","","","","","fuzzy-suggestion","","0","unresolved","none","","","No authoritative Arabic source with stable identity or exact hierarchy/name match"
"LB-XW-E3BDC630F3BF","LB-LOC-222325A408C9","LB-LOC-222325A408C9","","LB-GOV-MLB","LB-DIST-2565F21E5398","","Kfarchima","","","","","","","","","fuzzy-suggestion","","0","unresolved","none","","","No authoritative Arabic source with stable identity or exact hierarchy/name match"
"LB-XW-EAA56F55DDA7","LB-LOC-FF75D778368B","LB-LOC-FF75D778368B","","LB-GOV-MLB","LB-DIST-2565F21E5398","","Khaldeh","","","","","","","","","fuzzy-suggestion","","0","unresolved","none","","","No authoritative Arabic source with stable identity or exact hierarchy/name match"
"LB-XW-E1308052C134","LB-LOC-C3C1475A24A8","LB-LOC-C3C1475A24A8","","LB-GOV-MLB","LB-DIST-2565F21E5398","","Knaker_el-Matniye","","","","","","","","","fuzzy-suggestion","","0","unresolved","none","","","No authoritative Arabic source with stable identity or exact hierarchy/name match"
"LB-XW-9FD0D9BA7E46","LB-LOC-F0F85472EBA7","LB-LOC-F0F85472EBA7","","LB-GOV-MLB","LB-DIST-2565F21E5398","","Louaizeh","","","","","","","","","fuzzy-suggestion","","0","unresolved","none","","","No authoritative Arabic source with stable identity or exact hierarchy/name match"
"LB-XW-EA6FC74D806D","LB-LOC-410D7E6CBCD4","LB-LOC-410D7E6CBCD4","","LB-GOV-MLB","LB-DIST-2565F21E5398","","Maaysra","","","","","","","","","fuzzy-suggestion","","0","unresolved","none","","","No authoritative Arabic source with stable identity or exact hierarchy/name match"
"LB-XW-98939E055613","LB-LOC-3992A4862A36","LB-LOC-3992A4862A36","","LB-GOV-MLB","LB-DIST-2565F21E5398","","Majdel_Baana","","","","","","","","","fuzzy-suggestion","","0","unresolved","none","","","No authoritative Arabic source with stable identity or exact hierarchy/name match"
"LB-XW-EE7463EC2F2D","LB-LOC-63BF34C87A33","LB-LOC-63BF34C87A33","","LB-GOV-MLB","LB-DIST-2565F21E5398","","Manarah-BA","","","","","","","","","fuzzy-suggestion","","0","unresolved","none","","","No authoritative Arabic source with stable identity or exact hierarchy/name match"
"LB-XW-5ECBA859DC9F","LB-LOC-E7F5EBB8CBBD","LB-LOC-E7F5EBB8CBBD","","LB-GOV-MLB","LB-DIST-2565F21E5398","","Mreijeh","","","","","","","","","fuzzy-suggestion","","0","unresolved","none","","","No authoritative Arabic source with stable identity or exact hierarchy/name match"
"LB-XW-0092F8E29195","LB-LOC-6A96236A59B4","LB-LOC-6A96236A59B4","","LB-GOV-MLB","LB-DIST-2565F21E5398","","Mrouj","","","","","","","","","fuzzy-suggestion","","0","unresolved","none","","","No authoritative Arabic source with stable identity or exact hierarchy/name match"
"LB-XW-F1C55511C92E","LB-LOC-8FBD414961D3","LB-LOC-8FBD414961D3","","LB-GOV-MLB","LB-DIST-2565F21E5398","","Qasqas","","","","","","","","","fuzzy-suggestion","","0","unresolved","none","","","No authoritative Arabic source with stable identity or exact hierarchy/name match"
"LB-XW-01E2303EFAAB","LB-LOC-2214EB7825BC","LB-LOC-2214EB7825BC","","LB-GOV-MLB","LB-DIST-2565F21E5398","","Qmatiyeh","","","","","","","","","fuzzy-suggestion","","0","unresolved","none","","","No authoritative Arabic source with stable identity or exact hierarchy/name match"
"LB-XW-A5D6137E8031","LB-LOC-EB4ECAD771E8","LB-LOC-EB4ECAD771E8","","LB-GOV-MLB","LB-DIST-2565F21E5398","","Qornayel","","","","","","","","","fuzzy-suggestion","","0","unresolved","none","","","No authoritative Arabic source with stable identity or exact hierarchy/name match"
"LB-XW-ECE6EEA1BDEB","LB-LOC-E0CE2F477C3A","LB-LOC-E0CE2F477C3A","","LB-GOV-MLB","LB-DIST-2565F21E5398","","Ras_el-Harf","","","","","","","","","fuzzy-suggestion","","0","unresolved","none","","","No authoritative Arabic source with stable identity or exact hierarchy/name match"
"LB-XW-FB4EF5B54949","LB-LOC-1F3E3A44F367","LB-LOC-1F3E3A44F367","","LB-GOV-MLB","LB-DIST-2565F21E5398","","Rwaysset_el-Ballout","","","","","","","","","fuzzy-suggestion","","0","unresolved","none","","","No authoritative Arabic source with stable identity or exact hierarchy/name match"
"LB-XW-1D56F0285CC6","LB-LOC-6DC9E21AD0C4","LB-LOC-6DC9E21AD0C4","","LB-GOV-MLB","LB-DIST-2565F21E5398","","Sbainiyeh","","","","","","","","","fuzzy-suggestion","","0","unresolved","none","","","No authoritative Arabic source with stable identity or exact hierarchy/name match"
"LB-XW-27CF8A97824A","LB-LOC-FA0863E1A6B7","LB-LOC-FA0863E1A6B7","","LB-GOV-MLB","LB-DIST-2565F21E5398","","Sofar","","","","","","","","","fuzzy-suggestion","","0","unresolved","none","","","No authoritative Arabic source with stable identity or exact hierarchy/name match"
"LB-XW-13BE89D350B4","LB-LOC-3785938A24B6","LB-LOC-3785938A24B6","","LB-GOV-MLB","LB-DIST-2565F21E5398","","Wadi_Chahrour","","","","","","","","","fuzzy-suggestion","","0","unresolved","none","","","No authoritative Arabic source with stable identity or exact hierarchy/name match"
"LB-XW-A06066A81B00","LB-LOC-8942249A222B","LB-LOC-8942249A222B","","LB-GOV-MLB","LB-DIST-2565F21E5398","","Wadi_el-Homsiye","","","","","","","","","fuzzy-suggestion","","0","unresolved","none","","","No authoritative Arabic source with stable identity or exact hierarchy/name match"
"LB-XW-3F6CA0A26A1A","LB-LOC-01D7B5C4AB22","LB-LOC-01D7B5C4AB22","","LB-GOV-MLB","LB-DIST-2565F21E5398","","Wardaniye-BA","","","","","","","","","fuzzy-suggestion","","0","unresolved","none","","","No authoritative Arabic source with stable identity or exact hierarchy/name match"
"LB-XW-5A5DE9ADD6F3","LB-LOC-576A364BB7F3","LB-LOC-576A364BB7F3","","LB-GOV-MLB","LB-DIST-860EEECDA270","","Aaley_el-Chouf","","","","","","","","","fuzzy-suggestion","","0","unresolved","none","","","No authoritative Arabic source with stable identity or exact hierarchy/name match"
"LB-XW-CD566AAAD693","LB-LOC-5BB4168EF39D","LB-LOC-5BB4168EF39D","","LB-GOV-MLB","LB-DIST-860EEECDA270","","Ain_Qanya","","","","","","","","","fuzzy-suggestion","","0","unresolved","none","","","No authoritative Arabic source with stable identity or exact hierarchy/name match"
"LB-XW-D584FE93106C","LB-LOC-D9ED7CAEDB81","LB-LOC-D9ED7CAEDB81","","LB-GOV-MLB","LB-DIST-860EEECDA270","","Ain_Trazi","","","","","","","","","fuzzy-suggestion","","0","unresolved","none","","","No authoritative Arabic source with stable identity or exact hierarchy/name match"
"LB-XW-D767663D759D","LB-LOC-6EC3E4C3BC1A","LB-LOC-6EC3E4C3BC1A","","LB-GOV-MLB","LB-DIST-860EEECDA270","","Ain_Wazein","","","","","","","","","fuzzy-suggestion","","0","unresolved","none","","","No authoritative Arabic source with stable identity or exact hierarchy/name match"
"LB-XW-43D59974AB6F","LB-LOC-BB20FB4AE527","LB-LOC-BB20FB4AE527","","LB-GOV-MLB","LB-DIST-860EEECDA270","","Ain_Zhalta","","","","","","","","","fuzzy-suggestion","","0","unresolved","none","","","No authoritative Arabic source with stable identity or exact hierarchy/name match"
"LB-XW-150CA0C4B2F4","LB-LOC-0C2CED204F82","LB-LOC-0C2CED204F82","","LB-GOV-MLB","LB-DIST-860EEECDA270","","Ain_el-Halzoun","","","","","","","","","fuzzy-suggestion","","0","unresolved","none","","","No authoritative Arabic source with stable identity or exact hierarchy/name match"
"LB-XW-37A02BF59591","LB-LOC-9BC8D3579607","LB-LOC-9BC8D3579607","","LB-GOV-MLB","LB-DIST-860EEECDA270","","Ain_el-Mir","","","","","","","","","fuzzy-suggestion","","0","unresolved","none","","","No authoritative Arabic source with stable identity or exact hierarchy/name match"
"LB-XW-8E0ACA3C11AB","LB-LOC-FC0BE7DB5632","LB-LOC-FC0BE7DB5632","","LB-GOV-MLB","LB-DIST-860EEECDA270","","Ain_el-Mir_ech-Chouf","","","","","","","","","fuzzy-suggestion","","0","unresolved","none","","","No authoritative Arabic source with stable identity or exact hierarchy/name match"
"LB-XW-D9DB179FD296","LB-LOC-3A90A62B8D56","LB-LOC-3A90A62B8D56","","LB-GOV-MLB","LB-DIST-860EEECDA270","","Ammatour","","","","","","","","","fuzzy-suggestion","","0","unresolved","none","","","No authoritative Arabic source with stable identity or exact hierarchy/name match"
"LB-XW-626C58C31407","LB-LOC-88F9FA056AAC","LB-LOC-88F9FA056AAC","","LB-GOV-MLB","LB-DIST-860EEECDA270","","Ammatour_el-Aala","","","","","","","","","fuzzy-suggestion","","0","unresolved","none","","","No authoritative Arabic source with stable identity or exact hierarchy/name match"
"LB-XW-E0ACB610F640","LB-LOC-9720872BCC9D","LB-LOC-9720872BCC9D","","LB-GOV-MLB","LB-DIST-860EEECDA270","","Ammiq","","","","","","","","","fuzzy-suggestion","","0","unresolved","none","","","No authoritative Arabic source with stable identity or exact hierarchy/name match"
"LB-XW-929FC23DFFFB","LB-LOC-1F382A881DFB","LB-LOC-1F382A881DFB","","LB-GOV-MLB","LB-DIST-860EEECDA270","","Anata","","","","","","","","","fuzzy-suggestion","","0","unresolved","none","","","No authoritative Arabic source with stable identity or exact hierarchy/name match"
"LB-XW-0BDD9A4513FD","LB-LOC-E6BE537811EE","LB-LOC-E6BE537811EE","","LB-GOV-MLB","LB-DIST-860EEECDA270","","Armata","","","","","","","","","fuzzy-suggestion","","0","unresolved","none","","","No authoritative Arabic source with stable identity or exact hierarchy/name match"
"LB-XW-445299974B80","LB-LOC-9F8525FABC57","LB-LOC-9F8525FABC57","","LB-GOV-MLB","LB-DIST-860EEECDA270","","Baadrane","","","","","","","","","fuzzy-suggestion","","0","unresolved","none","","","No authoritative Arabic source with stable identity or exact hierarchy/name match"
"LB-XW-4AE93E72872A","LB-LOC-1D880F51A9F3","LB-LOC-1D880F51A9F3","","LB-GOV-MLB","LB-DIST-860EEECDA270","","Baadrane_el-Fawqa","","","","","","","","","fuzzy-suggestion","","0","unresolved","none","","","No authoritative Arabic source with stable identity or exact hierarchy/name match"
"LB-XW-8157A94E9EC2","LB-LOC-77DF0749DCEB","LB-LOC-77DF0749DCEB","","LB-GOV-MLB","LB-DIST-860EEECDA270","","Baakline","","","","","","","","","fuzzy-suggestion","","0","unresolved","none","","","No authoritative Arabic source with stable identity or exact hierarchy/name match"
"LB-XW-BA9DC05A98E0","LB-LOC-71B8A72C06FF","LB-LOC-71B8A72C06FF","","LB-GOV-MLB","LB-DIST-860EEECDA270","","Baakline_el-Alya","","","","","","","","","fuzzy-suggestion","","0","unresolved","none","","","No authoritative Arabic source with stable identity or exact hierarchy/name match"
"LB-XW-5647B936D310","LB-LOC-704919BA71D0","LB-LOC-704919BA71D0","","LB-GOV-MLB","LB-DIST-860EEECDA270","","Baakline_et-Tahta","","","","","","","","","fuzzy-suggestion","","0","unresolved","none","","","No authoritative Arabic source with stable identity or exact hierarchy/name match"
"LB-XW-3799476E41DA","LB-LOC-73BA6CDE6D6F","LB-LOC-73BA6CDE6D6F","","LB-GOV-MLB","LB-DIST-860EEECDA270","","Baaourta-CH","","","","","","","","","fuzzy-suggestion","","0","unresolved","none","","","No authoritative Arabic source with stable identity or exact hierarchy/name match"
"LB-XW-A2D0B01AE283","LB-LOC-735A6E823EF5","LB-LOC-735A6E823EF5","","LB-GOV-MLB","LB-DIST-860EEECDA270","","Baayoun","","","","","","","","","fuzzy-suggestion","","0","unresolved","none","","","No authoritative Arabic source with stable identity or exact hierarchy/name match"
"LB-XW-DFEA110CAE64","LB-LOC-9640C4DC7ACB","LB-LOC-9640C4DC7ACB","","LB-GOV-MLB","LB-DIST-860EEECDA270","","Baissour","","","","","","","","","fuzzy-suggestion","","0","unresolved","none","","","No authoritative Arabic source with stable identity or exact hierarchy/name match"
"LB-XW-20CED2A08A3D","LB-LOC-8E423B8411B1","LB-LOC-8E423B8411B1","","LB-GOV-MLB","LB-DIST-860EEECDA270","","Barghoun","","","","","","","","","fuzzy-suggestion","","0","unresolved","none","","","No authoritative Arabic source with stable identity or exact hierarchy/name match"
"LB-XW-E4A62DA52E86","LB-LOC-06BB82961ED5","LB-LOC-06BB82961ED5","","LB-GOV-MLB","LB-DIST-860EEECDA270","","Barjein","","","","","","","","","fuzzy-suggestion","","0","unresolved","none","","","No authoritative Arabic source with stable identity or exact hierarchy/name match"
"LB-XW-7AC6AA925D84","LB-LOC-2C8FA6772ECA","LB-LOC-2C8FA6772ECA","","LB-GOV-MLB","LB-DIST-860EEECDA270","","Barouk","","","","","","","","","fuzzy-suggestion","","0","unresolved","none","","","No authoritative Arabic source with stable identity or exact hierarchy/name match"
"LB-XW-4A258177F2C0","LB-LOC-6A4C4EB5D9AE","LB-LOC-6A4C4EB5D9AE","","LB-GOV-MLB","LB-DIST-860EEECDA270","","Baroun","","","","","","","","","fuzzy-suggestion","","0","unresolved","none","","","No authoritative Arabic source with stable identity or exact hierarchy/name match"
"LB-XW-A545EF56A1AD","LB-LOC-03F3050E3A5A","LB-LOC-03F3050E3A5A","","LB-GOV-MLB","LB-DIST-860EEECDA270","","Baterloun","","","","","","","","","fuzzy-suggestion","","0","unresolved","none","","","No authoritative Arabic source with stable identity or exact hierarchy/name match"
"LB-XW-FACE8EE548FC","LB-LOC-7EDE5E9B563F","LB-LOC-7EDE5E9B563F","","LB-GOV-MLB","LB-DIST-860EEECDA270","","Bchtafine","","","","","","","","","fuzzy-suggestion","","0","unresolved","none","","","No authoritative Arabic source with stable identity or exact hierarchy/name match"
"LB-XW-28667678E8A9","LB-LOC-6255D4FB047C","LB-LOC-6255D4FB047C","","LB-GOV-MLB","LB-DIST-860EEECDA270","","Beit_Mery-CH","","","","","","","","","fuzzy-suggestion","","0","unresolved","none","","","No authoritative Arabic source with stable identity or exact hierarchy/name match"
"LB-XW-DFE5DD9C96C5","LB-LOC-CE67468698BA","LB-LOC-CE67468698BA","","LB-GOV-MLB","LB-DIST-860EEECDA270","","Beiteddine","","","","","","","","","fuzzy-suggestion","","0","unresolved","none","","","No authoritative Arabic source with stable identity or exact hierarchy/name match"
"LB-XW-4A28DD217927","LB-LOC-7C976CF6A0A4","LB-LOC-7C976CF6A0A4","","LB-GOV-MLB","LB-DIST-860EEECDA270","","Bkeifa","","","","","","","","","fuzzy-suggestion","","0","unresolved","none","","","No authoritative Arabic source with stable identity or exact hierarchy/name match"
"LB-XW-948FFD527C79","LB-LOC-509765877DB7","LB-LOC-509765877DB7","","LB-GOV-MLB","LB-DIST-860EEECDA270","","Bnouarey","","","","","","","","","fuzzy-suggestion","","0","unresolved","none","","","No authoritative Arabic source with stable identity or exact hierarchy/name match"
"LB-XW-F209479DDB7A","LB-LOC-2B2D6B55C6B9","LB-LOC-2B2D6B55C6B9","","LB-GOV-MLB","LB-DIST-860EEECDA270","","Bqaata_ech-Chouf","","","","","","","","","fuzzy-suggestion","","0","unresolved","none","","","No authoritative Arabic source with stable identity or exact hierarchy/name match"
"LB-XW-716372AFBCE4","LB-LOC-79E71B1ECF14","LB-LOC-79E71B1ECF14","","LB-GOV-MLB","LB-DIST-860EEECDA270","","Bqaifa","","","","","","","","","fuzzy-suggestion","","0","unresolved","none","","","No authoritative Arabic source with stable identity or exact hierarchy/name match"
"LB-XW-D51951744866","LB-LOC-DA31EE07F883","LB-LOC-DA31EE07F883","","LB-GOV-MLB","LB-DIST-860EEECDA270","","Breih","","","","","","","","","fuzzy-suggestion","","0","unresolved","none","","","No authoritative Arabic source with stable identity or exact hierarchy/name match"
"LB-XW-FF5E9C539F08","LB-LOC-7CD0A8BA8502","LB-LOC-7CD0A8BA8502","","LB-GOV-MLB","LB-DIST-860EEECDA270","","Brika","","","","","","","","","fuzzy-suggestion","","0","unresolved","none","","","No authoritative Arabic source with stable identity or exact hierarchy/name match"
"LB-XW-03D800EC00C0","LB-LOC-8325DF086679","LB-LOC-8325DF086679","","LB-GOV-MLB","LB-DIST-860EEECDA270","","Bsaba-CH","","","","","","","","","fuzzy-suggestion","","0","unresolved","none","","","No authoritative Arabic source with stable identity or exact hierarchy/name match"
"LB-XW-B21DE15C5D9F","LB-LOC-03B1D627CF43","LB-LOC-03B1D627CF43","","LB-GOV-MLB","LB-DIST-860EEECDA270","","Btater-CH","","","","","","","","","fuzzy-suggestion","","0","unresolved","none","","","No authoritative Arabic source with stable identity or exact hierarchy/name match"
"LB-XW-EAA56F1E4AA1","LB-LOC-F2686750AF35","LB-LOC-F2686750AF35","","LB-GOV-MLB","LB-DIST-860EEECDA270","","Btatloun_ech-Chouf","","","","","","","","","fuzzy-suggestion","","0","unresolved","none","","","No authoritative Arabic source with stable identity or exact hierarchy/name match"
"LB-XW-E3B35BD4E38D","LB-LOC-B28C1230A292","LB-LOC-B28C1230A292","","LB-GOV-MLB","LB-DIST-860EEECDA270","","Charoune-CH","","","","","","","","","fuzzy-suggestion","","0","unresolved","none","","","No authoritative Arabic source with stable identity or exact hierarchy/name match"
"LB-XW-EEEB523ED9E1","LB-LOC-9FA7A5201EFD","LB-LOC-9FA7A5201EFD","","LB-GOV-MLB","LB-DIST-860EEECDA270","","Chhim","","","","","","","","","fuzzy-suggestion","","0","unresolved","none","","","No authoritative Arabic source with stable identity or exact hierarchy/name match"
"LB-XW-50B5F845B32E","LB-LOC-6ECF1FCDA552","LB-LOC-6ECF1FCDA552","","LB-GOV-MLB","LB-DIST-860EEECDA270","","Chhim_ech-Chouf","","","","","","","","","fuzzy-suggestion","","0","unresolved","none","","","No authoritative Arabic source with stable identity or exact hierarchy/name match"
"LB-XW-A01C017FC454","LB-LOC-59BCD2DD6213","LB-LOC-59BCD2DD6213","","LB-GOV-MLB","LB-DIST-860EEECDA270","","Chourit","","","","","","","","","fuzzy-suggestion","","0","unresolved","none","","","No authoritative Arabic source with stable identity or exact hierarchy/name match"
"LB-XW-E8FB63430F12","LB-LOC-E1358A6D686D","LB-LOC-E1358A6D686D","","LB-GOV-MLB","LB-DIST-860EEECDA270","","Daaybeh","","","","","","","","","fuzzy-suggestion","","0","unresolved","none","","","No authoritative Arabic source with stable identity or exact hierarchy/name match"
"LB-XW-893C98E99542","LB-LOC-EEC19A2EE8A2","LB-LOC-EEC19A2EE8A2","","LB-GOV-MLB","LB-DIST-860EEECDA270","","Dalyet_ech-Chouf","","","","","","","","","fuzzy-suggestion","","0","unresolved","none","","","No authoritative Arabic source with stable identity or exact hierarchy/name match"
"LB-XW-2190A735C5D3","LB-LOC-5CC155A31197","LB-LOC-5CC155A31197","","LB-GOV-MLB","LB-DIST-860EEECDA270","","Damour","","","","","","","","","fuzzy-suggestion","","0","unresolved","none","","","No authoritative Arabic source with stable identity or exact hierarchy/name match"
"LB-XW-1942885A02A5","LB-LOC-D18B6F1C361D","LB-LOC-D18B6F1C361D","","LB-GOV-MLB","LB-DIST-860EEECDA270","","Damour_el-Aala","","","","","","","","","fuzzy-suggestion","","0","unresolved","none","","","No authoritative Arabic source with stable identity or exact hierarchy/name match"
"LB-XW-551A485765CB","LB-LOC-9A66523884CF","LB-LOC-9A66523884CF","","LB-GOV-MLB","LB-DIST-860EEECDA270","","Daraya-Chouf","","","","","","","","","fuzzy-suggestion","","0","unresolved","none","","","No authoritative Arabic source with stable identity or exact hierarchy/name match"
"LB-XW-C85BB7F9360A","LB-LOC-1D6121EF6BD7","LB-LOC-1D6121EF6BD7","","LB-GOV-MLB","LB-DIST-860EEECDA270","","Daraya_ech-Choufiye","","","","","","","","","fuzzy-suggestion","","0","unresolved","none","","","No authoritative Arabic source with stable identity or exact hierarchy/name match"
"LB-XW-671F55EC7097","LB-LOC-D461B4F53EC2","LB-LOC-D461B4F53EC2","","LB-GOV-MLB","LB-DIST-860EEECDA270","","Deir_Baba","","","","","","","","","fuzzy-suggestion","","0","unresolved","none","","","No authoritative Arabic source with stable identity or exact hierarchy/name match"
"LB-XW-247CB88FB9BF","LB-LOC-3C60C2252E30","LB-LOC-3C60C2252E30","","LB-GOV-MLB","LB-DIST-860EEECDA270","","Deir_Dourit","","","","","","","","","fuzzy-suggestion","","0","unresolved","none","","","No authoritative Arabic source with stable identity or exact hierarchy/name match"
"LB-XW-8BFF042D2C3C","LB-LOC-7923D1794B94","LB-LOC-7923D1794B94","","LB-GOV-MLB","LB-DIST-860EEECDA270","","Deir_el-Qamar","","","","","","","","","fuzzy-suggestion","","0","unresolved","none","","","No authoritative Arabic source with stable identity or exact hierarchy/name match"
"LB-XW-8E4256D19E64","LB-LOC-786BD2D75782","LB-LOC-786BD2D75782","","LB-GOV-MLB","LB-DIST-860EEECDA270","","Deir_el-Qamar_el-Aala","","","","","","","","","fuzzy-suggestion","","0","unresolved","none","","","No authoritative Arabic source with stable identity or exact hierarchy/name match"
"LB-XW-9AF4FF283102","LB-LOC-031BC5BA503D","LB-LOC-031BC5BA503D","","LB-GOV-MLB","LB-DIST-860EEECDA270","","Dhahr_el-Mghara-CH","","","","","","","","","fuzzy-suggestion","","0","unresolved","none","","","No authoritative Arabic source with stable identity or exact hierarchy/name match"
"LB-XW-9D4DD2F24DD5","LB-LOC-C1CB538335B5","LB-LOC-C1CB538335B5","","LB-GOV-MLB","LB-DIST-860EEECDA270","","Faradis","","","","","","","","","fuzzy-suggestion","","0","unresolved","none","","","No authoritative Arabic source with stable identity or exact hierarchy/name match"
"LB-XW-D697940424E3","LB-LOC-4FD93782272F","LB-LOC-4FD93782272F","","LB-GOV-MLB","LB-DIST-860EEECDA270","","Ghaboun-CH","","","","","","","","","fuzzy-suggestion","","0","unresolved","none","","","No authoritative Arabic source with stable identity or exact hierarchy/name match"
"LB-XW-E717C6BD35A9","LB-LOC-91A1B2B01BE4","LB-LOC-91A1B2B01BE4","","LB-GOV-MLB","LB-DIST-860EEECDA270","","Ghaylan","","","","","","","","","fuzzy-suggestion","","0","unresolved","none","","","No authoritative Arabic source with stable identity or exact hierarchy/name match"
"LB-XW-D0906E6B0908","LB-LOC-7B4A7224C402","LB-LOC-7B4A7224C402","","LB-GOV-MLB","LB-DIST-860EEECDA270","","Hasbaya_ech-Chouf","","","","","","","","","fuzzy-suggestion","","0","unresolved","none","","","No authoritative Arabic source with stable identity or exact hierarchy/name match"
"LB-XW-CC4A73905AF0","LB-LOC-6A424464D881","LB-LOC-6A424464D881","","LB-GOV-MLB","LB-DIST-860EEECDA270","","Houmine_el-Fawqa","","","","","","","","","fuzzy-suggestion","","0","unresolved","none","","","No authoritative Arabic source with stable identity or exact hierarchy/name match"
"LB-XW-5B40D714D182","LB-LOC-493440B3919B","LB-LOC-493440B3919B","","LB-GOV-MLB","LB-DIST-860EEECDA270","","Houmine_et-Tahta","","","","","","","","","fuzzy-suggestion","","0","unresolved","none","","","No authoritative Arabic source with stable identity or exact hierarchy/name match"
"LB-XW-EB904F077BBF","LB-LOC-9BF4EB729E1A","LB-LOC-9BF4EB729E1A","","LB-GOV-MLB","LB-DIST-860EEECDA270","","Jahiliye","","","","","","","","","fuzzy-suggestion","","0","unresolved","none","","","No authoritative Arabic source with stable identity or exact hierarchy/name match"
"LB-XW-E84D76BBB426","LB-LOC-55327E1CE577","LB-LOC-55327E1CE577","","LB-GOV-MLB","LB-DIST-860EEECDA270","","Jahliye-2","","","","","","","","","fuzzy-suggestion","","0","unresolved","none","","","No authoritative Arabic source with stable identity or exact hierarchy/name match"
"LB-XW-B7697A00D6A8","LB-LOC-EC931D38DD2B","LB-LOC-EC931D38DD2B","","LB-GOV-MLB","LB-DIST-860EEECDA270","","Jbaa-CH","","","","","","","","","fuzzy-suggestion","","0","unresolved","none","","","No authoritative Arabic source with stable identity or exact hierarchy/name match"
"LB-XW-190952BDF384","LB-LOC-EA83277B21C8","LB-LOC-EA83277B21C8","","LB-GOV-MLB","LB-DIST-860EEECDA270","","Jdeidet_ech-Chouf","","","","","","","","","fuzzy-suggestion","","0","unresolved","none","","","No authoritative Arabic source with stable identity or exact hierarchy/name match"
"LB-XW-1C0A8CAAB278","LB-LOC-0629C9E32F7F","LB-LOC-0629C9E32F7F","","LB-GOV-MLB","LB-DIST-860EEECDA270","","Jiyeh","","","","","","","","","fuzzy-suggestion","","0","unresolved","none","","","No authoritative Arabic source with stable identity or exact hierarchy/name match"
"LB-XW-1C389D1C5A98","LB-LOC-ABB7C2F2F8FD","LB-LOC-ABB7C2F2F8FD","","LB-GOV-MLB","LB-DIST-860EEECDA270","","Joun","","","","","","","","","fuzzy-suggestion","","0","unresolved","none","","","No authoritative Arabic source with stable identity or exact hierarchy/name match"
"LB-XW-57B68F93C65F","LB-LOC-8A7EE9014068","LB-LOC-8A7EE9014068","","LB-GOV-MLB","LB-DIST-860EEECDA270","","Ketermaya","","","","","","","","","fuzzy-suggestion","","0","unresolved","none","","","No authoritative Arabic source with stable identity or exact hierarchy/name match"
"LB-XW-BFA029F50478","LB-LOC-995F9434698E","LB-LOC-995F9434698E","","LB-GOV-MLB","LB-DIST-860EEECDA270","","Kfar_Beit","","","","","","","","","fuzzy-suggestion","","0","unresolved","none","","","No authoritative Arabic source with stable identity or exact hierarchy/name match"
"LB-XW-70C62E5449B6","LB-LOC-5A86AD85EF11","LB-LOC-5A86AD85EF11","","LB-GOV-MLB","LB-DIST-860EEECDA270","","Kfar_Faqoud","","","","","","","","","fuzzy-suggestion","","0","unresolved","none","","","No authoritative Arabic source with stable identity or exact hierarchy/name match"
"LB-XW-EDAA3DCE9AF5","LB-LOC-59174E80DF4E","LB-LOC-59174E80DF4E","","LB-GOV-MLB","LB-DIST-860EEECDA270","","Kfar_Him-CH","","","","","","","","","fuzzy-suggestion","","0","unresolved","none","","","No authoritative Arabic source with stable identity or exact hierarchy/name match"
"LB-XW-FC93C9749A5B","LB-LOC-931EC5AFF86B","LB-LOC-931EC5AFF86B","","LB-GOV-MLB","LB-DIST-860EEECDA270","","Kfar_Houne","","","","","","","","","fuzzy-suggestion","","0","unresolved","none","","","No authoritative Arabic source with stable identity or exact hierarchy/name match"
"LB-XW-7E6E17F40054","LB-LOC-9258B8A217E4","LB-LOC-9258B8A217E4","","LB-GOV-MLB","LB-DIST-860EEECDA270","","Kfar_Milki","","","","","","","","","fuzzy-suggestion","","0","unresolved","none","","","No authoritative Arabic source with stable identity or exact hierarchy/name match"
"LB-XW-5880F395CFEA","LB-LOC-01157B2E1219","LB-LOC-01157B2E1219","","LB-GOV-MLB","LB-DIST-860EEECDA270","","Kfar_Nabrakh","","","","","","","","","fuzzy-suggestion","","0","unresolved","none","","","No authoritative Arabic source with stable identity or exact hierarchy/name match"
"LB-XW-7C011B0E281D","LB-LOC-7E6BDAA3405F","LB-LOC-7E6BDAA3405F","","LB-GOV-MLB","LB-DIST-860EEECDA270","","Kfar_Nabrakh-CH2","","","","","","","","","fuzzy-suggestion","","0","unresolved","none","","","No authoritative Arabic source with stable identity or exact hierarchy/name match"
"LB-XW-39959CB653F5","LB-LOC-6ABE84F45458","LB-LOC-6ABE84F45458","","LB-GOV-MLB","LB-DIST-860EEECDA270","","Kfar_Nabrakh_es-Soufla","","","","","","","","","fuzzy-suggestion","","0","unresolved","none","","","No authoritative Arabic source with stable identity or exact hierarchy/name match"
"LB-XW-03DCA6A63898","LB-LOC-38089A760B68","LB-LOC-38089A760B68","","LB-GOV-MLB","LB-DIST-860EEECDA270","","Kfar_Qatra-CH","","","","","","","","","fuzzy-suggestion","","0","unresolved","none","","","No authoritative Arabic source with stable identity or exact hierarchy/name match"
"LB-XW-B49CD57E2018","LB-LOC-E43E47861EB8","LB-LOC-E43E47861EB8","","LB-GOV-MLB","LB-DIST-860EEECDA270","","Kfar_Qouq_ech-Chouf","","","","","","","","","fuzzy-suggestion","","0","unresolved","none","","","No authoritative Arabic source with stable identity or exact hierarchy/name match"
"LB-XW-18C81F185459","LB-LOC-539D3FF074D6","LB-LOC-539D3FF074D6","","LB-GOV-MLB","LB-DIST-860EEECDA270","","Kfar_Qouq_ech-Choufi","","","","","","","","","fuzzy-suggestion","","0","unresolved","none","","","No authoritative Arabic source with stable identity or exact hierarchy/name match"
"LB-XW-C66DA61B722A","LB-LOC-6318C34D6F36","LB-LOC-6318C34D6F36","","LB-GOV-MLB","LB-DIST-860EEECDA270","","Khalwat_el-Bayada","","","","","","","","","fuzzy-suggestion","","0","unresolved","none","","","No authoritative Arabic source with stable identity or exact hierarchy/name match"
"LB-XW-67F025630E94","LB-LOC-F7FAD3B99274","LB-LOC-F7FAD3B99274","","LB-GOV-MLB","LB-DIST-860EEECDA270","","Khirbet_Bisri","","","","","","","","","fuzzy-suggestion","","0","unresolved","none","","","No authoritative Arabic source with stable identity or exact hierarchy/name match"
"LB-XW-D11E998E5075","LB-LOC-374D25AC745C","LB-LOC-374D25AC745C","","LB-GOV-MLB","LB-DIST-860EEECDA270","","Khreibeh-CH","","","","","","","","","fuzzy-suggestion","","0","unresolved","none","","","No authoritative Arabic source with stable identity or exact hierarchy/name match"
"LB-XW-6A5A9E8701FC","LB-LOC-7F808967D450","LB-LOC-7F808967D450","","LB-GOV-MLB","LB-DIST-860EEECDA270","","Kniseh-CH","","","","","","","","","fuzzy-suggestion","","0","unresolved","none","","","No authoritative Arabic source with stable identity or exact hierarchy/name match"
"LB-XW-37F14907300D","LB-LOC-55C47F880233","LB-LOC-55C47F880233","","LB-GOV-MLB","LB-DIST-860EEECDA270","","Kniseh_ech-Choufiye","","","","","","","","","fuzzy-suggestion","","0","unresolved","none","","","No authoritative Arabic source with stable identity or exact hierarchy/name match"
"LB-XW-2584F94B6715","LB-LOC-7A6A50FA450C","LB-LOC-7A6A50FA450C","","LB-GOV-MLB","LB-DIST-860EEECDA270","","Maaser-CH","","","","","","","","","fuzzy-suggestion","","0","unresolved","none","","","No authoritative Arabic source with stable identity or exact hierarchy/name match"
"LB-XW-4C6429728E63","LB-LOC-E0C66FA6773E","LB-LOC-E0C66FA6773E","","LB-GOV-MLB","LB-DIST-860EEECDA270","","Maaser_Beit_ed-Dine","","","","","","","","","fuzzy-suggestion","","0","unresolved","none","","","No authoritative Arabic source with stable identity or exact hierarchy/name match"
"LB-XW-8F6FBB5C3DCE","LB-LOC-638003D16146","LB-LOC-638003D16146","","LB-GOV-MLB","LB-DIST-860EEECDA270","","Maaseriti-CH","","","","","","","","","fuzzy-suggestion","","0","unresolved","none","","","No authoritative Arabic source with stable identity or exact hierarchy/name match"
"LB-XW-6E6F63C71035","LB-LOC-33F4631E3616","LB-LOC-33F4631E3616","","LB-GOV-MLB","LB-DIST-860EEECDA270","","Madirej","","","","","","","","","fuzzy-suggestion","","0","unresolved","none","","","No authoritative Arabic source with stable identity or exact hierarchy/name match"
"LB-XW-D11215D51E9B","LB-LOC-398B5E6A565E","LB-LOC-398B5E6A565E","","LB-GOV-MLB","LB-DIST-860EEECDA270","","Mahattat_Joun","","","","","","","","","fuzzy-suggestion","","0","unresolved","none","","","No authoritative Arabic source with stable identity or exact hierarchy/name match"
"LB-XW-D9F61DD893E8","LB-LOC-91B44A784D22","LB-LOC-91B44A784D22","","LB-GOV-MLB","LB-DIST-860EEECDA270","","Majdalouna","","","","","","","","","fuzzy-suggestion","","0","unresolved","none","","","No authoritative Arabic source with stable identity or exact hierarchy/name match"
"LB-XW-54C5D256FBD6","LB-LOC-0FA50ED303AA","LB-LOC-0FA50ED303AA","","LB-GOV-MLB","LB-DIST-860EEECDA270","","Maqtaa","","","","","","","","","fuzzy-suggestion","","0","unresolved","none","","","No authoritative Arabic source with stable identity or exact hierarchy/name match"
"LB-XW-D72C3581F9CD","LB-LOC-82705873857A","LB-LOC-82705873857A","","LB-GOV-MLB","LB-DIST-860EEECDA270","","Marj_Bisri","","","","","","","","","fuzzy-suggestion","","0","unresolved","none","","","No authoritative Arabic source with stable identity or exact hierarchy/name match"
"LB-XW-CD57BD87A985","LB-LOC-52C2C6108FEA","LB-LOC-52C2C6108FEA","","LB-GOV-MLB","LB-DIST-860EEECDA270","","Marj_Bisri_el-Aala","","","","","","","","","fuzzy-suggestion","","0","unresolved","none","","","No authoritative Arabic source with stable identity or exact hierarchy/name match"
"LB-XW-93C03F82652C","LB-LOC-34C27F7B9C9F","LB-LOC-34C27F7B9C9F","","LB-GOV-MLB","LB-DIST-860EEECDA270","","Mazboud","","","","","","","","","fuzzy-suggestion","","0","unresolved","none","","","No authoritative Arabic source with stable identity or exact hierarchy/name match"
"LB-XW-5B900A23F380","LB-LOC-D795EE00E3CA","LB-LOC-D795EE00E3CA","","LB-GOV-MLB","LB-DIST-860EEECDA270","","Mazraa-CH","","","","","","","","","fuzzy-suggestion","","0","unresolved","none","","","No authoritative Arabic source with stable identity or exact hierarchy/name match"
"LB-XW-99251112F113","LB-LOC-7E6ECD9135F7","LB-LOC-7E6ECD9135F7","","LB-GOV-MLB","LB-DIST-860EEECDA270","","Mazraa_el-Fawqa-CH","","","","","","","","","fuzzy-suggestion","","0","unresolved","none","","","No authoritative Arabic source with stable identity or exact hierarchy/name match"
"LB-XW-E2E639F31CE0","LB-LOC-2E10B488E49B","LB-LOC-2E10B488E49B","","LB-GOV-MLB","LB-DIST-860EEECDA270","","Mazraa_el-Gharbiye","","","","","","","","","fuzzy-suggestion","","0","unresolved","none","","","No authoritative Arabic source with stable identity or exact hierarchy/name match"
"LB-XW-DE53F559DD80","LB-LOC-FAF77B9A5C3B","LB-LOC-FAF77B9A5C3B","","LB-GOV-MLB","LB-DIST-860EEECDA270","","Mazraat_Beit_ed-Dine","","","","","","","","","fuzzy-suggestion","","0","unresolved","none","","","No authoritative Arabic source with stable identity or exact hierarchy/name match"
"LB-XW-EE27E896841B","LB-LOC-7C4C6CD12CB7","LB-LOC-7C4C6CD12CB7","","LB-GOV-MLB","LB-DIST-860EEECDA270","","Mazraat_ech-Chouf","","","","","","","","","fuzzy-suggestion","","0","unresolved","none","","","No authoritative Arabic source with stable identity or exact hierarchy/name match"
"LB-XW-A9A78ED67882","LB-LOC-77EB3062D9F6","LB-LOC-77EB3062D9F6","","LB-GOV-MLB","LB-DIST-860EEECDA270","","Moukhtara","","","","","","","","","fuzzy-suggestion","","0","unresolved","none","","","No authoritative Arabic source with stable identity or exact hierarchy/name match"
"LB-XW-BF13450F28D3","LB-LOC-CD10C7C214F3","LB-LOC-CD10C7C214F3","","LB-GOV-MLB","LB-DIST-860EEECDA270","","Moukhtara_el-Aala","","","","","","","","","fuzzy-suggestion","","0","unresolved","none","","","No authoritative Arabic source with stable identity or exact hierarchy/name match"
"LB-XW-F139B4BEE129","LB-LOC-B2C68BDA7358","LB-LOC-B2C68BDA7358","","LB-GOV-MLB","LB-DIST-860EEECDA270","","Moustayita","","","","","","","","","fuzzy-suggestion","","0","unresolved","none","","","No authoritative Arabic source with stable identity or exact hierarchy/name match"
"LB-XW-4CA0102FE7C1","LB-LOC-9DF887952EB5","LB-LOC-9DF887952EB5","","LB-GOV-MLB","LB-DIST-860EEECDA270","","Mrah_ez-Ziyat","","","","","","","","","fuzzy-suggestion","","0","unresolved","none","","","No authoritative Arabic source with stable identity or exact hierarchy/name match"
"LB-XW-8E32D7D2C9FB","LB-LOC-2E5DFD40D5B6","LB-LOC-2E5DFD40D5B6","","LB-GOV-MLB","LB-DIST-860EEECDA270","","Mresti","","","","","","","","","fuzzy-suggestion","","0","unresolved","none","","","No authoritative Arabic source with stable identity or exact hierarchy/name match"
"LB-XW-E99325F66F7B","LB-LOC-5DC42C15EBA8","LB-LOC-5DC42C15EBA8","","LB-GOV-MLB","LB-DIST-860EEECDA270","","Naameh","","","","","","","","","fuzzy-suggestion","","0","unresolved","none","","","No authoritative Arabic source with stable identity or exact hierarchy/name match"
"LB-XW-0EA91AAAFFC6","LB-LOC-6B48BBBD1288","LB-LOC-6B48BBBD1288","","LB-GOV-MLB","LB-DIST-860EEECDA270","","Niha-CH-2","","","","","","","","","fuzzy-suggestion","","0","unresolved","none","","","No authoritative Arabic source with stable identity or exact hierarchy/name match"
"LB-XW-638E954C8D72","LB-LOC-7D2B89E9184F","LB-LOC-7D2B89E9184F","","LB-GOV-MLB","LB-DIST-860EEECDA270","","Niha_ech-Chouf","","","","","","","","","fuzzy-suggestion","","0","unresolved","none","","","No authoritative Arabic source with stable identity or exact hierarchy/name match"
"LB-XW-AF93DBDFDDB3","LB-LOC-7D654747DF97","LB-LOC-7D654747DF97","","LB-GOV-MLB","LB-DIST-860EEECDA270","","Qasimiye-CH","","","","","","","","","fuzzy-suggestion","","0","unresolved","none","","","No authoritative Arabic source with stable identity or exact hierarchy/name match"
"LB-XW-16FCDDF28423","LB-LOC-BC52609BB7C1","LB-LOC-BC52609BB7C1","","LB-GOV-MLB","LB-DIST-860EEECDA270","","Raml_ech-Chouf","","","","","","","","","fuzzy-suggestion","","0","unresolved","none","","","No authoritative Arabic source with stable identity or exact hierarchy/name match"
"LB-XW-751F3C289F16","LB-LOC-DD3E1ABBD6AD","LB-LOC-DD3E1ABBD6AD","","LB-GOV-MLB","LB-DIST-860EEECDA270","","Ramliyeh","","","","","","","","","fuzzy-suggestion","","0","unresolved","none","","","No authoritative Arabic source with stable identity or exact hierarchy/name match"
"LB-XW-61460D26D2F9","LB-LOC-9F82B9C11294","LB-LOC-9F82B9C11294","","LB-GOV-MLB","LB-DIST-860EEECDA270","","Rashein-CH","","","","","","","","","fuzzy-suggestion","","0","unresolved","none","","","No authoritative Arabic source with stable identity or exact hierarchy/name match"
"LB-XW-3700EF8DBF54","LB-LOC-5FC800D39336","LB-LOC-5FC800D39336","","LB-GOV-MLB","LB-DIST-860EEECDA270","","Semqaniye","","","","","","","","","fuzzy-suggestion","","0","unresolved","none","","","No authoritative Arabic source with stable identity or exact hierarchy/name match"
"LB-XW-75D286F228D1","LB-LOC-1B5BCF7BA624","LB-LOC-1B5BCF7BA624","","LB-GOV-MLB","LB-DIST-860EEECDA270","","Semqaniye_el-Aala","","","","","","","","","fuzzy-suggestion","","0","unresolved","none","","","No authoritative Arabic source with stable identity or exact hierarchy/name match"
"LB-XW-D01954425831","LB-LOC-A4F07764B474","LB-LOC-A4F07764B474","","LB-GOV-MLB","LB-DIST-860EEECDA270","","Sibline","","","","","","","","","fuzzy-suggestion","","0","unresolved","none","","","No authoritative Arabic source with stable identity or exact hierarchy/name match"
"LB-XW-85389D4DEE19","LB-LOC-702492EDEB9E","LB-LOC-702492EDEB9E","","LB-GOV-MLB","LB-DIST-860EEECDA270","","Wadi_ed-Damour","","","","","","","","","fuzzy-suggestion","","0","unresolved","none","","","No authoritative Arabic source with stable identity or exact hierarchy/name match"
"LB-XW-359F614B942A","LB-LOC-7F4C50195368","LB-LOC-7F4C50195368","","LB-GOV-MLB","LB-DIST-860EEECDA270","","Wadi_el-Jawz-CH","","","","","","","","","fuzzy-suggestion","","0","unresolved","none","","","No authoritative Arabic source with stable identity or exact hierarchy/name match"
"LB-XW-CFD2B74BA1CB","LB-LOC-2278514160A9","LB-LOC-2278514160A9","","LB-GOV-MLB","LB-DIST-860EEECDA270","","Wadi_es-Sit","","","","","","","","","fuzzy-suggestion","","0","unresolved","none","","","No authoritative Arabic source with stable identity or exact hierarchy/name match"
"LB-XW-B187702BD4FD","LB-LOC-D073E88203FC","LB-LOC-D073E88203FC","","LB-GOV-MLB","LB-DIST-860EEECDA270","","Wadi_ez-Zeineh","","","","","","","","","fuzzy-suggestion","","0","unresolved","none","","","No authoritative Arabic source with stable identity or exact hierarchy/name match"
"LB-XW-C1B9698B58EA","LB-LOC-B0C163B2507F","LB-LOC-B0C163B2507F","","LB-GOV-MLB","LB-DIST-860EEECDA270","","Wardaniye-CH","","","","","","","","","fuzzy-suggestion","","0","unresolved","none","","","No authoritative Arabic source with stable identity or exact hierarchy/name match"
"LB-XW-85AA6601F54B","LB-LOC-523A7E1F57DA","LB-LOC-523A7E1F57DA","","LB-GOV-MLB","LB-DIST-6CBC5E139FD3","","Achkout-MT","","","","","","","","","fuzzy-suggestion","","0","unresolved","none","","","No authoritative Arabic source with stable identity or exact hierarchy/name match"
"LB-XW-F980929984BD","LB-LOC-050EB8321E8F","LB-LOC-050EB8321E8F","","LB-GOV-MLB","LB-DIST-6CBC5E139FD3","","Ain_Alaq","","","","","","","","","fuzzy-suggestion","","0","unresolved","none","","","No authoritative Arabic source with stable identity or exact hierarchy/name match"
"LB-XW-CEBFFD79EC3B","LB-LOC-EE978EEADC35","LB-LOC-EE978EEADC35","","LB-GOV-MLB","LB-DIST-6CBC5E139FD3","","Ain_Saadeh","","","","","","","","","fuzzy-suggestion","","0","unresolved","none","","","No authoritative Arabic source with stable identity or exact hierarchy/name match"
"LB-XW-0F8BD063F950","LB-LOC-E6CD040B05F9","LB-LOC-E6CD040B05F9","","LB-GOV-MLB","LB-DIST-6CBC5E139FD3","","Ain_es-Safsafeh","","","","","","","","","fuzzy-suggestion","","0","unresolved","none","","","No authoritative Arabic source with stable identity or exact hierarchy/name match"
"LB-XW-A6353163AC87","LB-LOC-97A9C7A316E8","LB-LOC-97A9C7A316E8","","LB-GOV-MLB","LB-DIST-6CBC5E139FD3","","Ain_es-Sindyaneh","","","","","","","","","fuzzy-suggestion","","0","unresolved","none","","","No authoritative Arabic source with stable identity or exact hierarchy/name match"
"LB-XW-3088858EC5A9","LB-LOC-27AD4E8A0787","LB-LOC-27AD4E8A0787","","LB-GOV-MLB","LB-DIST-6CBC5E139FD3","","Antelias","","","","","","","","","fuzzy-suggestion","","0","unresolved","none","","","No authoritative Arabic source with stable identity or exact hierarchy/name match"
"LB-XW-FC441B32C875","LB-LOC-BFFD18BB2F30","LB-LOC-BFFD18BB2F30","","LB-GOV-MLB","LB-DIST-6CBC5E139FD3","","Antelias_Sahel","","","","","","","","","fuzzy-suggestion","","0","unresolved","none","","","No authoritative Arabic source with stable identity or exact hierarchy/name match"
"LB-XW-0DE098376EA4","LB-LOC-5C7DBC5A66D8","LB-LOC-5C7DBC5A66D8","","LB-GOV-MLB","LB-DIST-6CBC5E139FD3","","Arsoun","","","","","","","","","fuzzy-suggestion","","0","unresolved","none","","","No authoritative Arabic source with stable identity or exact hierarchy/name match"
"LB-XW-B6D4C6938077","LB-LOC-EBEC5CEE4235","LB-LOC-EBEC5CEE4235","","LB-GOV-MLB","LB-DIST-6CBC5E139FD3","","Atchaneh","","","","","","","","","fuzzy-suggestion","","0","unresolved","none","","","No authoritative Arabic source with stable identity or exact hierarchy/name match"
"LB-XW-E187DC27815E","LB-LOC-BEE2CDB2DA6E","LB-LOC-BEE2CDB2DA6E","","LB-GOV-MLB","LB-DIST-6CBC5E139FD3","","Baabdat-MT","","","","","","","","","fuzzy-suggestion","","0","unresolved","none","","","No authoritative Arabic source with stable identity or exact hierarchy/name match"
"LB-XW-CFE6DBC3E188","LB-LOC-C70113329F72","LB-LOC-C70113329F72","","LB-GOV-MLB","LB-DIST-6CBC5E139FD3","","Baalshmay","","","","","","","","","fuzzy-suggestion","","0","unresolved","none","","","No authoritative Arabic source with stable identity or exact hierarchy/name match"
"LB-XW-BBFCC187CFEA","LB-LOC-8AE40435683A","LB-LOC-8AE40435683A","","LB-GOV-MLB","LB-DIST-6CBC5E139FD3","","Baskinta","","","","","","","","","fuzzy-suggestion","","0","unresolved","none","","","No authoritative Arabic source with stable identity or exact hierarchy/name match"
"LB-XW-32FEB3644B28","LB-LOC-03978F41B3BE","LB-LOC-03978F41B3BE","","LB-GOV-MLB","LB-DIST-6CBC5E139FD3","","Baskinta_el-Aala","","","","","","","","","fuzzy-suggestion","","0","unresolved","none","","","No authoritative Arabic source with stable identity or exact hierarchy/name match"
"LB-XW-9269F497E9C3","LB-LOC-C4559C8824E7","LB-LOC-C4559C8824E7","","LB-GOV-MLB","LB-DIST-6CBC5E139FD3","","Beit_Chabab","","","","","","","","","fuzzy-suggestion","","0","unresolved","none","","","No authoritative Arabic source with stable identity or exact hierarchy/name match"
"LB-XW-6F06B47C52F7","LB-LOC-256A59071C3B","LB-LOC-256A59071C3B","","LB-GOV-MLB","LB-DIST-6CBC5E139FD3","","Beit_Mery","","","","","","","","","fuzzy-suggestion","","0","unresolved","none","","","No authoritative Arabic source with stable identity or exact hierarchy/name match"
"LB-XW-A5AC4F77516C","LB-LOC-1BD0F11F2653","LB-LOC-1BD0F11F2653","","LB-GOV-MLB","LB-DIST-6CBC5E139FD3","","Beit_Mery_et-Tahta","","","","","","","","","fuzzy-suggestion","","0","unresolved","none","","","No authoritative Arabic source with stable identity or exact hierarchy/name match"
"LB-XW-465C59733F3A","LB-LOC-D7F887521349","LB-LOC-D7F887521349","","LB-GOV-MLB","LB-DIST-6CBC5E139FD3","","Beit_ech-Chaar","","","","","","","","","fuzzy-suggestion","","0","unresolved","none","","","No authoritative Arabic source with stable identity or exact hierarchy/name match"
"LB-XW-62FFBDDDA436","LB-LOC-4FF47EE60C94","LB-LOC-4FF47EE60C94","","LB-GOV-MLB","LB-DIST-6CBC5E139FD3","","Bikfaya","","","","","","","","","fuzzy-suggestion","","0","unresolved","none","","","No authoritative Arabic source with stable identity or exact hierarchy/name match"
"LB-XW-44FF5115C57B","LB-LOC-D6215DE7D20F","LB-LOC-D6215DE7D20F","","LB-GOV-MLB","LB-DIST-6CBC5E139FD3","","Bouchrieh","","","","","","","","","fuzzy-suggestion","","0","unresolved","none","","","No authoritative Arabic source with stable identity or exact hierarchy/name match"
"LB-XW-7B5042DAE3D5","LB-LOC-A5D48CF278AA","LB-LOC-A5D48CF278AA","","LB-GOV-MLB","LB-DIST-6CBC5E139FD3","","Bourj_Hammoud","","","","","","","","","fuzzy-suggestion","","0","unresolved","none","","","No authoritative Arabic source with stable identity or exact hierarchy/name match"
"LB-XW-6FD4825C8171","LB-LOC-F4B48427EE16","LB-LOC-F4B48427EE16","","LB-GOV-MLB","LB-DIST-6CBC5E139FD3","","Broummana","","","","","","","","","fuzzy-suggestion","","0","unresolved","none","","","No authoritative Arabic source with stable identity or exact hierarchy/name match"
"LB-XW-B31565427363","LB-LOC-FE7A9EAAC52D","LB-LOC-FE7A9EAAC52D","","LB-GOV-MLB","LB-DIST-6CBC5E139FD3","","Bsalim","","","","","","","","","fuzzy-suggestion","","0","unresolved","none","","","No authoritative Arabic source with stable identity or exact hierarchy/name match"
"LB-XW-A3FD36D8AAC0","LB-LOC-74FBBAFF503A","LB-LOC-74FBBAFF503A","","LB-GOV-MLB","LB-DIST-6CBC5E139FD3","","Btater-MT","","","","","","","","","fuzzy-suggestion","","0","unresolved","none","","","No authoritative Arabic source with stable identity or exact hierarchy/name match"
"LB-XW-B4C4E47CF02E","LB-LOC-E7C0E49B6039","LB-LOC-E7C0E49B6039","","LB-GOV-MLB","LB-DIST-6CBC5E139FD3","","Btighrine","","","","","","","","","fuzzy-suggestion","","0","unresolved","none","","","No authoritative Arabic source with stable identity or exact hierarchy/name match"
"LB-XW-21C301C4B9B5","LB-LOC-E542DFD6B4C3","LB-LOC-E542DFD6B4C3","","LB-GOV-MLB","LB-DIST-6CBC5E139FD3","","Bzebbdine","","","","","","","","","fuzzy-suggestion","","0","unresolved","none","","","No authoritative Arabic source with stable identity or exact hierarchy/name match"
"LB-XW-F44927994ACE","LB-LOC-3A83FB8C30BD","LB-LOC-3A83FB8C30BD","","LB-GOV-MLB","LB-DIST-6CBC5E139FD3","","Chabanieh","","","","","","","","","fuzzy-suggestion","","0","unresolved","none","","","No authoritative Arabic source with stable identity or exact hierarchy/name match"
"LB-XW-010C0AB39411","LB-LOC-DAA9CDD473F5","LB-LOC-DAA9CDD473F5","","LB-GOV-MLB","LB-DIST-6CBC5E139FD3","","Choueifat_el-Metn","","","","","","","","","fuzzy-suggestion","","0","unresolved","none","","","No authoritative Arabic source with stable identity or exact hierarchy/name match"
"LB-XW-B37CE73AA503","LB-LOC-DF406BB063F7","LB-LOC-DF406BB063F7","","LB-GOV-MLB","LB-DIST-6CBC5E139FD3","","Dbayeh","","","","","","","","","fuzzy-suggestion","","0","unresolved","none","","","No authoritative Arabic source with stable identity or exact hierarchy/name match"
"LB-XW-D2CE6967AC72","LB-LOC-E233D88B0C73","LB-LOC-E233D88B0C73","","LB-GOV-MLB","LB-DIST-6CBC5E139FD3","","Deir_Mar_Charbel","","","","","","","","","fuzzy-suggestion","","0","unresolved","none","","","No authoritative Arabic source with stable identity or exact hierarchy/name match"
"LB-XW-1C5F442CAF6E","LB-LOC-064876BA3EC9","LB-LOC-064876BA3EC9","","LB-GOV-MLB","LB-DIST-6CBC5E139FD3","","Deir_Mar_Elias","","","","","","","","","fuzzy-suggestion","","0","unresolved","none","","","No authoritative Arabic source with stable identity or exact hierarchy/name match"
"LB-XW-68787A039C82","LB-LOC-36D1796A6BDD","LB-LOC-36D1796A6BDD","","LB-GOV-MLB","LB-DIST-6CBC5E139FD3","","Deir_el-Harf-MT","","","","","","","","","fuzzy-suggestion","","0","unresolved","none","","","No authoritative Arabic source with stable identity or exact hierarchy/name match"
"LB-XW-B7585D2747D7","LB-LOC-8C76E821F40D","LB-LOC-8C76E821F40D","","LB-GOV-MLB","LB-DIST-6CBC5E139FD3","","Dekwaneh","","","","","","","","","fuzzy-suggestion","","0","unresolved","none","","","No authoritative Arabic source with stable identity or exact hierarchy/name match"
"LB-XW-C052467BBB4F","LB-LOC-59446F2771D3","LB-LOC-59446F2771D3","","LB-GOV-MLB","LB-DIST-6CBC5E139FD3","","Dhahr_es-Souane","","","","","","","","","fuzzy-suggestion","","0","unresolved","none","","","No authoritative Arabic source with stable identity or exact hierarchy/name match"
"LB-XW-835E13D3FC69","LB-LOC-AFBEB6AFADCF","LB-LOC-AFBEB6AFADCF","","LB-GOV-MLB","LB-DIST-6CBC5E139FD3","","Dhour_Bikfaya","","","","","","","","","fuzzy-suggestion","","0","unresolved","none","","","No authoritative Arabic source with stable identity or exact hierarchy/name match"
"LB-XW-D3BFEADBFDE3","LB-LOC-A2A6044B2A4D","LB-LOC-A2A6044B2A4D","","LB-GOV-MLB","LB-DIST-6CBC5E139FD3","","Dhour_Choueir","","","","","","","","","fuzzy-suggestion","","0","unresolved","none","","","No authoritative Arabic source with stable identity or exact hierarchy/name match"
"LB-XW-9F07DAC89AC3","LB-LOC-200F58C3E624","LB-LOC-200F58C3E624","","LB-GOV-MLB","LB-DIST-6CBC5E139FD3","","Dwar","","","","","","","","","fuzzy-suggestion","","0","unresolved","none","","","No authoritative Arabic source with stable identity or exact hierarchy/name match"
"LB-XW-7686366206F1","LB-LOC-210F2D9FC77A","LB-LOC-210F2D9FC77A","","LB-GOV-MLB","LB-DIST-6CBC5E139FD3","","El-Barjein-MT","","","","","","","","","fuzzy-suggestion","","0","unresolved","none","","","No authoritative Arabic source with stable identity or exact hierarchy/name match"
"LB-XW-E9B007D31D14","LB-LOC-0C7D2232EB73","LB-LOC-0C7D2232EB73","","LB-GOV-MLB","LB-DIST-6CBC5E139FD3","","El-Fanar","","","","","","","","","fuzzy-suggestion","","0","unresolved","none","","","No authoritative Arabic source with stable identity or exact hierarchy/name match"
"LB-XW-5755C2BD89D3","LB-LOC-41EC1907B0CB","LB-LOC-41EC1907B0CB","","LB-GOV-MLB","LB-DIST-6CBC5E139FD3","","El-Hamra-MT","","","","","","","","","fuzzy-suggestion","","0","unresolved","none","","","No authoritative Arabic source with stable identity or exact hierarchy/name match"
"LB-XW-087EE48DC544","LB-LOC-CE862C6CF65C","LB-LOC-CE862C6CF65C","","LB-GOV-MLB","LB-DIST-6CBC5E139FD3","","El-Mansif","","","","","","","","","fuzzy-suggestion","","0","unresolved","none","","","No authoritative Arabic source with stable identity or exact hierarchy/name match"
"LB-XW-B7D5AA924DD1","LB-LOC-1CA24791E479","LB-LOC-1CA24791E479","","LB-GOV-MLB","LB-DIST-6CBC5E139FD3","","El-Mtein","","","","","","","","","fuzzy-suggestion","","0","unresolved","none","","","No authoritative Arabic source with stable identity or exact hierarchy/name match"
"LB-XW-E3D7FD5D3913","LB-LOC-91DB8AFAFA16","LB-LOC-91DB8AFAFA16","","LB-GOV-MLB","LB-DIST-6CBC5E139FD3","","Et-Tin","","","","","","","","","fuzzy-suggestion","","0","unresolved","none","","","No authoritative Arabic source with stable identity or exact hierarchy/name match"
"LB-XW-77FDE76076FB","LB-LOC-703C07069774","LB-LOC-703C07069774","","LB-GOV-MLB","LB-DIST-6CBC5E139FD3","","Falougha","","","","","","","","","fuzzy-suggestion","","0","unresolved","none","","","No authoritative Arabic source with stable identity or exact hierarchy/name match"
"LB-XW-520B0DC88260","LB-LOC-490E68FE517A","LB-LOC-490E68FE517A","","LB-GOV-MLB","LB-DIST-6CBC5E139FD3","","Farhat","","","","","","","","","fuzzy-suggestion","","0","unresolved","none","","","No authoritative Arabic source with stable identity or exact hierarchy/name match"
"LB-XW-B842CAFCCF2F","LB-LOC-558845300D25","LB-LOC-558845300D25","","LB-GOV-MLB","LB-DIST-6CBC5E139FD3","","Hamlaya","","","","","","","","","fuzzy-suggestion","","0","unresolved","none","","","No authoritative Arabic source with stable identity or exact hierarchy/name match"
"LB-XW-048DE5A8E43E","LB-LOC-40E5813F5DF8","LB-LOC-40E5813F5DF8","","LB-GOV-MLB","LB-DIST-6CBC5E139FD3","","Haylaneh","","","","","","","","","fuzzy-suggestion","","0","unresolved","none","","","No authoritative Arabic source with stable identity or exact hierarchy/name match"
"LB-XW-E3548F0C9EBA","LB-LOC-508379D85177","LB-LOC-508379D85177","","LB-GOV-MLB","LB-DIST-6CBC5E139FD3","","Hazmieh","","","","","","","","","fuzzy-suggestion","","0","unresolved","none","","","No authoritative Arabic source with stable identity or exact hierarchy/name match"
"LB-XW-ECD0597B6EB0","LB-LOC-ECC3F504DCA8","LB-LOC-ECC3F504DCA8","","LB-GOV-MLB","LB-DIST-6CBC5E139FD3","","Ilij","","","","","","","","","fuzzy-suggestion","","0","unresolved","none","","","No authoritative Arabic source with stable identity or exact hierarchy/name match"
"LB-XW-C28291628E2C","LB-LOC-5978587EB1B3","LB-LOC-5978587EB1B3","","LB-GOV-MLB","LB-DIST-6CBC5E139FD3","","Iqlim_el-Kharroub-MT","","","","","","","","","fuzzy-suggestion","","0","unresolved","none","","","No authoritative Arabic source with stable identity or exact hierarchy/name match"
"LB-XW-47CA91243804","LB-LOC-170702AE91EB","LB-LOC-170702AE91EB","","LB-GOV-MLB","LB-DIST-6CBC5E139FD3","","Jamhour","","","","","","","","","fuzzy-suggestion","","0","unresolved","none","","","No authoritative Arabic source with stable identity or exact hierarchy/name match"
"LB-XW-E1E6A83590A1","LB-LOC-077A9BA584B7","LB-LOC-077A9BA584B7","","LB-GOV-MLB","LB-DIST-6CBC5E139FD3","","Jamhour_ech-Chamaliye","","","","","","","","","fuzzy-suggestion","","0","unresolved","none","","","No authoritative Arabic source with stable identity or exact hierarchy/name match"
"LB-XW-4E7885C80D86","LB-LOC-6F06E2E872AB","LB-LOC-6F06E2E872AB","","LB-GOV-MLB","LB-DIST-6CBC5E139FD3","","Jbeil_el-Metn","","","","","","","","","fuzzy-suggestion","","0","unresolved","none","","","No authoritative Arabic source with stable identity or exact hierarchy/name match"
"LB-XW-7F5F0FBCF575","LB-LOC-A9F445F89B5B","LB-LOC-A9F445F89B5B","","LB-GOV-MLB","LB-DIST-6CBC5E139FD3","","Jdeideh","","","","","","","","","fuzzy-suggestion","","0","unresolved","none","","","No authoritative Arabic source with stable identity or exact hierarchy/name match"
"LB-XW-51BEB6FC05D0","LB-LOC-7AC1738FEBD7","LB-LOC-7AC1738FEBD7","","LB-GOV-MLB","LB-DIST-6CBC5E139FD3","","Jezzine_el-Metn","","","","","","","","","fuzzy-suggestion","","0","unresolved","none","","","No authoritative Arabic source with stable identity or exact hierarchy/name match"
"LB-XW-6C8659247470","LB-LOC-B1CC5F7C65BE","LB-LOC-B1CC5F7C65BE","","LB-GOV-MLB","LB-DIST-6CBC5E139FD3","","Jisr_el-Qadi","","","","","","","","","fuzzy-suggestion","","0","unresolved","none","","","No authoritative Arabic source with stable identity or exact hierarchy/name match"
"LB-XW-F8DD4CA432AA","LB-LOC-8C4EC71EFC87","LB-LOC-8C4EC71EFC87","","LB-GOV-MLB","LB-DIST-6CBC5E139FD3","","Jwar_el-Hawz","","","","","","","","","fuzzy-suggestion","","0","unresolved","none","","","No authoritative Arabic source with stable identity or exact hierarchy/name match"
"LB-XW-7121B696CFA2","LB-LOC-058396174017","LB-LOC-058396174017","","LB-GOV-MLB","LB-DIST-6CBC5E139FD3","","Jwar_el-Hawz_el-Metn","","","","","","","","","fuzzy-suggestion","","0","unresolved","none","","","No authoritative Arabic source with stable identity or exact hierarchy/name match"
"LB-XW-9E2AD95D83CD","LB-LOC-DF86F132B0B0","LB-LOC-DF86F132B0B0","","LB-GOV-MLB","LB-DIST-6CBC5E139FD3","","Kaslik-MT","","","","","","","","","fuzzy-suggestion","","0","unresolved","none","","","No authoritative Arabic source with stable identity or exact hierarchy/name match"
"LB-XW-75F8ECE988EA","LB-LOC-0D047689C1FC","LB-LOC-0D047689C1FC","","LB-GOV-MLB","LB-DIST-6CBC5E139FD3","","Keserwan_el-Ftouh","","","","","","","","","fuzzy-suggestion","","0","unresolved","none","","","No authoritative Arabic source with stable identity or exact hierarchy/name match"
"LB-XW-F48F712A477F","LB-LOC-AE291E0A44E6","LB-LOC-AE291E0A44E6","","LB-GOV-MLB","LB-DIST-6CBC5E139FD3","","Kfar_Aqab","","","","","","","","","fuzzy-suggestion","","0","unresolved","none","","","No authoritative Arabic source with stable identity or exact hierarchy/name match"
"LB-XW-4F05E482EE55","LB-LOC-1BA8BD6E5BB8","LB-LOC-1BA8BD6E5BB8","","LB-GOV-MLB","LB-DIST-6CBC5E139FD3","","Kfar_Qatra","","","","","","","","","fuzzy-suggestion","","0","unresolved","none","","","No authoritative Arabic source with stable identity or exact hierarchy/name match"
"LB-XW-9E6CE1DFA97A","LB-LOC-D385C86B055A","LB-LOC-D385C86B055A","","LB-GOV-MLB","LB-DIST-6CBC5E139FD3","","Kfarnaseh","","","","","","","","","fuzzy-suggestion","","0","unresolved","none","","","No authoritative Arabic source with stable identity or exact hierarchy/name match"
"LB-XW-A9D0093F3494","LB-LOC-E046546B0472","LB-LOC-E046546B0472","","LB-GOV-MLB","LB-DIST-6CBC5E139FD3","","Kfarsalwan","","","","","","","","","fuzzy-suggestion","","0","unresolved","none","","","No authoritative Arabic source with stable identity or exact hierarchy/name match"
"LB-XW-A34DBE7F380F","LB-LOC-DB10E32B9E3D","LB-LOC-DB10E32B9E3D","","LB-GOV-MLB","LB-DIST-6CBC5E139FD3","","Kfaryasin_el-Metn","","","","","","","","","fuzzy-suggestion","","0","unresolved","none","","","No authoritative Arabic source with stable identity or exact hierarchy/name match"
"LB-XW-64AD8EAA33D9","LB-LOC-00C4D22D5C1E","LB-LOC-00C4D22D5C1E","","LB-GOV-MLB","LB-DIST-6CBC5E139FD3","","Khneyshireh","","","","","","","","","fuzzy-suggestion","","0","unresolved","none","","","No authoritative Arabic source with stable identity or exact hierarchy/name match"
"LB-XW-6D9414BA5CD1","LB-LOC-A4D07317827F","LB-LOC-A4D07317827F","","LB-GOV-MLB","LB-DIST-6CBC5E139FD3","","Maaysra_el-Matniye","","","","","","","","","fuzzy-suggestion","","0","unresolved","none","","","No authoritative Arabic source with stable identity or exact hierarchy/name match"
"LB-XW-56B901DB5FF3","LB-LOC-7453C03A3044","LB-LOC-7453C03A3044","","LB-GOV-MLB","LB-DIST-6CBC5E139FD3","","Majdal_Trab","","","","","","","","","fuzzy-suggestion","","0","unresolved","none","","","No authoritative Arabic source with stable identity or exact hierarchy/name match"
"LB-XW-EA4534E8BB22","LB-LOC-C66AC25CAE22","LB-LOC-C66AC25CAE22","","LB-GOV-MLB","LB-DIST-6CBC5E139FD3","","Mansourieh","","","","","","","","","fuzzy-suggestion","","0","unresolved","none","","","No authoritative Arabic source with stable identity or exact hierarchy/name match"
"LB-XW-7A6F503E6596","LB-LOC-832134DDE44A","LB-LOC-832134DDE44A","","LB-GOV-MLB","LB-DIST-6CBC5E139FD3","","Mansouriyet_el-Metn","","","","","","","","","fuzzy-suggestion","","0","unresolved","none","","","No authoritative Arabic source with stable identity or exact hierarchy/name match"
"LB-XW-DD8430309D9F","LB-LOC-90E5E5EDCDBB","LB-LOC-90E5E5EDCDBB","","LB-GOV-MLB","LB-DIST-6CBC5E139FD3","","Mar_Charbel","","","","","","","","","fuzzy-suggestion","","0","unresolved","none","","","No authoritative Arabic source with stable identity or exact hierarchy/name match"
"LB-XW-F4DDF97FDA35","LB-LOC-C2A76F9E10CC","LB-LOC-C2A76F9E10CC","","LB-GOV-MLB","LB-DIST-6CBC5E139FD3","","Mar_Moussa","","","","","","","","","fuzzy-suggestion","","0","unresolved","none","","","No authoritative Arabic source with stable identity or exact hierarchy/name match"
"LB-XW-1F6D6D8CE378","LB-LOC-25C23145D945","LB-LOC-25C23145D945","","LB-GOV-MLB","LB-DIST-6CBC5E139FD3","","Mazraat_Yachoua-MT","","","","","","","","","fuzzy-suggestion","","0","unresolved","none","","","No authoritative Arabic source with stable identity or exact hierarchy/name match"
"LB-XW-F768EF292ED9","LB-LOC-E815116561B6","LB-LOC-E815116561B6","","LB-GOV-MLB","LB-DIST-6CBC5E139FD3","","Mazraat_ech-Chouf-MT","","","","","","","","","fuzzy-suggestion","","0","unresolved","none","","","No authoritative Arabic source with stable identity or exact hierarchy/name match"
"LB-XW-D01EB8ABCDEE","LB-LOC-F15EE3D5B2A4","LB-LOC-F15EE3D5B2A4","","LB-GOV-MLB","LB-DIST-6CBC5E139FD3","","Mqaybis","","","","","","","","","fuzzy-suggestion","","0","unresolved","none","","","No authoritative Arabic source with stable identity or exact hierarchy/name match"
"LB-XW-32A174685A96","LB-LOC-05B19ABBB7A6","LB-LOC-05B19ABBB7A6","","LB-GOV-MLB","LB-DIST-6CBC5E139FD3","","Mtayreit","","","","","","","","","fuzzy-suggestion","","0","unresolved","none","","","No authoritative Arabic source with stable identity or exact hierarchy/name match"
"LB-XW-E945FE567D97","LB-LOC-8DCD1DEE7445","LB-LOC-8DCD1DEE7445","","LB-GOV-MLB","LB-DIST-6CBC5E139FD3","","Mtein_el-Aala","","","","","","","","","fuzzy-suggestion","","0","unresolved","none","","","No authoritative Arabic source with stable identity or exact hierarchy/name match"
"LB-XW-3FFB736302EB","LB-LOC-EF5ED3652349","LB-LOC-EF5ED3652349","","LB-GOV-MLB","LB-DIST-6CBC5E139FD3","","Mtein_el-Fawqa","","","","","","","","","fuzzy-suggestion","","0","unresolved","none","","","No authoritative Arabic source with stable identity or exact hierarchy/name match"
"LB-XW-71745ECB24CB","LB-LOC-23B2864DD8B8","LB-LOC-23B2864DD8B8","","LB-GOV-MLB","LB-DIST-6CBC5E139FD3","","Nahr_el-Mott","","","","","","","","","fuzzy-suggestion","","0","unresolved","none","","","No authoritative Arabic source with stable identity or exact hierarchy/name match"
"LB-XW-EE34766A1B7B","LB-LOC-8FE9A6A8A542","LB-LOC-8FE9A6A8A542","","LB-GOV-MLB","LB-DIST-6CBC5E139FD3","","Qaaaqour","","","","","","","","","fuzzy-suggestion","","0","unresolved","none","","","No authoritative Arabic source with stable identity or exact hierarchy/name match"
"LB-XW-13BF9295E045","LB-LOC-3BE4CA069809","LB-LOC-3BE4CA069809","","LB-GOV-MLB","LB-DIST-6CBC5E139FD3","","Qarnaoun","","","","","","","","","fuzzy-suggestion","","0","unresolved","none","","","No authoritative Arabic source with stable identity or exact hierarchy/name match"
"LB-XW-2D1B9D8A6EDE","LB-LOC-112BE7B08EC7","LB-LOC-112BE7B08EC7","","LB-GOV-MLB","LB-DIST-6CBC5E139FD3","","Qornet_Chahwan","","","","","","","","","fuzzy-suggestion","","0","unresolved","none","","","No authoritative Arabic source with stable identity or exact hierarchy/name match"
"LB-XW-6EBB66BB883A","LB-LOC-ADE8DC23BE75","LB-LOC-ADE8DC23BE75","","LB-GOV-MLB","LB-DIST-6CBC5E139FD3","","Qornet_el-Ballout","","","","","","","","","fuzzy-suggestion","","0","unresolved","none","","","No authoritative Arabic source with stable identity or exact hierarchy/name match"
"LB-XW-407CEFC1507A","LB-LOC-B4690E73CF00","LB-LOC-B4690E73CF00","","LB-GOV-MLB","LB-DIST-6CBC5E139FD3","","Qornet_el-Hamra","","","","","","","","","fuzzy-suggestion","","0","unresolved","none","","","No authoritative Arabic source with stable identity or exact hierarchy/name match"
"LB-XW-AE2F31AC5EAD","LB-LOC-AB226EC6D9E5","LB-LOC-AB226EC6D9E5","","LB-GOV-MLB","LB-DIST-6CBC5E139FD3","","Rabieh","","","","","","","","","fuzzy-suggestion","","0","unresolved","none","","","No authoritative Arabic source with stable identity or exact hierarchy/name match"
"LB-XW-0F96602DC86D","LB-LOC-97F5D7FF6EEF","LB-LOC-97F5D7FF6EEF","","LB-GOV-MLB","LB-DIST-6CBC5E139FD3","","Ras_el-Metn","","","","","","","","","fuzzy-suggestion","","0","unresolved","none","","","No authoritative Arabic source with stable identity or exact hierarchy/name match"
"LB-XW-8D8CCF05F05D","LB-LOC-22C8DEB98249","LB-LOC-22C8DEB98249","","LB-GOV-MLB","LB-DIST-6CBC5E139FD3","","Sad_el-Bouchrieh","","","","","","","","","fuzzy-suggestion","","0","unresolved","none","","","No authoritative Arabic source with stable identity or exact hierarchy/name match"
"LB-XW-F36C650B0695","LB-LOC-DB2A641755AC","LB-LOC-DB2A641755AC","","LB-GOV-MLB","LB-DIST-6CBC5E139FD3","","Sannine","","","","","","","","","fuzzy-suggestion","","0","unresolved","none","","","No authoritative Arabic source with stable identity or exact hierarchy/name match"
"LB-XW-3CDC7F8A4BF8","LB-LOC-3EFE4FB6A74D","LB-LOC-3EFE4FB6A74D","","LB-GOV-MLB","LB-DIST-6CBC5E139FD3","","Sin_el-Fil","","","","","","","","","fuzzy-suggestion","","0","unresolved","none","","","No authoritative Arabic source with stable identity or exact hierarchy/name match"
"LB-XW-AFD06E6FF0C3","LB-LOC-58DC89B62229","LB-LOC-58DC89B62229","","LB-GOV-MLB","LB-DIST-6CBC5E139FD3","","Tarchich","","","","","","","","","fuzzy-suggestion","","0","unresolved","none","","","No authoritative Arabic source with stable identity or exact hierarchy/name match"
"LB-XW-7C3BCFC020AE","LB-LOC-650DCF44A66E","LB-LOC-650DCF44A66E","","LB-GOV-MLB","LB-DIST-6CBC5E139FD3","","Wadi_Chahrour_el-Aala","","","","","","","","","fuzzy-suggestion","","0","unresolved","none","","","No authoritative Arabic source with stable identity or exact hierarchy/name match"
"LB-XW-23F5AA40E669","LB-LOC-FE85840D9AB0","LB-LOC-FE85840D9AB0","","LB-GOV-MLB","LB-DIST-6CBC5E139FD3","","Wadi_el-Ballout","","","","","","","","","fuzzy-suggestion","","0","unresolved","none","","","No authoritative Arabic source with stable identity or exact hierarchy/name match"
"LB-XW-0388FB707867","LB-LOC-D8B1DBCF5FFD","LB-LOC-D8B1DBCF5FFD","","LB-GOV-MLB","LB-DIST-6CBC5E139FD3","","Wadi_el-Meyten","","","","","","","","","fuzzy-suggestion","","0","unresolved","none","","","No authoritative Arabic source with stable identity or exact hierarchy/name match"
"LB-XW-62AAFAD62675","LB-LOC-77FB25B0757D","LB-LOC-77FB25B0757D","","LB-GOV-MLB","LB-DIST-6CBC5E139FD3","","Warqa","","","","","","","","","fuzzy-suggestion","","0","unresolved","none","","","No authoritative Arabic source with stable identity or exact hierarchy/name match"
"LB-XW-8A6A3F79B474","LB-LOC-6F4FCF3B3778","LB-LOC-6F4FCF3B3778","","LB-GOV-MLB","LB-DIST-6CBC5E139FD3","","Zaghdrine","","","","","","","","","fuzzy-suggestion","","0","unresolved","none","","","No authoritative Arabic source with stable identity or exact hierarchy/name match"
"LB-XW-753CFE6A3958","LB-LOC-0EB38504D857","LB-LOC-0EB38504D857","","LB-GOV-MLB","LB-DIST-6CBC5E139FD3","","Zalka","","","","","","","","","fuzzy-suggestion","","0","unresolved","none","","","No authoritative Arabic source with stable identity or exact hierarchy/name match"
"LB-XW-A1CC44C4562F","LB-LOC-3E635F525BFA","LB-LOC-3E635F525BFA","","LB-GOV-MLB","LB-DIST-50F383C4FCA4","","Aalmat","","","","","","","","","fuzzy-suggestion","","0","unresolved","none","","","No authoritative Arabic source with stable identity or exact hierarchy/name match"
"LB-XW-0DDC051C80D0","LB-LOC-B9963F4FFE82","LB-LOC-B9963F4FFE82","","LB-GOV-MLB","LB-DIST-50F383C4FCA4","","Aalmat_ech-Chamaliyeh","","","","","","","","","fuzzy-suggestion","","0","unresolved","none","","","No authoritative Arabic source with stable identity or exact hierarchy/name match"
"LB-XW-04F053B9CF2B","LB-LOC-51730303A60B","LB-LOC-51730303A60B","","LB-GOV-MLB","LB-DIST-50F383C4FCA4","","Aalmat_es-Soufla","","","","","","","","","fuzzy-suggestion","","0","unresolved","none","","","No authoritative Arabic source with stable identity or exact hierarchy/name match"
"LB-XW-E4944E8C429C","LB-LOC-72FD54533E2D","LB-LOC-72FD54533E2D","","LB-GOV-MLB","LB-DIST-50F383C4FCA4","","Adonis","","","","","","","","","fuzzy-suggestion","","0","unresolved","none","","","No authoritative Arabic source with stable identity or exact hierarchy/name match"
"LB-XW-956C533CACBC","LB-LOC-1B438E6F8F9D","LB-LOC-1B438E6F8F9D","","LB-GOV-MLB","LB-DIST-50F383C4FCA4","","Ain_Akrine","","","","","","","","","fuzzy-suggestion","","0","unresolved","none","","","No authoritative Arabic source with stable identity or exact hierarchy/name match"
"LB-XW-965D8006B2C3","LB-LOC-025C55AB803C","LB-LOC-025C55AB803C","","LB-GOV-MLB","LB-DIST-50F383C4FCA4","","Ain_Kfaa","","","","","","","","","fuzzy-suggestion","","0","unresolved","none","","","No authoritative Arabic source with stable identity or exact hierarchy/name match"
"LB-XW-ADC1398657DC","LB-LOC-B838CAB2695C","LB-LOC-B838CAB2695C","","LB-GOV-MLB","LB-DIST-50F383C4FCA4","","Ain_ed-Delbeh","","","","","","","","","fuzzy-suggestion","","0","unresolved","none","","","No authoritative Arabic source with stable identity or exact hierarchy/name match"
"LB-XW-AEA6E53FD21B","LB-LOC-97321FB9C3E1","LB-LOC-97321FB9C3E1","","LB-GOV-MLB","LB-DIST-50F383C4FCA4","","Ain_el-Ghouaybeh","","","","","","","","","fuzzy-suggestion","","0","unresolved","none","","","No authoritative Arabic source with stable identity or exact hierarchy/name match"
"LB-XW-0FFF530B2A3A","LB-LOC-65D85584A43E","LB-LOC-65D85584A43E","","LB-GOV-MLB","LB-DIST-50F383C4FCA4","","Ain_er-Rihaneh","","","","","","","","","fuzzy-suggestion","","0","unresolved","none","","","No authoritative Arabic source with stable identity or exact hierarchy/name match"
"LB-XW-CB3DCFA2AFF0","LB-LOC-29390BC3DDE1","LB-LOC-29390BC3DDE1","","LB-GOV-MLB","LB-DIST-50F383C4FCA4","","Amchit","","","","","","","","","fuzzy-suggestion","","0","unresolved","none","","","No authoritative Arabic source with stable identity or exact hierarchy/name match"
"LB-XW-51D4487FE67E","LB-LOC-35B3C9E74236","LB-LOC-35B3C9E74236","","LB-GOV-MLB","LB-DIST-50F383C4FCA4","","Annaya","","","","","","","","","fuzzy-suggestion","","0","unresolved","none","","","No authoritative Arabic source with stable identity or exact hierarchy/name match"
"LB-XW-963CC837498B","LB-LOC-F1072BAAEC4E","LB-LOC-F1072BAAEC4E","","LB-GOV-MLB","LB-DIST-50F383C4FCA4","","Aqoura","","","","","","","","","fuzzy-suggestion","","0","unresolved","none","","","No authoritative Arabic source with stable identity or exact hierarchy/name match"
"LB-XW-087C6C6D356A","LB-LOC-0150943EC650","LB-LOC-0150943EC650","","LB-GOV-MLB","LB-DIST-50F383C4FCA4","","Baabdat-JB","","","","","","","","","fuzzy-suggestion","","0","unresolved","none","","","No authoritative Arabic source with stable identity or exact hierarchy/name match"
"LB-XW-055D96AFE8B3","LB-LOC-AC96C800035C","LB-LOC-AC96C800035C","","LB-GOV-MLB","LB-DIST-50F383C4FCA4","","Bane","","","","","","","","","fuzzy-suggestion","","0","unresolved","none","","","No authoritative Arabic source with stable identity or exact hierarchy/name match"
"LB-XW-FBE25C0A8FE0","LB-LOC-D8C214713902","LB-LOC-D8C214713902","","LB-GOV-MLB","LB-DIST-50F383C4FCA4","","Barbara","","","","","","","","","fuzzy-suggestion","","0","unresolved","none","","","No authoritative Arabic source with stable identity or exact hierarchy/name match"
"LB-XW-9E535F102060","LB-LOC-68A01FE22488","LB-LOC-68A01FE22488","","LB-GOV-MLB","LB-DIST-50F383C4FCA4","","Beit_Hbbaq","","","","","","","","","fuzzy-suggestion","","0","unresolved","none","","","No authoritative Arabic source with stable identity or exact hierarchy/name match"
"LB-XW-ADD80388D757","LB-LOC-586C53D0A518","LB-LOC-586C53D0A518","","LB-GOV-MLB","LB-DIST-50F383C4FCA4","","Beshtelida","","","","","","","","","fuzzy-suggestion","","0","unresolved","none","","","No authoritative Arabic source with stable identity or exact hierarchy/name match"
"LB-XW-F5BAE459C554","LB-LOC-79255EC23CBF","LB-LOC-79255EC23CBF","","LB-GOV-MLB","LB-DIST-50F383C4FCA4","","Bijjeh","","","","","","","","","fuzzy-suggestion","","0","unresolved","none","","","No authoritative Arabic source with stable identity or exact hierarchy/name match"
"LB-XW-86FF425358B1","LB-LOC-9FC09C4952EB","LB-LOC-9FC09C4952EB","","LB-GOV-MLB","LB-DIST-50F383C4FCA4","","Blat","","","","","","","","","fuzzy-suggestion","","0","unresolved","none","","","No authoritative Arabic source with stable identity or exact hierarchy/name match"
"LB-XW-3C44B7181AD0","LB-LOC-72604525220A","LB-LOC-72604525220A","","LB-GOV-MLB","LB-DIST-50F383C4FCA4","","Bqaata","","","","","","","","","fuzzy-suggestion","","0","unresolved","none","","","No authoritative Arabic source with stable identity or exact hierarchy/name match"
"LB-XW-C682711960E8","LB-LOC-0CDA56F3EE9D","LB-LOC-0CDA56F3EE9D","","LB-GOV-MLB","LB-DIST-50F383C4FCA4","","Bqaatouta","","","","","","","","","fuzzy-suggestion","","0","unresolved","none","","","No authoritative Arabic source with stable identity or exact hierarchy/name match"
"LB-XW-5A3F876E9E77","LB-LOC-CC3A1DBD0C6B","LB-LOC-CC3A1DBD0C6B","","LB-GOV-MLB","LB-DIST-50F383C4FCA4","","Chamat","","","","","","","","","fuzzy-suggestion","","0","unresolved","none","","","No authoritative Arabic source with stable identity or exact hierarchy/name match"
"LB-XW-A3E077A4A15F","LB-LOC-E4C4A26B59B9","LB-LOC-E4C4A26B59B9","","LB-GOV-MLB","LB-DIST-50F383C4FCA4","","Deir_Mama","","","","","","","","","fuzzy-suggestion","","0","unresolved","none","","","No authoritative Arabic source with stable identity or exact hierarchy/name match"
"LB-XW-B8F9BA440663","LB-LOC-2E1655C2E629","LB-LOC-2E1655C2E629","","LB-GOV-MLB","LB-DIST-50F383C4FCA4","","Demlsa","","","","","","","","","fuzzy-suggestion","","0","unresolved","none","","","No authoritative Arabic source with stable identity or exact hierarchy/name match"
"LB-XW-8B6612D0C9AD","LB-LOC-D55A56A7BE9A","LB-LOC-D55A56A7BE9A","","LB-GOV-MLB","LB-DIST-50F383C4FCA4","","Ehmej","","","","","","","","","fuzzy-suggestion","","0","unresolved","none","","","No authoritative Arabic source with stable identity or exact hierarchy/name match"
"LB-XW-D05D4B5E48D8","LB-LOC-D52190D58BA6","LB-LOC-D52190D58BA6","","LB-GOV-MLB","LB-DIST-50F383C4FCA4","","Fdar","","","","","","","","","fuzzy-suggestion","","0","unresolved","none","","","No authoritative Arabic source with stable identity or exact hierarchy/name match"
"LB-XW-1A8204EEC60D","LB-LOC-C9D53CB40552","LB-LOC-C9D53CB40552","","LB-GOV-MLB","LB-DIST-50F383C4FCA4","","Fidar","","","","","","","","","fuzzy-suggestion","","0","unresolved","none","","","No authoritative Arabic source with stable identity or exact hierarchy/name match"
"LB-XW-5BE41C4B3D1B","LB-LOC-DD1A5474AD29","LB-LOC-DD1A5474AD29","","LB-GOV-MLB","LB-DIST-50F383C4FCA4","","Frat","","","","","","","","","fuzzy-suggestion","","0","unresolved","none","","","No authoritative Arabic source with stable identity or exact hierarchy/name match"
"LB-XW-0D402505017C","LB-LOC-D4DD61524113","LB-LOC-D4DD61524113","","LB-GOV-MLB","LB-DIST-50F383C4FCA4","","Ghalboun","","","","","","","","","fuzzy-suggestion","","0","unresolved","none","","","No authoritative Arabic source with stable identity or exact hierarchy/name match"
"LB-XW-03F98754FA89","LB-LOC-EE768B031BA9","LB-LOC-EE768B031BA9","","LB-GOV-MLB","LB-DIST-50F383C4FCA4","","Gharzuz","","","","","","","","","fuzzy-suggestion","","0","unresolved","none","","","No authoritative Arabic source with stable identity or exact hierarchy/name match"
"LB-XW-C257362C8386","LB-LOC-E91B346C4EA8","LB-LOC-E91B346C4EA8","","LB-GOV-MLB","LB-DIST-50F383C4FCA4","","Hadchit-JB","","","","","","","","","fuzzy-suggestion","","0","unresolved","none","","","No authoritative Arabic source with stable identity or exact hierarchy/name match"
"LB-XW-4C65344C9AD5","LB-LOC-385351EC21B2","LB-LOC-385351EC21B2","","LB-GOV-MLB","LB-DIST-50F383C4FCA4","","Halat","","","","","","","","","fuzzy-suggestion","","0","unresolved","none","","","No authoritative Arabic source with stable identity or exact hierarchy/name match"
"LB-XW-91FFB095CA5A","LB-LOC-AD0DD1F12D24","LB-LOC-AD0DD1F12D24","","LB-GOV-MLB","LB-DIST-50F383C4FCA4","","Haqel","","","","","","","","","fuzzy-suggestion","","0","unresolved","none","","","No authoritative Arabic source with stable identity or exact hierarchy/name match"
"LB-XW-6B596D2A0D68","LB-LOC-41122D3E827E","LB-LOC-41122D3E827E","","LB-GOV-MLB","LB-DIST-50F383C4FCA4","","Harach","","","","","","","","","fuzzy-suggestion","","0","unresolved","none","","","No authoritative Arabic source with stable identity or exact hierarchy/name match"
"LB-XW-A13F2663CCEB","LB-LOC-E1F7492385DA","LB-LOC-E1F7492385DA","","LB-GOV-MLB","LB-DIST-50F383C4FCA4","","Hattout","","","","","","","","","fuzzy-suggestion","","0","unresolved","none","","","No authoritative Arabic source with stable identity or exact hierarchy/name match"
"LB-XW-1B982D0F812F","LB-LOC-F4BF66959BA5","LB-LOC-F4BF66959BA5","","LB-GOV-MLB","LB-DIST-50F383C4FCA4","","Hbaline","","","","","","","","","fuzzy-suggestion","","0","unresolved","none","","","No authoritative Arabic source with stable identity or exact hierarchy/name match"
"LB-XW-2136935675F0","LB-LOC-442A39B4241F","LB-LOC-442A39B4241F","","LB-GOV-MLB","LB-DIST-50F383C4FCA4","","Hboub","","","","","","","","","fuzzy-suggestion","","0","unresolved","none","","","No authoritative Arabic source with stable identity or exact hierarchy/name match"
"LB-XW-85257ED1183C","LB-LOC-4ACB7CBFC627","LB-LOC-4ACB7CBFC627","","LB-GOV-MLB","LB-DIST-50F383C4FCA4","","Hsarat","","","","","","","","","fuzzy-suggestion","","0","unresolved","none","","","No authoritative Arabic source with stable identity or exact hierarchy/name match"
"LB-XW-B98F02FD0E02","LB-LOC-145E94991145","LB-LOC-145E94991145","","LB-GOV-MLB","LB-DIST-50F383C4FCA4","","Hsrayel","","","","","","","","","fuzzy-suggestion","","0","unresolved","none","","","No authoritative Arabic source with stable identity or exact hierarchy/name match"
"LB-XW-04F8466F56C4","LB-LOC-3A281D8186A4","LB-LOC-3A281D8186A4","","LB-GOV-MLB","LB-DIST-50F383C4FCA4","","Jaj","","","","","","","","","fuzzy-suggestion","","0","unresolved","none","","","No authoritative Arabic source with stable identity or exact hierarchy/name match"
"LB-XW-917899C6AD61","LB-LOC-1252F6B76E0E","LB-LOC-1252F6B76E0E","","LB-GOV-MLB","LB-DIST-50F383C4FCA4","","Jbeil","","","","","","","","","fuzzy-suggestion","","0","unresolved","none","","","No authoritative Arabic source with stable identity or exact hierarchy/name match"
"LB-XW-CC4021A8C209","LB-LOC-C67C06A3E2E4","LB-LOC-C67C06A3E2E4","","LB-GOV-MLB","LB-DIST-50F383C4FCA4","","Jdayel","","","","","","","","","fuzzy-suggestion","","0","unresolved","none","","","No authoritative Arabic source with stable identity or exact hierarchy/name match"
"LB-XW-8BD6B37964C2","LB-LOC-2BEF9D86D93B","LB-LOC-2BEF9D86D93B","","LB-GOV-MLB","LB-DIST-50F383C4FCA4","","Jerbta","","","","","","","","","fuzzy-suggestion","","0","unresolved","none","","","No authoritative Arabic source with stable identity or exact hierarchy/name match"
"LB-XW-E47BFF6B84F7","LB-LOC-A246938115F6","LB-LOC-A246938115F6","","LB-GOV-MLB","LB-DIST-50F383C4FCA4","","Jrane","","","","","","","","","fuzzy-suggestion","","0","unresolved","none","","","No authoritative Arabic source with stable identity or exact hierarchy/name match"
"LB-XW-484EF96F1E9E","LB-LOC-28A1A9A229FC","LB-LOC-28A1A9A229FC","","LB-GOV-MLB","LB-DIST-50F383C4FCA4","","Kfar_Halda","","","","","","","","","fuzzy-suggestion","","0","unresolved","none","","","No authoritative Arabic source with stable identity or exact hierarchy/name match"
"LB-XW-8176CF67F2FF","LB-LOC-868520FA9EAB","LB-LOC-868520FA9EAB","","LB-GOV-MLB","LB-DIST-50F383C4FCA4","","Kfar_Helous-JB","","","","","","","","","fuzzy-suggestion","","0","unresolved","none","","","No authoritative Arabic source with stable identity or exact hierarchy/name match"
"LB-XW-D1634C6E9754","LB-LOC-62BD1E2F5DD9","LB-LOC-62BD1E2F5DD9","","LB-GOV-MLB","LB-DIST-50F383C4FCA4","","Kfar_Mashki","","","","","","","","","fuzzy-suggestion","","0","unresolved","none","","","No authoritative Arabic source with stable identity or exact hierarchy/name match"
"LB-XW-B79E2DDF7B2D","LB-LOC-4CA8FAFD54E6","LB-LOC-4CA8FAFD54E6","","LB-GOV-MLB","LB-DIST-50F383C4FCA4","","Kfar_Qahel","","","","","","","","","fuzzy-suggestion","","0","unresolved","none","","","No authoritative Arabic source with stable identity or exact hierarchy/name match"
"LB-XW-C5A49FFA5317","LB-LOC-77FCFC97B5DF","LB-LOC-77FCFC97B5DF","","LB-GOV-MLB","LB-DIST-50F383C4FCA4","","Kfoun","","","","","","","","","fuzzy-suggestion","","0","unresolved","none","","","No authoritative Arabic source with stable identity or exact hierarchy/name match"
"LB-XW-A5A400296A70","LB-LOC-C154DE75097F","LB-LOC-C154DE75097F","","LB-GOV-MLB","LB-DIST-50F383C4FCA4","","Kfour-JB","","","","","","","","","fuzzy-suggestion","","0","unresolved","none","","","No authoritative Arabic source with stable identity or exact hierarchy/name match"
"LB-XW-C4568A83AA6B","LB-LOC-8FCD02ADB776","LB-LOC-8FCD02ADB776","","LB-GOV-MLB","LB-DIST-50F383C4FCA4","","Kherbeh-JB","","","","","","","","","fuzzy-suggestion","","0","unresolved","none","","","No authoritative Arabic source with stable identity or exact hierarchy/name match"
"LB-XW-3EBDDFEC6AD9","LB-LOC-828F3F5F4E6D","LB-LOC-828F3F5F4E6D","","LB-GOV-MLB","LB-DIST-50F383C4FCA4","","Koursafia","","","","","","","","","fuzzy-suggestion","","0","unresolved","none","","","No authoritative Arabic source with stable identity or exact hierarchy/name match"
"LB-XW-4584969826E1","LB-LOC-1B0CAB6007A5","LB-LOC-1B0CAB6007A5","","LB-GOV-MLB","LB-DIST-50F383C4FCA4","","Lasa","","","","","","","","","fuzzy-suggestion","","0","unresolved","none","","","No authoritative Arabic source with stable identity or exact hierarchy/name match"
"LB-XW-465125944B4C","LB-LOC-E1608FF797A7","LB-LOC-E1608FF797A7","","LB-GOV-MLB","LB-DIST-50F383C4FCA4","","Lasa_el-Fawqa","","","","","","","","","fuzzy-suggestion","","0","unresolved","none","","","No authoritative Arabic source with stable identity or exact hierarchy/name match"
"LB-XW-315FCDE93D47","LB-LOC-EA3C63848EE7","LB-LOC-EA3C63848EE7","","LB-GOV-MLB","LB-DIST-50F383C4FCA4","","Lehfed","","","","","","","","","fuzzy-suggestion","","0","unresolved","none","","","No authoritative Arabic source with stable identity or exact hierarchy/name match"
"LB-XW-F9F80F332D6C","LB-LOC-2D4CC5E14A08","LB-LOC-2D4CC5E14A08","","LB-GOV-MLB","LB-DIST-50F383C4FCA4","","Majdala-JB","","","","","","","","","fuzzy-suggestion","","0","unresolved","none","","","No authoritative Arabic source with stable identity or exact hierarchy/name match"
"LB-XW-95C590570513","LB-LOC-806A7D01D593","LB-LOC-806A7D01D593","","LB-GOV-MLB","LB-DIST-50F383C4FCA4","","Majdel_Anjar-JB","","","","","","","","","fuzzy-suggestion","","0","unresolved","none","","","No authoritative Arabic source with stable identity or exact hierarchy/name match"
"LB-XW-7CAC846FD195","LB-LOC-6B25B8CBB043","LB-LOC-6B25B8CBB043","","LB-GOV-MLB","LB-DIST-50F383C4FCA4","","Masbki","","","","","","","","","fuzzy-suggestion","","0","unresolved","none","","","No authoritative Arabic source with stable identity or exact hierarchy/name match"
"LB-XW-186366723CE9","LB-LOC-350F4182C6FF","LB-LOC-350F4182C6FF","","LB-GOV-MLB","LB-DIST-50F383C4FCA4","","Mayruba","","","","","","","","","fuzzy-suggestion","","0","unresolved","none","","","No authoritative Arabic source with stable identity or exact hierarchy/name match"
"LB-XW-F230DC7EC20B","LB-LOC-49C76363E9A5","LB-LOC-49C76363E9A5","","LB-GOV-MLB","LB-DIST-50F383C4FCA4","","Mazraat_Safra","","","","","","","","","fuzzy-suggestion","","0","unresolved","none","","","No authoritative Arabic source with stable identity or exact hierarchy/name match"
"LB-XW-360F14471AA4","LB-LOC-1C59EA74A822","LB-LOC-1C59EA74A822","","LB-GOV-MLB","LB-DIST-50F383C4FCA4","","Mazraat_el-Kniseh","","","","","","","","","fuzzy-suggestion","","0","unresolved","none","","","No authoritative Arabic source with stable identity or exact hierarchy/name match"
"LB-XW-62154E7D8805","LB-LOC-DB3F44C163CA","LB-LOC-DB3F44C163CA","","LB-GOV-MLB","LB-DIST-50F383C4FCA4","","Mazraat_en-Nahr","","","","","","","","","fuzzy-suggestion","","0","unresolved","none","","","No authoritative Arabic source with stable identity or exact hierarchy/name match"
"LB-XW-77BB6CAE3F9D","LB-LOC-CDFF394CE106","LB-LOC-CDFF394CE106","","LB-GOV-MLB","LB-DIST-50F383C4FCA4","","Mechan","","","","","","","","","fuzzy-suggestion","","0","unresolved","none","","","No authoritative Arabic source with stable identity or exact hierarchy/name match"
"LB-XW-08DC853CA179","LB-LOC-5BFE74BD1C36","LB-LOC-5BFE74BD1C36","","LB-GOV-MLB","LB-DIST-50F383C4FCA4","","Mechmech","","","","","","","","","fuzzy-suggestion","","0","unresolved","none","","","No authoritative Arabic source with stable identity or exact hierarchy/name match"
"LB-XW-24F8EE15BF70","LB-LOC-B667D22C01CE","LB-LOC-B667D22C01CE","","LB-GOV-MLB","LB-DIST-50F383C4FCA4","","Mechqita","","","","","","","","","fuzzy-suggestion","","0","unresolved","none","","","No authoritative Arabic source with stable identity or exact hierarchy/name match"
"LB-XW-1585CE5C30E9","LB-LOC-5B7A8AE39139","LB-LOC-5B7A8AE39139","","LB-GOV-MLB","LB-DIST-50F383C4FCA4","","Menjez-JB","","","","","","","","","fuzzy-suggestion","","0","unresolved","none","","","No authoritative Arabic source with stable identity or exact hierarchy/name match"
"LB-XW-D4F0E1636B0A","LB-LOC-B4F4AE8E6A70","LB-LOC-B4F4AE8E6A70","","LB-GOV-MLB","LB-DIST-50F383C4FCA4","","Mghayreh","","","","","","","","","fuzzy-suggestion","","0","unresolved","none","","","No authoritative Arabic source with stable identity or exact hierarchy/name match"
"LB-XW-C871D8A54FEA","LB-LOC-974702DABFEF","LB-LOC-974702DABFEF","","LB-GOV-MLB","LB-DIST-50F383C4FCA4","","Mrah_Chdid","","","","","","","","","fuzzy-suggestion","","0","unresolved","none","","","No authoritative Arabic source with stable identity or exact hierarchy/name match"
"LB-XW-1EF38D32B6B7","LB-LOC-E83BFF3C7AF2","LB-LOC-E83BFF3C7AF2","","LB-GOV-MLB","LB-DIST-50F383C4FCA4","","Nahla","","","","","","","","","fuzzy-suggestion","","0","unresolved","none","","","No authoritative Arabic source with stable identity or exact hierarchy/name match"
"LB-XW-B593CD4B458C","LB-LOC-0388EC4B7963","LB-LOC-0388EC4B7963","","LB-GOV-MLB","LB-DIST-50F383C4FCA4","","Nahr_Ibrahim","","","","","","","","","fuzzy-suggestion","","0","unresolved","none","","","No authoritative Arabic source with stable identity or exact hierarchy/name match"
"LB-XW-F95E23F78EAD","LB-LOC-E24F463A2AF3","LB-LOC-E24F463A2AF3","","LB-GOV-MLB","LB-DIST-50F383C4FCA4","","Nbaa_el-Hammam","","","","","","","","","fuzzy-suggestion","","0","unresolved","none","","","No authoritative Arabic source with stable identity or exact hierarchy/name match"
"LB-XW-51FC95DD8A1E","LB-LOC-EE0450F20367","LB-LOC-EE0450F20367","","LB-GOV-MLB","LB-DIST-50F383C4FCA4","","Qaitaa","","","","","","","","","fuzzy-suggestion","","0","unresolved","none","","","No authoritative Arabic source with stable identity or exact hierarchy/name match"
"LB-XW-540703C18521","LB-LOC-B059AAC7BE1F","LB-LOC-B059AAC7BE1F","","LB-GOV-MLB","LB-DIST-50F383C4FCA4","","Qartaba","","","","","","","","","fuzzy-suggestion","","0","unresolved","none","","","No authoritative Arabic source with stable identity or exact hierarchy/name match"
"LB-XW-B7643EB087F6","LB-LOC-2D5772C596D7","LB-LOC-2D5772C596D7","","LB-GOV-MLB","LB-DIST-50F383C4FCA4","","Rachmech","","","","","","","","","fuzzy-suggestion","","0","unresolved","none","","","No authoritative Arabic source with stable identity or exact hierarchy/name match"
"LB-XW-AD6F253BA70B","LB-LOC-3D14CD095888","LB-LOC-3D14CD095888","","LB-GOV-MLB","LB-DIST-50F383C4FCA4","","Rachqin","","","","","","","","","fuzzy-suggestion","","0","unresolved","none","","","No authoritative Arabic source with stable identity or exact hierarchy/name match"
"LB-XW-4EDCAA5B98E1","LB-LOC-CBB6CB08D417","LB-LOC-CBB6CB08D417","","LB-GOV-MLB","LB-DIST-50F383C4FCA4","","Raifoun","","","","","","","","","fuzzy-suggestion","","0","unresolved","none","","","No authoritative Arabic source with stable identity or exact hierarchy/name match"
"LB-XW-FAED217FA02C","LB-LOC-5F65141F3CD8","LB-LOC-5F65141F3CD8","","LB-GOV-MLB","LB-DIST-50F383C4FCA4","","Ras_Osta","","","","","","","","","fuzzy-suggestion","","0","unresolved","none","","","No authoritative Arabic source with stable identity or exact hierarchy/name match"
"LB-XW-037407A56494","LB-LOC-99EB211ABD0F","LB-LOC-99EB211ABD0F","","LB-GOV-MLB","LB-DIST-50F383C4FCA4","","Sourat","","","","","","","","","fuzzy-suggestion","","0","unresolved","none","","","No authoritative Arabic source with stable identity or exact hierarchy/name match"
"LB-XW-FE8AB6C65FA3","LB-LOC-5F836DD6898D","LB-LOC-5F836DD6898D","","LB-GOV-MLB","LB-DIST-50F383C4FCA4","","Tartij","","","","","","","","","fuzzy-suggestion","","0","unresolved","none","","","No authoritative Arabic source with stable identity or exact hierarchy/name match"
"LB-XW-05685F688625","LB-LOC-2D3427240C74","LB-LOC-2D3427240C74","","LB-GOV-MLB","LB-DIST-50F383C4FCA4","","Tourza","","","","","","","","","fuzzy-suggestion","","0","unresolved","none","","","No authoritative Arabic source with stable identity or exact hierarchy/name match"
"LB-XW-B9B3CF84B3DA","LB-LOC-6B33EAA98811","LB-LOC-6B33EAA98811","","LB-GOV-MLB","LB-DIST-50F383C4FCA4","","Wadi_Jilo","","","","","","","","","fuzzy-suggestion","","0","unresolved","none","","","No authoritative Arabic source with stable identity or exact hierarchy/name match"
"LB-XW-8F56CF07514B","LB-LOC-C2757E959E7E","LB-LOC-C2757E959E7E","","LB-GOV-MLB","LB-DIST-50F383C4FCA4","","Wata_Houb","","","","","","","","","fuzzy-suggestion","","0","unresolved","none","","","No authoritative Arabic source with stable identity or exact hierarchy/name match"
"LB-XW-64E0DA607B32","LB-LOC-D68D07E69553","LB-LOC-D68D07E69553","","LB-GOV-MLB","LB-DIST-50F383C4FCA4","","Yanouh","","","","","","","","","fuzzy-suggestion","","0","unresolved","none","","","No authoritative Arabic source with stable identity or exact hierarchy/name match"
"LB-XW-93D089524C01","LB-LOC-1E901C1A3A30","LB-LOC-1E901C1A3A30","","LB-GOV-MLB","LB-DIST-50F383C4FCA4","","Zbdine","","","","","","","","","fuzzy-suggestion","","0","unresolved","none","","","No authoritative Arabic source with stable identity or exact hierarchy/name match"
"LB-XW-D490F5999AB1","LB-LOC-E9E92DD5C47E","LB-LOC-E9E92DD5C47E","","LB-GOV-MLB","LB-DIST-50F383C4FCA4","","Zouq_Hadara","","","","","","","","","fuzzy-suggestion","","0","unresolved","none","","","No authoritative Arabic source with stable identity or exact hierarchy/name match"
"LB-XW-B6422A636110","LB-LOC-B1A3F7096B2A","LB-LOC-B1A3F7096B2A","","LB-GOV-MLB","LB-DIST-EC9593138E48","","Achqout","","","","","","","","","fuzzy-suggestion","","0","unresolved","none","","","No authoritative Arabic source with stable identity or exact hierarchy/name match"
"LB-XW-C1C74B75DB74","LB-LOC-1E3900A6CD76","LB-LOC-1E3900A6CD76","","LB-GOV-MLB","LB-DIST-EC9593138E48","","Adma","","","","","","","","","fuzzy-suggestion","","0","unresolved","none","","","No authoritative Arabic source with stable identity or exact hierarchy/name match"
"LB-XW-F9DBE95852F9","LB-LOC-F1927D455178","LB-LOC-F1927D455178","","LB-GOV-MLB","LB-DIST-EC9593138E48","","Ain_er-Remmaneh-KS","","","","","","","","","fuzzy-suggestion","","0","unresolved","none","","","No authoritative Arabic source with stable identity or exact hierarchy/name match"
"LB-XW-6F139176E1A1","LB-LOC-44948970BDB5","LB-LOC-44948970BDB5","","LB-GOV-MLB","LB-DIST-EC9593138E48","","Aintoura","","","","","","","","","fuzzy-suggestion","","0","unresolved","none","","","No authoritative Arabic source with stable identity or exact hierarchy/name match"
"LB-XW-61545D363257","LB-LOC-CB2E58F2B9C9","LB-LOC-CB2E58F2B9C9","","LB-GOV-MLB","LB-DIST-EC9593138E48","","Ajaltoun","","","","","","","","","fuzzy-suggestion","","0","unresolved","none","","","No authoritative Arabic source with stable identity or exact hierarchy/name match"
"LB-XW-3C5D39F0101E","LB-LOC-40858F5D4FDE","LB-LOC-40858F5D4FDE","","LB-GOV-MLB","LB-DIST-EC9593138E48","","Baabdat-KS","","","","","","","","","fuzzy-suggestion","","0","unresolved","none","","","No authoritative Arabic source with stable identity or exact hierarchy/name match"
"LB-XW-912059366E32","LB-LOC-CB886955B6B5","LB-LOC-CB886955B6B5","","LB-GOV-MLB","LB-DIST-EC9593138E48","","Ballouneh","","","","","","","","","fuzzy-suggestion","","0","unresolved","none","","","No authoritative Arabic source with stable identity or exact hierarchy/name match"
"LB-XW-1493508EAB83","LB-LOC-0A9C2E3BA127","LB-LOC-0A9C2E3BA127","","LB-GOV-MLB","LB-DIST-EC9593138E48","","Ballouneh_el-Fawqa","","","","","","","","","fuzzy-suggestion","","0","unresolved","none","","","No authoritative Arabic source with stable identity or exact hierarchy/name match"
"LB-XW-46494C28EC14","LB-LOC-147791E57E00","LB-LOC-147791E57E00","","LB-GOV-MLB","LB-DIST-EC9593138E48","","Boulonia","","","","","","","","","fuzzy-suggestion","","0","unresolved","none","","","No authoritative Arabic source with stable identity or exact hierarchy/name match"
"LB-XW-CB8E268AF566","LB-LOC-058B0EA1F5C5","LB-LOC-058B0EA1F5C5","","LB-GOV-MLB","LB-DIST-EC9593138E48","","Bqaata-KS","","","","","","","","","fuzzy-suggestion","","0","unresolved","none","","","No authoritative Arabic source with stable identity or exact hierarchy/name match"
"LB-XW-E63931C82CB0","LB-LOC-FA0B4EB04F98","LB-LOC-FA0B4EB04F98","","LB-GOV-MLB","LB-DIST-EC9593138E48","","Chakhloua","","","","","","","","","fuzzy-suggestion","","0","unresolved","none","","","No authoritative Arabic source with stable identity or exact hierarchy/name match"
"LB-XW-DFFB40B3205E","LB-LOC-57ADB1213407","LB-LOC-57ADB1213407","","LB-GOV-MLB","LB-DIST-EC9593138E48","","Chawyeh","","","","","","","","","fuzzy-suggestion","","0","unresolved","none","","","No authoritative Arabic source with stable identity or exact hierarchy/name match"
"LB-XW-839CE7F676B8","LB-LOC-7A6F9EE0668B","LB-LOC-7A6F9EE0668B","","LB-GOV-MLB","LB-DIST-EC9593138E48","","Chnanir","","","","","","","","","fuzzy-suggestion","","0","unresolved","none","","","No authoritative Arabic source with stable identity or exact hierarchy/name match"
"LB-XW-1C9A98E687AE","LB-LOC-FB60B86B0AA4","LB-LOC-FB60B86B0AA4","","LB-GOV-MLB","LB-DIST-EC9593138E48","","Clemenceau-KS","","","","","","","","","fuzzy-suggestion","","0","unresolved","none","","","No authoritative Arabic source with stable identity or exact hierarchy/name match"
"LB-XW-CB83BD84C22F","LB-LOC-9B600591E2A5","LB-LOC-9B600591E2A5","","LB-GOV-MLB","LB-DIST-EC9593138E48","","Daraya","","","","","","","","","fuzzy-suggestion","","0","unresolved","none","","","No authoritative Arabic source with stable identity or exact hierarchy/name match"
"LB-XW-BF642AAA1F57","LB-LOC-D647B8C2C478","LB-LOC-D647B8C2C478","","LB-GOV-MLB","LB-DIST-EC9593138E48","","Dbaiyeh","","","","","","","","","fuzzy-suggestion","","0","unresolved","none","","","No authoritative Arabic source with stable identity or exact hierarchy/name match"
"LB-XW-167DB47BA4D8","LB-LOC-DC68B7157BFB","LB-LOC-DC68B7157BFB","","LB-GOV-MLB","LB-DIST-EC9593138E48","","Dik_el-Mehdi","","","","","","","","","fuzzy-suggestion","","0","unresolved","none","","","No authoritative Arabic source with stable identity or exact hierarchy/name match"
"LB-XW-75E08B1D3C3C","LB-LOC-6DD30ACCE539","LB-LOC-6DD30ACCE539","","LB-GOV-MLB","LB-DIST-EC9593138E48","","Dlebta","","","","","","","","","fuzzy-suggestion","","0","unresolved","none","","","No authoritative Arabic source with stable identity or exact hierarchy/name match"
"LB-XW-357550FA4C9C","LB-LOC-2436729308E6","LB-LOC-2436729308E6","","LB-GOV-MLB","LB-DIST-EC9593138E48","","El_Barbara-KS","","","","","","","","","fuzzy-suggestion","","0","unresolved","none","","","No authoritative Arabic source with stable identity or exact hierarchy/name match"
"LB-XW-7EFE9E2DABAA","LB-LOC-6989EA41D998","LB-LOC-6989EA41D998","","LB-GOV-MLB","LB-DIST-EC9593138E48","","Fariaya","","","","","","","","","fuzzy-suggestion","","0","unresolved","none","","","No authoritative Arabic source with stable identity or exact hierarchy/name match"
"LB-XW-95B53E90A104","LB-LOC-624C218676C1","LB-LOC-624C218676C1","","LB-GOV-MLB","LB-DIST-EC9593138E48","","Fatqa","","","","","","","","","fuzzy-suggestion","","0","unresolved","none","","","No authoritative Arabic source with stable identity or exact hierarchy/name match"
"LB-XW-67BAAC77ED6C","LB-LOC-36F0B8136A39","LB-LOC-36F0B8136A39","","LB-GOV-MLB","LB-DIST-EC9593138E48","","Feitrun","","","","","","","","","fuzzy-suggestion","","0","unresolved","none","","","No authoritative Arabic source with stable identity or exact hierarchy/name match"
"LB-XW-2A714A986C12","LB-LOC-0738DA12DEC3","LB-LOC-0738DA12DEC3","","LB-GOV-MLB","LB-DIST-EC9593138E48","","Ghadir","","","","","","","","","fuzzy-suggestion","","0","unresolved","none","","","No authoritative Arabic source with stable identity or exact hierarchy/name match"
"LB-XW-163F480825FB","LB-LOC-066CB11D426A","LB-LOC-066CB11D426A","","LB-GOV-MLB","LB-DIST-EC9593138E48","","Ghazir","","","","","","","","","fuzzy-suggestion","","0","unresolved","none","","","No authoritative Arabic source with stable identity or exact hierarchy/name match"
"LB-XW-0ED358893570","LB-LOC-5A9AEAF72003","LB-LOC-5A9AEAF72003","","LB-GOV-MLB","LB-DIST-EC9593138E48","","Ghineh","","","","","","","","","fuzzy-suggestion","","0","unresolved","none","","","No authoritative Arabic source with stable identity or exact hierarchy/name match"
"LB-XW-1E096AD8A38A","LB-LOC-1C452FA99E2D","LB-LOC-1C452FA99E2D","","LB-GOV-MLB","LB-DIST-EC9593138E48","","Ghousta","","","","","","","","","fuzzy-suggestion","","0","unresolved","none","","","No authoritative Arabic source with stable identity or exact hierarchy/name match"
"LB-XW-1571431D9A52","LB-LOC-32F64C4980C3","LB-LOC-32F64C4980C3","","LB-GOV-MLB","LB-DIST-EC9593138E48","","Habtour","","","","","","","","","fuzzy-suggestion","","0","unresolved","none","","","No authoritative Arabic source with stable identity or exact hierarchy/name match"
"LB-XW-ECE1DBBCFCA7","LB-LOC-4BA38A62B022","LB-LOC-4BA38A62B022","","LB-GOV-MLB","LB-DIST-EC9593138E48","","Hamlaya-KS","","","","","","","","","fuzzy-suggestion","","0","unresolved","none","","","No authoritative Arabic source with stable identity or exact hierarchy/name match"
"LB-XW-5C8495A83451","LB-LOC-C3B3787A6004","LB-LOC-C3B3787A6004","","LB-GOV-MLB","LB-DIST-EC9593138E48","","Harach-KS","","","","","","","","","fuzzy-suggestion","","0","unresolved","none","","","No authoritative Arabic source with stable identity or exact hierarchy/name match"
"LB-XW-2718BB146FDE","LB-LOC-9EF478A17EC8","LB-LOC-9EF478A17EC8","","LB-GOV-MLB","LB-DIST-EC9593138E48","","Harissa","","","","","","","","","fuzzy-suggestion","","0","unresolved","none","","","No authoritative Arabic source with stable identity or exact hierarchy/name match"
"LB-XW-958FDEA7C095","LB-LOC-6647D02F8570","LB-LOC-6647D02F8570","","LB-GOV-MLB","LB-DIST-EC9593138E48","","Harissa_ech-Chitawiye","","","","","","","","","fuzzy-suggestion","","0","unresolved","none","","","No authoritative Arabic source with stable identity or exact hierarchy/name match"
"LB-XW-A8F0623DF2FA","LB-LOC-4B7F206DE7C1","LB-LOC-4B7F206DE7C1","","LB-GOV-MLB","LB-DIST-EC9593138E48","","Hasroun-KS","","","","","","","","","fuzzy-suggestion","","0","unresolved","none","","","No authoritative Arabic source with stable identity or exact hierarchy/name match"
"LB-XW-7DFBA5A1A4FB","LB-LOC-48561FC66D0E","LB-LOC-48561FC66D0E","","LB-GOV-MLB","LB-DIST-EC9593138E48","","Hrajel","","","","","","","","","fuzzy-suggestion","","0","unresolved","none","","","No authoritative Arabic source with stable identity or exact hierarchy/name match"
"LB-XW-92ED6B21EA1F","LB-LOC-B64AC5BB91BA","LB-LOC-B64AC5BB91BA","","LB-GOV-MLB","LB-DIST-EC9593138E48","","Jeita","","","","","","","","","fuzzy-suggestion","","0","unresolved","none","","","No authoritative Arabic source with stable identity or exact hierarchy/name match"
"LB-XW-721824457ACC","LB-LOC-F3A2C606B532","LB-LOC-F3A2C606B532","","LB-GOV-MLB","LB-DIST-EC9593138E48","","Jounieh","","","","","","","","","fuzzy-suggestion","","0","unresolved","none","","","No authoritative Arabic source with stable identity or exact hierarchy/name match"
"LB-XW-6B65143B65D0","LB-LOC-4B4F65A93434","LB-LOC-4B4F65A93434","","LB-GOV-MLB","LB-DIST-EC9593138E48","","Jounieh_el-Bahriye","","","","","","","","","fuzzy-suggestion","","0","unresolved","none","","","No authoritative Arabic source with stable identity or exact hierarchy/name match"
"LB-XW-F68C8EE265F5","LB-LOC-1C7FBC5DE0F1","LB-LOC-1C7FBC5DE0F1","","LB-GOV-MLB","LB-DIST-EC9593138E48","","Kaslik","","","","","","","","","fuzzy-suggestion","","0","unresolved","none","","","No authoritative Arabic source with stable identity or exact hierarchy/name match"
"LB-XW-89C6994674A6","LB-LOC-E5BE80736B40","LB-LOC-E5BE80736B40","","LB-GOV-MLB","LB-DIST-EC9593138E48","","Kfar_Hay","","","","","","","","","fuzzy-suggestion","","0","unresolved","none","","","No authoritative Arabic source with stable identity or exact hierarchy/name match"
"LB-XW-70A193B3BB45","LB-LOC-4223692CDAC0","LB-LOC-4223692CDAC0","","LB-GOV-MLB","LB-DIST-EC9593138E48","","Kfar_Hbab","","","","","","","","","fuzzy-suggestion","","0","unresolved","none","","","No authoritative Arabic source with stable identity or exact hierarchy/name match"
"LB-XW-A28068AF2CD0","LB-LOC-CD52D7533EA7","LB-LOC-CD52D7533EA7","","LB-GOV-MLB","LB-DIST-EC9593138E48","","Kfardbian_ech-Chitawiye","","","","","","","","","fuzzy-suggestion","","0","unresolved","none","","","No authoritative Arabic source with stable identity or exact hierarchy/name match"
"LB-XW-EC6EBA5B8122","LB-LOC-0D1925F1D0DF","LB-LOC-0D1925F1D0DF","","LB-GOV-MLB","LB-DIST-EC9593138E48","","Kfardebian","","","","","","","","","fuzzy-suggestion","","0","unresolved","none","","","No authoritative Arabic source with stable identity or exact hierarchy/name match"
"LB-XW-E9190201E466","LB-LOC-600583C6230A","LB-LOC-600583C6230A","","LB-GOV-MLB","LB-DIST-EC9593138E48","","Kfartay","","","","","","","","","fuzzy-suggestion","","0","unresolved","none","","","No authoritative Arabic source with stable identity or exact hierarchy/name match"
"LB-XW-D989558A9534","LB-LOC-9C33F3742B98","LB-LOC-9C33F3742B98","","LB-GOV-MLB","LB-DIST-EC9593138E48","","Kfaryasin","","","","","","","","","fuzzy-suggestion","","0","unresolved","none","","","No authoritative Arabic source with stable identity or exact hierarchy/name match"
"LB-XW-800755471B4B","LB-LOC-7110D462E4F8","LB-LOC-7110D462E4F8","","LB-GOV-MLB","LB-DIST-EC9593138E48","","Kfifane","","","","","","","","","fuzzy-suggestion","","0","unresolved","none","","","No authoritative Arabic source with stable identity or exact hierarchy/name match"
"LB-XW-B1DC5EAB8A9C","LB-LOC-0E4CF3FED84D","LB-LOC-0E4CF3FED84D","","LB-GOV-MLB","LB-DIST-EC9593138E48","","Khenchara-KS","","","","","","","","","fuzzy-suggestion","","0","unresolved","none","","","No authoritative Arabic source with stable identity or exact hierarchy/name match"
"LB-XW-DB07A2ED3EE9","LB-LOC-E674E68E5B1F","LB-LOC-E674E68E5B1F","","LB-GOV-MLB","LB-DIST-EC9593138E48","","Maameltein","","","","","","","","","fuzzy-suggestion","","0","unresolved","none","","","No authoritative Arabic source with stable identity or exact hierarchy/name match"
"LB-XW-843C2E497307","LB-LOC-2799F876E84F","LB-LOC-2799F876E84F","","LB-GOV-MLB","LB-DIST-EC9593138E48","","Maarab","","","","","","","","","fuzzy-suggestion","","0","unresolved","none","","","No authoritative Arabic source with stable identity or exact hierarchy/name match"
"LB-XW-4F7B54EB663A","LB-LOC-B8F6D096BC6D","LB-LOC-B8F6D096BC6D","","LB-GOV-MLB","LB-DIST-EC9593138E48","","Mayruba-KS","","","","","","","","","fuzzy-suggestion","","0","unresolved","none","","","No authoritative Arabic source with stable identity or exact hierarchy/name match"
"LB-XW-0BFD5B152017","LB-LOC-4107E96D4E46","LB-LOC-4107E96D4E46","","LB-GOV-MLB","LB-DIST-EC9593138E48","","Mayruba_et-Tahta","","","","","","","","","fuzzy-suggestion","","0","unresolved","none","","","No authoritative Arabic source with stable identity or exact hierarchy/name match"
"LB-XW-3329B2785C89","LB-LOC-0658032EAA18","LB-LOC-0658032EAA18","","LB-GOV-MLB","LB-DIST-EC9593138E48","","Mazraat_Yachoua","","","","","","","","","fuzzy-suggestion","","0","unresolved","none","","","No authoritative Arabic source with stable identity or exact hierarchy/name match"
"LB-XW-2403598FE52B","LB-LOC-E380AA89660A","LB-LOC-E380AA89660A","","LB-GOV-MLB","LB-DIST-EC9593138E48","","Nahr_ed-Dahab","","","","","","","","","fuzzy-suggestion","","0","unresolved","none","","","No authoritative Arabic source with stable identity or exact hierarchy/name match"
"LB-XW-62229E957423","LB-LOC-1E675AC79259","LB-LOC-1E675AC79259","","LB-GOV-MLB","LB-DIST-EC9593138E48","","Nahr_el-Kalb","","","","","","","","","fuzzy-suggestion","","0","unresolved","none","","","No authoritative Arabic source with stable identity or exact hierarchy/name match"
"LB-XW-9B4359509A46","LB-LOC-8655030458DD","LB-LOC-8655030458DD","","LB-GOV-MLB","LB-DIST-EC9593138E48","","Oyoun_es-Simane","","","","","","","","","fuzzy-suggestion","","0","unresolved","none","","","No authoritative Arabic source with stable identity or exact hierarchy/name match"
"LB-XW-FBD60E78A18D","LB-LOC-A46A15472605","LB-LOC-A46A15472605","","LB-GOV-MLB","LB-DIST-EC9593138E48","","Qattara","","","","","","","","","fuzzy-suggestion","","0","unresolved","none","","","No authoritative Arabic source with stable identity or exact hierarchy/name match"
"LB-XW-A737789EC089","LB-LOC-7D4A40E9171C","LB-LOC-7D4A40E9171C","","LB-GOV-MLB","LB-DIST-EC9593138E48","","Qetra","","","","","","","","","fuzzy-suggestion","","0","unresolved","none","","","No authoritative Arabic source with stable identity or exact hierarchy/name match"
"LB-XW-B80468567F60","LB-LOC-7DD0E5B58E97","LB-LOC-7DD0E5B58E97","","LB-GOV-MLB","LB-DIST-EC9593138E48","","Qlaiaat","","","","","","","","","fuzzy-suggestion","","0","unresolved","none","","","No authoritative Arabic source with stable identity or exact hierarchy/name match"
"LB-XW-E22C96B02D05","LB-LOC-3130C537D6AE","LB-LOC-3130C537D6AE","","LB-GOV-MLB","LB-DIST-EC9593138E48","","Raachine","","","","","","","","","fuzzy-suggestion","","0","unresolved","none","","","No authoritative Arabic source with stable identity or exact hierarchy/name match"
"LB-XW-8363F456E44F","LB-LOC-DE7BACD2BF61","LB-LOC-DE7BACD2BF61","","LB-GOV-MLB","LB-DIST-EC9593138E48","","Raifoun-KS","","","","","","","","","fuzzy-suggestion","","0","unresolved","none","","","No authoritative Arabic source with stable identity or exact hierarchy/name match"
"LB-XW-08D7A0982D0E","LB-LOC-CEAAA2349682","LB-LOC-CEAAA2349682","","LB-GOV-MLB","LB-DIST-EC9593138E48","","Safra","","","","","","","","","fuzzy-suggestion","","0","unresolved","none","","","No authoritative Arabic source with stable identity or exact hierarchy/name match"
"LB-XW-447593DA025C","LB-LOC-79ADA943BFB1","LB-LOC-79ADA943BFB1","","LB-GOV-MLB","LB-DIST-EC9593138E48","","Sahel_Alma","","","","","","","","","fuzzy-suggestion","","0","unresolved","none","","","No authoritative Arabic source with stable identity or exact hierarchy/name match"
"LB-XW-AFD58BA89BA4","LB-LOC-BB8DF1C720B2","LB-LOC-BB8DF1C720B2","","LB-GOV-MLB","LB-DIST-EC9593138E48","","Sarba","","","","","","","","","fuzzy-suggestion","","0","unresolved","none","","","No authoritative Arabic source with stable identity or exact hierarchy/name match"
"LB-XW-5FF80BBBFCEF","LB-LOC-497B54BB4729","LB-LOC-497B54BB4729","","LB-GOV-MLB","LB-DIST-EC9593138E48","","Sehaileh","","","","","","","","","fuzzy-suggestion","","0","unresolved","none","","","No authoritative Arabic source with stable identity or exact hierarchy/name match"
"LB-XW-31976E3E58CD","LB-LOC-45225FEFA5EA","LB-LOC-45225FEFA5EA","","LB-GOV-MLB","LB-DIST-EC9593138E48","","Tabarja","","","","","","","","","fuzzy-suggestion","","0","unresolved","none","","","No authoritative Arabic source with stable identity or exact hierarchy/name match"
"LB-XW-9B972927415C","LB-LOC-B4A72A8A9D12","LB-LOC-B4A72A8A9D12","","LB-GOV-MLB","LB-DIST-EC9593138E48","","Wadi_el-Arayech","","","","","","","","","fuzzy-suggestion","","0","unresolved","none","","","No authoritative Arabic source with stable identity or exact hierarchy/name match"
"LB-XW-0AD23F04DE06","LB-LOC-A7E22F610873","LB-LOC-A7E22F610873","","LB-GOV-MLB","LB-DIST-EC9593138E48","","Wata_el-Jawz","","","","","","","","","fuzzy-suggestion","","0","unresolved","none","","","No authoritative Arabic source with stable identity or exact hierarchy/name match"
"LB-XW-CF884FF599F5","LB-LOC-FF5AC17C52BC","LB-LOC-FF5AC17C52BC","","LB-GOV-MLB","LB-DIST-EC9593138E48","","Yahchouch","","","","","","","","","fuzzy-suggestion","","0","unresolved","none","","","No authoritative Arabic source with stable identity or exact hierarchy/name match"
"LB-XW-4DE226715DE5","LB-LOC-05284921195A","LB-LOC-05284921195A","","LB-GOV-MLB","LB-DIST-EC9593138E48","","Zouk_Mikael","","","","","","","","","fuzzy-suggestion","","0","unresolved","none","","","No authoritative Arabic source with stable identity or exact hierarchy/name match"
"LB-XW-6E95B6B2E6CC","LB-LOC-63A15AD789DE","LB-LOC-63A15AD789DE","","LB-GOV-MLB","LB-DIST-EC9593138E48","","Zouk_Mosbeh","","","","","","","","","fuzzy-suggestion","","0","unresolved","none","","","No authoritative Arabic source with stable identity or exact hierarchy/name match"
"LB-XW-4B5F6584861F","LB-LOC-E26C059A704F","LB-LOC-E26C059A704F","","LB-GOV-MLB","LB-DIST-EC9593138E48","","Zouq_el-Hbalseh","","","","","","","","","fuzzy-suggestion","","0","unresolved","none","","","No authoritative Arabic source with stable identity or exact hierarchy/name match"
"LB-XW-5036E76F13DA","LB-LOC-A010A914125B","LB-LOC-A010A914125B","","LB-GOV-MLB","LB-DIST-EC9593138E48","","Zouq_el-Kharab","","","","","","","","","fuzzy-suggestion","","0","unresolved","none","","","No authoritative Arabic source with stable identity or exact hierarchy/name match"
"LB-XW-DB2F29BC342C","LB-LOC-D88ADD607712","LB-LOC-D88ADD607712","","LB-GOV-NAB","LB-DIST-61ECD968AFA5","","Aarbsalim-BJ","","","","","","","","","fuzzy-suggestion","","0","unresolved","none","","","No authoritative Arabic source with stable identity or exact hierarchy/name match"
"LB-XW-58A88CF0D691","LB-LOC-AF50F43D1448","LB-LOC-AF50F43D1448","","LB-GOV-NAB","LB-DIST-61ECD968AFA5","","Ain_Ibl-BJ","","","","","","","","","fuzzy-suggestion","","0","unresolved","none","","","No authoritative Arabic source with stable identity or exact hierarchy/name match"
"LB-XW-2EA91AECF29E","LB-LOC-39DC85FC718C","LB-LOC-39DC85FC718C","","LB-GOV-NAB","LB-DIST-61ECD968AFA5","","Ain_et-Tineh-BJ","","","","","","","","","fuzzy-suggestion","","0","unresolved","none","","","No authoritative Arabic source with stable identity or exact hierarchy/name match"
"LB-XW-F85DDAA6D76B","LB-LOC-8BAADCCDEA30","LB-LOC-8BAADCCDEA30","","LB-GOV-NAB","LB-DIST-61ECD968AFA5","","Ainata","","","","","","","","","fuzzy-suggestion","","0","unresolved","none","","","No authoritative Arabic source with stable identity or exact hierarchy/name match"
"LB-XW-2E551535AC6E","LB-LOC-4186E63F4815","LB-LOC-4186E63F4815","","LB-GOV-NAB","LB-DIST-61ECD968AFA5","","Ainata_el-Fawqa","","","","","","","","","fuzzy-suggestion","","0","unresolved","none","","","No authoritative Arabic source with stable identity or exact hierarchy/name match"
"LB-XW-B6CCFA976BF7","LB-LOC-24414CAB914F","LB-LOC-24414CAB914F","","LB-GOV-NAB","LB-DIST-61ECD968AFA5","","Aita_ech-Chaab","","","","","","","","","fuzzy-suggestion","","0","unresolved","none","","","No authoritative Arabic source with stable identity or exact hierarchy/name match"
"LB-XW-084C910B397A","LB-LOC-C2B238296763","LB-LOC-C2B238296763","","LB-GOV-NAB","LB-DIST-61ECD968AFA5","","Aita_ech-Chaab_el-Aala","","","","","","","","","fuzzy-suggestion","","0","unresolved","none","","","No authoritative Arabic source with stable identity or exact hierarchy/name match"
"LB-XW-8FF78EAB3A87","LB-LOC-03880784ED11","LB-LOC-03880784ED11","","LB-GOV-NAB","LB-DIST-61ECD968AFA5","","Aita_ez-Zott","","","","","","","","","fuzzy-suggestion","","0","unresolved","none","","","No authoritative Arabic source with stable identity or exact hierarchy/name match"
"LB-XW-7DE013BE934A","LB-LOC-1C4E5DAA2E38","LB-LOC-1C4E5DAA2E38","","LB-GOV-NAB","LB-DIST-61ECD968AFA5","","Aitaroun","","","","","","","","","fuzzy-suggestion","","0","unresolved","none","","","No authoritative Arabic source with stable identity or exact hierarchy/name match"
"LB-XW-627ACAD295BD","LB-LOC-E9EF0299071D","LB-LOC-E9EF0299071D","","LB-GOV-NAB","LB-DIST-61ECD968AFA5","","Aitaroun_el-Aala","","","","","","","","","fuzzy-suggestion","","0","unresolved","none","","","No authoritative Arabic source with stable identity or exact hierarchy/name match"
"LB-XW-78AD32DC99D6","LB-LOC-70B7AAC962B1","LB-LOC-70B7AAC962B1","","LB-GOV-NAB","LB-DIST-61ECD968AFA5","","Aytit-BJ","","","","","","","","","fuzzy-suggestion","","0","unresolved","none","","","No authoritative Arabic source with stable identity or exact hierarchy/name match"
"LB-XW-2AE36BB2FF86","LB-LOC-86B529555864","LB-LOC-86B529555864","","LB-GOV-NAB","LB-DIST-61ECD968AFA5","","Beit_Layf-BJ","","","","","","","","","fuzzy-suggestion","","0","unresolved","none","","","No authoritative Arabic source with stable identity or exact hierarchy/name match"
"LB-XW-69EFFA81B5BF","LB-LOC-63E2745F5F3C","LB-LOC-63E2745F5F3C","","LB-GOV-NAB","LB-DIST-61ECD968AFA5","","Beit_Yahoun-BJ","","","","","","","","","fuzzy-suggestion","","0","unresolved","none","","","No authoritative Arabic source with stable identity or exact hierarchy/name match"
"LB-XW-A3A035D4F2E3","LB-LOC-A926F4EDBD26","LB-LOC-A926F4EDBD26","","LB-GOV-NAB","LB-DIST-61ECD968AFA5","","Bint_Jbeil","","","","","","","","","fuzzy-suggestion","","0","unresolved","none","","","No authoritative Arabic source with stable identity or exact hierarchy/name match"
"LB-XW-7F4C49C9ED31","LB-LOC-AB0BA18501FE","LB-LOC-AB0BA18501FE","","LB-GOV-NAB","LB-DIST-61ECD968AFA5","","Braasheet","","","","","","","","","fuzzy-suggestion","","0","unresolved","none","","","No authoritative Arabic source with stable identity or exact hierarchy/name match"
"LB-XW-4AC78FDF6A39","LB-LOC-23914381DA69","LB-LOC-23914381DA69","","LB-GOV-NAB","LB-DIST-61ECD968AFA5","","Chaqra-BJ","","","","","","","","","fuzzy-suggestion","","0","unresolved","none","","","No authoritative Arabic source with stable identity or exact hierarchy/name match"
"LB-XW-4D91062AA1FC","LB-LOC-1AAF58F9FAEB","LB-LOC-1AAF58F9FAEB","","LB-GOV-NAB","LB-DIST-61ECD968AFA5","","Debl-BJ","","","","","","","","","fuzzy-suggestion","","0","unresolved","none","","","No authoritative Arabic source with stable identity or exact hierarchy/name match"
"LB-XW-C16C2AE74DF0","LB-LOC-FD5CA9DE1F5F","LB-LOC-FD5CA9DE1F5F","","LB-GOV-NAB","LB-DIST-61ECD968AFA5","","Deir_Antar","","","","","","","","","fuzzy-suggestion","","0","unresolved","none","","","No authoritative Arabic source with stable identity or exact hierarchy/name match"
"LB-XW-8DAC0D4097B6","LB-LOC-4C13F2710FAE","LB-LOC-4C13F2710FAE","","LB-GOV-NAB","LB-DIST-61ECD968AFA5","","Deir_Qanoun_en-Nahr-BJ","","","","","","","","","fuzzy-suggestion","","0","unresolved","none","","","No authoritative Arabic source with stable identity or exact hierarchy/name match"
"LB-XW-6EEBEC9ABF97","LB-LOC-3502A4E12D54","LB-LOC-3502A4E12D54","","LB-GOV-NAB","LB-DIST-61ECD968AFA5","","El-Qouzah_el-Aala","","","","","","","","","fuzzy-suggestion","","0","unresolved","none","","","No authoritative Arabic source with stable identity or exact hierarchy/name match"
"LB-XW-0720FC03F6D9","LB-LOC-CCD10C23EFBF","LB-LOC-CCD10C23EFBF","","LB-GOV-NAB","LB-DIST-61ECD968AFA5","","El_Qouzah","","","","","","","","","fuzzy-suggestion","","0","unresolved","none","","","No authoritative Arabic source with stable identity or exact hierarchy/name match"
"LB-XW-D9F59ED53C44","LB-LOC-AEA5E2B16444","LB-LOC-AEA5E2B16444","","LB-GOV-NAB","LB-DIST-61ECD968AFA5","","Froun","","","","","","","","","fuzzy-suggestion","","0","unresolved","none","","","No authoritative Arabic source with stable identity or exact hierarchy/name match"
"LB-XW-10CED38A39CB","LB-LOC-FE1DA6C20E89","LB-LOC-FE1DA6C20E89","","LB-GOV-NAB","LB-DIST-61ECD968AFA5","","Hadatha-BJ","","","","","","","","","fuzzy-suggestion","","0","unresolved","none","","","No authoritative Arabic source with stable identity or exact hierarchy/name match"
"LB-XW-D9E4B51752F4","LB-LOC-57C840816391","LB-LOC-57C840816391","","LB-GOV-NAB","LB-DIST-61ECD968AFA5","","Hanine","","","","","","","","","fuzzy-suggestion","","0","unresolved","none","","","No authoritative Arabic source with stable identity or exact hierarchy/name match"
"LB-XW-3E20EDBA677D","LB-LOC-6875798EE27F","LB-LOC-6875798EE27F","","LB-GOV-NAB","LB-DIST-61ECD968AFA5","","Hariss-BJ","","","","","","","","","fuzzy-suggestion","","0","unresolved","none","","","No authoritative Arabic source with stable identity or exact hierarchy/name match"
"LB-XW-2F07069149EA","LB-LOC-FB15EFF0607C","LB-LOC-FB15EFF0607C","","LB-GOV-NAB","LB-DIST-61ECD968AFA5","","Houla","","","","","","","","","fuzzy-suggestion","","0","unresolved","none","","","No authoritative Arabic source with stable identity or exact hierarchy/name match"
"LB-XW-81B5317D27ED","LB-LOC-2D8467AA09B4","LB-LOC-2D8467AA09B4","","LB-GOV-NAB","LB-DIST-61ECD968AFA5","","Houla_el-Fawqa","","","","","","","","","fuzzy-suggestion","","0","unresolved","none","","","No authoritative Arabic source with stable identity or exact hierarchy/name match"
"LB-XW-33362B47B9C6","LB-LOC-7D0FDFC10A2A","LB-LOC-7D0FDFC10A2A","","LB-GOV-NAB","LB-DIST-61ECD968AFA5","","Janoubiye","","","","","","","","","fuzzy-suggestion","","0","unresolved","none","","","No authoritative Arabic source with stable identity or exact hierarchy/name match"
"LB-XW-971FD2124C25","LB-LOC-8EE0C7B4C986","LB-LOC-8EE0C7B4C986","","LB-GOV-NAB","LB-DIST-61ECD968AFA5","","Jbaa-BJ-2","","","","","","","","","fuzzy-suggestion","","0","unresolved","none","","","No authoritative Arabic source with stable identity or exact hierarchy/name match"
"LB-XW-81FAFCE44E7B","LB-LOC-FAE0C74B8280","LB-LOC-FAE0C74B8280","","LB-GOV-NAB","LB-DIST-61ECD968AFA5","","Jbal_el-Botm-BJ","","","","","","","","","fuzzy-suggestion","","0","unresolved","none","","","No authoritative Arabic source with stable identity or exact hierarchy/name match"
"LB-XW-076CC897987C","LB-LOC-91D64551E48B","LB-LOC-91D64551E48B","","LB-GOV-NAB","LB-DIST-61ECD968AFA5","","Kfar_Dounine-BJ","","","","","","","","","fuzzy-suggestion","","0","unresolved","none","","","No authoritative Arabic source with stable identity or exact hierarchy/name match"
"LB-XW-161B84810409","LB-LOC-997F314234A7","LB-LOC-997F314234A7","","LB-GOV-NAB","LB-DIST-61ECD968AFA5","","Kfar_Hammam-BJ","","","","","","","","","fuzzy-suggestion","","0","unresolved","none","","","No authoritative Arabic source with stable identity or exact hierarchy/name match"
"LB-XW-1D2047A0B2D3","LB-LOC-F3192AB042CE","LB-LOC-F3192AB042CE","","LB-GOV-NAB","LB-DIST-61ECD968AFA5","","Kfar_Kila-BJ","","","","","","","","","fuzzy-suggestion","","0","unresolved","none","","","No authoritative Arabic source with stable identity or exact hierarchy/name match"
"LB-XW-F0F00BDB877D","LB-LOC-DB7962789978","LB-LOC-DB7962789978","","LB-GOV-NAB","LB-DIST-61ECD968AFA5","","Khirbet_Selm","","","","","","","","","fuzzy-suggestion","","0","unresolved","none","","","No authoritative Arabic source with stable identity or exact hierarchy/name match"
"LB-XW-B8757F663C72","LB-LOC-D441C5C00AE9","LB-LOC-D441C5C00AE9","","LB-GOV-NAB","LB-DIST-61ECD968AFA5","","Kounine","","","","","","","","","fuzzy-suggestion","","0","unresolved","none","","","No authoritative Arabic source with stable identity or exact hierarchy/name match"
"LB-XW-83D1288089B2","LB-LOC-9FA567B87FAE","LB-LOC-9FA567B87FAE","","LB-GOV-NAB","LB-DIST-61ECD968AFA5","","Majdel_Selm-BJ","","","","","","","","","fuzzy-suggestion","","0","unresolved","none","","","No authoritative Arabic source with stable identity or exact hierarchy/name match"
"LB-XW-AB857A0B866A","LB-LOC-E6F6AE583F4F","LB-LOC-E6F6AE583F4F","","LB-GOV-NAB","LB-DIST-61ECD968AFA5","","Majdel_ej-Jnubi","","","","","","","","","fuzzy-suggestion","","0","unresolved","none","","","No authoritative Arabic source with stable identity or exact hierarchy/name match"
"LB-XW-4889B32383A0","LB-LOC-B2965213AEBC","LB-LOC-B2965213AEBC","","LB-GOV-NAB","LB-DIST-61ECD968AFA5","","Mansouri-BJ","","","","","","","","","fuzzy-suggestion","","0","unresolved","none","","","No authoritative Arabic source with stable identity or exact hierarchy/name match"
"LB-XW-AF5F0573BDB7","LB-LOC-38C353D74BBB","LB-LOC-38C353D74BBB","","LB-GOV-NAB","LB-DIST-61ECD968AFA5","","Maroun-BJ","","","","","","","","","fuzzy-suggestion","","0","unresolved","none","","","No authoritative Arabic source with stable identity or exact hierarchy/name match"
"LB-XW-7ACF554B43AE","LB-LOC-E390397CE21A","LB-LOC-E390397CE21A","","LB-GOV-NAB","LB-DIST-61ECD968AFA5","","Maroun_er-Ras","","","","","","","","","fuzzy-suggestion","","0","unresolved","none","","","No authoritative Arabic source with stable identity or exact hierarchy/name match"
"LB-XW-DBCDB081335F","LB-LOC-476B680EBF4B","LB-LOC-476B680EBF4B","","LB-GOV-NAB","LB-DIST-61ECD968AFA5","","Maroun_er-Ras_el-Aala","","","","","","","","","fuzzy-suggestion","","0","unresolved","none","","","No authoritative Arabic source with stable identity or exact hierarchy/name match"
"LB-XW-6532BE43B055","LB-LOC-04D35764D624","LB-LOC-04D35764D624","","LB-GOV-NAB","LB-DIST-61ECD968AFA5","","Qabrikha-BJ","","","","","","","","","fuzzy-suggestion","","0","unresolved","none","","","No authoritative Arabic source with stable identity or exact hierarchy/name match"
"LB-XW-77A1862CC3B6","LB-LOC-C1A485C9E01B","LB-LOC-C1A485C9E01B","","LB-GOV-NAB","LB-DIST-61ECD968AFA5","","Qantra-BJ","","","","","","","","","fuzzy-suggestion","","0","unresolved","none","","","No authoritative Arabic source with stable identity or exact hierarchy/name match"
"LB-XW-BD17E5A44433","LB-LOC-280E2B6D7B20","LB-LOC-280E2B6D7B20","","LB-GOV-NAB","LB-DIST-61ECD968AFA5","","Rab_Tlatine-BJ","","","","","","","","","fuzzy-suggestion","","0","unresolved","none","","","No authoritative Arabic source with stable identity or exact hierarchy/name match"
"LB-XW-2736513737FA","LB-LOC-EBEF025A9A99","LB-LOC-EBEF025A9A99","","LB-GOV-NAB","LB-DIST-61ECD968AFA5","","Rmeish","","","","","","","","","fuzzy-suggestion","","0","unresolved","none","","","No authoritative Arabic source with stable identity or exact hierarchy/name match"
"LB-XW-59780C346F3A","LB-LOC-49581BD60F2D","LB-LOC-49581BD60F2D","","LB-GOV-NAB","LB-DIST-61ECD968AFA5","","Rmeish_el-Aala","","","","","","","","","fuzzy-suggestion","","0","unresolved","none","","","No authoritative Arabic source with stable identity or exact hierarchy/name match"
"LB-XW-02BFD04F0549","LB-LOC-48F1ED9F9A1F","LB-LOC-48F1ED9F9A1F","","LB-GOV-NAB","LB-DIST-61ECD968AFA5","","Safad_el-Battikh","","","","","","","","","fuzzy-suggestion","","0","unresolved","none","","","No authoritative Arabic source with stable identity or exact hierarchy/name match"
"LB-XW-30A70BDB1777","LB-LOC-E4F63E055EF8","LB-LOC-E4F63E055EF8","","LB-GOV-NAB","LB-DIST-61ECD968AFA5","","Saileh","","","","","","","","","fuzzy-suggestion","","0","unresolved","none","","","No authoritative Arabic source with stable identity or exact hierarchy/name match"
"LB-XW-086F7BE3DAC1","LB-LOC-7E46204DEEA9","LB-LOC-7E46204DEEA9","","LB-GOV-NAB","LB-DIST-61ECD968AFA5","","Sarba_ej-Janoubiye","","","","","","","","","fuzzy-suggestion","","0","unresolved","none","","","No authoritative Arabic source with stable identity or exact hierarchy/name match"
"LB-XW-868608E41653","LB-LOC-7010C8BF744E","LB-LOC-7010C8BF744E","","LB-GOV-NAB","LB-DIST-61ECD968AFA5","","Shamaa-BJ","","","","","","","","","fuzzy-suggestion","","0","unresolved","none","","","No authoritative Arabic source with stable identity or exact hierarchy/name match"
"LB-XW-127FC308805F","LB-LOC-448881054ECE","LB-LOC-448881054ECE","","LB-GOV-NAB","LB-DIST-61ECD968AFA5","","Souayri-BJ","","","","","","","","","fuzzy-suggestion","","0","unresolved","none","","","No authoritative Arabic source with stable identity or exact hierarchy/name match"
"LB-XW-C3043B4B6363","LB-LOC-D19E60871E0B","LB-LOC-D19E60871E0B","","LB-GOV-NAB","LB-DIST-61ECD968AFA5","","Sultaniye","","","","","","","","","fuzzy-suggestion","","0","unresolved","none","","","No authoritative Arabic source with stable identity or exact hierarchy/name match"
"LB-XW-E1AE5173E3C4","LB-LOC-BEF77FEA00C9","LB-LOC-BEF77FEA00C9","","LB-GOV-NAB","LB-DIST-61ECD968AFA5","","Tair_Filsi","","","","","","","","","fuzzy-suggestion","","0","unresolved","none","","","No authoritative Arabic source with stable identity or exact hierarchy/name match"
"LB-XW-53281101CEAA","LB-LOC-0BFE50CEA78B","LB-LOC-0BFE50CEA78B","","LB-GOV-NAB","LB-DIST-61ECD968AFA5","","Tair_Harfa-BJ","","","","","","","","","fuzzy-suggestion","","0","unresolved","none","","","No authoritative Arabic source with stable identity or exact hierarchy/name match"
"LB-XW-74E355A34EBF","LB-LOC-41A25554A813","LB-LOC-41A25554A813","","LB-GOV-NAB","LB-DIST-61ECD968AFA5","","Teiri-BJ","","","","","","","","","fuzzy-suggestion","","0","unresolved","none","","","No authoritative Arabic source with stable identity or exact hierarchy/name match"
"LB-XW-F45E79BC010E","LB-LOC-7CCD0E1DA262","LB-LOC-7CCD0E1DA262","","LB-GOV-NAB","LB-DIST-61ECD968AFA5","","Tibnine","","","","","","","","","fuzzy-suggestion","","0","unresolved","none","","","No authoritative Arabic source with stable identity or exact hierarchy/name match"
"LB-XW-3838B2DCACEB","LB-LOC-D8D7033EC5E2","LB-LOC-D8D7033EC5E2","","LB-GOV-NAB","LB-DIST-61ECD968AFA5","","Toura","","","","","","","","","fuzzy-suggestion","","0","unresolved","none","","","No authoritative Arabic source with stable identity or exact hierarchy/name match"
"LB-XW-0B19143C71AD","LB-LOC-13E8DB6E1DFF","LB-LOC-13E8DB6E1DFF","","LB-GOV-NAB","LB-DIST-61ECD968AFA5","","Yahmar_ech-Chqif-BJ","","","","","","","","","fuzzy-suggestion","","0","unresolved","none","","","No authoritative Arabic source with stable identity or exact hierarchy/name match"
"LB-XW-B38D4E83407F","LB-LOC-647B0648F996","LB-LOC-647B0648F996","","LB-GOV-NAB","LB-DIST-61ECD968AFA5","","Yarine","","","","","","","","","fuzzy-suggestion","","0","unresolved","none","","","No authoritative Arabic source with stable identity or exact hierarchy/name match"
"LB-XW-0252598C5456","LB-LOC-B0902F42A837","LB-LOC-B0902F42A837","","LB-GOV-NAB","LB-DIST-61ECD968AFA5","","Yaroun","","","","","","","","","fuzzy-suggestion","","0","unresolved","none","","","No authoritative Arabic source with stable identity or exact hierarchy/name match"
"LB-XW-67D328BD932A","LB-LOC-A0C06DA5C261","LB-LOC-A0C06DA5C261","","LB-GOV-NAB","LB-DIST-61ECD968AFA5","","Yaroun_el-Aala","","","","","","","","","fuzzy-suggestion","","0","unresolved","none","","","No authoritative Arabic source with stable identity or exact hierarchy/name match"
"LB-XW-DE79338BA32E","LB-LOC-50C1881D07BF","LB-LOC-50C1881D07BF","","LB-GOV-NAB","LB-DIST-179AC84C65BF","","Ain_Aata-HB","","","","","","","","","fuzzy-suggestion","","0","unresolved","none","","","No authoritative Arabic source with stable identity or exact hierarchy/name match"
"LB-XW-F5311575150A","LB-LOC-9215FBC87B6A","LB-LOC-9215FBC87B6A","","LB-GOV-NAB","LB-DIST-179AC84C65BF","","Ain_Jarfa","","","","","","","","","fuzzy-suggestion","","0","unresolved","none","","","No authoritative Arabic source with stable identity or exact hierarchy/name match"
"LB-XW-C74F3E9DA567","LB-LOC-ED1EB96ED12D","LB-LOC-ED1EB96ED12D","","LB-GOV-NAB","LB-DIST-179AC84C65BF","","Ain_Qanya-HB","","","","","","","","","fuzzy-suggestion","","0","unresolved","none","","","No authoritative Arabic source with stable identity or exact hierarchy/name match"
"LB-XW-43FB512B85B5","LB-LOC-1A142E890305","LB-LOC-1A142E890305","","LB-GOV-NAB","LB-DIST-179AC84C65BF","","Chebaa","","","","","","","","","fuzzy-suggestion","","0","unresolved","none","","","No authoritative Arabic source with stable identity or exact hierarchy/name match"
"LB-XW-54ABABC49BF7","LB-LOC-26BC5298927D","LB-LOC-26BC5298927D","","LB-GOV-NAB","LB-DIST-179AC84C65BF","","Chebaa_el-Aala","","","","","","","","","fuzzy-suggestion","","0","unresolved","none","","","No authoritative Arabic source with stable identity or exact hierarchy/name match"
"LB-XW-E7F9B9D7EECC","LB-LOC-86706A4DEEBC","LB-LOC-86706A4DEEBC","","LB-GOV-NAB","LB-DIST-179AC84C65BF","","Chebaa_el-Aqariyeh","","","","","","","","","fuzzy-suggestion","","0","unresolved","none","","","No authoritative Arabic source with stable identity or exact hierarchy/name match"
"LB-XW-32E7C715F455","LB-LOC-F88899A79119","LB-LOC-F88899A79119","","LB-GOV-NAB","LB-DIST-179AC84C65BF","","Deir_Mimas","","","","","","","","","fuzzy-suggestion","","0","unresolved","none","","","No authoritative Arabic source with stable identity or exact hierarchy/name match"
"LB-XW-E5B868136E27","LB-LOC-16C57984662F","LB-LOC-16C57984662F","","LB-GOV-NAB","LB-DIST-179AC84C65BF","","Faowar_Anjar","","","","","","","","","fuzzy-suggestion","","0","unresolved","none","","","No authoritative Arabic source with stable identity or exact hierarchy/name match"
"LB-XW-51A401DBBDF0","LB-LOC-38F8136CC291","LB-LOC-38F8136CC291","","LB-GOV-NAB","LB-DIST-179AC84C65BF","","Fardis","","","","","","","","","fuzzy-suggestion","","0","unresolved","none","","","No authoritative Arabic source with stable identity or exact hierarchy/name match"
"LB-XW-55A789DF5D1E","LB-LOC-1529AE2B53A9","LB-LOC-1529AE2B53A9","","LB-GOV-NAB","LB-DIST-179AC84C65BF","","Fardis_el-Aala","","","","","","","","","fuzzy-suggestion","","0","unresolved","none","","","No authoritative Arabic source with stable identity or exact hierarchy/name match"
"LB-XW-221E21D3EAFA","LB-LOC-4DC23144E4BE","LB-LOC-4DC23144E4BE","","LB-GOV-NAB","LB-DIST-179AC84C65BF","","Fardis_el-Hasbaniye","","","","","","","","","fuzzy-suggestion","","0","unresolved","none","","","No authoritative Arabic source with stable identity or exact hierarchy/name match"
"LB-XW-5641FD0C5CEF","LB-LOC-D8C51AC4C2FC","LB-LOC-D8C51AC4C2FC","","LB-GOV-NAB","LB-DIST-179AC84C65BF","","Halweh-HB","","","","","","","","","fuzzy-suggestion","","0","unresolved","none","","","No authoritative Arabic source with stable identity or exact hierarchy/name match"
"LB-XW-4A37692D8541","LB-LOC-94A8EC7DBF55","LB-LOC-94A8EC7DBF55","","LB-GOV-NAB","LB-DIST-179AC84C65BF","","Hasbaya","","","","","","","","","fuzzy-suggestion","","0","unresolved","none","","","No authoritative Arabic source with stable identity or exact hierarchy/name match"
"LB-XW-735C34F4B523","LB-LOC-6A35C69F597A","LB-LOC-6A35C69F597A","","LB-GOV-NAB","LB-DIST-179AC84C65BF","","Hasbaya_el-Balad","","","","","","","","","fuzzy-suggestion","","0","unresolved","none","","","No authoritative Arabic source with stable identity or exact hierarchy/name match"
"LB-XW-1D2B822DD853","LB-LOC-45DF3FCD396F","LB-LOC-45DF3FCD396F","","LB-GOV-NAB","LB-DIST-179AC84C65BF","","Hbbariye-HB","","","","","","","","","fuzzy-suggestion","","0","unresolved","none","","","No authoritative Arabic source with stable identity or exact hierarchy/name match"
"LB-XW-C0E116B03F27","LB-LOC-4B65D2AC94A4","LB-LOC-4B65D2AC94A4","","LB-GOV-NAB","LB-DIST-179AC84C65BF","","Ibl_el-Qamh","","","","","","","","","fuzzy-suggestion","","0","unresolved","none","","","No authoritative Arabic source with stable identity or exact hierarchy/name match"
"LB-XW-0AA2E6B29DF2","LB-LOC-7FAA7C2C0A12","LB-LOC-7FAA7C2C0A12","","LB-GOV-NAB","LB-DIST-179AC84C65BF","","Jabal_ech-Cheikh","","","","","","","","","fuzzy-suggestion","","0","unresolved","none","","","No authoritative Arabic source with stable identity or exact hierarchy/name match"
"LB-XW-AF70CFF35813","LB-LOC-D0C433219833","LB-LOC-D0C433219833","","LB-GOV-NAB","LB-DIST-179AC84C65BF","","Kawkaba","","","","","","","","","fuzzy-suggestion","","0","unresolved","none","","","No authoritative Arabic source with stable identity or exact hierarchy/name match"
"LB-XW-CF7C16045835","LB-LOC-34C9C62492CA","LB-LOC-34C9C62492CA","","LB-GOV-NAB","LB-DIST-179AC84C65BF","","Kawkaba_el-Fawqa","","","","","","","","","fuzzy-suggestion","","0","unresolved","none","","","No authoritative Arabic source with stable identity or exact hierarchy/name match"
"LB-XW-9BE8294487D9","LB-LOC-E04AE65942E9","LB-LOC-E04AE65942E9","","LB-GOV-NAB","LB-DIST-179AC84C65BF","","Kawkaba_et-Tahta","","","","","","","","","fuzzy-suggestion","","0","unresolved","none","","","No authoritative Arabic source with stable identity or exact hierarchy/name match"
"LB-XW-0FCC8E123089","LB-LOC-BFFC1078A305","LB-LOC-BFFC1078A305","","LB-GOV-NAB","LB-DIST-179AC84C65BF","","Kfar_Chouba","","","","","","","","","fuzzy-suggestion","","0","unresolved","none","","","No authoritative Arabic source with stable identity or exact hierarchy/name match"
"LB-XW-4AF2E8D2C54E","LB-LOC-A59A9188A76F","LB-LOC-A59A9188A76F","","LB-GOV-NAB","LB-DIST-179AC84C65BF","","Kfar_Chouba_el-Aala","","","","","","","","","fuzzy-suggestion","","0","unresolved","none","","","No authoritative Arabic source with stable identity or exact hierarchy/name match"
"LB-XW-8B892081AA7B","LB-LOC-E092ABD1A775","LB-LOC-E092ABD1A775","","LB-GOV-NAB","LB-DIST-179AC84C65BF","","Kfir-HB","","","","","","","","","fuzzy-suggestion","","0","unresolved","none","","","No authoritative Arabic source with stable identity or exact hierarchy/name match"
"LB-XW-620CC0F63C76","LB-LOC-814D125FCB8C","LB-LOC-814D125FCB8C","","LB-GOV-NAB","LB-DIST-179AC84C65BF","","Khalwat","","","","","","","","","fuzzy-suggestion","","0","unresolved","none","","","No authoritative Arabic source with stable identity or exact hierarchy/name match"
"LB-XW-68C7330327CB","LB-LOC-56D46C4AA726","LB-LOC-56D46C4AA726","","LB-GOV-NAB","LB-DIST-179AC84C65BF","","Khalwat_el-Aala","","","","","","","","","fuzzy-suggestion","","0","unresolved","none","","","No authoritative Arabic source with stable identity or exact hierarchy/name match"
"LB-XW-D739C4F7C5E9","LB-LOC-453965BF9B29","LB-LOC-453965BF9B29","","LB-GOV-NAB","LB-DIST-179AC84C65BF","","Khalweh-HB","","","","","","","","","fuzzy-suggestion","","0","unresolved","none","","","No authoritative Arabic source with stable identity or exact hierarchy/name match"
"LB-XW-DC855CD1F834","LB-LOC-04959CC5993C","LB-LOC-04959CC5993C","","LB-GOV-NAB","LB-DIST-179AC84C65BF","","Manarah-HB","","","","","","","","","fuzzy-suggestion","","0","unresolved","none","","","No authoritative Arabic source with stable identity or exact hierarchy/name match"
"LB-XW-B6332445AC59","LB-LOC-9C31937B081E","LB-LOC-9C31937B081E","","LB-GOV-NAB","LB-DIST-179AC84C65BF","","Mansoura-HB","","","","","","","","","fuzzy-suggestion","","0","unresolved","none","","","No authoritative Arabic source with stable identity or exact hierarchy/name match"
"LB-XW-633F56420BB2","LB-LOC-0B22AE999BCC","LB-LOC-0B22AE999BCC","","LB-GOV-NAB","LB-DIST-179AC84C65BF","","Marj_el-Khokh","","","","","","","","","fuzzy-suggestion","","0","unresolved","none","","","No authoritative Arabic source with stable identity or exact hierarchy/name match"
"LB-XW-AD2DE458C717","LB-LOC-C99F6AA7AD1C","LB-LOC-C99F6AA7AD1C","","LB-GOV-NAB","LB-DIST-179AC84C65BF","","Maymis-HB","","","","","","","","","fuzzy-suggestion","","0","unresolved","none","","","No authoritative Arabic source with stable identity or exact hierarchy/name match"
"LB-XW-6A226F89F385","LB-LOC-9C6C6A2658FD","LB-LOC-9C6C6A2658FD","","LB-GOV-NAB","LB-DIST-179AC84C65BF","","Rachaya_el-Foukhar","","","","","","","","","fuzzy-suggestion","","0","unresolved","none","","","No authoritative Arabic source with stable identity or exact hierarchy/name match"
"LB-XW-9CBA1BE7D61C","LB-LOC-9F8C7AC41F74","LB-LOC-9F8C7AC41F74","","LB-GOV-NAB","LB-DIST-179AC84C65BF","","Rachaya_el-Foukhar_el-Aala","","","","","","","","","fuzzy-suggestion","","0","unresolved","none","","","No authoritative Arabic source with stable identity or exact hierarchy/name match"
"LB-XW-8E0B004D9753","LB-LOC-7D58DBAD2D57","LB-LOC-7D58DBAD2D57","","LB-GOV-NAB","LB-DIST-51EAD60DE824","","Adayseh","","","","","","","","","fuzzy-suggestion","","0","unresolved","none","","","No authoritative Arabic source with stable identity or exact hierarchy/name match"
"LB-XW-E6ADE0E8B98E","LB-LOC-E130DD098E37","LB-LOC-E130DD098E37","","LB-GOV-NAB","LB-DIST-51EAD60DE824","","Adeisseh","","","","","","","","","fuzzy-suggestion","","0","unresolved","none","","","No authoritative Arabic source with stable identity or exact hierarchy/name match"
"LB-XW-FE02CED95DA6","LB-LOC-55B7ABFCA2F1","LB-LOC-55B7ABFCA2F1","","LB-GOV-NAB","LB-DIST-51EAD60DE824","","Adeisseh_el-Aala","","","","","","","","","fuzzy-suggestion","","0","unresolved","none","","","No authoritative Arabic source with stable identity or exact hierarchy/name match"
"LB-XW-3C19116D3C59","LB-LOC-2A5D621FFDA2","LB-LOC-2A5D621FFDA2","","LB-GOV-NAB","LB-DIST-51EAD60DE824","","Ain_Ibl-MJ","","","","","","","","","fuzzy-suggestion","","0","unresolved","none","","","No authoritative Arabic source with stable identity or exact hierarchy/name match"
"LB-XW-B9459EC838F6","LB-LOC-0430F39B234E","LB-LOC-0430F39B234E","","LB-GOV-NAB","LB-DIST-51EAD60DE824","","Almane-MJ","","","","","","","","","fuzzy-suggestion","","0","unresolved","none","","","No authoritative Arabic source with stable identity or exact hierarchy/name match"
"LB-XW-6AC2A07CB670","LB-LOC-510F5A782470","LB-LOC-510F5A782470","","LB-GOV-NAB","LB-DIST-51EAD60DE824","","Arnoun_el-Aala","","","","","","","","","fuzzy-suggestion","","0","unresolved","none","","","No authoritative Arabic source with stable identity or exact hierarchy/name match"
"LB-XW-BA7DD06E91D4","LB-LOC-06D314930336","LB-LOC-06D314930336","","LB-GOV-NAB","LB-DIST-51EAD60DE824","","Balda-MJ","","","","","","","","","fuzzy-suggestion","","0","unresolved","none","","","No authoritative Arabic source with stable identity or exact hierarchy/name match"
"LB-XW-56AB6676AC45","LB-LOC-EB389E199910","LB-LOC-EB389E199910","","LB-GOV-NAB","LB-DIST-51EAD60DE824","","Barghaz","","","","","","","","","fuzzy-suggestion","","0","unresolved","none","","","No authoritative Arabic source with stable identity or exact hierarchy/name match"
"LB-XW-8CAAED9FE766","LB-LOC-80075061D2BA","LB-LOC-80075061D2BA","","LB-GOV-NAB","LB-DIST-51EAD60DE824","","Beit_Yahoun-MJ","","","","","","","","","fuzzy-suggestion","","0","unresolved","none","","","No authoritative Arabic source with stable identity or exact hierarchy/name match"
"LB-XW-1EAFFCB9DABC","LB-LOC-D8BA24B16148","LB-LOC-D8BA24B16148","","LB-GOV-NAB","LB-DIST-51EAD60DE824","","Blat-MJ","","","","","","","","","fuzzy-suggestion","","0","unresolved","none","","","No authoritative Arabic source with stable identity or exact hierarchy/name match"
"LB-XW-381AE5591289","LB-LOC-0B8472A215BF","LB-LOC-0B8472A215BF","","LB-GOV-NAB","LB-DIST-51EAD60DE824","","Burj_el-Moulouk-MJ","","","","","","","","","fuzzy-suggestion","","0","unresolved","none","","","No authoritative Arabic source with stable identity or exact hierarchy/name match"
"LB-XW-803BBF4C3C6D","LB-LOC-C55AFF11BFC2","LB-LOC-C55AFF11BFC2","","LB-GOV-NAB","LB-DIST-51EAD60DE824","","Chaqra-MJ","","","","","","","","","fuzzy-suggestion","","0","unresolved","none","","","No authoritative Arabic source with stable identity or exact hierarchy/name match"
"LB-XW-5BDAE401E115","LB-LOC-C889CAA9DD93","LB-LOC-C889CAA9DD93","","LB-GOV-NAB","LB-DIST-51EAD60DE824","","Deir_Siriane","","","","","","","","","fuzzy-suggestion","","0","unresolved","none","","","No authoritative Arabic source with stable identity or exact hierarchy/name match"
"LB-XW-276E75E0FC63","LB-LOC-84485379AFEB","LB-LOC-84485379AFEB","","LB-GOV-NAB","LB-DIST-51EAD60DE824","","Dibin","","","","","","","","","fuzzy-suggestion","","0","unresolved","none","","","No authoritative Arabic source with stable identity or exact hierarchy/name match"
"LB-XW-6B15315E1E0C","LB-LOC-F6D90115C8F3","LB-LOC-F6D90115C8F3","","LB-GOV-NAB","LB-DIST-51EAD60DE824","","Dibin_el-Aala","","","","","","","","","fuzzy-suggestion","","0","unresolved","none","","","No authoritative Arabic source with stable identity or exact hierarchy/name match"
"LB-XW-A03C905A129D","LB-LOC-10DD7F6DF153","LB-LOC-10DD7F6DF153","","LB-GOV-NAB","LB-DIST-51EAD60DE824","","Hadatha-MJ","","","","","","","","","fuzzy-suggestion","","0","unresolved","none","","","No authoritative Arabic source with stable identity or exact hierarchy/name match"
"LB-XW-2A3DB113DFD0","LB-LOC-5034A9CC9347","LB-LOC-5034A9CC9347","","LB-GOV-NAB","LB-DIST-51EAD60DE824","","Hariss","","","","","","","","","fuzzy-suggestion","","0","unresolved","none","","","No authoritative Arabic source with stable identity or exact hierarchy/name match"
"LB-XW-F93A1B0FB193","LB-LOC-A00057B394A8","LB-LOC-A00057B394A8","","LB-GOV-NAB","LB-DIST-51EAD60DE824","","Hasbaya_el-Aala-MJ","","","","","","","","","fuzzy-suggestion","","0","unresolved","none","","","No authoritative Arabic source with stable identity or exact hierarchy/name match"
"LB-XW-C04B01A7D540","LB-LOC-B04BBE0EAA7B","LB-LOC-B04BBE0EAA7B","","LB-GOV-NAB","LB-DIST-51EAD60DE824","","Hloussiye","","","","","","","","","fuzzy-suggestion","","0","unresolved","none","","","No authoritative Arabic source with stable identity or exact hierarchy/name match"
"LB-XW-AB55C9EE8794","LB-LOC-8C28B3AF192E","LB-LOC-8C28B3AF192E","","LB-GOV-NAB","LB-DIST-51EAD60DE824","","Houla-MJ","","","","","","","","","fuzzy-suggestion","","0","unresolved","none","","","No authoritative Arabic source with stable identity or exact hierarchy/name match"
"LB-XW-EAF1AD987384","LB-LOC-914C2060BDBB","LB-LOC-914C2060BDBB","","LB-GOV-NAB","LB-DIST-51EAD60DE824","","Hounin","","","","","","","","","fuzzy-suggestion","","0","unresolved","none","","","No authoritative Arabic source with stable identity or exact hierarchy/name match"
"LB-XW-FD1C1CAF4D0A","LB-LOC-23A3366AE1DB","LB-LOC-23A3366AE1DB","","LB-GOV-NAB","LB-DIST-51EAD60DE824","","Ibl_es-Saqi","","","","","","","","","fuzzy-suggestion","","0","unresolved","none","","","No authoritative Arabic source with stable identity or exact hierarchy/name match"
"LB-XW-D2112D21AE01","LB-LOC-86378A287067","LB-LOC-86378A287067","","LB-GOV-NAB","LB-DIST-51EAD60DE824","","Ibl_es-Saqi_el-Fawqa","","","","","","","","","fuzzy-suggestion","","0","unresolved","none","","","No authoritative Arabic source with stable identity or exact hierarchy/name match"
"LB-XW-EA4E361539AF","LB-LOC-8CE4A3FE2426","LB-LOC-8CE4A3FE2426","","LB-GOV-NAB","LB-DIST-51EAD60DE824","","Kfar_Dounine-MJ","","","","","","","","","fuzzy-suggestion","","0","unresolved","none","","","No authoritative Arabic source with stable identity or exact hierarchy/name match"
"LB-XW-9B47324B9A28","LB-LOC-98ABFD44D53A","LB-LOC-98ABFD44D53A","","LB-GOV-NAB","LB-DIST-51EAD60DE824","","Kfar_Hammam","","","","","","","","","fuzzy-suggestion","","0","unresolved","none","","","No authoritative Arabic source with stable identity or exact hierarchy/name match"
"LB-XW-AC8EAE3FEBC3","LB-LOC-011F474B22C7","LB-LOC-011F474B22C7","","LB-GOV-NAB","LB-DIST-51EAD60DE824","","Kfar_Kila","","","","","","","","","fuzzy-suggestion","","0","unresolved","none","","","No authoritative Arabic source with stable identity or exact hierarchy/name match"
"LB-XW-D703A1BF27B9","LB-LOC-BF32E36D69B0","LB-LOC-BF32E36D69B0","","LB-GOV-NAB","LB-DIST-51EAD60DE824","","Kfar_Kila_el-Aala","","","","","","","","","fuzzy-suggestion","","0","unresolved","none","","","No authoritative Arabic source with stable identity or exact hierarchy/name match"
"LB-XW-40604E84CA05","LB-LOC-FC4FDC8F4318","LB-LOC-FC4FDC8F4318","","LB-GOV-NAB","LB-DIST-51EAD60DE824","","Kfar_Tibnit-MJ","","","","","","","","","fuzzy-suggestion","","0","unresolved","none","","","No authoritative Arabic source with stable identity or exact hierarchy/name match"
"LB-XW-591ABE027AEA","LB-LOC-4193285F1F32","LB-LOC-4193285F1F32","","LB-GOV-NAB","LB-DIST-51EAD60DE824","","Khiam","","","","","","","","","fuzzy-suggestion","","0","unresolved","none","","","No authoritative Arabic source with stable identity or exact hierarchy/name match"
"LB-XW-7AD9878C0B6B","LB-LOC-6B11E97A7087","LB-LOC-6B11E97A7087","","LB-GOV-NAB","LB-DIST-51EAD60DE824","","Khiam_el-Aala","","","","","","","","","fuzzy-suggestion","","0","unresolved","none","","","No authoritative Arabic source with stable identity or exact hierarchy/name match"
"LB-XW-657E8C50DA77","LB-LOC-D9344EF90D51","LB-LOC-D9344EF90D51","","LB-GOV-NAB","LB-DIST-51EAD60DE824","","Majdel_Selm-MJ","","","","","","","","","fuzzy-suggestion","","0","unresolved","none","","","No authoritative Arabic source with stable identity or exact hierarchy/name match"
"LB-XW-5CBF2777E6FA","LB-LOC-C13FABB63BEB","LB-LOC-C13FABB63BEB","","LB-GOV-NAB","LB-DIST-51EAD60DE824","","Mansoura-MJ","","","","","","","","","fuzzy-suggestion","","0","unresolved","none","","","No authoritative Arabic source with stable identity or exact hierarchy/name match"
"LB-XW-A3B68E34BDBE","LB-LOC-62EF34CC992B","LB-LOC-62EF34CC992B","","LB-GOV-NAB","LB-DIST-51EAD60DE824","","Marjayoun","","","","","","","","","fuzzy-suggestion","","0","unresolved","none","","","No authoritative Arabic source with stable identity or exact hierarchy/name match"
"LB-XW-25E947A1A3D0","LB-LOC-2B18DF95DCE6","LB-LOC-2B18DF95DCE6","","LB-GOV-NAB","LB-DIST-51EAD60DE824","","Marjayoun_el-Balad","","","","","","","","","fuzzy-suggestion","","0","unresolved","none","","","No authoritative Arabic source with stable identity or exact hierarchy/name match"
"LB-XW-74D27EAD30D8","LB-LOC-E62E8D1550CD","LB-LOC-E62E8D1550CD","","LB-GOV-NAB","LB-DIST-51EAD60DE824","","Markaba","","","","","","","","","fuzzy-suggestion","","0","unresolved","none","","","No authoritative Arabic source with stable identity or exact hierarchy/name match"
"LB-XW-30EFDB3DF3AD","LB-LOC-DEC569746AFB","LB-LOC-DEC569746AFB","","LB-GOV-NAB","LB-DIST-51EAD60DE824","","Mays_el-Jabal","","","","","","","","","fuzzy-suggestion","","0","unresolved","none","","","No authoritative Arabic source with stable identity or exact hierarchy/name match"
"LB-XW-A46628223635","LB-LOC-DE90EC119721","LB-LOC-DE90EC119721","","LB-GOV-NAB","LB-DIST-51EAD60DE824","","Mazraat_Machref","","","","","","","","","fuzzy-suggestion","","0","unresolved","none","","","No authoritative Arabic source with stable identity or exact hierarchy/name match"
"LB-XW-9A43C88200E2","LB-LOC-3B005B852CCD","LB-LOC-3B005B852CCD","","LB-GOV-NAB","LB-DIST-51EAD60DE824","","Qabrikha","","","","","","","","","fuzzy-suggestion","","0","unresolved","none","","","No authoritative Arabic source with stable identity or exact hierarchy/name match"
"LB-XW-6BB1165DF88E","LB-LOC-7884C95CA352","LB-LOC-7884C95CA352","","LB-GOV-NAB","LB-DIST-51EAD60DE824","","Qantra","","","","","","","","","fuzzy-suggestion","","0","unresolved","none","","","No authoritative Arabic source with stable identity or exact hierarchy/name match"
"LB-XW-6D6D7E617F19","LB-LOC-F5EBB4C038D8","LB-LOC-F5EBB4C038D8","","LB-GOV-NAB","LB-DIST-51EAD60DE824","","Qlaiaa","","","","","","","","","fuzzy-suggestion","","0","unresolved","none","","","No authoritative Arabic source with stable identity or exact hierarchy/name match"
"LB-XW-46F5A827D20C","LB-LOC-2140F955ED67","LB-LOC-2140F955ED67","","LB-GOV-NAB","LB-DIST-51EAD60DE824","","Qlaiaa_el-Aala","","","","","","","","","fuzzy-suggestion","","0","unresolved","none","","","No authoritative Arabic source with stable identity or exact hierarchy/name match"
"LB-XW-AF7BA91436F0","LB-LOC-6CFE34ACB938","LB-LOC-6CFE34ACB938","","LB-GOV-NAB","LB-DIST-51EAD60DE824","","Qlayaa_et-Tahta","","","","","","","","","fuzzy-suggestion","","0","unresolved","none","","","No authoritative Arabic source with stable identity or exact hierarchy/name match"
"LB-XW-8C77655865B9","LB-LOC-23940FF984B0","LB-LOC-23940FF984B0","","LB-GOV-NAB","LB-DIST-51EAD60DE824","","Qolaya","","","","","","","","","fuzzy-suggestion","","0","unresolved","none","","","No authoritative Arabic source with stable identity or exact hierarchy/name match"
"LB-XW-CDE581F67935","LB-LOC-83996722F297","LB-LOC-83996722F297","","LB-GOV-NAB","LB-DIST-51EAD60DE824","","Qouzah_el-Fawqa","","","","","","","","","fuzzy-suggestion","","0","unresolved","none","","","No authoritative Arabic source with stable identity or exact hierarchy/name match"
"LB-XW-9861C7B065EB","LB-LOC-9E485A6E5852","LB-LOC-9E485A6E5852","","LB-GOV-NAB","LB-DIST-51EAD60DE824","","Rab_Tlatine-MJ","","","","","","","","","fuzzy-suggestion","","0","unresolved","none","","","No authoritative Arabic source with stable identity or exact hierarchy/name match"
"LB-XW-BCDF6FEBCEFB","LB-LOC-277F3D9DC9B1","LB-LOC-277F3D9DC9B1","","LB-GOV-NAB","LB-DIST-51EAD60DE824","","Rmeish-MJ","","","","","","","","","fuzzy-suggestion","","0","unresolved","none","","","No authoritative Arabic source with stable identity or exact hierarchy/name match"
"LB-XW-B10F4AC81948","LB-LOC-451B42B298A4","LB-LOC-451B42B298A4","","LB-GOV-NAB","LB-DIST-51EAD60DE824","","Sawaneh-MJ","","","","","","","","","fuzzy-suggestion","","0","unresolved","none","","","No authoritative Arabic source with stable identity or exact hierarchy/name match"
"LB-XW-B3529A4561F6","LB-LOC-76EF995A0C3A","LB-LOC-76EF995A0C3A","","LB-GOV-NAB","LB-DIST-51EAD60DE824","","Tallousseh","","","","","","","","","fuzzy-suggestion","","0","unresolved","none","","","No authoritative Arabic source with stable identity or exact hierarchy/name match"
"LB-XW-33F68CB43A59","LB-LOC-4BC426B24644","LB-LOC-4BC426B24644","","LB-GOV-NAB","LB-DIST-51EAD60DE824","","Taybeh","","","","","","","","","fuzzy-suggestion","","0","unresolved","none","","","No authoritative Arabic source with stable identity or exact hierarchy/name match"
"LB-XW-CD122DB38967","LB-LOC-B23B32D637FF","LB-LOC-B23B32D637FF","","LB-GOV-NAB","LB-DIST-51EAD60DE824","","Taybeh_el-Fawqa","","","","","","","","","fuzzy-suggestion","","0","unresolved","none","","","No authoritative Arabic source with stable identity or exact hierarchy/name match"
"LB-XW-908BA6B387D0","LB-LOC-492ACC4DCF72","LB-LOC-492ACC4DCF72","","LB-GOV-NAB","LB-DIST-51EAD60DE824","","Teiri-MJ","","","","","","","","","fuzzy-suggestion","","0","unresolved","none","","","No authoritative Arabic source with stable identity or exact hierarchy/name match"
"LB-XW-4485F7691652","LB-LOC-B591FB07F6E3","LB-LOC-B591FB07F6E3","","LB-GOV-NAB","LB-DIST-51EAD60DE824","","Yaroun-MJ","","","","","","","","","fuzzy-suggestion","","0","unresolved","none","","","No authoritative Arabic source with stable identity or exact hierarchy/name match"
"LB-XW-B38F42237611","LB-LOC-D1B12A536577","LB-LOC-D1B12A536577","","LB-GOV-NAB","LB-DIST-000629FF773D","","Aarbsalim-NB","","","","","","","","","fuzzy-suggestion","","0","unresolved","none","","","No authoritative Arabic source with stable identity or exact hierarchy/name match"
"LB-XW-144C80389F30","LB-LOC-C74B8832A125","LB-LOC-C74B8832A125","","LB-GOV-NAB","LB-DIST-000629FF773D","","Adchit","","","","","","","","","fuzzy-suggestion","","0","unresolved","none","","","No authoritative Arabic source with stable identity or exact hierarchy/name match"
"LB-XW-BE6CA90E4126","LB-LOC-CDD53322FFDF","LB-LOC-CDD53322FFDF","","LB-GOV-NAB","LB-DIST-000629FF773D","","Almane-NB","","","","","","","","","fuzzy-suggestion","","0","unresolved","none","","","No authoritative Arabic source with stable identity or exact hierarchy/name match"
"LB-XW-2A04F10F142E","LB-LOC-C65E60433297","LB-LOC-C65E60433297","","LB-GOV-NAB","LB-DIST-000629FF773D","","Ansar","","","","","","","","","fuzzy-suggestion","","0","unresolved","none","","","No authoritative Arabic source with stable identity or exact hierarchy/name match"
"LB-XW-02835F735A3A","LB-LOC-E29BB96F61F1","LB-LOC-E29BB96F61F1","","LB-GOV-NAB","LB-DIST-000629FF773D","","Ansar_el-Fawqa","","","","","","","","","fuzzy-suggestion","","0","unresolved","none","","","No authoritative Arabic source with stable identity or exact hierarchy/name match"
"LB-XW-D1B04733349F","LB-LOC-B208F289D036","LB-LOC-B208F289D036","","LB-GOV-NAB","LB-DIST-000629FF773D","","Ansariyeh","","","","","","","","","fuzzy-suggestion","","0","unresolved","none","","","No authoritative Arabic source with stable identity or exact hierarchy/name match"
"LB-XW-46428A347989","LB-LOC-C2E8CFEEF112","LB-LOC-C2E8CFEEF112","","LB-GOV-NAB","LB-DIST-000629FF773D","","Arab_Salim","","","","","","","","","fuzzy-suggestion","","0","unresolved","none","","","No authoritative Arabic source with stable identity or exact hierarchy/name match"
"LB-XW-DCA721BB7153","LB-LOC-56C9CB6CF487","LB-LOC-56C9CB6CF487","","LB-GOV-NAB","LB-DIST-000629FF773D","","Arnoun","","","","","","","","","fuzzy-suggestion","","0","unresolved","none","","","No authoritative Arabic source with stable identity or exact hierarchy/name match"
"LB-XW-496BEA43148B","LB-LOC-114E80FA8252","LB-LOC-114E80FA8252","","LB-GOV-NAB","LB-DIST-000629FF773D","","Aychiye-NB","","","","","","","","","fuzzy-suggestion","","0","unresolved","none","","","No authoritative Arabic source with stable identity or exact hierarchy/name match"
"LB-XW-52045B5509AB","LB-LOC-41B3D1A26632","LB-LOC-41B3D1A26632","","LB-GOV-NAB","LB-DIST-000629FF773D","","Barghliye","","","","","","","","","fuzzy-suggestion","","0","unresolved","none","","","No authoritative Arabic source with stable identity or exact hierarchy/name match"
"LB-XW-8649CC13296D","LB-LOC-C960DB7048CB","LB-LOC-C960DB7048CB","","LB-GOV-NAB","LB-DIST-000629FF773D","","Chaqraa","","","","","","","","","fuzzy-suggestion","","0","unresolved","none","","","No authoritative Arabic source with stable identity or exact hierarchy/name match"
"LB-XW-5B1AABDAE840","LB-LOC-C071D01DB2EE","LB-LOC-C071D01DB2EE","","LB-GOV-NAB","LB-DIST-000629FF773D","","Charqiye-NB","","","","","","","","","fuzzy-suggestion","","0","unresolved","none","","","No authoritative Arabic source with stable identity or exact hierarchy/name match"
"LB-XW-BE89B6779C33","LB-LOC-4DC5CACFAC3F","LB-LOC-4DC5CACFAC3F","","LB-GOV-NAB","LB-DIST-000629FF773D","","Choumariye","","","","","","","","","fuzzy-suggestion","","0","unresolved","none","","","No authoritative Arabic source with stable identity or exact hierarchy/name match"
"LB-XW-D213BC5813AD","LB-LOC-1696E679109A","LB-LOC-1696E679109A","","LB-GOV-NAB","LB-DIST-000629FF773D","","Dawayer","","","","","","","","","fuzzy-suggestion","","0","unresolved","none","","","No authoritative Arabic source with stable identity or exact hierarchy/name match"
"LB-XW-EA1B6C9CF311","LB-LOC-BD338A943FDF","LB-LOC-BD338A943FDF","","LB-GOV-NAB","LB-DIST-000629FF773D","","Dawayer_el-Aala","","","","","","","","","fuzzy-suggestion","","0","unresolved","none","","","No authoritative Arabic source with stable identity or exact hierarchy/name match"
"LB-XW-C67E5A8B08A6","LB-LOC-76C4840F76F3","LB-LOC-76C4840F76F3","","LB-GOV-NAB","LB-DIST-000629FF773D","","Deir_ez-Zahrani","","","","","","","","","fuzzy-suggestion","","0","unresolved","none","","","No authoritative Arabic source with stable identity or exact hierarchy/name match"
"LB-XW-7F1B796C7045","LB-LOC-5869915E148C","LB-LOC-5869915E148C","","LB-GOV-NAB","LB-DIST-000629FF773D","","Habbouch","","","","","","","","","fuzzy-suggestion","","0","unresolved","none","","","No authoritative Arabic source with stable identity or exact hierarchy/name match"
"LB-XW-D9F4AB254B06","LB-LOC-04046C5CACE4","LB-LOC-04046C5CACE4","","LB-GOV-NAB","LB-DIST-000629FF773D","","Habbouch_el-Aala","","","","","","","","","fuzzy-suggestion","","0","unresolved","none","","","No authoritative Arabic source with stable identity or exact hierarchy/name match"
"LB-XW-D32185B214A8","LB-LOC-4F556AD12358","LB-LOC-4F556AD12358","","LB-GOV-NAB","LB-DIST-000629FF773D","","Harouf","","","","","","","","","fuzzy-suggestion","","0","unresolved","none","","","No authoritative Arabic source with stable identity or exact hierarchy/name match"
"LB-XW-F3DD7C0C0C30","LB-LOC-82464184486D","LB-LOC-82464184486D","","LB-GOV-NAB","LB-DIST-000629FF773D","","Hbaline-NB","","","","","","","","","fuzzy-suggestion","","0","unresolved","none","","","No authoritative Arabic source with stable identity or exact hierarchy/name match"
"LB-XW-6952652473D4","LB-LOC-A9B0080D418E","LB-LOC-A9B0080D418E","","LB-GOV-NAB","LB-DIST-000629FF773D","","Hbbariye","","","","","","","","","fuzzy-suggestion","","0","unresolved","none","","","No authoritative Arabic source with stable identity or exact hierarchy/name match"
"LB-XW-08F17D9DC826","LB-LOC-B08075740798","LB-LOC-B08075740798","","LB-GOV-NAB","LB-DIST-000629FF773D","","Houmine_el-Fawqa-NB","","","","","","","","","fuzzy-suggestion","","0","unresolved","none","","","No authoritative Arabic source with stable identity or exact hierarchy/name match"
"LB-XW-780ED01391E4","LB-LOC-C48D87480560","LB-LOC-C48D87480560","","LB-GOV-NAB","LB-DIST-000629FF773D","","Houmine_et-Tahta-NB","","","","","","","","","fuzzy-suggestion","","0","unresolved","none","","","No authoritative Arabic source with stable identity or exact hierarchy/name match"
"LB-XW-509006CDFEC4","LB-LOC-6642B9E9E923","LB-LOC-6642B9E9E923","","LB-GOV-NAB","LB-DIST-000629FF773D","","Ibl_es-Saqi-NB","","","","","","","","","fuzzy-suggestion","","0","unresolved","none","","","No authoritative Arabic source with stable identity or exact hierarchy/name match"
"LB-XW-8D382AB6DEF6","LB-LOC-286EB7741825","LB-LOC-286EB7741825","","LB-GOV-NAB","LB-DIST-000629FF773D","","Jarjoua","","","","","","","","","fuzzy-suggestion","","0","unresolved","none","","","No authoritative Arabic source with stable identity or exact hierarchy/name match"
"LB-XW-3FF1E045A078","LB-LOC-EF21B37C650F","LB-LOC-EF21B37C650F","","LB-GOV-NAB","LB-DIST-000629FF773D","","Jbaa","","","","","","","","","fuzzy-suggestion","","0","unresolved","none","","","No authoritative Arabic source with stable identity or exact hierarchy/name match"
"LB-XW-6E9A8DDC10E3","LB-LOC-BA7FF245C943","LB-LOC-BA7FF245C943","","LB-GOV-NAB","LB-DIST-000629FF773D","","Jbaa_el-Aala","","","","","","","","","fuzzy-suggestion","","0","unresolved","none","","","No authoritative Arabic source with stable identity or exact hierarchy/name match"
"LB-XW-30DC0F696CC5","LB-LOC-EB557440AEF0","LB-LOC-EB557440AEF0","","LB-GOV-NAB","LB-DIST-000629FF773D","","Kfar_Djal","","","","","","","","","fuzzy-suggestion","","0","unresolved","none","","","No authoritative Arabic source with stable identity or exact hierarchy/name match"
"LB-XW-78701764D65E","LB-LOC-C21A2D053C01","LB-LOC-C21A2D053C01","","LB-GOV-NAB","LB-DIST-000629FF773D","","Kfar_Fila","","","","","","","","","fuzzy-suggestion","","0","unresolved","none","","","No authoritative Arabic source with stable identity or exact hierarchy/name match"
"LB-XW-89C1E7470540","LB-LOC-4CB959216EB7","LB-LOC-4CB959216EB7","","LB-GOV-NAB","LB-DIST-000629FF773D","","Kfar_Fila_el-Aala","","","","","","","","","fuzzy-suggestion","","0","unresolved","none","","","No authoritative Arabic source with stable identity or exact hierarchy/name match"
"LB-XW-08BF45EA93A6","LB-LOC-9F6FC2F6A543","LB-LOC-9F6FC2F6A543","","LB-GOV-NAB","LB-DIST-000629FF773D","","Kfar_Hatta","","","","","","","","","fuzzy-suggestion","","0","unresolved","none","","","No authoritative Arabic source with stable identity or exact hierarchy/name match"
"LB-XW-0625DC0BC4AC","LB-LOC-EDA1495FB25F","LB-LOC-EDA1495FB25F","","LB-GOV-NAB","LB-DIST-000629FF773D","","Kfar_Jouz","","","","","","","","","fuzzy-suggestion","","0","unresolved","none","","","No authoritative Arabic source with stable identity or exact hierarchy/name match"
"LB-XW-E61630EA9D0C","LB-LOC-74A6C7FCCD86","LB-LOC-74A6C7FCCD86","","LB-GOV-NAB","LB-DIST-000629FF773D","","Kfar_Jouz_el-Aala","","","","","","","","","fuzzy-suggestion","","0","unresolved","none","","","No authoritative Arabic source with stable identity or exact hierarchy/name match"
"LB-XW-0F03BD8742CE","LB-LOC-ECE299145D32","LB-LOC-ECE299145D32","","LB-GOV-NAB","LB-DIST-000629FF773D","","Kfar_Mane","","","","","","","","","fuzzy-suggestion","","0","unresolved","none","","","No authoritative Arabic source with stable identity or exact hierarchy/name match"
"LB-XW-759DE7B891C0","LB-LOC-464AF7957D91","LB-LOC-464AF7957D91","","LB-GOV-NAB","LB-DIST-000629FF773D","","Kfar_Rumman","","","","","","","","","fuzzy-suggestion","","0","unresolved","none","","","No authoritative Arabic source with stable identity or exact hierarchy/name match"
"LB-XW-39093D2889AB","LB-LOC-957741F3725E","LB-LOC-957741F3725E","","LB-GOV-NAB","LB-DIST-000629FF773D","","Kfar_Rumman_el-Aala","","","","","","","","","fuzzy-suggestion","","0","unresolved","none","","","No authoritative Arabic source with stable identity or exact hierarchy/name match"
"LB-XW-0B2AC5513E97","LB-LOC-719E5E4D4F75","LB-LOC-719E5E4D4F75","","LB-GOV-NAB","LB-DIST-000629FF773D","","Kfar_Sir","","","","","","","","","fuzzy-suggestion","","0","unresolved","none","","","No authoritative Arabic source with stable identity or exact hierarchy/name match"
"LB-XW-D73DF5511B17","LB-LOC-4C24C27A627E","LB-LOC-4C24C27A627E","","LB-GOV-NAB","LB-DIST-000629FF773D","","Kfar_Sir_el-Gharbi","","","","","","","","","fuzzy-suggestion","","0","unresolved","none","","","No authoritative Arabic source with stable identity or exact hierarchy/name match"
"LB-XW-CBEDB0392320","LB-LOC-4C6FC518D74F","LB-LOC-4C6FC518D74F","","LB-GOV-NAB","LB-DIST-000629FF773D","","Kfar_Tibnit","","","","","","","","","fuzzy-suggestion","","0","unresolved","none","","","No authoritative Arabic source with stable identity or exact hierarchy/name match"
"LB-XW-D41E9D8E062E","LB-LOC-6C365FA5A2DE","LB-LOC-6C365FA5A2DE","","LB-GOV-NAB","LB-DIST-000629FF773D","","Kfar_Tibnit_el-Aala","","","","","","","","","fuzzy-suggestion","","0","unresolved","none","","","No authoritative Arabic source with stable identity or exact hierarchy/name match"
"LB-XW-AE8F6452601A","LB-LOC-903817B5204D","LB-LOC-903817B5204D","","LB-GOV-NAB","LB-DIST-000629FF773D","","Kfour-NB","","","","","","","","","fuzzy-suggestion","","0","unresolved","none","","","No authoritative Arabic source with stable identity or exact hierarchy/name match"
"LB-XW-BA78FDD0D9A5","LB-LOC-AD7936C54277","LB-LOC-AD7936C54277","","LB-GOV-NAB","LB-DIST-000629FF773D","","Majdel_Selm-NB","","","","","","","","","fuzzy-suggestion","","0","unresolved","none","","","No authoritative Arabic source with stable identity or exact hierarchy/name match"
"LB-XW-5D06C7A74606","LB-LOC-B8B5B91F7DE1","LB-LOC-B8B5B91F7DE1","","LB-GOV-NAB","LB-DIST-000629FF773D","","Mcherfeh-NB","","","","","","","","","fuzzy-suggestion","","0","unresolved","none","","","No authoritative Arabic source with stable identity or exact hierarchy/name match"
"LB-XW-9199B6874748","LB-LOC-1ECEF0AE5A37","LB-LOC-1ECEF0AE5A37","","LB-GOV-NAB","LB-DIST-000629FF773D","","Nabatieh","","","","","","","","","fuzzy-suggestion","","0","unresolved","none","","","No authoritative Arabic source with stable identity or exact hierarchy/name match"
"LB-XW-EC670D318D98","LB-LOC-46363620F65D","LB-LOC-46363620F65D","","LB-GOV-NAB","LB-DIST-000629FF773D","","Nabatieh_el-Fawqa","","","","","","","","","fuzzy-suggestion","","0","unresolved","none","","","No authoritative Arabic source with stable identity or exact hierarchy/name match"
"LB-XW-17A9A044DF5C","LB-LOC-3774CC750CE2","LB-LOC-3774CC750CE2","","LB-GOV-NAB","LB-DIST-000629FF773D","","Nabatieh_et-Tahta","","","","","","","","","fuzzy-suggestion","","0","unresolved","none","","","No authoritative Arabic source with stable identity or exact hierarchy/name match"
"LB-XW-3A026D645F9E","LB-LOC-089A75399096","LB-LOC-089A75399096","","LB-GOV-NAB","LB-DIST-000629FF773D","","Qana-NB","","","","","","","","","fuzzy-suggestion","","0","unresolved","none","","","No authoritative Arabic source with stable identity or exact hierarchy/name match"
"LB-XW-B9211D9E7736","LB-LOC-3DE2DB9D9142","LB-LOC-3DE2DB9D9142","","LB-GOV-NAB","LB-DIST-000629FF773D","","Qsaybeh","","","","","","","","","fuzzy-suggestion","","0","unresolved","none","","","No authoritative Arabic source with stable identity or exact hierarchy/name match"
"LB-XW-CE1FD11D44F3","LB-LOC-02ABD05FB06A","LB-LOC-02ABD05FB06A","","LB-GOV-NAB","LB-DIST-000629FF773D","","Sawaneh","","","","","","","","","fuzzy-suggestion","","0","unresolved","none","","","No authoritative Arabic source with stable identity or exact hierarchy/name match"
"LB-XW-AC19D05F725E","LB-LOC-DAC9C09874E4","LB-LOC-DAC9C09874E4","","LB-GOV-NAB","LB-DIST-000629FF773D","","Taybeh-NB","","","","","","","","","fuzzy-suggestion","","0","unresolved","none","","","No authoritative Arabic source with stable identity or exact hierarchy/name match"
"LB-XW-9E6354F3312D","LB-LOC-272F029ABFDB","LB-LOC-272F029ABFDB","","LB-GOV-NAB","LB-DIST-000629FF773D","","Toul","","","","","","","","","fuzzy-suggestion","","0","unresolved","none","","","No authoritative Arabic source with stable identity or exact hierarchy/name match"
"LB-XW-0190B6908A41","LB-LOC-1CCCDE9359DA","LB-LOC-1CCCDE9359DA","","LB-GOV-NAB","LB-DIST-000629FF773D","","Yahmar-NB","","","","","","","","","fuzzy-suggestion","","0","unresolved","none","","","No authoritative Arabic source with stable identity or exact hierarchy/name match"
"LB-XW-A57C7B86583C","LB-LOC-0358D86E2159","LB-LOC-0358D86E2159","","LB-GOV-NAB","LB-DIST-000629FF773D","","Zbdine-NB","","","","","","","","","fuzzy-suggestion","","0","unresolved","none","","","No authoritative Arabic source with stable identity or exact hierarchy/name match"
"LB-XW-A4569B0A9635","LB-LOC-497F51D72CE8","LB-LOC-497F51D72CE8","","LB-GOV-NAB","LB-DIST-000629FF773D","","Zbqin","","","","","","","","","fuzzy-suggestion","","0","unresolved","none","","","No authoritative Arabic source with stable identity or exact hierarchy/name match"
"LB-XW-A0E876A4F03C","LB-LOC-2654B4FA8D71","LB-LOC-2654B4FA8D71","","LB-GOV-NAB","LB-DIST-000629FF773D","","Zoutar_ech-Charqiye","","","","","","","","","fuzzy-suggestion","","0","unresolved","none","","","No authoritative Arabic source with stable identity or exact hierarchy/name match"
"LB-XW-FCC537DEAC35","LB-LOC-ECBC8EA3C4D5","LB-LOC-ECBC8EA3C4D5","","LB-GOV-NAB","LB-DIST-000629FF773D","","Zoutar_el-Gharbiye","","","","","","","","","fuzzy-suggestion","","0","unresolved","none","","","No authoritative Arabic source with stable identity or exact hierarchy/name match"
