"LB-LOC-53624DE9A865","No authoritative Arabic source with stable identity or exact hierarchy/name match"
"LB-LOC-F8782348CF9E","No authoritative Arabic source with stable identity or exact hierarchy/name match"
"LB-LOC-914B203B4FE7","No authoritative Arabic source with stable identity or exact hierarchy/name match"
"LB-LOC-D5DD7786142B","No authoritative Arabic source with stable identity or exact hierarchy/name match"
"LB-LOC-380403BF8A4E","No authoritative Arabic source with stable identity or exact hierarchy/name match"
"LB-LOC-DB5F06F50CF4","No authoritative Arabic source with stable identity or exact hierarchy/name match"
"LB-LOC-CB11AAC595C2","No authoritative Arabic source with stable identity or exact hierarchy/name match"
"LB-LOC-A64B93CD8D86","No authoritative Arabic source with stable identity or exact hierarchy/name match"
"LB-LOC-FCFDDC886872","No authoritative Arabic source with stable identity or exact hierarchy/name match"
"LB-LOC-4E05B01A2DBF","No authoritative Arabic source with stable identity or exact hierarchy/name match"
"LB-LOC-328BABF92B01","No authoritative Arabic source with stable identity or exact hierarchy/name match"
"LB-LOC-F826CBAFAA5F","No authoritative Arabic source with stable identity or exact hierarchy/name match"
"LB-LOC-B6E0445DF913","No authoritative Arabic source with stable identity or exact hierarchy/name match"
"LB-LOC-FAAE67698E58","No authoritative Arabic source with stable identity or exact hierarchy/name match"
"LB-LOC-CCA03F1190F2","No authoritative Arabic source with stable identity or exact hierarchy/name match"
"LB-LOC-CE7DB9E869D9","No authoritative Arabic source with stable identity or exact hierarchy/name match"
"LB-LOC-12B799DE66BB","No authoritative Arabic source with stable identity or exact hierarchy/name match"
"LB-LOC-3763C2F4BB27","No authoritative Arabic source with stable identity or exact hierarchy/name match"
"LB-LOC-B9006B065FA4","No authoritative Arabic source with stable identity or exact hierarchy/name match"
"LB-LOC-4371EEF2814F","No authoritative Arabic source with stable identity or exact hierarchy/name match"
"LB-LOC-3489BEA5F617","No authoritative Arabic source with stable identity or exact hierarchy/name match"
"LB-LOC-FE27B0578FF0","No authoritative Arabic source with stable identity or exact hierarchy/name match"
"LB-LOC-C02F37CDD9CB","No authoritative Arabic source with stable identity or exact hierarchy/name match"
"LB-LOC-0F6186A4399B","No authoritative Arabic source with stable identity or exact hierarchy/name match"
"LB-LOC-194044CB7A9F","No authoritative Arabic source with stable identity or exact hierarchy/name match"
"LB-LOC-4DE322BBB013","No authoritative Arabic source with stable identity or exact hierarchy/name match"
"LB-LOC-12C8D17C3B52","No authoritative Arabic source with stable identity or exact hierarchy/name match"
"LB-LOC-3676A5FD9E08","No authoritative Arabic source with stable identity or exact hierarchy/name match"
"LB-LOC-60D8727EC9EC","No authoritative Arabic source with stable identity or exact hierarchy/name match"
"LB-LOC-C3D3833BD810","No authoritative Arabic source with stable identity or exact hierarchy/name match"
"LB-LOC-69096215F6E8","No authoritative Arabic source with stable identity or exact hierarchy/name match"
"LB-LOC-C744803BA4EC","No authoritative Arabic source with stable identity or exact hierarchy/name match"
"LB-LOC-C6D5FBBC8A46","No authoritative Arabic source with stable identity or exact hierarchy/name match"
"LB-LOC-42847D6188C8","No authoritative Arabic source with stable identity or exact hierarchy/name match"
"LB-LOC-F26A20DBC549","No authoritative Arabic source with stable identity or exact hierarchy/name match"
"LB-LOC-C917AD1395B7","No authoritative Arabic source with stable identity or exact hierarchy/name match"
"LB-LOC-87AF6A506314","No authoritative Arabic source with stable identity or exact hierarchy/name match"
"LB-LOC-E1256D0D6759","No authoritative Arabic source with stable identity or exact hierarchy/name match"
"LB-LOC-ACAE1E490634","No authoritative Arabic source with stable identity or exact hierarchy/name match"
"LB-LOC-7365D28B0183","No authoritative Arabic source with stable identity or exact hierarchy/name match"
"LB-LOC-3B5FBE5042FD","No authoritative Arabic source with stable identity or exact hierarchy/name match"
"LB-LOC-A9C88A80B497","No authoritative Arabic source with stable identity or exact hierarchy/name match"
"LB-LOC-5AE94721E014","No authoritative Arabic source with stable identity or exact hierarchy/name match"
"LB-LOC-6F08286AD76D","No authoritative Arabic source with stable identity or exact hierarchy/name match"
"LB-LOC-30DFF735F16B","No authoritative Arabic source with stable identity or exact hierarchy/name match"
"LB-LOC-6453629EA650","No authoritative Arabic source with stable identity or exact hierarchy/name match"
"LB-LOC-53615AF9346D","No authoritative Arabic source with stable identity or exact hierarchy/name match"
"LB-LOC-D77C6D0BD7F8","No authoritative Arabic source with stable identity or exact hierarchy/name match"
"LB-LOC-C3DF64E0096A","No authoritative Arabic source with stable identity or exact hierarchy/name match"
"LB-LOC-AA5F0B403A2B","No authoritative Arabic source with stable identity or exact hierarchy/name match"
"LB-LOC-8E672F405A1E","No authoritative Arabic source with stable identity or exact hierarchy/name match"
"LB-LOC-136F23CE1EBC","No authoritative Arabic source with stable identity or exact hierarchy/name match"
"LB-LOC-B8EE8186CCDB","No authoritative Arabic source with stable identity or exact hierarchy/name match"
"LB-LOC-5F68AC21939B","No authoritative Arabic source with stable identity or exact hierarchy/name match"
"LB-LOC-32C841CAABD6","No authoritative Arabic source with stable identity or exact hierarchy/name match"
"LB-LOC-2C9FD6F7B4AA","No authoritative Arabic source with stable identity or exact hierarchy/name match"
"LB-LOC-55E703404D67","No authoritative Arabic source with stable identity or exact hierarchy/name match"
"LB-LOC-67510F4F9619","No authoritative Arabic source with stable identity or exact hierarchy/name match"
"LB-LOC-A8D525EC44EF","No authoritative Arabic source with stable identity or exact hierarchy/name match"
"LB-LOC-66537561732A","No authoritative Arabic source with stable identity or exact hierarchy/name match"
"LB-LOC-E19D5FFBBA7E","No authoritative Arabic source with stable identity or exact hierarchy/name match"
"LB-LOC-42AFCEB6B23C","No authoritative Arabic source with stable identity or exact hierarchy/name match"
"LB-LOC-7FA25B7EE41D","No authoritative Arabic source with stable identity or exact hierarchy/name match"
"LB-LOC-BFA6ABA93EE2","No authoritative Arabic source with stable identity or exact hierarchy/name match"
"LB-LOC-9AD9DF4899BB","No authoritative Arabic source with stable identity or exact hierarchy/name match"
"LB-LOC-B47B7DAAFE43","No authoritative Arabic source with stable identity or exact hierarchy/name match"
"LB-LOC-3CA1AEB5BC4C","No authoritative Arabic source with stable identity or exact hierarchy/name match"
"LB-LOC-1701EAD26C96","No authoritative Arabic source with stable identity or exact hierarchy/name match"
"LB-LOC-0ACBC221BDC4","No authoritative Arabic source with stable identity or exact hierarchy/name match"
"LB-LOC-5BD697303EF3","No authoritative Arabic source with stable identity or exact hierarchy/name match"
"LB-LOC-D620767CD794","No authoritative Arabic source with stable identity or exact hierarchy/name match"
"LB-LOC-19BB8CED948A","No authoritative Arabic source with stable identity or exact hierarchy/name match"
"LB-LOC-31760CC7E728","No authoritative Arabic source with stable identity or exact hierarchy/name match"
"LB-LOC-164D04E72BA3","No authoritative Arabic source with stable identity or exact hierarchy/name match"
"LB-LOC-1DA9DC2E5953","No authoritative Arabic source with stable identity or exact hierarchy/name match"
"LB-LOC-8CC9CB005B8A","No authoritative Arabic source with stable identity or exact hierarchy/name match"
"LB-LOC-41D822E7F1D3","No authoritative Arabic source with stable identity or exact hierarchy/name match"
"LB-LOC-0E5A46E865FF","No authoritative Arabic source with stable identity or exact hierarchy/name match"
"LB-LOC-13CAF4690B8E","No authoritative Arabic source with stable identity or exact hierarchy/name match"
"LB-LOC-80A31984A3A8","No authoritative Arabic source with stable identity or exact hierarchy/name match"
"LB-LOC-0F84E0E8033B","No authoritative Arabic source with stable identity or exact hierarchy/name match"
"LB-LOC-7EB191B706AE","No authoritative Arabic source with stable identity or exact hierarchy/name match"
"LB-LOC-A29EB5E95468","No authoritative Arabic source with stable identity or exact hierarchy/name match"
"LB-LOC-A27B0C29EF73","No authoritative Arabic source with stable identity or exact hierarchy/name match"
"LB-LOC-12840C10AF06","No authoritative Arabic source with stable identity or exact hierarchy/name match"
"LB-LOC-2136D1978975","No authoritative Arabic source with stable identity or exact hierarchy/name match"
"LB-LOC-E89FB312EF2A","No authoritative Arabic source with stable identity or exact hierarchy/name match"
"LB-LOC-9608EDACD13F","No authoritative Arabic source with stable identity or exact hierarchy/name match"
"LB-LOC-4CB683AE2E6C","No authoritative Arabic source with stable identity or exact hierarchy/name match"
"LB-LOC-4F8AC423E56F","No authoritative Arabic source with stable identity or exact hierarchy/name match"
"LB-LOC-A6BC225893B3","No authoritative Arabic source with stable identity or exact hierarchy/name match"
"LB-LOC-CB8B4D46E49F","No authoritative Arabic source with stable identity or exact hierarchy/name match"
"LB-LOC-937F088D5B39","No authoritative Arabic source with stable identity or exact hierarchy/name match"
"LB-LOC-61266EE7C663","No authoritative Arabic source with stable identity or exact hierarchy/name match"
"LB-LOC-7EDD02EE2BAF","No authoritative Arabic source with stable identity or exact hierarchy/name match"
"LB-LOC-4491DA01E210","No authoritative Arabic source with stable identity or exact hierarchy/name match"
"LB-LOC-9D830004660F","No authoritative Arabic source with stable identity or exact hierarchy/name match"
"LB-LOC-75270E53FA84","No authoritative Arabic source with stable identity or exact hierarchy/name match"
"LB-LOC-B2C1B7CB0906","No authoritative Arabic source with stable identity or exact hierarchy/name match"
"LB-LOC-67B72B3EF246","No authoritative Arabic source with stable identity or exact hierarchy/name match"
"LB-LOC-65F96B55D106","No authoritative Arabic source with stable identity or exact hierarchy/name match"
"LB-LOC-F446C5F6AE69","No authoritative Arabic source with stable identity or exact hierarchy/name match"
"LB-LOC-B9E40ED1E560","No authoritative Arabic source with stable identity or exact hierarchy/name match"
"LB-LOC-B22F8F1CCD0E","No authoritative Arabic source with stable identity or exact hierarchy/name match"
"LB-LOC-F268F0BEFC9F","No authoritative Arabic source with stable identity or exact hierarchy/name match"
"LB-LOC-231521EC324B","No authoritative Arabic source with stable identity or exact hierarchy/name match"
"LB-LOC-EA89453D607B","No authoritative Arabic source with stable identity or exact hierarchy/name match"
"LB-LOC-15CD5AB97FFB","No authoritative Arabic source with stable identity or exact hierarchy/name match"
"LB-LOC-33E41FE0A08A","No authoritative Arabic source with stable identity or exact hierarchy/name match"
"LB-LOC-64F07EE78E94","No authoritative Arabic source with stable identity or exact hierarchy/name match"
"LB-LOC-9A4BA04DF886","No authoritative Arabic source with stable identity or exact hierarchy/name match"
"LB-LOC-789AB5A518F2","No authoritative Arabic source with stable identity or exact hierarchy/name match"
"LB-LOC-26EEEF38E69A","No authoritative Arabic source with stable identity or exact hierarchy/name match"
"LB-LOC-92417DA44FAC","No authoritative Arabic source with stable identity or exact hierarchy/name match"
"LB-LOC-65571ABD7D73","No authoritative Arabic source with stable identity or exact hierarchy/name match"
"LB-LOC-483276F1AEF7","No authoritative Arabic source with stable identity or exact hierarchy/name match"
"LB-LOC-EDD7BFE366EC","No authoritative Arabic source with stable identity or exact hierarchy/name match"
"LB-LOC-8E6592ACF4D7","No authoritative Arabic source with stable identity or exact hierarchy/name match"
"LB-LOC-C8D062D49764","No authoritative Arabic source with stable identity or exact hierarchy/name match"
"LB-LOC-CEFF45D87CC0","No authoritative Arabic source with stable identity or exact hierarchy/name match"
"LB-LOC-C7AA0B703A04","No authoritative Arabic source with stable identity or exact hierarchy/name match"
"LB-LOC-F8FC5728DB0E","No authoritative Arabic source with stable identity or exact hierarchy/name match"
"LB-LOC-846ACCB85317","No authoritative Arabic source with stable identity or exact hierarchy/name match"
"LB-LOC-304FDF0D63F4","No authoritative Arabic source with stable identity or exact hierarchy/name match"
"LB-LOC-033A07CF504E","No authoritative Arabic source with stable identity or exact hierarchy/name match"
"LB-LOC-B1474B76800E","No authoritative Arabic source with stable identity or exact hierarchy/name match"
"LB-LOC-09ED0A1EE55C","No authoritative Arabic source with stable identity or exact hierarchy/name match"
"LB-LOC-76DF24178DE7","No authoritative Arabic source with stable identity or exact hierarchy/name match"
"LB-LOC-1A31AB72B3EA","No authoritative Arabic source with stable identity or exact hierarchy/name match"
"LB-LOC-9032CB992BE9","No authoritative Arabic source with stable identity or exact hierarchy/name match"
"LB-LOC-0398AC3A1639","No authoritative Arabic source with stable identity or exact hierarchy/name match"
"LB-LOC-61B3C3A633E1","No authoritative Arabic source with stable identity or exact hierarchy/name match"
"LB-LOC-6AD7BB30C097","No authoritative Arabic source with stable identity or exact hierarchy/name match"
"LB-LOC-BB7D4120B8A3","No authoritative Arabic source with stable identity or exact hierarchy/name match"
"LB-LOC-2F116B229EBE","No authoritative Arabic source with stable identity or exact hierarchy/name match"
"LB-LOC-984DBC0E8B95","No authoritative Arabic source with stable identity or exact hierarchy/name match"
"LB-LOC-BAC7E28670D9","No authoritative Arabic source with stable identity or exact hierarchy/name match"
"LB-LOC-FB3C17340F4B","No authoritative Arabic source with stable identity or exact hierarchy/name match"
"LB-LOC-42B334B04F6F","No authoritative Arabic source with stable identity or exact hierarchy/name match"
"LB-LOC-D95D4EB48474","No authoritative Arabic source with stable identity or exact hierarchy/name match"
"LB-LOC-3807E0FD34D3","No authoritative Arabic source with stable identity or exact hierarchy/name match"
"LB-LOC-C78897BE2188","No authoritative Arabic source with stable identity or exact hierarchy/name match"
"LB-LOC-CAC2DF4673CE","No authoritative Arabic source with stable identity or exact hierarchy/name match"
"LB-LOC-1D9D6BB181C3","No authoritative Arabic source with stable identity or exact hierarchy/name match"
"LB-LOC-89F44557728E","No authoritative Arabic source with stable identity or exact hierarchy/name match"
"LB-LOC-8A887EC2BBEC","No authoritative Arabic source with stable identity or exact hierarchy/name match"
"LB-LOC-D1E27C886D99","No authoritative Arabic source with stable identity or exact hierarchy/name match"
"LB-LOC-703DD14E05F4","No authoritative Arabic source with stable identity or exact hierarchy/name match"
"LB-LOC-392676BFBF5C","No authoritative Arabic source with stable identity or exact hierarchy/name match"
"LB-LOC-1210F92878B1","No authoritative Arabic source with stable identity or exact hierarchy/name match"
"LB-LOC-6FCC73EACF9D","No authoritative Arabic source with stable identity or exact hierarchy/name match"
"LB-LOC-83718625E2A3","No authoritative Arabic source with stable identity or exact hierarchy/name match"
"LB-LOC-5D0495937246","No authoritative Arabic source with stable identity or exact hierarchy/name match"
"LB-LOC-7B8A00BA5338","No authoritative Arabic source with stable identity or exact hierarchy/name match"
"LB-LOC-3F00D5FD7EF5","No authoritative Arabic source with stable identity or exact hierarchy/name match"
"LB-LOC-ED3C4B5D4247","No authoritative Arabic source with stable identity or exact hierarchy/name match"
"LB-LOC-F713C3A2B93B","No authoritative Arabic source with stable identity or exact hierarchy/name match"
"LB-LOC-C3333844C303","No authoritative Arabic source with stable identity or exact hierarchy/name match"
"LB-LOC-EB8283314F75","No authoritative Arabic source with stable identity or exact hierarchy/name match"
"LB-LOC-272066AAD126","No authoritative Arabic source with stable identity or exact hierarchy/name match"
"LB-LOC-3C90AD1ACDBE","No authoritative Arabic source with stable identity or exact hierarchy/name match"
"LB-LOC-BDE4D736C87E","No authoritative Arabic source with stable identity or exact hierarchy/name match"
"LB-LOC-CE378FE8128F","No authoritative Arabic source with stable identity or exact hierarchy/name match"
"LB-LOC-40ED7ACAF369","No authoritative Arabic source with stable identity or exact hierarchy/name match"
"LB-LOC-510296713BDE","No authoritative Arabic source with stable identity or exact hierarchy/name match"
"LB-LOC-B66B5BBF66B2","No authoritative Arabic source with stable identity or exact hierarchy/name match"
"LB-LOC-633840720CAE","No authoritative Arabic source with stable identity or exact hierarchy/name match"
"LB-LOC-C32B9AAA21E7","No authoritative Arabic source with stable identity or exact hierarchy/name match"
"LB-LOC-BAD392B148DE","No authoritative Arabic source with stable identity or exact hierarchy/name match"
"LB-LOC-7D1E2FE77186","No authoritative Arabic source with stable identity or exact hierarchy/name match"
"LB-LOC-BF5236F9570F","No authoritative Arabic source with stable identity or exact hierarchy/name match"
"LB-LOC-BB3C493ED391","No authoritative Arabic source with stable identity or exact hierarchy/name match"
"LB-LOC-26B2CC945A62","No authoritative Arabic source with stable identity or exact hierarchy/name match"
"LB-LOC-5585D40ECDD3","No authoritative Arabic source with stable identity or exact hierarchy/name match"
"LB-LOC-6503FE0A12EE","No authoritative Arabic source with stable identity or exact hierarchy/name match"
"LB-LOC-803B7E6E2C0A","No authoritative Arabic source with stable identity or exact hierarchy/name match"
"LB-LOC-94B4BFD52506","No authoritative Arabic source with stable identity or exact hierarchy/name match"
"LB-LOC-8ABCDA212641","No authoritative Arabic source with stable identity or exact hierarchy/name match"
"LB-LOC-CACF77D152D9","No authoritative Arabic source with stable identity or exact hierarchy/name match"
"LB-LOC-E76A62380CC7","No authoritative Arabic source with stable identity or exact hierarchy/name match"
"LB-LOC-CC7C47D584F0","No authoritative Arabic source with stable identity or exact hierarchy/name match"
"LB-LOC-F82DCF154CA4","No authoritative Arabic source with stable identity or exact hierarchy/name match"
"LB-LOC-C5A34CB888B7","No authoritative Arabic source with stable identity or exact hierarchy/name match"
"LB-LOC-28A8E7066DD1","No authoritative Arabic source with stable identity or exact hierarchy/name match"
"LB-LOC-4722B019DF4E","No authoritative Arabic source with stable identity or exact hierarchy/name match"
"LB-LOC-24C64D00E348","No authoritative Arabic source with stable identity or exact hierarchy/name match"
"LB-LOC-0912C410B726","No authoritative Arabic source with stable identity or exact hierarchy/name match"
"LB-LOC-EB7F9134280A","No authoritative Arabic source with stable identity or exact hierarchy/name match"
"LB-LOC-191DED7EE627","No authoritative Arabic source with stable identity or exact hierarchy/name match"
"LB-LOC-20EB6A766D66","No authoritative Arabic source with stable identity or exact hierarchy/name match"
"LB-LOC-A37AECF7057F","No authoritative Arabic source with stable identity or exact hierarchy/name match"
"LB-LOC-055C0FBC6471","No authoritative Arabic source with stable identity or exact hierarchy/name match"
"LB-LOC-95CE13F6BDB8","No authoritative Arabic source with stable identity or exact hierarchy/name match"
"LB-LOC-F912703D20C7","No authoritative Arabic source with stable identity or exact hierarchy/name match"
"LB-LOC-A129940E5CC1","No authoritative Arabic source with stable identity or exact hierarchy/name match"
"LB-LOC-F69982B7E606","No authoritative Arabic source with stable identity or exact hierarchy/name match"
"LB-LOC-014CFD8CEA1A","No authoritative Arabic source with stable identity or exact hierarchy/name match"
"LB-LOC-9C28088D8969","No authoritative Arabic source with stable identity or exact hierarchy/name match"
"LB-LOC-0E32C8A307A0","No authoritative Arabic source with stable identity or exact hierarchy/name match"
"LB-LOC-ADB5D4B39DE8","No authoritative Arabic source with stable identity or exact hierarchy/name match"
"LB-LOC-82165709EA26","No authoritative Arabic source with stable identity or exact hierarchy/name match"
"LB-LOC-1D9F06680A51","No authoritative Arabic source with stable identity or exact hierarchy/name match"
"LB-LOC-7CD7BE21D579","No authoritative Arabic source with stable identity or exact hierarchy/name match"
"LB-LOC-06E22DD03AEA","No authoritative Arabic source with stable identity or exact hierarchy/name match"
"LB-LOC-E0C61C385583","No authoritative Arabic source with stable identity or exact hierarchy/name match"
"LB-LOC-CE1BABE64309","No authoritative Arabic source with stable identity or exact hierarchy/name match"
"LB-LOC-613D1A74DDAA","No authoritative Arabic source with stable identity or exact hierarchy/name match"
"LB-LOC-C2B6681FC5A2","No authoritative Arabic source with stable identity or exact hierarchy/name match"
"LB-LOC-700CFD1070E7","No authoritative Arabic source with stable identity or exact hierarchy/name match"
"LB-LOC-93B1253D042E","No authoritative Arabic source with stable identity or exact hierarchy/name match"
"LB-LOC-64C035EAA741","No authoritative Arabic source with stable identity or exact hierarchy/name match"
"LB-LOC-ED5B1FAAC906","No authoritative Arabic source with stable identity or exact hierarchy/name match"
"LB-LOC-7F5B562255E0","No authoritative Arabic source with stable identity or exact hierarchy/name match"
"LB-LOC-47C8E7996010","No authoritative Arabic source with stable identity or exact hierarchy/name match"
"LB-LOC-DE0A32411E6F","No authoritative Arabic source with stable identity or exact hierarchy/name match"
"LB-LOC-78B99565FCF6","No authoritative Arabic source with stable identity or exact hierarchy/name match"
"LB-LOC-10FE39373799","No authoritative Arabic source with stable identity or exact hierarchy/name match"
"LB-LOC-727D0F5D0B76","No authoritative Arabic source with stable identity or exact hierarchy/name match"
"LB-LOC-565C557D4FA3","No authoritative Arabic source with stable identity or exact hierarchy/name match"
"LB-LOC-822A46FEA480","No authoritative Arabic source with stable identity or exact hierarchy/name match"
"LB-LOC-F73268E85530","No authoritative Arabic source with stable identity or exact hierarchy/name match"
"LB-LOC-40718AAA82D4","No authoritative Arabic source with stable identity or exact hierarchy/name match"
"LB-LOC-CA980F4AC6CE","No authoritative Arabic source with stable identity or exact hierarchy/name match"
"LB-LOC-3B9FCBAAF9FB","No authoritative Arabic source with stable identity or exact hierarchy/name match"
"LB-LOC-DCED4F215FED","No authoritative Arabic source with stable identity or exact hierarchy/name match"
"LB-LOC-7AC3DC0F96F8","No authoritative Arabic source with stable identity or exact hierarchy/name match"
"LB-LOC-9B2FCA7E9C8B","No authoritative Arabic source with stable identity or exact hierarchy/name match"
"LB-LOC-CF9D55ACE9DF","No authoritative Arabic source with stable identity or exact hierarchy/name match"
"LB-LOC-245CEC1B7EE3","No authoritative Arabic source with stable identity or exact hierarchy/name match"
"LB-LOC-2368651F9ED9","No authoritative Arabic source with stable identity or exact hierarchy/name match"
"LB-LOC-C19473E9163C","No authoritative Arabic source with stable identity or exact hierarchy/name match"
"LB-LOC-4E16791675F2","No authoritative Arabic source with stable identity or exact hierarchy/name match"
"LB-LOC-24D44D71D0E0","No authoritative Arabic source with stable identity or exact hierarchy/name match"
"LB-LOC-3440DC5E8DF9","No authoritative Arabic source with stable identity or exact hierarchy/name match"
"LB-LOC-E22F56ABAAA8","No authoritative Arabic source with stable identity or exact hierarchy/name match"
"LB-LOC-FFFC8D597A8F","No authoritative Arabic source with stable identity or exact hierarchy/name match"
"LB-LOC-01732CB3EEC9","No authoritative Arabic source with stable identity or exact hierarchy/name match"
"LB-LOC-EDA19EA18A68","No authoritative Arabic source with stable identity or exact hierarchy/name match"
"LB-LOC-597269700C8E","No authoritative Arabic source with stable identity or exact hierarchy/name match"
"LB-LOC-8A5857947D85","No authoritative Arabic source with stable identity or exact hierarchy/name match"
"LB-LOC-C4B5496FEBA7","No authoritative Arabic source with stable identity or exact hierarchy/name match"
"LB-LOC-2E4E9AABB9B6","No authoritative Arabic source with stable identity or exact hierarchy/name match"
"LB-LOC-0F07926E2048","No authoritative Arabic source with stable identity or exact hierarchy/name match"
"LB-LOC-95BFF279CE49","No authoritative Arabic source with stable identity or exact hierarchy/name match"
"LB-LOC-76654BB78F48","No authoritative Arabic source with stable identity or exact hierarchy/name match"
"LB-LOC-C17AEDF7A438","No authoritative Arabic source with stable identity or exact hierarchy/name match"
"LB-LOC-644E4E06E95A","No authoritative Arabic source with stable identity or exact hierarchy/name match"
"LB-LOC-6206266F8791","No authoritative Arabic source with stable identity or exact hierarchy/name match"
"LB-LOC-9F1EF3DB32C6","No authoritative Arabic source with stable identity or exact hierarchy/name match"
"LB-LOC-050F24F59591","No authoritative Arabic source with stable identity or exact hierarchy/name match"
"LB-LOC-6BC10C22BB51","No authoritative Arabic source with stable identity or exact hierarchy/name match"
"LB-LOC-067C750BFE11","No authoritative Arabic source with stable identity or exact hierarchy/name match"
"LB-LOC-9AEB1AC2DEAA","No authoritative Arabic source with stable identity or exact hierarchy/name match"
"LB-LOC-49E05034D9EC","No authoritative Arabic source with stable identity or exact hierarchy/name match"
"LB-LOC-1E6831EA640F","No authoritative Arabic source with stable identity or exact hierarchy/name match"
"LB-LOC-5EBF39D1F679","No authoritative Arabic source with stable identity or exact hierarchy/name match"
"LB-LOC-AB8516D99159","No authoritative Arabic source with stable identity or exact hierarchy/name match"
"LB-LOC-50F46A8AB8F2","No authoritative Arabic source with stable identity or exact hierarchy/name match"
"LB-LOC-16AD42CE7BE4","No authoritative Arabic source with stable identity or exact hierarchy/name match"
"LB-LOC-2E7D119C794E","No authoritative Arabic source with stable identity or exact hierarchy/name match"
"LB-LOC-85FB06DC9F7A","No authoritative Arabic source with stable identity or exact hierarchy/name match"
"LB-LOC-D27A8574FD7D","No authoritative Arabic source with stable identity or exact hierarchy/name match"
"LB-LOC-31A6E68F5465","No authoritative Arabic source with stable identity or exact hierarchy/name match"
"LB-LOC-1788AD279DC1","No authoritative Arabic source with stable identity or exact hierarchy/name match"
"LB-LOC-060EDA86F2D9","No authoritative Arabic source with stable identity or exact hierarchy/name match"
"LB-LOC-9E382497043B","No authoritative Arabic source with stable identity or exact hierarchy/name match"
"LB-LOC-05C14C793242","No authoritative Arabic source with stable identity or exact hierarchy/name match"
"LB-LOC-E0EBF98483A4","No authoritative Arabic source with stable identity or exact hierarchy/name match"
"LB-LOC-9F0FF80E051A","No authoritative Arabic source with stable identity or exact hierarchy/name match"
"LB-LOC-25BD97CD0DCB","No authoritative Arabic source with stable identity or exact hierarchy/name match"
"LB-LOC-20849185C9E8","No authoritative Arabic source with stable identity or exact hierarchy/name match"
"LB-LOC-D3B02C1381F3","No authoritative Arabic source with stable identity or exact hierarchy/name match"
"LB-LOC-0B99154DDD66","No authoritative Arabic source with stable identity or exact hierarchy/name match"
"LB-LOC-DAE130E5BAEB","No authoritative Arabic source with stable identity or exact hierarchy/name match"
"LB-LOC-D65558A84D02","No authoritative Arabic source with stable identity or exact hierarchy/name match"
"LB-LOC-BF3005D7FCFB","No authoritative Arabic source with stable identity or exact hierarchy/name match"
"LB-LOC-7D2ACB6628D2","No authoritative Arabic source with stable identity or exact hierarchy/name match"
"LB-LOC-0D2BFFDF4C34","No authoritative Arabic source with stable identity or exact hierarchy/name match"
"LB-LOC-B36FCEDCC7F7","No authoritative Arabic source with stable identity or exact hierarchy/name match"
"LB-LOC-05AE50070020","No authoritative Arabic source with stable identity or exact hierarchy/name match"
"LB-LOC-28F1831158EE","No authoritative Arabic source with stable identity or exact hierarchy/name match"
"LB-LOC-5FADE3A379B5","No authoritative Arabic source with stable identity or exact hierarchy/name match"
"LB-LOC-A7B673B5956B","No authoritative Arabic source with stable identity or exact hierarchy/name match"
"LB-LOC-95F52C9DE85E","No authoritative Arabic source with stable identity or exact hierarchy/name match"
"LB-LOC-E1A71A9F2936","No authoritative Arabic source with stable identity or exact hierarchy/name match"
"LB-LOC-D16985C710F9","No authoritative Arabic source with stable identity or exact hierarchy/name match"
"LB-LOC-44C0E3A02D44","No authoritative Arabic source with stable identity or exact hierarchy/name match"
"LB-LOC-C995B6F6FD06","No authoritative Arabic source with stable identity or exact hierarchy/name match"
"LB-LOC-B9828D01BA1D","No authoritative Arabic source with stable identity or exact hierarchy/name match"
"LB-LOC-0802618D0D7B","No authoritative Arabic source with stable identity or exact hierarchy/name match"
"LB-LOC-CD39165A19C7","No authoritative Arabic source with stable identity or exact hierarchy/name match"
"LB-LOC-CA5B8859D4D5","No authoritative Arabic source with stable identity or exact hierarchy/name match"
"LB-LOC-8C4301F944C7","No authoritative Arabic source with stable identity or exact hierarchy/name match"
"LB-LOC-40AA1E76D7AD","No authoritative Arabic source with stable identity or exact hierarchy/name match"
"LB-LOC-AE0D2C2CFD09","No authoritative Arabic source with stable identity or exact hierarchy/name match"
"LB-LOC-111388D320F3","No authoritative Arabic source with stable identity or exact hierarchy/name match"
"LB-LOC-534FBC436982","No authoritative Arabic source with stable identity or exact hierarchy/name match"
"LB-LOC-71611EFC1C0F","No authoritative Arabic source with stable identity or exact hierarchy/name match"
"LB-LOC-2AF910353280","No authoritative Arabic source with stable identity or exact hierarchy/name match"
"LB-LOC-1801314368C3","No authoritative Arabic source with stable identity or exact hierarchy/name match"
"LB-LOC-1396050BC204","No authoritative Arabic source with stable identity or exact hierarchy/name match"
"LB-LOC-EC8C1901FE75","No authoritative Arabic source with stable identity or exact hierarchy/name match"
"LB-LOC-E456C43A30F0","No authoritative Arabic source with stable identity or exact hierarchy/name match"
"LB-LOC-D4FAE35183A9","No authoritative Arabic source with stable identity or exact hierarchy/name match"
"LB-LOC-055CE5A8264C","No authoritative Arabic source with stable identity or exact hierarchy/name match"
"LB-LOC-1D1C5BA15009","No authoritative Arabic source with stable identity or exact hierarchy/name match"
"LB-LOC-BA5C6A160BA9","No authoritative Arabic source with stable identity or exact hierarchy/name match"
"LB-LOC-458166CFA96F","No authoritative Arabic source with stable identity or exact hierarchy/name match"
"LB-LOC-0612EB479516","No authoritative Arabic source with stable identity or exact hierarchy/name match"
"LB-LOC-3F8A4B24BB09","No authoritative Arabic source with stable identity or exact hierarchy/name match"
"LB-LOC-7D7142FAE410","No authoritative Arabic source with stable identity or exact hierarchy/name match"
"LB-LOC-850C6AD1D69D","No authoritative Arabic source with stable identity or exact hierarchy/name match"
"LB-LOC-B28FA3743BE6","No authoritative Arabic source with stable identity or exact hierarchy/name match"
"LB-LOC-57D00ACE9A7F","No authoritative Arabic source with stable identity or exact hierarchy/name match"
"LB-LOC-0BDDF6E7930F","No authoritative Arabic source with stable identity or exact hierarchy/name match"
"LB-LOC-EAD6FB33302B","No authoritative Arabic source with stable identity or exact hierarchy/name match"
"LB-LOC-32825CEB0C90","No authoritative Arabic source with stable identity or exact hierarchy/name match"
"LB-LOC-24857DA83289","No authoritative Arabic source with stable identity or exact hierarchy/name match"
"LB-LOC-794F9510438D","No authoritative Arabic source with stable identity or exact hierarchy/name match"
"LB-LOC-02702866C8FA","No authoritative Arabic source with stable identity or exact hierarchy/name match"
"LB-LOC-1AE08584226E","No authoritative Arabic source with stable identity or exact hierarchy/name match"
"LB-LOC-B7FB5E30D516","No authoritative Arabic source with stable identity or exact hierarchy/name match"
"LB-LOC-38939270F935","No authoritative Arabic source with stable identity or exact hierarchy/name match"
"LB-LOC-67D08AC11AF7","No authoritative Arabic source with stable identity or exact hierarchy/name match"
"LB-LOC-B0E52BB8FC92","No authoritative Arabic source with stable identity or exact hierarchy/name match"
"LB-LOC-AD1DE3476829","No authoritative Arabic source with stable identity or exact hierarchy/name match"
"LB-LOC-4D19535AC26D","No authoritative Arabic source with stable identity or exact hierarchy/name match"
"LB-LOC-6A4CB8101A2A","No authoritative Arabic source with stable identity or exact hierarchy/name match"
"LB-LOC-8DA01C63E1F9","No authoritative Arabic source with stable identity or exact hierarchy/name match"
"LB-LOC-7762A5DD8035","No authoritative Arabic source with stable identity or exact hierarchy/name match"
"LB-LOC-42592D009E69","No authoritative Arabic source with stable identity or exact hierarchy/name match"
"LB-LOC-8124A76E7021","No authoritative Arabic source with stable identity or exact hierarchy/name match"
"LB-LOC-E070B7D89649","No authoritative Arabic source with stable identity or exact hierarchy/name match"
"LB-LOC-A3B5E7D0D97C","No authoritative Arabic source with stable identity or exact hierarchy/name match"
"LB-LOC-80EF367B93C7","No authoritative Arabic source with stable identity or exact hierarchy/name match"
"LB-LOC-F4A6A1D594DF","No authoritative Arabic source with stable identity or exact hierarchy/name match"
"LB-LOC-FBD2C534EBA8","No authoritative Arabic source with stable identity or exact hierarchy/name match"
"LB-LOC-F816E714D17B","No authoritative Arabic source with stable identity or exact hierarchy/name match"
"LB-LOC-662CADCF21E5","No authoritative Arabic source with stable identity or exact hierarchy/name match"
"LB-LOC-A0A7ACAC1CFD","No authoritative Arabic source with stable identity or exact hierarchy/name match"
"LB-LOC-E5A08B75D742","No authoritative Arabic source with stable identity or exact hierarchy/name match"
"LB-LOC-442E69161EF9","No authoritative Arabic source with stable identity or exact hierarchy/name match"
"LB-LOC-6C1D1E946C75","No authoritative Arabic source with stable identity or exact hierarchy/name match"
"LB-LOC-482763580E46","No authoritative Arabic source with stable identity or exact hierarchy/name match"
"LB-LOC-89ADDD5223C4","No authoritative Arabic source with stable identity or exact hierarchy/name match"
"LB-LOC-C23CEFE7C386","No authoritative Arabic source with stable identity or exact hierarchy/name match"
"LB-LOC-B2E983C94822","No authoritative Arabic source with stable identity or exact hierarchy/name match"
"LB-LOC-00ECEF50D5B3","No authoritative Arabic source with stable identity or exact hierarchy/name match"
"LB-LOC-97DE94EFE263","No authoritative Arabic source with stable identity or exact hierarchy/name match"
"LB-LOC-186D61C59A26","No authoritative Arabic source with stable identity or exact hierarchy/name match"
"LB-LOC-C32C109C8E38","No authoritative Arabic source with stable identity or exact hierarchy/name match"
"LB-LOC-72E8DBB17E65","No authoritative Arabic source with stable identity or exact hierarchy/name match"
"LB-LOC-9C2FB0A86EA7","No authoritative Arabic source with stable identity or exact hierarchy/name match"
"LB-LOC-1AB99817D901","No authoritative Arabic source with stable identity or exact hierarchy/name match"
"LB-LOC-D8082B80176D","No authoritative Arabic source with stable identity or exact hierarchy/name match"
"LB-LOC-522DEC94081D","No authoritative Arabic source with stable identity or exact hierarchy/name match"
"LB-LOC-F1A99A0404E9","No authoritative Arabic source with stable identity or exact hierarchy/name match"
"LB-LOC-8A43B29884F0","No authoritative Arabic source with stable identity or exact hierarchy/name match"
"LB-LOC-C71A69255E95","No authoritative Arabic source with stable identity or exact hierarchy/name match"
"LB-LOC-19B9C973ED96","No authoritative Arabic source with stable identity or exact hierarchy/name match"
"LB-LOC-A580022364F4","No authoritative Arabic source with stable identity or exact hierarchy/name match"
"LB-LOC-1DC9A00D92FF","No authoritative Arabic source with stable identity or exact hierarchy/name match"
"LB-LOC-CBEE069755D6","No authoritative Arabic source with stable identity or exact hierarchy/name match"
"LB-LOC-161E51852B02","No authoritative Arabic source with stable identity or exact hierarchy/name match"
"LB-LOC-67B398E449E3","No authoritative Arabic source with stable identity or exact hierarchy/name match"
"LB-LOC-322FE139E53F","No authoritative Arabic source with stable identity or exact hierarchy/name match"
"LB-LOC-DDE8A415DA0A","No authoritative Arabic source with stable identity or exact hierarchy/name match"
"LB-LOC-C37D5792F739","No authoritative Arabic source with stable identity or exact hierarchy/name match"
"LB-LOC-913BC32591AD","No authoritative Arabic source with stable identity or exact hierarchy/name match"
"LB-LOC-8DF43008BC0D","No authoritative Arabic source with stable identity or exact hierarchy/name match"
"LB-LOC-3D198A2F90DA","No authoritative Arabic source with stable identity or exact hierarchy/name match"
"LB-LOC-EC6CE376F6D1","No authoritative Arabic source with stable identity or exact hierarchy/name match"
"LB-LOC-4EF6B4755117","No authoritative Arabic source with stable identity or exact hierarchy/name match"
"LB-LOC-EF078DBE927A","No authoritative Arabic source with stable identity or exact hierarchy/name match"
"LB-LOC-084B5CC4F0AE","No authoritative Arabic source with stable identity or exact hierarchy/name match"
"LB-LOC-7F63591CA2DB","No authoritative Arabic source with stable identity or exact hierarchy/name match"
"LB-LOC-8DD8DB2741B0","No authoritative Arabic source with stable identity or exact hierarchy/name match"
"LB-LOC-678B114CE4A0","No authoritative Arabic source with stable identity or exact hierarchy/name match"
"LB-LOC-F644A0487F73","No authoritative Arabic source with stable identity or exact hierarchy/name match"
"LB-LOC-B4E99070E95F","No authoritative Arabic source with stable identity or exact hierarchy/name match"
"LB-LOC-96D7741CA542","No authoritative Arabic source with stable identity or exact hierarchy/name match"
"LB-LOC-5456D0E5FB4F","No authoritative Arabic source with stable identity or exact hierarchy/name match"
"LB-LOC-41A74B393313","No authoritative Arabic source with stable identity or exact hierarchy/name match"
"LB-LOC-BD6894016941","No authoritative Arabic source with stable identity or exact hierarchy/name match"
"LB-LOC-B6E7156AD360","No authoritative Arabic source with stable identity or exact hierarchy/name match"
"LB-LOC-6105434B063B","No authoritative Arabic source with stable identity or exact hierarchy/name match"
"LB-LOC-94CAF5734A77","No authoritative Arabic source with stable identity or exact hierarchy/name match"
"LB-LOC-6DF756D430D2","No authoritative Arabic source with stable identity or exact hierarchy/name match"
"LB-LOC-57A95141DE62","No authoritative Arabic source with stable identity or exact hierarchy/name match"
"LB-LOC-5D849B3D06BA","No authoritative Arabic source with stable identity or exact hierarchy/name match"
"LB-LOC-11403FACE021","No authoritative Arabic source with stable identity or exact hierarchy/name match"
"LB-LOC-05AC977B7BF4","No authoritative Arabic source with stable identity or exact hierarchy/name match"
"LB-LOC-40A5D3436106","No authoritative Arabic source with stable identity or exact hierarchy/name match"
"LB-LOC-7247D8DC5004","No authoritative Arabic source with stable identity or exact hierarchy/name match"
"LB-LOC-65F3110D09E4","No authoritative Arabic source with stable identity or exact hierarchy/name match"
"LB-LOC-9BC1F1C3D107","No authoritative Arabic source with stable identity or exact hierarchy/name match"
"LB-LOC-BBD480345804","No authoritative Arabic source with stable identity or exact hierarchy/name match"
"LB-LOC-394E3EEA41D4","No authoritative Arabic source with stable identity or exact hierarchy/name match"
"LB-LOC-760AF8949418","No authoritative Arabic source with stable identity or exact hierarchy/name match"
"LB-LOC-D3B2181F67D4","No authoritative Arabic source with stable identity or exact hierarchy/name match"
"LB-LOC-AD20B80EB4D3","No authoritative Arabic source with stable identity or exact hierarchy/name match"
"LB-LOC-76DC92DA325B","No authoritative Arabic source with stable identity or exact hierarchy/name match"
"LB-LOC-EFE229C5999D","No authoritative Arabic source with stable identity or exact hierarchy/name match"
"LB-LOC-6977BD79B648","No authoritative Arabic source with stable identity or exact hierarchy/name match"
"LB-LOC-1A8E6303B6FA","No authoritative Arabic source with stable identity or exact hierarchy/name match"
"LB-LOC-681390899212","No authoritative Arabic source with stable identity or exact hierarchy/name match"
"LB-LOC-0A5B5D09B978","No authoritative Arabic source with stable identity or exact hierarchy/name match"
"LB-LOC-679E804217F8","No authoritative Arabic source with stable identity or exact hierarchy/name match"
"LB-LOC-813783416BF4","No authoritative Arabic source with stable identity or exact hierarchy/name match"
"LB-LOC-8CF55FF28769","No authoritative Arabic source with stable identity or exact hierarchy/name match"
"LB-LOC-E12234DCFEA7","No authoritative Arabic source with stable identity or exact hierarchy/name match"
"LB-LOC-AE6E24E56636","No authoritative Arabic source with stable identity or exact hierarchy/name match"
"LB-LOC-6C15EF605CA9","No authoritative Arabic source with stable identity or exact hierarchy/name match"
"LB-LOC-D5B1902C2BDD","No authoritative Arabic source with stable identity or exact hierarchy/name match"
"LB-LOC-0E75AE7F8A03","No authoritative Arabic source with stable identity or exact hierarchy/name match"
"LB-LOC-349F61886340","No authoritative Arabic source with stable identity or exact hierarchy/name match"
"LB-LOC-1C611348B318","No authoritative Arabic source with stable identity or exact hierarchy/name match"
"LB-LOC-5AB4979ABF11","No authoritative Arabic source with stable identity or exact hierarchy/name match"
"LB-LOC-5504FEEA05D3","No authoritative Arabic source with stable identity or exact hierarchy/name match"
"LB-LOC-7424FF8039BD","No authoritative Arabic source with stable identity or exact hierarchy/name match"
"LB-LOC-FB33E5F8054C","No authoritative Arabic source with stable identity or exact hierarchy/name match"
"LB-LOC-7CC0B010B949","No authoritative Arabic source with stable identity or exact hierarchy/name match"
"LB-LOC-BC6F081F37DD","No authoritative Arabic source with stable identity or exact hierarchy/name match"
"LB-LOC-1F77BD0A0715","No authoritative Arabic source with stable identity or exact hierarchy/name match"
"LB-LOC-B16E50B5106C","No authoritative Arabic source with stable identity or exact hierarchy/name match"
"LB-LOC-4AED88894B29","No authoritative Arabic source with stable identity or exact hierarchy/name match"
"LB-LOC-6A44CD6ADC22","No authoritative Arabic source with stable identity or exact hierarchy/name match"
"LB-LOC-5093274773CA","No authoritative Arabic source with stable identity or exact hierarchy/name match"
"LB-LOC-3F00712DB014","No authoritative Arabic source with stable identity or exact hierarchy/name match"
"LB-LOC-BB4451F71319","No authoritative Arabic source with stable identity or exact hierarchy/name match"
"LB-LOC-64E3F6B108B4","No authoritative Arabic source with stable identity or exact hierarchy/name match"
"LB-LOC-75B89AE9A93D","No authoritative Arabic source with stable identity or exact hierarchy/name match"
"LB-LOC-7FC7AC15BE16","No authoritative Arabic source with stable identity or exact hierarchy/name match"
"LB-LOC-5952EA962196","No authoritative Arabic source with stable identity or exact hierarchy/name match"
"LB-LOC-CF8FB0861635","No authoritative Arabic source with stable identity or exact hierarchy/name match"
"LB-LOC-2845628E90FE","No authoritative Arabic source with stable identity or exact hierarchy/name match"
"LB-LOC-A719045A7D08","No authoritative Arabic source with stable identity or exact hierarchy/name match"
"LB-LOC-B849F8DDC65B","No authoritative Arabic source with stable identity or exact hierarchy/name match"
"LB-LOC-497916A79523","No authoritative Arabic source with stable identity or exact hierarchy/name match"
"LB-LOC-C8EB0DF37B15","No authoritative Arabic source with stable identity or exact hierarchy/name match"
"LB-LOC-BD04AC36BDDF","No authoritative Arabic source with stable identity or exact hierarchy/name match"
"LB-LOC-EF56C00CA3DB","No authoritative Arabic source with stable identity or exact hierarchy/name match"
"LB-LOC-2F96123E5AF9","No authoritative Arabic source with stable identity or exact hierarchy/name match"
"LB-LOC-DA00458EB577","No authoritative Arabic source with stable identity or exact hierarchy/name match"
"LB-LOC-E37234B1976A","No authoritative Arabic source with stable identity or exact hierarchy/name match"
"LB-LOC-16A2ADFD2936","No authoritative Arabic source with stable identity or exact hierarchy/name match"
"LB-LOC-42445373F00E","No authoritative Arabic source with stable identity or exact hierarchy/name match"
"LB-LOC-4FEBE9BBCD9B","No authoritative Arabic source with stable identity or exact hierarchy/name match"
"LB-LOC-45A9944696A1","No authoritative Arabic source with stable identity or exact hierarchy/name match"
"LB-LOC-CF89BA3C840D","No authoritative Arabic source with stable identity or exact hierarchy/name match"
"LB-LOC-C404DA907C2A","No authoritative Arabic source with stable identity or exact hierarchy/name match"
"LB-LOC-5CD23460EB61","No authoritative Arabic source with stable identity or exact hierarchy/name match"
"LB-LOC-16737466B23E","No authoritative Arabic source with stable identity or exact hierarchy/name match"
"LB-LOC-E7664AE20A2F","No authoritative Arabic source with stable identity or exact hierarchy/name match"
"LB-LOC-899569AA155A","No authoritative Arabic source with stable identity or exact hierarchy/name match"
"LB-LOC-506F5015D0DF","No authoritative Arabic source with stable identity or exact hierarchy/name match"
"LB-LOC-4AFA695C3236","No authoritative Arabic source with stable identity or exact hierarchy/name match"
"LB-LOC-A340BDAD9DAE","No authoritative Arabic source with stable identity or exact hierarchy/name match"
"LB-LOC-AA37B10C66E1","No authoritative Arabic source with stable identity or exact hierarchy/name match"
"LB-LOC-219A9DE6A313","No authoritative Arabic source with stable identity or exact hierarchy/name match"
"LB-LOC-A5440C78009C","No authoritative Arabic source with stable identity or exact hierarchy/name match"
"LB-LOC-650D55AFF32F","No authoritative Arabic source with stable identity or exact hierarchy/name match"
"LB-LOC-9997C77A6BD7","No authoritative Arabic source with stable identity or exact hierarchy/name match"
"LB-LOC-CBE9B8318937","No authoritative Arabic source with stable identity or exact hierarchy/name match"
"LB-LOC-181E0ED42EDF","No authoritative Arabic source with stable identity or exact hierarchy/name match"
"LB-LOC-06F5A3E0623C","No authoritative Arabic source with stable identity or exact hierarchy/name match"
"LB-LOC-AF3323BA3552","No authoritative Arabic source with stable identity or exact hierarchy/name match"
"LB-LOC-99231B04A6D6","No authoritative Arabic source with stable identity or exact hierarchy/name match"
"LB-LOC-45A7F5165B4B","No authoritative Arabic source with stable identity or exact hierarchy/name match"
"LB-LOC-FACE4B548AF1","No authoritative Arabic source with stable identity or exact hierarchy/name match"
"LB-LOC-3171309FE781","No authoritative Arabic source with stable identity or exact hierarchy/name match"
"LB-LOC-64B78C758F0C","No authoritative Arabic source with stable identity or exact hierarchy/name match"
"LB-LOC-81722757DBC8","No authoritative Arabic source with stable identity or exact hierarchy/name match"
"LB-LOC-6DA1A5298CE4","No authoritative Arabic source with stable identity or exact hierarchy/name match"
"LB-LOC-94A962364DF3","No authoritative Arabic source with stable identity or exact hierarchy/name match"
"LB-LOC-28EBA8C3BA44","No authoritative Arabic source with stable identity or exact hierarchy/name match"
"LB-LOC-A9B5E6BA8D25","No authoritative Arabic source with stable identity or exact hierarchy/name match"
"LB-LOC-7DF98A80AEB2","No authoritative Arabic source with stable identity or exact hierarchy/name match"
"LB-LOC-5967016DE974","No authoritative Arabic source with stable identity or exact hierarchy/name match"
"LB-LOC-C47D017B3FF5","No authoritative Arabic source with stable identity or exact hierarchy/name match"
"LB-LOC-D6C40B6D5FD9","No authoritative Arabic source with stable identity or exact hierarchy/name match"
"LB-LOC-0257405D5CA5","No authoritative Arabic source with stable identity or exact hierarchy/name match"
"LB-LOC-F02050653162","No authoritative Arabic source with stable identity or exact hierarchy/name match"
"LB-LOC-F5CEF4E2E7E1","No authoritative Arabic source with stable identity or exact hierarchy/name match"
"LB-LOC-618C2C0B5A4D","No authoritative Arabic source with stable identity or exact hierarchy/name match"
"LB-LOC-E1C33EC02456","No authoritative Arabic source with stable identity or exact hierarchy/name match"
"LB-LOC-CA8AED2EFD48","No authoritative Arabic source with stable identity or exact hierarchy/name match"
"LB-LOC-131067EA0704","No authoritative Arabic source with stable identity or exact hierarchy/name match"
"LB-LOC-E9B55D163CEB","No authoritative Arabic source with stable identity or exact hierarchy/name match"
"LB-LOC-A80645CEB535","No authoritative Arabic source with stable identity or exact hierarchy/name match"
"LB-LOC-8F431D18A7D2","No authoritative Arabic source with stable identity or exact hierarchy/name match"
"LB-LOC-6EE3B6D97379","No authoritative Arabic source with stable identity or exact hierarchy/name match"
"LB-LOC-02A6B99511EA","No authoritative Arabic source with stable identity or exact hierarchy/name match"
"LB-LOC-A735B7764BF1","No authoritative Arabic source with stable identity or exact hierarchy/name match"
"LB-LOC-70769FD74BD6","No authoritative Arabic source with stable identity or exact hierarchy/name match"
"LB-LOC-8F3C6FEC6D88","No authoritative Arabic source with stable identity or exact hierarchy/name match"
"LB-LOC-15875992B4DF","No authoritative Arabic source with stable identity or exact hierarchy/name match"
"LB-LOC-663107C169B9","No authoritative Arabic source with stable identity or exact hierarchy/name match"
"LB-LOC-2C440D165DEB","No authoritative Arabic source with stable identity or exact hierarchy/name match"
"LB-LOC-B11621C6A281","No authoritative Arabic source with stable identity or exact hierarchy/name match"
"LB-LOC-BD25A28653E5","No authoritative Arabic source with stable identity or exact hierarchy/name match"
"LB-LOC-B80A4CCA03A2","No authoritative Arabic source with stable identity or exact hierarchy/name match"
"LB-LOC-ABDE7ECD8E11","No authoritative Arabic source with stable identity or exact hierarchy/name match"
"LB-LOC-6608E5F2B354","No authoritative Arabic source with stable identity or exact hierarchy/name match"
"LB-LOC-EA5FA7384652","No authoritative Arabic source with stable identity or exact hierarchy/name match"
"LB-LOC-1DE75EB6CDF4","No authoritative Arabic source with stable identity or exact hierarchy/name match"
"LB-LOC-C3E7C476D785","No authoritative Arabic source with stable identity or exact hierarchy/name match"
"LB-LOC-23A0CFCF710F","No authoritative Arabic source with stable identity or exact hierarchy/name match"
"LB-LOC-11A2A5CDC017","No authoritative Arabic source with stable identity or exact hierarchy/name match"
"LB-LOC-CBC4DECDA738","No authoritative Arabic source with stable identity or exact hierarchy/name match"
"LB-LOC-10D9CED6453C","No authoritative Arabic source with stable identity or exact hierarchy/name match"
"LB-LOC-57299BC91CBD","No authoritative Arabic source with stable identity or exact hierarchy/name match"
"LB-LOC-00D6AD0A7A89","No authoritative Arabic source with stable identity or exact hierarchy/name match"
"LB-LOC-BA5C41ACA1F6","No authoritative Arabic source with stable identity or exact hierarchy/name match"
"LB-LOC-4D31892A36C4","No authoritative Arabic source with stable identity or exact hierarchy/name match"
"LB-LOC-62B5EEB25C94","No authoritative Arabic source with stable identity or exact hierarchy/name match"
"LB-LOC-C5A1908BEE59","No authoritative Arabic source with stable identity or exact hierarchy/name match"
"LB-LOC-AAFEDA63A2FF","No authoritative Arabic source with stable identity or exact hierarchy/name match"
"LB-LOC-345BDABF5464","No authoritative Arabic source with stable identity or exact hierarchy/name match"
"LB-LOC-03D96F184E84","No authoritative Arabic source with stable identity or exact hierarchy/name match"
"LB-LOC-9F00CA435E7D","No authoritative Arabic source with stable identity or exact hierarchy/name match"
"LB-LOC-E5E3189D9803","No authoritative Arabic source with stable identity or exact hierarchy/name match"
"LB-LOC-6C719FE00E9B","No authoritative Arabic source with stable identity or exact hierarchy/name match"
"LB-LOC-26A70369C1E2","No authoritative Arabic source with stable identity or exact hierarchy/name match"
"LB-LOC-9109DBDF45CF","No authoritative Arabic source with stable identity or exact hierarchy/name match"
"LB-LOC-AA3BC6224512","No authoritative Arabic source with stable identity or exact hierarchy/name match"
"LB-LOC-A823B385A7D5","No authoritative Arabic source with stable identity or exact hierarchy/name match"
"LB-LOC-40AD7354E6B7","No authoritative Arabic source with stable identity or exact hierarchy/name match"
"LB-LOC-EAB5797C5756","No authoritative Arabic source with stable identity or exact hierarchy/name match"
"LB-LOC-9C918A7B2BF2","No authoritative Arabic source with stable identity or exact hierarchy/name match"
"LB-LOC-64564AB4A055","No authoritative Arabic source with stable identity or exact hierarchy/name match"
"LB-LOC-92D5D5072D79","No authoritative Arabic source with stable identity or exact hierarchy/name match"
"LB-LOC-92C832700C05","No authoritative Arabic source with stable identity or exact hierarchy/name match"
"LB-LOC-91452A63A813","No authoritative Arabic source with stable identity or exact hierarchy/name match"
"LB-LOC-21FAAC73F881","No authoritative Arabic source with stable identity or exact hierarchy/name match"
"LB-LOC-28DB8BBF0BF8","No authoritative Arabic source with stable identity or exact hierarchy/name match"
"LB-LOC-970D2CE55338","No authoritative Arabic source with stable identity or exact hierarchy/name match"
"LB-LOC-3654ACB9D573","No authoritative Arabic source with stable identity or exact hierarchy/name match"
"LB-LOC-98A9BCC0153E","No authoritative Arabic source with stable identity or exact hierarchy/name match"
"LB-LOC-B78B157E59EE","No authoritative Arabic source with stable identity or exact hierarchy/name match"
"LB-LOC-BBFE173019AD","No authoritative Arabic source with stable identity or exact hierarchy/name match"
"LB-LOC-D8644786B0BE","No authoritative Arabic source with stable identity or exact hierarchy/name match"
"LB-LOC-C80BE1750A5D","No authoritative Arabic source with stable identity or exact hierarchy/name match"
"LB-LOC-556BAD84906C","No authoritative Arabic source with stable identity or exact hierarchy/name match"
"LB-LOC-EC4D4FB5CC8E","No authoritative Arabic source with stable identity or exact hierarchy/name match"
"LB-LOC-C863BC69D5AB","No authoritative Arabic source with stable identity or exact hierarchy/name match"
"LB-LOC-5E9C57ACF726","No authoritative Arabic source with stable identity or exact hierarchy/name match"
"LB-LOC-D03665D04100","No authoritative Arabic source with stable identity or exact hierarchy/name match"
"LB-LOC-762206F7C9FC","No authoritative Arabic source with stable identity or exact hierarchy/name match"
"LB-LOC-CCAD33B1E7BB","No authoritative Arabic source with stable identity or exact hierarchy/name match"
"LB-LOC-09F1A641C214","No authoritative Arabic source with stable identity or exact hierarchy/name match"
"LB-LOC-BA74FBC829F1","No authoritative Arabic source with stable identity or exact hierarchy/name match"
"LB-LOC-9FF69EB41D37","No authoritative Arabic source with stable identity or exact hierarchy/name match"
"LB-LOC-536FCA359762","No authoritative Arabic source with stable identity or exact hierarchy/name match"
"LB-LOC-18D775595616","No authoritative Arabic source with stable identity or exact hierarchy/name match"
"LB-LOC-3F3945B59B54","No authoritative Arabic source with stable identity or exact hierarchy/name match"
"LB-LOC-5F755176CE6B","No authoritative Arabic source with stable identity or exact hierarchy/name match"
"LB-LOC-8DAE415C882D","No authoritative Arabic source with stable identity or exact hierarchy/name match"
"LB-LOC-D9CF0826907B","No authoritative Arabic source with stable identity or exact hierarchy/name match"
"LB-LOC-4CBE0F2C0C05","No authoritative Arabic source with stable identity or exact hierarchy/name match"
"LB-LOC-A6D8BAC2F07F","No authoritative Arabic source with stable identity or exact hierarchy/name match"
"LB-LOC-520DD3B8AFE5","No authoritative Arabic source with stable identity or exact hierarchy/name match"
"LB-LOC-D8864F928495","No authoritative Arabic source with stable identity or exact hierarchy/name match"
"LB-LOC-BFE2673B7AFB","No authoritative Arabic source with stable identity or exact hierarchy/name match"
"LB-LOC-DA3D55C4AA7C","No authoritative Arabic source with stable identity or exact hierarchy/name match"
"LB-LOC-C0ED5BFCEAB3","No authoritative Arabic source with stable identity or exact hierarchy/name match"
"LB-LOC-D9B0C59F386B","No authoritative Arabic source with stable identity or exact hierarchy/name match"
"LB-LOC-B95DE691B510","No authoritative Arabic source with stable identity or exact hierarchy/name match"
"LB-LOC-53BF8732D986","No authoritative Arabic source with stable identity or exact hierarchy/name match"
"LB-LOC-FF1E983DA509","No authoritative Arabic source with stable identity or exact hierarchy/name match"
"LB-LOC-553F50417B00","No authoritative Arabic source with stable identity or exact hierarchy/name match"
"LB-LOC-0E895DE66D7F","No authoritative Arabic source with stable identity or exact hierarchy/name match"
"LB-LOC-C8B0D2A53E7D","No authoritative Arabic source with stable identity or exact hierarchy/name match"
"LB-LOC-D73D4B1FB4F2","No authoritative Arabic source with stable identity or exact hierarchy/name match"
"LB-LOC-5D2DD5ED821A","No authoritative Arabic source with stable identity or exact hierarchy/name match"
"LB-LOC-A759B830D854","No authoritative Arabic source with stable identity or exact hierarchy/name match"
"LB-LOC-E4042C2407EA","No authoritative Arabic source with stable identity or exact hierarchy/name match"
"LB-LOC-6FB03DADBC4F","No authoritative Arabic source with stable identity or exact hierarchy/name match"
"LB-LOC-9682F4F96D05","No authoritative Arabic source with stable identity or exact hierarchy/name match"
"LB-LOC-AF6FF2F7B614","No authoritative Arabic source with stable identity or exact hierarchy/name match"
"LB-LOC-89EAB3DEFDE4","No authoritative Arabic source with stable identity or exact hierarchy/name match"
"LB-LOC-065ACE9526FC","No authoritative Arabic source with stable identity or exact hierarchy/name match"
"LB-LOC-1A6CD2C3DF13","No authoritative Arabic source with stable identity or exact hierarchy/name match"
"LB-LOC-079616AC6C26","No authoritative Arabic source with stable identity or exact hierarchy/name match"
"LB-LOC-B9A58C4E478A","No authoritative Arabic source with stable identity or exact hierarchy/name match"
"LB-LOC-DE96D829B85C","No authoritative Arabic source with stable identity or exact hierarchy/name match"
"LB-LOC-766ACEFF3760","No authoritative Arabic source with stable identity or exact hierarchy/name match"
"LB-LOC-3A02F2CCC966","No authoritative Arabic source with stable identity or exact hierarchy/name match"
"LB-LOC-9218F2D04EA1","No authoritative Arabic source with stable identity or exact hierarchy/name match"
"LB-LOC-3AFDED5DC8F6","No authoritative Arabic source with stable identity or exact hierarchy/name match"
"LB-LOC-345A54B45F94","No authoritative Arabic source with stable identity or exact hierarchy/name match"
"LB-LOC-C19846A680E4","No authoritative Arabic source with stable identity or exact hierarchy/name match"
"LB-LOC-BFF10A19D0CA","No authoritative Arabic source with stable identity or exact hierarchy/name match"
"LB-LOC-7CC6D7417920","No authoritative Arabic source with stable identity or exact hierarchy/name match"
"LB-LOC-5ADE16559DC7","No authoritative Arabic source with stable identity or exact hierarchy/name match"
"LB-LOC-4481199424C2","No authoritative Arabic source with stable identity or exact hierarchy/name match"
"LB-LOC-1E228685D766","No authoritative Arabic source with stable identity or exact hierarchy/name match"
"LB-LOC-758A1EA37372","No authoritative Arabic source with stable identity or exact hierarchy/name match"
"LB-LOC-D83F4E0A20E7","No authoritative Arabic source with stable identity or exact hierarchy/name match"
"LB-LOC-AA1D52EE210F","No authoritative Arabic source with stable identity or exact hierarchy/name match"
"LB-LOC-222C1021ACBD","No authoritative Arabic source with stable identity or exact hierarchy/name match"
"LB-LOC-74CDCDF0682C","No authoritative Arabic source with stable identity or exact hierarchy/name match"
"LB-LOC-D344B7ACC318","No authoritative Arabic source with stable identity or exact hierarchy/name match"
"LB-LOC-F1B5052E86F0","No authoritative Arabic source with stable identity or exact hierarchy/name match"
"LB-LOC-B6CF6282B8F7","No authoritative Arabic source with stable identity or exact hierarchy/name match"
"LB-LOC-649E03D38319","No authoritative Arabic source with stable identity or exact hierarchy/name match"
"LB-LOC-C2C24279BE5B","No authoritative Arabic source with stable identity or exact hierarchy/name match"
"LB-LOC-D869DDD95D21","No authoritative Arabic source with stable identity or exact hierarchy/name match"
"LB-LOC-D370F87B2C2C","No authoritative Arabic source with stable identity or exact hierarchy/name match"
"LB-LOC-E7991BC271DE","No authoritative Arabic source with stable identity or exact hierarchy/name match"
"LB-LOC-6CEB011204DC","No authoritative Arabic source with stable identity or exact hierarchy/name match"
"LB-LOC-04F9E64F7B6D","No authoritative Arabic source with stable identity or exact hierarchy/name match"
"LB-LOC-FAB2ED1CF42B","No authoritative Arabic source with stable identity or exact hierarchy/name match"
"LB-LOC-5AC85740FBDB","No authoritative Arabic source with stable identity or exact hierarchy/name match"
"LB-LOC-15ED5E81AD69","No authoritative Arabic source with stable identity or exact hierarchy/name match"
"LB-LOC-35A4AFD9B9E3","No authoritative Arabic source with stable identity or exact hierarchy/name match"
"LB-LOC-108546C91501","No authoritative Arabic source with stable identity or exact hierarchy/name match"
"LB-LOC-967316020E2C","No authoritative Arabic source with stable identity or exact hierarchy/name match"
"LB-LOC-721ACE009ADB","No authoritative Arabic source with stable identity or exact hierarchy/name match"
"LB-LOC-8AD084FA1EC2","No authoritative Arabic source with stable identity or exact hierarchy/name match"
"LB-LOC-BCC2FE5F508B","No authoritative Arabic source with stable identity or exact hierarchy/name match"
"LB-LOC-97A4A99E6414","No authoritative Arabic source with stable identity or exact hierarchy/name match"
"LB-LOC-127C10615130","No authoritative Arabic source with stable identity or exact hierarchy/name match"
"LB-LOC-215AF851115E","No authoritative Arabic source with stable identity or exact hierarchy/name match"
"LB-LOC-672342B39272","No authoritative Arabic source with stable identity or exact hierarchy/name match"
"LB-LOC-BB19FE55CBFA","No authoritative Arabic source with stable identity or exact hierarchy/name match"
"LB-LOC-86F2B8430CCA","No authoritative Arabic source with stable identity or exact hierarchy/name match"
"LB-LOC-28D12EA76447","No authoritative Arabic source with stable identity or exact hierarchy/name match"
"LB-LOC-0A1ACEB0084A","No authoritative Arabic source with stable identity or exact hierarchy/name match"
"LB-LOC-B292F3586EB3","No authoritative Arabic source with stable identity or exact hierarchy/name match"
"LB-LOC-771CCE9F01F3","No authoritative Arabic source with stable identity or exact hierarchy/name match"
"LB-LOC-D532C39A9B4A","No authoritative Arabic source with stable identity or exact hierarchy/name match"
"LB-LOC-29F7330A515E","No authoritative Arabic source with stable identity or exact hierarchy/name match"
"LB-LOC-121D30ADB9F4","No authoritative Arabic source with stable identity or exact hierarchy/name match"
"LB-LOC-11F0ADABCFDF","No authoritative Arabic source with stable identity or exact hierarchy/name match"
"LB-LOC-5454E5F046BC","No authoritative Arabic source with stable identity or exact hierarchy/name match"
"LB-LOC-918956C81F0D","No authoritative Arabic source with stable identity or exact hierarchy/name match"
"LB-LOC-14C2BA4F2509","No authoritative Arabic source with stable identity or exact hierarchy/name match"
"LB-LOC-1A9C3D68EBF4","No authoritative Arabic source with stable identity or exact hierarchy/name match"
"LB-LOC-8E20CCDF655E","No authoritative Arabic source with stable identity or exact hierarchy/name match"
"LB-LOC-DCD71EEB03F8","No authoritative Arabic source with stable identity or exact hierarchy/name match"
"LB-LOC-1EEC781ADAC1","No authoritative Arabic source with stable identity or exact hierarchy/name match"
"LB-LOC-2E260844FBFC","No authoritative Arabic source with stable identity or exact hierarchy/name match"
"LB-LOC-D35CCCE6352E","No authoritative Arabic source with stable identity or exact hierarchy/name match"
"LB-LOC-D682C52AE0F8","No authoritative Arabic source with stable identity or exact hierarchy/name match"
"LB-LOC-0A42C7CE05AD","No authoritative Arabic source with stable identity or exact hierarchy/name match"
"LB-LOC-64A3EEB6B153","No authoritative Arabic source with stable identity or exact hierarchy/name match"
"LB-LOC-37DE0FD15849","No authoritative Arabic source with stable identity or exact hierarchy/name match"
"LB-LOC-1FC4764EE0DD","No authoritative Arabic source with stable identity or exact hierarchy/name match"
"LB-LOC-9DECB3A9312B","No authoritative Arabic source with stable identity or exact hierarchy/name match"
"LB-LOC-D863E9759F1F","No authoritative Arabic source with stable identity or exact hierarchy/name match"
"LB-LOC-B27595C2CF1F","No authoritative Arabic source with stable identity or exact hierarchy/name match"
"LB-LOC-B4FEE6094103","No authoritative Arabic source with stable identity or exact hierarchy/name match"
"LB-LOC-8D7EB3D21ECB","No authoritative Arabic source with stable identity or exact hierarchy/name match"
"LB-LOC-ED1F6C10E052","No authoritative Arabic source with stable identity or exact hierarchy/name match"
"LB-LOC-DB2F69B55526","No authoritative Arabic source with stable identity or exact hierarchy/name match"
"LB-LOC-3EA2ABBAEDCF","No authoritative Arabic source with stable identity or exact hierarchy/name match"
"LB-LOC-F60E70D2D03D","No authoritative Arabic source with stable identity or exact hierarchy/name match"
"LB-LOC-A2287299FFD7","No authoritative Arabic source with stable identity or exact hierarchy/name match"
"LB-LOC-02432C9CD227","No authoritative Arabic source with stable identity or exact hierarchy/name match"
"LB-LOC-9A8257372BF1","No authoritative Arabic source with stable identity or exact hierarchy/name match"
"LB-LOC-BB9F8B826ECE","No authoritative Arabic source with stable identity or exact hierarchy/name match"
"LB-LOC-24965909477F","No authoritative Arabic source with stable identity or exact hierarchy/name match"
"LB-LOC-6C0EAE8E60B2","No authoritative Arabic source with stable identity or exact hierarchy/name match"
"LB-LOC-C3502B2F5D6C","No authoritative Arabic source with stable identity or exact hierarchy/name match"
"LB-LOC-6FC886634497","No authoritative Arabic source with stable identity or exact hierarchy/name match"
"LB-LOC-516DD593C651","No authoritative Arabic source with stable identity or exact hierarchy/name match"
"LB-LOC-ECA3D64FEB80","No authoritative Arabic source with stable identity or exact hierarchy/name match"
"LB-LOC-CE1CA1C25998","No authoritative Arabic source with stable identity or exact hierarchy/name match"
"LB-LOC-940A2851EAA5","No authoritative Arabic source with stable identity or exact hierarchy/name match"
"LB-LOC-2969BB28B1AE","No authoritative Arabic source with stable identity or exact hierarchy/name match"
"LB-LOC-CC30A04046DA","No authoritative Arabic source with stable identity or exact hierarchy/name match"
"LB-LOC-8D157619ADC4","No authoritative Arabic source with stable identity or exact hierarchy/name match"
"LB-LOC-FCCB9D81BD86","No authoritative Arabic source with stable identity or exact hierarchy/name match"
"LB-LOC-86DFBC18FD05","No authoritative Arabic source with stable identity or exact hierarchy/name match"
"LB-LOC-820CA4A47113","No authoritative Arabic source with stable identity or exact hierarchy/name match"
"LB-LOC-80B853D72B58","No authoritative Arabic source with stable identity or exact hierarchy/name match"
"LB-LOC-764D37EA7C8D","No authoritative Arabic source with stable identity or exact hierarchy/name match"
"LB-LOC-BFBE32A5BFF4","No authoritative Arabic source with stable identity or exact hierarchy/name match"
"LB-LOC-4AE05F903716","No authoritative Arabic source with stable identity or exact hierarchy/name match"
"LB-LOC-CBD8DD9D6742","No authoritative Arabic source with stable identity or exact hierarchy/name match"
"LB-LOC-99725332E9EF","No authoritative Arabic source with stable identity or exact hierarchy/name match"
"LB-LOC-84F6CA3DAFAE","No authoritative Arabic source with stable identity or exact hierarchy/name match"
"LB-LOC-446C703074E3","No authoritative Arabic source with stable identity or exact hierarchy/name match"
"LB-LOC-F153CF8C138E","No authoritative Arabic source with stable identity or exact hierarchy/name match"
"LB-LOC-DE76E8C1ECC1","No authoritative Arabic source with stable identity or exact hierarchy/name match"
"LB-LOC-6FD2C60C41A5","No authoritative Arabic source with stable identity or exact hierarchy/name match"
"LB-LOC-B1A147F8DE68","No authoritative Arabic source with stable identity or exact hierarchy/name match"
"LB-LOC-FE9CE73B75CF","No authoritative Arabic source with stable identity or exact hierarchy/name match"
"LB-LOC-0E3F57A438C2","No authoritative Arabic source with stable identity or exact hierarchy/name match"
"LB-LOC-81B012AC8AA1","No authoritative Arabic source with stable identity or exact hierarchy/name match"
"LB-LOC-EABC40AF37AE","No authoritative Arabic source with stable identity or exact hierarchy/name match"
"LB-LOC-8C1A87AD7193","No authoritative Arabic source with stable identity or exact hierarchy/name match"
"LB-LOC-5CA736E3EBF8","No authoritative Arabic source with stable identity or exact hierarchy/name match"
"LB-LOC-5B77A8D783BA","No authoritative Arabic source with stable identity or exact hierarchy/name match"
"LB-LOC-6B412958E2EA","No authoritative Arabic source with stable identity or exact hierarchy/name match"
"LB-LOC-EB9FCDA124CE","No authoritative Arabic source with stable identity or exact hierarchy/name match"
"LB-LOC-1B79059F7B62","No authoritative Arabic source with stable identity or exact hierarchy/name match"
"LB-LOC-BC3D682C759A","No authoritative Arabic source with stable identity or exact hierarchy/name match"
"LB-LOC-4CA88E93F91B","No authoritative Arabic source with stable identity or exact hierarchy/name match"
"LB-LOC-8315876ECF17","No authoritative Arabic source with stable identity or exact hierarchy/name match"
"LB-LOC-32B61BFE60B4","No authoritative Arabic source with stable identity or exact hierarchy/name match"
"LB-LOC-1AE438121144","No authoritative Arabic source with stable identity or exact hierarchy/name match"
"LB-LOC-33DCCEC2F233","No authoritative Arabic source with stable identity or exact hierarchy/name match"
"LB-LOC-929350D8FDFF","No authoritative Arabic source with stable identity or exact hierarchy/name match"
"LB-LOC-68626AD868E3","No authoritative Arabic source with stable identity or exact hierarchy/name match"
"LB-LOC-3CA7DB402E7E","No authoritative Arabic source with stable identity or exact hierarchy/name match"
"LB-LOC-2DDAF1A38357","No authoritative Arabic source with stable identity or exact hierarchy/name match"
"LB-LOC-E3A7874589E8","No authoritative Arabic source with stable identity or exact hierarchy/name match"
"LB-LOC-1494077E7D77","No authoritative Arabic source with stable identity or exact hierarchy/name match"
"LB-LOC-61E21D7BEED7","No authoritative Arabic source with stable identity or exact hierarchy/name match"
"LB-LOC-03576E4BD9D4","No authoritative Arabic source with stable identity or exact hierarchy/name match"
"LB-LOC-293F33C0C46A","No authoritative Arabic source with stable identity or exact hierarchy/name match"
"LB-LOC-08729326618B","No authoritative Arabic source with stable identity or exact hierarchy/name match"
"LB-LOC-720C54DF24D6","No authoritative Arabic source with stable identity or exact hierarchy/name match"
"LB-LOC-00CA3CDEEAA2","No authoritative Arabic source with stable identity or exact hierarchy/name match"
"LB-LOC-69037F655ADE","No authoritative Arabic source with stable identity or exact hierarchy/name match"
"LB-LOC-85F37169DA73","No authoritative Arabic source with stable identity or exact hierarchy/name match"
"LB-LOC-E56AB1AE489B","No authoritative Arabic source with stable identity or exact hierarchy/name match"
"LB-LOC-6CEADBA8881F","No authoritative Arabic source with stable identity or exact hierarchy/name match"
"LB-LOC-9C3AB261EFBB","No authoritative Arabic source with stable identity or exact hierarchy/name match"
"LB-LOC-71582A5795DC","No authoritative Arabic source with stable identity or exact hierarchy/name match"
"LB-LOC-5DBB1E2CF432","No authoritative Arabic source with stable identity or exact hierarchy/name match"
"LB-LOC-3F5F358AE491","No authoritative Arabic source with stable identity or exact hierarchy/name match"
"LB-LOC-54DC036B175D","No authoritative Arabic source with stable identity or exact hierarchy/name match"
"LB-LOC-7037B06E06C0","No authoritative Arabic source with stable identity or exact hierarchy/name match"
"LB-LOC-D0E1C3CC2248","No authoritative Arabic source with stable identity or exact hierarchy/name match"
"LB-LOC-66827D9DC16D","No authoritative Arabic source with stable identity or exact hierarchy/name match"
"LB-LOC-C4F8D47052F6","No authoritative Arabic source with stable identity or exact hierarchy/name match"
"LB-LOC-67ED016E05E6","No authoritative Arabic source with stable identity or exact hierarchy/name match"
"LB-LOC-514464A682E4","No authoritative Arabic source with stable identity or exact hierarchy/name match"
"LB-LOC-8BE01F72BE43","No authoritative Arabic source with stable identity or exact hierarchy/name match"
"LB-LOC-D0433AB8E99D","No authoritative Arabic source with stable identity or exact hierarchy/name match"
"LB-LOC-1322879BC7F4","No authoritative Arabic source with stable identity or exact hierarchy/name match"
"LB-LOC-A16B872AA5A2","No authoritative Arabic source with stable identity or exact hierarchy/name match"
"LB-LOC-13519382C03C","No authoritative Arabic source with stable identity or exact hierarchy/name match"
"LB-LOC-BFEAF296D684","No authoritative Arabic source with stable identity or exact hierarchy/name match"
"LB-LOC-81A2A2C6261D","No authoritative Arabic source with stable identity or exact hierarchy/name match"
"LB-LOC-CC84A2BB96A6","No authoritative Arabic source with stable identity or exact hierarchy/name match"
"LB-LOC-CC9A799DBFCD","No authoritative Arabic source with stable identity or exact hierarchy/name match"
"LB-LOC-2DAB920FF031","No authoritative Arabic source with stable identity or exact hierarchy/name match"
"LB-LOC-BFC75A8E957A","No authoritative Arabic source with stable identity or exact hierarchy/name match"
"LB-LOC-D208AC02B792","No authoritative Arabic source with stable identity or exact hierarchy/name match"
"LB-LOC-AF01215FA72A","No authoritative Arabic source with stable identity or exact hierarchy/name match"
"LB-LOC-28EFB4C92F12","No authoritative Arabic source with stable identity or exact hierarchy/name match"
"LB-LOC-DE8DC1213622","No authoritative Arabic source with stable identity or exact hierarchy/name match"
"LB-LOC-F0742AE90A44","No authoritative Arabic source with stable identity or exact hierarchy/name match"
"LB-LOC-1573AD221360","No authoritative Arabic source with stable identity or exact hierarchy/name match"
"LB-LOC-E8C5447F2116","No authoritative Arabic source with stable identity or exact hierarchy/name match"
"LB-LOC-6A1E73483E3A","No authoritative Arabic source with stable identity or exact hierarchy/name match"
"LB-LOC-BC22B6E38E80","No authoritative Arabic source with stable identity or exact hierarchy/name match"
"LB-LOC-67B0C84EDF8B","No authoritative Arabic source with stable identity or exact hierarchy/name match"
"LB-LOC-7E88EFC96509","No authoritative Arabic source with stable identity or exact hierarchy/name match"
"LB-LOC-1BE13EBB0B41","No authoritative Arabic source with stable identity or exact hierarchy/name match"
"LB-LOC-A003060C9FE6","No authoritative Arabic source with stable identity or exact hierarchy/name match"
"LB-LOC-50964D8EC155","No authoritative Arabic source with stable identity or exact hierarchy/name match"
"LB-LOC-A8899A087182","No authoritative Arabic source with stable identity or exact hierarchy/name match"
"LB-LOC-4276E5D509EB","No authoritative Arabic source with stable identity or exact hierarchy/name match"
"LB-LOC-2679C3D384C7","No authoritative Arabic source with stable identity or exact hierarchy/name match"
"LB-LOC-F82081359B99","No authoritative Arabic source with stable identity or exact hierarchy/name match"
"LB-LOC-C2D01C4EC24F","No authoritative Arabic source with stable identity or exact hierarchy/name match"
"LB-LOC-A82EB9A0216E","No authoritative Arabic source with stable identity or exact hierarchy/name match"
"LB-LOC-CD1C7158A7CD","No authoritative Arabic source with stable identity or exact hierarchy/name match"
"LB-LOC-70B3934A78BF","No authoritative Arabic source with stable identity or exact hierarchy/name match"
"LB-LOC-0240DF3D5819","No authoritative Arabic source with stable identity or exact hierarchy/name match"
"LB-LOC-5AB576C6AE0C","No authoritative Arabic source with stable identity or exact hierarchy/name match"
"LB-LOC-0252E1CBD071","No authoritative Arabic source with stable identity or exact hierarchy/name match"
"LB-LOC-2080563D88EC","No authoritative Arabic source with stable identity or exact hierarchy/name match"
"LB-LOC-7291448E9594","No authoritative Arabic source with stable identity or exact hierarchy/name match"
"LB-LOC-2E6F0CD56D98","No authoritative Arabic source with stable identity or exact hierarchy/name match"
"LB-LOC-445878A2CDF1","No authoritative Arabic source with stable identity or exact hierarchy/name match"
"LB-LOC-F98E872AC249","No authoritative Arabic source with stable identity or exact hierarchy/name match"
"LB-LOC-C8486527599B","No authoritative Arabic source with stable identity or exact hierarchy/name match"
"LB-LOC-D1DEE12C4F1A","No authoritative Arabic source with stable identity or exact hierarchy/name match"
"LB-LOC-CC6194D7CC94","No authoritative Arabic source with stable identity or exact hierarchy/name match"
"LB-LOC-76B94CCA0A5C","No authoritative Arabic source with stable identity or exact hierarchy/name match"
"LB-LOC-0EE6FDE171DA","No authoritative Arabic source with stable identity or exact hierarchy/name match"
"LB-LOC-1074A9F302D8","No authoritative Arabic source with stable identity or exact hierarchy/name match"
"LB-LOC-630B70F1A5D2","No authoritative Arabic source with stable identity or exact hierarchy/name match"
"LB-LOC-72B4527CBF50","No authoritative Arabic source with stable identity or exact hierarchy/name match"
"LB-LOC-98476D0AC298","No authoritative Arabic source with stable identity or exact hierarchy/name match"
"LB-LOC-496334972C9A","No authoritative Arabic source with stable identity or exact hierarchy/name match"
"LB-LOC-7396DCB3B4F1","No authoritative Arabic source with stable identity or exact hierarchy/name match"
"LB-LOC-FC78C1F41B4C","No authoritative Arabic source with stable identity or exact hierarchy/name match"
"LB-LOC-9B9BFA782388","No authoritative Arabic source with stable identity or exact hierarchy/name match"
"LB-LOC-3E3C48594E79","No authoritative Arabic source with stable identity or exact hierarchy/name match"
"LB-LOC-CFCA6334B58B","No authoritative Arabic source with stable identity or exact hierarchy/name match"
"LB-LOC-1D72B217A5CF","No authoritative Arabic source with stable identity or exact hierarchy/name match"
"LB-LOC-046F6ABF1A4E","No authoritative Arabic source with stable identity or exact hierarchy/name match"
"LB-LOC-0483C9CD3E42","No authoritative Arabic source with stable identity or exact hierarchy/name match"
"LB-LOC-4E20C99079C9","No authoritative Arabic source with stable identity or exact hierarchy/name match"
"LB-LOC-0A0D18E2F555","No authoritative Arabic source with stable identity or exact hierarchy/name match"
"LB-LOC-B9885E532583","No authoritative Arabic source with stable identity or exact hierarchy/name match"
"LB-LOC-7BAFE4E1590D","No authoritative Arabic source with stable identity or exact hierarchy/name match"
"LB-LOC-AACD109E1AFF","No authoritative Arabic source with stable identity or exact hierarchy/name match"
"LB-LOC-39FDEB6BB54C","No authoritative Arabic source with stable identity or exact hierarchy/name match"
"LB-LOC-24A29557AB4F","No authoritative Arabic source with stable identity or exact hierarchy/name match"
"LB-LOC-0FD164221E4B","No authoritative Arabic source with stable identity or exact hierarchy/name match"
"LB-LOC-49F7F2F1B12B","No authoritative Arabic source with stable identity or exact hierarchy/name match"
"LB-LOC-A0A512510253","No authoritative Arabic source with stable identity or exact hierarchy/name match"
"LB-LOC-ACFD4971A682","No authoritative Arabic source with stable identity or exact hierarchy/name match"
"LB-LOC-30BA8677753E","No authoritative Arabic source with stable identity or exact hierarchy/name match"
"LB-LOC-9BAC422F2A4B","No authoritative Arabic source with stable identity or exact hierarchy/name match"
"LB-LOC-2BD65F3E32E4","No authoritative Arabic source with stable identity or exact hierarchy/name match"
"LB-LOC-8B7B13691E8D","No authoritative Arabic source with stable identity or exact hierarchy/name match"
"LB-LOC-030C678A9E38","No authoritative Arabic source with stable identity or exact hierarchy/name match"
"LB-LOC-311057F2A585","No authoritative Arabic source with stable identity or exact hierarchy/name match"
"LB-LOC-A33AF4EBC287","No authoritative Arabic source with stable identity or exact hierarchy/name match"
"LB-LOC-4D6EED858C14","No authoritative Arabic source with stable identity or exact hierarchy/name match"
"LB-LOC-80E0EFD1815D","No authoritative Arabic source with stable identity or exact hierarchy/name match"
"LB-LOC-89E5EDAFED08","No authoritative Arabic source with stable identity or exact hierarchy/name match"
"LB-LOC-A8AAD2F2ADE0","No authoritative Arabic source with stable identity or exact hierarchy/name match"
"LB-LOC-055D9205B2DA","No authoritative Arabic source with stable identity or exact hierarchy/name match"
"LB-LOC-29E2191655D3","No authoritative Arabic source with stable identity or exact hierarchy/name match"
"LB-LOC-A5FA163ACDEA","No authoritative Arabic source with stable identity or exact hierarchy/name match"
"LB-LOC-EA803C1129F0","No authoritative Arabic source with stable identity or exact hierarchy/name match"
"LB-LOC-E114750B08B5","No authoritative Arabic source with stable identity or exact hierarchy/name match"
"LB-LOC-4C6753B3439C","No authoritative Arabic source with stable identity or exact hierarchy/name match"
"LB-LOC-A5862F267AED","No authoritative Arabic source with stable identity or exact hierarchy/name match"
"LB-LOC-582E7260C8F1","No authoritative Arabic source with stable identity or exact hierarchy/name match"
"LB-LOC-16D15E01168A","No authoritative Arabic source with stable identity or exact hierarchy/name match"
"LB-LOC-B571AACD19E6","No authoritative Arabic source with stable identity or exact hierarchy/name match"
"LB-LOC-01D1D08F35D9","No authoritative Arabic source with stable identity or exact hierarchy/name match"
"LB-LOC-71DAA0CA2FA3","No authoritative Arabic source with stable identity or exact hierarchy/name match"
"LB-LOC-C892FD989A8C","No authoritative Arabic source with stable identity or exact hierarchy/name match"
"LB-LOC-FDFA8EB254EE","No authoritative Arabic source with stable identity or exact hierarchy/name match"
"LB-LOC-03133BDD2124","No authoritative Arabic source with stable identity or exact hierarchy/name match"
"LB-LOC-C9A8D1A31830","No authoritative Arabic source with stable identity or exact hierarchy/name match"
"LB-LOC-F904CF431315","No authoritative Arabic source with stable identity or exact hierarchy/name match"
"LB-LOC-DBCE3F80AB4D","No authoritative Arabic source with stable identity or exact hierarchy/name match"
"LB-LOC-B2125A9C18C8","No authoritative Arabic source with stable identity or exact hierarchy/name match"
"LB-LOC-7F8AB2B0317D","No authoritative Arabic source with stable identity or exact hierarchy/name match"
"LB-LOC-98E63629FE64","No authoritative Arabic source with stable identity or exact hierarchy/name match"
"LB-LOC-2F4611A7D534","No authoritative Arabic source with stable identity or exact hierarchy/name match"
"LB-LOC-A01F0A85F2AA","No authoritative Arabic source with stable identity or exact hierarchy/name match"
"LB-LOC-262BD6DD59C8","No authoritative Arabic source with stable identity or exact hierarchy/name match"
"LB-LOC-9CD85B2FA303","No authoritative Arabic source with stable identity or exact hierarchy/name match"
"LB-LOC-ADD909F984CB","No authoritative Arabic source with stable identity or exact hierarchy/name match"
"LB-LOC-3DD0AAEA24B1","No authoritative Arabic source with stable identity or exact hierarchy/name match"
"LB-LOC-D0BF0895ED43","No authoritative Arabic source with stable identity or exact hierarchy/name match"
"LB-LOC-42DD0D7A489D","No authoritative Arabic source with stable identity or exact hierarchy/name match"
"LB-LOC-18F1AECED55A","No authoritative Arabic source with stable identity or exact hierarchy/name match"
"LB-LOC-91D5CD671564","No authoritative Arabic source with stable identity or exact hierarchy/name match"
"LB-LOC-DC923F159A69","No authoritative Arabic source with stable identity or exact hierarchy/name match"
"LB-LOC-279D46872642","No authoritative Arabic source with stable identity or exact hierarchy/name match"
"LB-LOC-A15D10812FBE","No authoritative Arabic source with stable identity or exact hierarchy/name match"
"LB-LOC-4F6AB88F5F6B","No authoritative Arabic source with stable identity or exact hierarchy/name match"
"LB-LOC-624BACEF2183","No authoritative Arabic source with stable identity or exact hierarchy/name match"
"LB-LOC-655B65C60632","No authoritative Arabic source with stable identity or exact hierarchy/name match"
"LB-LOC-B5BEFCBE3EE3","No authoritative Arabic source with stable identity or exact hierarchy/name match"
"LB-LOC-47B9F0E32A51","No authoritative Arabic source with stable identity or exact hierarchy/name match"
"LB-LOC-0DAEB6FA2773","No authoritative Arabic source with stable identity or exact hierarchy/name match"
"LB-LOC-7B08DE54EC5C","No authoritative Arabic source with stable identity or exact hierarchy/name match"
"LB-LOC-A47DA47BF68C","No authoritative Arabic source with stable identity or exact hierarchy/name match"
"LB-LOC-FA2069EFFB67","No authoritative Arabic source with stable identity or exact hierarchy/name match"
"LB-LOC-FE70DE1A7820","No authoritative Arabic source with stable identity or exact hierarchy/name match"
"LB-LOC-31376693838F","No authoritative Arabic source with stable identity or exact hierarchy/name match"
"LB-LOC-1DB91364FCC8","No authoritative Arabic source with stable identity or exact hierarchy/name match"
"LB-LOC-51D7E6BCCD16","No authoritative Arabic source with stable identity or exact hierarchy/name match"
"LB-LOC-D3ADE895D1F4","No authoritative Arabic source with stable identity or exact hierarchy/name match"
"LB-LOC-32EE783B7A3F","No authoritative Arabic source with stable identity or exact hierarchy/name match"
"LB-LOC-814553F43F90","No authoritative Arabic source with stable identity or exact hierarchy/name match"
"LB-LOC-8882AE4D29E3","No authoritative Arabic source with stable identity or exact hierarchy/name match"
"LB-LOC-DF9955CE4897","No authoritative Arabic source with stable identity or exact hierarchy/name match"
"LB-LOC-4DF3E2F0459E","No authoritative Arabic source with stable identity or exact hierarchy/name match"
"LB-LOC-636B0D473C6F","No authoritative Arabic source with stable identity or exact hierarchy/name match"
"LB-LOC-F29121DF843E","No authoritative Arabic source with stable identity or exact hierarchy/name match"
"LB-LOC-77EDE11EE297","No authoritative Arabic source with stable identity or exact hierarchy/name match"
"LB-LOC-DFAC11E715B7","No authoritative Arabic source with stable identity or exact hierarchy/name match"
"LB-LOC-D70D1DB295DF","No authoritative Arabic source with stable identity or exact hierarchy/name match"
"LB-LOC-B3FF9190DF80","No authoritative Arabic source with stable identity or exact hierarchy/name match"
"LB-LOC-468F89CF78A8","No authoritative Arabic source with stable identity or exact hierarchy/name match"
"LB-LOC-EF0305955E5F","No authoritative Arabic source with stable identity or exact hierarchy/name match"
"LB-LOC-F18F9C3D34D0","No authoritative Arabic source with stable identity or exact hierarchy/name match"
"LB-LOC-396525178B37","No authoritative Arabic source with stable identity or exact hierarchy/name match"
"LB-LOC-24322164F78C","No authoritative Arabic source with stable identity or exact hierarchy/name match"
"LB-LOC-F9440F126924","No authoritative Arabic source with stable identity or exact hierarchy/name match"
"LB-LOC-3212FFB34EC9","No authoritative Arabic source with stable identity or exact hierarchy/name match"
"LB-LOC-A4793DF224DC","No authoritative Arabic source with stable identity or exact hierarchy/name match"
"LB-LOC-1CBAC636F552","No authoritative Arabic source with stable identity or exact hierarchy/name match"
"LB-LOC-5CB6D8F46221","No authoritative Arabic source with stable identity or exact hierarchy/name match"
"LB-LOC-DBCE88B4C517","No authoritative Arabic source with stable identity or exact hierarchy/name match"
"LB-LOC-F90ECA621053","No authoritative Arabic source with stable identity or exact hierarchy/name match"
"LB-LOC-0992A77AE2FF","No authoritative Arabic source with stable identity or exact hierarchy/name match"
"LB-LOC-F4BED1FBD01A","No authoritative Arabic source with stable identity or exact hierarchy/name match"
"LB-LOC-F7A59CB33A3E","No authoritative Arabic source with stable identity or exact hierarchy/name match"
"LB-LOC-B4D51A6894CE","No authoritative Arabic source with stable identity or exact hierarchy/name match"
"LB-LOC-C66E4A92AA79","No authoritative Arabic source with stable identity or exact hierarchy/name match"
"LB-LOC-0C8514069F93","No authoritative Arabic source with stable identity or exact hierarchy/name match"
"LB-LOC-A58F1628FC03","No authoritative Arabic source with stable identity or exact hierarchy/name match"
"LB-LOC-9285C1C9595C","No authoritative Arabic source with stable identity or exact hierarchy/name match"
"LB-LOC-437F894B5EB6","No authoritative Arabic source with stable identity or exact hierarchy/name match"
"LB-LOC-44320C8EDBF7","No authoritative Arabic source with stable identity or exact hierarchy/name match"
"LB-LOC-95333C4DC708","No authoritative Arabic source with stable identity or exact hierarchy/name match"
"LB-LOC-EFDAB7DDE8AA","No authoritative Arabic source with stable identity or exact hierarchy/name match"
"LB-LOC-0E5D24F70CB8","No authoritative Arabic source with stable identity or exact hierarchy/name match"
"LB-LOC-420BB404364A","No authoritative Arabic source with stable identity or exact hierarchy/name match"
"LB-LOC-9E7A79EEA341","No authoritative Arabic source with stable identity or exact hierarchy/name match"
"LB-LOC-30A94C517CB7","No authoritative Arabic source with stable identity or exact hierarchy/name match"
"LB-LOC-A094D3DEB5C0","No authoritative Arabic source with stable identity or exact hierarchy/name match"
"LB-LOC-146D8DDB2D05","No authoritative Arabic source with stable identity or exact hierarchy/name match"
"LB-LOC-E78A36397B31","No authoritative Arabic source with stable identity or exact hierarchy/name match"
"LB-LOC-FFF9A88F51FA","No authoritative Arabic source with stable identity or exact hierarchy/name match"
"LB-LOC-5E4E74EA4AD0","No authoritative Arabic source with stable identity or exact hierarchy/name match"
"LB-LOC-701313CA4DC1","No authoritative Arabic source with stable identity or exact hierarchy/name match"
"LB-LOC-5FCF7D20499F","No authoritative Arabic source with stable identity or exact hierarchy/name match"
"LB-LOC-EBB681C1921C","No authoritative Arabic source with stable identity or exact hierarchy/name match"
"LB-LOC-01C8E012C5E6","No authoritative Arabic source with stable identity or exact hierarchy/name match"
"LB-LOC-969A801A1FCC","No authoritative Arabic source with stable identity or exact hierarchy/name match"
"LB-LOC-368E53174731","No authoritative Arabic source with stable identity or exact hierarchy/name match"
"LB-LOC-7C8BB27F844C","No authoritative Arabic source with stable identity or exact hierarchy/name match"
"LB-LOC-0ADCC60374A4","No authoritative Arabic source with stable identity or exact hierarchy/name match"
"LB-LOC-42A3C1EBB229","No authoritative Arabic source with stable identity or exact hierarchy/name match"
"LB-LOC-4C12468CC671","No authoritative Arabic source with stable identity or exact hierarchy/name match"
"LB-LOC-59D306A207D9","No authoritative Arabic source with stable identity or exact hierarchy/name match"
"LB-LOC-37BF0CFBD037","No authoritative Arabic source with stable identity or exact hierarchy/name match"
"LB-LOC-985A62A088BF","No authoritative Arabic source with stable identity or exact hierarchy/name match"
"LB-LOC-0D9908AD5ADA","No authoritative Arabic source with stable identity or exact hierarchy/name match"
"LB-LOC-C32BC9523D6A","No authoritative Arabic source with stable identity or exact hierarchy/name match"
"LB-LOC-C1A288A219FC","No authoritative Arabic source with stable identity or exact hierarchy/name match"
"LB-LOC-A5527D6A7E46","No authoritative Arabic source with stable identity or exact hierarchy/name match"
"LB-LOC-7DEB351BC8D5","No authoritative Arabic source with stable identity or exact hierarchy/name match"
"LB-LOC-4F9FABD24B78","No authoritative Arabic source with stable identity or exact hierarchy/name match"
"LB-LOC-31E9B02D0FFF","No authoritative Arabic source with stable identity or exact hierarchy/name match"
"LB-LOC-72012247F3F5","No authoritative Arabic source with stable identity or exact hierarchy/name match"
"LB-LOC-FF41D04C6B0F","No authoritative Arabic source with stable identity or exact hierarchy/name match"
"LB-LOC-DC509E8DA928","No authoritative Arabic source with stable identity or exact hierarchy/name match"
"LB-LOC-8AF4D08B4F84","No authoritative Arabic source with stable identity or exact hierarchy/name match"
"LB-LOC-19BB0601DEE2","No authoritative Arabic source with stable identity or exact hierarchy/name match"
"LB-LOC-815C8FB01AA5","No authoritative Arabic source with stable identity or exact hierarchy/name match"
"LB-LOC-B0DCA057FCCD","No authoritative Arabic source with stable identity or exact hierarchy/name match"
"LB-LOC-782D7C37379E","No authoritative Arabic source with stable identity or exact hierarchy/name match"
"LB-LOC-613D76CC4AFD","No authoritative Arabic source with stable identity or exact hierarchy/name match"
"LB-LOC-B4FD835544E4","No authoritative Arabic source with stable identity or exact hierarchy/name match"
"LB-LOC-ED8967DC6193","No authoritative Arabic source with stable identity or exact hierarchy/name match"
"LB-LOC-C84D56AFB31A","No authoritative Arabic source with stable identity or exact hierarchy/name match"
"LB-LOC-B7105AE4C35A","No authoritative Arabic source with stable identity or exact hierarchy/name match"
"LB-LOC-A839A7EF2D5B","No authoritative Arabic source with stable identity or exact hierarchy/name match"
"LB-LOC-B51DECBB60D7","No authoritative Arabic source with stable identity or exact hierarchy/name match"
"LB-LOC-E684EF7206BB","No authoritative Arabic source with stable identity or exact hierarchy/name match"
"LB-LOC-E8B29E25DA79","No authoritative Arabic source with stable identity or exact hierarchy/name match"
"LB-LOC-D33B85B0466A","No authoritative Arabic source with stable identity or exact hierarchy/name match"
"LB-LOC-4E39788FB9BF","No authoritative Arabic source with stable identity or exact hierarchy/name match"
"LB-LOC-5DD8313A3B7C","No authoritative Arabic source with stable identity or exact hierarchy/name match"
"LB-LOC-69B1D0B7EB43","No authoritative Arabic source with stable identity or exact hierarchy/name match"
"LB-LOC-EB8929D1A5F7","No authoritative Arabic source with stable identity or exact hierarchy/name match"
"LB-LOC-AE2BC9F60B46","No authoritative Arabic source with stable identity or exact hierarchy/name match"
"LB-LOC-DB18BD279D1A","No authoritative Arabic source with stable identity or exact hierarchy/name match"
"LB-LOC-7EA46CB645D2","No authoritative Arabic source with stable identity or exact hierarchy/name match"
"LB-LOC-6FB48A5D46C1","No authoritative Arabic source with stable identity or exact hierarchy/name match"
"LB-LOC-D96F30975D1B","No authoritative Arabic source with stable identity or exact hierarchy/name match"
"LB-LOC-1370B49DF231","No authoritative Arabic source with stable identity or exact hierarchy/name match"
"LB-LOC-84F9D5085F22","No authoritative Arabic source with stable identity or exact hierarchy/name match"
"LB-LOC-6ED12FA6DC0D","No authoritative Arabic source with stable identity or exact hierarchy/name match"
"LB-LOC-F84A4FEA8441","No authoritative Arabic source with stable identity or exact hierarchy/name match"
"LB-LOC-F06340B25A11","No authoritative Arabic source with stable identity or exact hierarchy/name match"
"LB-LOC-069B9E31ABA9","No authoritative Arabic source with stable identity or exact hierarchy/name match"
"LB-LOC-C5A308088A1E","No authoritative Arabic source with stable identity or exact hierarchy/name match"
"LB-LOC-CD6A6D03E565","No authoritative Arabic source with stable identity or exact hierarchy/name match"
"LB-LOC-72AAF5FFB183","No authoritative Arabic source with stable identity or exact hierarchy/name match"
"LB-LOC-28B520FB3914","No authoritative Arabic source with stable identity or exact hierarchy/name match"
"LB-LOC-9DCEFCFB728F","No authoritative Arabic source with stable identity or exact hierarchy/name match"
"LB-LOC-8AFD447B6317","No authoritative Arabic source with stable identity or exact hierarchy/name match"
"LB-LOC-78A887AF080E","No authoritative Arabic source with stable identity or exact hierarchy/name match"
"LB-LOC-0CFE3C2E75BE","No authoritative Arabic source with stable identity or exact hierarchy/name match"
"LB-LOC-D062F52859F9","No authoritative Arabic source with stable identity or exact hierarchy/name match"
"LB-LOC-229BAE37C901","No authoritative Arabic source with stable identity or exact hierarchy/name match"
"LB-LOC-AC95D6FCD90F","No authoritative Arabic source with stable identity or exact hierarchy/name match"
"LB-LOC-0A5CD68E19EE","No authoritative Arabic source with stable identity or exact hierarchy/name match"
"LB-LOC-490B342A8A54","No authoritative Arabic source with stable identity or exact hierarchy/name match"
"LB-LOC-28AB0737A877","No authoritative Arabic source with stable identity or exact hierarchy/name match"
"LB-LOC-79A10BC5A0C7","No authoritative Arabic source with stable identity or exact hierarchy/name match"
"LB-LOC-B73E4D8122D8","No authoritative Arabic source with stable identity or exact hierarchy/name match"
"LB-LOC-6EC20EA5A18B","No authoritative Arabic source with stable identity or exact hierarchy/name match"
"LB-LOC-F4083C8DE0DE","No authoritative Arabic source with stable identity or exact hierarchy/name match"
"LB-LOC-AB88F7571ACF","No authoritative Arabic source with stable identity or exact hierarchy/name match"
"LB-LOC-B5FB7178A420","No authoritative Arabic source with stable identity or exact hierarchy/name match"
"LB-LOC-73E7CA940824","No authoritative Arabic source with stable identity or exact hierarchy/name match"
"LB-LOC-1A474D3DB96F","No authoritative Arabic source with stable identity or exact hierarchy/name match"
"LB-LOC-D389EAD3920A","No authoritative Arabic source with stable identity or exact hierarchy/name match"
"LB-LOC-454CE4AE0EDD","No authoritative Arabic source with stable identity or exact hierarchy/name match"
"LB-LOC-03EB8E750882","No authoritative Arabic source with stable identity or exact hierarchy/name match"
"LB-LOC-92090E5ED2D2","No authoritative Arabic source with stable identity or exact hierarchy/name match"
"LB-LOC-952DC9CC0E71","No authoritative Arabic source with stable identity or exact hierarchy/name match"
"LB-LOC-5F5D113ABFC4","No authoritative Arabic source with stable identity or exact hierarchy/name match"
"LB-LOC-917623CC6506","No authoritative Arabic source with stable identity or exact hierarchy/name match"
"LB-LOC-A95C39AC4AF4","No authoritative Arabic source with stable identity or exact hierarchy/name match"
"LB-LOC-1C7D5EE61C3A","No authoritative Arabic source with stable identity or exact hierarchy/name match"
"LB-LOC-FFC0F0988529","No authoritative Arabic source with stable identity or exact hierarchy/name match"
"LB-LOC-0702A5A72292","No authoritative Arabic source with stable identity or exact hierarchy/name match"
"LB-LOC-260512DE1F95","No authoritative Arabic source with stable identity or exact hierarchy/name match"
"LB-LOC-5B340B88BB4E","No authoritative Arabic source with stable identity or exact hierarchy/name match"
"LB-LOC-F45718A47E66","No authoritative Arabic source with stable identity or exact hierarchy/name match"
"LB-LOC-712E797CB51F","No authoritative Arabic source with stable identity or exact hierarchy/name match"
"LB-LOC-5AA9BF40F511","No authoritative Arabic source with stable identity or exact hierarchy/name match"
"LB-LOC-19533207B193","No authoritative Arabic source with stable identity or exact hierarchy/name match"
"LB-LOC-DF179E988F88","No authoritative Arabic source with stable identity or exact hierarchy/name match"
"LB-LOC-49FCCE286D97","No authoritative Arabic source with stable identity or exact hierarchy/name match"
"LB-LOC-57263E5617EE","No authoritative Arabic source with stable identity or exact hierarchy/name match"
"LB-LOC-222325A408C9","No authoritative Arabic source with stable identity or exact hierarchy/name match"
"LB-LOC-FF75D778368B","No authoritative Arabic source with stable identity or exact hierarchy/name match"
"LB-LOC-C3C1475A24A8","No authoritative Arabic source with stable identity or exact hierarchy/name match"
"LB-LOC-F0F85472EBA7","No authoritative Arabic source with stable identity or exact hierarchy/name match"
"LB-LOC-410D7E6CBCD4","No authoritative Arabic source with stable identity or exact hierarchy/name match"
"LB-LOC-3992A4862A36","No authoritative Arabic source with stable identity or exact hierarchy/name match"
"LB-LOC-63BF34C87A33","No authoritative Arabic source with stable identity or exact hierarchy/name match"
"LB-LOC-E7F5EBB8CBBD","No authoritative Arabic source with stable identity or exact hierarchy/name match"
"LB-LOC-6A96236A59B4","No authoritative Arabic source with stable identity or exact hierarchy/name match"
"LB-LOC-8FBD414961D3","No authoritative Arabic source with stable identity or exact hierarchy/name match"
"LB-LOC-2214EB7825BC","No authoritative Arabic source with stable identity or exact hierarchy/name match"
"LB-LOC-EB4ECAD771E8","No authoritative Arabic source with stable identity or exact hierarchy/name match"
"LB-LOC-E0CE2F477C3A","No authoritative Arabic source with stable identity or exact hierarchy/name match"
"LB-LOC-1F3E3A44F367","No authoritative Arabic source with stable identity or exact hierarchy/name match"
"LB-LOC-6DC9E21AD0C4","No authoritative Arabic source with stable identity or exact hierarchy/name match"
"LB-LOC-FA0863E1A6B7","No authoritative Arabic source with stable identity or exact hierarchy/name match"
"LB-LOC-3785938A24B6","No authoritative Arabic source with stable identity or exact hierarchy/name match"
"LB-LOC-8942249A222B","No authoritative Arabic source with stable identity or exact hierarchy/name match"
"LB-LOC-01D7B5C4AB22","No authoritative Arabic source with stable identity or exact hierarchy/name match"
"LB-LOC-576A364BB7F3","No authoritative Arabic source with stable identity or exact hierarchy/name match"
"LB-LOC-5BB4168EF39D","No authoritative Arabic source with stable identity or exact hierarchy/name match"
"LB-LOC-D9ED7CAEDB81","No authoritative Arabic source with stable identity or exact hierarchy/name match"
"LB-LOC-6EC3E4C3BC1A","No authoritative Arabic source with stable identity or exact hierarchy/name match"
"LB-LOC-BB20FB4AE527","No authoritative Arabic source with stable identity or exact hierarchy/name match"
"LB-LOC-0C2CED204F82","No authoritative Arabic source with stable identity or exact hierarchy/name match"
"LB-LOC-9BC8D3579607","No authoritative Arabic source with stable identity or exact hierarchy/name match"
"LB-LOC-FC0BE7DB5632","No authoritative Arabic source with stable identity or exact hierarchy/name match"
"LB-LOC-3A90A62B8D56","No authoritative Arabic source with stable identity or exact hierarchy/name match"
"LB-LOC-88F9FA056AAC","No authoritative Arabic source with stable identity or exact hierarchy/name match"
"LB-LOC-9720872BCC9D","No authoritative Arabic source with stable identity or exact hierarchy/name match"
"LB-LOC-1F382A881DFB","No authoritative Arabic source with stable identity or exact hierarchy/name match"
"LB-LOC-E6BE537811EE","No authoritative Arabic source with stable identity or exact hierarchy/name match"
"LB-LOC-9F8525FABC57","No authoritative Arabic source with stable identity or exact hierarchy/name match"
"LB-LOC-1D880F51A9F3","No authoritative Arabic source with stable identity or exact hierarchy/name match"
"LB-LOC-77DF0749DCEB","No authoritative Arabic source with stable identity or exact hierarchy/name match"
"LB-LOC-71B8A72C06FF","No authoritative Arabic source with stable identity or exact hierarchy/name match"
"LB-LOC-704919BA71D0","No authoritative Arabic source with stable identity or exact hierarchy/name match"
"LB-LOC-73BA6CDE6D6F","No authoritative Arabic source with stable identity or exact hierarchy/name match"
"LB-LOC-735A6E823EF5","No authoritative Arabic source with stable identity or exact hierarchy/name match"
"LB-LOC-9640C4DC7ACB","No authoritative Arabic source with stable identity or exact hierarchy/name match"
"LB-LOC-8E423B8411B1","No authoritative Arabic source with stable identity or exact hierarchy/name match"
"LB-LOC-06BB82961ED5","No authoritative Arabic source with stable identity or exact hierarchy/name match"
"LB-LOC-2C8FA6772ECA","No authoritative Arabic source with stable identity or exact hierarchy/name match"
"LB-LOC-6A4C4EB5D9AE","No authoritative Arabic source with stable identity or exact hierarchy/name match"
"LB-LOC-03F3050E3A5A","No authoritative Arabic source with stable identity or exact hierarchy/name match"
"LB-LOC-7EDE5E9B563F","No authoritative Arabic source with stable identity or exact hierarchy/name match"
"LB-LOC-6255D4FB047C","No authoritative Arabic source with stable identity or exact hierarchy/name match"
"LB-LOC-CE67468698BA","No authoritative Arabic source with stable identity or exact hierarchy/name match"
"LB-LOC-7C976CF6A0A4","No authoritative Arabic source with stable identity or exact hierarchy/name match"
"LB-LOC-509765877DB7","No authoritative Arabic source with stable identity or exact hierarchy/name match"
"LB-LOC-2B2D6B55C6B9","No authoritative Arabic source with stable identity or exact hierarchy/name match"
"LB-LOC-79E71B1ECF14","No authoritative Arabic source with stable identity or exact hierarchy/name match"
"LB-LOC-DA31EE07F883","No authoritative Arabic source with stable identity or exact hierarchy/name match"
"LB-LOC-7CD0A8BA8502","No authoritative Arabic source with stable identity or exact hierarchy/name match"
"LB-LOC-8325DF086679","No authoritative Arabic source with stable identity or exact hierarchy/name match"
"LB-LOC-03B1D627CF43","No authoritative Arabic source with stable identity or exact hierarchy/name match"
"LB-LOC-F2686750AF35","No authoritative Arabic source with stable identity or exact hierarchy/name match"
"LB-LOC-B28C1230A292","No authoritative Arabic source with stable identity or exact hierarchy/name match"
"LB-LOC-9FA7A5201EFD","No authoritative Arabic source with stable identity or exact hierarchy/name match"
"LB-LOC-6ECF1FCDA552","No authoritative Arabic source with stable identity or exact hierarchy/name match"
"LB-LOC-59BCD2DD6213","No authoritative Arabic source with stable identity or exact hierarchy/name match"
"LB-LOC-E1358A6D686D","No authoritative Arabic source with stable identity or exact hierarchy/name match"
"LB-LOC-EEC19A2EE8A2","No authoritative Arabic source with stable identity or exact hierarchy/name match"
"LB-LOC-5CC155A31197","No authoritative Arabic source with stable identity or exact hierarchy/name match"
"LB-LOC-D18B6F1C361D","No authoritative Arabic source with stable identity or exact hierarchy/name match"
"LB-LOC-9A66523884CF","No authoritative Arabic source with stable identity or exact hierarchy/name match"
"LB-LOC-1D6121EF6BD7","No authoritative Arabic source with stable identity or exact hierarchy/name match"
"LB-LOC-D461B4F53EC2","No authoritative Arabic source with stable identity or exact hierarchy/name match"
"LB-LOC-3C60C2252E30","No authoritative Arabic source with stable identity or exact hierarchy/name match"
"LB-LOC-7923D1794B94","No authoritative Arabic source with stable identity or exact hierarchy/name match"
"LB-LOC-786BD2D75782","No authoritative Arabic source with stable identity or exact hierarchy/name match"
"LB-LOC-031BC5BA503D","No authoritative Arabic source with stable identity or exact hierarchy/name match"
"LB-LOC-C1CB538335B5","No authoritative Arabic source with stable identity or exact hierarchy/name match"
"LB-LOC-4FD93782272F","No authoritative Arabic source with stable identity or exact hierarchy/name match"
"LB-LOC-91A1B2B01BE4","No authoritative Arabic source with stable identity or exact hierarchy/name match"
"LB-LOC-7B4A7224C402","No authoritative Arabic source with stable identity or exact hierarchy/name match"
"LB-LOC-6A424464D881","No authoritative Arabic source with stable identity or exact hierarchy/name match"
"LB-LOC-493440B3919B","No authoritative Arabic source with stable identity or exact hierarchy/name match"
"LB-LOC-9BF4EB729E1A","No authoritative Arabic source with stable identity or exact hierarchy/name match"
"LB-LOC-55327E1CE577","No authoritative Arabic source with stable identity or exact hierarchy/name match"
"LB-LOC-EC931D38DD2B","No authoritative Arabic source with stable identity or exact hierarchy/name match"
"LB-LOC-EA83277B21C8","No authoritative Arabic source with stable identity or exact hierarchy/name match"
"LB-LOC-0629C9E32F7F","No authoritative Arabic source with stable identity or exact hierarchy/name match"
"LB-LOC-ABB7C2F2F8FD","No authoritative Arabic source with stable identity or exact hierarchy/name match"
"LB-LOC-8A7EE9014068","No authoritative Arabic source with stable identity or exact hierarchy/name match"
"LB-LOC-995F9434698E","No authoritative Arabic source with stable identity or exact hierarchy/name match"
"LB-LOC-5A86AD85EF11","No authoritative Arabic source with stable identity or exact hierarchy/name match"
"LB-LOC-59174E80DF4E","No authoritative Arabic source with stable identity or exact hierarchy/name match"
"LB-LOC-931EC5AFF86B","No authoritative Arabic source with stable identity or exact hierarchy/name match"
"LB-LOC-9258B8A217E4","No authoritative Arabic source with stable identity or exact hierarchy/name match"
"LB-LOC-01157B2E1219","No authoritative Arabic source with stable identity or exact hierarchy/name match"
"LB-LOC-7E6BDAA3405F","No authoritative Arabic source with stable identity or exact hierarchy/name match"
"LB-LOC-6ABE84F45458","No authoritative Arabic source with stable identity or exact hierarchy/name match"
"LB-LOC-38089A760B68","No authoritative Arabic source with stable identity or exact hierarchy/name match"
"LB-LOC-E43E47861EB8","No authoritative Arabic source with stable identity or exact hierarchy/name match"
"LB-LOC-539D3FF074D6","No authoritative Arabic source with stable identity or exact hierarchy/name match"
"LB-LOC-6318C34D6F36","No authoritative Arabic source with stable identity or exact hierarchy/name match"
"LB-LOC-F7FAD3B99274","No authoritative Arabic source with stable identity or exact hierarchy/name match"
"LB-LOC-374D25AC745C","No authoritative Arabic source with stable identity or exact hierarchy/name match"
"LB-LOC-7F808967D450","No authoritative Arabic source with stable identity or exact hierarchy/name match"
"LB-LOC-55C47F880233","No authoritative Arabic source with stable identity or exact hierarchy/name match"
"LB-LOC-7A6A50FA450C","No authoritative Arabic source with stable identity or exact hierarchy/name match"
"LB-LOC-E0C66FA6773E","No authoritative Arabic source with stable identity or exact hierarchy/name match"
"LB-LOC-638003D16146","No authoritative Arabic source with stable identity or exact hierarchy/name match"
"LB-LOC-33F4631E3616","No authoritative Arabic source with stable identity or exact hierarchy/name match"
"LB-LOC-398B5E6A565E","No authoritative Arabic source with stable identity or exact hierarchy/name match"
"LB-LOC-91B44A784D22","No authoritative Arabic source with stable identity or exact hierarchy/name match"
"LB-LOC-0FA50ED303AA","No authoritative Arabic source with stable identity or exact hierarchy/name match"
"LB-LOC-82705873857A","No authoritative Arabic source with stable identity or exact hierarchy/name match"
"LB-LOC-52C2C6108FEA","No authoritative Arabic source with stable identity or exact hierarchy/name match"
"LB-LOC-34C27F7B9C9F","No authoritative Arabic source with stable identity or exact hierarchy/name match"
"LB-LOC-D795EE00E3CA","No authoritative Arabic source with stable identity or exact hierarchy/name match"
"LB-LOC-7E6ECD9135F7","No authoritative Arabic source with stable identity or exact hierarchy/name match"
"LB-LOC-2E10B488E49B","No authoritative Arabic source with stable identity or exact hierarchy/name match"
"LB-LOC-FAF77B9A5C3B","No authoritative Arabic source with stable identity or exact hierarchy/name match"
"LB-LOC-7C4C6CD12CB7","No authoritative Arabic source with stable identity or exact hierarchy/name match"
"LB-LOC-77EB3062D9F6","No authoritative Arabic source with stable identity or exact hierarchy/name match"
"LB-LOC-CD10C7C214F3","No authoritative Arabic source with stable identity or exact hierarchy/name match"
"LB-LOC-B2C68BDA7358","No authoritative Arabic source with stable identity or exact hierarchy/name match"
"LB-LOC-9DF887952EB5","No authoritative Arabic source with stable identity or exact hierarchy/name match"
"LB-LOC-2E5DFD40D5B6","No authoritative Arabic source with stable identity or exact hierarchy/name match"
"LB-LOC-5DC42C15EBA8","No authoritative Arabic source with stable identity or exact hierarchy/name match"
"LB-LOC-6B48BBBD1288","No authoritative Arabic source with stable identity or exact hierarchy/name match"
"LB-LOC-7D2B89E9184F","No authoritative Arabic source with stable identity or exact hierarchy/name match"
"LB-LOC-7D654747DF97","No authoritative Arabic source with stable identity or exact hierarchy/name match"
"LB-LOC-BC52609BB7C1","No authoritative Arabic source with stable identity or exact hierarchy/name match"
"LB-LOC-DD3E1ABBD6AD","No authoritative Arabic source with stable identity or exact hierarchy/name match"
"LB-LOC-9F82B9C11294","No authoritative Arabic source with stable identity or exact hierarchy/name match"
"LB-LOC-5FC800D39336","No authoritative Arabic source with stable identity or exact hierarchy/name match"
"LB-LOC-1B5BCF7BA624","No authoritative Arabic source with stable identity or exact hierarchy/name match"
"LB-LOC-A4F07764B474","No authoritative Arabic source with stable identity or exact hierarchy/name match"
"LB-LOC-702492EDEB9E","No authoritative Arabic source with stable identity or exact hierarchy/name match"
"LB-LOC-7F4C50195368","No authoritative Arabic source with stable identity or exact hierarchy/name match"
"LB-LOC-2278514160A9","No authoritative Arabic source with stable identity or exact hierarchy/name match"
"LB-LOC-D073E88203FC","No authoritative Arabic source with stable identity or exact hierarchy/name match"
"LB-LOC-B0C163B2507F","No authoritative Arabic source with stable identity or exact hierarchy/name match"
"LB-LOC-523A7E1F57DA","No authoritative Arabic source with stable identity or exact hierarchy/name match"
"LB-LOC-050EB8321E8F","No authoritative Arabic source with stable identity or exact hierarchy/name match"
"LB-LOC-EE978EEADC35","No authoritative Arabic source with stable identity or exact hierarchy/name match"
"LB-LOC-E6CD040B05F9","No authoritative Arabic source with stable identity or exact hierarchy/name match"
"LB-LOC-97A9C7A316E8","No authoritative Arabic source with stable identity or exact hierarchy/name match"
"LB-LOC-27AD4E8A0787","No authoritative Arabic source with stable identity or exact hierarchy/name match"
"LB-LOC-BFFD18BB2F30","No authoritative Arabic source with stable identity or exact hierarchy/name match"
"LB-LOC-5C7DBC5A66D8","No authoritative Arabic source with stable identity or exact hierarchy/name match"
"LB-LOC-EBEC5CEE4235","No authoritative Arabic source with stable identity or exact hierarchy/name match"
"LB-LOC-BEE2CDB2DA6E","No authoritative Arabic source with stable identity or exact hierarchy/name match"
"LB-LOC-C70113329F72","No authoritative Arabic source with stable identity or exact hierarchy/name match"
"LB-LOC-8AE40435683A","No authoritative Arabic source with stable identity or exact hierarchy/name match"
"LB-LOC-03978F41B3BE","No authoritative Arabic source with stable identity or exact hierarchy/name match"
"LB-LOC-C4559C8824E7","No authoritative Arabic source with stable identity or exact hierarchy/name match"
"LB-LOC-256A59071C3B","No authoritative Arabic source with stable identity or exact hierarchy/name match"
"LB-LOC-1BD0F11F2653","No authoritative Arabic source with stable identity or exact hierarchy/name match"
"LB-LOC-D7F887521349","No authoritative Arabic source with stable identity or exact hierarchy/name match"
"LB-LOC-4FF47EE60C94","No authoritative Arabic source with stable identity or exact hierarchy/name match"
"LB-LOC-D6215DE7D20F","No authoritative Arabic source with stable identity or exact hierarchy/name match"
"LB-LOC-A5D48CF278AA","No authoritative Arabic source with stable identity or exact hierarchy/name match"
"LB-LOC-F4B48427EE16","No authoritative Arabic source with stable identity or exact hierarchy/name match"
"LB-LOC-FE7A9EAAC52D","No authoritative Arabic source with stable identity or exact hierarchy/name match"
"LB-LOC-74FBBAFF503A","No authoritative Arabic source with stable identity or exact hierarchy/name match"
"LB-LOC-E7C0E49B6039","No authoritative Arabic source with stable identity or exact hierarchy/name match"
"LB-LOC-E542DFD6B4C3","No authoritative Arabic source with stable identity or exact hierarchy/name match"
"LB-LOC-3A83FB8C30BD","No authoritative Arabic source with stable identity or exact hierarchy/name match"
"LB-LOC-DAA9CDD473F5","No authoritative Arabic source with stable identity or exact hierarchy/name match"
"LB-LOC-DF406BB063F7","No authoritative Arabic source with stable identity or exact hierarchy/name match"
"LB-LOC-E233D88B0C73","No authoritative Arabic source with stable identity or exact hierarchy/name match"
"LB-LOC-064876BA3EC9","No authoritative Arabic source with stable identity or exact hierarchy/name match"
"LB-LOC-36D1796A6BDD","No authoritative Arabic source with stable identity or exact hierarchy/name match"
"LB-LOC-8C76E821F40D","No authoritative Arabic source with stable identity or exact hierarchy/name match"
"LB-LOC-59446F2771D3","No authoritative Arabic source with stable identity or exact hierarchy/name match"
"LB-LOC-AFBEB6AFADCF","No authoritative Arabic source with stable identity or exact hierarchy/name match"
"LB-LOC-A2A6044B2A4D","No authoritative Arabic source with stable identity or exact hierarchy/name match"
"LB-LOC-200F58C3E624","No authoritative Arabic source with stable identity or exact hierarchy/name match"
"LB-LOC-210F2D9FC77A","No authoritative Arabic source with stable identity or exact hierarchy/name match"
"LB-LOC-0C7D2232EB73","No authoritative Arabic source with stable identity or exact hierarchy/name match"
"LB-LOC-41EC1907B0CB","No authoritative Arabic source with stable identity or exact hierarchy/name match"
"LB-LOC-CE862C6CF65C","No authoritative Arabic source with stable identity or exact hierarchy/name match"
"LB-LOC-1CA24791E479","No authoritative Arabic source with stable identity or exact hierarchy/name match"
"LB-LOC-91DB8AFAFA16","No authoritative Arabic source with stable identity or exact hierarchy/name match"
"LB-LOC-703C07069774","No authoritative Arabic source with stable identity or exact hierarchy/name match"
"LB-LOC-490E68FE517A","No authoritative Arabic source with stable identity or exact hierarchy/name match"
"LB-LOC-558845300D25","No authoritative Arabic source with stable identity or exact hierarchy/name match"
"LB-LOC-40E5813F5DF8","No authoritative Arabic source with stable identity or exact hierarchy/name match"
"LB-LOC-508379D85177","No authoritative Arabic source with stable identity or exact hierarchy/name match"
"LB-LOC-ECC3F504DCA8","No authoritative Arabic source with stable identity or exact hierarchy/name match"
"LB-LOC-5978587EB1B3","No authoritative Arabic source with stable identity or exact hierarchy/name match"
"LB-LOC-170702AE91EB","No authoritative Arabic source with stable identity or exact hierarchy/name match"
"LB-LOC-077A9BA584B7","No authoritative Arabic source with stable identity or exact hierarchy/name match"
"LB-LOC-6F06E2E872AB","No authoritative Arabic source with stable identity or exact hierarchy/name match"
"LB-LOC-A9F445F89B5B","No authoritative Arabic source with stable identity or exact hierarchy/name match"
"LB-LOC-7AC1738FEBD7","No authoritative Arabic source with stable identity or exact hierarchy/name match"
"LB-LOC-B1CC5F7C65BE","No authoritative Arabic source with stable identity or exact hierarchy/name match"
"LB-LOC-8C4EC71EFC87","No authoritative Arabic source with stable identity or exact hierarchy/name match"
"LB-LOC-058396174017","No authoritative Arabic source with stable identity or exact hierarchy/name match"
"LB-LOC-DF86F132B0B0","No authoritative Arabic source with stable identity or exact hierarchy/name match"
"LB-LOC-0D047689C1FC","No authoritative Arabic source with stable identity or exact hierarchy/name match"
"LB-LOC-AE291E0A44E6","No authoritative Arabic source with stable identity or exact hierarchy/name match"
"LB-LOC-1BA8BD6E5BB8","No authoritative Arabic source with stable identity or exact hierarchy/name match"
"LB-LOC-D385C86B055A","No authoritative Arabic source with stable identity or exact hierarchy/name match"
"LB-LOC-E046546B0472","No authoritative Arabic source with stable identity or exact hierarchy/name match"
"LB-LOC-DB10E32B9E3D","No authoritative Arabic source with stable identity or exact hierarchy/name match"
"LB-LOC-00C4D22D5C1E","No authoritative Arabic source with stable identity or exact hierarchy/name match"
"LB-LOC-A4D07317827F","No authoritative Arabic source with stable identity or exact hierarchy/name match"
"LB-LOC-7453C03A3044","No authoritative Arabic source with stable identity or exact hierarchy/name match"
"LB-LOC-C66AC25CAE22","No authoritative Arabic source with stable identity or exact hierarchy/name match"
"LB-LOC-832134DDE44A","No authoritative Arabic source with stable identity or exact hierarchy/name match"
"LB-LOC-90E5E5EDCDBB","No authoritative Arabic source with stable identity or exact hierarchy/name match"
"LB-LOC-C2A76F9E10CC","No authoritative Arabic source with stable identity or exact hierarchy/name match"
"LB-LOC-25C23145D945","No authoritative Arabic source with stable identity or exact hierarchy/name match"
"LB-LOC-E815116561B6","No authoritative Arabic source with stable identity or exact hierarchy/name match"
"LB-LOC-F15EE3D5B2A4","No authoritative Arabic source with stable identity or exact hierarchy/name match"
"LB-LOC-05B19ABBB7A6","No authoritative Arabic source with stable identity or exact hierarchy/name match"
"LB-LOC-8DCD1DEE7445","No authoritative Arabic source with stable identity or exact hierarchy/name match"
"LB-LOC-EF5ED3652349","No authoritative Arabic source with stable identity or exact hierarchy/name match"
"LB-LOC-23B2864DD8B8","No authoritative Arabic source with stable identity or exact hierarchy/name match"
"LB-LOC-8FE9A6A8A542","No authoritative Arabic source with stable identity or exact hierarchy/name match"
"LB-LOC-3BE4CA069809","No authoritative Arabic source with stable identity or exact hierarchy/name match"
"LB-LOC-112BE7B08EC7","No authoritative Arabic source with stable identity or exact hierarchy/name match"
"LB-LOC-ADE8DC23BE75","No authoritative Arabic source with stable identity or exact hierarchy/name match"
"LB-LOC-B4690E73CF00","No authoritative Arabic source with stable identity or exact hierarchy/name match"
"LB-LOC-AB226EC6D9E5","No authoritative Arabic source with stable identity or exact hierarchy/name match"
"LB-LOC-97F5D7FF6EEF","No authoritative Arabic source with stable identity or exact hierarchy/name match"
"LB-LOC-22C8DEB98249","No authoritative Arabic source with stable identity or exact hierarchy/name match"
"LB-LOC-DB2A641755AC","No authoritative Arabic source with stable identity or exact hierarchy/name match"
"LB-LOC-3EFE4FB6A74D","No authoritative Arabic source with stable identity or exact hierarchy/name match"
"LB-LOC-58DC89B62229","No authoritative Arabic source with stable identity or exact hierarchy/name match"
"LB-LOC-650DCF44A66E","No authoritative Arabic source with stable identity or exact hierarchy/name match"
"LB-LOC-FE85840D9AB0","No authoritative Arabic source with stable identity or exact hierarchy/name match"
"LB-LOC-D8B1DBCF5FFD","No authoritative Arabic source with stable identity or exact hierarchy/name match"
"LB-LOC-77FB25B0757D","No authoritative Arabic source with stable identity or exact hierarchy/name match"
"LB-LOC-6F4FCF3B3778","No authoritative Arabic source with stable identity or exact hierarchy/name match"
"LB-LOC-0EB38504D857","No authoritative Arabic source with stable identity or exact hierarchy/name match"
"LB-LOC-3E635F525BFA","No authoritative Arabic source with stable identity or exact hierarchy/name match"
"LB-LOC-B9963F4FFE82","No authoritative Arabic source with stable identity or exact hierarchy/name match"
"LB-LOC-51730303A60B","No authoritative Arabic source with stable identity or exact hierarchy/name match"
"LB-LOC-72FD54533E2D","No authoritative Arabic source with stable identity or exact hierarchy/name match"
"LB-LOC-1B438E6F8F9D","No authoritative Arabic source with stable identity or exact hierarchy/name match"
"LB-LOC-025C55AB803C","No authoritative Arabic source with stable identity or exact hierarchy/name match"
"LB-LOC-B838CAB2695C","No authoritative Arabic source with stable identity or exact hierarchy/name match"
"LB-LOC-97321FB9C3E1","No authoritative Arabic source with stable identity or exact hierarchy/name match"
"LB-LOC-65D85584A43E","No authoritative Arabic source with stable identity or exact hierarchy/name match"
"LB-LOC-29390BC3DDE1","No authoritative Arabic source with stable identity or exact hierarchy/name match"
"LB-LOC-35B3C9E74236","No authoritative Arabic source with stable identity or exact hierarchy/name match"
"LB-LOC-F1072BAAEC4E","No authoritative Arabic source with stable identity or exact hierarchy/name match"
"LB-LOC-0150943EC650","No authoritative Arabic source with stable identity or exact hierarchy/name match"
"LB-LOC-AC96C800035C","No authoritative Arabic source with stable identity or exact hierarchy/name match"
"LB-LOC-D8C214713902","No authoritative Arabic source with stable identity or exact hierarchy/name match"
"LB-LOC-68A01FE22488","No authoritative Arabic source with stable identity or exact hierarchy/name match"
"LB-LOC-586C53D0A518","No authoritative Arabic source with stable identity or exact hierarchy/name match"
"LB-LOC-79255EC23CBF","No authoritative Arabic source with stable identity or exact hierarchy/name match"
"LB-LOC-9FC09C4952EB","No authoritative Arabic source with stable identity or exact hierarchy/name match"
"LB-LOC-72604525220A","No authoritative Arabic source with stable identity or exact hierarchy/name match"
"LB-LOC-0CDA56F3EE9D","No authoritative Arabic source with stable identity or exact hierarchy/name match"
"LB-LOC-CC3A1DBD0C6B","No authoritative Arabic source with stable identity or exact hierarchy/name match"
"LB-LOC-E4C4A26B59B9","No authoritative Arabic source with stable identity or exact hierarchy/name match"
"LB-LOC-2E1655C2E629","No authoritative Arabic source with stable identity or exact hierarchy/name match"
"LB-LOC-D55A56A7BE9A","No authoritative Arabic source with stable identity or exact hierarchy/name match"
"LB-LOC-D52190D58BA6","No authoritative Arabic source with stable identity or exact hierarchy/name match"
"LB-LOC-C9D53CB40552","No authoritative Arabic source with stable identity or exact hierarchy/name match"
"LB-LOC-DD1A5474AD29","No authoritative Arabic source with stable identity or exact hierarchy/name match"
"LB-LOC-D4DD61524113","No authoritative Arabic source with stable identity or exact hierarchy/name match"
"LB-LOC-EE768B031BA9","No authoritative Arabic source with stable identity or exact hierarchy/name match"
"LB-LOC-E91B346C4EA8","No authoritative Arabic source with stable identity or exact hierarchy/name match"
"LB-LOC-385351EC21B2","No authoritative Arabic source with stable identity or exact hierarchy/name match"
"LB-LOC-AD0DD1F12D24","No authoritative Arabic source with stable identity or exact hierarchy/name match"
"LB-LOC-41122D3E827E","No authoritative Arabic source with stable identity or exact hierarchy/name match"
"LB-LOC-E1F7492385DA","No authoritative Arabic source with stable identity or exact hierarchy/name match"
"LB-LOC-F4BF66959BA5","No authoritative Arabic source with stable identity or exact hierarchy/name match"
"LB-LOC-442A39B4241F","No authoritative Arabic source with stable identity or exact hierarchy/name match"
"LB-LOC-4ACB7CBFC627","No authoritative Arabic source with stable identity or exact hierarchy/name match"
"LB-LOC-145E94991145","No authoritative Arabic source with stable identity or exact hierarchy/name match"
"LB-LOC-3A281D8186A4","No authoritative Arabic source with stable identity or exact hierarchy/name match"
"LB-LOC-1252F6B76E0E","No authoritative Arabic source with stable identity or exact hierarchy/name match"
"LB-LOC-C67C06A3E2E4","No authoritative Arabic source with stable identity or exact hierarchy/name match"
"LB-LOC-2BEF9D86D93B","No authoritative Arabic source with stable identity or exact hierarchy/name match"
"LB-LOC-A246938115F6","No authoritative Arabic source with stable identity or exact hierarchy/name match"
"LB-LOC-28A1A9A229FC","No authoritative Arabic source with stable identity or exact hierarchy/name match"
"LB-LOC-868520FA9EAB","No authoritative Arabic source with stable identity or exact hierarchy/name match"
"LB-LOC-62BD1E2F5DD9","No authoritative Arabic source with stable identity or exact hierarchy/name match"
"LB-LOC-4CA8FAFD54E6","No authoritative Arabic source with stable identity or exact hierarchy/name match"
"LB-LOC-77FCFC97B5DF","No authoritative Arabic source with stable identity or exact hierarchy/name match"
"LB-LOC-C154DE75097F","No authoritative Arabic source with stable identity or exact hierarchy/name match"
"LB-LOC-8FCD02ADB776","No authoritative Arabic source with stable identity or exact hierarchy/name match"
"LB-LOC-828F3F5F4E6D","No authoritative Arabic source with stable identity or exact hierarchy/name match"
"LB-LOC-1B0CAB6007A5","No authoritative Arabic source with stable identity or exact hierarchy/name match"
"LB-LOC-E1608FF797A7","No authoritative Arabic source with stable identity or exact hierarchy/name match"
"LB-LOC-EA3C63848EE7","No authoritative Arabic source with stable identity or exact hierarchy/name match"
"LB-LOC-2D4CC5E14A08","No authoritative Arabic source with stable identity or exact hierarchy/name match"
"LB-LOC-806A7D01D593","No authoritative Arabic source with stable identity or exact hierarchy/name match"
"LB-LOC-6B25B8CBB043","No authoritative Arabic source with stable identity or exact hierarchy/name match"
"LB-LOC-350F4182C6FF","No authoritative Arabic source with stable identity or exact hierarchy/name match"
"LB-LOC-49C76363E9A5","No authoritative Arabic source with stable identity or exact hierarchy/name match"
"LB-LOC-1C59EA74A822","No authoritative Arabic source with stable identity or exact hierarchy/name match"
"LB-LOC-DB3F44C163CA","No authoritative Arabic source with stable identity or exact hierarchy/name match"
"LB-LOC-CDFF394CE106","No authoritative Arabic source with stable identity or exact hierarchy/name match"
"LB-LOC-5BFE74BD1C36","No authoritative Arabic source with stable identity or exact hierarchy/name match"
"LB-LOC-B667D22C01CE","No authoritative Arabic source with stable identity or exact hierarchy/name match"
"LB-LOC-5B7A8AE39139","No authoritative Arabic source with stable identity or exact hierarchy/name match"
"LB-LOC-B4F4AE8E6A70","No authoritative Arabic source with stable identity or exact hierarchy/name match"
"LB-LOC-974702DABFEF","No authoritative Arabic source with stable identity or exact hierarchy/name match"
"LB-LOC-E83BFF3C7AF2","No authoritative Arabic source with stable identity or exact hierarchy/name match"
"LB-LOC-0388EC4B7963","No authoritative Arabic source with stable identity or exact hierarchy/name match"
"LB-LOC-E24F463A2AF3","No authoritative Arabic source with stable identity or exact hierarchy/name match"
"LB-LOC-EE0450F20367","No authoritative Arabic source with stable identity or exact hierarchy/name match"
"LB-LOC-B059AAC7BE1F","No authoritative Arabic source with stable identity or exact hierarchy/name match"
"LB-LOC-2D5772C596D7","No authoritative Arabic source with stable identity or exact hierarchy/name match"
"LB-LOC-3D14CD095888","No authoritative Arabic source with stable identity or exact hierarchy/name match"
"LB-LOC-CBB6CB08D417","No authoritative Arabic source with stable identity or exact hierarchy/name match"
"LB-LOC-5F65141F3CD8","No authoritative Arabic source with stable identity or exact hierarchy/name match"
"LB-LOC-99EB211ABD0F","No authoritative Arabic source with stable identity or exact hierarchy/name match"
"LB-LOC-5F836DD6898D","No authoritative Arabic source with stable identity or exact hierarchy/name match"
"LB-LOC-2D3427240C74","No authoritative Arabic source with stable identity or exact hierarchy/name match"
"LB-LOC-6B33EAA98811","No authoritative Arabic source with stable identity or exact hierarchy/name match"
"LB-LOC-C2757E959E7E","No authoritative Arabic source with stable identity or exact hierarchy/name match"
"LB-LOC-D68D07E69553","No authoritative Arabic source with stable identity or exact hierarchy/name match"
"LB-LOC-1E901C1A3A30","No authoritative Arabic source with stable identity or exact hierarchy/name match"
"LB-LOC-E9E92DD5C47E","No authoritative Arabic source with stable identity or exact hierarchy/name match"
"LB-LOC-B1A3F7096B2A","No authoritative Arabic source with stable identity or exact hierarchy/name match"
"LB-LOC-1E3900A6CD76","No authoritative Arabic source with stable identity or exact hierarchy/name match"
"LB-LOC-F1927D455178","No authoritative Arabic source with stable identity or exact hierarchy/name match"
"LB-LOC-44948970BDB5","No authoritative Arabic source with stable identity or exact hierarchy/name match"
"LB-LOC-CB2E58F2B9C9","No authoritative Arabic source with stable identity or exact hierarchy/name match"
"LB-LOC-40858F5D4FDE","No authoritative Arabic source with stable identity or exact hierarchy/name match"
"LB-LOC-CB886955B6B5","No authoritative Arabic source with stable identity or exact hierarchy/name match"
"LB-LOC-0A9C2E3BA127","No authoritative Arabic source with stable identity or exact hierarchy/name match"
"LB-LOC-147791E57E00","No authoritative Arabic source with stable identity or exact hierarchy/name match"
"LB-LOC-058B0EA1F5C5","No authoritative Arabic source with stable identity or exact hierarchy/name match"
"LB-LOC-FA0B4EB04F98","No authoritative Arabic source with stable identity or exact hierarchy/name match"
"LB-LOC-57ADB1213407","No authoritative Arabic source with stable identity or exact hierarchy/name match"
"LB-LOC-7A6F9EE0668B","No authoritative Arabic source with stable identity or exact hierarchy/name match"
"LB-LOC-FB60B86B0AA4","No authoritative Arabic source with stable identity or exact hierarchy/name match"
"LB-LOC-9B600591E2A5","No authoritative Arabic source with stable identity or exact hierarchy/name match"
"LB-LOC-D647B8C2C478","No authoritative Arabic source with stable identity or exact hierarchy/name match"
"LB-LOC-DC68B7157BFB","No authoritative Arabic source with stable identity or exact hierarchy/name match"
"LB-LOC-6DD30ACCE539","No authoritative Arabic source with stable identity or exact hierarchy/name match"
"LB-LOC-2436729308E6","No authoritative Arabic source with stable identity or exact hierarchy/name match"
"LB-LOC-6989EA41D998","No authoritative Arabic source with stable identity or exact hierarchy/name match"
"LB-LOC-624C218676C1","No authoritative Arabic source with stable identity or exact hierarchy/name match"
"LB-LOC-36F0B8136A39","No authoritative Arabic source with stable identity or exact hierarchy/name match"
"LB-LOC-0738DA12DEC3","No authoritative Arabic source with stable identity or exact hierarchy/name match"
"LB-LOC-066CB11D426A","No authoritative Arabic source with stable identity or exact hierarchy/name match"
"LB-LOC-5A9AEAF72003","No authoritative Arabic source with stable identity or exact hierarchy/name match"
"LB-LOC-1C452FA99E2D","No authoritative Arabic source with stable identity or exact hierarchy/name match"
"LB-LOC-32F64C4980C3","No authoritative Arabic source with stable identity or exact hierarchy/name match"
"LB-LOC-4BA38A62B022","No authoritative Arabic source with stable identity or exact hierarchy/name match"
"LB-LOC-C3B3787A6004","No authoritative Arabic source with stable identity or exact hierarchy/name match"
"LB-LOC-9EF478A17EC8","No authoritative Arabic source with stable identity or exact hierarchy/name match"
"LB-LOC-6647D02F8570","No authoritative Arabic source with stable identity or exact hierarchy/name match"
"LB-LOC-4B7F206DE7C1","No authoritative Arabic source with stable identity or exact hierarchy/name match"
"LB-LOC-48561FC66D0E","No authoritative Arabic source with stable identity or exact hierarchy/name match"
"LB-LOC-B64AC5BB91BA","No authoritative Arabic source with stable identity or exact hierarchy/name match"
"LB-LOC-F3A2C606B532","No authoritative Arabic source with stable identity or exact hierarchy/name match"
"LB-LOC-4B4F65A93434","No authoritative Arabic source with stable identity or exact hierarchy/name match"
"LB-LOC-1C7FBC5DE0F1","No authoritative Arabic source with stable identity or exact hierarchy/name match"
"LB-LOC-E5BE80736B40","No authoritative Arabic source with stable identity or exact hierarchy/name match"
"LB-LOC-4223692CDAC0","No authoritative Arabic source with stable identity or exact hierarchy/name match"
"LB-LOC-CD52D7533EA7","No authoritative Arabic source with stable identity or exact hierarchy/name match"
"LB-LOC-0D1925F1D0DF","No authoritative Arabic source with stable identity or exact hierarchy/name match"
"LB-LOC-600583C6230A","No authoritative Arabic source with stable identity or exact hierarchy/name match"
"LB-LOC-9C33F3742B98","No authoritative Arabic source with stable identity or exact hierarchy/name match"
"LB-LOC-7110D462E4F8","No authoritative Arabic source with stable identity or exact hierarchy/name match"
"LB-LOC-0E4CF3FED84D","No authoritative Arabic source with stable identity or exact hierarchy/name match"
"LB-LOC-E674E68E5B1F","No authoritative Arabic source with stable identity or exact hierarchy/name match"
"LB-LOC-2799F876E84F","No authoritative Arabic source with stable identity or exact hierarchy/name match"
"LB-LOC-B8F6D096BC6D","No authoritative Arabic source with stable identity or exact hierarchy/name match"
"LB-LOC-4107E96D4E46","No authoritative Arabic source with stable identity or exact hierarchy/name match"
"LB-LOC-0658032EAA18","No authoritative Arabic source with stable identity or exact hierarchy/name match"
"LB-LOC-E380AA89660A","No authoritative Arabic source with stable identity or exact hierarchy/name match"
"LB-LOC-1E675AC79259","No authoritative Arabic source with stable identity or exact hierarchy/name match"
"LB-LOC-8655030458DD","No authoritative Arabic source with stable identity or exact hierarchy/name match"
"LB-LOC-A46A15472605","No authoritative Arabic source with stable identity or exact hierarchy/name match"
"LB-LOC-7D4A40E9171C","No authoritative Arabic source with stable identity or exact hierarchy/name match"
"LB-LOC-7DD0E5B58E97","No authoritative Arabic source with stable identity or exact hierarchy/name match"
"LB-LOC-3130C537D6AE","No authoritative Arabic source with stable identity or exact hierarchy/name match"
"LB-LOC-DE7BACD2BF61","No authoritative Arabic source with stable identity or exact hierarchy/name match"
"LB-LOC-CEAAA2349682","No authoritative Arabic source with stable identity or exact hierarchy/name match"
"LB-LOC-79ADA943BFB1","No authoritative Arabic source with stable identity or exact hierarchy/name match"
"LB-LOC-BB8DF1C720B2","No authoritative Arabic source with stable identity or exact hierarchy/name match"
"LB-LOC-497B54BB4729","No authoritative Arabic source with stable identity or exact hierarchy/name match"
"LB-LOC-45225FEFA5EA","No authoritative Arabic source with stable identity or exact hierarchy/name match"
"LB-LOC-B4A72A8A9D12","No authoritative Arabic source with stable identity or exact hierarchy/name match"
"LB-LOC-A7E22F610873","No authoritative Arabic source with stable identity or exact hierarchy/name match"
"LB-LOC-FF5AC17C52BC","No authoritative Arabic source with stable identity or exact hierarchy/name match"
"LB-LOC-05284921195A","No authoritative Arabic source with stable identity or exact hierarchy/name match"
"LB-LOC-63A15AD789DE","No authoritative Arabic source with stable identity or exact hierarchy/name match"
"LB-LOC-E26C059A704F","No authoritative Arabic source with stable identity or exact hierarchy/name match"
"LB-LOC-A010A914125B","No authoritative Arabic source with stable identity or exact hierarchy/name match"
"LB-LOC-D88ADD607712","No authoritative Arabic source with stable identity or exact hierarchy/name match"
"LB-LOC-AF50F43D1448","No authoritative Arabic source with stable identity or exact hierarchy/name match"
"LB-LOC-39DC85FC718C","No authoritative Arabic source with stable identity or exact hierarchy/name match"
"LB-LOC-8BAADCCDEA30","No authoritative Arabic source with stable identity or exact hierarchy/name match"
"LB-LOC-4186E63F4815","No authoritative Arabic source with stable identity or exact hierarchy/name match"
"LB-LOC-24414CAB914F","No authoritative Arabic source with stable identity or exact hierarchy/name match"
"LB-LOC-C2B238296763","No authoritative Arabic source with stable identity or exact hierarchy/name match"
"LB-LOC-03880784ED11","No authoritative Arabic source with stable identity or exact hierarchy/name match"
"LB-LOC-1C4E5DAA2E38","No authoritative Arabic source with stable identity or exact hierarchy/name match"
"LB-LOC-E9EF0299071D","No authoritative Arabic source with stable identity or exact hierarchy/name match"
"LB-LOC-70B7AAC962B1","No authoritative Arabic source with stable identity or exact hierarchy/name match"
"LB-LOC-86B529555864","No authoritative Arabic source with stable identity or exact hierarchy/name match"
"LB-LOC-63E2745F5F3C","No authoritative Arabic source with stable identity or exact hierarchy/name match"
"LB-LOC-A926F4EDBD26","No authoritative Arabic source with stable identity or exact hierarchy/name match"
"LB-LOC-AB0BA18501FE","No authoritative Arabic source with stable identity or exact hierarchy/name match"
"LB-LOC-23914381DA69","No authoritative Arabic source with stable identity or exact hierarchy/name match"
"LB-LOC-1AAF58F9FAEB","No authoritative Arabic source with stable identity or exact hierarchy/name match"
"LB-LOC-FD5CA9DE1F5F","No authoritative Arabic source with stable identity or exact hierarchy/name match"
"LB-LOC-4C13F2710FAE","No authoritative Arabic source with stable identity or exact hierarchy/name match"
"LB-LOC-3502A4E12D54","No authoritative Arabic source with stable identity or exact hierarchy/name match"
"LB-LOC-CCD10C23EFBF","No authoritative Arabic source with stable identity or exact hierarchy/name match"
"LB-LOC-AEA5E2B16444","No authoritative Arabic source with stable identity or exact hierarchy/name match"
"LB-LOC-FE1DA6C20E89","No authoritative Arabic source with stable identity or exact hierarchy/name match"
"LB-LOC-57C840816391","No authoritative Arabic source with stable identity or exact hierarchy/name match"
"LB-LOC-6875798EE27F","No authoritative Arabic source with stable identity or exact hierarchy/name match"
"LB-LOC-FB15EFF0607C","No authoritative Arabic source with stable identity or exact hierarchy/name match"
"LB-LOC-2D8467AA09B4","No authoritative Arabic source with stable identity or exact hierarchy/name match"
"LB-LOC-7D0FDFC10A2A","No authoritative Arabic source with stable identity or exact hierarchy/name match"
"LB-LOC-8EE0C7B4C986","No authoritative Arabic source with stable identity or exact hierarchy/name match"
"LB-LOC-FAE0C74B8280","No authoritative Arabic source with stable identity or exact hierarchy/name match"
"LB-LOC-91D64551E48B","No authoritative Arabic source with stable identity or exact hierarchy/name match"
"LB-LOC-997F314234A7","No authoritative Arabic source with stable identity or exact hierarchy/name match"
"LB-LOC-F3192AB042CE","No authoritative Arabic source with stable identity or exact hierarchy/name match"
"LB-LOC-DB7962789978","No authoritative Arabic source with stable identity or exact hierarchy/name match"
"LB-LOC-D441C5C00AE9","No authoritative Arabic source with stable identity or exact hierarchy/name match"
"LB-LOC-9FA567B87FAE","No authoritative Arabic source with stable identity or exact hierarchy/name match"
"LB-LOC-E6F6AE583F4F","No authoritative Arabic source with stable identity or exact hierarchy/name match"
"LB-LOC-B2965213AEBC","No authoritative Arabic source with stable identity or exact hierarchy/name match"
"LB-LOC-38C353D74BBB","No authoritative Arabic source with stable identity or exact hierarchy/name match"
"LB-LOC-E390397CE21A","No authoritative Arabic source with stable identity or exact hierarchy/name match"
"LB-LOC-476B680EBF4B","No authoritative Arabic source with stable identity or exact hierarchy/name match"
"LB-LOC-04D35764D624","No authoritative Arabic source with stable identity or exact hierarchy/name match"
"LB-LOC-C1A485C9E01B","No authoritative Arabic source with stable identity or exact hierarchy/name match"
"LB-LOC-280E2B6D7B20","No authoritative Arabic source with stable identity or exact hierarchy/name match"
"LB-LOC-EBEF025A9A99","No authoritative Arabic source with stable identity or exact hierarchy/name match"
"LB-LOC-49581BD60F2D","No authoritative Arabic source with stable identity or exact hierarchy/name match"
"LB-LOC-48F1ED9F9A1F","No authoritative Arabic source with stable identity or exact hierarchy/name match"
"LB-LOC-E4F63E055EF8","No authoritative Arabic source with stable identity or exact hierarchy/name match"
"LB-LOC-7E46204DEEA9","No authoritative Arabic source with stable identity or exact hierarchy/name match"
"LB-LOC-7010C8BF744E","No authoritative Arabic source with stable identity or exact hierarchy/name match"
"LB-LOC-448881054ECE","No authoritative Arabic source with stable identity or exact hierarchy/name match"
"LB-LOC-D19E60871E0B","No authoritative Arabic source with stable identity or exact hierarchy/name match"
"LB-LOC-BEF77FEA00C9","No authoritative Arabic source with stable identity or exact hierarchy/name match"
"LB-LOC-0BFE50CEA78B","No authoritative Arabic source with stable identity or exact hierarchy/name match"
"LB-LOC-41A25554A813","No authoritative Arabic source with stable identity or exact hierarchy/name match"
"LB-LOC-7CCD0E1DA262","No authoritative Arabic source with stable identity or exact hierarchy/name match"
"LB-LOC-D8D7033EC5E2","No authoritative Arabic source with stable identity or exact hierarchy/name match"
"LB-LOC-13E8DB6E1DFF","No authoritative Arabic source with stable identity or exact hierarchy/name match"
"LB-LOC-647B0648F996","No authoritative Arabic source with stable identity or exact hierarchy/name match"
"LB-LOC-B0902F42A837","No authoritative Arabic source with stable identity or exact hierarchy/name match"
"LB-LOC-A0C06DA5C261","No authoritative Arabic source with stable identity or exact hierarchy/name match"
"LB-LOC-50C1881D07BF","No authoritative Arabic source with stable identity or exact hierarchy/name match"
"LB-LOC-9215FBC87B6A","No authoritative Arabic source with stable identity or exact hierarchy/name match"
"LB-LOC-ED1EB96ED12D","No authoritative Arabic source with stable identity or exact hierarchy/name match"
"LB-LOC-1A142E890305","No authoritative Arabic source with stable identity or exact hierarchy/name match"
"LB-LOC-26BC5298927D","No authoritative Arabic source with stable identity or exact hierarchy/name match"
"LB-LOC-86706A4DEEBC","No authoritative Arabic source with stable identity or exact hierarchy/name match"
"LB-LOC-F88899A79119","No authoritative Arabic source with stable identity or exact hierarchy/name match"
"LB-LOC-16C57984662F","No authoritative Arabic source with stable identity or exact hierarchy/name match"
"LB-LOC-38F8136CC291","No authoritative Arabic source with stable identity or exact hierarchy/name match"
"LB-LOC-1529AE2B53A9","No authoritative Arabic source with stable identity or exact hierarchy/name match"
"LB-LOC-4DC23144E4BE","No authoritative Arabic source with stable identity or exact hierarchy/name match"
"LB-LOC-D8C51AC4C2FC","No authoritative Arabic source with stable identity or exact hierarchy/name match"
"LB-LOC-94A8EC7DBF55","No authoritative Arabic source with stable identity or exact hierarchy/name match"
"LB-LOC-6A35C69F597A","No authoritative Arabic source with stable identity or exact hierarchy/name match"
"LB-LOC-45DF3FCD396F","No authoritative Arabic source with stable identity or exact hierarchy/name match"
"LB-LOC-4B65D2AC94A4","No authoritative Arabic source with stable identity or exact hierarchy/name match"
"LB-LOC-7FAA7C2C0A12","No authoritative Arabic source with stable identity or exact hierarchy/name match"
"LB-LOC-D0C433219833","No authoritative Arabic source with stable identity or exact hierarchy/name match"
"LB-LOC-34C9C62492CA","No authoritative Arabic source with stable identity or exact hierarchy/name match"
"LB-LOC-E04AE65942E9","No authoritative Arabic source with stable identity or exact hierarchy/name match"
"LB-LOC-BFFC1078A305","No authoritative Arabic source with stable identity or exact hierarchy/name match"
"LB-LOC-A59A9188A76F","No authoritative Arabic source with stable identity or exact hierarchy/name match"
"LB-LOC-E092ABD1A775","No authoritative Arabic source with stable identity or exact hierarchy/name match"
"LB-LOC-814D125FCB8C","No authoritative Arabic source with stable identity or exact hierarchy/name match"
"LB-LOC-56D46C4AA726","No authoritative Arabic source with stable identity or exact hierarchy/name match"
"LB-LOC-453965BF9B29","No authoritative Arabic source with stable identity or exact hierarchy/name match"
"LB-LOC-04959CC5993C","No authoritative Arabic source with stable identity or exact hierarchy/name match"
"LB-LOC-9C31937B081E","No authoritative Arabic source with stable identity or exact hierarchy/name match"
"LB-LOC-0B22AE999BCC","No authoritative Arabic source with stable identity or exact hierarchy/name match"
"LB-LOC-C99F6AA7AD1C","No authoritative Arabic source with stable identity or exact hierarchy/name match"
"LB-LOC-9C6C6A2658FD","No authoritative Arabic source with stable identity or exact hierarchy/name match"
"LB-LOC-9F8C7AC41F74","No authoritative Arabic source with stable identity or exact hierarchy/name match"
"LB-LOC-7D58DBAD2D57","No authoritative Arabic source with stable identity or exact hierarchy/name match"
"LB-LOC-E130DD098E37","No authoritative Arabic source with stable identity or exact hierarchy/name match"
"LB-LOC-55B7ABFCA2F1","No authoritative Arabic source with stable identity or exact hierarchy/name match"
"LB-LOC-2A5D621FFDA2","No authoritative Arabic source with stable identity or exact hierarchy/name match"
"LB-LOC-0430F39B234E","No authoritative Arabic source with stable identity or exact hierarchy/name match"
"LB-LOC-510F5A782470","No authoritative Arabic source with stable identity or exact hierarchy/name match"
"LB-LOC-06D314930336","No authoritative Arabic source with stable identity or exact hierarchy/name match"
"LB-LOC-EB389E199910","No authoritative Arabic source with stable identity or exact hierarchy/name match"
"LB-LOC-80075061D2BA","No authoritative Arabic source with stable identity or exact hierarchy/name match"
"LB-LOC-D8BA24B16148","No authoritative Arabic source with stable identity or exact hierarchy/name match"
"LB-LOC-0B8472A215BF","No authoritative Arabic source with stable identity or exact hierarchy/name match"
"LB-LOC-C55AFF11BFC2","No authoritative Arabic source with stable identity or exact hierarchy/name match"
"LB-LOC-C889CAA9DD93","No authoritative Arabic source with stable identity or exact hierarchy/name match"
"LB-LOC-84485379AFEB","No authoritative Arabic source with stable identity or exact hierarchy/name match"
"LB-LOC-F6D90115C8F3","No authoritative Arabic source with stable identity or exact hierarchy/name match"
"LB-LOC-10DD7F6DF153","No authoritative Arabic source with stable identity or exact hierarchy/name match"
"LB-LOC-5034A9CC9347","No authoritative Arabic source with stable identity or exact hierarchy/name match"
"LB-LOC-A00057B394A8","No authoritative Arabic source with stable identity or exact hierarchy/name match"
"LB-LOC-B04BBE0EAA7B","No authoritative Arabic source with stable identity or exact hierarchy/name match"
"LB-LOC-8C28B3AF192E","No authoritative Arabic source with stable identity or exact hierarchy/name match"
"LB-LOC-914C2060BDBB","No authoritative Arabic source with stable identity or exact hierarchy/name match"
"LB-LOC-23A3366AE1DB","No authoritative Arabic source with stable identity or exact hierarchy/name match"
"LB-LOC-86378A287067","No authoritative Arabic source with stable identity or exact hierarchy/name match"
"LB-LOC-8CE4A3FE2426","No authoritative Arabic source with stable identity or exact hierarchy/name match"
"LB-LOC-98ABFD44D53A","No authoritative Arabic source with stable identity or exact hierarchy/name match"
"LB-LOC-011F474B22C7","No authoritative Arabic source with stable identity or exact hierarchy/name match"
"LB-LOC-BF32E36D69B0","No authoritative Arabic source with stable identity or exact hierarchy/name match"
"LB-LOC-FC4FDC8F4318","No authoritative Arabic source with stable identity or exact hierarchy/name match"
"LB-LOC-4193285F1F32","No authoritative Arabic source with stable identity or exact hierarchy/name match"
"LB-LOC-6B11E97A7087","No authoritative Arabic source with stable identity or exact hierarchy/name match"
"LB-LOC-D9344EF90D51","No authoritative Arabic source with stable identity or exact hierarchy/name match"
"LB-LOC-C13FABB63BEB","No authoritative Arabic source with stable identity or exact hierarchy/name match"
"LB-LOC-62EF34CC992B","No authoritative Arabic source with stable identity or exact hierarchy/name match"
"LB-LOC-2B18DF95DCE6","No authoritative Arabic source with stable identity or exact hierarchy/name match"
"LB-LOC-E62E8D1550CD","No authoritative Arabic source with stable identity or exact hierarchy/name match"
"LB-LOC-DEC569746AFB","No authoritative Arabic source with stable identity or exact hierarchy/name match"
"LB-LOC-DE90EC119721","No authoritative Arabic source with stable identity or exact hierarchy/name match"
"LB-LOC-3B005B852CCD","No authoritative Arabic source with stable identity or exact hierarchy/name match"
"LB-LOC-7884C95CA352","No authoritative Arabic source with stable identity or exact hierarchy/name match"
"LB-LOC-F5EBB4C038D8","No authoritative Arabic source with stable identity or exact hierarchy/name match"
"LB-LOC-2140F955ED67","No authoritative Arabic source with stable identity or exact hierarchy/name match"
"LB-LOC-6CFE34ACB938","No authoritative Arabic source with stable identity or exact hierarchy/name match"
"LB-LOC-23940FF984B0","No authoritative Arabic source with stable identity or exact hierarchy/name match"
"LB-LOC-83996722F297","No authoritative Arabic source with stable identity or exact hierarchy/name match"
"LB-LOC-9E485A6E5852","No authoritative Arabic source with stable identity or exact hierarchy/name match"
"LB-LOC-277F3D9DC9B1","No authoritative Arabic source with stable identity or exact hierarchy/name match"
"LB-LOC-451B42B298A4","No authoritative Arabic source with stable identity or exact hierarchy/name match"
"LB-LOC-76EF995A0C3A","No authoritative Arabic source with stable identity or exact hierarchy/name match"
"LB-LOC-4BC426B24644","No authoritative Arabic source with stable identity or exact hierarchy/name match"
"LB-LOC-B23B32D637FF","No authoritative Arabic source with stable identity or exact hierarchy/name match"
"LB-LOC-492ACC4DCF72","No authoritative Arabic source with stable identity or exact hierarchy/name match"
"LB-LOC-B591FB07F6E3","No authoritative Arabic source with stable identity or exact hierarchy/name match"
"LB-LOC-D1B12A536577","No authoritative Arabic source with stable identity or exact hierarchy/name match"
"LB-LOC-C74B8832A125","No authoritative Arabic source with stable identity or exact hierarchy/name match"
"LB-LOC-CDD53322FFDF","No authoritative Arabic source with stable identity or exact hierarchy/name match"
"LB-LOC-C65E60433297","No authoritative Arabic source with stable identity or exact hierarchy/name match"
"LB-LOC-E29BB96F61F1","No authoritative Arabic source with stable identity or exact hierarchy/name match"
"LB-LOC-B208F289D036","No authoritative Arabic source with stable identity or exact hierarchy/name match"
"LB-LOC-C2E8CFEEF112","No authoritative Arabic source with stable identity or exact hierarchy/name match"
"LB-LOC-56C9CB6CF487","No authoritative Arabic source with stable identity or exact hierarchy/name match"
"LB-LOC-114E80FA8252","No authoritative Arabic source with stable identity or exact hierarchy/name match"
"LB-LOC-41B3D1A26632","No authoritative Arabic source with stable identity or exact hierarchy/name match"
"LB-LOC-C960DB7048CB","No authoritative Arabic source with stable identity or exact hierarchy/name match"
"LB-LOC-C071D01DB2EE","No authoritative Arabic source with stable identity or exact hierarchy/name match"
"LB-LOC-4DC5CACFAC3F","No authoritative Arabic source with stable identity or exact hierarchy/name match"
"LB-LOC-1696E679109A","No authoritative Arabic source with stable identity or exact hierarchy/name match"
"LB-LOC-BD338A943FDF","No authoritative Arabic source with stable identity or exact hierarchy/name match"
"LB-LOC-76C4840F76F3","No authoritative Arabic source with stable identity or exact hierarchy/name match"
"LB-LOC-5869915E148C","No authoritative Arabic source with stable identity or exact hierarchy/name match"
"LB-LOC-04046C5CACE4","No authoritative Arabic source with stable identity or exact hierarchy/name match"
"LB-LOC-4F556AD12358","No authoritative Arabic source with stable identity or exact hierarchy/name match"
"LB-LOC-82464184486D","No authoritative Arabic source with stable identity or exact hierarchy/name match"
"LB-LOC-A9B0080D418E","No authoritative Arabic source with stable identity or exact hierarchy/name match"
"LB-LOC-B08075740798","No authoritative Arabic source with stable identity or exact hierarchy/name match"
"LB-LOC-C48D87480560","No authoritative Arabic source with stable identity or exact hierarchy/name match"
"LB-LOC-6642B9E9E923","No authoritative Arabic source with stable identity or exact hierarchy/name match"
"LB-LOC-286EB7741825","No authoritative Arabic source with stable identity or exact hierarchy/name match"
"LB-LOC-EF21B37C650F","No authoritative Arabic source with stable identity or exact hierarchy/name match"
"LB-LOC-BA7FF245C943","No authoritative Arabic source with stable identity or exact hierarchy/name match"
"LB-LOC-EB557440AEF0","No authoritative Arabic source with stable identity or exact hierarchy/name match"
"LB-LOC-C21A2D053C01","No authoritative Arabic source with stable identity or exact hierarchy/name match"
"LB-LOC-4CB959216EB7","No authoritative Arabic source with stable identity or exact hierarchy/name match"
"LB-LOC-9F6FC2F6A543","No authoritative Arabic source with stable identity or exact hierarchy/name match"
"LB-LOC-EDA1495FB25F","No authoritative Arabic source with stable identity or exact hierarchy/name match"
"LB-LOC-74A6C7FCCD86","No authoritative Arabic source with stable identity or exact hierarchy/name match"
"LB-LOC-ECE299145D32","No authoritative Arabic source with stable identity or exact hierarchy/name match"
"LB-LOC-464AF7957D91","No authoritative Arabic source with stable identity or exact hierarchy/name match"
"LB-LOC-957741F3725E","No authoritative Arabic source with stable identity or exact hierarchy/name match"
"LB-LOC-719E5E4D4F75","No authoritative Arabic source with stable identity or exact hierarchy/name match"
"LB-LOC-4C24C27A627E","No authoritative Arabic source with stable identity or exact hierarchy/name match"
"LB-LOC-4C6FC518D74F","No authoritative Arabic source with stable identity or exact hierarchy/name match"
"LB-LOC-6C365FA5A2DE","No authoritative Arabic source with stable identity or exact hierarchy/name match"
"LB-LOC-903817B5204D","No authoritative Arabic source with stable identity or exact hierarchy/name match"
"LB-LOC-AD7936C54277","No authoritative Arabic source with stable identity or exact hierarchy/name match"
"LB-LOC-B8B5B91F7DE1","No authoritative Arabic source with stable identity or exact hierarchy/name match"
"LB-LOC-1ECEF0AE5A37","No authoritative Arabic source with stable identity or exact hierarchy/name match"
"LB-LOC-46363620F65D","No authoritative Arabic source with stable identity or exact hierarchy/name match"
"LB-LOC-3774CC750CE2","No authoritative Arabic source with stable identity or exact hierarchy/name match"
"LB-LOC-089A75399096","No authoritative Arabic source with stable identity or exact hierarchy/name match"
"LB-LOC-3DE2DB9D9142","No authoritative Arabic source with stable identity or exact hierarchy/name match"
"LB-LOC-02ABD05FB06A","No authoritative Arabic source with stable identity or exact hierarchy/name match"
"LB-LOC-DAC9C09874E4","No authoritative Arabic source with stable identity or exact hierarchy/name match"
"LB-LOC-272F029ABFDB","No authoritative Arabic source with stable identity or exact hierarchy/name match"
"LB-LOC-1CCCDE9359DA","No authoritative Arabic source with stable identity or exact hierarchy/name match"
"LB-LOC-0358D86E2159","No authoritative Arabic source with stable identity or exact hierarchy/name match"
"LB-LOC-497F51D72CE8","No authoritative Arabic source with stable identity or exact hierarchy/name match"
"LB-LOC-2654B4FA8D71","No authoritative Arabic source with stable identity or exact hierarchy/name match"
"LB-LOC-ECBC8EA3C4D5","No authoritative Arabic source with stable identity or exact hierarchy/name match"
