"crosswalk_id","canonical_locality_id","canonical_code","pcode","governorate_id","district_or_equivalent_id","municipality_id","current_name_en","candidate_name_ar","normalized_name_ar","source_id","source_record_id","source_name_en","source_name_ar","source_governorate","source_district","match_method","match_keys","confidence","review_status","conflict_status","reviewed_by","reviewed_at","notes"
"LB-XW-9E301FE06906","LB-LOC-35249","LB-LOC-35249","35249","LB-GOV-0B6790F71D48","LB-DIST-C08378A1F450","","Aabboudiyeh","العبودية","العبودية","SRC-NATIONAL-VILLAGE-MANIFEST","35249","Aabboudiyeh","العبودية","","","exact-pcode","ADM3_PCODE=35249","1","accepted","none","owner-review-pending","2026-08-06T08:11:43.434Z","Exact stable ADM3_PCODE mapping; owner approval remains pending"
"LB-XW-3A47A869BF8E","LB-LOC-35427","LB-LOC-35427","35427","LB-GOV-0B6790F71D48","LB-DIST-C08378A1F450","","Aain Ez-Zeit","عين الزيت","عين الزيت","SRC-NATIONAL-VILLAGE-MANIFEST","35427","Aain Ez-Zeit","عين الزيت","","","exact-pcode","ADM3_PCODE=35427","1","accepted","none","owner-review-pending","2026-08-06T08:11:43.434Z","Exact stable ADM3_PCODE mapping; owner approval remains pending"
"LB-XW-60474A27720F","LB-LOC-35435","LB-LOC-35435","35435","LB-GOV-0B6790F71D48","LB-DIST-C08378A1F450","","Aain Tinta","عين تنتا","عين تنتا","SRC-NATIONAL-VILLAGE-MANIFEST","35435","Aain Tinta","عين تنتا","","","exact-pcode","ADM3_PCODE=35435","1","accepted","none","owner-review-pending","2026-08-06T08:11:43.434Z","Exact stable ADM3_PCODE mapping; owner approval remains pending"
"LB-XW-1C1E3F3FC1E5","LB-LOC-35187","LB-LOC-35187","35187","LB-GOV-0B6790F71D48","LB-DIST-C08378A1F450","","Aain Yaaqoub","عين يعقوب","عين يعقوب","SRC-NATIONAL-VILLAGE-MANIFEST","35187","Aain Yaaqoub","عين يعقوب","","","exact-pcode","ADM3_PCODE=35187","1","accepted","none","owner-review-pending","2026-08-06T08:11:43.434Z","Exact stable ADM3_PCODE mapping; owner approval remains pending"
"LB-XW-C3AEDAAE688D","LB-LOC-35185","LB-LOC-35185","35185","LB-GOV-0B6790F71D48","LB-DIST-C08378A1F450","","Aaiyat","عيات","عيات","SRC-NATIONAL-VILLAGE-MANIFEST","35185","Aaiyat","عيات","","","exact-pcode","ADM3_PCODE=35185","1","accepted","none","owner-review-pending","2026-08-06T08:11:43.434Z","Exact stable ADM3_PCODE mapping; owner approval remains pending"
"LB-XW-2F964CDCDD4D","LB-LOC-35191","LB-LOC-35191","35191","LB-GOV-0B6790F71D48","LB-DIST-C08378A1F450","","Aakkar El-Aatiqa","عكار العتيقة","عكار العتيقة","SRC-NATIONAL-VILLAGE-MANIFEST","35191","Aakkar El-Aatiqa","عكار العتيقة","","","exact-pcode","ADM3_PCODE=35191","1","accepted","none","owner-review-pending","2026-08-06T08:11:43.434Z","Exact stable ADM3_PCODE mapping; owner approval remains pending"
"LB-XW-F133BFCDF2F2","LB-LOC-35265","LB-LOC-35265","35265","LB-GOV-0B6790F71D48","LB-DIST-C08378A1F450","","Aamaret Aakkar","عماره","عماره","SRC-NATIONAL-VILLAGE-MANIFEST","35265","Aamaret Aakkar","عماره","","","exact-pcode","ADM3_PCODE=35265","1","accepted","none","owner-review-pending","2026-08-06T08:11:43.434Z","Exact stable ADM3_PCODE mapping; owner approval remains pending"
"LB-XW-3C31C2CE724D","LB-LOC-35449","LB-LOC-35449","35449","LB-GOV-0B6790F71D48","LB-DIST-C08378A1F450","","Aamaret El-Baykat","عمار البيكات","عمار البيكات","SRC-NATIONAL-VILLAGE-MANIFEST","35449","Aamaret El-Baykat","عمار البيكات","","","exact-pcode","ADM3_PCODE=35449","1","accepted","none","owner-review-pending","2026-08-06T08:11:43.434Z","Exact stable ADM3_PCODE mapping; owner approval remains pending"
"LB-XW-5C0E6824AD8E","LB-LOC-35512","LB-LOC-35512","35512","LB-GOV-0B6790F71D48","LB-DIST-C08378A1F450","","Aamayer","العماير","العماير","SRC-NATIONAL-VILLAGE-MANIFEST","35512","Aamayer","العماير","","","exact-pcode","ADM3_PCODE=35512","1","accepted","none","owner-review-pending","2026-08-06T08:11:43.434Z","Exact stable ADM3_PCODE mapping; owner approval remains pending"
"LB-XW-1B54287C1E50","LB-LOC-35421","LB-LOC-35421","35421","LB-GOV-0B6790F71D48","LB-DIST-C08378A1F450","","Aamriyet Aakkar","العمارية","العمارية","SRC-NATIONAL-VILLAGE-MANIFEST","35421","Aamriyet Aakkar","العمارية","","","exact-pcode","ADM3_PCODE=35421","1","accepted","none","owner-review-pending","2026-08-06T08:11:43.434Z","Exact stable ADM3_PCODE mapping; owner approval remains pending"
"LB-XW-0B91667F1261","LB-LOC-35498","LB-LOC-35498","35498","LB-GOV-0B6790F71D48","LB-DIST-C08378A1F450","","Aandqet","عندقت","عندقت","SRC-NATIONAL-VILLAGE-MANIFEST","35498","Aandqet","عندقت","","","exact-pcode","ADM3_PCODE=35498","1","accepted","none","owner-review-pending","2026-08-06T08:11:43.434Z","Exact stable ADM3_PCODE mapping; owner approval remains pending"
"LB-XW-C0B5EFAB09E2","LB-LOC-35420","LB-LOC-35420","35420","LB-GOV-0B6790F71D48","LB-DIST-C08378A1F450","","Aaouaainat Aakkar","العوينات","العوينات","SRC-NATIONAL-VILLAGE-MANIFEST","35420","Aaouaainat Aakkar","العوينات","","","exact-pcode","ADM3_PCODE=35420","1","accepted","none","owner-review-pending","2026-08-06T08:11:43.434Z","Exact stable ADM3_PCODE mapping; owner approval remains pending"
"LB-XW-C9DEBC5B9048","LB-LOC-35273","LB-LOC-35273","35273","LB-GOV-0B6790F71D48","LB-DIST-C08378A1F450","","AAridet Cheikh Zennad","العريضة","العريضة","SRC-NATIONAL-VILLAGE-MANIFEST","35273","AAridet Cheikh Zennad","العريضة","","","exact-pcode","ADM3_PCODE=35273","1","accepted","none","owner-review-pending","2026-08-06T08:11:43.434Z","Exact stable ADM3_PCODE mapping; owner approval remains pending"
"LB-XW-5C59BE3B3240","LB-LOC-35484","LB-LOC-35484","35484","LB-GOV-0B6790F71D48","LB-DIST-C08378A1F450","","Aarmeh","عرمه","عرمه","SRC-NATIONAL-VILLAGE-MANIFEST","35484","Aarmeh","عرمه","","","exact-pcode","ADM3_PCODE=35484","1","accepted","none","owner-review-pending","2026-08-06T08:11:43.434Z","Exact stable ADM3_PCODE mapping; owner approval remains pending"
"LB-XW-7742EECA7958","LB-LOC-35141","LB-LOC-35141","35141","LB-GOV-0B6790F71D48","LB-DIST-C08378A1F450","","Aarqa","عرقا","عرقا","SRC-NATIONAL-VILLAGE-MANIFEST","35141","Aarqa","عرقا","","","exact-pcode","ADM3_PCODE=35141","1","accepted","none","owner-review-pending","2026-08-06T08:11:43.434Z","Exact stable ADM3_PCODE mapping; owner approval remains pending"
"LB-XW-50619B6FBFA8","LB-LOC-35177","LB-LOC-35177","35177","LB-GOV-0B6790F71D48","LB-DIST-C08378A1F450","","Aayoun Aakkar","العيون","العيون","SRC-NATIONAL-VILLAGE-MANIFEST","35177","Aayoun Aakkar","العيون","","","exact-pcode","ADM3_PCODE=35177","1","accepted","none","owner-review-pending","2026-08-06T08:11:43.434Z","Exact stable ADM3_PCODE mapping; owner approval remains pending"
"LB-XW-404195A5C4E2","LB-LOC-35347","LB-LOC-35347","35347","LB-GOV-0B6790F71D48","LB-DIST-C08378A1F450","","Aayoun El-Ghizlane","عيون الغزلان","عيون الغزلان","SRC-NATIONAL-VILLAGE-MANIFEST","35347","Aayoun El-Ghizlane","عيون الغزلان","","","exact-pcode","ADM3_PCODE=35347","1","accepted","none","owner-review-pending","2026-08-06T08:11:43.434Z","Exact stable ADM3_PCODE mapping; owner approval remains pending"
"LB-XW-495EBD5C93A3","LB-LOC-35439","LB-LOC-35439","35439","LB-GOV-0B6790F71D48","LB-DIST-C08378A1F450","","Baghdadi","دوسة بغدادي","دوسة بغدادي","SRC-NATIONAL-VILLAGE-MANIFEST","35439","Baghdadi","دوسة بغدادي","","","exact-pcode","ADM3_PCODE=35439","1","accepted","none","owner-review-pending","2026-08-06T08:11:43.434Z","Exact stable ADM3_PCODE mapping; owner approval remains pending"
"LB-XW-89107403C750","LB-LOC-35158","LB-LOC-35158","35158","LB-GOV-0B6790F71D48","LB-DIST-C08378A1F450","","Balde WaMazraatBaldeh","بلدي","بلدي","SRC-NATIONAL-VILLAGE-MANIFEST","35158","Balde WaMazraatBaldeh","بلدي","","","exact-pcode","ADM3_PCODE=35158","1","accepted","none","owner-review-pending","2026-08-06T08:11:43.434Z","Exact stable ADM3_PCODE mapping; owner approval remains pending"
"LB-XW-D4150333E9C2","LB-LOC-35241","LB-LOC-35241","35241","LB-GOV-0B6790F71D48","LB-DIST-C08378A1F450","","Barcha","برشا","برشا","SRC-NATIONAL-VILLAGE-MANIFEST","35241","Barcha","برشا","","","exact-pcode","ADM3_PCODE=35241","1","accepted","none","owner-review-pending","2026-08-06T08:11:43.434Z","Exact stable ADM3_PCODE mapping; owner approval remains pending"
"LB-XW-B4346F9DDC6D","LB-LOC-35408","LB-LOC-35408","35408","LB-GOV-0B6790F71D48","LB-DIST-C08378A1F450","","Bardeh","بردي","بردي","SRC-NATIONAL-VILLAGE-MANIFEST","35408","Bardeh","بردي","","","exact-pcode","ADM3_PCODE=35408","1","accepted","none","owner-review-pending","2026-08-06T08:11:43.434Z","Exact stable ADM3_PCODE mapping; owner approval remains pending"
"LB-XW-00B16E79ECE5","LB-LOC-35275","LB-LOC-35275","35275","LB-GOV-0B6790F71D48","LB-DIST-C08378A1F450","","Bebnine","ببنين","ببنين","SRC-NATIONAL-VILLAGE-MANIFEST","35275","Bebnine","ببنين","","","exact-pcode","ADM3_PCODE=35275","1","accepted","none","owner-review-pending","2026-08-06T08:11:43.434Z","Exact stable ADM3_PCODE mapping; owner approval remains pending"
"LB-XW-3AFD543996DB","LB-LOC-35175","LB-LOC-35175","35175","LB-GOV-0B6790F71D48","LB-DIST-C08378A1F450","","Beino","بينو","بينو","SRC-NATIONAL-VILLAGE-MANIFEST","35175","Beino","بينو","","","exact-pcode","ADM3_PCODE=35175","1","accepted","none","owner-review-pending","2026-08-06T08:11:43.434Z","Exact stable ADM3_PCODE mapping; owner approval remains pending"
"LB-XW-87F4CD8F661C","LB-LOC-35337","LB-LOC-35337","35337","LB-GOV-0B6790F71D48","LB-DIST-C08378A1F450","","Beit Ayoub","بيت ايوب","بيت ايوب","SRC-NATIONAL-VILLAGE-MANIFEST","35337","Beit Ayoub","بيت ايوب","","","exact-pcode","ADM3_PCODE=35337","1","accepted","none","owner-review-pending","2026-08-06T08:11:43.434Z","Exact stable ADM3_PCODE mapping; owner approval remains pending"
"LB-XW-E8649732687A","LB-LOC-35367","LB-LOC-35367","35367","LB-GOV-0B6790F71D48","LB-DIST-C08378A1F450","","Beit El-Haouch","بيت الحوش","بيت الحوش","SRC-NATIONAL-VILLAGE-MANIFEST","35367","Beit El-Haouch","بيت الحوش","","","exact-pcode","ADM3_PCODE=35367","1","accepted","none","owner-review-pending","2026-08-06T08:11:43.434Z","Exact stable ADM3_PCODE mapping; owner approval remains pending"
"LB-XW-B01121CDB851","LB-LOC-35174","LB-LOC-35174","35174","LB-GOV-0B6790F71D48","LB-DIST-C08378A1F450","","Beit Mellat","بيت ملات","بيت ملات","SRC-NATIONAL-VILLAGE-MANIFEST","35174","Beit Mellat","بيت ملات","","","exact-pcode","ADM3_PCODE=35174","1","accepted","none","owner-review-pending","2026-08-06T08:11:43.434Z","Exact stable ADM3_PCODE mapping; owner approval remains pending"
"LB-XW-436D5AFFE5A1","LB-LOC-35321","LB-LOC-35321","35321","LB-GOV-0B6790F71D48","LB-DIST-C08378A1F450","","Beit Younes","بيت يونس","بيت يونس","SRC-NATIONAL-VILLAGE-MANIFEST","35321","Beit Younes","بيت يونس","","","exact-pcode","ADM3_PCODE=35321","1","accepted","none","owner-review-pending","2026-08-06T08:11:43.434Z","Exact stable ADM3_PCODE mapping; owner approval remains pending"
"LB-XW-C316674CEFCB","LB-LOC-35433","LB-LOC-35433","35433","LB-GOV-0B6790F71D48","LB-DIST-C08378A1F450","","Berbara Aakkar","برباره","برباره","SRC-NATIONAL-VILLAGE-MANIFEST","35433","Berbara Aakkar","برباره","","","exact-pcode","ADM3_PCODE=35433","1","accepted","none","owner-review-pending","2026-08-06T08:11:43.434Z","Exact stable ADM3_PCODE mapping; owner approval remains pending"
"LB-XW-D012933639C5","LB-LOC-35314","LB-LOC-35314","35314","LB-GOV-0B6790F71D48","LB-DIST-C08378A1F450","","Berqayel","برقايل","برقايل","SRC-NATIONAL-VILLAGE-MANIFEST","35314","Berqayel","برقايل","","","exact-pcode","ADM3_PCODE=35314","1","accepted","none","owner-review-pending","2026-08-06T08:11:43.434Z","Exact stable ADM3_PCODE mapping; owner approval remains pending"
"LB-XW-4397383E60B4","LB-LOC-35189","LB-LOC-35189","35189","LB-GOV-0B6790F71D48","LB-DIST-C08378A1F450","","Bezbina","بزبينا","بزبينا","SRC-NATIONAL-VILLAGE-MANIFEST","35189","Bezbina","بزبينا","","","exact-pcode","ADM3_PCODE=35189","1","accepted","none","owner-review-pending","2026-08-06T08:11:43.434Z","Exact stable ADM3_PCODE mapping; owner approval remains pending"
"LB-XW-D11D650CA992","LB-LOC-35416","LB-LOC-35416","35416","LB-GOV-0B6790F71D48","LB-DIST-C08378A1F450","","Biret Aakkar","البيره عكار","البيره عكار","SRC-NATIONAL-VILLAGE-MANIFEST","35416","Biret Aakkar","البيره عكار","","","exact-pcode","ADM3_PCODE=35416","1","accepted","none","owner-review-pending","2026-08-06T08:11:43.434Z","Exact stable ADM3_PCODE mapping; owner approval remains pending"
"LB-XW-B7723C0505B1","LB-LOC-35183","LB-LOC-35183","35183","LB-GOV-0B6790F71D48","LB-DIST-C08378A1F450","","Borj Aakkar","البرج عكار","البرج عكار","SRC-NATIONAL-VILLAGE-MANIFEST","35183","Borj Aakkar","البرج عكار","","","exact-pcode","ADM3_PCODE=35183","1","accepted","none","owner-review-pending","2026-08-06T08:11:43.434Z","Exact stable ADM3_PCODE mapping; owner approval remains pending"
"LB-XW-6579075205D3","LB-LOC-35147","LB-LOC-35147","35147","LB-GOV-0B6790F71D48","LB-DIST-C08378A1F450","","Bqerzla","بقرزلا","بقرزلا","SRC-NATIONAL-VILLAGE-MANIFEST","35147","Bqerzla","بقرزلا","","","exact-pcode","ADM3_PCODE=35147","1","accepted","none","owner-review-pending","2026-08-06T08:11:43.434Z","Exact stable ADM3_PCODE mapping; owner approval remains pending"
"LB-XW-7788D1B8A8AE","LB-LOC-35425","LB-LOC-35425","35425","LB-GOV-0B6790F71D48","LB-DIST-C08378A1F450","","Bsatine Aakkar","فسقين و عين اشما","فسقين و عين اشما","SRC-NATIONAL-VILLAGE-MANIFEST","35425","Bsatine Aakkar","فسقين و عين اشما","","","exact-pcode","ADM3_PCODE=35425","1","accepted","none","owner-review-pending","2026-08-06T08:11:43.434Z","Exact stable ADM3_PCODE mapping; owner approval remains pending"
"LB-XW-2E9BFE87C2A0","LB-LOC-35316","LB-LOC-35316","35316","LB-GOV-0B6790F71D48","LB-DIST-C08378A1F450","","Bzal","بزال","بزال","SRC-NATIONAL-VILLAGE-MANIFEST","35316","Bzal","بزال","","","exact-pcode","ADM3_PCODE=35316","1","accepted","none","owner-review-pending","2026-08-06T08:11:43.434Z","Exact stable ADM3_PCODE mapping; owner approval remains pending"
"LB-XW-92AE7F58CCF0","LB-LOC-35320","LB-LOC-35320","35320","LB-GOV-0B6790F71D48","LB-DIST-C08378A1F450","","Chane","شان","شان","SRC-NATIONAL-VILLAGE-MANIFEST","35320","Chane","شان","","","exact-pcode","ADM3_PCODE=35320","1","accepted","none","owner-review-pending","2026-08-06T08:11:43.434Z","Exact stable ADM3_PCODE mapping; owner approval remains pending"
"LB-XW-719F0BC38F49","LB-LOC-35181","LB-LOC-35181","35181","LB-GOV-0B6790F71D48","LB-DIST-C08378A1F450","","Chaqdouf","الشقدوف","الشقدوف","SRC-NATIONAL-VILLAGE-MANIFEST","35181","Chaqdouf","الشقدوف","","","exact-pcode","ADM3_PCODE=35181","1","accepted","none","owner-review-pending","2026-08-06T08:11:43.434Z","Exact stable ADM3_PCODE mapping; owner approval remains pending"
"LB-XW-B4C54C64DC7A","LB-LOC-35457","LB-LOC-35457","35457","LB-GOV-0B6790F71D48","LB-DIST-C08378A1F450","","Charbila","شربيلا","شربيلا","SRC-NATIONAL-VILLAGE-MANIFEST","35457","Charbila","شربيلا","","","exact-pcode","ADM3_PCODE=35457","1","accepted","none","owner-review-pending","2026-08-06T08:11:43.434Z","Exact stable ADM3_PCODE mapping; owner approval remains pending"
"LB-XW-3AB4B3CD8625","LB-LOC-35113","LB-LOC-35113","35113","LB-GOV-0B6790F71D48","LB-DIST-C08378A1F450","","Cheikh Mohammad","الشيخ محمد","الشيخ محمد","SRC-NATIONAL-VILLAGE-MANIFEST","35113","Cheikh Mohammad","الشيخ محمد","","","exact-pcode","ADM3_PCODE=35113","1","accepted","none","owner-review-pending","2026-08-06T08:11:43.434Z","Exact stable ADM3_PCODE mapping; owner approval remains pending"
"LB-XW-278EBC76C87C","LB-LOC-35123","LB-LOC-35123","35123","LB-GOV-0B6790F71D48","LB-DIST-C08378A1F450","","Cheikh Taba","الشيخ طابا","الشيخ طابا","SRC-NATIONAL-VILLAGE-MANIFEST","35123","Cheikh Taba","الشيخ طابا","","","exact-pcode","ADM3_PCODE=35123","1","accepted","none","owner-review-pending","2026-08-06T08:11:43.434Z","Exact stable ADM3_PCODE mapping; owner approval remains pending"
"LB-XW-D0EB836D050B","LB-LOC-35121","LB-LOC-35121","35121","LB-GOV-0B6790F71D48","LB-DIST-C08378A1F450","","Cheikh Taba Es-Sahl","الشيخ طابا السهل","الشيخ طابا السهل","SRC-NATIONAL-VILLAGE-MANIFEST","35121","Cheikh Taba Es-Sahl","الشيخ طابا السهل","","","exact-pcode","ADM3_PCODE=35121","1","accepted","none","owner-review-pending","2026-08-06T08:11:43.434Z","Exact stable ADM3_PCODE mapping; owner approval remains pending"
"LB-XW-94FEE324F67B","LB-LOC-35267","LB-LOC-35267","35267","LB-GOV-0B6790F71D48","LB-DIST-C08378A1F450","","Cheikh Zennad","الشيخ زناد","الشيخ زناد","SRC-NATIONAL-VILLAGE-MANIFEST","35267","Cheikh Zennad","الشيخ زناد","","","exact-pcode","ADM3_PCODE=35267","1","accepted","none","owner-review-pending","2026-08-06T08:11:43.434Z","Exact stable ADM3_PCODE mapping; owner approval remains pending"
"LB-XW-53BDAD6D6032","LB-LOC-35402","LB-LOC-35402","35402","LB-GOV-0B6790F71D48","LB-DIST-C08378A1F450","","Cheikhlar","شيخلار","شيخلار","SRC-NATIONAL-VILLAGE-MANIFEST","35402","Cheikhlar","شيخلار","","","exact-pcode","ADM3_PCODE=35402","1","accepted","none","owner-review-pending","2026-08-06T08:11:43.434Z","Exact stable ADM3_PCODE mapping; owner approval remains pending"
"LB-XW-0C60571972F1","LB-LOC-35224","LB-LOC-35224","35224","LB-GOV-0B6790F71D48","LB-DIST-C08378A1F450","","Chir Hmairine","شير حمارين","شير حمارين","SRC-NATIONAL-VILLAGE-MANIFEST","35224","Chir Hmairine","شير حمارين","","","exact-pcode","ADM3_PCODE=35224","1","accepted","none","owner-review-pending","2026-08-06T08:11:43.434Z","Exact stable ADM3_PCODE mapping; owner approval remains pending"
"LB-XW-1AC1A4C6AD90","LB-LOC-35419","LB-LOC-35419","35419","LB-GOV-0B6790F71D48","LB-DIST-C08378A1F450","","Daghleh","الدغلة","الدغلة","SRC-NATIONAL-VILLAGE-MANIFEST","35419","Daghleh","الدغلة","","","exact-pcode","ADM3_PCODE=35419","1","accepted","none","owner-review-pending","2026-08-06T08:11:43.434Z","Exact stable ADM3_PCODE mapping; owner approval remains pending"
"LB-XW-F1A97DA009DE","LB-LOC-35155","LB-LOC-35155","35155","LB-GOV-0B6790F71D48","LB-DIST-C08378A1F450","","Dahr Laissine","ضهر ليسينه","ضهر ليسينه","SRC-NATIONAL-VILLAGE-MANIFEST","35155","Dahr Laissine","ضهر ليسينه","","","exact-pcode","ADM3_PCODE=35155","1","accepted","none","owner-review-pending","2026-08-06T08:11:43.434Z","Exact stable ADM3_PCODE mapping; owner approval remains pending"
"LB-XW-BD5B7D78BFC0","LB-LOC-35126","LB-LOC-35126","35126","LB-GOV-0B6790F71D48","LB-DIST-C08378A1F450","","Daouret Aakkar","الدوره","الدوره","SRC-NATIONAL-VILLAGE-MANIFEST","35126","Daouret Aakkar","الدوره","","","exact-pcode","ADM3_PCODE=35126","1","accepted","none","owner-review-pending","2026-08-06T08:11:43.434Z","Exact stable ADM3_PCODE mapping; owner approval remains pending"
"LB-XW-50EE6733B682","LB-LOC-35225","LB-LOC-35225","35225","LB-GOV-0B6790F71D48","LB-DIST-C08378A1F450","","Darine","دارين","دارين","SRC-NATIONAL-VILLAGE-MANIFEST","35225","Darine","دارين","","","exact-pcode","ADM3_PCODE=35225","1","accepted","none","owner-review-pending","2026-08-06T08:11:43.434Z","Exact stable ADM3_PCODE mapping; owner approval remains pending"
"LB-XW-2E63259D5C37","LB-LOC-35511","LB-LOC-35511","35511","LB-GOV-0B6790F71D48","LB-DIST-C08378A1F450","","Dayret Nahr El-Kabir","دائرة النهر الكبير","دايرة النهر الكبير","SRC-NATIONAL-VILLAGE-MANIFEST","35511","Dayret Nahr El-Kabir","دائرة النهر الكبير","","","exact-pcode","ADM3_PCODE=35511","1","accepted","none","owner-review-pending","2026-08-06T08:11:43.434Z","Exact stable ADM3_PCODE mapping; owner approval remains pending"
"LB-XW-715FEA321A22","LB-LOC-35149","LB-LOC-35149","35149","LB-GOV-0B6790F71D48","LB-DIST-C08378A1F450","","Deir Dalloum","دير دلوم","دير دلوم","SRC-NATIONAL-VILLAGE-MANIFEST","35149","Deir Dalloum","دير دلوم","","","exact-pcode","ADM3_PCODE=35149","1","accepted","none","owner-review-pending","2026-08-06T08:11:43.434Z","Exact stable ADM3_PCODE mapping; owner approval remains pending"
"LB-XW-0E6C0A9AB075","LB-LOC-35441","LB-LOC-35441","35441","LB-GOV-0B6790F71D48","LB-DIST-C08378A1F450","","Deir Jannine","دير جنين","دير جنين","SRC-NATIONAL-VILLAGE-MANIFEST","35441","Deir Jannine","دير جنين","","","exact-pcode","ADM3_PCODE=35441","1","accepted","none","owner-review-pending","2026-08-06T08:11:43.434Z","Exact stable ADM3_PCODE mapping; owner approval remains pending"
"LB-XW-A2098ADC1D89","LB-LOC-35432","LB-LOC-35432","35432","LB-GOV-0B6790F71D48","LB-DIST-C08378A1F450","","Dibbabiyeh","دبابية","دبابية","SRC-NATIONAL-VILLAGE-MANIFEST","35432","Dibbabiyeh","دبابية","","","exact-pcode","ADM3_PCODE=35432","1","accepted","none","owner-review-pending","2026-08-06T08:11:43.434Z","Exact stable ADM3_PCODE mapping; owner approval remains pending"
"LB-XW-47B6551C1172","LB-LOC-35318","LB-LOC-35318","35318","LB-GOV-0B6790F71D48","LB-DIST-C08378A1F450","","Dinbou","دنبو عين الذهب","دنبو عين الذهب","SRC-NATIONAL-VILLAGE-MANIFEST","35318","Dinbou","دنبو عين الذهب","","","exact-pcode","ADM3_PCODE=35318","1","accepted","none","owner-review-pending","2026-08-06T08:11:43.434Z","Exact stable ADM3_PCODE mapping; owner approval remains pending"
"LB-XW-D7CE632FBE7C","LB-LOC-35443","LB-LOC-35443","35443","LB-GOV-0B6790F71D48","LB-DIST-C08378A1F450","","Douair Aadouiyeh","دوير عدويه","دوير عدويه","SRC-NATIONAL-VILLAGE-MANIFEST","35443","Douair Aadouiyeh","دوير عدويه","","","exact-pcode","ADM3_PCODE=35443","1","accepted","none","owner-review-pending","2026-08-06T08:11:43.434Z","Exact stable ADM3_PCODE mapping; owner approval remains pending"
"LB-XW-A23A4FE1ACE4","LB-LOC-35353","LB-LOC-35353","35353","LB-GOV-0B6790F71D48","LB-DIST-C08378A1F450","","Fnaydeq","النبي خالد","النبي خالد","SRC-NATIONAL-VILLAGE-MANIFEST","35353","Fnaydeq","النبي خالد","","","exact-pcode","ADM3_PCODE=35353","1","accepted","none","owner-review-pending","2026-08-06T08:11:43.434Z","Exact stable ADM3_PCODE mapping; owner approval remains pending"
"LB-XW-3665CE11CC60","LB-LOC-35412","LB-LOC-35412","35412","LB-GOV-0B6790F71D48","LB-DIST-C08378A1F450","","Fraydes Aakkar","فريديس","فريديس","SRC-NATIONAL-VILLAGE-MANIFEST","35412","Fraydes Aakkar","فريديس","","","exact-pcode","ADM3_PCODE=35412","1","accepted","none","owner-review-pending","2026-08-06T08:11:43.434Z","Exact stable ADM3_PCODE mapping; owner approval remains pending"
"LB-XW-114D26B8C00F","LB-LOC-35475","LB-LOC-35475","35475","LB-GOV-0B6790F71D48","LB-DIST-C08378A1F450","","Ghazayleh","الغزيله","الغزيله","SRC-NATIONAL-VILLAGE-MANIFEST","35475","Ghazayleh","الغزيله","","","exact-pcode","ADM3_PCODE=35475","1","accepted","none","owner-review-pending","2026-08-06T08:11:43.434Z","Exact stable ADM3_PCODE mapping; owner approval remains pending"
"LB-XW-66048674E01B","LB-LOC-35326","LB-LOC-35326","35326","LB-GOV-0B6790F71D48","LB-DIST-C08378A1F450","","Habchit","حبشيت","حبشيت","SRC-NATIONAL-VILLAGE-MANIFEST","35326","Habchit","حبشيت","","","exact-pcode","ADM3_PCODE=35326","1","accepted","none","owner-review-pending","2026-08-06T08:11:43.434Z","Exact stable ADM3_PCODE mapping; owner approval remains pending"
"LB-XW-BEA9C87284FD","LB-LOC-35131","LB-LOC-35131","35131","LB-GOV-0B6790F71D48","LB-DIST-C08378A1F450","","Hakour","مشيلحة الحاكور","مشيلحة الحاكور","SRC-NATIONAL-VILLAGE-MANIFEST","35131","Hakour","مشيلحة الحاكور","","","exact-pcode","ADM3_PCODE=35131","1","accepted","none","owner-review-pending","2026-08-06T08:11:43.434Z","Exact stable ADM3_PCODE mapping; owner approval remains pending"
"LB-XW-EE7C1F2DBF8C","LB-LOC-35111","LB-LOC-35111","35111","LB-GOV-0B6790F71D48","LB-DIST-C08378A1F450","","Halba","حلبا","حلبا","SRC-NATIONAL-VILLAGE-MANIFEST","35111","Halba","حلبا","","","exact-pcode","ADM3_PCODE=35111","1","accepted","none","owner-review-pending","2026-08-06T08:11:43.434Z","Exact stable ADM3_PCODE mapping; owner approval remains pending"
"LB-XW-7C9F1C4F0D25","LB-LOC-35219","LB-LOC-35219","35219","LB-GOV-0B6790F71D48","LB-DIST-C08378A1F450","","Haouchab","هوشب","هوشب","SRC-NATIONAL-VILLAGE-MANIFEST","35219","Haouchab","هوشب","","","exact-pcode","ADM3_PCODE=35219","1","accepted","none","owner-review-pending","2026-08-06T08:11:43.434Z","Exact stable ADM3_PCODE mapping; owner approval remains pending"
"LB-XW-3C5DC57626AE","LB-LOC-35221","LB-LOC-35221","35221","LB-GOV-0B6790F71D48","LB-DIST-C08378A1F450","","Hayssa","الحيصة","الحيصة","SRC-NATIONAL-VILLAGE-MANIFEST","35221","Hayssa","الحيصة","","","exact-pcode","ADM3_PCODE=35221","1","accepted","none","owner-review-pending","2026-08-06T08:11:43.434Z","Exact stable ADM3_PCODE mapping; owner approval remains pending"
"LB-XW-75756CB9C996","LB-LOC-35463","LB-LOC-35463","35463","LB-GOV-0B6790F71D48","LB-DIST-C08378A1F450","","Haytla","هيتلا","هيتلا","SRC-NATIONAL-VILLAGE-MANIFEST","35463","Haytla","هيتلا","","","exact-pcode","ADM3_PCODE=35463","1","accepted","none","owner-review-pending","2026-08-06T08:11:43.434Z","Exact stable ADM3_PCODE mapping; owner approval remains pending"
"LB-XW-47A3D461EA09","LB-LOC-35139","LB-LOC-35139","35139","LB-GOV-0B6790F71D48","LB-DIST-C08378A1F450","","Hayzouq","حيزوق","حيزوق","SRC-NATIONAL-VILLAGE-MANIFEST","35139","Hayzouq","حيزوق","","","exact-pcode","ADM3_PCODE=35139","1","accepted","none","owner-review-pending","2026-08-06T08:11:43.434Z","Exact stable ADM3_PCODE mapping; owner approval remains pending"
"LB-XW-2960449B9E15","LB-LOC-35169","LB-LOC-35169","35169","LB-GOV-0B6790F71D48","LB-DIST-C08378A1F450","","Hedd","الهد","الهد","SRC-NATIONAL-VILLAGE-MANIFEST","35169","Hedd","الهد","","","exact-pcode","ADM3_PCODE=35169","1","accepted","none","owner-review-pending","2026-08-06T08:11:43.434Z","Exact stable ADM3_PCODE mapping; owner approval remains pending"
"LB-XW-EC52D150D790","LB-LOC-35331","LB-LOC-35331","35331","LB-GOV-0B6790F71D48","LB-DIST-C08378A1F450","","Hmaireh Aakkar","الحميرة","الحميرة","SRC-NATIONAL-VILLAGE-MANIFEST","35331","Hmaireh Aakkar","الحميرة","","","exact-pcode","ADM3_PCODE=35331","1","accepted","none","owner-review-pending","2026-08-06T08:11:43.434Z","Exact stable ADM3_PCODE mapping; owner approval remains pending"
"LB-XW-60125F4F84E3","LB-LOC-35470","LB-LOC-35470","35470","LB-GOV-0B6790F71D48","LB-DIST-C08378A1F450","","Hmaiss Aakkar","حميص","حميص","SRC-NATIONAL-VILLAGE-MANIFEST","35470","Hmaiss Aakkar","حميص","","","exact-pcode","ADM3_PCODE=35470","1","accepted","none","owner-review-pending","2026-08-06T08:11:43.434Z","Exact stable ADM3_PCODE mapping; owner approval remains pending"
"LB-XW-7428504D9F18","LB-LOC-35514","LB-LOC-35514","35514","LB-GOV-0B6790F71D48","LB-DIST-C08378A1F450","","Hnaider","حنيدر","حنيدر","SRC-NATIONAL-VILLAGE-MANIFEST","35514","Hnaider","حنيدر","","","exact-pcode","ADM3_PCODE=35514","1","accepted","none","owner-review-pending","2026-08-06T08:11:43.434Z","Exact stable ADM3_PCODE mapping; owner approval remains pending"
"LB-XW-B8E5DE1E19D3","LB-LOC-35253","LB-LOC-35253","35253","LB-GOV-0B6790F71D48","LB-DIST-C08378A1F450","","Hokr Ed-Dahri","حكر الضاهري","حكر الضاهري","SRC-NATIONAL-VILLAGE-MANIFEST","35253","Hokr Ed-Dahri","حكر الضاهري","","","exact-pcode","ADM3_PCODE=35253","1","accepted","none","owner-review-pending","2026-08-06T08:11:43.434Z","Exact stable ADM3_PCODE mapping; owner approval remains pending"
"LB-XW-CBD451408864","LB-LOC-35223","LB-LOC-35223","35223","LB-GOV-0B6790F71D48","LB-DIST-C08378A1F450","","Hokr Etti","حكر قتة","حكر قتة","SRC-NATIONAL-VILLAGE-MANIFEST","35223","Hokr Etti","حكر قتة","","","exact-pcode","ADM3_PCODE=35223","1","accepted","none","owner-review-pending","2026-08-06T08:11:43.434Z","Exact stable ADM3_PCODE mapping; owner approval remains pending"
"LB-XW-037762CCCE01","LB-LOC-35239","LB-LOC-35239","35239","LB-GOV-0B6790F71D48","LB-DIST-C08378A1F450","","Hokr Jouret Srar","حكر جورة سرار","حكر جورة سرار","SRC-NATIONAL-VILLAGE-MANIFEST","35239","Hokr Jouret Srar","حكر جورة سرار","","","exact-pcode","ADM3_PCODE=35239","1","accepted","none","owner-review-pending","2026-08-06T08:11:43.434Z","Exact stable ADM3_PCODE mapping; owner approval remains pending"
"LB-XW-314F8F1E761D","LB-LOC-35322","LB-LOC-35322","35322","LB-GOV-0B6790F71D48","LB-DIST-C08378A1F450","","Houaich","الحويش","الحويش","SRC-NATIONAL-VILLAGE-MANIFEST","35322","Houaich","الحويش","","","exact-pcode","ADM3_PCODE=35322","1","accepted","none","owner-review-pending","2026-08-06T08:11:43.434Z","Exact stable ADM3_PCODE mapping; owner approval remains pending"
"LB-XW-4B38C9974C10","LB-LOC-35328","LB-LOC-35328","35328","LB-GOV-0B6790F71D48","LB-DIST-C08378A1F450","","Hrar","حرار","حرار","SRC-NATIONAL-VILLAGE-MANIFEST","35328","Hrar","حرار","","","exact-pcode","ADM3_PCODE=35328","1","accepted","none","owner-review-pending","2026-08-06T08:11:43.434Z","Exact stable ADM3_PCODE mapping; owner approval remains pending"
"LB-XW-5110E5D36939","LB-LOC-35117","LB-LOC-35117","35117","LB-GOV-0B6790F71D48","LB-DIST-C08378A1F450","","Idbil","عدبل","عدبل","SRC-NATIONAL-VILLAGE-MANIFEST","35117","Idbil","عدبل","","","exact-pcode","ADM3_PCODE=35117","1","accepted","none","owner-review-pending","2026-08-06T08:11:43.434Z","Exact stable ADM3_PCODE mapping; owner approval remains pending"
"LB-XW-BBE9798CBC6C","LB-LOC-35145","LB-LOC-35145","35145","LB-GOV-0B6790F71D48","LB-DIST-C08378A1F450","","Ilat","ايلات","ايلات","SRC-NATIONAL-VILLAGE-MANIFEST","35145","Ilat","ايلات","","","exact-pcode","ADM3_PCODE=35145","1","accepted","none","owner-review-pending","2026-08-06T08:11:43.434Z","Exact stable ADM3_PCODE mapping; owner approval remains pending"
"LB-XW-2FF23A02EA81","LB-LOC-35263","LB-LOC-35263","35263","LB-GOV-0B6790F71D48","LB-DIST-C08378A1F450","","Janine","جنين","جنين","SRC-NATIONAL-VILLAGE-MANIFEST","35263","Janine","جنين","","","exact-pcode","ADM3_PCODE=35263","1","accepted","none","owner-review-pending","2026-08-06T08:11:43.434Z","Exact stable ADM3_PCODE mapping; owner approval remains pending"
"LB-XW-7D47046E17B4","LB-LOC-35344","LB-LOC-35344","35344","LB-GOV-0B6790F71D48","LB-DIST-C08378A1F450","","Jdeidet El-Qaitaa","جديدة القيطع","جديدة القيطع","SRC-NATIONAL-VILLAGE-MANIFEST","35344","Jdeidet El-Qaitaa","جديدة القيطع","","","exact-pcode","ADM3_PCODE=35344","1","accepted","none","owner-review-pending","2026-08-06T08:11:43.434Z","Exact stable ADM3_PCODE mapping; owner approval remains pending"
"LB-XW-F09A11D6B98E","LB-LOC-35125","LB-LOC-35125","35125","LB-GOV-0B6790F71D48","LB-DIST-C08378A1F450","","Jdidet Ej-Joumeh","جديدة الجومه","جديدة الجومه","SRC-NATIONAL-VILLAGE-MANIFEST","35125","Jdidet Ej-Joumeh","جديدة الجومه","","","exact-pcode","ADM3_PCODE=35125","1","accepted","none","owner-review-pending","2026-08-06T08:11:43.434Z","Exact stable ADM3_PCODE mapping; owner approval remains pending"
"LB-XW-05253D86728F","LB-LOC-35163","LB-LOC-35163","35163","LB-GOV-0B6790F71D48","LB-DIST-C08378A1F450","","Jebrayel","جبرائيل","جبراييل","SRC-NATIONAL-VILLAGE-MANIFEST","35163","Jebrayel","جبرائيل","","","exact-pcode","ADM3_PCODE=35163","1","accepted","none","owner-review-pending","2026-08-06T08:11:43.434Z","Exact stable ADM3_PCODE mapping; owner approval remains pending"
"LB-XW-7A813B70B059","LB-LOC-35423","LB-LOC-35423","35423","LB-GOV-0B6790F71D48","LB-DIST-C08378A1F450","","Kafr","كفر الفتوح","كفر الفتوح","SRC-NATIONAL-VILLAGE-MANIFEST","35423","Kafr","كفر الفتوح","","","exact-pcode","ADM3_PCODE=35423","1","accepted","none","owner-review-pending","2026-08-06T08:11:43.434Z","Exact stable ADM3_PCODE mapping; owner approval remains pending"
"LB-XW-B965FE50DAF7","LB-LOC-35133","LB-LOC-35133","35133","LB-GOV-0B6790F71D48","LB-DIST-C08378A1F450","","Karm Aasfour","كرم عصفور","كرم عصفور","SRC-NATIONAL-VILLAGE-MANIFEST","35133","Karm Aasfour","كرم عصفور","","","exact-pcode","ADM3_PCODE=35133","1","accepted","none","owner-review-pending","2026-08-06T08:11:43.434Z","Exact stable ADM3_PCODE mapping; owner approval remains pending"
"LB-XW-60F3175DBCF6","LB-LOC-35157","LB-LOC-35157","35157","LB-GOV-0B6790F71D48","LB-DIST-C08378A1F450","","Kfar Harra","كفرحره","كفرحره","SRC-NATIONAL-VILLAGE-MANIFEST","35157","Kfar Harra","كفرحره","","","exact-pcode","ADM3_PCODE=35157","1","accepted","none","owner-review-pending","2026-08-06T08:11:43.434Z","Exact stable ADM3_PCODE mapping; owner approval remains pending"
"LB-XW-2625905F1D13","LB-LOC-35234","LB-LOC-35234","35234","LB-GOV-0B6790F71D48","LB-DIST-C08378A1F450","","Kfar Melki Aakkar","كفرملكي","كفرملكي","SRC-NATIONAL-VILLAGE-MANIFEST","35234","Kfar Melki Aakkar","كفرملكي","","","exact-pcode","ADM3_PCODE=35234","1","accepted","none","owner-review-pending","2026-08-06T08:11:43.434Z","Exact stable ADM3_PCODE mapping; owner approval remains pending"
"LB-XW-0A00523EE0FD","LB-LOC-35406","LB-LOC-35406","35406","LB-GOV-0B6790F71D48","LB-DIST-C08378A1F450","","Kfar Noun","كفرنون","كفرنون","SRC-NATIONAL-VILLAGE-MANIFEST","35406","Kfar Noun","كفرنون","","","exact-pcode","ADM3_PCODE=35406","1","accepted","none","owner-review-pending","2026-08-06T08:11:43.434Z","Exact stable ADM3_PCODE mapping; owner approval remains pending"
"LB-XW-28083F062DD6","LB-LOC-35430","LB-LOC-35430","35430","LB-GOV-0B6790F71D48","LB-DIST-C08378A1F450","","Khalsa","خالصة","خالصة","SRC-NATIONAL-VILLAGE-MANIFEST","35430","Khalsa","خالصة","","","exact-pcode","ADM3_PCODE=35430","1","accepted","none","owner-review-pending","2026-08-06T08:11:43.434Z","Exact stable ADM3_PCODE mapping; owner approval remains pending"
"LB-XW-A04368BCC66B","LB-LOC-35257","LB-LOC-35257","35257","LB-GOV-0B6790F71D48","LB-DIST-C08378A1F450","","Kharnoubet Aakkar","الخرنوبه","الخرنوبه","SRC-NATIONAL-VILLAGE-MANIFEST","35257","Kharnoubet Aakkar","الخرنوبه","","","exact-pcode","ADM3_PCODE=35257","1","accepted","none","owner-review-pending","2026-08-06T08:11:43.434Z","Exact stable ADM3_PCODE mapping; owner approval remains pending"
"LB-XW-EED4CC31E788","LB-LOC-35431","LB-LOC-35431","35431","LB-GOV-0B6790F71D48","LB-DIST-C08378A1F450","","Khirbet Char","خربة شار","خربة شار","SRC-NATIONAL-VILLAGE-MANIFEST","35431","Khirbet Char","خربة شار","","","exact-pcode","ADM3_PCODE=35431","1","accepted","none","owner-review-pending","2026-08-06T08:11:43.434Z","Exact stable ADM3_PCODE mapping; owner approval remains pending"
"LB-XW-78EB0D9173D5","LB-LOC-35417","LB-LOC-35417","35417","LB-GOV-0B6790F71D48","LB-DIST-C08378A1F450","","Khirbet Daoud Aakkar","خربة داوود","خربة داوود","SRC-NATIONAL-VILLAGE-MANIFEST","35417","Khirbet Daoud Aakkar","خربة داوود","","","exact-pcode","ADM3_PCODE=35417","1","accepted","none","owner-review-pending","2026-08-06T08:11:43.434Z","Exact stable ADM3_PCODE mapping; owner approval remains pending"
"LB-XW-E664130BEB5E","LB-LOC-35410","LB-LOC-35410","35410","LB-GOV-0B6790F71D48","LB-DIST-C08378A1F450","","Khirbet Er Remmane","خربة الرمان","خربة الرمان","SRC-NATIONAL-VILLAGE-MANIFEST","35410","Khirbet Er Remmane","خربة الرمان","","","exact-pcode","ADM3_PCODE=35410","1","accepted","none","owner-review-pending","2026-08-06T08:11:43.434Z","Exact stable ADM3_PCODE mapping; owner approval remains pending"
"LB-XW-A533D3BB0B6A","LB-LOC-35330","LB-LOC-35330","35330","LB-GOV-0B6790F71D48","LB-DIST-C08378A1F450","","Khreibet Aakkar","الخريبة","الخريبة","SRC-NATIONAL-VILLAGE-MANIFEST","35330","Khreibet Aakkar","الخريبة","","","exact-pcode","ADM3_PCODE=35330","1","accepted","none","owner-review-pending","2026-08-06T08:11:43.434Z","Exact stable ADM3_PCODE mapping; owner approval remains pending"
"LB-XW-8EE3E3F95F4C","LB-LOC-35216","LB-LOC-35216","35216","LB-GOV-0B6790F71D48","LB-DIST-C08378A1F450","","Khreibet Ej-Jindi","خريبة الجندي","خريبة الجندي","SRC-NATIONAL-VILLAGE-MANIFEST","35216","Khreibet Ej-Jindi","خريبة الجندي","","","exact-pcode","ADM3_PCODE=35216","1","accepted","none","owner-review-pending","2026-08-06T08:11:43.434Z","Exact stable ADM3_PCODE mapping; owner approval remains pending"
"LB-XW-DD69D1BD634D","LB-LOC-35245","LB-LOC-35245","35245","LB-GOV-0B6790F71D48","LB-DIST-C08378A1F450","","Kneisset Aakkar","الكنيسة","الكنيسة","SRC-NATIONAL-VILLAGE-MANIFEST","35245","Kneisset Aakkar","الكنيسة","","","exact-pcode","ADM3_PCODE=35245","1","accepted","none","owner-review-pending","2026-08-06T08:11:43.434Z","Exact stable ADM3_PCODE mapping; owner approval remains pending"
"LB-XW-26334F1543E8","LB-LOC-35515","LB-LOC-35515","35515","LB-GOV-0B6790F71D48","LB-DIST-C08378A1F450","","Kneisset Hnaider","كنيسة هنيدر","كنيسة هنيدر","SRC-NATIONAL-VILLAGE-MANIFEST","35515","Kneisset Hnaider","كنيسة هنيدر","","","exact-pcode","ADM3_PCODE=35515","1","accepted","none","owner-review-pending","2026-08-06T08:11:43.434Z","Exact stable ADM3_PCODE mapping; owner approval remains pending"
"LB-XW-FD1B7B2105F0","LB-LOC-35465","LB-LOC-35465","35465","LB-GOV-0B6790F71D48","LB-DIST-C08378A1F450","","Knisseh","كنيسة","كنيسة","SRC-NATIONAL-VILLAGE-MANIFEST","35465","Knisseh","كنيسة","","","exact-pcode","ADM3_PCODE=35465","1","accepted","none","owner-review-pending","2026-08-06T08:11:43.434Z","Exact stable ADM3_PCODE mapping; owner approval remains pending"
"LB-XW-FAC19626241E","LB-LOC-35429","LB-LOC-35429","35429","LB-GOV-0B6790F71D48","LB-DIST-C08378A1F450","","Kouachra","الكواشرة","الكواشرة","SRC-NATIONAL-VILLAGE-MANIFEST","35429","Kouachra","الكواشرة","","","exact-pcode","ADM3_PCODE=35429","1","accepted","none","owner-review-pending","2026-08-06T08:11:43.434Z","Exact stable ADM3_PCODE mapping; owner approval remains pending"
"LB-XW-41AB28E3AE7E","LB-LOC-35215","LB-LOC-35215","35215","LB-GOV-0B6790F71D48","LB-DIST-C08378A1F450","","Koueikhat","الكويخات","الكويخات","SRC-NATIONAL-VILLAGE-MANIFEST","35215","Koueikhat","الكويخات","","","exact-pcode","ADM3_PCODE=35215","1","accepted","none","owner-review-pending","2026-08-06T08:11:43.434Z","Exact stable ADM3_PCODE mapping; owner approval remains pending"
"LB-XW-533A148FE495","LB-LOC-35119","LB-LOC-35119","35119","LB-GOV-0B6790F71D48","LB-DIST-C08378A1F450","","Kroum El-Aarab","كروم العرب","كروم العرب","SRC-NATIONAL-VILLAGE-MANIFEST","35119","Kroum El-Aarab","كروم العرب","","","exact-pcode","ADM3_PCODE=35119","1","accepted","none","owner-review-pending","2026-08-06T08:11:43.434Z","Exact stable ADM3_PCODE mapping; owner approval remains pending"
"LB-XW-868BB3AAFE19","LB-LOC-35137","LB-LOC-35137","35137","LB-GOV-0B6790F71D48","LB-DIST-C08378A1F450","","Machha","مشحة","مشحة","SRC-NATIONAL-VILLAGE-MANIFEST","35137","Machha","مشحة","","","exact-pcode","ADM3_PCODE=35137","1","accepted","none","owner-review-pending","2026-08-06T08:11:43.434Z","Exact stable ADM3_PCODE mapping; owner approval remains pending"
"LB-XW-8F66D9257354","LB-LOC-35437","LB-LOC-35437","35437","LB-GOV-0B6790F71D48","LB-DIST-C08378A1F450","","Machta Hammoud","مشتى حمود","مشتي حمود","SRC-NATIONAL-VILLAGE-MANIFEST","35437","Machta Hammoud","مشتى حمود","","","exact-pcode","ADM3_PCODE=35437","1","accepted","none","owner-review-pending","2026-08-06T08:11:43.434Z","Exact stable ADM3_PCODE mapping; owner approval remains pending"
"LB-XW-B842BA566FE2","LB-LOC-35354","LB-LOC-35354","35354","LB-GOV-0B6790F71D48","LB-DIST-C08378A1F450","","Majdala","مجدلا","مجدلا","SRC-NATIONAL-VILLAGE-MANIFEST","35354","Majdala","مجدلا","","","exact-pcode","ADM3_PCODE=35354","1","accepted","none","owner-review-pending","2026-08-06T08:11:43.434Z","Exact stable ADM3_PCODE mapping; owner approval remains pending"
"LB-XW-1B76C03CFA7B","LB-LOC-35128","LB-LOC-35128","35128","LB-GOV-0B6790F71D48","LB-DIST-C08378A1F450","","Majdel Akkar","المجدل عكار","المجدل عكار","SRC-NATIONAL-VILLAGE-MANIFEST","35128","Majdel Akkar","المجدل عكار","","","exact-pcode","ADM3_PCODE=35128","1","accepted","none","owner-review-pending","2026-08-06T08:11:43.434Z","Exact stable ADM3_PCODE mapping; owner approval remains pending"
"LB-XW-CD08AE455882","LB-LOC-35167","LB-LOC-35167","35167","LB-GOV-0B6790F71D48","LB-DIST-C08378A1F450","","Mar Touma","مار توما","مار توما","SRC-NATIONAL-VILLAGE-MANIFEST","35167","Mar Touma","مار توما","","","exact-pcode","ADM3_PCODE=35167","1","accepted","none","owner-review-pending","2026-08-06T08:11:43.434Z","Exact stable ADM3_PCODE mapping; owner approval remains pending"
"LB-XW-EA8BC7697B0B","LB-LOC-35255","LB-LOC-35255","35255","LB-GOV-0B6790F71D48","LB-DIST-C08378A1F450","","Marlaya Melhem","مار ليا ملحم","مار ليا ملحم","SRC-NATIONAL-VILLAGE-MANIFEST","35255","Marlaya Melhem","مار ليا ملحم","","","exact-pcode","ADM3_PCODE=35255","1","accepted","none","owner-review-pending","2026-08-06T08:11:43.434Z","Exact stable ADM3_PCODE mapping; owner approval remains pending"
"LB-XW-9095C17A83D7","LB-LOC-35229","LB-LOC-35229","35229","LB-GOV-0B6790F71D48","LB-DIST-C08378A1F450","","Massaaoudiyeh","المسعودية","المسعودية","SRC-NATIONAL-VILLAGE-MANIFEST","35229","Massaaoudiyeh","المسعودية","","","exact-pcode","ADM3_PCODE=35229","1","accepted","none","owner-review-pending","2026-08-06T08:11:43.434Z","Exact stable ADM3_PCODE mapping; owner approval remains pending"
"LB-XW-9B05E40CDC0A","LB-LOC-35516","LB-LOC-35516","35516","LB-GOV-0B6790F71D48","LB-DIST-C08378A1F450","","Mazareaa Jabal Akroum","اكروم","اكروم","SRC-NATIONAL-VILLAGE-MANIFEST","35516","Mazareaa Jabal Akroum","اكروم","","","exact-pcode","ADM3_PCODE=35516","1","accepted","none","owner-review-pending","2026-08-06T08:11:43.434Z","Exact stable ADM3_PCODE mapping; owner approval remains pending"
"LB-XW-B5BABEF787D0","LB-LOC-35134","LB-LOC-35134","35134","LB-GOV-0B6790F71D48","LB-DIST-C08378A1F450","","Mazraat Beit Ghattas","بيت غطاس","بيت غطاس","SRC-NATIONAL-VILLAGE-MANIFEST","35134","Mazraat Beit Ghattas","بيت غطاس","","","exact-pcode","ADM3_PCODE=35134","1","accepted","none","owner-review-pending","2026-08-06T08:11:43.434Z","Exact stable ADM3_PCODE mapping; owner approval remains pending"
"LB-XW-995BA5DDABB5","LB-LOC-35486","LB-LOC-35486","35486","LB-GOV-0B6790F71D48","LB-DIST-C08378A1F450","","Mazraat En-Nahriyeh","النهريه","النهريه","SRC-NATIONAL-VILLAGE-MANIFEST","35486","Mazraat En-Nahriyeh","النهريه","","","exact-pcode","ADM3_PCODE=35486","1","accepted","none","owner-review-pending","2026-08-06T08:11:43.434Z","Exact stable ADM3_PCODE mapping; owner approval remains pending"
"LB-XW-81E5EAD1C856","LB-LOC-35371","LB-LOC-35371","35371","LB-GOV-0B6790F71D48","LB-DIST-C08378A1F450","","Menneaa","ممنع","ممنع","SRC-NATIONAL-VILLAGE-MANIFEST","35371","Menneaa","ممنع","","","exact-pcode","ADM3_PCODE=35371","1","accepted","none","owner-review-pending","2026-08-06T08:11:43.434Z","Exact stable ADM3_PCODE mapping; owner approval remains pending"
"LB-XW-39EE9B68584F","LB-LOC-35277","LB-LOC-35277","35277","LB-GOV-0B6790F71D48","LB-DIST-C08378A1F450","","Mhammaret","المحمرة","المحمرة","SRC-NATIONAL-VILLAGE-MANIFEST","35277","Mhammaret","المحمرة","","","exact-pcode","ADM3_PCODE=35277","1","accepted","none","owner-review-pending","2026-08-06T08:11:43.434Z","Exact stable ADM3_PCODE mapping; owner approval remains pending"
"LB-XW-3705AF9B27DB","LB-LOC-35351","LB-LOC-35351","35351","LB-GOV-0B6790F71D48","LB-DIST-C08378A1F450","","Michmich Aakkar","مشمش","مشمش","SRC-NATIONAL-VILLAGE-MANIFEST","35351","Michmich Aakkar","مشمش","","","exact-pcode","ADM3_PCODE=35351","1","accepted","none","owner-review-pending","2026-08-06T08:11:43.434Z","Exact stable ADM3_PCODE mapping; owner approval remains pending"
"LB-XW-F9D6AD32DCDA","LB-LOC-35251","LB-LOC-35251","35251","LB-GOV-0B6790F71D48","LB-DIST-C08378A1F450","","Mighraq Aakkar","المغراق","المغراق","SRC-NATIONAL-VILLAGE-MANIFEST","35251","Mighraq Aakkar","المغراق","","","exact-pcode","ADM3_PCODE=35251","1","accepted","none","owner-review-pending","2026-08-06T08:11:43.434Z","Exact stable ADM3_PCODE mapping; owner approval remains pending"
"LB-XW-84464D762EB8","LB-LOC-35129","LB-LOC-35129","35129","LB-GOV-0B6790F71D48","LB-DIST-C08378A1F450","","Minyara","منيارة","منيارة","SRC-NATIONAL-VILLAGE-MANIFEST","35129","Minyara","منيارة","","","exact-pcode","ADM3_PCODE=35129","1","accepted","none","owner-review-pending","2026-08-06T08:11:43.434Z","Exact stable ADM3_PCODE mapping; owner approval remains pending"
"LB-XW-CC3B9C836D13","LB-LOC-35414","LB-LOC-35414","35414","LB-GOV-0B6790F71D48","LB-DIST-C08378A1F450","","Mounjez","منجز","منجز","SRC-NATIONAL-VILLAGE-MANIFEST","35414","Mounjez","منجز","","","exact-pcode","ADM3_PCODE=35414","1","accepted","none","owner-review-pending","2026-08-06T08:11:43.434Z","Exact stable ADM3_PCODE mapping; owner approval remains pending"
"LB-XW-F44B65C8C30D","LB-LOC-35261","LB-LOC-35261","35261","LB-GOV-0B6790F71D48","LB-DIST-C08378A1F450","","Mqaiteaa","المقيطع","المقيطع","SRC-NATIONAL-VILLAGE-MANIFEST","35261","Mqaiteaa","المقيطع","","","exact-pcode","ADM3_PCODE=35261","1","accepted","none","owner-review-pending","2026-08-06T08:11:43.434Z","Exact stable ADM3_PCODE mapping; owner approval remains pending"
"LB-XW-93805EF1947F","LB-LOC-35451","LB-LOC-35451","35451","LB-GOV-0B6790F71D48","LB-DIST-C08378A1F450","","Msalla","مصلا","مصلا","SRC-NATIONAL-VILLAGE-MANIFEST","35451","Msalla","مصلا","","","exact-pcode","ADM3_PCODE=35451","1","accepted","none","owner-review-pending","2026-08-06T08:11:43.434Z","Exact stable ADM3_PCODE mapping; owner approval remains pending"
"LB-XW-8D6B7C997AB5","LB-LOC-35461","LB-LOC-35461","35461","LB-GOV-0B6790F71D48","LB-DIST-C08378A1F450","","Mzeihmeh","مزيحمة","مزيحمة","SRC-NATIONAL-VILLAGE-MANIFEST","35461","Mzeihmeh","مزيحمة","","","exact-pcode","ADM3_PCODE=35461","1","accepted","none","owner-review-pending","2026-08-06T08:11:43.434Z","Exact stable ADM3_PCODE mapping; owner approval remains pending"
"LB-XW-0267F694FB70","LB-LOC-35115","LB-LOC-35115","35115","LB-GOV-0B6790F71D48","LB-DIST-C08378A1F450","","Nfisseh","النفيسة","النفيسة","SRC-NATIONAL-VILLAGE-MANIFEST","35115","Nfisseh","النفيسة","","","exact-pcode","ADM3_PCODE=35115","1","accepted","none","owner-review-pending","2026-08-06T08:11:43.434Z","Exact stable ADM3_PCODE mapping; owner approval remains pending"
"LB-XW-F692B6EB2481","LB-LOC-35445","LB-LOC-35445","35445","LB-GOV-0B6790F71D48","LB-DIST-C08378A1F450","","Noura Et-Tahta","نورا التحتا","نورا التحتا","SRC-NATIONAL-VILLAGE-MANIFEST","35445","Noura Et-Tahta","نورا التحتا","","","exact-pcode","ADM3_PCODE=35445","1","accepted","none","owner-review-pending","2026-08-06T08:11:43.434Z","Exact stable ADM3_PCODE mapping; owner approval remains pending"
"LB-XW-BAB65893A31A","LB-LOC-35455","LB-LOC-35455","35455","LB-GOV-0B6790F71D48","LB-DIST-C08378A1F450","","Ouadi El-Haour","وادي الحور","وادي الحور","SRC-NATIONAL-VILLAGE-MANIFEST","35455","Ouadi El-Haour","وادي الحور","","","exact-pcode","ADM3_PCODE=35455","1","accepted","none","owner-review-pending","2026-08-06T08:11:43.434Z","Exact stable ADM3_PCODE mapping; owner approval remains pending"
"LB-XW-A1DBE5870258","LB-LOC-35364","LB-LOC-35364","35364","LB-GOV-0B6790F71D48","LB-DIST-C08378A1F450","","Ouadi El-Jamous","وادي الجاموس","وادي الجاموس","SRC-NATIONAL-VILLAGE-MANIFEST","35364","Ouadi El-Jamous","وادي الجاموس","","","exact-pcode","ADM3_PCODE=35364","1","accepted","none","owner-review-pending","2026-08-06T08:11:43.434Z","Exact stable ADM3_PCODE mapping; owner approval remains pending"
"LB-XW-35F8F1F37C4E","LB-LOC-35233","LB-LOC-35233","35233","LB-GOV-0B6790F71D48","LB-DIST-C08378A1F450","","Qaabrine","قعبرين","قعبرين","SRC-NATIONAL-VILLAGE-MANIFEST","35233","Qaabrine","قعبرين","","","exact-pcode","ADM3_PCODE=35233","1","accepted","none","owner-review-pending","2026-08-06T08:11:43.434Z","Exact stable ADM3_PCODE mapping; owner approval remains pending"
"LB-XW-E3AFDA6B4911","LB-LOC-35325","LB-LOC-35325","35325","LB-GOV-0B6790F71D48","LB-DIST-C08378A1F450","","Qabaait","قبعيت","قبعيت","SRC-NATIONAL-VILLAGE-MANIFEST","35325","Qabaait","قبعيت","","","exact-pcode","ADM3_PCODE=35325","1","accepted","none","owner-review-pending","2026-08-06T08:11:43.434Z","Exact stable ADM3_PCODE mapping; owner approval remains pending"
"LB-XW-13695E13247A","LB-LOC-35453","LB-LOC-35453","35453","LB-GOV-0B6790F71D48","LB-DIST-C08378A1F450","","Qachlaq","قشلق","قشلق","SRC-NATIONAL-VILLAGE-MANIFEST","35453","Qachlaq","قشلق","","","exact-pcode","ADM3_PCODE=35453","1","accepted","none","owner-review-pending","2026-08-06T08:11:43.434Z","Exact stable ADM3_PCODE mapping; owner approval remains pending"
"LB-XW-4C925ED1ABD5","LB-LOC-35135","LB-LOC-35135","35135","LB-GOV-0B6790F71D48","LB-DIST-C08378A1F450","","Qantarat Aakkar","القنطرة","القنطرة","SRC-NATIONAL-VILLAGE-MANIFEST","35135","Qantarat Aakkar","القنطرة","","","exact-pcode","ADM3_PCODE=35135","1","accepted","none","owner-review-pending","2026-08-06T08:11:43.434Z","Exact stable ADM3_PCODE mapping; owner approval remains pending"
"LB-XW-B9FC0E8A2CAF","LB-LOC-35341","LB-LOC-35341","35341","LB-GOV-0B6790F71D48","LB-DIST-C08378A1F450","","Qardaf","القرقف","القرقف","SRC-NATIONAL-VILLAGE-MANIFEST","35341","Qardaf","القرقف","","","exact-pcode","ADM3_PCODE=35341","1","accepted","none","owner-review-pending","2026-08-06T08:11:43.434Z","Exact stable ADM3_PCODE mapping; owner approval remains pending"
"LB-XW-E8797A379D23","LB-LOC-35518","LB-LOC-35518","35518","LB-GOV-0B6790F71D48","LB-DIST-C08378A1F450","","Qarha Aakkar","قرحه عكار","قرحه عكار","SRC-NATIONAL-VILLAGE-MANIFEST","35518","Qarha Aakkar","قرحه عكار","","","exact-pcode","ADM3_PCODE=35518","1","accepted","none","owner-review-pending","2026-08-06T08:11:43.434Z","Exact stable ADM3_PCODE mapping; owner approval remains pending"
"LB-XW-8010541E83D7","LB-LOC-35487","LB-LOC-35487","35487","LB-GOV-0B6790F71D48","LB-DIST-C08378A1F450","","Qbaiyat Aakkar","القبيات","القبيات","SRC-NATIONAL-VILLAGE-MANIFEST","35487","Qbaiyat Aakkar","القبيات","","","exact-pcode","ADM3_PCODE=35487","1","accepted","none","owner-review-pending","2026-08-06T08:11:43.434Z","Exact stable ADM3_PCODE mapping; owner approval remains pending"
"LB-XW-D991DA0B3BE1","LB-LOC-35179","LB-LOC-35179","35179","LB-GOV-0B6790F71D48","LB-DIST-C08378A1F450","","Qboula","قبولا","قبولا","SRC-NATIONAL-VILLAGE-MANIFEST","35179","Qboula","قبولا","","","exact-pcode","ADM3_PCODE=35179","1","accepted","none","owner-review-pending","2026-08-06T08:11:43.434Z","Exact stable ADM3_PCODE mapping; owner approval remains pending"
"LB-XW-7BF08F32F8F7","LB-LOC-35243","LB-LOC-35243","35243","LB-GOV-0B6790F71D48","LB-DIST-C08378A1F450","","Qleiaat Aakkar","القليعات","القليعات","SRC-NATIONAL-VILLAGE-MANIFEST","35243","Qleiaat Aakkar","القليعات","","","exact-pcode","ADM3_PCODE=35243","1","accepted","none","owner-review-pending","2026-08-06T08:11:43.434Z","Exact stable ADM3_PCODE mapping; owner approval remains pending"
"LB-XW-CAD042AD12D5","LB-LOC-35317","LB-LOC-35317","35317","LB-GOV-0B6790F71D48","LB-DIST-C08378A1F450","","Qloud El-Baqieh","قلود الباقية","قلود الباقية","SRC-NATIONAL-VILLAGE-MANIFEST","35317","Qloud El-Baqieh","قلود الباقية","","","exact-pcode","ADM3_PCODE=35317","1","accepted","none","owner-review-pending","2026-08-06T08:11:43.434Z","Exact stable ADM3_PCODE mapping; owner approval remains pending"
"LB-XW-39253A6B5B61","LB-LOC-35352","LB-LOC-35352","35352","LB-GOV-0B6790F71D48","LB-DIST-C08378A1F450","","Qornet Aakkar","القرنة","القرنة","SRC-NATIONAL-VILLAGE-MANIFEST","35352","Qornet Aakkar","القرنة","","","exact-pcode","ADM3_PCODE=35352","1","accepted","none","owner-review-pending","2026-08-06T08:11:43.434Z","Exact stable ADM3_PCODE mapping; owner approval remains pending"
"LB-XW-3429129BEC45","LB-LOC-35269","LB-LOC-35269","35269","LB-GOV-0B6790F71D48","LB-DIST-C08378A1F450","","Qoubber Chamra","قبة شمرا","قبة شمرا","SRC-NATIONAL-VILLAGE-MANIFEST","35269","Qoubber Chamra","قبة شمرا","","","exact-pcode","ADM3_PCODE=35269","1","accepted","none","owner-review-pending","2026-08-06T08:11:43.434Z","Exact stable ADM3_PCODE mapping; owner approval remains pending"
"LB-XW-EEB0782CF5B9","LB-LOC-35334","LB-LOC-35334","35334","LB-GOV-0B6790F71D48","LB-DIST-C08378A1F450","","Qraiyat","القريات","القريات","SRC-NATIONAL-VILLAGE-MANIFEST","35334","Qraiyat","القريات","","","exact-pcode","ADM3_PCODE=35334","1","accepted","none","owner-review-pending","2026-08-06T08:11:43.434Z","Exact stable ADM3_PCODE mapping; owner approval remains pending"
"LB-XW-4835952E3ACC","LB-LOC-35415","LB-LOC-35415","35415","LB-GOV-0B6790F71D48","LB-DIST-C08378A1F450","","Qsair Aakkar","القصير","القصير","SRC-NATIONAL-VILLAGE-MANIFEST","35415","Qsair Aakkar","القصير","","","exact-pcode","ADM3_PCODE=35415","1","accepted","none","owner-review-pending","2026-08-06T08:11:43.434Z","Exact stable ADM3_PCODE mapping; owner approval remains pending"
"LB-XW-61BC21CBD4E2","LB-LOC-35357","LB-LOC-35357","35357","LB-GOV-0B6790F71D48","LB-DIST-C08378A1F450","","Rahbeh","رحبة","رحبة","SRC-NATIONAL-VILLAGE-MANIFEST","35357","Rahbeh","رحبة","","","exact-pcode","ADM3_PCODE=35357","1","accepted","none","owner-review-pending","2026-08-06T08:11:43.434Z","Exact stable ADM3_PCODE mapping; owner approval remains pending"
"LB-XW-CA0EF9156AC7","LB-LOC-35467","LB-LOC-35467","35467","LB-GOV-0B6790F71D48","LB-DIST-C08378A1F450","","Rihaniyet Aakkar","الريحانية","الريحانية","SRC-NATIONAL-VILLAGE-MANIFEST","35467","Rihaniyet Aakkar","الريحانية","","","exact-pcode","ADM3_PCODE=35467","1","accepted","none","owner-review-pending","2026-08-06T08:11:43.434Z","Exact stable ADM3_PCODE mapping; owner approval remains pending"
"LB-XW-27B6F89FC1A9","LB-LOC-35404","LB-LOC-35404","35404","LB-GOV-0B6790F71D48","LB-DIST-C08378A1F450","","Rmah","رماح النهريه","رماح النهريه","SRC-NATIONAL-VILLAGE-MANIFEST","35404","Rmah","رماح النهريه","","","exact-pcode","ADM3_PCODE=35404","1","accepted","none","owner-review-pending","2026-08-06T08:11:43.434Z","Exact stable ADM3_PCODE mapping; owner approval remains pending"
"LB-XW-5E28A2EC1D36","LB-LOC-35281","LB-LOC-35281","35281","LB-GOV-0B6790F71D48","LB-DIST-C08378A1F450","","Rmoul","رمول","رمول","SRC-NATIONAL-VILLAGE-MANIFEST","35281","Rmoul","رمول","","","exact-pcode","ADM3_PCODE=35281","1","accepted","none","owner-review-pending","2026-08-06T08:11:43.434Z","Exact stable ADM3_PCODE mapping; owner approval remains pending"
"LB-XW-615A439DBDBE","LB-LOC-35217","LB-LOC-35217","35217","LB-GOV-0B6790F71D48","LB-DIST-C08378A1F450","","Saadine","سعدين","سعدين","SRC-NATIONAL-VILLAGE-MANIFEST","35217","Saadine","سعدين","","","exact-pcode","ADM3_PCODE=35217","1","accepted","none","owner-review-pending","2026-08-06T08:11:43.434Z","Exact stable ADM3_PCODE mapping; owner approval remains pending"
"LB-XW-EF7F8F55809A","LB-LOC-35327","LB-LOC-35327","35327","LB-GOV-0B6790F71D48","LB-DIST-C08378A1F450","","Sadaqa","صدقة","صدقة","SRC-NATIONAL-VILLAGE-MANIFEST","35327","Sadaqa","صدقة","","","exact-pcode","ADM3_PCODE=35327","1","accepted","none","owner-review-pending","2026-08-06T08:11:43.434Z","Exact stable ADM3_PCODE mapping; owner approval remains pending"
"LB-XW-D318BE4BA953","LB-LOC-35469","LB-LOC-35469","35469","LB-GOV-0B6790F71D48","LB-DIST-C08378A1F450","","Saidnaya","السنديانة","السنديانة","SRC-NATIONAL-VILLAGE-MANIFEST","35469","Saidnaya","السنديانة","","","exact-pcode","ADM3_PCODE=35469","1","accepted","none","owner-review-pending","2026-08-06T08:11:43.434Z","Exact stable ADM3_PCODE mapping; owner approval remains pending"
"LB-XW-37C5F6B41E9C","LB-LOC-35271","LB-LOC-35271","35271","LB-GOV-0B6790F71D48","LB-DIST-C08378A1F450","","Sammaqiyeh","السماقية","السماقية","SRC-NATIONAL-VILLAGE-MANIFEST","35271","Sammaqiyeh","السماقية","","","exact-pcode","ADM3_PCODE=35271","1","accepted","none","owner-review-pending","2026-08-06T08:11:43.434Z","Exact stable ADM3_PCODE mapping; owner approval remains pending"
"LB-XW-9661C241E8A7","LB-LOC-35227","LB-LOC-35227","35227","LB-GOV-0B6790F71D48","LB-DIST-C08378A1F450","","Sammouniyeh","السمونيه","السمونيه","SRC-NATIONAL-VILLAGE-MANIFEST","35227","Sammouniyeh","السمونيه","","","exact-pcode","ADM3_PCODE=35227","1","accepted","none","owner-review-pending","2026-08-06T08:11:43.434Z","Exact stable ADM3_PCODE mapping; owner approval remains pending"
"LB-XW-38DA1756128A","LB-LOC-35311","LB-LOC-35311","35311","LB-GOV-0B6790F71D48","LB-DIST-C08378A1F450","","Sayssouq","سيسوق","سيسوق","SRC-NATIONAL-VILLAGE-MANIFEST","35311","Sayssouq","سيسوق","","","exact-pcode","ADM3_PCODE=35311","1","accepted","none","owner-review-pending","2026-08-06T08:11:43.434Z","Exact stable ADM3_PCODE mapping; owner approval remains pending"
"LB-XW-19FEAC7A1CE9","LB-LOC-35259","LB-LOC-35259","35259","LB-GOV-0B6790F71D48","LB-DIST-C08378A1F450","","Semmaqli","سمقالي","سمقالي","SRC-NATIONAL-VILLAGE-MANIFEST","35259","Semmaqli","سمقالي","","","exact-pcode","ADM3_PCODE=35259","1","accepted","none","owner-review-pending","2026-08-06T08:11:43.434Z","Exact stable ADM3_PCODE mapping; owner approval remains pending"
"LB-XW-ADEBFED6CAE2","LB-LOC-35324","LB-LOC-35324","35324","LB-GOV-0B6790F71D48","LB-DIST-C08378A1F450","","Sfaynet El-Qaitaa","سفينة القيطع","سفينة القيطع","SRC-NATIONAL-VILLAGE-MANIFEST","35324","Sfaynet El-Qaitaa","سفينة القيطع","","","exact-pcode","ADM3_PCODE=35324","1","accepted","none","owner-review-pending","2026-08-06T08:11:43.434Z","Exact stable ADM3_PCODE mapping; owner approval remains pending"
"LB-XW-3C69B656E957","LB-LOC-35447","LB-LOC-35447","35447","LB-GOV-0B6790F71D48","LB-DIST-C08378A1F450","","Sfinet Ed-Draib","سفينة الدريب","سفينة الدريب","SRC-NATIONAL-VILLAGE-MANIFEST","35447","Sfinet Ed-Draib","سفينة الدريب","","","exact-pcode","ADM3_PCODE=35447","1","accepted","none","owner-review-pending","2026-08-06T08:11:43.434Z","Exact stable ADM3_PCODE mapping; owner approval remains pending"
"LB-XW-3C68CAD97575","LB-LOC-35411","LB-LOC-35411","35411","LB-GOV-0B6790F71D48","LB-DIST-C08378A1F450","","Sindianet Zeidane","سنديانة زيدان","سنديانة زيدان","SRC-NATIONAL-VILLAGE-MANIFEST","35411","Sindianet Zeidane","سنديانة زيدان","","","exact-pcode","ADM3_PCODE=35411","1","accepted","none","owner-review-pending","2026-08-06T08:11:43.434Z","Exact stable ADM3_PCODE mapping; owner approval remains pending"
"LB-XW-F576CCC73E8C","LB-LOC-35143","LB-LOC-35143","35143","LB-GOV-0B6790F71D48","LB-DIST-C08378A1F450","","Souaisset Aakkar","السويسة","السويسة","SRC-NATIONAL-VILLAGE-MANIFEST","35143","Souaisset Aakkar","السويسة","","","exact-pcode","ADM3_PCODE=35143","1","accepted","none","owner-review-pending","2026-08-06T08:11:43.434Z","Exact stable ADM3_PCODE mapping; owner approval remains pending"
"LB-XW-A10B061849C6","LB-LOC-35471","LB-LOC-35471","35471","LB-GOV-0B6790F71D48","LB-DIST-C08378A1F450","","Srar","سرار","سرار","SRC-NATIONAL-VILLAGE-MANIFEST","35471","Srar","سرار","","","exact-pcode","ADM3_PCODE=35471","1","accepted","none","owner-review-pending","2026-08-06T08:11:43.434Z","Exact stable ADM3_PCODE mapping; owner approval remains pending"
"LB-XW-DD5B60C9B519","LB-LOC-35213","LB-LOC-35213","35213","LB-GOV-0B6790F71D48","LB-DIST-C08378A1F450","","Tall Aabbas Ech-Charqi","تل عباس الشرقي","تل عباس الشرقي","SRC-NATIONAL-VILLAGE-MANIFEST","35213","Tall Aabbas Ech-Charqi","تل عباس الشرقي","","","exact-pcode","ADM3_PCODE=35213","1","accepted","none","owner-review-pending","2026-08-06T08:11:43.434Z","Exact stable ADM3_PCODE mapping; owner approval remains pending"
"LB-XW-51A0775C4BC6","LB-LOC-35211","LB-LOC-35211","35211","LB-GOV-0B6790F71D48","LB-DIST-C08378A1F450","","Tall Aabbas El-Gharbi","تلعباس غربي","تلعباس غربي","SRC-NATIONAL-VILLAGE-MANIFEST","35211","Tall Aabbas El-Gharbi","تلعباس غربي","","","exact-pcode","ADM3_PCODE=35211","1","accepted","none","owner-review-pending","2026-08-06T08:11:43.434Z","Exact stable ADM3_PCODE mapping; owner approval remains pending"
"LB-XW-E12ECE2F1D5E","LB-LOC-35235","LB-LOC-35235","35235","LB-GOV-0B6790F71D48","LB-DIST-C08378A1F450","","Tall Bireh","تلبيرة","تلبيرة","SRC-NATIONAL-VILLAGE-MANIFEST","35235","Tall Bireh","تلبيرة","","","exact-pcode","ADM3_PCODE=35235","1","accepted","none","owner-review-pending","2026-08-06T08:11:43.434Z","Exact stable ADM3_PCODE mapping; owner approval remains pending"
"LB-XW-88924F75C951","LB-LOC-35237","LB-LOC-35237","35237","LB-GOV-0B6790F71D48","LB-DIST-C08378A1F450","","Tall Hmayra","تلحميرة","تلحميرة","SRC-NATIONAL-VILLAGE-MANIFEST","35237","Tall Hmayra","تلحميرة","","","exact-pcode","ADM3_PCODE=35237","1","accepted","none","owner-review-pending","2026-08-06T08:11:43.434Z","Exact stable ADM3_PCODE mapping; owner approval remains pending"
"LB-XW-418121BDD667","LB-LOC-35231","LB-LOC-35231","35231","LB-GOV-0B6790F71D48","LB-DIST-C08378A1F450","","Tall Meaayan Tall Kiri","تلمعيان","تلمعيان","SRC-NATIONAL-VILLAGE-MANIFEST","35231","Tall Meaayan Tall Kiri","تلمعيان","","","exact-pcode","ADM3_PCODE=35231","1","accepted","none","owner-review-pending","2026-08-06T08:11:43.434Z","Exact stable ADM3_PCODE mapping; owner approval remains pending"
"LB-XW-032B782FAFA6","LB-LOC-35247","LB-LOC-35247","35247","LB-GOV-0B6790F71D48","LB-DIST-C08378A1F450","","Tall Sebaal","تل سبعل","تل سبعل","SRC-NATIONAL-VILLAGE-MANIFEST","35247","Tall Sebaal","تل سبعل","","","exact-pcode","ADM3_PCODE=35247","1","accepted","none","owner-review-pending","2026-08-06T08:11:43.434Z","Exact stable ADM3_PCODE mapping; owner approval remains pending"
"LB-XW-954295241207","LB-LOC-35173","LB-LOC-35173","35173","LB-GOV-0B6790F71D48","LB-DIST-C08378A1F450","","Tallet Chattaha","شطاحة","شطاحة","SRC-NATIONAL-VILLAGE-MANIFEST","35173","Tallet Chattaha","شطاحة","","","exact-pcode","ADM3_PCODE=35173","1","accepted","none","owner-review-pending","2026-08-06T08:11:43.434Z","Exact stable ADM3_PCODE mapping; owner approval remains pending"
"LB-XW-33DAB94A3041","LB-LOC-35171","LB-LOC-35171","35171","LB-GOV-0B6790F71D48","LB-DIST-C08378A1F450","","Tikrit","تكريت","تكريت","SRC-NATIONAL-VILLAGE-MANIFEST","35171","Tikrit","تكريت","","","exact-pcode","ADM3_PCODE=35171","1","accepted","none","owner-review-pending","2026-08-06T08:11:43.434Z","Exact stable ADM3_PCODE mapping; owner approval remains pending"
"LB-XW-EFF15130F781","LB-LOC-35459","LB-LOC-35459","35459","LB-GOV-0B6790F71D48","LB-DIST-C08378A1F450","","Tleil","التليل","التليل","SRC-NATIONAL-VILLAGE-MANIFEST","35459","Tleil","التليل","","","exact-pcode","ADM3_PCODE=35459","1","accepted","none","owner-review-pending","2026-08-06T08:11:43.434Z","Exact stable ADM3_PCODE mapping; owner approval remains pending"
"LB-XW-3E8737966B38","LB-LOC-35356","LB-LOC-35356","35356","LB-GOV-0B6790F71D48","LB-DIST-C08378A1F450","","Tshea","تاشع","تاشع","SRC-NATIONAL-VILLAGE-MANIFEST","35356","Tshea","تاشع","","","exact-pcode","ADM3_PCODE=35356","1","accepted","none","owner-review-pending","2026-08-06T08:11:43.434Z","Exact stable ADM3_PCODE mapping; owner approval remains pending"
"LB-XW-5C77CCC8DFCA","LB-LOC-35127","LB-LOC-35127","35127","LB-GOV-0B6790F71D48","LB-DIST-C08378A1F450","","Zouarib","الزواريب","الزواريب","SRC-NATIONAL-VILLAGE-MANIFEST","35127","Zouarib","الزواريب","","","exact-pcode","ADM3_PCODE=35127","1","accepted","none","owner-review-pending","2026-08-06T08:11:43.434Z","Exact stable ADM3_PCODE mapping; owner approval remains pending"
"LB-XW-6A0B4692EC6F","LB-LOC-35151","LB-LOC-35151","35151","LB-GOV-0B6790F71D48","LB-DIST-C08378A1F450","","Zouq El Hosniyeh","ذوق الحصينة","ذوق الحصينة","SRC-NATIONAL-VILLAGE-MANIFEST","35151","Zouq El Hosniyeh","ذوق الحصينة","","","exact-pcode","ADM3_PCODE=35151","1","accepted","none","owner-review-pending","2026-08-06T08:11:43.434Z","Exact stable ADM3_PCODE mapping; owner approval remains pending"
"LB-XW-8C536CF4CDD1","LB-LOC-35159","LB-LOC-35159","35159","LB-GOV-0B6790F71D48","LB-DIST-C08378A1F450","","Zouq El-Hadara","ذوق حدارة","ذوق حدارة","SRC-NATIONAL-VILLAGE-MANIFEST","35159","Zouq El-Hadara","ذوق حدارة","","","exact-pcode","ADM3_PCODE=35159","1","accepted","none","owner-review-pending","2026-08-06T08:11:43.434Z","Exact stable ADM3_PCODE mapping; owner approval remains pending"
"LB-XW-873B874C8793","LB-LOC-35153","LB-LOC-35153","35153","LB-GOV-0B6790F71D48","LB-DIST-C08378A1F450","","Zouq El-Hbalsa","ذوق الحبالصة","ذوق الحبالصة","SRC-NATIONAL-VILLAGE-MANIFEST","35153","Zouq El-Hbalsa","ذوق الحبالصة","","","exact-pcode","ADM3_PCODE=35153","1","accepted","none","owner-review-pending","2026-08-06T08:11:43.434Z","Exact stable ADM3_PCODE mapping; owner approval remains pending"
"LB-XW-0A164A2836D3","LB-LOC-35161","LB-LOC-35161","35161","LB-GOV-0B6790F71D48","LB-DIST-C08378A1F450","","Zouq El-Moqachrine","ذوق المقشرين","ذوق المقشرين","SRC-NATIONAL-VILLAGE-MANIFEST","35161","Zouq El-Moqachrine","ذوق المقشرين","","","exact-pcode","ADM3_PCODE=35161","1","accepted","none","owner-review-pending","2026-08-06T08:11:43.434Z","Exact stable ADM3_PCODE mapping; owner approval remains pending"
"LB-XW-793945F17A6E","LB-LOC-53127","LB-LOC-53127","53127","LB-GOV-E147CDE110C1","LB-DIST-05365E53925F","","Aadous","عدّوس","عدوس","SRC-NATIONAL-VILLAGE-MANIFEST","53127","Aadous","عدّوس","","","exact-pcode","ADM3_PCODE=53127","1","accepted","none","owner-review-pending","2026-08-06T08:11:43.434Z","Exact stable ADM3_PCODE mapping; owner approval remains pending"
"LB-XW-247D3165D034","LB-LOC-53217","LB-LOC-53217","53217","LB-GOV-E147CDE110C1","LB-DIST-05365E53925F","","Aain Baalbek","العين","العين","SRC-NATIONAL-VILLAGE-MANIFEST","53217","Aain Baalbek","العين","","","exact-pcode","ADM3_PCODE=53217","1","accepted","none","owner-review-pending","2026-08-06T08:11:43.434Z","Exact stable ADM3_PCODE mapping; owner approval remains pending"
"LB-XW-31E463E01711","LB-LOC-53115","LB-LOC-53115","53115","LB-GOV-E147CDE110C1","LB-DIST-05365E53925F","","Aain Bourday","عين بورداي","عين بورداي","SRC-NATIONAL-VILLAGE-MANIFEST","53115","Aain Bourday","عين بورداي","","","exact-pcode","ADM3_PCODE=53115","1","accepted","none","owner-review-pending","2026-08-06T08:11:43.434Z","Exact stable ADM3_PCODE mapping; owner approval remains pending"
"LB-XW-2B78A79386A0","LB-LOC-53473","LB-LOC-53473","53473","LB-GOV-E147CDE110C1","LB-DIST-05365E53925F","","Aain Ej-Jaouz Baalbek","عين الجوزة","عين الجوزة","SRC-NATIONAL-VILLAGE-MANIFEST","53473","Aain Ej-Jaouz Baalbek","عين الجوزة","","","exact-pcode","ADM3_PCODE=53473","1","accepted","none","owner-review-pending","2026-08-06T08:11:43.434Z","Exact stable ADM3_PCODE mapping; owner approval remains pending"
"LB-XW-1065B8B18A84","LB-LOC-53465","LB-LOC-53465","53465","LB-GOV-E147CDE110C1","LB-DIST-05365E53925F","","Aain El-Barnaya","عين البنية","عين البنية","SRC-NATIONAL-VILLAGE-MANIFEST","53465","Aain El-Barnaya","عين البنية","","","exact-pcode","ADM3_PCODE=53465","1","accepted","none","owner-review-pending","2026-08-06T08:11:43.434Z","Exact stable ADM3_PCODE mapping; owner approval remains pending"
"LB-XW-C11C2E0E1D73","LB-LOC-53163","LB-LOC-53163","53163","LB-GOV-E147CDE110C1","LB-DIST-05365E53925F","","Aain Es-Siyaa Chadoura","حصن الشادورا","حصن الشادورا","SRC-NATIONAL-VILLAGE-MANIFEST","53163","Aain Es-Siyaa Chadoura","حصن الشادورا","","","exact-pcode","ADM3_PCODE=53163","1","accepted","none","owner-review-pending","2026-08-06T08:11:43.434Z","Exact stable ADM3_PCODE mapping; owner approval remains pending"
"LB-XW-58DB5A39767B","LB-LOC-53131","LB-LOC-53131","53131","LB-GOV-E147CDE110C1","LB-DIST-05365E53925F","","Aamchki","عمشكي","عمشكي","SRC-NATIONAL-VILLAGE-MANIFEST","53131","Aamchki","عمشكي","","","exact-pcode","ADM3_PCODE=53131","1","accepted","none","owner-review-pending","2026-08-06T08:11:43.434Z","Exact stable ADM3_PCODE mapping; owner approval remains pending"
"LB-XW-E662037827B4","LB-LOC-53231","LB-LOC-53231","53231","LB-GOV-E147CDE110C1","LB-DIST-05365E53925F","","Aarsal","عرسال","عرسال","SRC-NATIONAL-VILLAGE-MANIFEST","53231","Aarsal","عرسال","","","exact-pcode","ADM3_PCODE=53231","1","accepted","none","owner-review-pending","2026-08-06T08:11:43.434Z","Exact stable ADM3_PCODE mapping; owner approval remains pending"
"LB-XW-8441643B6C6A","LB-LOC-53377","LB-LOC-53377","53377","LB-GOV-E147CDE110C1","LB-DIST-05365E53925F","","Aaynata Baalbek","عيناتا","عيناتا","SRC-NATIONAL-VILLAGE-MANIFEST","53377","Aaynata Baalbek","عيناتا","","","exact-pcode","ADM3_PCODE=53377","1","accepted","none","owner-review-pending","2026-08-06T08:11:43.434Z","Exact stable ADM3_PCODE mapping; owner approval remains pending"
"LB-XW-CADA542CCE0E","LB-LOC-53111","LB-LOC-53111","53111","LB-GOV-E147CDE110C1","LB-DIST-05365E53925F","","Baalbek","بعلبك","بعلبك","SRC-NATIONAL-VILLAGE-MANIFEST","53111","Baalbek","بعلبك","","","exact-pcode","ADM3_PCODE=53111","1","accepted","none","owner-review-pending","2026-08-06T08:11:43.434Z","Exact stable ADM3_PCODE mapping; owner approval remains pending"
"LB-XW-60BC440CDC2B","LB-LOC-53221","LB-LOC-53221","53221","LB-GOV-E147CDE110C1","LB-DIST-05365E53925F","","Bajjaje","بجاجة","بجاجة","SRC-NATIONAL-VILLAGE-MANIFEST","53221","Bajjaje","بجاجة","","","exact-pcode","ADM3_PCODE=53221","1","accepted","none","owner-review-pending","2026-08-06T08:11:43.434Z","Exact stable ADM3_PCODE mapping; owner approval remains pending"
"LB-XW-8122141F88E1","LB-LOC-53344","LB-LOC-53344","53344","LB-GOV-E147CDE110C1","LB-DIST-05365E53925F","","Barqa","برقا","برقا","SRC-NATIONAL-VILLAGE-MANIFEST","53344","Barqa","برقا","","","exact-pcode","ADM3_PCODE=53344","1","accepted","none","owner-review-pending","2026-08-06T08:11:43.434Z","Exact stable ADM3_PCODE mapping; owner approval remains pending"
"LB-XW-6403E0E74264","LB-LOC-53333","LB-LOC-53333","53333","LB-GOV-E147CDE110C1","LB-DIST-05365E53925F","","Bechouat","بشوات","بشوات","SRC-NATIONAL-VILLAGE-MANIFEST","53333","Bechouat","بشوات","","","exact-pcode","ADM3_PCODE=53333","1","accepted","none","owner-review-pending","2026-08-06T08:11:43.434Z","Exact stable ADM3_PCODE mapping; owner approval remains pending"
"LB-XW-4DFE8CD8AEC5","LB-LOC-53411","LB-LOC-53411","53411","LB-GOV-E147CDE110C1","LB-DIST-05365E53925F","","Bednayel Baalbak","بدنايل","بدنايل","SRC-NATIONAL-VILLAGE-MANIFEST","53411","Bednayel Baalbak","بدنايل","","","exact-pcode","ADM3_PCODE=53411","1","accepted","none","owner-review-pending","2026-08-06T08:11:43.434Z","Exact stable ADM3_PCODE mapping; owner approval remains pending"
"LB-XW-1ABF5F722402","LB-LOC-53417","LB-LOC-53417","53417","LB-GOV-E147CDE110C1","LB-DIST-05365E53925F","","Beit Chama","بيت شاما","بيت شاما","SRC-NATIONAL-VILLAGE-MANIFEST","53417","Beit Chama","بيت شاما","","","exact-pcode","ADM3_PCODE=53417","1","accepted","none","owner-review-pending","2026-08-06T08:11:43.434Z","Exact stable ADM3_PCODE mapping; owner approval remains pending"
"LB-XW-4FA009944A7F","LB-LOC-53459","LB-LOC-53459","53459","LB-GOV-E147CDE110C1","LB-DIST-05365E53925F","","Bouday","بوداي","بوداي","SRC-NATIONAL-VILLAGE-MANIFEST","53459","Bouday","بوداي","","","exact-pcode","ADM3_PCODE=53459","1","accepted","none","owner-review-pending","2026-08-06T08:11:43.434Z","Exact stable ADM3_PCODE mapping; owner approval remains pending"
"LB-XW-F9F2DFC2B407","LB-LOC-53453","LB-LOC-53453","53453","LB-GOV-E147CDE110C1","LB-DIST-05365E53925F","","Brital","بريتال","بريتال","SRC-NATIONAL-VILLAGE-MANIFEST","53453","Brital","بريتال","","","exact-pcode","ADM3_PCODE=53453","1","accepted","none","owner-review-pending","2026-08-06T08:11:43.434Z","Exact stable ADM3_PCODE mapping; owner approval remains pending"
"LB-XW-91439FF214A6","LB-LOC-53375","LB-LOC-53375","53375","LB-GOV-E147CDE110C1","LB-DIST-05365E53925F","","Btedaai","بتدعي","بتدعي","SRC-NATIONAL-VILLAGE-MANIFEST","53375","Btedaai","بتدعي","","","exact-pcode","ADM3_PCODE=53375","1","accepted","none","owner-review-pending","2026-08-06T08:11:43.434Z","Exact stable ADM3_PCODE mapping; owner approval remains pending"
"LB-XW-68B115ADC9DC","LB-LOC-53469","LB-LOC-53469","53469","LB-GOV-E147CDE110C1","LB-DIST-05365E53925F","","Chaaibeh","جبل الشعيبة","جبل الشعيبة","SRC-NATIONAL-VILLAGE-MANIFEST","53469","Chaaibeh","جبل الشعيبة","","","exact-pcode","ADM3_PCODE=53469","1","accepted","none","owner-review-pending","2026-08-06T08:11:43.434Z","Exact stable ADM3_PCODE mapping; owner approval remains pending"
"LB-XW-33F564B22567","LB-LOC-53274","LB-LOC-53274","53274","LB-GOV-E147CDE110C1","LB-DIST-05365E53925F","","Chaat","شعت","شعت","SRC-NATIONAL-VILLAGE-MANIFEST","53274","Chaat","شعت","","","exact-pcode","ADM3_PCODE=53274","1","accepted","none","owner-review-pending","2026-08-06T08:11:43.434Z","Exact stable ADM3_PCODE mapping; owner approval remains pending"
"LB-XW-A94D5D301043","LB-LOC-53467","LB-LOC-53467","53467","LB-GOV-E147CDE110C1","LB-DIST-05365E53925F","","Chlifa","شليفا","شليفا","SRC-NATIONAL-VILLAGE-MANIFEST","53467","Chlifa","شليفا","","","exact-pcode","ADM3_PCODE=53467","1","accepted","none","owner-review-pending","2026-08-06T08:11:43.434Z","Exact stable ADM3_PCODE mapping; owner approval remains pending"
"LB-XW-0D4B58AE4CDD","LB-LOC-53429","LB-LOC-53429","53429","LB-GOV-E147CDE110C1","LB-DIST-05365E53925F","","Chmistar","شمسطار","شمسطار","SRC-NATIONAL-VILLAGE-MANIFEST","53429","Chmistar","شمسطار","","","exact-pcode","ADM3_PCODE=53429","1","accepted","none","owner-review-pending","2026-08-06T08:11:43.434Z","Exact stable ADM3_PCODE mapping; owner approval remains pending"
"LB-XW-38EE74E875C5","LB-LOC-53366","LB-LOC-53366","53366","LB-GOV-E147CDE110C1","LB-DIST-05365E53925F","","Dar El-Ouassaa","دار الواسعة","دار الواسعة","SRC-NATIONAL-VILLAGE-MANIFEST","53366","Dar El-Ouassaa","دار الواسعة","","","exact-pcode","ADM3_PCODE=53366","1","accepted","none","owner-review-pending","2026-08-06T08:11:43.434Z","Exact stable ADM3_PCODE mapping; owner approval remains pending"
"LB-XW-D05CA6124025","LB-LOC-53311","LB-LOC-53311","53311","LB-GOV-E147CDE110C1","LB-DIST-05365E53925F","","Deir El-Ahmar","دير الاحمر","دير الاحمر","SRC-NATIONAL-VILLAGE-MANIFEST","53311","Deir El-Ahmar","دير الاحمر","","","exact-pcode","ADM3_PCODE=53311","1","accepted","none","owner-review-pending","2026-08-06T08:11:43.434Z","Exact stable ADM3_PCODE mapping; owner approval remains pending"
"LB-XW-F726DD6D042F","LB-LOC-53244","LB-LOC-53244","53244","LB-GOV-E147CDE110C1","LB-DIST-05365E53925F","","Deir Mar Maroun Baalbek","دير مار مارون بعلبك","دير مار مارون بعلبك","SRC-NATIONAL-VILLAGE-MANIFEST","53244","Deir Mar Maroun Baalbek","دير مار مارون بعلبك","","","exact-pcode","ADM3_PCODE=53244","1","accepted","none","owner-review-pending","2026-08-06T08:11:43.434Z","Exact stable ADM3_PCODE mapping; owner approval remains pending"
"LB-XW-07DC7DC42E6B","LB-LOC-53119","LB-LOC-53119","53119","LB-GOV-E147CDE110C1","LB-DIST-05365E53925F","","Douris","دوريس","دوريس","SRC-NATIONAL-VILLAGE-MANIFEST","53119","Douris","دوريس","","","exact-pcode","ADM3_PCODE=53119","1","accepted","none","owner-review-pending","2026-08-06T08:11:43.434Z","Exact stable ADM3_PCODE mapping; owner approval remains pending"
"LB-XW-FFD0B2D61870","LB-LOC-53214","LB-LOC-53214","53214","LB-GOV-E147CDE110C1","LB-DIST-05365E53925F","","Fekehe","فاكهة","فاكهة","SRC-NATIONAL-VILLAGE-MANIFEST","53214","Fekehe","فاكهة","","","exact-pcode","ADM3_PCODE=53214","1","accepted","none","owner-review-pending","2026-08-06T08:11:43.434Z","Exact stable ADM3_PCODE mapping; owner approval remains pending"
"LB-XW-AE7650871ED9","LB-LOC-53183","LB-LOC-53183","53183","LB-GOV-E147CDE110C1","LB-DIST-05365E53925F","","Hadath Baalbek","حدت الهرمل","حدت الهرمل","SRC-NATIONAL-VILLAGE-MANIFEST","53183","Hadath Baalbek","حدت الهرمل","","","exact-pcode","ADM3_PCODE=53183","1","accepted","none","owner-review-pending","2026-08-06T08:11:43.434Z","Exact stable ADM3_PCODE mapping; owner approval remains pending"
"LB-XW-ADFD157BE26D","LB-LOC-53247","LB-LOC-53247","53247","LB-GOV-E147CDE110C1","LB-DIST-05365E53925F","","Halbata","حلباتا","حلباتا","SRC-NATIONAL-VILLAGE-MANIFEST","53247","Halbata","حلباتا","","","exact-pcode","ADM3_PCODE=53247","1","accepted","none","owner-review-pending","2026-08-06T08:11:43.434Z","Exact stable ADM3_PCODE mapping; owner approval remains pending"
"LB-XW-210B310F2714","LB-LOC-53463","LB-LOC-53463","53463","LB-GOV-E147CDE110C1","LB-DIST-05365E53925F","","Ham","حام","حام","SRC-NATIONAL-VILLAGE-MANIFEST","53463","Ham","حام","","","exact-pcode","ADM3_PCODE=53463","1","accepted","none","owner-review-pending","2026-08-06T08:11:43.434Z","Exact stable ADM3_PCODE mapping; owner approval remains pending"
"LB-XW-CB6B62BE2835","LB-LOC-53159","LB-LOC-53159","53159","LB-GOV-E147CDE110C1","LB-DIST-05365E53925F","","Haouch El-Dehab","حوش الدهب","حوش الدهب","SRC-NATIONAL-VILLAGE-MANIFEST","53159","Haouch El-Dehab","حوش الدهب","","","exact-pcode","ADM3_PCODE=53159","1","accepted","none","owner-review-pending","2026-08-06T08:11:43.434Z","Exact stable ADM3_PCODE mapping; owner approval remains pending"
"LB-XW-C85FC0EC89D8","LB-LOC-53431","LB-LOC-53431","53431","LB-GOV-E147CDE110C1","LB-DIST-05365E53925F","","Haouch En-Nabi","حوش النبي","حوش النبي","SRC-NATIONAL-VILLAGE-MANIFEST","53431","Haouch En-Nabi","حوش النبي","","","exact-pcode","ADM3_PCODE=53431","1","accepted","none","owner-review-pending","2026-08-06T08:11:43.434Z","Exact stable ADM3_PCODE mapping; owner approval remains pending"
"LB-XW-09D7FFA8EEA0","LB-LOC-53419","LB-LOC-53419","53419","LB-GOV-E147CDE110C1","LB-DIST-05365E53925F","","Haouch Er-Rafqa","حوش الرافقة","حوش الرافقة","SRC-NATIONAL-VILLAGE-MANIFEST","53419","Haouch Er-Rafqa","حوش الرافقة","","","exact-pcode","ADM3_PCODE=53419","1","accepted","none","owner-review-pending","2026-08-06T08:11:43.434Z","Exact stable ADM3_PCODE mapping; owner approval remains pending"
"LB-XW-D8605D929C73","LB-LOC-53433","LB-LOC-53433","53433","LB-GOV-E147CDE110C1","LB-DIST-05365E53925F","","Haouch Snaid","حوش سنيد","حوش سنيد","SRC-NATIONAL-VILLAGE-MANIFEST","53433","Haouch Snaid","حوش سنيد","","","exact-pcode","ADM3_PCODE=53433","1","accepted","none","owner-review-pending","2026-08-06T08:11:43.434Z","Exact stable ADM3_PCODE mapping; owner approval remains pending"
"LB-XW-B11CEF8A7FA4","LB-LOC-53135","LB-LOC-53135","53135","LB-GOV-E147CDE110C1","LB-DIST-05365E53925F","","Haouch Tall Safiyeh","حوش تل صفية","حوش تل صفية","SRC-NATIONAL-VILLAGE-MANIFEST","53135","Haouch Tall Safiyeh","حوش تل صفية","","","exact-pcode","ADM3_PCODE=53135","1","accepted","none","owner-review-pending","2026-08-06T08:11:43.434Z","Exact stable ADM3_PCODE mapping; owner approval remains pending"
"LB-XW-61044B1127E1","LB-LOC-53151","LB-LOC-53151","53151","LB-GOV-E147CDE110C1","LB-DIST-05365E53925F","","Haouche Barada","حوش بردى","حوش بردي","SRC-NATIONAL-VILLAGE-MANIFEST","53151","Haouche Barada","حوش بردى","","","exact-pcode","ADM3_PCODE=53151","1","accepted","none","owner-review-pending","2026-08-06T08:11:43.434Z","Exact stable ADM3_PCODE mapping; owner approval remains pending"
"LB-XW-B2A2B4901C77","LB-LOC-53451","LB-LOC-53451","53451","LB-GOV-E147CDE110C1","LB-DIST-05365E53925F","","Haour Taala","حور تعلا","حور تعلا","SRC-NATIONAL-VILLAGE-MANIFEST","53451","Haour Taala","حور تعلا","","","exact-pcode","ADM3_PCODE=53451","1","accepted","none","owner-review-pending","2026-08-06T08:11:43.434Z","Exact stable ADM3_PCODE mapping; owner approval remains pending"
"LB-XW-FE11BD246CA4","LB-LOC-53264","LB-LOC-53264","53264","LB-GOV-E147CDE110C1","LB-DIST-05365E53925F","","Harabta","حربتا","حربتا","SRC-NATIONAL-VILLAGE-MANIFEST","53264","Harabta","حربتا","","","exact-pcode","ADM3_PCODE=53264","1","accepted","none","owner-review-pending","2026-08-06T08:11:43.434Z","Exact stable ADM3_PCODE mapping; owner approval remains pending"
"LB-XW-DDAD734A3092","LB-LOC-53441","LB-LOC-53441","53441","LB-GOV-E147CDE110C1","LB-DIST-05365E53925F","","Hizzine","حزين","حزين","SRC-NATIONAL-VILLAGE-MANIFEST","53441","Hizzine","حزين","","","exact-pcode","ADM3_PCODE=53441","1","accepted","none","owner-review-pending","2026-08-06T08:11:43.434Z","Exact stable ADM3_PCODE mapping; owner approval remains pending"
"LB-XW-48549AB56B07","LB-LOC-53123","LB-LOC-53123","53123","LB-GOV-E147CDE110C1","LB-DIST-05365E53925F","","Iaat","ايعات","ايعات","SRC-NATIONAL-VILLAGE-MANIFEST","53123","Iaat","ايعات","","","exact-pcode","ADM3_PCODE=53123","1","accepted","none","owner-review-pending","2026-08-06T08:11:43.434Z","Exact stable ADM3_PCODE mapping; owner approval remains pending"
"LB-XW-767EB7701F0B","LB-LOC-53171","LB-LOC-53171","53171","LB-GOV-E147CDE110C1","LB-DIST-05365E53925F","","Jebaa","جبعا","جبعا","SRC-NATIONAL-VILLAGE-MANIFEST","53171","Jebaa","جبعا","","","exact-pcode","ADM3_PCODE=53171","1","accepted","none","owner-review-pending","2026-08-06T08:11:43.434Z","Exact stable ADM3_PCODE mapping; owner approval remains pending"
"LB-XW-4D26B0724B60","LB-LOC-53447","LB-LOC-53447","53447","LB-GOV-E147CDE110C1","LB-DIST-05365E53925F","","Jenta","جنتا","جنتا","SRC-NATIONAL-VILLAGE-MANIFEST","53447","Jenta","جنتا","","","exact-pcode","ADM3_PCODE=53447","1","accepted","none","owner-review-pending","2026-08-06T08:11:43.434Z","Exact stable ADM3_PCODE mapping; owner approval remains pending"
"LB-XW-EC9B39D6E24F","LB-LOC-53427","LB-LOC-53427","53427","LB-GOV-E147CDE110C1","LB-DIST-05365E53925F","","Kfar Dabach","كفر دبش","كفر دبش","SRC-NATIONAL-VILLAGE-MANIFEST","53427","Kfar Dabach","كفر دبش","","","exact-pcode","ADM3_PCODE=53427","1","accepted","none","owner-review-pending","2026-08-06T08:11:43.434Z","Exact stable ADM3_PCODE mapping; owner approval remains pending"
"LB-XW-44CF501FEE8B","LB-LOC-53179","LB-LOC-53179","53179","LB-GOV-E147CDE110C1","LB-DIST-05365E53925F","","Kfar Dane","كفر دان","كفر دان","SRC-NATIONAL-VILLAGE-MANIFEST","53179","Kfar Dane","كفر دان","","","exact-pcode","ADM3_PCODE=53179","1","accepted","none","owner-review-pending","2026-08-06T08:11:43.434Z","Exact stable ADM3_PCODE mapping; owner approval remains pending"
"LB-XW-28C06685554B","LB-LOC-54175","LB-LOC-54175","54175","LB-GOV-E147CDE110C1","LB-DIST-05365E53925F","","Kharayeb El-Hermel","الخرائب","الخرايب","SRC-NATIONAL-VILLAGE-MANIFEST","54175","Kharayeb El-Hermel","الخرائب","","","exact-pcode","ADM3_PCODE=54175","1","accepted","none","owner-review-pending","2026-08-06T08:11:43.434Z","Exact stable ADM3_PCODE mapping; owner approval remains pending"
"LB-XW-9115D942583D","LB-LOC-53443","LB-LOC-53443","53443","LB-GOV-E147CDE110C1","LB-DIST-05365E53925F","","Khodr Baalbek","خضر","خضر","SRC-NATIONAL-VILLAGE-MANIFEST","53443","Khodr Baalbek","خضر","","","exact-pcode","ADM3_PCODE=53443","1","accepted","none","owner-review-pending","2026-08-06T08:11:43.434Z","Exact stable ADM3_PCODE mapping; owner approval remains pending"
"LB-XW-5F1F23481396","LB-LOC-53455","LB-LOC-53455","53455","LB-GOV-E147CDE110C1","LB-DIST-05365E53925F","","Khreibet Baalbek","خريبة","خريبة","SRC-NATIONAL-VILLAGE-MANIFEST","53455","Khreibet Baalbek","خريبة","","","exact-pcode","ADM3_PCODE=53455","1","accepted","none","owner-review-pending","2026-08-06T08:11:43.434Z","Exact stable ADM3_PCODE mapping; owner approval remains pending"
"LB-XW-DC02193273C2","LB-LOC-53322","LB-LOC-53322","53322","LB-GOV-E147CDE110C1","LB-DIST-05365E53925F","","Kneisset Baalbek","كنيسة","كنيسة","SRC-NATIONAL-VILLAGE-MANIFEST","53322","Kneisset Baalbek","كنيسة","","","exact-pcode","ADM3_PCODE=53322","1","accepted","none","owner-review-pending","2026-08-06T08:11:43.434Z","Exact stable ADM3_PCODE mapping; owner approval remains pending"
"LB-XW-E2C4C6BCEFA8","LB-LOC-53234","LB-LOC-53234","53234","LB-GOV-E147CDE110C1","LB-DIST-05365E53925F","","Laboueh","لبوة","لبوة","SRC-NATIONAL-VILLAGE-MANIFEST","53234","Laboueh","لبوة","","","exact-pcode","ADM3_PCODE=53234","1","accepted","none","owner-review-pending","2026-08-06T08:11:43.434Z","Exact stable ADM3_PCODE mapping; owner approval remains pending"
"LB-XW-412003FE3C99","LB-LOC-53461","LB-LOC-53461","53461","LB-GOV-E147CDE110C1","LB-DIST-05365E53925F","","Maaraboun","معربون","معربون","SRC-NATIONAL-VILLAGE-MANIFEST","53461","Maaraboun","معربون","","","exact-pcode","ADM3_PCODE=53461","1","accepted","none","owner-review-pending","2026-08-06T08:11:43.434Z","Exact stable ADM3_PCODE mapping; owner approval remains pending"
"LB-XW-78FF2739C06B","LB-LOC-53147","LB-LOC-53147","53147","LB-GOV-E147CDE110C1","LB-DIST-05365E53925F","","Majdaloun","مجدلون","مجدلون","SRC-NATIONAL-VILLAGE-MANIFEST","53147","Majdaloun","مجدلون","","","exact-pcode","ADM3_PCODE=53147","1","accepted","none","owner-review-pending","2026-08-06T08:11:43.434Z","Exact stable ADM3_PCODE mapping; owner approval remains pending"
"LB-XW-4FB14E701CBB","LB-LOC-53155","LB-LOC-53155","53155","LB-GOV-E147CDE110C1","LB-DIST-05365E53925F","","Maqneh","مقنة","مقنة","SRC-NATIONAL-VILLAGE-MANIFEST","53155","Maqneh","مقنة","","","exact-pcode","ADM3_PCODE=53155","1","accepted","none","owner-review-pending","2026-08-06T08:11:43.434Z","Exact stable ADM3_PCODE mapping; owner approval remains pending"
"LB-XW-DFFFDCE6FFA0","LB-LOC-53457","LB-LOC-53457","53457","LB-GOV-E147CDE110C1","LB-DIST-05365E53925F","","Mazraat beit Mchaik","مزرعة بيت مشيك","مزرعة بيت مشيك","SRC-NATIONAL-VILLAGE-MANIFEST","53457","Mazraat beit Mchaik","مزرعة بيت مشيك","","","exact-pcode","ADM3_PCODE=53457","1","accepted","none","owner-review-pending","2026-08-06T08:11:43.434Z","Exact stable ADM3_PCODE mapping; owner approval remains pending"
"LB-XW-06707E2268D1","LB-LOC-53251","LB-LOC-53251","53251","LB-GOV-E147CDE110C1","LB-DIST-05365E53925F","","Moqraq","المقرق","المقرق","SRC-NATIONAL-VILLAGE-MANIFEST","53251","Moqraq","المقرق","","","exact-pcode","ADM3_PCODE=53251","1","accepted","none","owner-review-pending","2026-08-06T08:11:43.434Z","Exact stable ADM3_PCODE mapping; owner approval remains pending"
"LB-XW-F1BC4CFB690E","LB-LOC-53421","LB-LOC-53421","53421","LB-GOV-E147CDE110C1","LB-DIST-05365E53925F","","Mousrayeh","مطحنة مصراية","مطحنة مصراية","SRC-NATIONAL-VILLAGE-MANIFEST","53421","Mousrayeh","مطحنة مصراية","","","exact-pcode","ADM3_PCODE=53421","1","accepted","none","owner-review-pending","2026-08-06T08:11:43.434Z","Exact stable ADM3_PCODE mapping; owner approval remains pending"
"LB-XW-F2EEFBB2644E","LB-LOC-53271","LB-LOC-53271","53271","LB-GOV-E147CDE110C1","LB-DIST-05365E53925F","","Nabha Ed-Damdoum","نبحا","نبحا","SRC-NATIONAL-VILLAGE-MANIFEST","53271","Nabha Ed-Damdoum","نبحا","","","exact-pcode","ADM3_PCODE=53271","1","accepted","none","owner-review-pending","2026-08-06T08:11:43.434Z","Exact stable ADM3_PCODE mapping; owner approval remains pending"
"LB-XW-6AB62994747D","LB-LOC-53471","LB-LOC-53471","53471","LB-GOV-E147CDE110C1","LB-DIST-05365E53925F","","Nabi Chbay","النبي سباط","النبي سباط","SRC-NATIONAL-VILLAGE-MANIFEST","53471","Nabi Chbay","النبي سباط","","","exact-pcode","ADM3_PCODE=53471","1","accepted","none","owner-review-pending","2026-08-06T08:11:43.434Z","Exact stable ADM3_PCODE mapping; owner approval remains pending"
"LB-XW-7E214D1D3342","LB-LOC-53445","LB-LOC-53445","53445","LB-GOV-E147CDE110C1","LB-DIST-05365E53925F","","Nabi Chit","نبي شيت","نبي شيت","SRC-NATIONAL-VILLAGE-MANIFEST","53445","Nabi Chit","نبي شيت","","","exact-pcode","ADM3_PCODE=53445","1","accepted","none","owner-review-pending","2026-08-06T08:11:43.434Z","Exact stable ADM3_PCODE mapping; owner approval remains pending"
"LB-XW-02262DF250BD","LB-LOC-53224","LB-LOC-53224","53224","LB-GOV-E147CDE110C1","LB-DIST-05365E53925F","","Nabi Osmane","نبي عثمان","نبي عثمان","SRC-NATIONAL-VILLAGE-MANIFEST","53224","Nabi Osmane","نبي عثمان","","","exact-pcode","ADM3_PCODE=53224","1","accepted","none","owner-review-pending","2026-08-06T08:11:43.434Z","Exact stable ADM3_PCODE mapping; owner approval remains pending"
"LB-XW-D75B0BD7331F","LB-LOC-53143","LB-LOC-53143","53143","LB-GOV-E147CDE110C1","LB-DIST-05365E53925F","","Nahleh baalbek","نحله","نحله","SRC-NATIONAL-VILLAGE-MANIFEST","53143","Nahleh baalbek","نحله","","","exact-pcode","ADM3_PCODE=53143","1","accepted","none","owner-review-pending","2026-08-06T08:11:43.434Z","Exact stable ADM3_PCODE mapping; owner approval remains pending"
"LB-XW-EEE0CB35F83F","LB-LOC-54183","LB-LOC-54183","54183","LB-GOV-E147CDE110C1","LB-DIST-05365E53925F","","Ouadi El-Aaoss","وادي القصص","وادي القصص","SRC-NATIONAL-VILLAGE-MANIFEST","54183","Ouadi El-Aaoss","وادي القصص","","","exact-pcode","ADM3_PCODE=54183","1","accepted","none","owner-review-pending","2026-08-06T08:11:43.434Z","Exact stable ADM3_PCODE mapping; owner approval remains pending"
"LB-XW-E37CD8718E39","LB-LOC-53241","LB-LOC-53241","53241","LB-GOV-E147CDE110C1","LB-DIST-05365E53925F","","Qaa Baalbek","القاع","القاع","SRC-NATIONAL-VILLAGE-MANIFEST","53241","Qaa Baalbek","القاع","","","exact-pcode","ADM3_PCODE=53241","1","accepted","none","owner-review-pending","2026-08-06T08:11:43.434Z","Exact stable ADM3_PCODE mapping; owner approval remains pending"
"LB-XW-58B6FB051A16","LB-LOC-53257","LB-LOC-53257","53257","LB-GOV-E147CDE110C1","LB-DIST-05365E53925F","","Qaa Baayoun","قاع بعيون","قاع بعيون","SRC-NATIONAL-VILLAGE-MANIFEST","53257","Qaa Baayoun","قاع بعيون","","","exact-pcode","ADM3_PCODE=53257","1","accepted","none","owner-review-pending","2026-08-06T08:11:43.434Z","Exact stable ADM3_PCODE mapping; owner approval remains pending"
"LB-XW-927F9FDF97E8","LB-LOC-53267","LB-LOC-53267","53267","LB-GOV-E147CDE110C1","LB-DIST-05365E53925F","","Qaa Jouar Maqiyé","قاع جوار مكية","قاع جوار مكية","SRC-NATIONAL-VILLAGE-MANIFEST","53267","Qaa Jouar Maqiyé","قاع جوار مكية","","","exact-pcode","ADM3_PCODE=53267","1","accepted","none","owner-review-pending","2026-08-06T08:11:43.434Z","Exact stable ADM3_PCODE mapping; owner approval remains pending"
"LB-XW-AD697794D6F6","LB-LOC-53254","LB-LOC-53254","53254","LB-GOV-E147CDE110C1","LB-DIST-05365E53925F","","Qaa Ouadi El-Khanzir","قاع وادي الخنزير","قاع وادي الخنزير","SRC-NATIONAL-VILLAGE-MANIFEST","53254","Qaa Ouadi El-Khanzir","قاع وادي الخنزير","","","exact-pcode","ADM3_PCODE=53254","1","accepted","none","owner-review-pending","2026-08-06T08:11:43.434Z","Exact stable ADM3_PCODE mapping; owner approval remains pending"
"LB-XW-4D48A3249A08","LB-LOC-53277","LB-LOC-53277","53277","LB-GOV-E147CDE110C1","LB-DIST-05365E53925F","","Qarha Baalbek","قرحا","قرحا","SRC-NATIONAL-VILLAGE-MANIFEST","53277","Qarha Baalbek","قرحا","","","exact-pcode","ADM3_PCODE=53277","1","accepted","none","owner-review-pending","2026-08-06T08:11:43.434Z","Exact stable ADM3_PCODE mapping; owner approval remains pending"
"LB-XW-96A3940A9238","LB-LOC-53413","LB-LOC-53413","53413","LB-GOV-E147CDE110C1","LB-DIST-05365E53925F","","Qsarnaba","قصرنابا","قصرنابا","SRC-NATIONAL-VILLAGE-MANIFEST","53413","Qsarnaba","قصرنابا","","","exact-pcode","ADM3_PCODE=53413","1","accepted","none","owner-review-pending","2026-08-06T08:11:43.434Z","Exact stable ADM3_PCODE mapping; owner approval remains pending"
"LB-XW-287589D3AA41","LB-LOC-53281","LB-LOC-53281","53281","LB-GOV-E147CDE110C1","LB-DIST-05365E53925F","","Ram Baalbek","الرام","الرام","SRC-NATIONAL-VILLAGE-MANIFEST","53281","Ram Baalbek","الرام","","","exact-pcode","ADM3_PCODE=53281","1","accepted","none","owner-review-pending","2026-08-06T08:11:43.434Z","Exact stable ADM3_PCODE mapping; owner approval remains pending"
"LB-XW-12D88F829ADE","LB-LOC-53227","LB-LOC-53227","53227","LB-GOV-E147CDE110C1","LB-DIST-05365E53925F","","Ras Baalbek Ech-Charqi","راس بعلبك الشرقي","راس بعلبك الشرقي","SRC-NATIONAL-VILLAGE-MANIFEST","53227","Ras Baalbek Ech-Charqi","راس بعلبك الشرقي","","","exact-pcode","ADM3_PCODE=53227","1","accepted","none","owner-review-pending","2026-08-06T08:11:43.434Z","Exact stable ADM3_PCODE mapping; owner approval remains pending"
"LB-XW-D6245407DD62","LB-LOC-53211","LB-LOC-53211","53211","LB-GOV-E147CDE110C1","LB-DIST-05365E53925F","","Ras Baalbek Es-Sahel","راس بعلبك","راس بعلبك","SRC-NATIONAL-VILLAGE-MANIFEST","53211","Ras Baalbek Es-Sahel","راس بعلبك","","","exact-pcode","ADM3_PCODE=53211","1","accepted","none","owner-review-pending","2026-08-06T08:11:43.434Z","Exact stable ADM3_PCODE mapping; owner approval remains pending"
"LB-XW-CE4E2C938AE8","LB-LOC-53355","LB-LOC-53355","53355","LB-GOV-E147CDE110C1","LB-DIST-05365E53925F","","Riha","ريحا","ريحا","SRC-NATIONAL-VILLAGE-MANIFEST","53355","Riha","ريحا","","","exact-pcode","ADM3_PCODE=53355","1","accepted","none","owner-review-pending","2026-08-06T08:11:43.434Z","Exact stable ADM3_PCODE mapping; owner approval remains pending"
"LB-XW-10BB62BE8EC1","LB-LOC-53167","LB-LOC-53167","53167","LB-GOV-E147CDE110C1","LB-DIST-05365E53925F","","Saaideh","سعيدة","سعيدة","SRC-NATIONAL-VILLAGE-MANIFEST","53167","Saaideh","سعيدة","","","exact-pcode","ADM3_PCODE=53167","1","accepted","none","owner-review-pending","2026-08-06T08:11:43.434Z","Exact stable ADM3_PCODE mapping; owner approval remains pending"
"LB-XW-8CE8A805DFC7","LB-LOC-53261","LB-LOC-53261","53261","LB-GOV-E147CDE110C1","LB-DIST-05365E53925F","","Sbouba","صبوبا","صبوبا","SRC-NATIONAL-VILLAGE-MANIFEST","53261","Sbouba","صبوبا","","","exact-pcode","ADM3_PCODE=53261","1","accepted","none","owner-review-pending","2026-08-06T08:11:43.434Z","Exact stable ADM3_PCODE mapping; owner approval remains pending"
"LB-XW-1D3DF778C9EE","LB-LOC-53437","LB-LOC-53437","53437","LB-GOV-E147CDE110C1","LB-DIST-05365E53925F","","Serraaine Et-Tahta","سرعين التحتا","سرعين التحتا","SRC-NATIONAL-VILLAGE-MANIFEST","53437","Serraaine Et-Tahta","سرعين التحتا","","","exact-pcode","ADM3_PCODE=53437","1","accepted","none","owner-review-pending","2026-08-06T08:11:43.434Z","Exact stable ADM3_PCODE mapping; owner approval remains pending"
"LB-XW-F4A58F5F9895","LB-LOC-53423","LB-LOC-53423","53423","LB-GOV-E147CDE110C1","LB-DIST-05365E53925F","","Slouqi","سلوقي","سلوقي","SRC-NATIONAL-VILLAGE-MANIFEST","53423","Slouqi","سلوقي","","","exact-pcode","ADM3_PCODE=53423","1","accepted","none","owner-review-pending","2026-08-06T08:11:43.434Z","Exact stable ADM3_PCODE mapping; owner approval remains pending"
"LB-XW-C8C92D5679C9","LB-LOC-53139","LB-LOC-53139","53139","LB-GOV-E147CDE110C1","LB-DIST-05365E53925F","","Taibet Baalbek","طيبة بعلبك","طيبة بعلبك","SRC-NATIONAL-VILLAGE-MANIFEST","53139","Taibet Baalbek","طيبة بعلبك","","","exact-pcode","ADM3_PCODE=53139","1","accepted","none","owner-review-pending","2026-08-06T08:11:43.434Z","Exact stable ADM3_PCODE mapping; owner approval remains pending"
"LB-XW-BDF4DAD69120","LB-LOC-53439","LB-LOC-53439","53439","LB-GOV-E147CDE110C1","LB-DIST-05365E53925F","","Talia","طليا","طليا","SRC-NATIONAL-VILLAGE-MANIFEST","53439","Talia","طليا","","","exact-pcode","ADM3_PCODE=53439","1","accepted","none","owner-review-pending","2026-08-06T08:11:43.434Z","Exact stable ADM3_PCODE mapping; owner approval remains pending"
"LB-XW-8E1CC4ECCAA2","LB-LOC-53435","LB-LOC-53435","53435","LB-GOV-E147CDE110C1","LB-DIST-05365E53925F","","Taraiya","طاريا","طاريا","SRC-NATIONAL-VILLAGE-MANIFEST","53435","Taraiya","طاريا","","","exact-pcode","ADM3_PCODE=53435","1","accepted","none","owner-review-pending","2026-08-06T08:11:43.434Z","Exact stable ADM3_PCODE mapping; owner approval remains pending"
"LB-XW-B7F4EBD1E3EA","LB-LOC-53415","LB-LOC-53415","53415","LB-GOV-E147CDE110C1","LB-DIST-05365E53925F","","Temnine El-Faouqa","تمنين الفوقا","تمنين الفوقا","SRC-NATIONAL-VILLAGE-MANIFEST","53415","Temnine El-Faouqa","تمنين الفوقا","","","exact-pcode","ADM3_PCODE=53415","1","accepted","none","owner-review-pending","2026-08-06T08:11:43.434Z","Exact stable ADM3_PCODE mapping; owner approval remains pending"
"LB-XW-565D34E3B8AB","LB-LOC-53425","LB-LOC-53425","53425","LB-GOV-E147CDE110C1","LB-DIST-05365E53925F","","Temnine Et-Tahta","تمنين التحتا","تمنين التحتا","SRC-NATIONAL-VILLAGE-MANIFEST","53425","Temnine Et-Tahta","تمنين التحتا","","","exact-pcode","ADM3_PCODE=53425","1","accepted","none","owner-review-pending","2026-08-06T08:11:43.434Z","Exact stable ADM3_PCODE mapping; owner approval remains pending"
"LB-XW-0794F80804EE","LB-LOC-53475","LB-LOC-53475","53475","LB-GOV-E147CDE110C1","LB-DIST-05365E53925F","","Tfail","طفيل","طفيل","SRC-NATIONAL-VILLAGE-MANIFEST","53475","Tfail","طفيل","","","exact-pcode","ADM3_PCODE=53475","1","accepted","none","owner-review-pending","2026-08-06T08:11:43.434Z","Exact stable ADM3_PCODE mapping; owner approval remains pending"
"LB-XW-485C000DECC1","LB-LOC-53449","LB-LOC-53449","53449","LB-GOV-E147CDE110C1","LB-DIST-05365E53925F","","Yahfoufa","يحفوفا","يحفوفا","SRC-NATIONAL-VILLAGE-MANIFEST","53449","Yahfoufa","يحفوفا","","","exact-pcode","ADM3_PCODE=53449","1","accepted","none","owner-review-pending","2026-08-06T08:11:43.434Z","Exact stable ADM3_PCODE mapping; owner approval remains pending"
"LB-XW-2A46C6875D03","LB-LOC-53388","LB-LOC-53388","53388","LB-GOV-E147CDE110C1","LB-DIST-05365E53925F","","Yammouneh","يمونة","يمونة","SRC-NATIONAL-VILLAGE-MANIFEST","53388","Yammouneh","يمونة","","","exact-pcode","ADM3_PCODE=53388","1","accepted","none","owner-review-pending","2026-08-06T08:11:43.434Z","Exact stable ADM3_PCODE mapping; owner approval remains pending"
"LB-XW-3DE670EE62CE","LB-LOC-53284","LB-LOC-53284","53284","LB-GOV-E147CDE110C1","LB-DIST-05365E53925F","","Youmine","يونين","يونين","SRC-NATIONAL-VILLAGE-MANIFEST","53284","Youmine","يونين","","","exact-pcode","ADM3_PCODE=53284","1","accepted","none","owner-review-pending","2026-08-06T08:11:43.434Z","Exact stable ADM3_PCODE mapping; owner approval remains pending"
"LB-XW-216469D3F30B","LB-LOC-53237","LB-LOC-53237","53237","LB-GOV-E147CDE110C1","LB-DIST-05365E53925F","","Zabboud","زبود","زبود","SRC-NATIONAL-VILLAGE-MANIFEST","53237","Zabboud","زبود","","","exact-pcode","ADM3_PCODE=53237","1","accepted","none","owner-review-pending","2026-08-06T08:11:43.434Z","Exact stable ADM3_PCODE mapping; owner approval remains pending"
"LB-XW-2E34BA15B534","LB-LOC-54127","LB-LOC-54127","54127","LB-GOV-E147CDE110C1","LB-DIST-9FFB8D778C3B","","Charbine El-Hermel","شربين","شربين","SRC-NATIONAL-VILLAGE-MANIFEST","54127","Charbine El-Hermel","شربين","","","exact-pcode","ADM3_PCODE=54127","1","accepted","none","owner-review-pending","2026-08-06T08:11:43.434Z","Exact stable ADM3_PCODE mapping; owner approval remains pending"
"LB-XW-5155B1D06415","LB-LOC-54111","LB-LOC-54111","54111","LB-GOV-E147CDE110C1","LB-DIST-9FFB8D778C3B","","Hermel","هرمل","هرمل","SRC-NATIONAL-VILLAGE-MANIFEST","54111","Hermel","هرمل","","","exact-pcode","ADM3_PCODE=54111","1","accepted","none","owner-review-pending","2026-08-06T08:11:43.434Z","Exact stable ADM3_PCODE mapping; owner approval remains pending"
"LB-XW-C7B3750CD1B4","LB-LOC-54159","LB-LOC-54159","54159","LB-GOV-E147CDE110C1","LB-DIST-9FFB8D778C3B","","Hermel Jbab","هرمل جباب","هرمل جباب","SRC-NATIONAL-VILLAGE-MANIFEST","54159","Hermel Jbab","هرمل جباب","","","exact-pcode","ADM3_PCODE=54159","1","accepted","none","owner-review-pending","2026-08-06T08:11:43.434Z","Exact stable ADM3_PCODE mapping; owner approval remains pending"
"LB-XW-BB0E876F0657","LB-LOC-54167","LB-LOC-54167","54167","LB-GOV-E147CDE110C1","LB-DIST-9FFB8D778C3B","","Maaysra El-Hermel","معيصرة","معيصرة","SRC-NATIONAL-VILLAGE-MANIFEST","54167","Maaysra El-Hermel","معيصرة","","","exact-pcode","ADM3_PCODE=54167","1","accepted","none","owner-review-pending","2026-08-06T08:11:43.434Z","Exact stable ADM3_PCODE mapping; owner approval remains pending"
"LB-XW-16E4125BBE22","LB-LOC-54114","LB-LOC-54114","54114","LB-GOV-E147CDE110C1","LB-DIST-9FFB8D778C3B","","Michaa Mrajhineh","سويدية","سويدية","SRC-NATIONAL-VILLAGE-MANIFEST","54114","Michaa Mrajhineh","سويدية","","","exact-pcode","ADM3_PCODE=54114","1","accepted","none","owner-review-pending","2026-08-06T08:11:43.434Z","Exact stable ADM3_PCODE mapping; owner approval remains pending"
"LB-XW-0045E26C7A8B","LB-LOC-54151","LB-LOC-54151","54151","LB-GOV-E147CDE110C1","LB-DIST-9FFB8D778C3B","","Ouadi Faara","وادي فعرا","وادي فعرا","SRC-NATIONAL-VILLAGE-MANIFEST","54151","Ouadi Faara","وادي فعرا","","","exact-pcode","ADM3_PCODE=54151","1","accepted","none","owner-review-pending","2026-08-06T08:11:43.434Z","Exact stable ADM3_PCODE mapping; owner approval remains pending"
"LB-XW-102628CC4884","LB-LOC-54135","LB-LOC-54135","54135","LB-GOV-E147CDE110C1","LB-DIST-9FFB8D778C3B","","Ras Baalbek El Gharbi","راس بعلبك الغربي","راس بعلبك الغربي","SRC-NATIONAL-VILLAGE-MANIFEST","54135","Ras Baalbek El Gharbi","راس بعلبك الغربي","","","exact-pcode","ADM3_PCODE=54135","1","accepted","none","owner-review-pending","2026-08-06T08:11:43.434Z","Exact stable ADM3_PCODE mapping; owner approval remains pending"
"LB-XW-BC7F62F08490","LB-LOC-54143","LB-LOC-54143","54143","LB-GOV-E147CDE110C1","LB-DIST-9FFB8D778C3B","","Ras Baalbek Ouadi Faara","راس بعلبك وادي فعرا","راس بعلبك وادي فعرا","SRC-NATIONAL-VILLAGE-MANIFEST","54143","Ras Baalbek Ouadi Faara","راس بعلبك وادي فعرا","","","exact-pcode","ADM3_PCODE=54143","1","accepted","none","owner-review-pending","2026-08-06T08:11:43.434Z","Exact stable ADM3_PCODE mapping; owner approval remains pending"
"LB-XW-C0586F968351","LB-LOC-54119","LB-LOC-54119","54119","LB-GOV-E147CDE110C1","LB-DIST-9FFB8D778C3B","","Zighrine","زغرين","زغرين","SRC-NATIONAL-VILLAGE-MANIFEST","54119","Zighrine","زغرين","","","exact-pcode","ADM3_PCODE=54119","1","accepted","none","owner-review-pending","2026-08-06T08:11:43.434Z","Exact stable ADM3_PCODE mapping; owner approval remains pending"
"LB-XW-A488B8AFD6D0","LB-LOC-10650","LB-LOC-10650","10650","LB-GOV-0B663FD45FF5","LB-DIST-E4C306B8B0BB","","Achrafieh","الاشرفية","الاشرفية","SRC-NATIONAL-VILLAGE-MANIFEST","10650","Achrafieh","الاشرفية","","","exact-pcode","ADM3_PCODE=10650","1","accepted","none","owner-review-pending","2026-08-06T08:11:43.434Z","Exact stable ADM3_PCODE mapping; owner approval remains pending"
"LB-XW-295557CEBD9C","LB-LOC-10110","LB-LOC-10110","10110","LB-GOV-0B663FD45FF5","LB-DIST-E4C306B8B0BB","","Ain el-Mreisseh","عين المريسه","عين المريسه","SRC-NATIONAL-VILLAGE-MANIFEST","10110","Ain el-Mreisseh","عين المريسه","","","exact-pcode","ADM3_PCODE=10110","1","accepted","none","owner-review-pending","2026-08-06T08:11:43.434Z","Exact stable ADM3_PCODE mapping; owner approval remains pending"
"LB-XW-E978C44471FA","LB-LOC-10350","LB-LOC-10350","10350","LB-GOV-0B663FD45FF5","LB-DIST-E4C306B8B0BB","","Bachoura","باشورة","باشورة","SRC-NATIONAL-VILLAGE-MANIFEST","10350","Bachoura","باشورة","","","exact-pcode","ADM3_PCODE=10350","1","accepted","none","owner-review-pending","2026-08-06T08:11:43.434Z","Exact stable ADM3_PCODE mapping; owner approval remains pending"
"LB-XW-77ACD3D88A58","LB-LOC-10999","LB-LOC-10999","10999","LB-GOV-0B663FD45FF5","LB-DIST-E4C306B8B0BB","","Beirut Central District","وسط بيروت","وسط بيروت","SRC-NATIONAL-VILLAGE-MANIFEST","10999","Beirut Central District","وسط بيروت","","","exact-pcode","ADM3_PCODE=10999","1","accepted","none","owner-review-pending","2026-08-06T08:11:43.434Z","Exact stable ADM3_PCODE mapping; owner approval remains pending"
"LB-XW-29C8802DD3F9","LB-LOC-10450","LB-LOC-10450","10450","LB-GOV-0B663FD45FF5","LB-DIST-E4C306B8B0BB","","Marfaa","مرفأ","مرفا","SRC-NATIONAL-VILLAGE-MANIFEST","10450","Marfaa","مرفأ","","","exact-pcode","ADM3_PCODE=10450","1","accepted","none","owner-review-pending","2026-08-06T08:11:43.434Z","Exact stable ADM3_PCODE mapping; owner approval remains pending"
"LB-XW-907C3D0DBB74","LB-LOC-10310","LB-LOC-10310","10310","LB-GOV-0B663FD45FF5","LB-DIST-E4C306B8B0BB","","Mazraa","المزرعة","المزرعة","SRC-NATIONAL-VILLAGE-MANIFEST","10310","Mazraa","المزرعة","","","exact-pcode","ADM3_PCODE=10310","1","accepted","none","owner-review-pending","2026-08-06T08:11:43.434Z","Exact stable ADM3_PCODE mapping; owner approval remains pending"
"LB-XW-E6862124B4C0","LB-LOC-10610","LB-LOC-10610","10610","LB-GOV-0B663FD45FF5","LB-DIST-E4C306B8B0BB","","Medawar","مدور","مدور","SRC-NATIONAL-VILLAGE-MANIFEST","10610","Medawar","مدور","","","exact-pcode","ADM3_PCODE=10610","1","accepted","none","owner-review-pending","2026-08-06T08:11:43.434Z","Exact stable ADM3_PCODE mapping; owner approval remains pending"
"LB-XW-26E38788B3C0","LB-LOC-10250","LB-LOC-10250","10250","LB-GOV-0B663FD45FF5","LB-DIST-E4C306B8B0BB","","Minet el-Hosn","مينا الحصن","مينا الحصن","SRC-NATIONAL-VILLAGE-MANIFEST","10250","Minet el-Hosn","مينا الحصن","","","exact-pcode","ADM3_PCODE=10250","1","accepted","none","owner-review-pending","2026-08-06T08:11:43.434Z","Exact stable ADM3_PCODE mapping; owner approval remains pending"
"LB-XW-19A4FEC3BF9E","LB-LOC-10210","LB-LOC-10210","10210","LB-GOV-0B663FD45FF5","LB-DIST-E4C306B8B0BB","","Moussaytbeh","مصيطبة","مصيطبة","SRC-NATIONAL-VILLAGE-MANIFEST","10210","Moussaytbeh","مصيطبة","","","exact-pcode","ADM3_PCODE=10210","1","accepted","none","owner-review-pending","2026-08-06T08:11:43.434Z","Exact stable ADM3_PCODE mapping; owner approval remains pending"
"LB-XW-1BE2A4C17C25","LB-LOC-10150","LB-LOC-10150","10150","LB-GOV-0B663FD45FF5","LB-DIST-E4C306B8B0BB","","Ras Beyrouth","راس بيروت","راس بيروت","SRC-NATIONAL-VILLAGE-MANIFEST","10150","Ras Beyrouth","راس بيروت","","","exact-pcode","ADM3_PCODE=10150","1","accepted","none","owner-review-pending","2026-08-06T08:11:43.434Z","Exact stable ADM3_PCODE mapping; owner approval remains pending"
"LB-XW-45A5BA02D227","LB-LOC-10550","LB-LOC-10550","10550","LB-GOV-0B663FD45FF5","LB-DIST-E4C306B8B0BB","","Remeil","رميل","رميل","SRC-NATIONAL-VILLAGE-MANIFEST","10550","Remeil","رميل","","","exact-pcode","ADM3_PCODE=10550","1","accepted","none","owner-review-pending","2026-08-06T08:11:43.434Z","Exact stable ADM3_PCODE mapping; owner approval remains pending"
"LB-XW-3CC3DFA659DB","LB-LOC-10510","LB-LOC-10510","10510","LB-GOV-0B663FD45FF5","LB-DIST-E4C306B8B0BB","","Saifeh","صيفي","صيفي","SRC-NATIONAL-VILLAGE-MANIFEST","10510","Saifeh","صيفي","","","exact-pcode","ADM3_PCODE=10510","1","accepted","none","owner-review-pending","2026-08-06T08:11:43.434Z","Exact stable ADM3_PCODE mapping; owner approval remains pending"
"LB-XW-559C2D41279E","LB-LOC-10410","LB-LOC-10410","10410","LB-GOV-0B663FD45FF5","LB-DIST-E4C306B8B0BB","","Zoukak el-Blatt","زقاق البلاط","زقاق البلاط","SRC-NATIONAL-VILLAGE-MANIFEST","10410","Zoukak el-Blatt","زقاق البلاط","","","exact-pcode","ADM3_PCODE=10410","1","accepted","none","owner-review-pending","2026-08-06T08:11:43.434Z","Exact stable ADM3_PCODE mapping; owner approval remains pending"
"LB-XW-124DC10D3976","LB-LOC-55167","LB-LOC-55167","55167","LB-GOV-7B1E9DBA436A","LB-DIST-2985765BD3F8","","Aain Aarab Rachaiya","عين عرب","عين عرب","SRC-NATIONAL-VILLAGE-MANIFEST","55167","Aain Aarab Rachaiya","عين عرب","","","exact-pcode","ADM3_PCODE=55167","1","accepted","none","owner-review-pending","2026-08-06T08:11:43.434Z","Exact stable ADM3_PCODE mapping; owner approval remains pending"
"LB-XW-24A7C9B376E5","LB-LOC-55171","LB-LOC-55171","55171","LB-GOV-7B1E9DBA436A","LB-DIST-2985765BD3F8","","Aain Aata","عين عطا","عين عطا","SRC-NATIONAL-VILLAGE-MANIFEST","55171","Aain Aata","عين عطا","","","exact-pcode","ADM3_PCODE=55171","1","accepted","none","owner-review-pending","2026-08-06T08:11:43.434Z","Exact stable ADM3_PCODE mapping; owner approval remains pending"
"LB-XW-3F66CA7DFA0C","LB-LOC-55147","LB-LOC-55147","55147","LB-GOV-7B1E9DBA436A","LB-DIST-2985765BD3F8","","Aain Rouha","عين حرشة","عين حرشة","SRC-NATIONAL-VILLAGE-MANIFEST","55147","Aain Rouha","عين حرشة","","","exact-pcode","ADM3_PCODE=55147","1","accepted","none","owner-review-pending","2026-08-06T08:11:43.434Z","Exact stable ADM3_PCODE mapping; owner approval remains pending"
"LB-XW-BD9F6FC37EF6","LB-LOC-55114","LB-LOC-55114","55114","LB-GOV-7B1E9DBA436A","LB-DIST-2985765BD3F8","","Aaqabet Rachaya","عقبة راشيّا","عقبة راشيا","SRC-NATIONAL-VILLAGE-MANIFEST","55114","Aaqabet Rachaya","عقبة راشيّا","","","exact-pcode","ADM3_PCODE=55114","1","accepted","none","owner-review-pending","2026-08-06T08:11:43.434Z","Exact stable ADM3_PCODE mapping; owner approval remains pending"
"LB-XW-231079B7B1BF","LB-LOC-55117","LB-LOC-55117","55117","LB-GOV-7B1E9DBA436A","LB-DIST-2985765BD3F8","","Aayha","عيحا","عيحا","SRC-NATIONAL-VILLAGE-MANIFEST","55117","Aayha","عيحا","","","exact-pcode","ADM3_PCODE=55117","1","accepted","none","owner-review-pending","2026-08-06T08:11:43.434Z","Exact stable ADM3_PCODE mapping; owner approval remains pending"
"LB-XW-9656B4476FC7","LB-LOC-55194","LB-LOC-55194","55194","LB-GOV-7B1E9DBA436A","LB-DIST-2985765BD3F8","","Aayta El-Foukhar","عيتا الفخار","عيتا الفخار","SRC-NATIONAL-VILLAGE-MANIFEST","55194","Aayta El-Foukhar","عيتا الفخار","","","exact-pcode","ADM3_PCODE=55194","1","accepted","none","owner-review-pending","2026-08-06T08:11:43.434Z","Exact stable ADM3_PCODE mapping; owner approval remains pending"
"LB-XW-8CAEE3D309F9","LB-LOC-55177","LB-LOC-55177","55177","LB-GOV-7B1E9DBA436A","LB-DIST-2985765BD3F8","","Bakka","بكا","بكا","SRC-NATIONAL-VILLAGE-MANIFEST","55177","Bakka","بكا","","","exact-pcode","ADM3_PCODE=55177","1","accepted","none","owner-review-pending","2026-08-06T08:11:43.434Z","Exact stable ADM3_PCODE mapping; owner approval remains pending"
"LB-XW-2BF874C2B2A8","LB-LOC-55121","LB-LOC-55121","55121","LB-GOV-7B1E9DBA436A","LB-DIST-2985765BD3F8","","Bakkifac Rachaya","بكيفا راشيا","بكيفا راشيا","SRC-NATIONAL-VILLAGE-MANIFEST","55121","Bakkifac Rachaya","بكيفا راشيا","","","exact-pcode","ADM3_PCODE=55121","1","accepted","none","owner-review-pending","2026-08-06T08:11:43.434Z","Exact stable ADM3_PCODE mapping; owner approval remains pending"
"LB-XW-9CAD322F57ED","LB-LOC-55127","LB-LOC-55127","55127","LB-GOV-7B1E9DBA436A","LB-DIST-2985765BD3F8","","Beit Lahia","بيت لهيا","بيت لهيا","SRC-NATIONAL-VILLAGE-MANIFEST","55127","Beit Lahia","بيت لهيا","","","exact-pcode","ADM3_PCODE=55127","1","accepted","none","owner-review-pending","2026-08-06T08:11:43.434Z","Exact stable ADM3_PCODE mapping; owner approval remains pending"
"LB-XW-9264EE61A128","LB-LOC-55164","LB-LOC-55164","55164","LB-GOV-7B1E9DBA436A","LB-DIST-2985765BD3F8","","Biret Rachaiya","بيرة راشّيا","بيرة راشيا","SRC-NATIONAL-VILLAGE-MANIFEST","55164","Biret Rachaiya","بيرة راشّيا","","","exact-pcode","ADM3_PCODE=55164","1","accepted","none","owner-review-pending","2026-08-06T08:11:43.434Z","Exact stable ADM3_PCODE mapping; owner approval remains pending"
"LB-XW-604C168DAF06","LB-LOC-55124","LB-LOC-55124","55124","LB-GOV-7B1E9DBA436A","LB-DIST-2985765BD3F8","","Dahr El-Ahmar","ضهر الاحمر","ضهر الاحمر","SRC-NATIONAL-VILLAGE-MANIFEST","55124","Dahr El-Ahmar","ضهر الاحمر","","","exact-pcode","ADM3_PCODE=55124","1","accepted","none","owner-review-pending","2026-08-06T08:11:43.434Z","Exact stable ADM3_PCODE mapping; owner approval remains pending"
"LB-XW-1D9E36EA6BAB","LB-LOC-55187","LB-LOC-55187","55187","LB-GOV-7B1E9DBA436A","LB-DIST-2985765BD3F8","","Deir El-Aachayer","دير العشاير","دير العشاير","SRC-NATIONAL-VILLAGE-MANIFEST","55187","Deir El-Aachayer","دير العشاير","","","exact-pcode","ADM3_PCODE=55187","1","accepted","none","owner-review-pending","2026-08-06T08:11:43.434Z","Exact stable ADM3_PCODE mapping; owner approval remains pending"
"LB-XW-27F6EA81E6F4","LB-LOC-55161","LB-LOC-55161","55161","LB-GOV-7B1E9DBA436A","LB-DIST-2985765BD3F8","","Haouch El Qinnabeh Rachaiya","حوش القنعبة","حوش القنعبة","SRC-NATIONAL-VILLAGE-MANIFEST","55161","Haouch El Qinnabeh Rachaiya","حوش القنعبة","","","exact-pcode","ADM3_PCODE=55161","1","accepted","none","owner-review-pending","2026-08-06T08:11:43.434Z","Exact stable ADM3_PCODE mapping; owner approval remains pending"
"LB-XW-EEEEB21AE52C","LB-LOC-55197","LB-LOC-55197","55197","LB-GOV-7B1E9DBA436A","LB-DIST-2985765BD3F8","","Helouet Rachaiya","حلوة","حلوة","SRC-NATIONAL-VILLAGE-MANIFEST","55197","Helouet Rachaiya","حلوة","","","exact-pcode","ADM3_PCODE=55197","1","accepted","none","owner-review-pending","2026-08-06T08:11:43.434Z","Exact stable ADM3_PCODE mapping; owner approval remains pending"
"LB-XW-C987A07F1A5C","LB-LOC-55144","LB-LOC-55144","55144","LB-GOV-7B1E9DBA436A","LB-DIST-2985765BD3F8","","Kaoukaba Bou Arab","كوكبا","كوكبا","SRC-NATIONAL-VILLAGE-MANIFEST","55144","Kaoukaba Bou Arab","كوكبا","","","exact-pcode","ADM3_PCODE=55144","1","accepted","none","owner-review-pending","2026-08-06T08:11:43.434Z","Exact stable ADM3_PCODE mapping; owner approval remains pending"
"LB-XW-961EAAB1CE2C","LB-LOC-55137","LB-LOC-55137","55137","LB-GOV-7B1E9DBA436A","LB-DIST-2985765BD3F8","","Kfar Denis","كفر دنيس","كفر دنيس","SRC-NATIONAL-VILLAGE-MANIFEST","55137","Kfar Denis","كفر دنيس","","","exact-pcode","ADM3_PCODE=55137","1","accepted","none","owner-review-pending","2026-08-06T08:11:43.434Z","Exact stable ADM3_PCODE mapping; owner approval remains pending"
"LB-XW-96497982F2EF","LB-LOC-55154","LB-LOC-55154","55154","LB-GOV-7B1E9DBA436A","LB-DIST-2985765BD3F8","","Kfar Lichki","كفر مشكي","كفر مشكي","SRC-NATIONAL-VILLAGE-MANIFEST","55154","Kfar Lichki","كفر مشكي","","","exact-pcode","ADM3_PCODE=55154","1","accepted","none","owner-review-pending","2026-08-06T08:11:43.434Z","Exact stable ADM3_PCODE mapping; owner approval remains pending"
"LB-XW-CEDDFE219756","LB-LOC-55134","LB-LOC-55134","55134","LB-GOV-7B1E9DBA436A","LB-DIST-2985765BD3F8","","Kfar Qouq","كفرقوق","كفرقوق","SRC-NATIONAL-VILLAGE-MANIFEST","55134","Kfar Qouq","كفرقوق","","","exact-pcode","ADM3_PCODE=55134","1","accepted","none","owner-review-pending","2026-08-06T08:11:43.434Z","Exact stable ADM3_PCODE mapping; owner approval remains pending"
"LB-XW-BBCAAB3476A8","LB-LOC-55151","LB-LOC-55151","55151","LB-GOV-7B1E9DBA436A","LB-DIST-2985765BD3F8","","Khirbet Rouha","خربة روحا","خربة روحا","SRC-NATIONAL-VILLAGE-MANIFEST","55151","Khirbet Rouha","خربة روحا","","","exact-pcode","ADM3_PCODE=55151","1","accepted","none","owner-review-pending","2026-08-06T08:11:43.434Z","Exact stable ADM3_PCODE mapping; owner approval remains pending"
"LB-XW-EE6145616B4C","LB-LOC-55174","LB-LOC-55174","55174","LB-GOV-7B1E9DBA436A","LB-DIST-2985765BD3F8","","Majdel Balhis","مجدل بلهيص","مجدل بلهيص","SRC-NATIONAL-VILLAGE-MANIFEST","55174","Majdel Balhis","مجدل بلهيص","","","exact-pcode","ADM3_PCODE=55174","1","accepted","none","owner-review-pending","2026-08-06T08:11:43.434Z","Exact stable ADM3_PCODE mapping; owner approval remains pending"
"LB-XW-237C4FDE796E","LB-LOC-55181","LB-LOC-55181","55181","LB-GOV-7B1E9DBA436A","LB-DIST-2985765BD3F8","","Mdoukha","مدوخا","مدوخا","SRC-NATIONAL-VILLAGE-MANIFEST","55181","Mdoukha","مدوخا","","","exact-pcode","ADM3_PCODE=55181","1","accepted","none","owner-review-pending","2026-08-06T08:11:43.434Z","Exact stable ADM3_PCODE mapping; owner approval remains pending"
"LB-XW-4560986BAE5A","LB-LOC-55141","LB-LOC-55141","55141","LB-GOV-7B1E9DBA436A","LB-DIST-2985765BD3F8","","Mhaiydseh Rachaiya","محيدثه","محيدثه","SRC-NATIONAL-VILLAGE-MANIFEST","55141","Mhaiydseh Rachaiya","محيدثه","","","exact-pcode","ADM3_PCODE=55141","1","accepted","none","owner-review-pending","2026-08-06T08:11:43.434Z","Exact stable ADM3_PCODE mapping; owner approval remains pending"
"LB-XW-858E77E71C10","LB-LOC-55199","LB-LOC-55199","55199","LB-GOV-7B1E9DBA436A","LB-DIST-2985765BD3F8","","Nabi Safa","نبي صفا","نبي صفا","SRC-NATIONAL-VILLAGE-MANIFEST","55199","Nabi Safa","نبي صفا","","","exact-pcode","ADM3_PCODE=55199","1","accepted","none","owner-review-pending","2026-08-06T08:11:43.434Z","Exact stable ADM3_PCODE mapping; owner approval remains pending"
"LB-XW-1739849FDE81","LB-LOC-55111","LB-LOC-55111","55111","LB-GOV-7B1E9DBA436A","LB-DIST-2985765BD3F8","","Rachaiya","راشيّا الوادي","راشيا الوادي","SRC-NATIONAL-VILLAGE-MANIFEST","55111","Rachaiya","راشيّا الوادي","","","exact-pcode","ADM3_PCODE=55111","1","accepted","none","owner-review-pending","2026-08-06T08:11:43.434Z","Exact stable ADM3_PCODE mapping; owner approval remains pending"
"LB-XW-C87A6691ADBE","LB-LOC-55157","LB-LOC-55157","55157","LB-GOV-7B1E9DBA436A","LB-DIST-2985765BD3F8","","Rafid Rachaiya","الرافد راشيا","الرافد راشيا","SRC-NATIONAL-VILLAGE-MANIFEST","55157","Rafid Rachaiya","الرافد راشيا","","","exact-pcode","ADM3_PCODE=55157","1","accepted","none","owner-review-pending","2026-08-06T08:11:43.434Z","Exact stable ADM3_PCODE mapping; owner approval remains pending"
"LB-XW-40DF75BB40EE","LB-LOC-55191","LB-LOC-55191","55191","LB-GOV-7B1E9DBA436A","LB-DIST-2985765BD3F8","","Selsata (Mazraat Deir El-Aachaiyer)","مزرعة سلساتا","مزرعة سلساتا","SRC-NATIONAL-VILLAGE-MANIFEST","55191","Selsata (Mazraat Deir El-Aachaiyer)","مزرعة سلساتا","","","exact-pcode","ADM3_PCODE=55191","1","accepted","none","owner-review-pending","2026-08-06T08:11:43.434Z","Exact stable ADM3_PCODE mapping; owner approval remains pending"
"LB-XW-A6D9111AA110","LB-LOC-55131","LB-LOC-55131","55131","LB-GOV-7B1E9DBA436A","LB-DIST-2985765BD3F8","","Tannoura","تنورة","تنورة","SRC-NATIONAL-VILLAGE-MANIFEST","55131","Tannoura","تنورة","","","exact-pcode","ADM3_PCODE=55131","1","accepted","none","owner-review-pending","2026-08-06T08:11:43.434Z","Exact stable ADM3_PCODE mapping; owner approval remains pending"
"LB-XW-09E7AE736C75","LB-LOC-55184","LB-LOC-55184","55184","LB-GOV-7B1E9DBA436A","LB-DIST-2985765BD3F8","","Yanta","ينطا","ينطا","SRC-NATIONAL-VILLAGE-MANIFEST","55184","Yanta","ينطا","","","exact-pcode","ADM3_PCODE=55184","1","accepted","none","owner-review-pending","2026-08-06T08:11:43.434Z","Exact stable ADM3_PCODE mapping; owner approval remains pending"
"LB-XW-5A6444560326","LB-LOC-52116","LB-LOC-52116","52116","LB-GOV-7B1E9DBA436A","LB-DIST-8B19B9546D66","","Aain Et-Tineh BG","عين التينة بقاع الغربي","عين التينة بقاع الغربي","SRC-NATIONAL-VILLAGE-MANIFEST","52116","Aain Et-Tineh BG","عين التينة بقاع الغربي","","","exact-pcode","ADM3_PCODE=52116","1","accepted","none","owner-review-pending","2026-08-06T08:11:43.434Z","Exact stable ADM3_PCODE mapping; owner approval remains pending"
"LB-XW-EE296C1AC15B","LB-LOC-52146","LB-LOC-52146","52146","LB-GOV-7B1E9DBA436A","LB-DIST-8B19B9546D66","","Aain Zebdeh","عين زبدة","عين زبدة","SRC-NATIONAL-VILLAGE-MANIFEST","52146","Aain Zebdeh","عين زبدة","","","exact-pcode","ADM3_PCODE=52146","1","accepted","none","owner-review-pending","2026-08-06T08:11:43.434Z","Exact stable ADM3_PCODE mapping; owner approval remains pending"
"LB-XW-B21F08679D28","LB-LOC-52176","LB-LOC-52176","52176","LB-GOV-7B1E9DBA436A","LB-DIST-8B19B9546D66","","Aammiq BG","عميق","عميق","SRC-NATIONAL-VILLAGE-MANIFEST","52176","Aammiq BG","عميق","","","exact-pcode","ADM3_PCODE=52176","1","accepted","none","owner-review-pending","2026-08-06T08:11:43.434Z","Exact stable ADM3_PCODE mapping; owner approval remains pending"
"LB-XW-B0C56F4023E6","LB-LOC-52161","LB-LOC-52161","52161","LB-GOV-7B1E9DBA436A","LB-DIST-8B19B9546D66","","Aana","عانا","عانا","SRC-NATIONAL-VILLAGE-MANIFEST","52161","Aana","عانا","","","exact-pcode","ADM3_PCODE=52161","1","accepted","none","owner-review-pending","2026-08-06T08:11:43.434Z","Exact stable ADM3_PCODE mapping; owner approval remains pending"
"LB-XW-A68ACF16B760","LB-LOC-52121","LB-LOC-52121","52121","LB-GOV-7B1E9DBA436A","LB-DIST-8B19B9546D66","","Aaytanit","عيتنيت","عيتنيت","SRC-NATIONAL-VILLAGE-MANIFEST","52121","Aaytanit","عيتنيت","","","exact-pcode","ADM3_PCODE=52121","1","accepted","none","owner-review-pending","2026-08-06T08:11:43.434Z","Exact stable ADM3_PCODE mapping; owner approval remains pending"
"LB-XW-9C44C29867A3","LB-LOC-52224","LB-LOC-52224","52224","LB-GOV-7B1E9DBA436A","LB-DIST-8B19B9546D66","","Baaloul BG","بعلول","بعلول","SRC-NATIONAL-VILLAGE-MANIFEST","52224","Baaloul BG","بعلول","","","exact-pcode","ADM3_PCODE=52224","1","accepted","none","owner-review-pending","2026-08-06T08:11:43.434Z","Exact stable ADM3_PCODE mapping; owner approval remains pending"
"LB-XW-09AF74A9E408","LB-LOC-52126","LB-LOC-52126","52126","LB-GOV-7B1E9DBA436A","LB-DIST-8B19B9546D66","","Bab Mareaa","باب مارع","باب مارع","SRC-NATIONAL-VILLAGE-MANIFEST","52126","Bab Mareaa","باب مارع","","","exact-pcode","ADM3_PCODE=52126","1","accepted","none","owner-review-pending","2026-08-06T08:11:43.434Z","Exact stable ADM3_PCODE mapping; owner approval remains pending"
"LB-XW-B355EA080925","LB-LOC-52181","LB-LOC-52181","52181","LB-GOV-7B1E9DBA436A","LB-DIST-8B19B9546D66","","Chebrqiyet Aammiq","شبرقية عميق","شبرقية عميق","SRC-NATIONAL-VILLAGE-MANIFEST","52181","Chebrqiyet Aammiq","شبرقية عميق","","","exact-pcode","ADM3_PCODE=52181","1","accepted","none","owner-review-pending","2026-08-06T08:11:43.434Z","Exact stable ADM3_PCODE mapping; owner approval remains pending"
"LB-XW-BD7BD3A18243","LB-LOC-52251","LB-LOC-52251","52251","LB-GOV-7B1E9DBA436A","LB-DIST-8B19B9546D66","","Dakoueh","دكوة","دكوة","SRC-NATIONAL-VILLAGE-MANIFEST","52251","Dakoueh","دكوة","","","exact-pcode","ADM3_PCODE=52251","1","accepted","none","owner-review-pending","2026-08-06T08:11:43.434Z","Exact stable ADM3_PCODE mapping; owner approval remains pending"
"LB-XW-070B4785EC16","LB-LOC-52131","LB-LOC-52131","52131","LB-GOV-7B1E9DBA436A","LB-DIST-8B19B9546D66","","Deir Aain Ej-Jaouzeh","دير عين الجوزة","دير عين الجوزة","SRC-NATIONAL-VILLAGE-MANIFEST","52131","Deir Aain Ej-Jaouzeh","دير عين الجوزة","","","exact-pcode","ADM3_PCODE=52131","1","accepted","none","owner-review-pending","2026-08-06T08:11:43.434Z","Exact stable ADM3_PCODE mapping; owner approval remains pending"
"LB-XW-A14789AABCE1","LB-LOC-52166","LB-LOC-52166","52166","LB-GOV-7B1E9DBA436A","LB-DIST-8B19B9546D66","","Deir Tahniche","دير طحنيش","دير طحنيش","SRC-NATIONAL-VILLAGE-MANIFEST","52166","Deir Tahniche","دير طحنيش","","","exact-pcode","ADM3_PCODE=52166","1","accepted","none","owner-review-pending","2026-08-06T08:11:43.434Z","Exact stable ADM3_PCODE mapping; owner approval remains pending"
"LB-XW-63C02C67258F","LB-LOC-52227","LB-LOC-52227","52227","LB-GOV-7B1E9DBA436A","LB-DIST-8B19B9546D66","","Ghazzeh","غزة","غزة","SRC-NATIONAL-VILLAGE-MANIFEST","52227","Ghazzeh","غزة","","","exact-pcode","ADM3_PCODE=52227","1","accepted","none","owner-review-pending","2026-08-06T08:11:43.434Z","Exact stable ADM3_PCODE mapping; owner approval remains pending"
"LB-XW-A2734BE3D93B","LB-LOC-52254","LB-LOC-52254","52254","LB-GOV-7B1E9DBA436A","LB-DIST-8B19B9546D66","","Haouch El-Harime","حوش الحريمة","حوش الحريمة","SRC-NATIONAL-VILLAGE-MANIFEST","52254","Haouch El-Harime","حوش الحريمة","","","exact-pcode","ADM3_PCODE=52254","1","accepted","none","owner-review-pending","2026-08-06T08:11:43.434Z","Exact stable ADM3_PCODE mapping; owner approval remains pending"
"LB-XW-49F7C6A1EF94","LB-LOC-52271","LB-LOC-52271","52271","LB-GOV-7B1E9DBA436A","LB-DIST-8B19B9546D66","","Harimeh Es-Soughra","حريمة الصغرى","حريمة الصغري","SRC-NATIONAL-VILLAGE-MANIFEST","52271","Harimeh Es-Soughra","حريمة الصغرى","","","exact-pcode","ADM3_PCODE=52271","1","accepted","none","owner-review-pending","2026-08-06T08:11:43.434Z","Exact stable ADM3_PCODE mapping; owner approval remains pending"
"LB-XW-41EE1517E8AA","LB-LOC-52257","LB-LOC-52257","52257","LB-GOV-7B1E9DBA436A","LB-DIST-8B19B9546D66","","Jazira BG","الجزيرة","الجزيرة","SRC-NATIONAL-VILLAGE-MANIFEST","52257","Jazira BG","الجزيرة","","","exact-pcode","ADM3_PCODE=52257","1","accepted","none","owner-review-pending","2026-08-06T08:11:43.434Z","Exact stable ADM3_PCODE mapping; owner approval remains pending"
"LB-XW-D01FD427ABB5","LB-LOC-52211","LB-LOC-52211","52211","LB-GOV-7B1E9DBA436A","LB-DIST-8B19B9546D66","","Joubb Jannine","جب جنين","جب جنين","SRC-NATIONAL-VILLAGE-MANIFEST","52211","Joubb Jannine","جب جنين","","","exact-pcode","ADM3_PCODE=52211","1","accepted","none","owner-review-pending","2026-08-06T08:11:43.434Z","Exact stable ADM3_PCODE mapping; owner approval remains pending"
"LB-XW-421685058F1A","LB-LOC-52156","LB-LOC-52156","52156","LB-GOV-7B1E9DBA436A","LB-DIST-8B19B9546D66","","Kafraiya BG","كفريا بقاع الغربي","كفريا بقاع الغربي","SRC-NATIONAL-VILLAGE-MANIFEST","52156","Kafraiya BG","كفريا بقاع الغربي","","","exact-pcode","ADM3_PCODE=52156","1","accepted","none","owner-review-pending","2026-08-06T08:11:43.434Z","Exact stable ADM3_PCODE mapping; owner approval remains pending"
"LB-XW-A5EEF1F810B4","LB-LOC-52217","LB-LOC-52217","52217","LB-GOV-7B1E9DBA436A","LB-DIST-8B19B9546D66","","Kamed El-Laouz","كامد اللوز","كامد اللوز","SRC-NATIONAL-VILLAGE-MANIFEST","52217","Kamed El-Laouz","كامد اللوز","","","exact-pcode","ADM3_PCODE=52217","1","accepted","none","owner-review-pending","2026-08-06T08:11:43.434Z","Exact stable ADM3_PCODE mapping; owner approval remains pending"
"LB-XW-3A6CBA09D43E","LB-LOC-52234","LB-LOC-52234","52234","LB-GOV-7B1E9DBA436A","LB-DIST-8B19B9546D66","","Khiara","الخيارة","الخيارة","SRC-NATIONAL-VILLAGE-MANIFEST","52234","Khiara","الخيارة","","","exact-pcode","ADM3_PCODE=52234","1","accepted","none","owner-review-pending","2026-08-06T08:11:43.434Z","Exact stable ADM3_PCODE mapping; owner approval remains pending"
"LB-XW-909AD5B5954E","LB-LOC-52247","LB-LOC-52247","52247","LB-GOV-7B1E9DBA436A","LB-DIST-8B19B9546D66","","Khiara El-Aatiqa","خيارة العتيقة","خيارة العتيقة","SRC-NATIONAL-VILLAGE-MANIFEST","52247","Khiara El-Aatiqa","خيارة العتيقة","","","exact-pcode","ADM3_PCODE=52247","1","accepted","none","owner-review-pending","2026-08-06T08:11:43.434Z","Exact stable ADM3_PCODE mapping; owner approval remains pending"
"LB-XW-297BE94C0484","LB-LOC-52151","LB-LOC-52151","52151","LB-GOV-7B1E9DBA436A","LB-DIST-8B19B9546D66","","Khirbet Qanafar","خربة قنافار","خربة قنافار","SRC-NATIONAL-VILLAGE-MANIFEST","52151","Khirbet Qanafar","خربة قنافار","","","exact-pcode","ADM3_PCODE=52151","1","accepted","none","owner-review-pending","2026-08-06T08:11:43.434Z","Exact stable ADM3_PCODE mapping; owner approval remains pending"
"LB-XW-FD5F1A3BA10E","LB-LOC-52214","LB-LOC-52214","52214","LB-GOV-7B1E9DBA436A","LB-DIST-8B19B9546D66","","Lala","لالا","لالا","SRC-NATIONAL-VILLAGE-MANIFEST","52214","Lala","لالا","","","exact-pcode","ADM3_PCODE=52214","1","accepted","none","owner-review-pending","2026-08-06T08:11:43.434Z","Exact stable ADM3_PCODE mapping; owner approval remains pending"
"LB-XW-195405D0B392","LB-LOC-52274","LB-LOC-52274","52274","LB-GOV-7B1E9DBA436A","LB-DIST-8B19B9546D66","","Libbaya BG","لبايا","لبايا","SRC-NATIONAL-VILLAGE-MANIFEST","52274","Libbaya BG","لبايا","","","exact-pcode","ADM3_PCODE=52274","1","accepted","none","owner-review-pending","2026-08-06T08:11:43.434Z","Exact stable ADM3_PCODE mapping; owner approval remains pending"
"LB-XW-C87C666420CC","LB-LOC-52141","LB-LOC-52141","52141","LB-GOV-7B1E9DBA436A","LB-DIST-8B19B9546D66","","Loussa","لوسيا","لوسيا","SRC-NATIONAL-VILLAGE-MANIFEST","52141","Loussa","لوسيا","","","exact-pcode","ADM3_PCODE=52141","1","accepted","none","owner-review-pending","2026-08-06T08:11:43.434Z","Exact stable ADM3_PCODE mapping; owner approval remains pending"
"LB-XW-6DBC745D6DEB","LB-LOC-52111","LB-LOC-52111","52111","LB-GOV-7B1E9DBA436A","LB-DIST-8B19B9546D66","","Machghara","مشغرة","مشغرة","SRC-NATIONAL-VILLAGE-MANIFEST","52111","Machghara","مشغرة","","","exact-pcode","ADM3_PCODE=52111","1","accepted","none","owner-review-pending","2026-08-06T08:11:43.434Z","Exact stable ADM3_PCODE mapping; owner approval remains pending"
"LB-XW-5D1EAFC09FB3","LB-LOC-52244","LB-LOC-52244","52244","LB-GOV-7B1E9DBA436A","LB-DIST-8B19B9546D66","","Manara (Hammara) BG","حمارة","حمارة","SRC-NATIONAL-VILLAGE-MANIFEST","52244","Manara (Hammara) BG","حمارة","","","exact-pcode","ADM3_PCODE=52244","1","accepted","none","owner-review-pending","2026-08-06T08:11:43.434Z","Exact stable ADM3_PCODE mapping; owner approval remains pending"
"LB-XW-0C26F4E5E047","LB-LOC-52171","LB-LOC-52171","52171","LB-GOV-7B1E9DBA436A","LB-DIST-8B19B9546D66","","Mansoura BG","المنصورة","المنصورة","SRC-NATIONAL-VILLAGE-MANIFEST","52171","Mansoura BG","المنصورة","","","exact-pcode","ADM3_PCODE=52171","1","accepted","none","owner-review-pending","2026-08-06T08:11:43.434Z","Exact stable ADM3_PCODE mapping; owner approval remains pending"
"LB-XW-02BEA371A747","LB-LOC-52277","LB-LOC-52277","52277","LB-GOV-7B1E9DBA436A","LB-DIST-8B19B9546D66","","Marj BG","المرج","المرج","SRC-NATIONAL-VILLAGE-MANIFEST","52277","Marj BG","المرج","","","exact-pcode","ADM3_PCODE=52277","1","accepted","none","owner-review-pending","2026-08-06T08:11:43.434Z","Exact stable ADM3_PCODE mapping; owner approval remains pending"
"LB-XW-7515501D1890","LB-LOC-52287","LB-LOC-52287","52287","LB-GOV-7B1E9DBA436A","LB-DIST-8B19B9546D66","","Maydoun","ميدون","ميدون","SRC-NATIONAL-VILLAGE-MANIFEST","52287","Maydoun","ميدون","","","exact-pcode","ADM3_PCODE=52287","1","accepted","none","owner-review-pending","2026-08-06T08:11:43.434Z","Exact stable ADM3_PCODE mapping; owner approval remains pending"
"LB-XW-85E01FCA70D4","LB-LOC-52261","LB-LOC-52261","52261","LB-GOV-7B1E9DBA436A","LB-DIST-8B19B9546D66","","Ouaqf BG","الوقف بقاع الغربي","الوقف بقاع الغربي","SRC-NATIONAL-VILLAGE-MANIFEST","52261","Ouaqf BG","الوقف بقاع الغربي","","","exact-pcode","ADM3_PCODE=52261","1","accepted","none","owner-review-pending","2026-08-06T08:11:43.434Z","Exact stable ADM3_PCODE mapping; owner approval remains pending"
"LB-XW-6A7719F508C5","LB-LOC-52237","LB-LOC-52237","52237","LB-GOV-7B1E9DBA436A","LB-DIST-8B19B9546D66","","Qaraaoun","القرعون","القرعون","SRC-NATIONAL-VILLAGE-MANIFEST","52237","Qaraaoun","القرعون","","","exact-pcode","ADM3_PCODE=52237","1","accepted","none","owner-review-pending","2026-08-06T08:11:43.434Z","Exact stable ADM3_PCODE mapping; owner approval remains pending"
"LB-XW-57C6078C3461","LB-LOC-52291","LB-LOC-52291","52291","LB-GOV-7B1E9DBA436A","LB-DIST-8B19B9546D66","","Qelaya","قلايا","قلايا","SRC-NATIONAL-VILLAGE-MANIFEST","52291","Qelaya","قلايا","","","exact-pcode","ADM3_PCODE=52291","1","accepted","none","owner-review-pending","2026-08-06T08:11:43.434Z","Exact stable ADM3_PCODE mapping; owner approval remains pending"
"LB-XW-702B7366CE15","LB-LOC-52295","LB-LOC-52295","52295","LB-GOV-7B1E9DBA436A","LB-DIST-8B19B9546D66","","Raouda (Istabel)","روضة إسطبل","روضة اسطبل","SRC-NATIONAL-VILLAGE-MANIFEST","52295","Raouda (Istabel)","روضة إسطبل","","","exact-pcode","ADM3_PCODE=52295","1","accepted","none","owner-review-pending","2026-08-06T08:11:43.434Z","Exact stable ADM3_PCODE mapping; owner approval remains pending"
"LB-XW-17FFF12ABDD9","LB-LOC-52136","LB-LOC-52136","52136","LB-GOV-7B1E9DBA436A","LB-DIST-8B19B9546D66","","Saghbine","صغبين","صغبين","SRC-NATIONAL-VILLAGE-MANIFEST","52136","Saghbine","صغبين","","","exact-pcode","ADM3_PCODE=52136","1","accepted","none","owner-review-pending","2026-08-06T08:11:43.434Z","Exact stable ADM3_PCODE mapping; owner approval remains pending"
"LB-XW-5725ECC4FA8A","LB-LOC-52267","LB-LOC-52267","52267","LB-GOV-7B1E9DBA436A","LB-DIST-8B19B9546D66","","Sohmor","سحمر","سحمر","SRC-NATIONAL-VILLAGE-MANIFEST","52267","Sohmor","سحمر","","","exact-pcode","ADM3_PCODE=52267","1","accepted","none","owner-review-pending","2026-08-06T08:11:43.434Z","Exact stable ADM3_PCODE mapping; owner approval remains pending"
"LB-XW-AF3CD5C8ECDC","LB-LOC-52241","LB-LOC-52241","52241","LB-GOV-7B1E9DBA436A","LB-DIST-8B19B9546D66","","Soltan Yacoub el Aradi","سلطان يعقوب أراضي","سلطان يعقوب اراضي","SRC-NATIONAL-VILLAGE-MANIFEST","52241","Soltan Yacoub el Aradi","سلطان يعقوب أراضي","","","exact-pcode","ADM3_PCODE=52241","1","accepted","none","owner-review-pending","2026-08-06T08:11:43.434Z","Exact stable ADM3_PCODE mapping; owner approval remains pending"
"LB-XW-F4EF79C6BA32","LB-LOC-52264","LB-LOC-52264","52264","LB-GOV-7B1E9DBA436A","LB-DIST-8B19B9546D66","","Souairi","صويري","صويري","SRC-NATIONAL-VILLAGE-MANIFEST","52264","Souairi","صويري","","","exact-pcode","ADM3_PCODE=52264","1","accepted","none","owner-review-pending","2026-08-06T08:11:43.434Z","Exact stable ADM3_PCODE mapping; owner approval remains pending"
"LB-XW-1BD3F1C6107E","LB-LOC-52231","LB-LOC-52231","52231","LB-GOV-7B1E9DBA436A","LB-DIST-8B19B9546D66","","Soultan Yaacoub Faouqa","سلطان يعقوب الفوقا","سلطان يعقوب الفوقا","SRC-NATIONAL-VILLAGE-MANIFEST","52231","Soultan Yaacoub Faouqa","سلطان يعقوب الفوقا","","","exact-pcode","ADM3_PCODE=52231","1","accepted","none","owner-review-pending","2026-08-06T08:11:43.434Z","Exact stable ADM3_PCODE mapping; owner approval remains pending"
"LB-XW-AB2D8A15632E","LB-LOC-52221","LB-LOC-52221","52221","LB-GOV-7B1E9DBA436A","LB-DIST-8B19B9546D66","","Tall Znoub","تل زنوب","تل زنوب","SRC-NATIONAL-VILLAGE-MANIFEST","52221","Tall Znoub","تل زنوب","","","exact-pcode","ADM3_PCODE=52221","1","accepted","none","owner-review-pending","2026-08-06T08:11:43.434Z","Exact stable ADM3_PCODE mapping; owner approval remains pending"
"LB-XW-020F4019D486","LB-LOC-52281","LB-LOC-52281","52281","LB-GOV-7B1E9DBA436A","LB-DIST-8B19B9546D66","","Yohmor BG","يحمر بقاع الغربي","يحمر بقاع الغربي","SRC-NATIONAL-VILLAGE-MANIFEST","52281","Yohmor BG","يحمر بقاع الغربي","","","exact-pcode","ADM3_PCODE=52281","1","accepted","none","owner-review-pending","2026-08-06T08:11:43.434Z","Exact stable ADM3_PCODE mapping; owner approval remains pending"
"LB-XW-E81FC4C4F610","LB-LOC-52284","LB-LOC-52284","52284","LB-GOV-7B1E9DBA436A","LB-DIST-8B19B9546D66","","Zilaya","زلايا","زلايا","SRC-NATIONAL-VILLAGE-MANIFEST","52284","Zilaya","زلايا","","","exact-pcode","ADM3_PCODE=52284","1","accepted","none","owner-review-pending","2026-08-06T08:11:43.434Z","Exact stable ADM3_PCODE mapping; owner approval remains pending"
"LB-XW-189221C45C39","LB-LOC-51377","LB-LOC-51377","51377","LB-GOV-7B1E9DBA436A","LB-DIST-BD4134C26B67","","Aain Kfar Zabad","عين كفر زبد","عين كفر زبد","SRC-NATIONAL-VILLAGE-MANIFEST","51377","Aain Kfar Zabad","عين كفر زبد","","","exact-pcode","ADM3_PCODE=51377","1","accepted","none","owner-review-pending","2026-08-06T08:11:43.434Z","Exact stable ADM3_PCODE mapping; owner approval remains pending"
"LB-XW-46DDF0EFFDCE","LB-LOC-51323","LB-LOC-51323","51323","LB-GOV-7B1E9DBA436A","LB-DIST-BD4134C26B67","","Aali En-Nahri","علي النهري","علي النهري","SRC-NATIONAL-VILLAGE-MANIFEST","51323","Aali En-Nahri","علي النهري","","","exact-pcode","ADM3_PCODE=51323","1","accepted","none","owner-review-pending","2026-08-06T08:11:43.434Z","Exact stable ADM3_PCODE mapping; owner approval remains pending"
"LB-XW-81E6C4A66749","LB-LOC-51281","LB-LOC-51281","51281","LB-GOV-7B1E9DBA436A","LB-DIST-BD4134C26B67","","Aanjar (Haouch Moussa)","عنجر","عنجر","SRC-NATIONAL-VILLAGE-MANIFEST","51281","Aanjar (Haouch Moussa)","عنجر","","","exact-pcode","ADM3_PCODE=51281","1","accepted","none","owner-review-pending","2026-08-06T08:11:43.434Z","Exact stable ADM3_PCODE mapping; owner approval remains pending"
"LB-XW-E0B03232F4AD","LB-LOC-51163","LB-LOC-51163","51163","LB-GOV-7B1E9DBA436A","LB-DIST-BD4134C26B67","","Ablah","ابلح","ابلح","SRC-NATIONAL-VILLAGE-MANIFEST","51163","Ablah","ابلح","","","exact-pcode","ADM3_PCODE=51163","1","accepted","none","owner-review-pending","2026-08-06T08:11:43.434Z","Exact stable ADM3_PCODE mapping; owner approval remains pending"
"LB-XW-36A16393D563","LB-LOC-51267","LB-LOC-51267","51267","LB-GOV-7B1E9DBA436A","LB-DIST-BD4134C26B67","","Barr Elias","بر الياس","بر الياس","SRC-NATIONAL-VILLAGE-MANIFEST","51267","Barr Elias","بر الياس","","","exact-pcode","ADM3_PCODE=51267","1","accepted","none","owner-review-pending","2026-08-06T08:11:43.434Z","Exact stable ADM3_PCODE mapping; owner approval remains pending"
"LB-XW-F7FA2202EED1","LB-LOC-51244","LB-LOC-51244","51244","LB-GOV-7B1E9DBA436A","LB-DIST-BD4134C26B67","","Bouarej","بوارج","بوارج","SRC-NATIONAL-VILLAGE-MANIFEST","51244","Bouarej","بوارج","","","exact-pcode","ADM3_PCODE=51244","1","accepted","none","owner-review-pending","2026-08-06T08:11:43.434Z","Exact stable ADM3_PCODE mapping; owner approval remains pending"
"LB-XW-852972DBA0DB","LB-LOC-51247","LB-LOC-51247","51247","LB-GOV-7B1E9DBA436A","LB-DIST-BD4134C26B67","","Chebrqiyet Tabet","شبرقية تابت","شبرقية تابت","SRC-NATIONAL-VILLAGE-MANIFEST","51247","Chebrqiyet Tabet","شبرقية تابت","","","exact-pcode","ADM3_PCODE=51247","1","accepted","none","owner-review-pending","2026-08-06T08:11:43.434Z","Exact stable ADM3_PCODE mapping; owner approval remains pending"
"LB-XW-AFBE32E55011","LB-LOC-51211","LB-LOC-51211","51211","LB-GOV-7B1E9DBA436A","LB-DIST-BD4134C26B67","","Chtaura","شتورا","شتورا","SRC-NATIONAL-VILLAGE-MANIFEST","51211","Chtaura","شتورا","","","exact-pcode","ADM3_PCODE=51211","1","accepted","none","owner-review-pending","2026-08-06T08:11:43.434Z","Exact stable ADM3_PCODE mapping; owner approval remains pending"
"LB-XW-C8BEA3EFC778","LB-LOC-51383","LB-LOC-51383","51383","LB-GOV-7B1E9DBA436A","LB-DIST-BD4134C26B67","","Dalhamiyet Zahleh","دلهميه","دلهميه","SRC-NATIONAL-VILLAGE-MANIFEST","51383","Dalhamiyet Zahleh","دلهميه","","","exact-pcode","ADM3_PCODE=51383","1","accepted","none","owner-review-pending","2026-08-06T08:11:43.434Z","Exact stable ADM3_PCODE mapping; owner approval remains pending"
"LB-XW-9CB8443D9B54","LB-LOC-51347","LB-LOC-51347","51347","LB-GOV-7B1E9DBA436A","LB-DIST-BD4134C26B67","","Deir El-Ghazal","دير الغزال","دير الغزال","SRC-NATIONAL-VILLAGE-MANIFEST","51347","Deir El-Ghazal","دير الغزال","","","exact-pcode","ADM3_PCODE=51347","1","accepted","none","owner-review-pending","2026-08-06T08:11:43.434Z","Exact stable ADM3_PCODE mapping; owner approval remains pending"
"LB-XW-AA5901FC1629","LB-LOC-51139","LB-LOC-51139","51139","LB-GOV-7B1E9DBA436A","LB-DIST-BD4134C26B67","","Fourzol","فرزل","فرزل","SRC-NATIONAL-VILLAGE-MANIFEST","51139","Fourzol","فرزل","","","exact-pcode","ADM3_PCODE=51139","1","accepted","none","owner-review-pending","2026-08-06T08:11:43.434Z","Exact stable ADM3_PCODE mapping; owner approval remains pending"
"LB-XW-935FB3F42130","LB-LOC-51335","LB-LOC-51335","51335","LB-GOV-7B1E9DBA436A","LB-DIST-BD4134C26B67","","Haouch El-Aamara","تل العمارة","تل العمارة","SRC-NATIONAL-VILLAGE-MANIFEST","51335","Haouch El-Aamara","تل العمارة","","","exact-pcode","ADM3_PCODE=51335","1","accepted","none","owner-review-pending","2026-08-06T08:11:43.434Z","Exact stable ADM3_PCODE mapping; owner approval remains pending"
"LB-XW-A16C90308BE4","LB-LOC-51329","LB-LOC-51329","51329","LB-GOV-7B1E9DBA436A","LB-DIST-BD4134C26B67","","Haouch El-Ghanam","حوش الغنم","حوش الغنم","SRC-NATIONAL-VILLAGE-MANIFEST","51329","Haouch El-Ghanam","حوش الغنم","","","exact-pcode","ADM3_PCODE=51329","1","accepted","none","owner-review-pending","2026-08-06T08:11:43.434Z","Exact stable ADM3_PCODE mapping; owner approval remains pending"
"LB-XW-F32285995ABB","LB-LOC-51251","LB-LOC-51251","51251","LB-GOV-7B1E9DBA436A","LB-DIST-BD4134C26B67","","Haouch Es-Siyadeh","حوش الصيادي","حوش الصيادي","SRC-NATIONAL-VILLAGE-MANIFEST","51251","Haouch Es-Siyadeh","حوش الصيادي","","","exact-pcode","ADM3_PCODE=51251","1","accepted","none","owner-review-pending","2026-08-06T08:11:43.434Z","Exact stable ADM3_PCODE mapping; owner approval remains pending"
"LB-XW-14AD1F573E32","LB-LOC-51317","LB-LOC-51317","51317","LB-GOV-7B1E9DBA436A","LB-DIST-BD4134C26B67","","Haouch Hala","حوش حالا","حوش حالا","SRC-NATIONAL-VILLAGE-MANIFEST","51317","Haouch Hala","حوش حالا","","","exact-pcode","ADM3_PCODE=51317","1","accepted","none","owner-review-pending","2026-08-06T08:11:43.434Z","Exact stable ADM3_PCODE mapping; owner approval remains pending"
"LB-XW-988116DF7BA4","LB-LOC-51237","LB-LOC-51237","51237","LB-GOV-7B1E9DBA436A","LB-DIST-BD4134C26B67","","Haouch Mandara","حوش مندره","حوش مندره","SRC-NATIONAL-VILLAGE-MANIFEST","51237","Haouch Mandara","حوش مندره","","","exact-pcode","ADM3_PCODE=51237","1","accepted","none","owner-review-pending","2026-08-06T08:11:43.434Z","Exact stable ADM3_PCODE mapping; owner approval remains pending"
"LB-XW-F6A91506104B","LB-LOC-51264","LB-LOC-51264","51264","LB-GOV-7B1E9DBA436A","LB-DIST-BD4134C26B67","","Haouch Qayssar","قيصر","قيصر","SRC-NATIONAL-VILLAGE-MANIFEST","51264","Haouch Qayssar","قيصر","","","exact-pcode","ADM3_PCODE=51264","1","accepted","none","owner-review-pending","2026-08-06T08:11:43.434Z","Exact stable ADM3_PCODE mapping; owner approval remains pending"
"LB-XW-09D51ECFB80B","LB-LOC-51157","LB-LOC-51157","51157","LB-GOV-7B1E9DBA436A","LB-DIST-BD4134C26B67","","Hazerta","حزرتا","حزرتا","SRC-NATIONAL-VILLAGE-MANIFEST","51157","Hazerta","حزرتا","","","exact-pcode","ADM3_PCODE=51157","1","accepted","none","owner-review-pending","2026-08-06T08:11:43.434Z","Exact stable ADM3_PCODE mapping; owner approval remains pending"
"LB-XW-E5234671EB8E","LB-LOC-51341","LB-LOC-51341","51341","LB-GOV-7B1E9DBA436A","LB-DIST-BD4134C26B67","","Hoshmosh","حشمش","حشمش","SRC-NATIONAL-VILLAGE-MANIFEST","51341","Hoshmosh","حشمش","","","exact-pcode","ADM3_PCODE=51341","1","accepted","none","owner-review-pending","2026-08-06T08:11:43.434Z","Exact stable ADM3_PCODE mapping; owner approval remains pending"
"LB-XW-FBC9BB41F9FF","LB-LOC-51224","LB-LOC-51224","51224","LB-GOV-7B1E9DBA436A","LB-DIST-BD4134C26B67","","Jdita","جديتا","جديتا","SRC-NATIONAL-VILLAGE-MANIFEST","51224","Jdita","جديتا","","","exact-pcode","ADM3_PCODE=51224","1","accepted","none","owner-review-pending","2026-08-06T08:11:43.434Z","Exact stable ADM3_PCODE mapping; owner approval remains pending"
"LB-XW-F77912F13061","LB-LOC-51389","LB-LOC-51389","51389","LB-GOV-7B1E9DBA436A","LB-DIST-BD4134C26B67","","Kfarzabad","كفر زبد","كفر زبد","SRC-NATIONAL-VILLAGE-MANIFEST","51389","Kfarzabad","كفر زبد","","","exact-pcode","ADM3_PCODE=51389","1","accepted","none","owner-review-pending","2026-08-06T08:11:43.434Z","Exact stable ADM3_PCODE mapping; owner approval remains pending"
"LB-XW-E57751CC5DEE","LB-LOC-51184","LB-LOC-51184","51184","LB-GOV-7B1E9DBA436A","LB-DIST-BD4134C26B67","","Ksara","كسارة","كسارة","SRC-NATIONAL-VILLAGE-MANIFEST","51184","Ksara","كسارة","","","exact-pcode","ADM3_PCODE=51184","1","accepted","none","owner-review-pending","2026-08-06T08:11:43.434Z","Exact stable ADM3_PCODE mapping; owner approval remains pending"
"LB-XW-C4E9691AF403","LB-LOC-51284","LB-LOC-51284","51284","LB-GOV-7B1E9DBA436A","LB-DIST-BD4134C26B67","","Majdel Aanjar","مجدل عنجر","مجدل عنجر","SRC-NATIONAL-VILLAGE-MANIFEST","51284","Majdel Aanjar","مجدل عنجر","","","exact-pcode","ADM3_PCODE=51284","1","accepted","none","owner-review-pending","2026-08-06T08:11:43.434Z","Exact stable ADM3_PCODE mapping; owner approval remains pending"
"LB-XW-170538C18251","LB-LOC-51217","LB-LOC-51217","51217","LB-GOV-7B1E9DBA436A","LB-DIST-BD4134C26B67","","Makseh","مكسة","مكسة","SRC-NATIONAL-VILLAGE-MANIFEST","51217","Makseh","مكسة","","","exact-pcode","ADM3_PCODE=51217","1","accepted","none","owner-review-pending","2026-08-06T08:11:43.434Z","Exact stable ADM3_PCODE mapping; owner approval remains pending"
"LB-XW-F14D15C34B24","LB-LOC-51371","LB-LOC-51371","51371","LB-GOV-7B1E9DBA436A","LB-DIST-BD4134C26B67","","Massa","مسا","مسا","SRC-NATIONAL-VILLAGE-MANIFEST","51371","Massa","مسا","","","exact-pcode","ADM3_PCODE=51371","1","accepted","none","owner-review-pending","2026-08-06T08:11:43.434Z","Exact stable ADM3_PCODE mapping; owner approval remains pending"
"LB-XW-FED0D2A07291","LB-LOC-51185","LB-LOC-51185","51185","LB-GOV-7B1E9DBA436A","LB-DIST-BD4134C26B67","","Mazraat Er-Remtaniyeh","الرمطانية","الرمطانية","SRC-NATIONAL-VILLAGE-MANIFEST","51185","Mazraat Er-Remtaniyeh","الرمطانية","","","exact-pcode","ADM3_PCODE=51185","1","accepted","none","owner-review-pending","2026-08-06T08:11:43.434Z","Exact stable ADM3_PCODE mapping; owner approval remains pending"
"LB-XW-568DA3EA16D8","LB-LOC-51241","LB-LOC-51241","51241","LB-GOV-7B1E9DBA436A","LB-DIST-BD4134C26B67","","Mrayjat Zahleh","مريجات","مريجات","SRC-NATIONAL-VILLAGE-MANIFEST","51241","Mrayjat Zahleh","مريجات","","","exact-pcode","ADM3_PCODE=51241","1","accepted","none","owner-review-pending","2026-08-06T08:11:43.434Z","Exact stable ADM3_PCODE mapping; owner approval remains pending"
"LB-XW-A340A2C0B38D","LB-LOC-51271","LB-LOC-51271","51271","LB-GOV-7B1E9DBA436A","LB-DIST-BD4134C26B67","","Mzaraat Zahleh","مزرعة زحلة","مزرعة زحلة","SRC-NATIONAL-VILLAGE-MANIFEST","51271","Mzaraat Zahleh","مزرعة زحلة","","","exact-pcode","ADM3_PCODE=51271","1","accepted","none","owner-review-pending","2026-08-06T08:11:43.434Z","Exact stable ADM3_PCODE mapping; owner approval remains pending"
"LB-XW-FBF764E65BB8","LB-LOC-51151","LB-LOC-51151","51151","LB-GOV-7B1E9DBA436A","LB-DIST-BD4134C26B67","","Nabi Ayla","نبي ايلا","نبي ايلا","SRC-NATIONAL-VILLAGE-MANIFEST","51151","Nabi Ayla","نبي ايلا","","","exact-pcode","ADM3_PCODE=51151","1","accepted","none","owner-review-pending","2026-08-06T08:11:43.434Z","Exact stable ADM3_PCODE mapping; owner approval remains pending"
"LB-XW-8AA15608C19F","LB-LOC-51354","LB-LOC-51354","51354","LB-GOV-7B1E9DBA436A","LB-DIST-BD4134C26B67","","Nasriyet Rizk","ناصرية رزق","ناصرية رزق","SRC-NATIONAL-VILLAGE-MANIFEST","51354","Nasriyet Rizk","ناصرية رزق","","","exact-pcode","ADM3_PCODE=51354","1","accepted","none","owner-review-pending","2026-08-06T08:11:43.434Z","Exact stable ADM3_PCODE mapping; owner approval remains pending"
"LB-XW-3D1C6ED0C38F","LB-LOC-51287","LB-LOC-51287","51287","LB-GOV-7B1E9DBA436A","LB-DIST-BD4134C26B67","","Nasriyet Zahleh","ناصرية زحلة","ناصرية زحلة","SRC-NATIONAL-VILLAGE-MANIFEST","51287","Nasriyet Zahleh","ناصرية زحلة","","","exact-pcode","ADM3_PCODE=51287","1","accepted","none","owner-review-pending","2026-08-06T08:11:43.434Z","Exact stable ADM3_PCODE mapping; owner approval remains pending"
"LB-XW-E70483D7056C","LB-LOC-51177","LB-LOC-51177","51177","LB-GOV-7B1E9DBA436A","LB-DIST-BD4134C26B67","","Niha Zahleh","نيحا زحلة","نيحا زحلة","SRC-NATIONAL-VILLAGE-MANIFEST","51177","Niha Zahleh","نيحا زحلة","","","exact-pcode","ADM3_PCODE=51177","1","accepted","none","owner-review-pending","2026-08-06T08:11:43.434Z","Exact stable ADM3_PCODE mapping; owner approval remains pending"
"LB-XW-2839EE6F2840","LB-LOC-51257","LB-LOC-51257","51257","LB-GOV-7B1E9DBA436A","LB-DIST-BD4134C26B67","","Ouadi Ed-Delm","وادي الدلم","وادي الدلم","SRC-NATIONAL-VILLAGE-MANIFEST","51257","Ouadi Ed-Delm","وادي الدلم","","","exact-pcode","ADM3_PCODE=51257","1","accepted","none","owner-review-pending","2026-08-06T08:11:43.434Z","Exact stable ADM3_PCODE mapping; owner approval remains pending"
"LB-XW-8FE18E673132","LB-LOC-51189","LB-LOC-51189","51189","LB-GOV-7B1E9DBA436A","LB-DIST-BD4134C26B67","","Ouadi El-Aarayech","وادي العرايش","وادي العرايش","SRC-NATIONAL-VILLAGE-MANIFEST","51189","Ouadi El-Aarayech","وادي العرايش","","","exact-pcode","ADM3_PCODE=51189","1","accepted","none","owner-review-pending","2026-08-06T08:11:43.434Z","Exact stable ADM3_PCODE mapping; owner approval remains pending"
"LB-XW-CAC9DC160700","LB-LOC-51173","LB-LOC-51173","51173","LB-GOV-7B1E9DBA436A","LB-DIST-BD4134C26B67","","Qaa Er-Rim","قاع الريم","قاع الريم","SRC-NATIONAL-VILLAGE-MANIFEST","51173","Qaa Er-Rim","قاع الريم","","","exact-pcode","ADM3_PCODE=51173","1","accepted","none","owner-review-pending","2026-08-06T08:11:43.434Z","Exact stable ADM3_PCODE mapping; owner approval remains pending"
"LB-XW-E2ECE1FAB098","LB-LOC-51234","LB-LOC-51234","51234","LB-GOV-7B1E9DBA436A","LB-DIST-BD4134C26B67","","Qabb Elias","قب الياس","قب الياس","SRC-NATIONAL-VILLAGE-MANIFEST","51234","Qabb Elias","قب الياس","","","exact-pcode","ADM3_PCODE=51234","1","accepted","none","owner-review-pending","2026-08-06T08:11:43.434Z","Exact stable ADM3_PCODE mapping; owner approval remains pending"
"LB-XW-F37600E894B3","LB-LOC-51353","LB-LOC-51353","51353","LB-GOV-7B1E9DBA436A","LB-DIST-BD4134C26B67","","Qoussaya","قوسايا","قوسايا","SRC-NATIONAL-VILLAGE-MANIFEST","51353","Qoussaya","قوسايا","","","exact-pcode","ADM3_PCODE=51353","1","accepted","none","owner-review-pending","2026-08-06T08:11:43.434Z","Exact stable ADM3_PCODE mapping; owner approval remains pending"
"LB-XW-19CDE8105280","LB-LOC-51359","LB-LOC-51359","51359","LB-GOV-7B1E9DBA436A","LB-DIST-BD4134C26B67","","Raait","رعيت","رعيت","SRC-NATIONAL-VILLAGE-MANIFEST","51359","Raait","رعيت","","","exact-pcode","ADM3_PCODE=51359","1","accepted","none","owner-review-pending","2026-08-06T08:11:43.434Z","Exact stable ADM3_PCODE mapping; owner approval remains pending"
"LB-XW-856D805AB34F","LB-LOC-51311","LB-LOC-51311","51311","LB-GOV-7B1E9DBA436A","LB-DIST-BD4134C26B67","","Riyaq","رياق","رياق","SRC-NATIONAL-VILLAGE-MANIFEST","51311","Riyaq","رياق","","","exact-pcode","ADM3_PCODE=51311","1","accepted","none","owner-review-pending","2026-08-06T08:11:43.434Z","Exact stable ADM3_PCODE mapping; owner approval remains pending"
"LB-XW-58281E0F509A","LB-LOC-51231","LB-LOC-51231","51231","LB-GOV-7B1E9DBA436A","LB-DIST-BD4134C26B67","","Saadnayel","سعدنايل","سعدنايل","SRC-NATIONAL-VILLAGE-MANIFEST","51231","Saadnayel","سعدنايل","","","exact-pcode","ADM3_PCODE=51231","1","accepted","none","owner-review-pending","2026-08-06T08:11:43.434Z","Exact stable ADM3_PCODE mapping; owner approval remains pending"
"LB-XW-B2BC4F468537","LB-LOC-51221","LB-LOC-51221","51221","LB-GOV-7B1E9DBA436A","LB-DIST-BD4134C26B67","","Taalbaya","تعلبايا","تعلبايا","SRC-NATIONAL-VILLAGE-MANIFEST","51221","Taalbaya","تعلبايا","","","exact-pcode","ADM3_PCODE=51221","1","accepted","none","owner-review-pending","2026-08-06T08:11:43.434Z","Exact stable ADM3_PCODE mapping; owner approval remains pending"
"LB-XW-F45C405F1B41","LB-LOC-51227","LB-LOC-51227","51227","LB-GOV-7B1E9DBA436A","LB-DIST-BD4134C26B67","","Taanayel","تعنايل","تعنايل","SRC-NATIONAL-VILLAGE-MANIFEST","51227","Taanayel","تعنايل","","","exact-pcode","ADM3_PCODE=51227","1","accepted","none","owner-review-pending","2026-08-06T08:11:43.434Z","Exact stable ADM3_PCODE mapping; owner approval remains pending"
"LB-XW-144C8EDF66B0","LB-LOC-51274","LB-LOC-51274","51274","LB-GOV-7B1E9DBA436A","LB-DIST-BD4134C26B67","","Tcheflik Eddé Haouch","تشفلك اده حوش","تشفلك اده حوش","SRC-NATIONAL-VILLAGE-MANIFEST","51274","Tcheflik Eddé Haouch","تشفلك اده حوش","","","exact-pcode","ADM3_PCODE=51274","1","accepted","none","owner-review-pending","2026-08-06T08:11:43.434Z","Exact stable ADM3_PCODE mapping; owner approval remains pending"
"LB-XW-16631E520BA9","LB-LOC-51261","LB-LOC-51261","51261","LB-GOV-7B1E9DBA436A","LB-DIST-BD4134C26B67","","Tcheflik Qiqano","تشفلك قيقانو","تشفلك قيقانو","SRC-NATIONAL-VILLAGE-MANIFEST","51261","Tcheflik Qiqano","تشفلك قيقانو","","","exact-pcode","ADM3_PCODE=51261","1","accepted","none","owner-review-pending","2026-08-06T08:11:43.434Z","Exact stable ADM3_PCODE mapping; owner approval remains pending"
"LB-XW-1D8918163659","LB-LOC-51277","LB-LOC-51277","51277","LB-GOV-7B1E9DBA436A","LB-DIST-BD4134C26B67","","Tell El-Akhdar","تل الاخضر","تل الاخضر","SRC-NATIONAL-VILLAGE-MANIFEST","51277","Tell El-Akhdar","تل الاخضر","","","exact-pcode","ADM3_PCODE=51277","1","accepted","none","owner-review-pending","2026-08-06T08:11:43.434Z","Exact stable ADM3_PCODE mapping; owner approval remains pending"
"LB-XW-8DD5281DFA1C","LB-LOC-51365","LB-LOC-51365","51365","LB-GOV-7B1E9DBA436A","LB-DIST-BD4134C26B67","","Terbol Zahleh","تربل","تربل","SRC-NATIONAL-VILLAGE-MANIFEST","51365","Terbol Zahleh","تربل","","","exact-pcode","ADM3_PCODE=51365","1","accepted","none","owner-review-pending","2026-08-06T08:11:43.434Z","Exact stable ADM3_PCODE mapping; owner approval remains pending"
"LB-XW-FAFD8E64ECEE","LB-LOC-51145","LB-LOC-51145","51145","LB-GOV-7B1E9DBA436A","LB-DIST-BD4134C26B67","","Touaite Zahleh","تويتي","تويتي","SRC-NATIONAL-VILLAGE-MANIFEST","51145","Touaite Zahleh","تويتي","","","exact-pcode","ADM3_PCODE=51145","1","accepted","none","owner-review-pending","2026-08-06T08:11:43.434Z","Exact stable ADM3_PCODE mapping; owner approval remains pending"
"LB-XW-40A548F8B92D","LB-LOC-51127","LB-LOC-51127","51127","LB-GOV-7B1E9DBA436A","LB-DIST-BD4134C26B67","","Zahlé Haouch El-Oumara Aradi","زحلة حوش الامراء أراضي","زحلة حوش الامراء اراضي","SRC-NATIONAL-VILLAGE-MANIFEST","51127","Zahlé Haouch El-Oumara Aradi","زحلة حوش الامراء أراضي","","","exact-pcode","ADM3_PCODE=51127","1","accepted","none","owner-review-pending","2026-08-06T08:11:43.434Z","Exact stable ADM3_PCODE mapping; owner approval remains pending"
"LB-XW-BFE00E475AE1","LB-LOC-51123","LB-LOC-51123","51123","LB-GOV-7B1E9DBA436A","LB-DIST-BD4134C26B67","","Zahlé Mar Antonios","زحلة مار أنطونيوس","زحلة مار انطونيوس","SRC-NATIONAL-VILLAGE-MANIFEST","51123","Zahlé Mar Antonios","زحلة مار أنطونيوس","","","exact-pcode","ADM3_PCODE=51123","1","accepted","none","owner-review-pending","2026-08-06T08:11:43.434Z","Exact stable ADM3_PCODE mapping; owner approval remains pending"
"LB-XW-2BC642D58747","LB-LOC-51135","LB-LOC-51135","51135","LB-GOV-7B1E9DBA436A","LB-DIST-BD4134C26B67","","Zahlé Mar Elias","مار الياس زحلة","مار الياس زحلة","SRC-NATIONAL-VILLAGE-MANIFEST","51135","Zahlé Mar Elias","مار الياس زحلة","","","exact-pcode","ADM3_PCODE=51135","1","accepted","none","owner-review-pending","2026-08-06T08:11:43.434Z","Exact stable ADM3_PCODE mapping; owner approval remains pending"
"LB-XW-C8F2E0A1EC28","LB-LOC-51115","LB-LOC-51115","51115","LB-GOV-7B1E9DBA436A","LB-DIST-BD4134C26B67","","Zahlé Mar Gerges","زحلة مار جرجس","زحلة مار جرجس","SRC-NATIONAL-VILLAGE-MANIFEST","51115","Zahlé Mar Gerges","زحلة مار جرجس","","","exact-pcode","ADM3_PCODE=51115","1","accepted","none","owner-review-pending","2026-08-06T08:11:43.434Z","Exact stable ADM3_PCODE mapping; owner approval remains pending"
"LB-XW-F78E24D641B4","LB-LOC-51129","LB-LOC-51129","51129","LB-GOV-7B1E9DBA436A","LB-DIST-BD4134C26B67","","Zahlé Saydet En-Najat","زحلة سيدة النجاة","زحلة سيدة النجاة","SRC-NATIONAL-VILLAGE-MANIFEST","51129","Zahlé Saydet En-Najat","زحلة سيدة النجاة","","","exact-pcode","ADM3_PCODE=51129","1","accepted","none","owner-review-pending","2026-08-06T08:11:43.434Z","Exact stable ADM3_PCODE mapping; owner approval remains pending"
"LB-XW-FD5AFC72A5BF","LB-LOC-51133","LB-LOC-51133","51133","LB-GOV-7B1E9DBA436A","LB-DIST-BD4134C26B67","","Zahleh Aradi","زحلة أراضي","زحلة اراضي","SRC-NATIONAL-VILLAGE-MANIFEST","51133","Zahleh Aradi","زحلة أراضي","","","exact-pcode","ADM3_PCODE=51133","1","accepted","none","owner-review-pending","2026-08-06T08:11:43.434Z","Exact stable ADM3_PCODE mapping; owner approval remains pending"
"LB-XW-198686A20CD2","LB-LOC-51119","LB-LOC-51119","51119","LB-GOV-7B1E9DBA436A","LB-DIST-BD4134C26B67","","Zahleh El-Berbara","بربارة زحلة","بربارة زحلة","SRC-NATIONAL-VILLAGE-MANIFEST","51119","Zahleh El-Berbara","بربارة زحلة","","","exact-pcode","ADM3_PCODE=51119","1","accepted","none","owner-review-pending","2026-08-06T08:11:43.434Z","Exact stable ADM3_PCODE mapping; owner approval remains pending"
"LB-XW-44246D19A442","LB-LOC-51121","LB-LOC-51121","51121","LB-GOV-7B1E9DBA436A","LB-DIST-BD4134C26B67","","Zahleh El-Maallaqa","زحلة معلقة أراضي","زحلة معلقة اراضي","SRC-NATIONAL-VILLAGE-MANIFEST","51121","Zahleh El-Maallaqa","زحلة معلقة أراضي","","","exact-pcode","ADM3_PCODE=51121","1","accepted","none","owner-review-pending","2026-08-06T08:11:43.434Z","Exact stable ADM3_PCODE mapping; owner approval remains pending"
"LB-XW-87B42ED4A3DE","LB-LOC-51111","LB-LOC-51111","51111","LB-GOV-7B1E9DBA436A","LB-DIST-BD4134C26B67","","Zahleh El-Midane","زحلة","زحلة","SRC-NATIONAL-VILLAGE-MANIFEST","51111","Zahleh El-Midane","زحلة","","","exact-pcode","ADM3_PCODE=51111","1","accepted","none","owner-review-pending","2026-08-06T08:11:43.434Z","Exact stable ADM3_PCODE mapping; owner approval remains pending"
"LB-XW-C935BAC85350","LB-LOC-51117","LB-LOC-51117","51117","LB-GOV-7B1E9DBA436A","LB-DIST-BD4134C26B67","","Zahleh Er-Rassiyeh","الراسية","الراسية","SRC-NATIONAL-VILLAGE-MANIFEST","51117","Zahleh Er-Rassiyeh","الراسية","","","exact-pcode","ADM3_PCODE=51117","1","accepted","none","owner-review-pending","2026-08-06T08:11:43.434Z","Exact stable ADM3_PCODE mapping; owner approval remains pending"
"LB-XW-C42F2BBEAA02","LB-LOC-51131","LB-LOC-51131","51131","LB-GOV-7B1E9DBA436A","LB-DIST-BD4134C26B67","","Zahleh Haouch El-Oumara","تل شيحا","تل شيحا","SRC-NATIONAL-VILLAGE-MANIFEST","51131","Zahleh Haouch El-Oumara","تل شيحا","","","exact-pcode","ADM3_PCODE=51131","1","accepted","none","owner-review-pending","2026-08-06T08:11:43.434Z","Exact stable ADM3_PCODE mapping; owner approval remains pending"
"LB-XW-C2D0FC3DA8FC","LB-LOC-51113","LB-LOC-51113","51113","LB-GOV-7B1E9DBA436A","LB-DIST-BD4134C26B67","","Zahleh Haouch Ez-Zaraane","حوش الزراعنة","حوش الزراعنة","SRC-NATIONAL-VILLAGE-MANIFEST","51113","Zahleh Haouch Ez-Zaraane","حوش الزراعنة","","","exact-pcode","ADM3_PCODE=51113","1","accepted","none","owner-review-pending","2026-08-06T08:11:43.434Z","Exact stable ADM3_PCODE mapping; owner approval remains pending"
"LB-XW-A3A6E1A39D1C","LB-LOC-51125","LB-LOC-51125","51125","LB-GOV-7B1E9DBA436A","LB-DIST-BD4134C26B67","","Zahleh Maallaqa Aradi","مدينة الصناعية","مدينة الصناعية","SRC-NATIONAL-VILLAGE-MANIFEST","51125","Zahleh Maallaqa Aradi","مدينة الصناعية","","","exact-pcode","ADM3_PCODE=51125","1","accepted","none","owner-review-pending","2026-08-06T08:11:43.434Z","Exact stable ADM3_PCODE mapping; owner approval remains pending"
"LB-XW-0250E8A898A7","LB-LOC-51214","LB-LOC-51214","51214","LB-GOV-7B1E9DBA436A","LB-DIST-BD4134C26B67","","Zebdoul","زبدل","زبدل","SRC-NATIONAL-VILLAGE-MANIFEST","51214","Zebdoul","زبدل","","","exact-pcode","ADM3_PCODE=51214","1","accepted","none","owner-review-pending","2026-08-06T08:11:43.434Z","Exact stable ADM3_PCODE mapping; owner approval remains pending"
"LB-XW-B8335872DBB0","LB-LOC-72143","LB-LOC-72143","72143","LB-GOV-FCD3D044F36B","LB-DIST-73C2DF9AE3DE","","Aain Ibl","عين ابل","عين ابل","SRC-NATIONAL-VILLAGE-MANIFEST","72143","Aain Ibl","عين ابل","","","exact-pcode","ADM3_PCODE=72143","1","accepted","none","owner-review-pending","2026-08-06T08:11:43.434Z","Exact stable ADM3_PCODE mapping; owner approval remains pending"
"LB-XW-A33F206BB073","LB-LOC-72151","LB-LOC-72151","72151","LB-GOV-FCD3D044F36B","LB-DIST-73C2DF9AE3DE","","Aaintaroun","عيترون","عيترون","SRC-NATIONAL-VILLAGE-MANIFEST","72151","Aaintaroun","عيترون","","","exact-pcode","ADM3_PCODE=72151","1","accepted","none","owner-review-pending","2026-08-06T08:11:43.434Z","Exact stable ADM3_PCODE mapping; owner approval remains pending"
"LB-XW-D2D222D9E627","LB-LOC-72224","LB-LOC-72224","72224","LB-GOV-FCD3D044F36B","LB-DIST-73C2DF9AE3DE","","Aaita Ej-Jabal","عيتا الجبل الزط","عيتا الجبل الزط","SRC-NATIONAL-VILLAGE-MANIFEST","72224","Aaita Ej-Jabal","عيتا الجبل الزط","","","exact-pcode","ADM3_PCODE=72224","1","accepted","none","owner-review-pending","2026-08-06T08:11:43.434Z","Exact stable ADM3_PCODE mapping; owner approval remains pending"
"LB-XW-D8C02E92A2DC","LB-LOC-72119","LB-LOC-72119","72119","LB-GOV-FCD3D044F36B","LB-DIST-73C2DF9AE3DE","","Aaynata Bent Jbayl","عيناتا بنت جبيل","عيناتا بنت جبيل","SRC-NATIONAL-VILLAGE-MANIFEST","72119","Aaynata Bent Jbayl","عيناتا بنت جبيل","","","exact-pcode","ADM3_PCODE=72119","1","accepted","none","owner-review-pending","2026-08-06T08:11:43.434Z","Exact stable ADM3_PCODE mapping; owner approval remains pending"
"LB-XW-1768560AE4FD","LB-LOC-72183","LB-LOC-72183","72183","LB-GOV-FCD3D044F36B","LB-DIST-73C2DF9AE3DE","","Aayta Ech-Chaab","عيتا الشعب","عيتا الشعب","SRC-NATIONAL-VILLAGE-MANIFEST","72183","Aayta Ech-Chaab","عيتا الشعب","","","exact-pcode","ADM3_PCODE=72183","1","accepted","none","owner-review-pending","2026-08-06T08:11:43.434Z","Exact stable ADM3_PCODE mapping; owner approval remains pending"
"LB-XW-2C9771884BDF","LB-LOC-72227","LB-LOC-72227","72227","LB-GOV-FCD3D044F36B","LB-DIST-73C2DF9AE3DE","","Baraachit","برعشيت","برعشيت","SRC-NATIONAL-VILLAGE-MANIFEST","72227","Baraachit","برعشيت","","","exact-pcode","ADM3_PCODE=72227","1","accepted","none","owner-review-pending","2026-08-06T08:11:43.434Z","Exact stable ADM3_PCODE mapping; owner approval remains pending"
"LB-XW-588E62C392BD","LB-LOC-72287","LB-LOC-72287","72287","LB-GOV-FCD3D044F36B","LB-DIST-73C2DF9AE3DE","","Beit Lif","بيت ليف","بيت ليف","SRC-NATIONAL-VILLAGE-MANIFEST","72287","Beit Lif","بيت ليف","","","exact-pcode","ADM3_PCODE=72287","1","accepted","none","owner-review-pending","2026-08-06T08:11:43.434Z","Exact stable ADM3_PCODE mapping; owner approval remains pending"
"LB-XW-83A86D6FC269","LB-LOC-72237","LB-LOC-72237","72237","LB-GOV-FCD3D044F36B","LB-DIST-73C2DF9AE3DE","","Beit Yahoun","بيت ياحون","بيت ياحون","SRC-NATIONAL-VILLAGE-MANIFEST","72237","Beit Yahoun","بيت ياحون","","","exact-pcode","ADM3_PCODE=72237","1","accepted","none","owner-review-pending","2026-08-06T08:11:43.434Z","Exact stable ADM3_PCODE mapping; owner approval remains pending"
"LB-XW-1DE38004A6F4","LB-LOC-72111","LB-LOC-72111","72111","LB-GOV-FCD3D044F36B","LB-DIST-73C2DF9AE3DE","","Bent Jbayl","بنت جبيل","بنت جبيل","SRC-NATIONAL-VILLAGE-MANIFEST","72111","Bent Jbayl","بنت جبيل","","","exact-pcode","ADM3_PCODE=72111","1","accepted","none","owner-review-pending","2026-08-06T08:11:43.434Z","Exact stable ADM3_PCODE mapping; owner approval remains pending"
"LB-XW-2240E335F317","LB-LOC-72264","LB-LOC-72264","72264","LB-GOV-FCD3D044F36B","LB-DIST-73C2DF9AE3DE","","Borj qalaouiyeh","برج قلويه","برج قلويه","SRC-NATIONAL-VILLAGE-MANIFEST","72264","Borj qalaouiyeh","برج قلويه","","","exact-pcode","ADM3_PCODE=72264","1","accepted","none","owner-review-pending","2026-08-06T08:11:43.434Z","Exact stable ADM3_PCODE mapping; owner approval remains pending"
"LB-XW-6C08B7534D93","LB-LOC-72229","LB-LOC-72229","72229","LB-GOV-FCD3D044F36B","LB-DIST-73C2DF9AE3DE","","Chaqra","شقرا","شقرا","SRC-NATIONAL-VILLAGE-MANIFEST","72229","Chaqra","شقرا","","","exact-pcode","ADM3_PCODE=72229","1","accepted","none","owner-review-pending","2026-08-06T08:11:43.434Z","Exact stable ADM3_PCODE mapping; owner approval remains pending"
"LB-XW-9A2C6DCAE316","LB-LOC-72281","LB-LOC-72281","72281","LB-GOV-FCD3D044F36B","LB-DIST-73C2DF9AE3DE","","Debl","دبل امية","دبل امية","SRC-NATIONAL-VILLAGE-MANIFEST","72281","Debl","دبل امية","","","exact-pcode","ADM3_PCODE=72281","1","accepted","none","owner-review-pending","2026-08-06T08:11:43.434Z","Exact stable ADM3_PCODE mapping; owner approval remains pending"
"LB-XW-4B66CEA17BA6","LB-LOC-72244","LB-LOC-72244","72244","LB-GOV-FCD3D044F36B","LB-DIST-73C2DF9AE3DE","","Deir Ntar","دير نطار","دير نطار","SRC-NATIONAL-VILLAGE-MANIFEST","72244","Deir Ntar","دير نطار","","","exact-pcode","ADM3_PCODE=72244","1","accepted","none","owner-review-pending","2026-08-06T08:11:43.434Z","Exact stable ADM3_PCODE mapping; owner approval remains pending"
"LB-XW-AA7C66B7CC6A","LB-LOC-72276","LB-LOC-72276","72276","LB-GOV-FCD3D044F36B","LB-DIST-73C2DF9AE3DE","","Froun","فرون","فرون","SRC-NATIONAL-VILLAGE-MANIFEST","72276","Froun","فرون","","","exact-pcode","ADM3_PCODE=72276","1","accepted","none","owner-review-pending","2026-08-06T08:11:43.434Z","Exact stable ADM3_PCODE mapping; owner approval remains pending"
"LB-XW-FD56D955EE76","LB-LOC-72274","LB-LOC-72274","72274","LB-GOV-FCD3D044F36B","LB-DIST-73C2DF9AE3DE","","Ghandouriyet Bent Jbayl","غندورية بنت جبيل","غندورية بنت جبيل","SRC-NATIONAL-VILLAGE-MANIFEST","72274","Ghandouriyet Bent Jbayl","غندورية بنت جبيل","","","exact-pcode","ADM3_PCODE=72274","1","accepted","none","owner-review-pending","2026-08-06T08:11:43.434Z","Exact stable ADM3_PCODE mapping; owner approval remains pending"
"LB-XW-6BA0E9AF8CA2","LB-LOC-72231","LB-LOC-72231","72231","LB-GOV-FCD3D044F36B","LB-DIST-73C2DF9AE3DE","","Haddatha","حداثا","حداثا","SRC-NATIONAL-VILLAGE-MANIFEST","72231","Haddatha","حداثا","","","exact-pcode","ADM3_PCODE=72231","1","accepted","none","owner-review-pending","2026-08-06T08:11:43.434Z","Exact stable ADM3_PCODE mapping; owner approval remains pending"
"LB-XW-4F737F8B96BD","LB-LOC-72284","LB-LOC-72284","72284","LB-GOV-FCD3D044F36B","LB-DIST-73C2DF9AE3DE","","Hanine","حنين","حنين","SRC-NATIONAL-VILLAGE-MANIFEST","72284","Hanine","حنين","","","exact-pcode","ADM3_PCODE=72284","1","accepted","none","owner-review-pending","2026-08-06T08:11:43.434Z","Exact stable ADM3_PCODE mapping; owner approval remains pending"
"LB-XW-4048924B29EC","LB-LOC-72241","LB-LOC-72241","72241","LB-GOV-FCD3D044F36B","LB-DIST-73C2DF9AE3DE","","Haris","حاريص","حاريص","SRC-NATIONAL-VILLAGE-MANIFEST","72241","Haris","حاريص","","","exact-pcode","ADM3_PCODE=72241","1","accepted","none","owner-review-pending","2026-08-06T08:11:43.434Z","Exact stable ADM3_PCODE mapping; owner approval remains pending"
"LB-XW-8D213D6CDC9A","LB-LOC-72221","LB-LOC-72221","72221","LB-GOV-FCD3D044F36B","LB-DIST-73C2DF9AE3DE","","Jmaijmeh","جميجمة","جميجمة","SRC-NATIONAL-VILLAGE-MANIFEST","72221","Jmaijmeh","جميجمة","","","exact-pcode","ADM3_PCODE=72221","1","accepted","none","owner-review-pending","2026-08-06T08:11:43.434Z","Exact stable ADM3_PCODE mapping; owner approval remains pending"
"LB-XW-BD7ACB4A9BB9","LB-LOC-72257","LB-LOC-72257","72257","LB-GOV-FCD3D044F36B","LB-DIST-73C2DF9AE3DE","","Kafra Bant Jbayl","كفرا بنت جبيل","كفرا بنت جبيل","SRC-NATIONAL-VILLAGE-MANIFEST","72257","Kafra Bant Jbayl","كفرا بنت جبيل","","","exact-pcode","ADM3_PCODE=72257","1","accepted","none","owner-review-pending","2026-08-06T08:11:43.434Z","Exact stable ADM3_PCODE mapping; owner approval remains pending"
"LB-XW-DE966522567A","LB-LOC-72247","LB-LOC-72247","72247","LB-GOV-FCD3D044F36B","LB-DIST-73C2DF9AE3DE","","Kfar Dounine","كفر دونين","كفر دونين","SRC-NATIONAL-VILLAGE-MANIFEST","72247","Kfar Dounine","كفر دونين","","","exact-pcode","ADM3_PCODE=72247","1","accepted","none","owner-review-pending","2026-08-06T08:11:43.434Z","Exact stable ADM3_PCODE mapping; owner approval remains pending"
"LB-XW-D001935BA930","LB-LOC-72234","LB-LOC-72234","72234","LB-GOV-FCD3D044F36B","LB-DIST-73C2DF9AE3DE","","Khirbet Selm","خربة سلم","خربة سلم","SRC-NATIONAL-VILLAGE-MANIFEST","72234","Khirbet Selm","خربة سلم","","","exact-pcode","ADM3_PCODE=72234","1","accepted","none","owner-review-pending","2026-08-06T08:11:43.434Z","Exact stable ADM3_PCODE mapping; owner approval remains pending"
"LB-XW-9E765824F554","LB-LOC-72251","LB-LOC-72251","72251","LB-GOV-FCD3D044F36B","LB-DIST-73C2DF9AE3DE","","Kounine","كونين","كونين","SRC-NATIONAL-VILLAGE-MANIFEST","72251","Kounine","كونين","","","exact-pcode","ADM3_PCODE=72251","1","accepted","none","owner-review-pending","2026-08-06T08:11:43.434Z","Exact stable ADM3_PCODE mapping; owner approval remains pending"
"LB-XW-AFE7BE98E546","LB-LOC-72127","LB-LOC-72127","72127","LB-GOV-FCD3D044F36B","LB-DIST-73C2DF9AE3DE","","Maroun Er-Ras","مارون الراس","مارون الراس","SRC-NATIONAL-VILLAGE-MANIFEST","72127","Maroun Er-Ras","مارون الراس","","","exact-pcode","ADM3_PCODE=72127","1","accepted","none","owner-review-pending","2026-08-06T08:11:43.434Z","Exact stable ADM3_PCODE mapping; owner approval remains pending"
"LB-XW-87358C61AF26","LB-LOC-72261","LB-LOC-72261","72261","LB-GOV-FCD3D044F36B","LB-DIST-73C2DF9AE3DE","","Qalaouiyeh","قلويه","قلويه","SRC-NATIONAL-VILLAGE-MANIFEST","72261","Qalaouiyeh","قلويه","","","exact-pcode","ADM3_PCODE=72261","1","accepted","none","owner-review-pending","2026-08-06T08:11:43.434Z","Exact stable ADM3_PCODE mapping; owner approval remains pending"
"LB-XW-88B452B1131F","LB-LOC-72291","LB-LOC-72291","72291","LB-GOV-FCD3D044F36B","LB-DIST-73C2DF9AE3DE","","Qaouzah","قوزح","قوزح","SRC-NATIONAL-VILLAGE-MANIFEST","72291","Qaouzah","قوزح","","","exact-pcode","ADM3_PCODE=72291","1","accepted","none","owner-review-pending","2026-08-06T08:11:43.434Z","Exact stable ADM3_PCODE mapping; owner approval remains pending"
"LB-XW-AA15693F8DE9","LB-LOC-72175","LB-LOC-72175","72175","LB-GOV-FCD3D044F36B","LB-DIST-73C2DF9AE3DE","","Qatmoun","قطموم","قطموم","SRC-NATIONAL-VILLAGE-MANIFEST","72175","Qatmoun","قطموم","","","exact-pcode","ADM3_PCODE=72175","1","accepted","none","owner-review-pending","2026-08-06T08:11:43.434Z","Exact stable ADM3_PCODE mapping; owner approval remains pending"
"LB-XW-90BAE3F02142","LB-LOC-72271","LB-LOC-72271","72271","LB-GOV-FCD3D044F36B","LB-DIST-73C2DF9AE3DE","","Rachaf","رشاف","رشاف","SRC-NATIONAL-VILLAGE-MANIFEST","72271","Rachaf","رشاف","","","exact-pcode","ADM3_PCODE=72271","1","accepted","none","owner-review-pending","2026-08-06T08:11:43.434Z","Exact stable ADM3_PCODE mapping; owner approval remains pending"
"LB-XW-F0D97BB5110D","LB-LOC-72191","LB-LOC-72191","72191","LB-GOV-FCD3D044F36B","LB-DIST-73C2DF9AE3DE","","Ramyet Bent Jbayl","رامية بنت جبيل","رامية بنت جبيل","SRC-NATIONAL-VILLAGE-MANIFEST","72191","Ramyet Bent Jbayl","رامية بنت جبيل","","","exact-pcode","ADM3_PCODE=72191","1","accepted","none","owner-review-pending","2026-08-06T08:11:43.434Z","Exact stable ADM3_PCODE mapping; owner approval remains pending"
"LB-XW-4ED15A26160D","LB-LOC-72167","LB-LOC-72167","72167","LB-GOV-FCD3D044F36B","LB-DIST-73C2DF9AE3DE","","Rmaich","رميش","رميش","SRC-NATIONAL-VILLAGE-MANIFEST","72167","Rmaich","رميش","","","exact-pcode","ADM3_PCODE=72167","1","accepted","none","owner-review-pending","2026-08-06T08:11:43.434Z","Exact stable ADM3_PCODE mapping; owner approval remains pending"
"LB-XW-F016BC3854BB","LB-LOC-72217","LB-LOC-72217","72217","LB-GOV-FCD3D044F36B","LB-DIST-73C2DF9AE3DE","","Safad Al-Battikh","صفد البطيخ","صفد البطيخ","SRC-NATIONAL-VILLAGE-MANIFEST","72217","Safad Al-Battikh","صفد البطيخ","","","exact-pcode","ADM3_PCODE=72217","1","accepted","none","owner-review-pending","2026-08-06T08:11:43.434Z","Exact stable ADM3_PCODE mapping; owner approval remains pending"
"LB-XW-1E90BBF45B12","LB-LOC-72135","LB-LOC-72135","72135","LB-GOV-FCD3D044F36B","LB-DIST-73C2DF9AE3DE","","Salhani","الصلحاني","الصلحاني","SRC-NATIONAL-VILLAGE-MANIFEST","72135","Salhani","الصلحاني","","","exact-pcode","ADM3_PCODE=72135","1","accepted","none","owner-review-pending","2026-08-06T08:11:43.434Z","Exact stable ADM3_PCODE mapping; owner approval remains pending"
"LB-XW-A88CD4367BBF","LB-LOC-72214","LB-LOC-72214","72214","LB-GOV-FCD3D044F36B","LB-DIST-73C2DF9AE3DE","","Soultaniyet Bent Jbayl","سلطانية","سلطانية","SRC-NATIONAL-VILLAGE-MANIFEST","72214","Soultaniyet Bent Jbayl","سلطانية","","","exact-pcode","ADM3_PCODE=72214","1","accepted","none","owner-review-pending","2026-08-06T08:11:43.434Z","Exact stable ADM3_PCODE mapping; owner approval remains pending"
"LB-XW-A618781CC30C","LB-LOC-72267","LB-LOC-72267","72267","LB-GOV-FCD3D044F36B","LB-DIST-73C2DF9AE3DE","","Srobbine","صربين","صربين","SRC-NATIONAL-VILLAGE-MANIFEST","72267","Srobbine","صربين","","","exact-pcode","ADM3_PCODE=72267","1","accepted","none","owner-review-pending","2026-08-06T08:11:43.434Z","Exact stable ADM3_PCODE mapping; owner approval remains pending"
"LB-XW-7F108DF49490","LB-LOC-72211","LB-LOC-72211","72211","LB-GOV-FCD3D044F36B","LB-DIST-73C2DF9AE3DE","","Tibnine","تبنين","تبنين","SRC-NATIONAL-VILLAGE-MANIFEST","72211","Tibnine","تبنين","","","exact-pcode","ADM3_PCODE=72211","1","accepted","none","owner-review-pending","2026-08-06T08:11:43.434Z","Exact stable ADM3_PCODE mapping; owner approval remains pending"
"LB-XW-1D0ADCA07DC3","LB-LOC-72254","LB-LOC-72254","72254","LB-GOV-FCD3D044F36B","LB-DIST-73C2DF9AE3DE","","Tiri","طيري","طيري","SRC-NATIONAL-VILLAGE-MANIFEST","72254","Tiri","طيري","","","exact-pcode","ADM3_PCODE=72254","1","accepted","none","owner-review-pending","2026-08-06T08:11:43.434Z","Exact stable ADM3_PCODE mapping; owner approval remains pending"
"LB-XW-759E84DD8C35","LB-LOC-72159","LB-LOC-72159","72159","LB-GOV-FCD3D044F36B","LB-DIST-73C2DF9AE3DE","","Yaroun","يارون","يارون","SRC-NATIONAL-VILLAGE-MANIFEST","72159","Yaroun","يارون","","","exact-pcode","ADM3_PCODE=72159","1","accepted","none","owner-review-pending","2026-08-06T08:11:43.434Z","Exact stable ADM3_PCODE mapping; owner approval remains pending"
"LB-XW-54D225238837","LB-LOC-72277","LB-LOC-72277","72277","LB-GOV-FCD3D044F36B","LB-DIST-73C2DF9AE3DE","","Yater","ياطر","ياطر","SRC-NATIONAL-VILLAGE-MANIFEST","72277","Yater","ياطر","","","exact-pcode","ADM3_PCODE=72277","1","accepted","none","owner-review-pending","2026-08-06T08:11:43.434Z","Exact stable ADM3_PCODE mapping; owner approval remains pending"
"LB-XW-2F4FE7DC4DF3","LB-LOC-71351","LB-LOC-71351","71351","LB-GOV-FCD3D044F36B","LB-DIST-F78AE923A8D3","","Aabba","عبا","عبا","SRC-NATIONAL-VILLAGE-MANIFEST","71351","Aabba","عبا","","","exact-pcode","ADM3_PCODE=71351","1","accepted","none","owner-review-pending","2026-08-06T08:11:43.434Z","Exact stable ADM3_PCODE mapping; owner approval remains pending"
"LB-XW-C911C81918DC","LB-LOC-71347","LB-LOC-71347","71347","LB-GOV-FCD3D044F36B","LB-DIST-F78AE923A8D3","","Aadchit Ech-Chqif","عدشيت الشقيف","عدشيت الشقيف","SRC-NATIONAL-VILLAGE-MANIFEST","71347","Aadchit Ech-Chqif","عدشيت الشقيف","","","exact-pcode","ADM3_PCODE=71347","1","accepted","none","owner-review-pending","2026-08-06T08:11:43.434Z","Exact stable ADM3_PCODE mapping; owner approval remains pending"
"LB-XW-5FCF11D60FDD","LB-LOC-71216","LB-LOC-71216","71216","LB-GOV-FCD3D044F36B","LB-DIST-F78AE923A8D3","","Aain Bou Souar","مزرعة عين بوسوار","مزرعة عين بوسوار","SRC-NATIONAL-VILLAGE-MANIFEST","71216","Aain Bou Souar","مزرعة عين بوسوار","","","exact-pcode","ADM3_PCODE=71216","1","accepted","none","owner-review-pending","2026-08-06T08:11:43.434Z","Exact stable ADM3_PCODE mapping; owner approval remains pending"
"LB-XW-04839B4A3B20","LB-LOC-71226","LB-LOC-71226","71226","LB-GOV-FCD3D044F36B","LB-DIST-F78AE923A8D3","","Aain Qana","عين قانا","عين قانا","SRC-NATIONAL-VILLAGE-MANIFEST","71226","Aain Qana","عين قانا","","","exact-pcode","ADM3_PCODE=71226","1","accepted","none","owner-review-pending","2026-08-06T08:11:43.434Z","Exact stable ADM3_PCODE mapping; owner approval remains pending"
"LB-XW-821CE5073282","LB-LOC-71115","LB-LOC-71115","71115","LB-GOV-FCD3D044F36B","LB-DIST-F78AE923A8D3","","Aali Et-Taher","علي الطاهر","علي الطاهر","SRC-NATIONAL-VILLAGE-MANIFEST","71115","Aali Et-Taher","علي الطاهر","","","exact-pcode","ADM3_PCODE=71115","1","accepted","none","owner-review-pending","2026-08-06T08:11:43.434Z","Exact stable ADM3_PCODE mapping; owner approval remains pending"
"LB-XW-E8E9496F8C8E","LB-LOC-71256","LB-LOC-71256","71256","LB-GOV-FCD3D044F36B","LB-DIST-F78AE923A8D3","","Aarab Salim","عرب صاليم","عرب صاليم","SRC-NATIONAL-VILLAGE-MANIFEST","71256","Aarab Salim","عرب صاليم","","","exact-pcode","ADM3_PCODE=71256","1","accepted","none","owner-review-pending","2026-08-06T08:11:43.434Z","Exact stable ADM3_PCODE mapping; owner approval remains pending"
"LB-XW-CC278461407D","LB-LOC-71271","LB-LOC-71271","71271","LB-GOV-FCD3D044F36B","LB-DIST-F78AE923A8D3","","Aazzi","عزه","عزه","SRC-NATIONAL-VILLAGE-MANIFEST","71271","Aazzi","عزه","","","exact-pcode","ADM3_PCODE=71271","1","accepted","none","owner-review-pending","2026-08-06T08:11:43.434Z","Exact stable ADM3_PCODE mapping; owner approval remains pending"
"LB-XW-E51A536D9823","LB-LOC-71361","LB-LOC-71361","71361","LB-GOV-FCD3D044F36B","LB-DIST-F78AE923A8D3","","Ansar","إنصار","انصار","SRC-NATIONAL-VILLAGE-MANIFEST","71361","Ansar","إنصار","","","exact-pcode","ADM3_PCODE=71361","1","accepted","none","owner-review-pending","2026-08-06T08:11:43.434Z","Exact stable ADM3_PCODE mapping; owner approval remains pending"
"LB-XW-E28C9B8C2044","LB-LOC-71377","LB-LOC-71377","71377","LB-GOV-FCD3D044F36B","LB-DIST-F78AE923A8D3","","Arnoun","أرنون","ارنون","SRC-NATIONAL-VILLAGE-MANIFEST","71377","Arnoun","أرنون","","","exact-pcode","ADM3_PCODE=71377","1","accepted","none","owner-review-pending","2026-08-06T08:11:43.434Z","Exact stable ADM3_PCODE mapping; owner approval remains pending"
"LB-XW-0FBA17AA8E44","LB-LOC-71276","LB-LOC-71276","71276","LB-GOV-FCD3D044F36B","LB-DIST-F78AE923A8D3","","Bfaroueh","كفروة أو بفروة","كفروة او بفروة","SRC-NATIONAL-VILLAGE-MANIFEST","71276","Bfaroueh","كفروة أو بفروة","","","exact-pcode","ADM3_PCODE=71276","1","accepted","none","owner-review-pending","2026-08-06T08:11:43.434Z","Exact stable ADM3_PCODE mapping; owner approval remains pending"
"LB-XW-FAFEDCDB4ACC","LB-LOC-71387","LB-LOC-71387","71387","LB-GOV-FCD3D044F36B","LB-DIST-F78AE923A8D3","","Braiqeaa","بريقع","بريقع","SRC-NATIONAL-VILLAGE-MANIFEST","71387","Braiqeaa","بريقع","","","exact-pcode","ADM3_PCODE=71387","1","accepted","none","owner-review-pending","2026-08-06T08:11:43.434Z","Exact stable ADM3_PCODE mapping; owner approval remains pending"
"LB-XW-AB64894C3178","LB-LOC-71321","LB-LOC-71321","71321","LB-GOV-FCD3D044F36B","LB-DIST-F78AE923A8D3","","Charqiyeh","شرقية","شرقية","SRC-NATIONAL-VILLAGE-MANIFEST","71321","Charqiyeh","شرقية","","","exact-pcode","ADM3_PCODE=71321","1","accepted","none","owner-review-pending","2026-08-06T08:11:43.434Z","Exact stable ADM3_PCODE mapping; owner approval remains pending"
"LB-XW-78D39EB0A0F8","LB-LOC-71144","LB-LOC-71144","71144","LB-GOV-FCD3D044F36B","LB-DIST-F78AE923A8D3","","Choukine","شوكين","شوكين","SRC-NATIONAL-VILLAGE-MANIFEST","71144","Choukine","شوكين","","","exact-pcode","ADM3_PCODE=71144","1","accepted","none","owner-review-pending","2026-08-06T08:11:43.434Z","Exact stable ADM3_PCODE mapping; owner approval remains pending"
"LB-XW-F5AA12822A47","LB-LOC-71311","LB-LOC-71311","71311","LB-GOV-FCD3D044F36B","LB-DIST-F78AE923A8D3","","Deir Ez-Zahrani","دير الزهراني","دير الزهراني","SRC-NATIONAL-VILLAGE-MANIFEST","71311","Deir Ez-Zahrani","دير الزهراني","","","exact-pcode","ADM3_PCODE=71311","1","accepted","none","owner-review-pending","2026-08-06T08:11:43.434Z","Exact stable ADM3_PCODE mapping; owner approval remains pending"
"LB-XW-0118DC71E782","LB-LOC-71334","LB-LOC-71334","71334","LB-GOV-FCD3D044F36B","LB-DIST-F78AE923A8D3","","Douair En-Nabatiyeh","الدوير النبطية","الدوير النبطية","SRC-NATIONAL-VILLAGE-MANIFEST","71334","Douair En-Nabatiyeh","الدوير النبطية","","","exact-pcode","ADM3_PCODE=71334","1","accepted","none","owner-review-pending","2026-08-06T08:11:43.434Z","Exact stable ADM3_PCODE mapping; owner approval remains pending"
"LB-XW-B7AF4D625111","LB-LOC-71155","LB-LOC-71155","71155","LB-GOV-FCD3D044F36B","LB-DIST-F78AE923A8D3","","Habbouch En-Nabatiyeh","حبوش","حبوش","SRC-NATIONAL-VILLAGE-MANIFEST","71155","Habbouch En-Nabatiyeh","حبوش","","","exact-pcode","ADM3_PCODE=71155","1","accepted","none","owner-review-pending","2026-08-06T08:11:43.434Z","Exact stable ADM3_PCODE mapping; owner approval remains pending"
"LB-XW-8BC285AE6D45","LB-LOC-71371","LB-LOC-71371","71371","LB-GOV-FCD3D044F36B","LB-DIST-F78AE923A8D3","","Hamra En-Nabattiyeh","الحمرا النبطية","الحمرا النبطية","SRC-NATIONAL-VILLAGE-MANIFEST","71371","Hamra En-Nabattiyeh","الحمرا النبطية","","","exact-pcode","ADM3_PCODE=71371","1","accepted","none","owner-review-pending","2026-08-06T08:11:43.434Z","Exact stable ADM3_PCODE mapping; owner approval remains pending"
"LB-XW-08CCE42A3CC2","LB-LOC-71331","LB-LOC-71331","71331","LB-GOV-FCD3D044F36B","LB-DIST-F78AE923A8D3","","Harouf En-Nabatiyeh","حروف","حروف","SRC-NATIONAL-VILLAGE-MANIFEST","71331","Harouf En-Nabatiyeh","حروف","","","exact-pcode","ADM3_PCODE=71331","1","accepted","none","owner-review-pending","2026-08-06T08:11:43.434Z","Exact stable ADM3_PCODE mapping; owner approval remains pending"
"LB-XW-F5B8E8168B9B","LB-LOC-71251","LB-LOC-71251","71251","LB-GOV-FCD3D044F36B","LB-DIST-F78AE923A8D3","","Hmaileh","حميلة","حميلة","SRC-NATIONAL-VILLAGE-MANIFEST","71251","Hmaileh","حميلة","","","exact-pcode","ADM3_PCODE=71251","1","accepted","none","owner-review-pending","2026-08-06T08:11:43.434Z","Exact stable ADM3_PCODE mapping; owner approval remains pending"
"LB-XW-B08D0FC759F7","LB-LOC-71246","LB-LOC-71246","71246","LB-GOV-FCD3D044F36B","LB-DIST-F78AE923A8D3","","Houmine El-Faouqa","حومين الفوقا","حومين الفوقا","SRC-NATIONAL-VILLAGE-MANIFEST","71246","Houmine El-Faouqa","حومين الفوقا","","","exact-pcode","ADM3_PCODE=71246","1","accepted","none","owner-review-pending","2026-08-06T08:11:43.434Z","Exact stable ADM3_PCODE mapping; owner approval remains pending"
"LB-XW-54723B75EE5F","LB-LOC-71266","LB-LOC-71266","71266","LB-GOV-FCD3D044F36B","LB-DIST-F78AE923A8D3","","Houmine Et-Tahta","حومين التحتا","حومين التحتا","SRC-NATIONAL-VILLAGE-MANIFEST","71266","Houmine Et-Tahta","حومين التحتا","","","exact-pcode","ADM3_PCODE=71266","1","accepted","none","owner-review-pending","2026-08-06T08:11:43.434Z","Exact stable ADM3_PCODE mapping; owner approval remains pending"
"LB-XW-DF957CBBFFFD","LB-LOC-71231","LB-LOC-71231","71231","LB-GOV-FCD3D044F36B","LB-DIST-F78AE923A8D3","","Jarjouaa","جرجوع","جرجوع","SRC-NATIONAL-VILLAGE-MANIFEST","71231","Jarjouaa","جرجوع","","","exact-pcode","ADM3_PCODE=71231","1","accepted","none","owner-review-pending","2026-08-06T08:11:43.434Z","Exact stable ADM3_PCODE mapping; owner approval remains pending"
"LB-XW-08B208AB7647","LB-LOC-71211","LB-LOC-71211","71211","LB-GOV-FCD3D044F36B","LB-DIST-F78AE923A8D3","","Jbaa En-Nabatiyeh","جباع النبطية","جباع النبطية","SRC-NATIONAL-VILLAGE-MANIFEST","71211","Jbaa En-Nabatiyeh","جباع النبطية","","","exact-pcode","ADM3_PCODE=71211","1","accepted","none","owner-review-pending","2026-08-06T08:11:43.434Z","Exact stable ADM3_PCODE mapping; owner approval remains pending"
"LB-XW-21A1568B439C","LB-LOC-71337","LB-LOC-71337","71337","LB-GOV-FCD3D044F36B","LB-DIST-F78AE923A8D3","","Jibchit","جبشيت","جبشيت","SRC-NATIONAL-VILLAGE-MANIFEST","71337","Jibchit","جبشيت","","","exact-pcode","ADM3_PCODE=71337","1","accepted","none","owner-review-pending","2026-08-06T08:11:43.434Z","Exact stable ADM3_PCODE mapping; owner approval remains pending"
"LB-XW-4C39EAC537B1","LB-LOC-71354","LB-LOC-71354","71354","LB-GOV-FCD3D044F36B","LB-DIST-F78AE923A8D3","","Kfar Djal En-Nabatiyeh","كفردجال","كفردجال","SRC-NATIONAL-VILLAGE-MANIFEST","71354","Kfar Djal En-Nabatiyeh","كفردجال","","","exact-pcode","ADM3_PCODE=71354","1","accepted","none","owner-review-pending","2026-08-06T08:11:43.434Z","Exact stable ADM3_PCODE mapping; owner approval remains pending"
"LB-XW-FEDD7C19552C","LB-LOC-71133","LB-LOC-71133","71133","LB-GOV-FCD3D044F36B","LB-DIST-F78AE923A8D3","","Kfar Roummane","كفر رمان","كفر رمان","SRC-NATIONAL-VILLAGE-MANIFEST","71133","Kfar Roummane","كفر رمان","","","exact-pcode","ADM3_PCODE=71133","1","accepted","none","owner-review-pending","2026-08-06T08:11:43.434Z","Exact stable ADM3_PCODE mapping; owner approval remains pending"
"LB-XW-F434199F29AF","LB-LOC-71391","LB-LOC-71391","71391","LB-GOV-FCD3D044F36B","LB-DIST-F78AE923A8D3","","Kfar Sir","كفرصير","كفرصير","SRC-NATIONAL-VILLAGE-MANIFEST","71391","Kfar Sir","كفرصير","","","exact-pcode","ADM3_PCODE=71391","1","accepted","none","owner-review-pending","2026-08-06T08:11:43.434Z","Exact stable ADM3_PCODE mapping; owner approval remains pending"
"LB-XW-D0209CD1217C","LB-LOC-71166","LB-LOC-71166","71166","LB-GOV-FCD3D044F36B","LB-DIST-F78AE923A8D3","","Kfar Tibnit","كفر تبنيت","كفر تبنيت","SRC-NATIONAL-VILLAGE-MANIFEST","71166","Kfar Tibnit","كفر تبنيت","","","exact-pcode","ADM3_PCODE=71166","1","accepted","none","owner-review-pending","2026-08-06T08:11:43.434Z","Exact stable ADM3_PCODE mapping; owner approval remains pending"
"LB-XW-860BB800C77D","LB-LOC-71221","LB-LOC-71221","71221","LB-GOV-FCD3D044F36B","LB-DIST-F78AE923A8D3","","Kfarfila","كفرفيلا","كفرفيلا","SRC-NATIONAL-VILLAGE-MANIFEST","71221","Kfarfila","كفرفيلا","","","exact-pcode","ADM3_PCODE=71221","1","accepted","none","owner-review-pending","2026-08-06T08:11:43.434Z","Exact stable ADM3_PCODE mapping; owner approval remains pending"
"LB-XW-8E52E57643E8","LB-LOC-71177","LB-LOC-71177","71177","LB-GOV-FCD3D044F36B","LB-DIST-F78AE923A8D3","","Kfour En-Nabatieh","الكفور النبطية","الكفور النبطية","SRC-NATIONAL-VILLAGE-MANIFEST","71177","Kfour En-Nabatieh","الكفور النبطية","","","exact-pcode","ADM3_PCODE=71177","1","accepted","none","owner-review-pending","2026-08-06T08:11:43.434Z","Exact stable ADM3_PCODE mapping; owner approval remains pending"
"LB-XW-024E5454D150","LB-LOC-71344","LB-LOC-71344","71344","LB-GOV-FCD3D044F36B","LB-DIST-F78AE923A8D3","","Mayfadoun","ميفدون","ميفدون","SRC-NATIONAL-VILLAGE-MANIFEST","71344","Mayfadoun","ميفدون","","","exact-pcode","ADM3_PCODE=71344","1","accepted","none","owner-review-pending","2026-08-06T08:11:43.434Z","Exact stable ADM3_PCODE mapping; owner approval remains pending"
"LB-XW-2720319E0172","LB-LOC-71386","LB-LOC-71386","71386","LB-GOV-FCD3D044F36B","LB-DIST-F78AE923A8D3","","Mazraat Bsaffour","مزرعة بصفُور","مزرعة بصفور","SRC-NATIONAL-VILLAGE-MANIFEST","71386","Mazraat Bsaffour","مزرعة بصفُور","","","exact-pcode","ADM3_PCODE=71386","1","accepted","none","owner-review-pending","2026-08-06T08:11:43.434Z","Exact stable ADM3_PCODE mapping; owner approval remains pending"
"LB-XW-77A999BD9B08","LB-LOC-71341","LB-LOC-71341","71341","LB-GOV-FCD3D044F36B","LB-DIST-F78AE923A8D3","","Mazraat Chalbaal","مزرعة شلبعل","مزرعة شلبعل","SRC-NATIONAL-VILLAGE-MANIFEST","71341","Mazraat Chalbaal","مزرعة شلبعل","","","exact-pcode","ADM3_PCODE=71341","1","accepted","none","owner-review-pending","2026-08-06T08:11:43.434Z","Exact stable ADM3_PCODE mapping; owner approval remains pending"
"LB-XW-01C6718ECE47","LB-LOC-71357","LB-LOC-71357","71357","LB-GOV-FCD3D044F36B","LB-DIST-F78AE923A8D3","","Mazraat Dmoul","مزرعة دمول","مزرعة دمول","SRC-NATIONAL-VILLAGE-MANIFEST","71357","Mazraat Dmoul","مزرعة دمول","","","exact-pcode","ADM3_PCODE=71357","1","accepted","none","owner-review-pending","2026-08-06T08:11:43.434Z","Exact stable ADM3_PCODE mapping; owner approval remains pending"
"LB-XW-4B1C87B44566","LB-LOC-71314","LB-LOC-71314","71314","LB-GOV-FCD3D044F36B","LB-DIST-F78AE923A8D3","","Mazraat El-Bayad En-Nabatieh","مزرعة البياض","مزرعة البياض","SRC-NATIONAL-VILLAGE-MANIFEST","71314","Mazraat El-Bayad En-Nabatieh","مزرعة البياض","","","exact-pcode","ADM3_PCODE=71314","1","accepted","none","owner-review-pending","2026-08-06T08:11:43.434Z","Exact stable ADM3_PCODE mapping; owner approval remains pending"
"LB-XW-A75604992EDF","LB-LOC-71117","LB-LOC-71117","71117","LB-GOV-FCD3D044F36B","LB-DIST-F78AE923A8D3","","Mazraat Kfarjaouz","مزرعة كفر جوز","مزرعة كفر جوز","SRC-NATIONAL-VILLAGE-MANIFEST","71117","Mazraat Kfarjaouz","مزرعة كفر جوز","","","exact-pcode","ADM3_PCODE=71117","1","accepted","none","owner-review-pending","2026-08-06T08:11:43.434Z","Exact stable ADM3_PCODE mapping; owner approval remains pending"
"LB-XW-76AFFA5C3491","LB-LOC-71384","LB-LOC-71384","71384","LB-GOV-FCD3D044F36B","LB-DIST-F78AE923A8D3","","Mazraat Qalaat El-Meis","مزرعة قلعة ميس","مزرعة قلعة ميس","SRC-NATIONAL-VILLAGE-MANIFEST","71384","Mazraat Qalaat El-Meis","مزرعة قلعة ميس","","","exact-pcode","ADM3_PCODE=71384","1","accepted","none","owner-review-pending","2026-08-06T08:11:43.434Z","Exact stable ADM3_PCODE mapping; owner approval remains pending"
"LB-XW-39E745C91D0C","LB-LOC-71241","LB-LOC-71241","71241","LB-GOV-FCD3D044F36B","LB-DIST-F78AE923A8D3","","Mzaraat El-Khreibeh","مزرعة الخريبة","مزرعة الخريبة","SRC-NATIONAL-VILLAGE-MANIFEST","71241","Mzaraat El-Khreibeh","مزرعة الخريبة","","","exact-pcode","ADM3_PCODE=71241","1","accepted","none","owner-review-pending","2026-08-06T08:11:43.434Z","Exact stable ADM3_PCODE mapping; owner approval remains pending"
"LB-XW-AE87FF296F8E","LB-LOC-71111","LB-LOC-71111","71111","LB-GOV-FCD3D044F36B","LB-DIST-F78AE923A8D3","","Nabatieh Et-Tahta","نبطية التحتا","نبطية التحتا","SRC-NATIONAL-VILLAGE-MANIFEST","71111","Nabatieh Et-Tahta","نبطية التحتا","","","exact-pcode","ADM3_PCODE=71111","1","accepted","none","owner-review-pending","2026-08-06T08:11:43.434Z","Exact stable ADM3_PCODE mapping; owner approval remains pending"
"LB-XW-BB4BFA0143D7","LB-LOC-71113","LB-LOC-71113","71113","LB-GOV-FCD3D044F36B","LB-DIST-F78AE923A8D3","","Nabatiyeh El-Faouka","نبطية الفوقا","نبطية الفوقا","SRC-NATIONAL-VILLAGE-MANIFEST","71113","Nabatiyeh El-Faouka","نبطية الفوقا","","","exact-pcode","ADM3_PCODE=71113","1","accepted","none","owner-review-pending","2026-08-06T08:11:43.434Z","Exact stable ADM3_PCODE mapping; owner approval remains pending"
"LB-XW-5D5C5B5BE9D0","LB-LOC-71327","LB-LOC-71327","71327","LB-GOV-FCD3D044F36B","LB-DIST-F78AE923A8D3","","Nmairiyeh","نميرية","نميرية","SRC-NATIONAL-VILLAGE-MANIFEST","71327","Nmairiyeh","نميرية","","","exact-pcode","ADM3_PCODE=71327","1","accepted","none","owner-review-pending","2026-08-06T08:11:43.434Z","Exact stable ADM3_PCODE mapping; owner approval remains pending"
"LB-XW-4A41C828BD16","LB-LOC-71381","LB-LOC-71381","71381","LB-GOV-FCD3D044F36B","LB-DIST-F78AE923A8D3","","Qaaqaaiyet Ej-Jisr","قعقعية الجسر","قعقعية الجسر","SRC-NATIONAL-VILLAGE-MANIFEST","71381","Qaaqaaiyet Ej-Jisr","قعقعية الجسر","","","exact-pcode","ADM3_PCODE=71381","1","accepted","none","owner-review-pending","2026-08-06T08:11:43.434Z","Exact stable ADM3_PCODE mapping; owner approval remains pending"
"LB-XW-213292448672","LB-LOC-71374","LB-LOC-71374","71374","LB-GOV-FCD3D044F36B","LB-DIST-F78AE923A8D3","","Qsaibet En-Nabatiyeh","قصيبة النبطية","قصيبة النبطية","SRC-NATIONAL-VILLAGE-MANIFEST","71374","Qsaibet En-Nabatiyeh","قصيبة النبطية","","","exact-pcode","ADM3_PCODE=71374","1","accepted","none","owner-review-pending","2026-08-06T08:11:43.434Z","Exact stable ADM3_PCODE mapping; owner approval remains pending"
"LB-XW-D78F61E49940","LB-LOC-71261","LB-LOC-71261","71261","LB-GOV-FCD3D044F36B","LB-DIST-F78AE923A8D3","","Roumine","رومين","رومين","SRC-NATIONAL-VILLAGE-MANIFEST","71261","Roumine","رومين","","","exact-pcode","ADM3_PCODE=71261","1","accepted","none","owner-review-pending","2026-08-06T08:11:43.434Z","Exact stable ADM3_PCODE mapping; owner approval remains pending"
"LB-XW-9A9D14161611","LB-LOC-71236","LB-LOC-71236","71236","LB-GOV-FCD3D044F36B","LB-DIST-F78AE923A8D3","","Sarba En-Nabatieh","صربا النبطية","صربا النبطية","SRC-NATIONAL-VILLAGE-MANIFEST","71236","Sarba En-Nabatieh","صربا النبطية","","","exact-pcode","ADM3_PCODE=71236","1","accepted","none","owner-review-pending","2026-08-06T08:11:43.434Z","Exact stable ADM3_PCODE mapping; owner approval remains pending"
"LB-XW-235040E37E13","LB-LOC-71397","LB-LOC-71397","71397","LB-GOV-FCD3D044F36B","LB-DIST-F78AE923A8D3","","Sir El-Gharbiyeh","صير الغربية","صير الغربية","SRC-NATIONAL-VILLAGE-MANIFEST","71397","Sir El-Gharbiyeh","صير الغربية","","","exact-pcode","ADM3_PCODE=71397","1","accepted","none","owner-review-pending","2026-08-06T08:11:43.434Z","Exact stable ADM3_PCODE mapping; owner approval remains pending"
"LB-XW-24A52840AAA9","LB-LOC-71324","LB-LOC-71324","71324","LB-GOV-FCD3D044F36B","LB-DIST-F78AE923A8D3","","Toul","تول","تول","SRC-NATIONAL-VILLAGE-MANIFEST","71324","Toul","تول","","","exact-pcode","ADM3_PCODE=71324","1","accepted","none","owner-review-pending","2026-08-06T08:11:43.434Z","Exact stable ADM3_PCODE mapping; owner approval remains pending"
"LB-XW-0F1F81D34209","LB-LOC-71394","LB-LOC-71394","71394","LB-GOV-FCD3D044F36B","LB-DIST-F78AE923A8D3","","Yohmor En-Nabatiyeh","يحمر","يحمر","SRC-NATIONAL-VILLAGE-MANIFEST","71394","Yohmor En-Nabatiyeh","يحمر","","","exact-pcode","ADM3_PCODE=71394","1","accepted","none","owner-review-pending","2026-08-06T08:11:43.434Z","Exact stable ADM3_PCODE mapping; owner approval remains pending"
"LB-XW-BFD09243CCFC","LB-LOC-71367","LB-LOC-71367","71367","LB-GOV-FCD3D044F36B","LB-DIST-F78AE923A8D3","","Zaoutar Ech-Charqiyeh","زوطر الشرقية","زوطر الشرقية","SRC-NATIONAL-VILLAGE-MANIFEST","71367","Zaoutar Ech-Charqiyeh","زوطر الشرقية","","","exact-pcode","ADM3_PCODE=71367","1","accepted","none","owner-review-pending","2026-08-06T08:11:43.434Z","Exact stable ADM3_PCODE mapping; owner approval remains pending"
"LB-XW-F44283B2C4C9","LB-LOC-71364","LB-LOC-71364","71364","LB-GOV-FCD3D044F36B","LB-DIST-F78AE923A8D3","","Zaoutar El-Gharbiyeh","زوطر الغربية","زوطر الغربية","SRC-NATIONAL-VILLAGE-MANIFEST","71364","Zaoutar El-Gharbiyeh","زوطر الغربية","","","exact-pcode","ADM3_PCODE=71364","1","accepted","none","owner-review-pending","2026-08-06T08:11:43.434Z","Exact stable ADM3_PCODE mapping; owner approval remains pending"
"LB-XW-2923D87013A2","LB-LOC-71281","LB-LOC-71281","71281","LB-GOV-FCD3D044F36B","LB-DIST-F78AE923A8D3","","Zefta","زفتا","زفتا","SRC-NATIONAL-VILLAGE-MANIFEST","71281","Zefta","زفتا","","","exact-pcode","ADM3_PCODE=71281","1","accepted","none","owner-review-pending","2026-08-06T08:11:43.434Z","Exact stable ADM3_PCODE mapping; owner approval remains pending"
"LB-XW-DB0A9271F97D","LB-LOC-71122","LB-LOC-71122","71122","LB-GOV-FCD3D044F36B","LB-DIST-F78AE923A8D3","","Zibdine En-Nabatiyeh","زبدين النبطية","زبدين النبطية","SRC-NATIONAL-VILLAGE-MANIFEST","71122","Zibdine En-Nabatiyeh","زبدين النبطية","","","exact-pcode","ADM3_PCODE=71122","1","accepted","none","owner-review-pending","2026-08-06T08:11:43.434Z","Exact stable ADM3_PCODE mapping; owner approval remains pending"
"LB-XW-178578C1810F","LB-LOC-74114","LB-LOC-74114","74114","LB-GOV-FCD3D044F36B","LB-DIST-08F50C3578A8","","Aain Jarfa","عين جرفا","عين جرفا","SRC-NATIONAL-VILLAGE-MANIFEST","74114","Aain Jarfa","عين جرفا","","","exact-pcode","ADM3_PCODE=74114","1","accepted","none","owner-review-pending","2026-08-06T08:11:43.434Z","Exact stable ADM3_PCODE mapping; owner approval remains pending"
"LB-XW-863B8F046475","LB-LOC-74126","LB-LOC-74126","74126","LB-GOV-FCD3D044F36B","LB-DIST-08F50C3578A8","","Aain Qinia","عين قنيا","عين قنيا","SRC-NATIONAL-VILLAGE-MANIFEST","74126","Aain Qinia","عين قنيا","","","exact-pcode","ADM3_PCODE=74126","1","accepted","none","owner-review-pending","2026-08-06T08:11:43.434Z","Exact stable ADM3_PCODE mapping; owner approval remains pending"
"LB-XW-D057A73F5E87","LB-LOC-74112","LB-LOC-74112","74112","LB-GOV-FCD3D044F36B","LB-DIST-08F50C3578A8","","Abou Qamha","أبو قمحة","ابو قمحة","SRC-NATIONAL-VILLAGE-MANIFEST","74112","Abou Qamha","أبو قمحة","","","exact-pcode","ADM3_PCODE=74112","1","accepted","none","owner-review-pending","2026-08-06T08:11:43.434Z","Exact stable ADM3_PCODE mapping; owner approval remains pending"
"LB-XW-A28AC0AB8CBD","LB-LOC-74155","LB-LOC-74155","74155","LB-GOV-FCD3D044F36B","LB-DIST-08F50C3578A8","","Bourghos","برغز","برغز","SRC-NATIONAL-VILLAGE-MANIFEST","74155","Bourghos","برغز","","","exact-pcode","ADM3_PCODE=74155","1","accepted","none","owner-review-pending","2026-08-06T08:11:43.434Z","Exact stable ADM3_PCODE mapping; owner approval remains pending"
"LB-XW-4327015CB712","LB-LOC-74130","LB-LOC-74130","74130","LB-GOV-FCD3D044F36B","LB-DIST-08F50C3578A8","","Chebaa","شبعا","شبعا","SRC-NATIONAL-VILLAGE-MANIFEST","74130","Chebaa","شبعا","","","exact-pcode","ADM3_PCODE=74130","1","accepted","none","owner-review-pending","2026-08-06T08:11:43.434Z","Exact stable ADM3_PCODE mapping; owner approval remains pending"
"LB-XW-B0ADE9F9C072","LB-LOC-74124","LB-LOC-74124","74124","LB-GOV-FCD3D044F36B","LB-DIST-08F50C3578A8","","Chouaya Hasbaiya","شويّا","شويا","SRC-NATIONAL-VILLAGE-MANIFEST","74124","Chouaya Hasbaiya","شويّا","","","exact-pcode","ADM3_PCODE=74124","1","accepted","none","owner-review-pending","2026-08-06T08:11:43.434Z","Exact stable ADM3_PCODE mapping; owner approval remains pending"
"LB-XW-CB148868DE63","LB-LOC-74179","LB-LOC-74179","74179","LB-GOV-FCD3D044F36B","LB-DIST-08F50C3578A8","","Dellafeh","دلافة","دلافة","SRC-NATIONAL-VILLAGE-MANIFEST","74179","Dellafeh","دلافة","","","exact-pcode","ADM3_PCODE=74179","1","accepted","none","owner-review-pending","2026-08-06T08:11:43.434Z","Exact stable ADM3_PCODE mapping; owner approval remains pending"
"LB-XW-FD0F05FC34F4","LB-LOC-74116","LB-LOC-74116","74116","LB-GOV-FCD3D044F36B","LB-DIST-08F50C3578A8","","Fardis Hasbaiya","الفرديس","الفرديس","SRC-NATIONAL-VILLAGE-MANIFEST","74116","Fardis Hasbaiya","الفرديس","","","exact-pcode","ADM3_PCODE=74116","1","accepted","none","owner-review-pending","2026-08-06T08:11:43.434Z","Exact stable ADM3_PCODE mapping; owner approval remains pending"
"LB-XW-8D87B1FDF44B","LB-LOC-74111","LB-LOC-74111","74111","LB-GOV-FCD3D044F36B","LB-DIST-08F50C3578A8","","Hasbaiya","حاصبيّا","حاصبيا","SRC-NATIONAL-VILLAGE-MANIFEST","74111","Hasbaiya","حاصبيّا","","","exact-pcode","ADM3_PCODE=74111","1","accepted","none","owner-review-pending","2026-08-06T08:11:43.434Z","Exact stable ADM3_PCODE mapping; owner approval remains pending"
"LB-XW-4CB0E798A145","LB-LOC-74122","LB-LOC-74122","74122","LB-GOV-FCD3D044F36B","LB-DIST-08F50C3578A8","","Hebbariyeh","هبّارية","هبارية","SRC-NATIONAL-VILLAGE-MANIFEST","74122","Hebbariyeh","هبّارية","","","exact-pcode","ADM3_PCODE=74122","1","accepted","none","owner-review-pending","2026-08-06T08:11:43.434Z","Exact stable ADM3_PCODE mapping; owner approval remains pending"
"LB-XW-DEDCA5926C25","LB-LOC-74133","LB-LOC-74133","74133","LB-GOV-FCD3D044F36B","LB-DIST-08F50C3578A8","","Kaoukaba Hasbaiya","كوكبا حاصبيّا","كوكبا حاصبيا","SRC-NATIONAL-VILLAGE-MANIFEST","74133","Kaoukaba Hasbaiya","كوكبا حاصبيّا","","","exact-pcode","ADM3_PCODE=74133","1","accepted","none","owner-review-pending","2026-08-06T08:11:43.434Z","Exact stable ADM3_PCODE mapping; owner approval remains pending"
"LB-XW-732F4C4E16D3","LB-LOC-74160","LB-LOC-74160","74160","LB-GOV-FCD3D044F36B","LB-DIST-08F50C3578A8","","Kfar Chouba","كفر شوبا","كفر شوبا","SRC-NATIONAL-VILLAGE-MANIFEST","74160","Kfar Chouba","كفر شوبا","","","exact-pcode","ADM3_PCODE=74160","1","accepted","none","owner-review-pending","2026-08-06T08:11:43.434Z","Exact stable ADM3_PCODE mapping; owner approval remains pending"
"LB-XW-8BD63797281A","LB-LOC-74120","LB-LOC-74120","74120","LB-GOV-FCD3D044F36B","LB-DIST-08F50C3578A8","","Kfar Hamam","كفرحمام","كفرحمام","SRC-NATIONAL-VILLAGE-MANIFEST","74120","Kfar Hamam","كفرحمام","","","exact-pcode","ADM3_PCODE=74120","1","accepted","none","owner-review-pending","2026-08-06T08:11:43.434Z","Exact stable ADM3_PCODE mapping; owner approval remains pending"
"LB-XW-469CC5DFD164","LB-LOC-74175","LB-LOC-74175","74175","LB-GOV-FCD3D044F36B","LB-DIST-08F50C3578A8","","Kfayr Ez-Zait","كفير الزيت","كفير الزيت","SRC-NATIONAL-VILLAGE-MANIFEST","74175","Kfayr Ez-Zait","كفير الزيت","","","exact-pcode","ADM3_PCODE=74175","1","accepted","none","owner-review-pending","2026-08-06T08:11:43.434Z","Exact stable ADM3_PCODE mapping; owner approval remains pending"
"LB-XW-599F26ECB293","LB-LOC-74168","LB-LOC-74168","74168","LB-GOV-FCD3D044F36B","LB-DIST-08F50C3578A8","","Khalouet Hasbaiya","خلوات حاصبيّا","خلوات حاصبيا","SRC-NATIONAL-VILLAGE-MANIFEST","74168","Khalouet Hasbaiya","خلوات حاصبيّا","","","exact-pcode","ADM3_PCODE=74168","1","accepted","none","owner-review-pending","2026-08-06T08:11:43.434Z","Exact stable ADM3_PCODE mapping; owner approval remains pending"
"LB-XW-D39A9B41B09D","LB-LOC-74181","LB-LOC-74181","74181","LB-GOV-FCD3D044F36B","LB-DIST-08F50C3578A8","","Khreibet Hasbaiya","خريبة حاصبيّا","خريبة حاصبيا","SRC-NATIONAL-VILLAGE-MANIFEST","74181","Khreibet Hasbaiya","خريبة حاصبيّا","","","exact-pcode","ADM3_PCODE=74181","1","accepted","none","owner-review-pending","2026-08-06T08:11:43.434Z","Exact stable ADM3_PCODE mapping; owner approval remains pending"
"LB-XW-255AAAA79330","LB-LOC-74177","LB-LOC-74177","74177","LB-GOV-FCD3D044F36B","LB-DIST-08F50C3578A8","","Majidiyeh Hasbaiya","مجيدية حاصبيا","مجيدية حاصبيا","SRC-NATIONAL-VILLAGE-MANIFEST","74177","Majidiyeh Hasbaiya","مجيدية حاصبيا","","","exact-pcode","ADM3_PCODE=74177","1","accepted","none","owner-review-pending","2026-08-06T08:11:43.434Z","Exact stable ADM3_PCODE mapping; owner approval remains pending"
"LB-XW-17E967F9169B","LB-LOC-74131","LB-LOC-74131","74131","LB-GOV-FCD3D044F36B","LB-DIST-08F50C3578A8","","Marj Ez-Zouhour (Haouch El-Qinnaabeh)","مرج الزهور الدنيبة","مرج الزهور الدنيبة","SRC-NATIONAL-VILLAGE-MANIFEST","74131","Marj Ez-Zouhour (Haouch El-Qinnaabeh)","مرج الزهور الدنيبة","","","exact-pcode","ADM3_PCODE=74131","1","accepted","none","owner-review-pending","2026-08-06T08:11:43.434Z","Exact stable ADM3_PCODE mapping; owner approval remains pending"
"LB-XW-A2821F0C6519","LB-LOC-74128","LB-LOC-74128","74128","LB-GOV-FCD3D044F36B","LB-DIST-08F50C3578A8","","Meimes","ميمس","ميمس","SRC-NATIONAL-VILLAGE-MANIFEST","74128","Meimes","ميمس","","","exact-pcode","ADM3_PCODE=74128","1","accepted","none","owner-review-pending","2026-08-06T08:11:43.434Z","Exact stable ADM3_PCODE mapping; owner approval remains pending"
"LB-XW-C100FDBE13AD","LB-LOC-74158","LB-LOC-74158","74158","LB-GOV-FCD3D044F36B","LB-DIST-08F50C3578A8","","Meri","ماري","ماري","SRC-NATIONAL-VILLAGE-MANIFEST","74158","Meri","ماري","","","exact-pcode","ADM3_PCODE=74158","1","accepted","none","owner-review-pending","2026-08-06T08:11:43.434Z","Exact stable ADM3_PCODE mapping; owner approval remains pending"
"LB-XW-579BBC1CC59F","LB-LOC-74118","LB-LOC-74118","74118","LB-GOV-FCD3D044F36B","LB-DIST-08F50C3578A8","","Rachaiya El-Foukhar","راشيّا الفخار","راشيا الفخار","SRC-NATIONAL-VILLAGE-MANIFEST","74118","Rachaiya El-Foukhar","راشيّا الفخار","","","exact-pcode","ADM3_PCODE=74118","1","accepted","none","owner-review-pending","2026-08-06T08:11:43.434Z","Exact stable ADM3_PCODE mapping; owner approval remains pending"
"LB-XW-832764CCF266","LB-LOC-74141","LB-LOC-74141","74141","LB-GOV-FCD3D044F36B","LB-DIST-08F50C3578A8","","Salaiyeb","صلايب","صلايب","SRC-NATIONAL-VILLAGE-MANIFEST","74141","Salaiyeb","صلايب","","","exact-pcode","ADM3_PCODE=74141","1","accepted","none","owner-review-pending","2026-08-06T08:11:43.434Z","Exact stable ADM3_PCODE mapping; owner approval remains pending"
"LB-XW-02F821D3C43B","LB-LOC-73211","LB-LOC-73211","73211","LB-GOV-FCD3D044F36B","LB-DIST-4843EFFE7408","","Aadaysseh Marjaayoun","عديسة مرجعيون","عديسة مرجعيون","SRC-NATIONAL-VILLAGE-MANIFEST","73211","Aadaysseh Marjaayoun","عديسة مرجعيون","","","exact-pcode","ADM3_PCODE=73211","1","accepted","none","owner-review-pending","2026-08-06T08:11:43.434Z","Exact stable ADM3_PCODE mapping; owner approval remains pending"
"LB-XW-1E7FAAB04D61","LB-LOC-73256","LB-LOC-73256","73256","LB-GOV-FCD3D044F36B","LB-DIST-4843EFFE7408","","Aadchit El-Qoussair","عدشيت القصير","عدشيت القصير","SRC-NATIONAL-VILLAGE-MANIFEST","73256","Aadchit El-Qoussair","عدشيت القصير","","","exact-pcode","ADM3_PCODE=73256","1","accepted","none","owner-review-pending","2026-08-06T08:11:43.434Z","Exact stable ADM3_PCODE mapping; owner approval remains pending"
"LB-XW-C2E4062156FE","LB-LOC-73162","LB-LOC-73162","73162","LB-GOV-FCD3D044F36B","LB-DIST-4843EFFE7408","","Aain Aarab Marjaayoun","عين عرب مرجعيون","عين عرب مرجعيون","SRC-NATIONAL-VILLAGE-MANIFEST","73162","Aain Aarab Marjaayoun","عين عرب مرجعيون","","","exact-pcode","ADM3_PCODE=73162","1","accepted","none","owner-review-pending","2026-08-06T08:11:43.434Z","Exact stable ADM3_PCODE mapping; owner approval remains pending"
"LB-XW-978E2BE4CB77","LB-LOC-73293","LB-LOC-73293","73293","LB-GOV-FCD3D044F36B","LB-DIST-4843EFFE7408","","Aalmane Marjaayoun","علمانة","علمانة","SRC-NATIONAL-VILLAGE-MANIFEST","73293","Aalmane Marjaayoun","علمانة","","","exact-pcode","ADM3_PCODE=73293","1","accepted","none","owner-review-pending","2026-08-06T08:11:43.434Z","Exact stable ADM3_PCODE mapping; owner approval remains pending"
"LB-XW-3256691B26B9","LB-LOC-73191","LB-LOC-73191","73191","LB-GOV-FCD3D044F36B","LB-DIST-4843EFFE7408","","Aamra","عمرة","عمرة","SRC-NATIONAL-VILLAGE-MANIFEST","73191","Aamra","عمرة","","","exact-pcode","ADM3_PCODE=73191","1","accepted","none","owner-review-pending","2026-08-06T08:11:43.434Z","Exact stable ADM3_PCODE mapping; owner approval remains pending"
"LB-XW-FB485402BD49","LB-LOC-73226","LB-LOC-73226","73226","LB-GOV-FCD3D044F36B","LB-DIST-4843EFFE7408","","Bany haiyane","بني حيان","بني حيان","SRC-NATIONAL-VILLAGE-MANIFEST","73226","Bany haiyane","بني حيان","","","exact-pcode","ADM3_PCODE=73226","1","accepted","none","owner-review-pending","2026-08-06T08:11:43.434Z","Exact stable ADM3_PCODE mapping; owner approval remains pending"
"LB-XW-17ECBB84A6D1","LB-LOC-73135","LB-LOC-73135","73135","LB-GOV-FCD3D044F36B","LB-DIST-4843EFFE7408","","Blat Marjaayoun","بلاط مرجعيون","بلاط مرجعيون","SRC-NATIONAL-VILLAGE-MANIFEST","73135","Blat Marjaayoun","بلاط مرجعيون","","","exact-pcode","ADM3_PCODE=73135","1","accepted","none","owner-review-pending","2026-08-06T08:11:43.434Z","Exact stable ADM3_PCODE mapping; owner approval remains pending"
"LB-XW-ABF8FBEDF13B","LB-LOC-73288","LB-LOC-73288","73288","LB-GOV-FCD3D044F36B","LB-DIST-4843EFFE7408","","Blida","بليدا","بليدا","SRC-NATIONAL-VILLAGE-MANIFEST","73288","Blida","بليدا","","","exact-pcode","ADM3_PCODE=73288","1","accepted","none","owner-review-pending","2026-08-06T08:11:43.434Z","Exact stable ADM3_PCODE mapping; owner approval remains pending"
"LB-XW-43792DEBED48","LB-LOC-73146","LB-LOC-73146","73146","LB-GOV-FCD3D044F36B","LB-DIST-4843EFFE7408","","Borj El-Moulouk","برج الملوك","برج الملوك","SRC-NATIONAL-VILLAGE-MANIFEST","73146","Borj El-Moulouk","برج الملوك","","","exact-pcode","ADM3_PCODE=73146","1","accepted","none","owner-review-pending","2026-08-06T08:11:43.434Z","Exact stable ADM3_PCODE mapping; owner approval remains pending"
"LB-XW-A709F91F9879","LB-LOC-73116","LB-LOC-73116","73116","LB-GOV-FCD3D044F36B","LB-DIST-4843EFFE7408","","Boueyda Marjaayoun","بويضة مرجعيون","بويضة مرجعيون","SRC-NATIONAL-VILLAGE-MANIFEST","73116","Boueyda Marjaayoun","بويضة مرجعيون","","","exact-pcode","ADM3_PCODE=73116","1","accepted","none","owner-review-pending","2026-08-06T08:11:43.434Z","Exact stable ADM3_PCODE mapping; owner approval remains pending"
"LB-XW-D1594F64B436","LB-LOC-73167","LB-LOC-73167","73167","LB-GOV-FCD3D044F36B","LB-DIST-4843EFFE7408","","Deir Mimas","دير ميماس","دير ميماس","SRC-NATIONAL-VILLAGE-MANIFEST","73167","Deir Mimas","دير ميماس","","","exact-pcode","ADM3_PCODE=73167","1","accepted","none","owner-review-pending","2026-08-06T08:11:43.434Z","Exact stable ADM3_PCODE mapping; owner approval remains pending"
"LB-XW-565DDE4A7260","LB-LOC-73230","LB-LOC-73230","73230","LB-GOV-FCD3D044F36B","LB-DIST-4843EFFE7408","","Deir Siriane","دير سريان","دير سريان","SRC-NATIONAL-VILLAGE-MANIFEST","73230","Deir Siriane","دير سريان","","","exact-pcode","ADM3_PCODE=73230","1","accepted","none","owner-review-pending","2026-08-06T08:11:43.434Z","Exact stable ADM3_PCODE mapping; owner approval remains pending"
"LB-XW-EAF159517D73","LB-LOC-73119","LB-LOC-73119","73119","LB-GOV-FCD3D044F36B","LB-DIST-4843EFFE7408","","Dibbine","دبين","دبين","SRC-NATIONAL-VILLAGE-MANIFEST","73119","Dibbine","دبين","","","exact-pcode","ADM3_PCODE=73119","1","accepted","none","owner-review-pending","2026-08-06T08:11:43.434Z","Exact stable ADM3_PCODE mapping; owner approval remains pending"
"LB-XW-63BAB6989DE0","LB-LOC-73234","LB-LOC-73234","73234","LB-GOV-FCD3D044F36B","LB-DIST-4843EFFE7408","","Houla","حولا","حولا","SRC-NATIONAL-VILLAGE-MANIFEST","73234","Houla","حولا","","","exact-pcode","ADM3_PCODE=73234","1","accepted","none","owner-review-pending","2026-08-06T08:11:43.434Z","Exact stable ADM3_PCODE mapping; owner approval remains pending"
"LB-XW-802BC761D1C2","LB-LOC-73183","LB-LOC-73183","73183","LB-GOV-FCD3D044F36B","LB-DIST-4843EFFE7408","","Houra","حوره","حوره","SRC-NATIONAL-VILLAGE-MANIFEST","73183","Houra","حوره","","","exact-pcode","ADM3_PCODE=73183","1","accepted","none","owner-review-pending","2026-08-06T08:11:43.434Z","Exact stable ADM3_PCODE mapping; owner approval remains pending"
"LB-XW-DFED7426327B","LB-LOC-73127","LB-LOC-73127","73127","LB-GOV-FCD3D044F36B","LB-DIST-4843EFFE7408","","Ibl Es-Saqi","إبل السقي","ابل السقي","SRC-NATIONAL-VILLAGE-MANIFEST","73127","Ibl Es-Saqi","إبل السقي","","","exact-pcode","ADM3_PCODE=73127","1","accepted","none","owner-review-pending","2026-08-06T08:11:43.434Z","Exact stable ADM3_PCODE mapping; owner approval remains pending"
"LB-XW-0ED5381270BC","LB-LOC-73228","LB-LOC-73228","73228","LB-GOV-FCD3D044F36B","LB-DIST-4843EFFE7408","","Kfar Kila","كفركيلا","كفركيلا","SRC-NATIONAL-VILLAGE-MANIFEST","73228","Kfar Kila","كفركيلا","","","exact-pcode","ADM3_PCODE=73228","1","accepted","none","owner-review-pending","2026-08-06T08:11:43.434Z","Exact stable ADM3_PCODE mapping; owner approval remains pending"
"LB-XW-7DBF6E9ED156","LB-LOC-73159","LB-LOC-73159","73159","LB-GOV-FCD3D044F36B","LB-DIST-4843EFFE7408","","Khiyam Marjaayoun","الخيام","الخيام","SRC-NATIONAL-VILLAGE-MANIFEST","73159","Khiyam Marjaayoun","الخيام","","","exact-pcode","ADM3_PCODE=73159","1","accepted","none","owner-review-pending","2026-08-06T08:11:43.434Z","Exact stable ADM3_PCODE mapping; owner approval remains pending"
"LB-XW-CB4C816C9D60","LB-LOC-73279","LB-LOC-73279","73279","LB-GOV-FCD3D044F36B","LB-DIST-4843EFFE7408","","Majdel Selm","مجدل سلم","مجدل سلم","SRC-NATIONAL-VILLAGE-MANIFEST","73279","Majdel Selm","مجدل سلم","","","exact-pcode","ADM3_PCODE=73279","1","accepted","none","owner-review-pending","2026-08-06T08:11:43.434Z","Exact stable ADM3_PCODE mapping; owner approval remains pending"
"LB-XW-06024EA9F1B5","LB-LOC-73111","LB-LOC-73111","73111","LB-GOV-FCD3D044F36B","LB-DIST-4843EFFE7408","","Marjaayoun","مرجعيون","مرجعيون","SRC-NATIONAL-VILLAGE-MANIFEST","73111","Marjaayoun","مرجعيون","","","exact-pcode","ADM3_PCODE=73111","1","accepted","none","owner-review-pending","2026-08-06T08:11:43.434Z","Exact stable ADM3_PCODE mapping; owner approval remains pending"
"LB-XW-A702B78F736D","LB-LOC-73245","LB-LOC-73245","73245","LB-GOV-FCD3D044F36B","LB-DIST-4843EFFE7408","","Markaba","مركبا","مركبا","SRC-NATIONAL-VILLAGE-MANIFEST","73245","Markaba","مركبا","","","exact-pcode","ADM3_PCODE=73245","1","accepted","none","owner-review-pending","2026-08-06T08:11:43.434Z","Exact stable ADM3_PCODE mapping; owner approval remains pending"
"LB-XW-B6C0E1EDE60F","LB-LOC-73143","LB-LOC-73143","73143","LB-GOV-FCD3D044F36B","LB-DIST-4843EFFE7408","","Mazraat Doumiat","مزرعة دمياط","مزرعة دمياط","SRC-NATIONAL-VILLAGE-MANIFEST","73143","Mazraat Doumiat","مزرعة دمياط","","","exact-pcode","ADM3_PCODE=73143","1","accepted","none","owner-review-pending","2026-08-06T08:11:43.434Z","Exact stable ADM3_PCODE mapping; owner approval remains pending"
"LB-XW-F6EA1E8B015A","LB-LOC-73175","LB-LOC-73175","73175","LB-GOV-FCD3D044F36B","LB-DIST-4843EFFE7408","","Mazraat Sarada","مزرعة سردة","مزرعة سردة","SRC-NATIONAL-VILLAGE-MANIFEST","73175","Mazraat Sarada","مزرعة سردة","","","exact-pcode","ADM3_PCODE=73175","1","accepted","none","owner-review-pending","2026-08-06T08:11:43.434Z","Exact stable ADM3_PCODE mapping; owner approval remains pending"
"LB-XW-10476F1DAE5D","LB-LOC-73250","LB-LOC-73250","73250","LB-GOV-FCD3D044F36B","LB-DIST-4843EFFE7408","","Meiss Ej-Jabal","ميس الجبل","ميس الجبل","SRC-NATIONAL-VILLAGE-MANIFEST","73250","Meiss Ej-Jabal","ميس الجبل","","","exact-pcode","ADM3_PCODE=73250","1","accepted","none","owner-review-pending","2026-08-06T08:11:43.434Z","Exact stable ADM3_PCODE mapping; owner approval remains pending"
"LB-XW-A0168BE253A8","LB-LOC-73248","LB-LOC-73248","73248","LB-GOV-FCD3D044F36B","LB-DIST-4843EFFE7408","","Mhaibib","محيبيب","محيبيب","SRC-NATIONAL-VILLAGE-MANIFEST","73248","Mhaibib","محيبيب","","","exact-pcode","ADM3_PCODE=73248","1","accepted","none","owner-review-pending","2026-08-06T08:11:43.434Z","Exact stable ADM3_PCODE mapping; owner approval remains pending"
"LB-XW-2783B0CEDA67","LB-LOC-73262","LB-LOC-73262","73262","LB-GOV-FCD3D044F36B","LB-DIST-4843EFFE7408","","Qabrikha","قبريخا","قبريخا","SRC-NATIONAL-VILLAGE-MANIFEST","73262","Qabrikha","قبريخا","","","exact-pcode","ADM3_PCODE=73262","1","accepted","none","owner-review-pending","2026-08-06T08:11:43.434Z","Exact stable ADM3_PCODE mapping; owner approval remains pending"
"LB-XW-CAD65C43044D","LB-LOC-73276","LB-LOC-73276","73276","LB-GOV-FCD3D044F36B","LB-DIST-4843EFFE7408","","Qantara","قنطرة","قنطرة","SRC-NATIONAL-VILLAGE-MANIFEST","73276","Qantara","قنطرة","","","exact-pcode","ADM3_PCODE=73276","1","accepted","none","owner-review-pending","2026-08-06T08:11:43.434Z","Exact stable ADM3_PCODE mapping; owner approval remains pending"
"LB-XW-26879C375C23","LB-LOC-73151","LB-LOC-73151","73151","LB-GOV-FCD3D044F36B","LB-DIST-4843EFFE7408","","Qlaiaa","قليعة","قليعة","SRC-NATIONAL-VILLAGE-MANIFEST","73151","Qlaiaa","قليعة","","","exact-pcode","ADM3_PCODE=73151","1","accepted","none","owner-review-pending","2026-08-06T08:11:43.434Z","Exact stable ADM3_PCODE mapping; owner approval remains pending"
"LB-XW-0EA3B35D297A","LB-LOC-73257","LB-LOC-73257","73257","LB-GOV-FCD3D044F36B","LB-DIST-4843EFFE7408","","Rabb Et-Tlatine","رب التلاتين","رب التلاتين","SRC-NATIONAL-VILLAGE-MANIFEST","73257","Rabb Et-Tlatine","رب التلاتين","","","exact-pcode","ADM3_PCODE=73257","1","accepted","none","owner-review-pending","2026-08-06T08:11:43.434Z","Exact stable ADM3_PCODE mapping; owner approval remains pending"
"LB-XW-0F804DE4912B","LB-LOC-73280","LB-LOC-73280","73280","LB-GOV-FCD3D044F36B","LB-DIST-4843EFFE7408","","Saouanet Marjayoun","صوانة مرجعيون","صوانة مرجعيون","SRC-NATIONAL-VILLAGE-MANIFEST","73280","Saouanet Marjayoun","صوانة مرجعيون","","","exact-pcode","ADM3_PCODE=73280","1","accepted","none","owner-review-pending","2026-08-06T08:11:43.434Z","Exact stable ADM3_PCODE mapping; owner approval remains pending"
"LB-XW-FF72DB84FAF7","LB-LOC-73244","LB-LOC-73244","73244","LB-GOV-FCD3D044F36B","LB-DIST-4843EFFE7408","","Talloussa","طلوسة","طلوسة","SRC-NATIONAL-VILLAGE-MANIFEST","73244","Talloussa","طلوسة","","","exact-pcode","ADM3_PCODE=73244","1","accepted","none","owner-review-pending","2026-08-06T08:11:43.434Z","Exact stable ADM3_PCODE mapping; owner approval remains pending"
"LB-XW-372EA19A473E","LB-LOC-73232","LB-LOC-73232","73232","LB-GOV-FCD3D044F36B","LB-DIST-4843EFFE7408","","Taybet Matjaayoun","طيبة مرجعيون","طيبة مرجعيون","SRC-NATIONAL-VILLAGE-MANIFEST","73232","Taybet Matjaayoun","طيبة مرجعيون","","","exact-pcode","ADM3_PCODE=73232","1","accepted","none","owner-review-pending","2026-08-06T08:11:43.434Z","Exact stable ADM3_PCODE mapping; owner approval remains pending"
"LB-XW-4FDC9AFB216D","LB-LOC-73282","LB-LOC-73282","73282","LB-GOV-FCD3D044F36B","LB-DIST-4843EFFE7408","","Touline","تولين","تولين","SRC-NATIONAL-VILLAGE-MANIFEST","73282","Touline","تولين","","","exact-pcode","ADM3_PCODE=73282","1","accepted","none","owner-review-pending","2026-08-06T08:11:43.434Z","Exact stable ADM3_PCODE mapping; owner approval remains pending"
"LB-XW-A44CC4DC1CFB","LB-LOC-24375","LB-LOC-24375","24375","LB-GOV-C98952C33ACF","LB-DIST-6FB616814DFF","","Aabey","عبيه","عبيه","SRC-NATIONAL-VILLAGE-MANIFEST","24375","Aabey","عبيه","","","exact-pcode","ADM3_PCODE=24375","1","accepted","none","owner-review-pending","2026-08-06T08:11:43.434Z","Exact stable ADM3_PCODE mapping; owner approval remains pending"
"LB-XW-21AA6477D60A","LB-LOC-24259","LB-LOC-24259","24259","LB-GOV-C98952C33ACF","LB-DIST-6FB616814DFF","","Aain Aanoub","عين عنوب","عين عنوب","SRC-NATIONAL-VILLAGE-MANIFEST","24259","Aain Aanoub","عين عنوب","","","exact-pcode","ADM3_PCODE=24259","1","accepted","none","owner-review-pending","2026-08-06T08:11:43.434Z","Exact stable ADM3_PCODE mapping; owner approval remains pending"
"LB-XW-BF7853D6ADC7","LB-LOC-24477","LB-LOC-24477","24477","LB-GOV-C98952C33ACF","LB-DIST-6FB616814DFF","","Aain Dara","عين داره","عين داره","SRC-NATIONAL-VILLAGE-MANIFEST","24477","Aain Dara","عين داره","","","exact-pcode","ADM3_PCODE=24477","1","accepted","none","owner-review-pending","2026-08-06T08:11:43.434Z","Exact stable ADM3_PCODE mapping; owner approval remains pending"
"LB-XW-C9F92A03F543","LB-LOC-24219","LB-LOC-24219","24219","LB-GOV-C98952C33ACF","LB-DIST-6FB616814DFF","","Aain Drafil","عين درافيل","عين درافيل","SRC-NATIONAL-VILLAGE-MANIFEST","24219","Aain Drafil","عين درافيل","","","exact-pcode","ADM3_PCODE=24219","1","accepted","none","owner-review-pending","2026-08-06T08:11:43.434Z","Exact stable ADM3_PCODE mapping; owner approval remains pending"
"LB-XW-16333D764524","LB-LOC-24325","LB-LOC-24325","24325","LB-GOV-C98952C33ACF","LB-DIST-6FB616814DFF","","Aain Ej-Jdideh Aaley","عين الجديدة","عين الجديدة","SRC-NATIONAL-VILLAGE-MANIFEST","24325","Aain Ej-Jdideh Aaley","عين الجديدة","","","exact-pcode","ADM3_PCODE=24325","1","accepted","none","owner-review-pending","2026-08-06T08:11:43.434Z","Exact stable ADM3_PCODE mapping; owner approval remains pending"
"LB-XW-7711731D36E4","LB-LOC-24431","LB-LOC-24431","24431","LB-GOV-C98952C33ACF","LB-DIST-6FB616814DFF","","Aain El Halazoun","عين الحلزون","عين الحلزون","SRC-NATIONAL-VILLAGE-MANIFEST","24431","Aain El Halazoun","عين الحلزون","","","exact-pcode","ADM3_PCODE=24431","1","accepted","none","owner-review-pending","2026-08-06T08:11:43.434Z","Exact stable ADM3_PCODE mapping; owner approval remains pending"
"LB-XW-4AF9958CF4C5","LB-LOC-24317","LB-LOC-24317","24317","LB-GOV-C98952C33ACF","LB-DIST-6FB616814DFF","","Aain Er-Roummaneh Aaley","عين الرمانة","عين الرمانة","SRC-NATIONAL-VILLAGE-MANIFEST","24317","Aain Er-Roummaneh Aaley","عين الرمانة","","","exact-pcode","ADM3_PCODE=24317","1","accepted","none","owner-review-pending","2026-08-06T08:11:43.434Z","Exact stable ADM3_PCODE mapping; owner approval remains pending"
"LB-XW-29B69B677A82","LB-LOC-24371","LB-LOC-24371","24371","LB-GOV-C98952C33ACF","LB-DIST-6FB616814DFF","","Aain Ksour","عين كسور","عين كسور","SRC-NATIONAL-VILLAGE-MANIFEST","24371","Aain Ksour","عين كسور","","","exact-pcode","ADM3_PCODE=24371","1","accepted","none","owner-review-pending","2026-08-06T08:11:43.434Z","Exact stable ADM3_PCODE mapping; owner approval remains pending"
"LB-XW-F2AEFAC47C4C","LB-LOC-24361","LB-LOC-24361","24361","LB-GOV-C98952C33ACF","LB-DIST-6FB616814DFF","","Aain Traz","عين تراز","عين تراز","SRC-NATIONAL-VILLAGE-MANIFEST","24361","Aain Traz","عين تراز","","","exact-pcode","ADM3_PCODE=24361","1","accepted","none","owner-review-pending","2026-08-06T08:11:43.434Z","Exact stable ADM3_PCODE mapping; owner approval remains pending"
"LB-XW-A7BFBEBEE1E3","LB-LOC-24311","LB-LOC-24311","24311","LB-GOV-C98952C33ACF","LB-DIST-6FB616814DFF","","Aaley","عاليه","عاليه","SRC-NATIONAL-VILLAGE-MANIFEST","24311","Aaley","عاليه","","","exact-pcode","ADM3_PCODE=24311","1","accepted","none","owner-review-pending","2026-08-06T08:11:43.434Z","Exact stable ADM3_PCODE mapping; owner approval remains pending"
"LB-XW-9B747E750074","LB-LOC-24365","LB-LOC-24365","24365","LB-GOV-C98952C33ACF","LB-DIST-6FB616814DFF","","Aaley Bsatine","البساتين","البساتين","SRC-NATIONAL-VILLAGE-MANIFEST","24365","Aaley Bsatine","البساتين","","","exact-pcode","ADM3_PCODE=24365","1","accepted","none","owner-review-pending","2026-08-06T08:11:43.434Z","Exact stable ADM3_PCODE mapping; owner approval remains pending"
"LB-XW-7668A6C2105D","LB-LOC-24211","LB-LOC-24211","24211","LB-GOV-C98952C33ACF","LB-DIST-6FB616814DFF","","Aaramoun Aaley","عرمون","عرمون","SRC-NATIONAL-VILLAGE-MANIFEST","24211","Aaramoun Aaley","عرمون","","","exact-pcode","ADM3_PCODE=24211","1","accepted","none","owner-review-pending","2026-08-06T08:11:43.434Z","Exact stable ADM3_PCODE mapping; owner approval remains pending"
"LB-XW-CAD3D9264A55","LB-LOC-24351","LB-LOC-24351","24351","LB-GOV-C98952C33ACF","LB-DIST-6FB616814DFF","","Aaynab","عيناب","عيناب","SRC-NATIONAL-VILLAGE-MANIFEST","24351","Aaynab","عيناب","","","exact-pcode","ADM3_PCODE=24351","1","accepted","none","owner-review-pending","2026-08-06T08:11:43.434Z","Exact stable ADM3_PCODE mapping; owner approval remains pending"
"LB-XW-82EA72C8401C","LB-LOC-24329","LB-LOC-24329","24329","LB-GOV-C98952C33ACF","LB-DIST-6FB616814DFF","","Aaytat","عيتات","عيتات","SRC-NATIONAL-VILLAGE-MANIFEST","24329","Aaytat","عيتات","","","exact-pcode","ADM3_PCODE=24329","1","accepted","none","owner-review-pending","2026-08-06T08:11:43.434Z","Exact stable ADM3_PCODE mapping; owner approval remains pending"
"LB-XW-3DB3F96AE029","LB-LOC-24454","LB-LOC-24454","24454","LB-GOV-C98952C33ACF","LB-DIST-6FB616814DFF","","Aazouniyeh","العزونيه","العزونيه","SRC-NATIONAL-VILLAGE-MANIFEST","24454","Aazouniyeh","العزونيه","","","exact-pcode","ADM3_PCODE=24454","1","accepted","none","owner-review-pending","2026-08-06T08:11:43.434Z","Exact stable ADM3_PCODE mapping; owner approval remains pending"
"LB-XW-830B67770A4F","LB-LOC-24235","LB-LOC-24235","24235","LB-GOV-C98952C33ACF","LB-DIST-6FB616814DFF","","Baaouerta","بعورته","بعورته","SRC-NATIONAL-VILLAGE-MANIFEST","24235","Baaouerta","بعورته","","","exact-pcode","ADM3_PCODE=24235","1","accepted","none","owner-review-pending","2026-08-06T08:11:43.434Z","Exact stable ADM3_PCODE mapping; owner approval remains pending"
"LB-XW-C3DCF1C35412","LB-LOC-24343","LB-LOC-24343","24343","LB-GOV-C98952C33ACF","LB-DIST-6FB616814DFF","","Bayssour Aaley","بيصور","بيصور","SRC-NATIONAL-VILLAGE-MANIFEST","24343","Bayssour Aaley","بيصور","","","exact-pcode","ADM3_PCODE=24343","1","accepted","none","owner-review-pending","2026-08-06T08:11:43.434Z","Exact stable ADM3_PCODE mapping; owner approval remains pending"
"LB-XW-5C22DF8C490F","LB-LOC-24243","LB-LOC-24243","24243","LB-GOV-C98952C33ACF","LB-DIST-6FB616814DFF","","Bchamoun","بشامون","بشامون","SRC-NATIONAL-VILLAGE-MANIFEST","24243","Bchamoun","بشامون","","","exact-pcode","ADM3_PCODE=24243","1","accepted","none","owner-review-pending","2026-08-06T08:11:43.434Z","Exact stable ADM3_PCODE mapping; owner approval remains pending"
"LB-XW-CDA17964EC30","LB-LOC-24283","LB-LOC-24283","24283","LB-GOV-C98952C33ACF","LB-DIST-6FB616814DFF","","Bdadoun","بدادون","بدادون","SRC-NATIONAL-VILLAGE-MANIFEST","24283","Bdadoun","بدادون","","","exact-pcode","ADM3_PCODE=24283","1","accepted","none","owner-review-pending","2026-08-06T08:11:43.434Z","Exact stable ADM3_PCODE mapping; owner approval remains pending"
"LB-XW-579264D30D4A","LB-LOC-24434","LB-LOC-24434","24434","LB-GOV-C98952C33ACF","LB-DIST-6FB616814DFF","","Bedghan Oua Ouadi Bedghan","بدغان","بدغان","SRC-NATIONAL-VILLAGE-MANIFEST","24434","Bedghan Oua Ouadi Bedghan","بدغان","","","exact-pcode","ADM3_PCODE=24434","1","accepted","none","owner-review-pending","2026-08-06T08:11:43.434Z","Exact stable ADM3_PCODE mapping; owner approval remains pending"
"LB-XW-402F9D090AE4","LB-LOC-24327","LB-LOC-24327","24327","LB-GOV-C98952C33ACF","LB-DIST-6FB616814DFF","","Behouara","بحوارا","بحوارا","SRC-NATIONAL-VILLAGE-MANIFEST","24327","Behouara","بحوارا","","","exact-pcode","ADM3_PCODE=24327","1","accepted","none","owner-review-pending","2026-08-06T08:11:43.434Z","Exact stable ADM3_PCODE mapping; owner approval remains pending"
"LB-XW-7B687B5286C3","LB-LOC-24414","LB-LOC-24414","24414","LB-GOV-C98952C33ACF","LB-DIST-6FB616814DFF","","Bhamdoun Ed-Dayaa","بحمدون الضيعة","بحمدون الضيعة","SRC-NATIONAL-VILLAGE-MANIFEST","24414","Bhamdoun Ed-Dayaa","بحمدون الضيعة","","","exact-pcode","ADM3_PCODE=24414","1","accepted","none","owner-review-pending","2026-08-06T08:11:43.434Z","Exact stable ADM3_PCODE mapping; owner approval remains pending"
"LB-XW-AB0ED97387BB","LB-LOC-24411","LB-LOC-24411","24411","LB-GOV-C98952C33ACF","LB-DIST-6FB616814DFF","","Bhamdoun El-Mhatta","بحمدون المحطة","بحمدون المحطة","SRC-NATIONAL-VILLAGE-MANIFEST","24411","Bhamdoun El-Mhatta","بحمدون المحطة","","","exact-pcode","ADM3_PCODE=24411","1","accepted","none","owner-review-pending","2026-08-06T08:11:43.434Z","Exact stable ADM3_PCODE mapping; owner approval remains pending"
"LB-XW-B0A6EDEF54C2","LB-LOC-24369","LB-LOC-24369","24369","LB-GOV-C98952C33ACF","LB-DIST-6FB616814DFF","","Binnay","البينه","البينه","SRC-NATIONAL-VILLAGE-MANIFEST","24369","Binnay","البينه","","","exact-pcode","ADM3_PCODE=24369","1","accepted","none","owner-review-pending","2026-08-06T08:11:43.434Z","Exact stable ADM3_PCODE mapping; owner approval remains pending"
"LB-XW-7E61FD6E45BA","LB-LOC-24321","LB-LOC-24321","24321","LB-GOV-C98952C33ACF","LB-DIST-6FB616814DFF","","Bkhichtay","بخشتيه","بخشتيه","SRC-NATIONAL-VILLAGE-MANIFEST","24321","Bkhichtay","بخشتيه","","","exact-pcode","ADM3_PCODE=24321","1","accepted","none","owner-review-pending","2026-08-06T08:11:43.434Z","Exact stable ADM3_PCODE mapping; owner approval remains pending"
"LB-XW-E268A1E96867","LB-LOC-24267","LB-LOC-24267","24267","LB-GOV-C98952C33ACF","LB-DIST-6FB616814DFF","","Blaybel","بليبل","بليبل","SRC-NATIONAL-VILLAGE-MANIFEST","24267","Blaybel","بليبل","","","exact-pcode","ADM3_PCODE=24267","1","accepted","none","owner-review-pending","2026-08-06T08:11:43.434Z","Exact stable ADM3_PCODE mapping; owner approval remains pending"
"LB-XW-EB635F7F123E","LB-LOC-24484","LB-LOC-24484","24484","LB-GOV-C98952C33ACF","LB-DIST-6FB616814DFF","","Bmahray","بمهريه","بمهريه","SRC-NATIONAL-VILLAGE-MANIFEST","24484","Bmahray","بمهريه","","","exact-pcode","ADM3_PCODE=24484","1","accepted","none","owner-review-pending","2026-08-06T08:11:43.434Z","Exact stable ADM3_PCODE mapping; owner approval remains pending"
"LB-XW-248FAD423B99","LB-LOC-24319","LB-LOC-24319","24319","LB-GOV-C98952C33ACF","LB-DIST-6FB616814DFF","","Bmakine","بمكين","بمكين","SRC-NATIONAL-VILLAGE-MANIFEST","24319","Bmakine","بمكين","","","exact-pcode","ADM3_PCODE=24319","1","accepted","none","owner-review-pending","2026-08-06T08:11:43.434Z","Exact stable ADM3_PCODE mapping; owner approval remains pending"
"LB-XW-4D69C503435C","LB-LOC-24355","LB-LOC-24355","24355","LB-GOV-C98952C33ACF","LB-DIST-6FB616814DFF","","Bou Zrideh","بو زريده","بو زريده","SRC-NATIONAL-VILLAGE-MANIFEST","24355","Bou Zrideh","بو زريده","","","exact-pcode","ADM3_PCODE=24355","1","accepted","none","owner-review-pending","2026-08-06T08:11:43.434Z","Exact stable ADM3_PCODE mapping; owner approval remains pending"
"LB-XW-8CB5DC593466","LB-LOC-24464","LB-LOC-24464","24464","LB-GOV-C98952C33ACF","LB-DIST-6FB616814DFF","","Bserrine","بسرين","بسرين","SRC-NATIONAL-VILLAGE-MANIFEST","24464","Bserrine","بسرين","","","exact-pcode","ADM3_PCODE=24464","1","accepted","none","owner-review-pending","2026-08-06T08:11:43.434Z","Exact stable ADM3_PCODE mapping; owner approval remains pending"
"LB-XW-47EF942A3E9C","LB-LOC-24291","LB-LOC-24291","24291","LB-GOV-C98952C33ACF","LB-DIST-6FB616814DFF","","Bsous","بسوس","بسوس","SRC-NATIONAL-VILLAGE-MANIFEST","24291","Bsous","بسوس","","","exact-pcode","ADM3_PCODE=24291","1","accepted","none","owner-review-pending","2026-08-06T08:11:43.434Z","Exact stable ADM3_PCODE mapping; owner approval remains pending"
"LB-XW-8FBAEBE53FB6","LB-LOC-24421","LB-LOC-24421","24421","LB-GOV-C98952C33ACF","LB-DIST-6FB616814DFF","","Btalloun","بطلون","بطلون","SRC-NATIONAL-VILLAGE-MANIFEST","24421","Btalloun","بطلون","","","exact-pcode","ADM3_PCODE=24421","1","accepted","none","owner-review-pending","2026-08-06T08:11:43.434Z","Exact stable ADM3_PCODE mapping; owner approval remains pending"
"LB-XW-5CDF1316A6FA","LB-LOC-24447","LB-LOC-24447","24447","LB-GOV-C98952C33ACF","LB-DIST-6FB616814DFF","","Btater","بتاتر","بتاتر","SRC-NATIONAL-VILLAGE-MANIFEST","24447","Btater","بتاتر","","","exact-pcode","ADM3_PCODE=24447","1","accepted","none","owner-review-pending","2026-08-06T08:11:43.434Z","Exact stable ADM3_PCODE mapping; owner approval remains pending"
"LB-XW-973A7E0CA0A4","LB-LOC-24417","LB-LOC-24417","24417","LB-GOV-C98952C33ACF","LB-DIST-6FB616814DFF","","Chanay","شانيه","شانيه","SRC-NATIONAL-VILLAGE-MANIFEST","24417","Chanay","شانيه","","","exact-pcode","ADM3_PCODE=24417","1","accepted","none","owner-review-pending","2026-08-06T08:11:43.434Z","Exact stable ADM3_PCODE mapping; owner approval remains pending"
"LB-XW-00F873EA8A51","LB-LOC-24444","LB-LOC-24444","24444","LB-GOV-C98952C33ACF","LB-DIST-6FB616814DFF","","Charoun","شارون","شارون","SRC-NATIONAL-VILLAGE-MANIFEST","24444","Charoun","شارون","","","exact-pcode","ADM3_PCODE=24444","1","accepted","none","owner-review-pending","2026-08-06T08:11:43.434Z","Exact stable ADM3_PCODE mapping; owner approval remains pending"
"LB-XW-DFE41F53B786","LB-LOC-24353","LB-LOC-24353","24353","LB-GOV-C98952C33ACF","LB-DIST-6FB616814DFF","","Chartoun","شرتون","شرتون","SRC-NATIONAL-VILLAGE-MANIFEST","24353","Chartoun","شرتون","","","exact-pcode","ADM3_PCODE=24353","1","accepted","none","owner-review-pending","2026-08-06T08:11:43.434Z","Exact stable ADM3_PCODE mapping; owner approval remains pending"
"LB-XW-DEBE90D25209","LB-LOC-24339","LB-LOC-24339","24339","LB-GOV-C98952C33ACF","LB-DIST-6FB616814DFF","","Chimlane","شملان","شملان","SRC-NATIONAL-VILLAGE-MANIFEST","24339","Chimlane","شملان","","","exact-pcode","ADM3_PCODE=24339","1","accepted","none","owner-review-pending","2026-08-06T08:11:43.434Z","Exact stable ADM3_PCODE mapping; owner approval remains pending"
"LB-XW-B182C9FEB870","LB-LOC-24111","LB-LOC-24111","24111","LB-GOV-C98952C33ACF","LB-DIST-6FB616814DFF","","Choueifat El-Aamrousiyeh","عمروسية الشويفات","عمروسية الشويفات","SRC-NATIONAL-VILLAGE-MANIFEST","24111","Choueifat El-Aamrousiyeh","عمروسية الشويفات","","","exact-pcode","ADM3_PCODE=24111","1","accepted","none","owner-review-pending","2026-08-06T08:11:43.434Z","Exact stable ADM3_PCODE mapping; owner approval remains pending"
"LB-XW-9592CFB2AA32","LB-LOC-24155","LB-LOC-24155","24155","LB-GOV-C98952C33ACF","LB-DIST-6FB616814DFF","","Choueifat El-Oumara","الشويفات الامراء","الشويفات الامراء","SRC-NATIONAL-VILLAGE-MANIFEST","24155","Choueifat El-Oumara","الشويفات الامراء","","","exact-pcode","ADM3_PCODE=24155","1","accepted","none","owner-review-pending","2026-08-06T08:11:43.434Z","Exact stable ADM3_PCODE mapping; owner approval remains pending"
"LB-XW-FA17C4F7C713","LB-LOC-24133","LB-LOC-24133","24133","LB-GOV-C98952C33ACF","LB-DIST-6FB616814DFF","","Choueifat El-Quoubbeh","قبة الشويفات","قبة الشويفات","SRC-NATIONAL-VILLAGE-MANIFEST","24133","Choueifat El-Quoubbeh","قبة الشويفات","","","exact-pcode","ADM3_PCODE=24133","1","accepted","none","owner-review-pending","2026-08-06T08:11:43.434Z","Exact stable ADM3_PCODE mapping; owner approval remains pending"
"LB-XW-D7DD1A71C0D2","LB-LOC-24251","LB-LOC-24251","24251","LB-GOV-C98952C33ACF","LB-DIST-6FB616814DFF","","Daqqoun","دقون","دقون","SRC-NATIONAL-VILLAGE-MANIFEST","24251","Daqqoun","دقون","","","exact-pcode","ADM3_PCODE=24251","1","accepted","none","owner-review-pending","2026-08-06T08:11:43.434Z","Exact stable ADM3_PCODE mapping; owner approval remains pending"
"LB-XW-6797AF5DAFCF","LB-LOC-24177","LB-LOC-24177","24177","LB-GOV-C98952C33ACF","LB-DIST-6FB616814DFF","","Deir Qoubel","دير قوبل","دير قوبل","SRC-NATIONAL-VILLAGE-MANIFEST","24177","Deir Qoubel","دير قوبل","","","exact-pcode","ADM3_PCODE=24177","1","accepted","none","owner-review-pending","2026-08-06T08:11:43.434Z","Exact stable ADM3_PCODE mapping; owner approval remains pending"
"LB-XW-B292CC1AB874","LB-LOC-24357","LB-LOC-24357","24357","LB-GOV-C98952C33ACF","LB-DIST-6FB616814DFF","","Dfoun","دفون","دفون","SRC-NATIONAL-VILLAGE-MANIFEST","24357","Dfoun","دفون","","","exact-pcode","ADM3_PCODE=24357","1","accepted","none","owner-review-pending","2026-08-06T08:11:43.434Z","Exact stable ADM3_PCODE mapping; owner approval remains pending"
"LB-XW-001A22C22DF9","LB-LOC-24345","LB-LOC-24345","24345","LB-GOV-C98952C33ACF","LB-DIST-6FB616814DFF","","Douair Er-Remmaneh","دوير الرمان","دوير الرمان","SRC-NATIONAL-VILLAGE-MANIFEST","24345","Douair Er-Remmaneh","دوير الرمان","","","exact-pcode","ADM3_PCODE=24345","1","accepted","none","owner-review-pending","2026-08-06T08:11:43.434Z","Exact stable ADM3_PCODE mapping; owner approval remains pending"
"LB-XW-D98E0F8026E5","LB-LOC-24323","LB-LOC-24323","24323","LB-GOV-C98952C33ACF","LB-DIST-6FB616814DFF","","Ghaboune","الغابون","الغابون","SRC-NATIONAL-VILLAGE-MANIFEST","24323","Ghaboune","الغابون","","","exact-pcode","ADM3_PCODE=24323","1","accepted","none","owner-review-pending","2026-08-06T08:11:43.434Z","Exact stable ADM3_PCODE mapping; owner approval remains pending"
"LB-XW-CB108F787CEB","LB-LOC-24461","LB-LOC-24461","24461","LB-GOV-C98952C33ACF","LB-DIST-6FB616814DFF","","Habramoun","حبرمون","حبرمون","SRC-NATIONAL-VILLAGE-MANIFEST","24461","Habramoun","حبرمون","","","exact-pcode","ADM3_PCODE=24461","1","accepted","none","owner-review-pending","2026-08-06T08:11:43.434Z","Exact stable ADM3_PCODE mapping; owner approval remains pending"
"LB-XW-2876129BD569","LB-LOC-24437","LB-LOC-24437","24437","LB-GOV-C98952C33ACF","LB-DIST-6FB616814DFF","","Homs Oua Hama","حمص وحمى","حمص وحمي","SRC-NATIONAL-VILLAGE-MANIFEST","24437","Homs Oua Hama","حمص وحمى","","","exact-pcode","ADM3_PCODE=24437","1","accepted","none","owner-review-pending","2026-08-06T08:11:43.434Z","Exact stable ADM3_PCODE mapping; owner approval remains pending"
"LB-XW-956783E537CD","LB-LOC-24275","LB-LOC-24275","24275","LB-GOV-C98952C33ACF","LB-DIST-6FB616814DFF","","Houmal","حومال","حومال","SRC-NATIONAL-VILLAGE-MANIFEST","24275","Houmal","حومال","","","exact-pcode","ADM3_PCODE=24275","1","accepted","none","owner-review-pending","2026-08-06T08:11:43.434Z","Exact stable ADM3_PCODE mapping; owner approval remains pending"
"LB-XW-D3EC8EEAE8D6","LB-LOC-24451","LB-LOC-24451","24451","LB-GOV-C98952C33ACF","LB-DIST-6FB616814DFF","","Ighmid","اغميد","اغميد","SRC-NATIONAL-VILLAGE-MANIFEST","24451","Ighmid","اغميد","","","exact-pcode","ADM3_PCODE=24451","1","accepted","none","owner-review-pending","2026-08-06T08:11:43.434Z","Exact stable ADM3_PCODE mapping; owner approval remains pending"
"LB-XW-13A8114FD816","LB-LOC-24373","LB-LOC-24373","24373","LB-GOV-C98952C33ACF","LB-DIST-6FB616814DFF","","Jisr El Qadi","جسر القاضي","جسر القاضي","SRC-NATIONAL-VILLAGE-MANIFEST","24373","Jisr El Qadi","جسر القاضي","","","exact-pcode","ADM3_PCODE=24373","1","accepted","none","owner-review-pending","2026-08-06T08:11:43.434Z","Exact stable ADM3_PCODE mapping; owner approval remains pending"
"LB-XW-FF9D041B24A3","LB-LOC-24313","LB-LOC-24313","24313","LB-GOV-C98952C33ACF","LB-DIST-6FB616814DFF","","Kahhaleh","الكحاله","الكحاله","SRC-NATIONAL-VILLAGE-MANIFEST","24313","Kahhaleh","الكحاله","","","exact-pcode","ADM3_PCODE=24313","1","accepted","none","owner-review-pending","2026-08-06T08:11:43.434Z","Exact stable ADM3_PCODE mapping; owner approval remains pending"
"LB-XW-E97F157D40FB","LB-LOC-24337","LB-LOC-24337","24337","LB-GOV-C98952C33ACF","LB-DIST-6FB616814DFF","","Keyfoun","كيفون","كيفون","SRC-NATIONAL-VILLAGE-MANIFEST","24337","Keyfoun","كيفون","","","exact-pcode","ADM3_PCODE=24337","1","accepted","none","owner-review-pending","2026-08-06T08:11:43.434Z","Exact stable ADM3_PCODE mapping; owner approval remains pending"
"LB-XW-C3334ADE9E8B","LB-LOC-24341","LB-LOC-24341","24341","LB-GOV-C98952C33ACF","LB-DIST-6FB616814DFF","","Kfar Aamay","كفرعميه","كفرعميه","SRC-NATIONAL-VILLAGE-MANIFEST","24341","Kfar Aamay","كفرعميه","","","exact-pcode","ADM3_PCODE=24341","1","accepted","none","owner-review-pending","2026-08-06T08:11:43.434Z","Exact stable ADM3_PCODE mapping; owner approval remains pending"
"LB-XW-A66BE5F48D30","LB-LOC-24377","LB-LOC-24377","24377","LB-GOV-C98952C33ACF","LB-DIST-6FB616814DFF","","Kfar Matta","كفرمتى","كفرمتي","SRC-NATIONAL-VILLAGE-MANIFEST","24377","Kfar Matta","كفرمتى","","","exact-pcode","ADM3_PCODE=24377","1","accepted","none","owner-review-pending","2026-08-06T08:11:43.434Z","Exact stable ADM3_PCODE mapping; owner approval remains pending"
"LB-XW-2D61D236FC1F","LB-LOC-24471","LB-LOC-24471","24471","LB-GOV-C98952C33ACF","LB-DIST-6FB616814DFF","","Maasrati","معصريتي","معصريتي","SRC-NATIONAL-VILLAGE-MANIFEST","24471","Maasrati","معصريتي","","","exact-pcode","ADM3_PCODE=24471","1","accepted","none","owner-review-pending","2026-08-06T08:11:43.434Z","Exact stable ADM3_PCODE mapping; owner approval remains pending"
"LB-XW-1428C1E5C0CC","LB-LOC-24424","LB-LOC-24424","24424","LB-GOV-C98952C33ACF","LB-DIST-6FB616814DFF","","Majdel Baana","مجدل بعنا","مجدل بعنا","SRC-NATIONAL-VILLAGE-MANIFEST","24424","Majdel Baana","مجدل بعنا","","","exact-pcode","ADM3_PCODE=24424","1","accepted","none","owner-review-pending","2026-08-06T08:11:43.434Z","Exact stable ADM3_PCODE mapping; owner approval remains pending"
"LB-XW-56FF96AB010F","LB-LOC-24441","LB-LOC-24441","24441","LB-GOV-C98952C33ACF","LB-DIST-6FB616814DFF","","Mansouriyet Bhamdoun","منصورية بحمدون","منصورية بحمدون","SRC-NATIONAL-VILLAGE-MANIFEST","24441","Mansouriyet Bhamdoun","منصورية بحمدون","","","exact-pcode","ADM3_PCODE=24441","1","accepted","none","owner-review-pending","2026-08-06T08:11:43.434Z","Exact stable ADM3_PCODE mapping; owner approval remains pending"
"LB-XW-86F720E1657A","LB-LOC-24474","LB-LOC-24474","24474","LB-GOV-C98952C33ACF","LB-DIST-6FB616814DFF","","Mazraat En-Nahr Aaley","مزرعة النهر","مزرعة النهر","SRC-NATIONAL-VILLAGE-MANIFEST","24474","Mazraat En-Nahr Aaley","مزرعة النهر","","","exact-pcode","ADM3_PCODE=24474","1","accepted","none","owner-review-pending","2026-08-06T08:11:43.434Z","Exact stable ADM3_PCODE mapping; owner approval remains pending"
"LB-XW-AB8C752B209D","LB-LOC-24443","LB-LOC-24443","24443","LB-GOV-C98952C33ACF","LB-DIST-6FB616814DFF","","Mchekhti","مشاقتي","مشاقتي","SRC-NATIONAL-VILLAGE-MANIFEST","24443","Mchekhti","مشاقتي","","","exact-pcode","ADM3_PCODE=24443","1","accepted","none","owner-review-pending","2026-08-06T08:11:43.434Z","Exact stable ADM3_PCODE mapping; owner approval remains pending"
"LB-XW-B40EB4CBF484","LB-LOC-24457","LB-LOC-24457","24457","LB-GOV-C98952C33ACF","LB-DIST-6FB616814DFF","","Mcherfeh","مشرفه","مشرفه","SRC-NATIONAL-VILLAGE-MANIFEST","24457","Mcherfeh","مشرفه","","","exact-pcode","ADM3_PCODE=24457","1","accepted","none","owner-review-pending","2026-08-06T08:11:43.434Z","Exact stable ADM3_PCODE mapping; owner approval remains pending"
"LB-XW-77EB4DCA41D2","LB-LOC-24349","LB-LOC-24349","24349","LB-GOV-C98952C33ACF","LB-DIST-6FB616814DFF","","Mejdlaiya","مجدليا","مجدليا","SRC-NATIONAL-VILLAGE-MANIFEST","24349","Mejdlaiya","مجدليا","","","exact-pcode","ADM3_PCODE=24349","1","accepted","none","owner-review-pending","2026-08-06T08:11:43.434Z","Exact stable ADM3_PCODE mapping; owner approval remains pending"
"LB-XW-833826A28632","LB-LOC-24481","LB-LOC-24481","24481","LB-GOV-C98952C33ACF","LB-DIST-6FB616814DFF","","Mrayjat Aaley","مريجات عاليه","مريجات عاليه","SRC-NATIONAL-VILLAGE-MANIFEST","24481","Mrayjat Aaley","مريجات عاليه","","","exact-pcode","ADM3_PCODE=24481","1","accepted","none","owner-review-pending","2026-08-06T08:11:43.434Z","Exact stable ADM3_PCODE mapping; owner approval remains pending"
"LB-XW-59C02F9FEF58","LB-LOC-24315","LB-LOC-24315","24315","LB-GOV-C98952C33ACF","LB-DIST-6FB616814DFF","","Qmatiyeh","قماطية","قماطية","SRC-NATIONAL-VILLAGE-MANIFEST","24315","Qmatiyeh","قماطية","","","exact-pcode","ADM3_PCODE=24315","1","accepted","none","owner-review-pending","2026-08-06T08:11:43.434Z","Exact stable ADM3_PCODE mapping; owner approval remains pending"
"LB-XW-7F14585516FF","LB-LOC-24467","LB-LOC-24467","24467","LB-GOV-C98952C33ACF","LB-DIST-6FB616814DFF","","Ramlieh","رملية","رملية","SRC-NATIONAL-VILLAGE-MANIFEST","24467","Ramlieh","رملية","","","exact-pcode","ADM3_PCODE=24467","1","accepted","none","owner-review-pending","2026-08-06T08:11:43.434Z","Exact stable ADM3_PCODE mapping; owner approval remains pending"
"LB-XW-E48FF8A5A128","LB-LOC-24359","LB-LOC-24359","24359","LB-GOV-C98952C33ACF","LB-DIST-6FB616814DFF","","Richmaiya","رشميا","رشميا","SRC-NATIONAL-VILLAGE-MANIFEST","24359","Richmaiya","رشميا","","","exact-pcode","ADM3_PCODE=24359","1","accepted","none","owner-review-pending","2026-08-06T08:11:43.434Z","Exact stable ADM3_PCODE mapping; owner approval remains pending"
"LB-XW-4ADA8432288A","LB-LOC-24335","LB-LOC-24335","24335","LB-GOV-C98952C33ACF","LB-DIST-6FB616814DFF","","Rijmeh","رجمة","رجمة","SRC-NATIONAL-VILLAGE-MANIFEST","24335","Rijmeh","رجمة","","","exact-pcode","ADM3_PCODE=24335","1","accepted","none","owner-review-pending","2026-08-06T08:11:43.434Z","Exact stable ADM3_PCODE mapping; owner approval remains pending"
"LB-XW-F7D472D76C3D","LB-LOC-24367","LB-LOC-24367","24367","LB-GOV-C98952C33ACF","LB-DIST-6FB616814DFF","","Rimhala","رمحالا","رمحالا","SRC-NATIONAL-VILLAGE-MANIFEST","24367","Rimhala","رمحالا","","","exact-pcode","ADM3_PCODE=24367","1","accepted","none","owner-review-pending","2026-08-06T08:11:43.434Z","Exact stable ADM3_PCODE mapping; owner approval remains pending"
"LB-XW-C1E97611C4BC","LB-LOC-24347","LB-LOC-24347","24347","LB-GOV-C98952C33ACF","LB-DIST-6FB616814DFF","","Rouayssat En-Naamane","رويسة النعمان","رويسة النعمان","SRC-NATIONAL-VILLAGE-MANIFEST","24347","Rouayssat En-Naamane","رويسة النعمان","","","exact-pcode","ADM3_PCODE=24347","1","accepted","none","owner-review-pending","2026-08-06T08:11:43.434Z","Exact stable ADM3_PCODE mapping; owner approval remains pending"
"LB-XW-3424D6180A1E","LB-LOC-24427","LB-LOC-24427","24427","LB-GOV-C98952C33ACF","LB-DIST-6FB616814DFF","","Saoufar","صوفر","صوفر","SRC-NATIONAL-VILLAGE-MANIFEST","24427","Saoufar","صوفر","","","exact-pcode","ADM3_PCODE=24427","1","accepted","none","owner-review-pending","2026-08-06T08:11:43.434Z","Exact stable ADM3_PCODE mapping; owner approval remains pending"
"LB-XW-1D0C6100E99A","LB-LOC-24363","LB-LOC-24363","24363","LB-GOV-C98952C33ACF","LB-DIST-6FB616814DFF","","Selfaya","سلفايا","سلفايا","SRC-NATIONAL-VILLAGE-MANIFEST","24363","Selfaya","سلفايا","","","exact-pcode","ADM3_PCODE=24363","1","accepted","none","owner-review-pending","2026-08-06T08:11:43.434Z","Exact stable ADM3_PCODE mapping; owner approval remains pending"
"LB-XW-B9783C6A77EC","LB-LOC-24227","LB-LOC-24227","24227","LB-GOV-C98952C33ACF","LB-DIST-6FB616814DFF","","Sirhmoul","سرحمول","سرحمول","SRC-NATIONAL-VILLAGE-MANIFEST","24227","Sirhmoul","سرحمول","","","exact-pcode","ADM3_PCODE=24227","1","accepted","none","owner-review-pending","2026-08-06T08:11:43.434Z","Exact stable ADM3_PCODE mapping; owner approval remains pending"
"LB-XW-B0518CD5924A","LB-LOC-24331","LB-LOC-24331","24331","LB-GOV-C98952C33ACF","LB-DIST-6FB616814DFF","","Souq El-Gharb","سوق الغرب","سوق الغرب","SRC-NATIONAL-VILLAGE-MANIFEST","24331","Souq El-Gharb","سوق الغرب","","","exact-pcode","ADM3_PCODE=24331","1","accepted","none","owner-review-pending","2026-08-06T08:11:43.434Z","Exact stable ADM3_PCODE mapping; owner approval remains pending"
"LB-XW-DA1D80AEF74F","LB-LOC-24333","LB-LOC-24333","24333","LB-GOV-C98952C33ACF","LB-DIST-6FB616814DFF","","Taazaniyeh","تعزانية","تعزانية","SRC-NATIONAL-VILLAGE-MANIFEST","24333","Taazaniyeh","تعزانية","","","exact-pcode","ADM3_PCODE=24333","1","accepted","none","owner-review-pending","2026-08-06T08:11:43.434Z","Exact stable ADM3_PCODE mapping; owner approval remains pending"
"LB-XW-0A925A9369EB","LB-LOC-21341","LB-LOC-21341","21341","LB-GOV-C98952C33ACF","LB-DIST-04E4A90C353A","","Aabadiyeh","عبادية","عبادية","SRC-NATIONAL-VILLAGE-MANIFEST","21341","Aabadiyeh","عبادية","","","exact-pcode","ADM3_PCODE=21341","1","accepted","none","owner-review-pending","2026-08-06T08:11:43.434Z","Exact stable ADM3_PCODE mapping; owner approval remains pending"
"LB-XW-214F0FB70C89","LB-LOC-21314","LB-LOC-21314","21314","LB-GOV-C98952C33ACF","LB-DIST-04E4A90C353A","","Aain Mouaffaq","عين موفق","عين موفق","SRC-NATIONAL-VILLAGE-MANIFEST","21314","Aain Mouaffaq","عين موفق","","","exact-pcode","ADM3_PCODE=21314","1","accepted","none","owner-review-pending","2026-08-06T08:11:43.434Z","Exact stable ADM3_PCODE mapping; owner approval remains pending"
"LB-XW-22E754C27BD3","LB-LOC-21371","LB-LOC-21371","21371","LB-GOV-C98952C33ACF","LB-DIST-04E4A90C353A","","Aaraiya","عاريا","عاريا","SRC-NATIONAL-VILLAGE-MANIFEST","21371","Aaraiya","عاريا","","","exact-pcode","ADM3_PCODE=21371","1","accepted","none","owner-review-pending","2026-08-06T08:11:43.434Z","Exact stable ADM3_PCODE mapping; owner approval remains pending"
"LB-XW-F4D309FF5E4E","LB-LOC-21381","LB-LOC-21381","21381","LB-GOV-C98952C33ACF","LB-DIST-04E4A90C353A","","Aarbaniyeh","عربانية","عربانية","SRC-NATIONAL-VILLAGE-MANIFEST","21381","Aarbaniyeh","عربانية","","","exact-pcode","ADM3_PCODE=21381","1","accepted","none","owner-review-pending","2026-08-06T08:11:43.434Z","Exact stable ADM3_PCODE mapping; owner approval remains pending"
"LB-XW-4DE8A37FB1F3","LB-LOC-21471","LB-LOC-21471","21471","LB-GOV-C98952C33ACF","LB-DIST-04E4A90C353A","","Arsoun","ارصون","ارصون","SRC-NATIONAL-VILLAGE-MANIFEST","21471","Arsoun","ارصون","","","exact-pcode","ADM3_PCODE=21471","1","accepted","none","owner-review-pending","2026-08-06T08:11:43.434Z","Exact stable ADM3_PCODE mapping; owner approval remains pending"
"LB-XW-5DED9A253A9A","LB-LOC-21211","LB-LOC-21211","21211","LB-GOV-C98952C33ACF","LB-DIST-04E4A90C353A","","Baabda","بعبدا","بعبدا","SRC-NATIONAL-VILLAGE-MANIFEST","21211","Baabda","بعبدا","","","exact-pcode","ADM3_PCODE=21211","1","accepted","none","owner-review-pending","2026-08-06T08:11:43.434Z","Exact stable ADM3_PCODE mapping; owner approval remains pending"
"LB-XW-0527A7B851CB","LB-LOC-21311","LB-LOC-21311","21311","LB-GOV-C98952C33ACF","LB-DIST-04E4A90C353A","","Baalchmay","بعلشميه","بعلشميه","SRC-NATIONAL-VILLAGE-MANIFEST","21311","Baalchmay","بعلشميه","","","exact-pcode","ADM3_PCODE=21311","1","accepted","none","owner-review-pending","2026-08-06T08:11:43.434Z","Exact stable ADM3_PCODE mapping; owner approval remains pending"
"LB-XW-7AD63432F7D5","LB-LOC-21436","LB-LOC-21436","21436","LB-GOV-C98952C33ACF","LB-DIST-04E4A90C353A","","Bmaryam","بمريم","بمريم","SRC-NATIONAL-VILLAGE-MANIFEST","21436","Bmaryam","بمريم","","","exact-pcode","ADM3_PCODE=21436","1","accepted","none","owner-review-pending","2026-08-06T08:11:43.434Z","Exact stable ADM3_PCODE mapping; owner approval remains pending"
"LB-XW-26352F8ADC6C","LB-LOC-21177","LB-LOC-21177","21177","LB-GOV-C98952C33ACF","LB-DIST-04E4A90C353A","","Bourj El-Brajneh","برج البراجنة","برج البراجنة","SRC-NATIONAL-VILLAGE-MANIFEST","21177","Bourj El-Brajneh","برج البراجنة","","","exact-pcode","ADM3_PCODE=21177","1","accepted","none","owner-review-pending","2026-08-06T08:11:43.434Z","Exact stable ADM3_PCODE mapping; owner approval remains pending"
"LB-XW-F2CB34180697","LB-LOC-21227","LB-LOC-21227","21227","LB-GOV-C98952C33ACF","LB-DIST-04E4A90C353A","","Boutchay","بطشيه","بطشيه","SRC-NATIONAL-VILLAGE-MANIFEST","21227","Boutchay","بطشيه","","","exact-pcode","ADM3_PCODE=21227","1","accepted","none","owner-review-pending","2026-08-06T08:11:43.434Z","Exact stable ADM3_PCODE mapping; owner approval remains pending"
"LB-XW-74FDFAA4C1EC","LB-LOC-21283","LB-LOC-21283","21283","LB-GOV-C98952C33ACF","LB-DIST-04E4A90C353A","","Bsaba Baabda","بسابا وادي الدلب","بسابا وادي الدلب","SRC-NATIONAL-VILLAGE-MANIFEST","21283","Bsaba Baabda","بسابا وادي الدلب","","","exact-pcode","ADM3_PCODE=21283","1","accepted","none","owner-review-pending","2026-08-06T08:11:43.434Z","Exact stable ADM3_PCODE mapping; owner approval remains pending"
"LB-XW-46C7514F3CF2","LB-LOC-21441","LB-LOC-21441","21441","LB-GOV-C98952C33ACF","LB-DIST-04E4A90C353A","","Btekhnay","بتخناي","بتخناي","SRC-NATIONAL-VILLAGE-MANIFEST","21441","Btekhnay","بتخناي","","","exact-pcode","ADM3_PCODE=21441","1","accepted","none","owner-review-pending","2026-08-06T08:11:43.434Z","Exact stable ADM3_PCODE mapping; owner approval remains pending"
"LB-XW-BCD9C1B42AF3","LB-LOC-21451","LB-LOC-21451","21451","LB-GOV-C98952C33ACF","LB-DIST-04E4A90C353A","","Btibyat","بتبيات","بتبيات","SRC-NATIONAL-VILLAGE-MANIFEST","21451","Btibyat","بتبيات","","","exact-pcode","ADM3_PCODE=21451","1","accepted","none","owner-review-pending","2026-08-06T08:11:43.434Z","Exact stable ADM3_PCODE mapping; owner approval remains pending"
"LB-XW-10F27C53BED9","LB-LOC-21466","LB-LOC-21466","21466","LB-GOV-C98952C33ACF","LB-DIST-04E4A90C353A","","Bzebdine","بزبدين","بزبدين","SRC-NATIONAL-VILLAGE-MANIFEST","21466","Bzebdine","بزبدين","","","exact-pcode","ADM3_PCODE=21466","1","accepted","none","owner-review-pending","2026-08-06T08:11:43.434Z","Exact stable ADM3_PCODE mapping; owner approval remains pending"
"LB-XW-C1E506073C40","LB-LOC-21426","LB-LOC-21426","21426","LB-GOV-C98952C33ACF","LB-DIST-04E4A90C353A","","Chbaniyeh","شبانية","شبانية","SRC-NATIONAL-VILLAGE-MANIFEST","21426","Chbaniyeh","شبانية","","","exact-pcode","ADM3_PCODE=21426","1","accepted","none","owner-review-pending","2026-08-06T08:11:43.434Z","Exact stable ADM3_PCODE mapping; owner approval remains pending"
"LB-XW-989D37F227B6","LB-LOC-21111","LB-LOC-21111","21111","LB-GOV-C98952C33ACF","LB-DIST-04E4A90C353A","","Chiyah","شياح","شياح","SRC-NATIONAL-VILLAGE-MANIFEST","21111","Chiyah","شياح","","","exact-pcode","ADM3_PCODE=21111","1","accepted","none","owner-review-pending","2026-08-06T08:11:43.434Z","Exact stable ADM3_PCODE mapping; owner approval remains pending"
"LB-XW-140223778998","LB-LOC-21347","LB-LOC-21347","21347","LB-GOV-C98952C33ACF","LB-DIST-04E4A90C353A","","Chmeisset Baabda","شميسة","شميسة","SRC-NATIONAL-VILLAGE-MANIFEST","21347","Chmeisset Baabda","شميسة","","","exact-pcode","ADM3_PCODE=21347","1","accepted","none","owner-review-pending","2026-08-06T08:11:43.434Z","Exact stable ADM3_PCODE mapping; owner approval remains pending"
"LB-XW-1DBEDC565DC0","LB-LOC-21354","LB-LOC-21354","21354","LB-GOV-C98952C33ACF","LB-DIST-04E4A90C353A","","Chouit","شويت","شويت","SRC-NATIONAL-VILLAGE-MANIFEST","21354","Chouit","شويت","","","exact-pcode","ADM3_PCODE=21354","1","accepted","none","owner-review-pending","2026-08-06T08:11:43.434Z","Exact stable ADM3_PCODE mapping; owner approval remains pending"
"LB-XW-5DCCC56B5190","LB-LOC-21367","LB-LOC-21367","21367","LB-GOV-C98952C33ACF","LB-DIST-04E4A90C353A","","Deir El-harf","دير الحرف","دير الحرف","SRC-NATIONAL-VILLAGE-MANIFEST","21367","Deir El-harf","دير الحرف","","","exact-pcode","ADM3_PCODE=21367","1","accepted","none","owner-review-pending","2026-08-06T08:11:43.434Z","Exact stable ADM3_PCODE mapping; owner approval remains pending"
"LB-XW-808D4D290D5B","LB-LOC-21337","LB-LOC-21337","21337","LB-GOV-C98952C33ACF","LB-DIST-04E4A90C353A","","Deir Khouna","دير خونة","دير خونة","SRC-NATIONAL-VILLAGE-MANIFEST","21337","Deir Khouna","دير خونة","","","exact-pcode","ADM3_PCODE=21337","1","accepted","none","owner-review-pending","2026-08-06T08:11:43.434Z","Exact stable ADM3_PCODE mapping; owner approval remains pending"
"LB-XW-5FE0BF9D2B69","LB-LOC-21391","LB-LOC-21391","21391","LB-GOV-C98952C33ACF","LB-DIST-04E4A90C353A","","Dlaybeh","دليبه","دليبه","SRC-NATIONAL-VILLAGE-MANIFEST","21391","Dlaybeh","دليبه","","","exact-pcode","ADM3_PCODE=21391","1","accepted","none","owner-review-pending","2026-08-06T08:11:43.434Z","Exact stable ADM3_PCODE mapping; owner approval remains pending"
"LB-XW-4BBE2C2CC6E1","LB-LOC-21446","LB-LOC-21446","21446","LB-GOV-C98952C33ACF","LB-DIST-04E4A90C353A","","Falougha","فالوغا","فالوغا","SRC-NATIONAL-VILLAGE-MANIFEST","21446","Falougha","فالوغا","","","exact-pcode","ADM3_PCODE=21446","1","accepted","none","owner-review-pending","2026-08-06T08:11:43.434Z","Exact stable ADM3_PCODE mapping; owner approval remains pending"
"LB-XW-E075235F5B40","LB-LOC-21133","LB-LOC-21133","21133","LB-GOV-C98952C33ACF","LB-DIST-04E4A90C353A","","Furn Ech-Chebbak","فرن الشباك","فرن الشباك","SRC-NATIONAL-VILLAGE-MANIFEST","21133","Furn Ech-Chebbak","فرن الشباك","","","exact-pcode","ADM3_PCODE=21133","1","accepted","none","owner-review-pending","2026-08-06T08:11:43.434Z","Exact stable ADM3_PCODE mapping; owner approval remains pending"
"LB-XW-D9F2B615F174","LB-LOC-21219","LB-LOC-21219","21219","LB-GOV-C98952C33ACF","LB-DIST-04E4A90C353A","","Hadath Beyrouth","حدث","حدث","SRC-NATIONAL-VILLAGE-MANIFEST","21219","Hadath Beyrouth","حدث","","","exact-pcode","ADM3_PCODE=21219","1","accepted","none","owner-review-pending","2026-08-06T08:11:43.434Z","Exact stable ADM3_PCODE mapping; owner approval remains pending"
"LB-XW-BFBDA895B3FE","LB-LOC-21411","LB-LOC-21411","21411","LB-GOV-C98952C33ACF","LB-DIST-04E4A90C353A","","Hammana","حمانا","حمانا","SRC-NATIONAL-VILLAGE-MANIFEST","21411","Hammana","حمانا","","","exact-pcode","ADM3_PCODE=21411","1","accepted","none","owner-review-pending","2026-08-06T08:11:43.434Z","Exact stable ADM3_PCODE mapping; owner approval remains pending"
"LB-XW-9C04FDD8F1E3","LB-LOC-21275","LB-LOC-21275","21275","LB-GOV-C98952C33ACF","LB-DIST-04E4A90C353A","","Haret Es-Sit","حارة الست","حارة الست","SRC-NATIONAL-VILLAGE-MANIFEST","21275","Haret Es-Sit","حارة الست","","","exact-pcode","ADM3_PCODE=21275","1","accepted","none","owner-review-pending","2026-08-06T08:11:43.434Z","Exact stable ADM3_PCODE mapping; owner approval remains pending"
"LB-XW-2F2521039AFA","LB-LOC-21327","LB-LOC-21327","21327","LB-GOV-C98952C33ACF","LB-DIST-04E4A90C353A","","Haret Hamzeh","حارة حمزة","حارة حمزة","SRC-NATIONAL-VILLAGE-MANIFEST","21327","Haret Hamzeh","حارة حمزة","","","exact-pcode","ADM3_PCODE=21327","1","accepted","none","owner-review-pending","2026-08-06T08:11:43.434Z","Exact stable ADM3_PCODE mapping; owner approval remains pending"
"LB-XW-23A4CC31B167","LB-LOC-21144","LB-LOC-21144","21144","LB-GOV-C98952C33ACF","LB-DIST-04E4A90C353A","","Haret Hreik","حارة حريك","حارة حريك","SRC-NATIONAL-VILLAGE-MANIFEST","21144","Haret Hreik","حارة حريك","","","exact-pcode","ADM3_PCODE=21144","1","accepted","none","owner-review-pending","2026-08-06T08:11:43.434Z","Exact stable ADM3_PCODE mapping; owner approval remains pending"
"LB-XW-E7DDB90FE355","LB-LOC-21397","LB-LOC-21397","21397","LB-GOV-C98952C33ACF","LB-DIST-04E4A90C353A","","Hasbaiya El-Matn","حاصبيّا المتن","حاصبيا المتن","SRC-NATIONAL-VILLAGE-MANIFEST","21397","Hasbaiya El-Matn","حاصبيّا المتن","","","exact-pcode","ADM3_PCODE=21397","1","accepted","none","owner-review-pending","2026-08-06T08:11:43.434Z","Exact stable ADM3_PCODE mapping; owner approval remains pending"
"LB-XW-5AED74F74505","LB-LOC-21324","LB-LOC-21324","21324","LB-GOV-C98952C33ACF","LB-DIST-04E4A90C353A","","Hlaliyeh Baabda","هلالية","هلالية","SRC-NATIONAL-VILLAGE-MANIFEST","21324","Hlaliyeh Baabda","هلالية","","","exact-pcode","ADM3_PCODE=21324","1","accepted","none","owner-review-pending","2026-08-06T08:11:43.434Z","Exact stable ADM3_PCODE mapping; owner approval remains pending"
"LB-XW-55A421415894","LB-LOC-21461","LB-LOC-21461","21461","LB-GOV-C98952C33ACF","LB-DIST-04E4A90C353A","","Jouar El-Haouz","جوار الحوز","جوار الحوز","SRC-NATIONAL-VILLAGE-MANIFEST","21461","Jouar El-Haouz","جوار الحوز","","","exact-pcode","ADM3_PCODE=21461","1","accepted","none","owner-review-pending","2026-08-06T08:11:43.434Z","Exact stable ADM3_PCODE mapping; owner approval remains pending"
"LB-XW-1A7B27593B8A","LB-LOC-21487","LB-LOC-21487","21487","LB-GOV-C98952C33ACF","LB-DIST-04E4A90C353A","","Jouret Arsoun","جورة ارصون","جورة ارصون","SRC-NATIONAL-VILLAGE-MANIFEST","21487","Jouret Arsoun","جورة ارصون","","","exact-pcode","ADM3_PCODE=21487","1","accepted","none","owner-review-pending","2026-08-06T08:11:43.434Z","Exact stable ADM3_PCODE mapping; owner approval remains pending"
"LB-XW-6FC4BC1F03CB","LB-LOC-21251","LB-LOC-21251","21251","LB-GOV-C98952C33ACF","LB-DIST-04E4A90C353A","","Kfar Chima","كفرشيما","كفرشيما","SRC-NATIONAL-VILLAGE-MANIFEST","21251","Kfar Chima","كفرشيما","","","exact-pcode","ADM3_PCODE=21251","1","accepted","none","owner-review-pending","2026-08-06T08:11:43.434Z","Exact stable ADM3_PCODE mapping; owner approval remains pending"
"LB-XW-78183966DE79","LB-LOC-21476","LB-LOC-21476","21476","LB-GOV-C98952C33ACF","LB-DIST-04E4A90C353A","","Kfar Selouane","كفرسلوان","كفرسلوان","SRC-NATIONAL-VILLAGE-MANIFEST","21476","Kfar Selouane","كفرسلوان","","","exact-pcode","ADM3_PCODE=21476","1","accepted","none","owner-review-pending","2026-08-06T08:11:43.434Z","Exact stable ADM3_PCODE mapping; owner approval remains pending"
"LB-XW-A7CE8704E014","LB-LOC-21421","LB-LOC-21421","21421","LB-GOV-C98952C33ACF","LB-DIST-04E4A90C353A","","Khalouat Baabda","خلوات","خلوات","SRC-NATIONAL-VILLAGE-MANIFEST","21421","Khalouat Baabda","خلوات","","","exact-pcode","ADM3_PCODE=21421","1","accepted","none","owner-review-pending","2026-08-06T08:11:43.434Z","Exact stable ADM3_PCODE mapping; owner approval remains pending"
"LB-XW-BE9F10432A63","LB-LOC-21431","LB-LOC-21431","21431","LB-GOV-C98952C33ACF","LB-DIST-04E4A90C353A","","Khreibet Baabda","خريبة بعبدا","خريبة بعبدا","SRC-NATIONAL-VILLAGE-MANIFEST","21431","Khreibet Baabda","خريبة بعبدا","","","exact-pcode","ADM3_PCODE=21431","1","accepted","none","owner-review-pending","2026-08-06T08:11:43.434Z","Exact stable ADM3_PCODE mapping; owner approval remains pending"
"LB-XW-38CE6C01C9C2","LB-LOC-21377","LB-LOC-21377","21377","LB-GOV-C98952C33ACF","LB-DIST-04E4A90C353A","","Kneisset Baabda","كنيسة بعبدا","كنيسة بعبدا","SRC-NATIONAL-VILLAGE-MANIFEST","21377","Kneisset Baabda","كنيسة بعبدا","","","exact-pcode","ADM3_PCODE=21377","1","accepted","none","owner-review-pending","2026-08-06T08:11:43.434Z","Exact stable ADM3_PCODE mapping; owner approval remains pending"
"LB-XW-F7FC4B4555B2","LB-LOC-21166","LB-LOC-21166","21166","LB-GOV-C98952C33ACF","LB-DIST-04E4A90C353A","","Laylakeh","ليلكي","ليلكي","SRC-NATIONAL-VILLAGE-MANIFEST","21166","Laylakeh","ليلكي","","","exact-pcode","ADM3_PCODE=21166","1","accepted","none","owner-review-pending","2026-08-06T08:11:43.434Z","Exact stable ADM3_PCODE mapping; owner approval remains pending"
"LB-XW-3D9B6C1F88EF","LB-LOC-21243","LB-LOC-21243","21243","LB-GOV-C98952C33ACF","LB-DIST-04E4A90C353A","","Louayzeh Baabda","لويزة","لويزة","SRC-NATIONAL-VILLAGE-MANIFEST","21243","Louayzeh Baabda","لويزة","","","exact-pcode","ADM3_PCODE=21243","1","accepted","none","owner-review-pending","2026-08-06T08:11:43.434Z","Exact stable ADM3_PCODE mapping; owner approval remains pending"
"LB-XW-EBB683023D47","LB-LOC-21235","LB-LOC-21235","21235","LB-GOV-C98952C33ACF","LB-DIST-04E4A90C353A","","Merdache","مرداشة","مرداشة","SRC-NATIONAL-VILLAGE-MANIFEST","21235","Merdache","مرداشة","","","exact-pcode","ADM3_PCODE=21235","1","accepted","none","owner-review-pending","2026-08-06T08:11:43.434Z","Exact stable ADM3_PCODE mapping; owner approval remains pending"
"LB-XW-E4E34FED60DE","LB-LOC-21321","LB-LOC-21321","21321","LB-GOV-C98952C33ACF","LB-DIST-04E4A90C353A","","Mzairaa Baabda","مزيرعة بعبدا","مزيرعة بعبدا","SRC-NATIONAL-VILLAGE-MANIFEST","21321","Mzairaa Baabda","مزيرعة بعبدا","","","exact-pcode","ADM3_PCODE=21321","1","accepted","none","owner-review-pending","2026-08-06T08:11:43.434Z","Exact stable ADM3_PCODE mapping; owner approval remains pending"
"LB-XW-BA938AB442D9","LB-LOC-21267","LB-LOC-21267","21267","LB-GOV-C98952C33ACF","LB-DIST-04E4A90C353A","","Ouadi Chahrour El Aaoulia","وادي شحرور العليا","وادي شحرور العليا","SRC-NATIONAL-VILLAGE-MANIFEST","21267","Ouadi Chahrour El Aaoulia","وادي شحرور العليا","","","exact-pcode","ADM3_PCODE=21267","1","accepted","none","owner-review-pending","2026-08-06T08:11:43.434Z","Exact stable ADM3_PCODE mapping; owner approval remains pending"
"LB-XW-A6F0EC9456EB","LB-LOC-21259","LB-LOC-21259","21259","LB-GOV-C98952C33ACF","LB-DIST-04E4A90C353A","","Ouadi Chahrour Es-Soufla","وادي شحرور السفلى","وادي شحرور السفلي","SRC-NATIONAL-VILLAGE-MANIFEST","21259","Ouadi Chahrour Es-Soufla","وادي شحرور السفلى","","","exact-pcode","ADM3_PCODE=21259","1","accepted","none","owner-review-pending","2026-08-06T08:11:43.434Z","Exact stable ADM3_PCODE mapping; owner approval remains pending"
"LB-XW-3A412C758A93","LB-LOC-21416","LB-LOC-21416","21416","LB-GOV-C98952C33ACF","LB-DIST-04E4A90C353A","","Qalaat Baabda","القلعة","القلعة","SRC-NATIONAL-VILLAGE-MANIFEST","21416","Qalaat Baabda","القلعة","","","exact-pcode","ADM3_PCODE=21416","1","accepted","none","owner-review-pending","2026-08-06T08:11:43.434Z","Exact stable ADM3_PCODE mapping; owner approval remains pending"
"LB-XW-7236541AF78D","LB-LOC-21357","LB-LOC-21357","21357","LB-GOV-C98952C33ACF","LB-DIST-04E4A90C353A","","Qobbayaa","قبيع","قبيع","SRC-NATIONAL-VILLAGE-MANIFEST","21357","Qobbayaa","قبيع","","","exact-pcode","ADM3_PCODE=21357","1","accepted","none","owner-review-pending","2026-08-06T08:11:43.434Z","Exact stable ADM3_PCODE mapping; owner approval remains pending"
"LB-XW-80A49B9A990C","LB-LOC-21361","LB-LOC-21361","21361","LB-GOV-C98952C33ACF","LB-DIST-04E4A90C353A","","Qordata","قرطادة","قرطادة","SRC-NATIONAL-VILLAGE-MANIFEST","21361","Qordata","قرطادة","","","exact-pcode","ADM3_PCODE=21361","1","accepted","none","owner-review-pending","2026-08-06T08:11:43.434Z","Exact stable ADM3_PCODE mapping; owner approval remains pending"
"LB-XW-2D2B021108BE","LB-LOC-21456","LB-LOC-21456","21456","LB-GOV-C98952C33ACF","LB-DIST-04E4A90C353A","","Qornayel","قرنايل","قرنايل","SRC-NATIONAL-VILLAGE-MANIFEST","21456","Qornayel","قرنايل","","","exact-pcode","ADM3_PCODE=21456","1","accepted","none","owner-review-pending","2026-08-06T08:11:43.434Z","Exact stable ADM3_PCODE mapping; owner approval remains pending"
"LB-XW-8F6A9DDA359A","LB-LOC-21344","LB-LOC-21344","21344","LB-GOV-C98952C33ACF","LB-DIST-04E4A90C353A","","Qrayet Baabda","قرية","قرية","SRC-NATIONAL-VILLAGE-MANIFEST","21344","Qrayet Baabda","قرية","","","exact-pcode","ADM3_PCODE=21344","1","accepted","none","owner-review-pending","2026-08-06T08:11:43.434Z","Exact stable ADM3_PCODE mapping; owner approval remains pending"
"LB-XW-AC8EE61DF7E5","LB-LOC-21364","LB-LOC-21364","21364","LB-GOV-C98952C33ACF","LB-DIST-04E4A90C353A","","Qsaibeh Baabda","قصيبة","قصيبة","SRC-NATIONAL-VILLAGE-MANIFEST","21364","Qsaibeh Baabda","قصيبة","","","exact-pcode","ADM3_PCODE=21364","1","accepted","none","owner-review-pending","2026-08-06T08:11:43.434Z","Exact stable ADM3_PCODE mapping; owner approval remains pending"
"LB-XW-F981EB805B16","LB-LOC-21331","LB-LOC-21331","21331","LB-GOV-C98952C33ACF","LB-DIST-04E4A90C353A","","Qtaleh Baabda","قتالة","قتالة","SRC-NATIONAL-VILLAGE-MANIFEST","21331","Qtaleh Baabda","قتالة","","","exact-pcode","ADM3_PCODE=21331","1","accepted","none","owner-review-pending","2026-08-06T08:11:43.434Z","Exact stable ADM3_PCODE mapping; owner approval remains pending"
"LB-XW-AA7D3138FE72","LB-LOC-21351","LB-LOC-21351","21351","LB-GOV-C98952C33ACF","LB-DIST-04E4A90C353A","","Ras El Matn","راس المتن","راس المتن","SRC-NATIONAL-VILLAGE-MANIFEST","21351","Ras El Matn","راس المتن","","","exact-pcode","ADM3_PCODE=21351","1","accepted","none","owner-review-pending","2026-08-06T08:11:43.434Z","Exact stable ADM3_PCODE mapping; owner approval remains pending"
"LB-XW-99E9439B5C19","LB-LOC-21334","LB-LOC-21334","21334","LB-GOV-C98952C33ACF","LB-DIST-04E4A90C353A","","Ras El-Href","راس الحرف","راس الحرف","SRC-NATIONAL-VILLAGE-MANIFEST","21334","Ras El-Href","راس الحرف","","","exact-pcode","ADM3_PCODE=21334","1","accepted","none","owner-review-pending","2026-08-06T08:11:43.434Z","Exact stable ADM3_PCODE mapping; owner approval remains pending"
"LB-XW-BB75ED1112BF","LB-LOC-21317","LB-LOC-21317","21317","LB-GOV-C98952C33ACF","LB-DIST-04E4A90C353A","","Rouayssrt El-Ballout","رويسة البلوط","رويسة البلوط","SRC-NATIONAL-VILLAGE-MANIFEST","21317","Rouayssrt El-Ballout","رويسة البلوط","","","exact-pcode","ADM3_PCODE=21317","1","accepted","none","owner-review-pending","2026-08-06T08:11:43.434Z","Exact stable ADM3_PCODE mapping; owner approval remains pending"
"LB-XW-E1BCA281D827","LB-LOC-21394","LB-LOC-21394","21394","LB-GOV-C98952C33ACF","LB-DIST-04E4A90C353A","","Salima Baabda","صليما بعبدا","صليما بعبدا","SRC-NATIONAL-VILLAGE-MANIFEST","21394","Salima Baabda","صليما بعبدا","","","exact-pcode","ADM3_PCODE=21394","1","accepted","none","owner-review-pending","2026-08-06T08:11:43.434Z","Exact stable ADM3_PCODE mapping; owner approval remains pending"
"LB-XW-46777FB5D0E7","LB-LOC-21188","LB-LOC-21188","21188","LB-GOV-C98952C33ACF","LB-DIST-04E4A90C353A","","Tahouitat El Ghadir","تحويطة الغدير","تحويطة الغدير","SRC-NATIONAL-VILLAGE-MANIFEST","21188","Tahouitat El Ghadir","تحويطة الغدير","","","exact-pcode","ADM3_PCODE=21188","1","accepted","none","owner-review-pending","2026-08-06T08:11:43.434Z","Exact stable ADM3_PCODE mapping; owner approval remains pending"
"LB-XW-2375C17B3580","LB-LOC-21481","LB-LOC-21481","21481","LB-GOV-C98952C33ACF","LB-DIST-04E4A90C353A","","Tarchich","ترشيش","ترشيش","SRC-NATIONAL-VILLAGE-MANIFEST","21481","Tarchich","ترشيش","","","exact-pcode","ADM3_PCODE=21481","1","accepted","none","owner-review-pending","2026-08-06T08:11:43.434Z","Exact stable ADM3_PCODE mapping; owner approval remains pending"
"LB-XW-02A0FDB61ACF","LB-LOC-21374","LB-LOC-21374","21374","LB-GOV-C98952C33ACF","LB-DIST-04E4A90C353A","","Zandouqa","زندوقة","زندوقة","SRC-NATIONAL-VILLAGE-MANIFEST","21374","Zandouqa","زندوقة","","","exact-pcode","ADM3_PCODE=21374","1","accepted","none","owner-review-pending","2026-08-06T08:11:43.434Z","Exact stable ADM3_PCODE mapping; owner approval remains pending"
"LB-XW-DEBA0DE3D33E","LB-LOC-23627","LB-LOC-23627","23627","LB-GOV-C98952C33ACF","LB-DIST-A147AA5D4F3B","","Aain Ouzain","عين وزين","عين وزين","SRC-NATIONAL-VILLAGE-MANIFEST","23627","Aain Ouzain","عين وزين","","","exact-pcode","ADM3_PCODE=23627","1","accepted","none","owner-review-pending","2026-08-06T08:11:43.434Z","Exact stable ADM3_PCODE mapping; owner approval remains pending"
"LB-XW-9AB97AAD1C6C","LB-LOC-23619","LB-LOC-23619","23619","LB-GOV-C98952C33ACF","LB-DIST-A147AA5D4F3B","","Aain Qania","عين قني","عين قني","SRC-NATIONAL-VILLAGE-MANIFEST","23619","Aain Qania","عين قني","","","exact-pcode","ADM3_PCODE=23619","1","accepted","none","owner-review-pending","2026-08-06T08:11:43.434Z","Exact stable ADM3_PCODE mapping; owner approval remains pending"
"LB-XW-30DD48279E25","LB-LOC-23469","LB-LOC-23469","23469","LB-GOV-C98952C33ACF","LB-DIST-A147AA5D4F3B","","Aain Zhalta","عين زحلتا","عين زحلتا","SRC-NATIONAL-VILLAGE-MANIFEST","23469","Aain Zhalta","عين زحلتا","","","exact-pcode","ADM3_PCODE=23469","1","accepted","none","owner-review-pending","2026-08-06T08:11:43.434Z","Exact stable ADM3_PCODE mapping; owner approval remains pending"
"LB-XW-A7E418F486AB","LB-LOC-23533","LB-LOC-23533","23533","LB-GOV-C98952C33ACF","LB-DIST-A147AA5D4F3B","","Aainbal","عينبال","عينبال","SRC-NATIONAL-VILLAGE-MANIFEST","23533","Aainbal","عينبال","","","exact-pcode","ADM3_PCODE=23533","1","accepted","none","owner-review-pending","2026-08-06T08:11:43.434Z","Exact stable ADM3_PCODE mapping; owner approval remains pending"
"LB-XW-4577FF6223A5","LB-LOC-23311","LB-LOC-23311","23311","LB-GOV-C98952C33ACF","LB-DIST-A147AA5D4F3B","","Aalmane Ech-Chouf","علمان الشوف","علمان الشوف","SRC-NATIONAL-VILLAGE-MANIFEST","23311","Aalmane Ech-Chouf","علمان الشوف","","","exact-pcode","ADM3_PCODE=23311","1","accepted","none","owner-review-pending","2026-08-06T08:11:43.434Z","Exact stable ADM3_PCODE mapping; owner approval remains pending"
"LB-XW-259C41636322","LB-LOC-23639","LB-LOC-23639","23639","LB-GOV-C98952C33ACF","LB-DIST-A147AA5D4F3B","","Aammatour","عمّاطور","عماطور","SRC-NATIONAL-VILLAGE-MANIFEST","23639","Aammatour","عمّاطور","","","exact-pcode","ADM3_PCODE=23639","1","accepted","none","owner-review-pending","2026-08-06T08:11:43.434Z","Exact stable ADM3_PCODE mapping; owner approval remains pending"
"LB-XW-2C45956E630A","LB-LOC-23427","LB-LOC-23427","23427","LB-GOV-C98952C33ACF","LB-DIST-A147AA5D4F3B","","Aammiq Ech-Chouf","عميق الشوف","عميق الشوف","SRC-NATIONAL-VILLAGE-MANIFEST","23427","Aammiq Ech-Chouf","عميق الشوف","","","exact-pcode","ADM3_PCODE=23427","1","accepted","none","owner-review-pending","2026-08-06T08:11:43.434Z","Exact stable ADM3_PCODE mapping; owner approval remains pending"
"LB-XW-7E2F6D930727","LB-LOC-23239","LB-LOC-23239","23239","LB-GOV-C98952C33ACF","LB-DIST-A147AA5D4F3B","","Aanout","عانوت","عانوت","SRC-NATIONAL-VILLAGE-MANIFEST","23239","Aanout","عانوت","","","exact-pcode","ADM3_PCODE=23239","1","accepted","none","owner-review-pending","2026-08-06T08:11:43.434Z","Exact stable ADM3_PCODE mapping; owner approval remains pending"
"LB-XW-0AFC711518B8","LB-LOC-23544","LB-LOC-23544","23544","LB-GOV-C98952C33ACF","LB-DIST-A147AA5D4F3B","","Aathrine","عترين","عترين","SRC-NATIONAL-VILLAGE-MANIFEST","23544","Aathrine","عترين","","","exact-pcode","ADM3_PCODE=23544","1","accepted","none","owner-review-pending","2026-08-06T08:11:43.434Z","Exact stable ADM3_PCODE mapping; owner approval remains pending"
"LB-XW-21AAEE536969","LB-LOC-23631","LB-LOC-23631","23631","LB-GOV-C98952C33ACF","LB-DIST-A147AA5D4F3B","","Baadarane","بعدران","بعدران","SRC-NATIONAL-VILLAGE-MANIFEST","23631","Baadarane","بعدران","","","exact-pcode","ADM3_PCODE=23631","1","accepted","none","owner-review-pending","2026-08-06T08:11:43.434Z","Exact stable ADM3_PCODE mapping; owner approval remains pending"
"LB-XW-5ECC0331DB56","LB-LOC-23511","LB-LOC-23511","23511","LB-GOV-C98952C33ACF","LB-DIST-A147AA5D4F3B","","Baaqline","بعقلين","بعقلين","SRC-NATIONAL-VILLAGE-MANIFEST","23511","Baaqline","بعقلين","","","exact-pcode","ADM3_PCODE=23511","1","accepted","none","owner-review-pending","2026-08-06T08:11:43.434Z","Exact stable ADM3_PCODE mapping; owner approval remains pending"
"LB-XW-3E0C105257EB","LB-LOC-23255","LB-LOC-23255","23255","LB-GOV-C98952C33ACF","LB-DIST-A147AA5D4F3B","","Baassir","بعاصير","بعاصير","SRC-NATIONAL-VILLAGE-MANIFEST","23255","Baassir","بعاصير","","","exact-pcode","ADM3_PCODE=23255","1","accepted","none","owner-review-pending","2026-08-06T08:11:43.434Z","Exact stable ADM3_PCODE mapping; owner approval remains pending"
"LB-XW-B160604A69CB","LB-LOC-23251","LB-LOC-23251","23251","LB-GOV-C98952C33ACF","LB-DIST-A147AA5D4F3B","","Barja","برجا","برجا","SRC-NATIONAL-VILLAGE-MANIFEST","23251","Barja","برجا","","","exact-pcode","ADM3_PCODE=23251","1","accepted","none","owner-review-pending","2026-08-06T08:11:43.434Z","Exact stable ADM3_PCODE mapping; owner approval remains pending"
"LB-XW-3425EA83FD71","LB-LOC-23679","LB-LOC-23679","23679","LB-GOV-C98952C33ACF","LB-DIST-A147AA5D4F3B","","Barouk","الباروك","الباروك","SRC-NATIONAL-VILLAGE-MANIFEST","23679","Barouk","الباروك","","","exact-pcode","ADM3_PCODE=23679","1","accepted","none","owner-review-pending","2026-08-06T08:11:43.434Z","Exact stable ADM3_PCODE mapping; owner approval remains pending"
"LB-XW-D6AF7503F1BF","LB-LOC-23675","LB-LOC-23675","23675","LB-GOV-C98952C33ACF","LB-DIST-A147AA5D4F3B","","Bater","باتر","باتر","SRC-NATIONAL-VILLAGE-MANIFEST","23675","Bater","باتر","","","exact-pcode","ADM3_PCODE=23675","1","accepted","none","owner-review-pending","2026-08-06T08:11:43.434Z","Exact stable ADM3_PCODE mapping; owner approval remains pending"
"LB-XW-CB44F124D14F","LB-LOC-23663","LB-LOC-23663","23663","LB-GOV-C98952C33ACF","LB-DIST-A147AA5D4F3B","","Batloun","بتلون","بتلون","SRC-NATIONAL-VILLAGE-MANIFEST","23663","Batloun","بتلون","","","exact-pcode","ADM3_PCODE=23663","1","accepted","none","owner-review-pending","2026-08-06T08:11:43.434Z","Exact stable ADM3_PCODE mapping; owner approval remains pending"
"LB-XW-F6EB5CE6C355","LB-LOC-23687","LB-LOC-23687","23687","LB-GOV-C98952C33ACF","LB-DIST-A147AA5D4F3B","","Bayqoun","بيقون","بيقون","SRC-NATIONAL-VILLAGE-MANIFEST","23687","Bayqoun","بيقون","","","exact-pcode","ADM3_PCODE=23687","1","accepted","none","owner-review-pending","2026-08-06T08:11:43.434Z","Exact stable ADM3_PCODE mapping; owner approval remains pending"
"LB-XW-9B11AEE414A6","LB-LOC-23423","LB-LOC-23423","23423","LB-GOV-C98952C33ACF","LB-DIST-A147AA5D4F3B","","Bchtfine","بشتفين","بشتفين","SRC-NATIONAL-VILLAGE-MANIFEST","23423","Bchtfine","بشتفين","","","exact-pcode","ADM3_PCODE=23423","1","accepted","none","owner-review-pending","2026-08-06T08:11:43.434Z","Exact stable ADM3_PCODE mapping; owner approval remains pending"
"LB-XW-DDB567B9068D","LB-LOC-23411","LB-LOC-23411","23411","LB-GOV-C98952C33ACF","LB-DIST-A147AA5D4F3B","","Beit Ed-Dine","بيت الدين","بيت الدين","SRC-NATIONAL-VILLAGE-MANIFEST","23411","Beit Ed-Dine","بيت الدين","","","exact-pcode","ADM3_PCODE=23411","1","accepted","none","owner-review-pending","2026-08-06T08:11:43.434Z","Exact stable ADM3_PCODE mapping; owner approval remains pending"
"LB-XW-A972359A5B8B","LB-LOC-23263","LB-LOC-23263","23263","LB-GOV-C98952C33ACF","LB-DIST-A147AA5D4F3B","","Benouati Ech-Chouf","بنواتي","بنواتي","SRC-NATIONAL-VILLAGE-MANIFEST","23263","Benouati Ech-Chouf","بنواتي","","","exact-pcode","ADM3_PCODE=23263","1","accepted","none","owner-review-pending","2026-08-06T08:11:43.434Z","Exact stable ADM3_PCODE mapping; owner approval remains pending"
"LB-XW-DD4C37201DF3","LB-LOC-23451","LB-LOC-23451","23451","LB-GOV-C98952C33ACF","LB-DIST-A147AA5D4F3B","","Biret Ech-Chouf","بيرة","بيرة","SRC-NATIONAL-VILLAGE-MANIFEST","23451","Biret Ech-Chouf","بيرة","","","exact-pcode","ADM3_PCODE=23451","1","accepted","none","owner-review-pending","2026-08-06T08:11:43.434Z","Exact stable ADM3_PCODE mapping; owner approval remains pending"
"LB-XW-449CDAF22BF0","LB-LOC-23253","LB-LOC-23253","23253","LB-GOV-C98952C33ACF","LB-DIST-A147AA5D4F3B","","Bkechtine Ouel Mcheiaa","بكشتين","بكشتين","SRC-NATIONAL-VILLAGE-MANIFEST","23253","Bkechtine Ouel Mcheiaa","بكشتين","","","exact-pcode","ADM3_PCODE=23253","1","accepted","none","owner-review-pending","2026-08-06T08:11:43.434Z","Exact stable ADM3_PCODE mapping; owner approval remains pending"
"LB-XW-D71CB1D8A1BF","LB-LOC-23356","LB-LOC-23356","23356","LB-GOV-C98952C33ACF","LB-DIST-A147AA5D4F3B","","Bkifa Ech-Chouf","بكيفا","بكيفا","SRC-NATIONAL-VILLAGE-MANIFEST","23356","Bkifa Ech-Chouf","بكيفا","","","exact-pcode","ADM3_PCODE=23356","1","accepted","none","owner-review-pending","2026-08-06T08:11:43.434Z","Exact stable ADM3_PCODE mapping; owner approval remains pending"
"LB-XW-49498809C650","LB-LOC-23615","LB-LOC-23615","23615","LB-GOV-C98952C33ACF","LB-DIST-A147AA5D4F3B","","Botmeh","بطمة","بطمة","SRC-NATIONAL-VILLAGE-MANIFEST","23615","Botmeh","بطمة","","","exact-pcode","ADM3_PCODE=23615","1","accepted","none","owner-review-pending","2026-08-06T08:11:43.434Z","Exact stable ADM3_PCODE mapping; owner approval remains pending"
"LB-XW-DBCDFFC69A87","LB-LOC-23247","LB-LOC-23247","23247","LB-GOV-C98952C33ACF","LB-DIST-A147AA5D4F3B","","Bourjein","البرجين","البرجين","SRC-NATIONAL-VILLAGE-MANIFEST","23247","Bourjein","البرجين","","","exact-pcode","ADM3_PCODE=23247","1","accepted","none","owner-review-pending","2026-08-06T08:11:43.434Z","Exact stable ADM3_PCODE mapping; owner approval remains pending"
"LB-XW-A68FFBE4DE7E","LB-LOC-23457","LB-LOC-23457","23457","LB-GOV-C98952C33ACF","LB-DIST-A147AA5D4F3B","","Bqaiaa Ech-Chouf","بقيعة","بقيعة","SRC-NATIONAL-VILLAGE-MANIFEST","23457","Bqaiaa Ech-Chouf","بقيعة","","","exact-pcode","ADM3_PCODE=23457","1","accepted","none","owner-review-pending","2026-08-06T08:11:43.434Z","Exact stable ADM3_PCODE mapping; owner approval remains pending"
"LB-XW-45BE79794527","LB-LOC-23459","LB-LOC-23459","23459","LB-GOV-C98952C33ACF","LB-DIST-A147AA5D4F3B","","Brih","بريح","بريح","SRC-NATIONAL-VILLAGE-MANIFEST","23459","Brih","بريح","","","exact-pcode","ADM3_PCODE=23459","1","accepted","none","owner-review-pending","2026-08-06T08:11:43.434Z","Exact stable ADM3_PCODE mapping; owner approval remains pending"
"LB-XW-57A54E36297B","LB-LOC-23386","LB-LOC-23386","23386","LB-GOV-C98952C33ACF","LB-DIST-A147AA5D4F3B","","Bsaba Ech-Chouf","بسابا","بسابا","SRC-NATIONAL-VILLAGE-MANIFEST","23386","Bsaba Ech-Chouf","بسابا","","","exact-pcode","ADM3_PCODE=23386","1","accepted","none","owner-review-pending","2026-08-06T08:11:43.434Z","Exact stable ADM3_PCODE mapping; owner approval remains pending"
"LB-XW-B49B885D514F","LB-LOC-23223","LB-LOC-23223","23223","LB-GOV-C98952C33ACF","LB-DIST-A147AA5D4F3B","","Chammis Ech-Chouf","شميس","شميس","SRC-NATIONAL-VILLAGE-MANIFEST","23223","Chammis Ech-Chouf","شميس","","","exact-pcode","ADM3_PCODE=23223","1","accepted","none","owner-review-pending","2026-08-06T08:11:43.434Z","Exact stable ADM3_PCODE mapping; owner approval remains pending"
"LB-XW-0680E33ADBF2","LB-LOC-23211","LB-LOC-23211","23211","LB-GOV-C98952C33ACF","LB-DIST-A147AA5D4F3B","","Chhim","شحيم","شحيم","SRC-NATIONAL-VILLAGE-MANIFEST","23211","Chhim","شحيم","","","exact-pcode","ADM3_PCODE=23211","1","accepted","none","owner-review-pending","2026-08-06T08:11:43.434Z","Exact stable ADM3_PCODE mapping; owner approval remains pending"
"LB-XW-77653EC60490","LB-LOC-23275","LB-LOC-23275","23275","LB-GOV-C98952C33ACF","LB-DIST-A147AA5D4F3B","","Chmaarine","شمعرين","شمعرين","SRC-NATIONAL-VILLAGE-MANIFEST","23275","Chmaarine","شمعرين","","","exact-pcode","ADM3_PCODE=23275","1","accepted","none","owner-review-pending","2026-08-06T08:11:43.434Z","Exact stable ADM3_PCODE mapping; owner approval remains pending"
"LB-XW-C5F8DB2DD76F","LB-LOC-23453","LB-LOC-23453","23453","LB-GOV-C98952C33ACF","LB-DIST-A147AA5D4F3B","","Chourit","شوريت","شوريت","SRC-NATIONAL-VILLAGE-MANIFEST","23453","Chourit","شوريت","","","exact-pcode","ADM3_PCODE=23453","1","accepted","none","owner-review-pending","2026-08-06T08:11:43.434Z","Exact stable ADM3_PCODE mapping; owner approval remains pending"
"LB-XW-4A9BEFEBD3E1","LB-LOC-23279","LB-LOC-23279","23279","LB-GOV-C98952C33ACF","LB-DIST-A147AA5D4F3B","","Dahr Ech-Chouf","ضهر المغارة","ضهر المغارة","SRC-NATIONAL-VILLAGE-MANIFEST","23279","Dahr Ech-Chouf","ضهر المغارة","","","exact-pcode","ADM3_PCODE=23279","1","accepted","none","owner-review-pending","2026-08-06T08:11:43.434Z","Exact stable ADM3_PCODE mapping; owner approval remains pending"
"LB-XW-FD531599FF9B","LB-LOC-23219","LB-LOC-23219","23219","LB-GOV-C98952C33ACF","LB-DIST-A147AA5D4F3B","","Dalhoun","دلهون","دلهون","SRC-NATIONAL-VILLAGE-MANIFEST","23219","Dalhoun","دلهون","","","exact-pcode","ADM3_PCODE=23219","1","accepted","none","owner-review-pending","2026-08-06T08:11:43.434Z","Exact stable ADM3_PCODE mapping; owner approval remains pending"
"LB-XW-F3AA1109F8A7","LB-LOC-23111","LB-LOC-23111","23111","LB-GOV-C98952C33ACF","LB-DIST-A147AA5D4F3B","","Damour","الدامور","الدامور","SRC-NATIONAL-VILLAGE-MANIFEST","23111","Damour","الدامور","","","exact-pcode","ADM3_PCODE=23111","1","accepted","none","owner-review-pending","2026-08-06T08:11:43.434Z","Exact stable ADM3_PCODE mapping; owner approval remains pending"
"LB-XW-B518D9A8660B","LB-LOC-23227","LB-LOC-23227","23227","LB-GOV-C98952C33ACF","LB-DIST-A147AA5D4F3B","","Daraiya Ech-Chouf","داريا الشوف","داريا الشوف","SRC-NATIONAL-VILLAGE-MANIFEST","23227","Daraiya Ech-Chouf","داريا الشوف","","","exact-pcode","ADM3_PCODE=23227","1","accepted","none","owner-review-pending","2026-08-06T08:11:43.434Z","Exact stable ADM3_PCODE mapping; owner approval remains pending"
"LB-XW-E8056DECFC1B","LB-LOC-23435","LB-LOC-23435","23435","LB-GOV-C98952C33ACF","LB-DIST-A147AA5D4F3B","","Deir Baba","دير بابا","دير بابا","SRC-NATIONAL-VILLAGE-MANIFEST","23435","Deir Baba","دير بابا","","","exact-pcode","ADM3_PCODE=23435","1","accepted","none","owner-review-pending","2026-08-06T08:11:43.434Z","Exact stable ADM3_PCODE mapping; owner approval remains pending"
"LB-XW-235F1AAB671A","LB-LOC-23522","LB-LOC-23522","23522","LB-GOV-C98952C33ACF","LB-DIST-A147AA5D4F3B","","Deir Dourit","دير دوريت","دير دوريت","SRC-NATIONAL-VILLAGE-MANIFEST","23522","Deir Dourit","دير دوريت","","","exact-pcode","ADM3_PCODE=23522","1","accepted","none","owner-review-pending","2026-08-06T08:11:43.434Z","Exact stable ADM3_PCODE mapping; owner approval remains pending"
"LB-XW-8980437D77A5","LB-LOC-23346","LB-LOC-23346","23346","LB-GOV-C98952C33ACF","LB-DIST-A147AA5D4F3B","","Deir El-Moukhalles Ech-Chouf","دير المخلص الشوف","دير المخلص الشوف","SRC-NATIONAL-VILLAGE-MANIFEST","23346","Deir El-Moukhalles Ech-Chouf","دير المخلص الشوف","","","exact-pcode","ADM3_PCODE=23346","1","accepted","none","owner-review-pending","2026-08-06T08:11:43.434Z","Exact stable ADM3_PCODE mapping; owner approval remains pending"
"LB-XW-9CA5BD5EE26F","LB-LOC-23413","LB-LOC-23413","23413","LB-GOV-C98952C33ACF","LB-DIST-A147AA5D4F3B","","Deir El-Qamar","دير القمر","دير القمر","SRC-NATIONAL-VILLAGE-MANIFEST","23413","Deir El-Qamar","دير القمر","","","exact-pcode","ADM3_PCODE=23413","1","accepted","none","owner-review-pending","2026-08-06T08:11:43.434Z","Exact stable ADM3_PCODE mapping; owner approval remains pending"
"LB-XW-66824D45CFC4","LB-LOC-23429","LB-LOC-23429","23429","LB-GOV-C98952C33ACF","LB-DIST-A147AA5D4F3B","","Deir Koucheh","دير كوشه","دير كوشه","SRC-NATIONAL-VILLAGE-MANIFEST","23429","Deir Koucheh","دير كوشه","","","exact-pcode","ADM3_PCODE=23429","1","accepted","none","owner-review-pending","2026-08-06T08:11:43.434Z","Exact stable ADM3_PCODE mapping; owner approval remains pending"
"LB-XW-A9EC21E405CB","LB-LOC-23259","LB-LOC-23259","23259","LB-GOV-C98952C33ACF","LB-DIST-A147AA5D4F3B","","Dibbiyeh","دبية","دبية","SRC-NATIONAL-VILLAGE-MANIFEST","23259","Dibbiyeh","دبية","","","exact-pcode","ADM3_PCODE=23259","1","accepted","none","owner-review-pending","2026-08-06T08:11:43.434Z","Exact stable ADM3_PCODE mapping; owner approval remains pending"
"LB-XW-9C0291749405","LB-LOC-23447","LB-LOC-23447","23447","LB-GOV-C98952C33ACF","LB-DIST-A147AA5D4F3B","","Dmit","دميت","دميت","SRC-NATIONAL-VILLAGE-MANIFEST","23447","Dmit","دميت","","","exact-pcode","ADM3_PCODE=23447","1","accepted","none","owner-review-pending","2026-08-06T08:11:43.434Z","Exact stable ADM3_PCODE mapping; owner approval remains pending"
"LB-XW-C970EA65D62B","LB-LOC-23449","LB-LOC-23449","23449","LB-GOV-C98952C33ACF","LB-DIST-A147AA5D4F3B","","Faouarat Jaafar","فوارة جعفر","فوارة جعفر","SRC-NATIONAL-VILLAGE-MANIFEST","23449","Faouarat Jaafar","فوارة جعفر","","","exact-pcode","ADM3_PCODE=23449","1","accepted","none","owner-review-pending","2026-08-06T08:11:43.434Z","Exact stable ADM3_PCODE mapping; owner approval remains pending"
"LB-XW-DFEE547A6F5D","LB-LOC-23467","LB-LOC-23467","23467","LB-GOV-C98952C33ACF","LB-DIST-A147AA5D4F3B","","Fraudis Ech-Chouf","فريديس الشوف","فريديس الشوف","SRC-NATIONAL-VILLAGE-MANIFEST","23467","Fraudis Ech-Chouf","فريديس الشوف","","","exact-pcode","ADM3_PCODE=23467","1","accepted","none","owner-review-pending","2026-08-06T08:11:43.434Z","Exact stable ADM3_PCODE mapping; owner approval remains pending"
"LB-XW-AB8C78FBA916","LB-LOC-23438","LB-LOC-23438","23438","LB-GOV-C98952C33ACF","LB-DIST-A147AA5D4F3B","","GHabet Jaafar","غابة جعفر","غابة جعفر","SRC-NATIONAL-VILLAGE-MANIFEST","23438","GHabet Jaafar","غابة جعفر","","","exact-pcode","ADM3_PCODE=23438","1","accepted","none","owner-review-pending","2026-08-06T08:11:43.434Z","Exact stable ADM3_PCODE mapping; owner approval remains pending"
"LB-XW-7B9E18FA5E61","LB-LOC-23566","LB-LOC-23566","23566","LB-GOV-C98952C33ACF","LB-DIST-A147AA5D4F3B","","Gharifeh","غريفة","غريفة","SRC-NATIONAL-VILLAGE-MANIFEST","23566","Gharifeh","غريفة","","","exact-pcode","ADM3_PCODE=23566","1","accepted","none","owner-review-pending","2026-08-06T08:11:43.434Z","Exact stable ADM3_PCODE mapping; owner approval remains pending"
"LB-XW-87FEEBF41D8D","LB-LOC-23647","LB-LOC-23647","23647","LB-GOV-C98952C33ACF","LB-DIST-A147AA5D4F3B","","Haret Jandal","حارة جندل","حارة جندل","SRC-NATIONAL-VILLAGE-MANIFEST","23647","Haret Jandal","حارة جندل","","","exact-pcode","ADM3_PCODE=23647","1","accepted","none","owner-review-pending","2026-08-06T08:11:43.434Z","Exact stable ADM3_PCODE mapping; owner approval remains pending"
"LB-XW-2CB3280ED3EE","LB-LOC-23588","LB-LOC-23588","23588","LB-GOV-C98952C33ACF","LB-DIST-A147AA5D4F3B","","Hasrout","حصروت","حصروت","SRC-NATIONAL-VILLAGE-MANIFEST","23588","Hasrout","حصروت","","","exact-pcode","ADM3_PCODE=23588","1","accepted","none","owner-review-pending","2026-08-06T08:11:43.434Z","Exact stable ADM3_PCODE mapping; owner approval remains pending"
"LB-XW-7200C0F5946D","LB-LOC-23271","LB-LOC-23271","23271","LB-GOV-C98952C33ACF","LB-DIST-A147AA5D4F3B","","Jadra","جدرا","جدرا","SRC-NATIONAL-VILLAGE-MANIFEST","23271","Jadra","جدرا","","","exact-pcode","ADM3_PCODE=23271","1","accepted","none","owner-review-pending","2026-08-06T08:11:43.434Z","Exact stable ADM3_PCODE mapping; owner approval remains pending"
"LB-XW-E3545D1139A5","LB-LOC-23577","LB-LOC-23577","23577","LB-GOV-C98952C33ACF","LB-DIST-A147AA5D4F3B","","Jahliyeh","جاهلية","جاهلية","SRC-NATIONAL-VILLAGE-MANIFEST","23577","Jahliyeh","جاهلية","","","exact-pcode","ADM3_PCODE=23577","1","accepted","none","owner-review-pending","2026-08-06T08:11:43.434Z","Exact stable ADM3_PCODE mapping; owner approval remains pending"
"LB-XW-1D6E6C838D50","LB-LOC-23671","LB-LOC-23671","23671","LB-GOV-C98952C33ACF","LB-DIST-A147AA5D4F3B","","Jbaa Ech-Chouf","جباع","جباع","SRC-NATIONAL-VILLAGE-MANIFEST","23671","Jbaa Ech-Chouf","جباع","","","exact-pcode","ADM3_PCODE=23671","1","accepted","none","owner-review-pending","2026-08-06T08:11:43.434Z","Exact stable ADM3_PCODE mapping; owner approval remains pending"
"LB-XW-0CA44423B964","LB-LOC-23623","LB-LOC-23623","23623","LB-GOV-C98952C33ACF","LB-DIST-A147AA5D4F3B","","Jdeidet Ech-Chouf","جديدة الشوف","جديدة الشوف","SRC-NATIONAL-VILLAGE-MANIFEST","23623","Jdeidet Ech-Chouf","جديدة الشوف","","","exact-pcode","ADM3_PCODE=23623","1","accepted","none","owner-review-pending","2026-08-06T08:11:43.434Z","Exact stable ADM3_PCODE mapping; owner approval remains pending"
"LB-XW-D49345D43D73","LB-LOC-23267","LB-LOC-23267","23267","LB-GOV-C98952C33ACF","LB-DIST-A147AA5D4F3B","","Jiyeh","جية","جية","SRC-NATIONAL-VILLAGE-MANIFEST","23267","Jiyeh","جية","","","exact-pcode","ADM3_PCODE=23267","1","accepted","none","owner-review-pending","2026-08-06T08:11:43.434Z","Exact stable ADM3_PCODE mapping; owner approval remains pending"
"LB-XW-4CD8682E1B92","LB-LOC-23376","LB-LOC-23376","23376","LB-GOV-C98952C33ACF","LB-DIST-A147AA5D4F3B","","Jleiliyeh","جليلية","جليلية","SRC-NATIONAL-VILLAGE-MANIFEST","23376","Jleiliyeh","جليلية","","","exact-pcode","ADM3_PCODE=23376","1","accepted","none","owner-review-pending","2026-08-06T08:11:43.434Z","Exact stable ADM3_PCODE mapping; owner approval remains pending"
"LB-XW-CFEE0E0CB303","LB-LOC-23316","LB-LOC-23316","23316","LB-GOV-C98952C33ACF","LB-DIST-A147AA5D4F3B","","Jmailiyeh","جميلية","جميلية","SRC-NATIONAL-VILLAGE-MANIFEST","23316","Jmailiyeh","جميلية","","","exact-pcode","ADM3_PCODE=23316","1","accepted","none","owner-review-pending","2026-08-06T08:11:43.434Z","Exact stable ADM3_PCODE mapping; owner approval remains pending"
"LB-XW-74606636AC6F","LB-LOC-23336","LB-LOC-23336","23336","LB-GOV-C98952C33ACF","LB-DIST-A147AA5D4F3B","","Joun","جون","جون","SRC-NATIONAL-VILLAGE-MANIFEST","23336","Joun","جون","","","exact-pcode","ADM3_PCODE=23336","1","accepted","none","owner-review-pending","2026-08-06T08:11:43.434Z","Exact stable ADM3_PCODE mapping; owner approval remains pending"
"LB-XW-6D5161C5B3EA","LB-LOC-23643","LB-LOC-23643","23643","LB-GOV-C98952C33ACF","LB-DIST-A147AA5D4F3B","","Kahlouniet Ech-Chouf","كحلونية الشوف","كحلونية الشوف","SRC-NATIONAL-VILLAGE-MANIFEST","23643","Kahlouniet Ech-Chouf","كحلونية الشوف","","","exact-pcode","ADM3_PCODE=23643","1","accepted","none","owner-review-pending","2026-08-06T08:11:43.434Z","Exact stable ADM3_PCODE mapping; owner approval remains pending"
"LB-XW-9A7B656BD47E","LB-LOC-23231","LB-LOC-23231","23231","LB-GOV-C98952C33ACF","LB-DIST-A147AA5D4F3B","","Ketermaya","كترمايا","كترمايا","SRC-NATIONAL-VILLAGE-MANIFEST","23231","Ketermaya","كترمايا","","","exact-pcode","ADM3_PCODE=23231","1","accepted","none","owner-review-pending","2026-08-06T08:11:43.434Z","Exact stable ADM3_PCODE mapping; owner approval remains pending"
"LB-XW-4398135CEEB6","LB-LOC-23433","LB-LOC-23433","23433","LB-GOV-C98952C33ACF","LB-DIST-A147AA5D4F3B","","Kfar Faqoud","كفرفاقود","كفرفاقود","SRC-NATIONAL-VILLAGE-MANIFEST","23433","Kfar Faqoud","كفرفاقود","","","exact-pcode","ADM3_PCODE=23433","1","accepted","none","owner-review-pending","2026-08-06T08:11:43.434Z","Exact stable ADM3_PCODE mapping; owner approval remains pending"
"LB-XW-6648F06BB606","LB-LOC-23415","LB-LOC-23415","23415","LB-GOV-C98952C33ACF","LB-DIST-A147AA5D4F3B","","Kfar Hamal","كفر حمل","كفر حمل","SRC-NATIONAL-VILLAGE-MANIFEST","23415","Kfar Hamal","كفر حمل","","","exact-pcode","ADM3_PCODE=23415","1","accepted","none","owner-review-pending","2026-08-06T08:11:43.434Z","Exact stable ADM3_PCODE mapping; owner approval remains pending"
"LB-XW-8C7190CDDACE","LB-LOC-23454","LB-LOC-23454","23454","LB-GOV-C98952C33ACF","LB-DIST-A147AA5D4F3B","","Kfar hay","كفر حي","كفر حي","SRC-NATIONAL-VILLAGE-MANIFEST","23454","Kfar hay","كفر حي","","","exact-pcode","ADM3_PCODE=23454","1","accepted","none","owner-review-pending","2026-08-06T08:11:43.434Z","Exact stable ADM3_PCODE mapping; owner approval remains pending"
"LB-XW-332463D49500","LB-LOC-23439","LB-LOC-23439","23439","LB-GOV-C98952C33ACF","LB-DIST-A147AA5D4F3B","","Kfar Him","كفرحيم","كفرحيم","SRC-NATIONAL-VILLAGE-MANIFEST","23439","Kfar Him","كفرحيم","","","exact-pcode","ADM3_PCODE=23439","1","accepted","none","owner-review-pending","2026-08-06T08:11:43.434Z","Exact stable ADM3_PCODE mapping; owner approval remains pending"
"LB-XW-191FB94ACE02","LB-LOC-23655","LB-LOC-23655","23655","LB-GOV-C98952C33ACF","LB-DIST-A147AA5D4F3B","","Kfar Nabrakh","كفرنبرخ","كفرنبرخ","SRC-NATIONAL-VILLAGE-MANIFEST","23655","Kfar Nabrakh","كفرنبرخ","","","exact-pcode","ADM3_PCODE=23655","1","accepted","none","owner-review-pending","2026-08-06T08:11:43.434Z","Exact stable ADM3_PCODE mapping; owner approval remains pending"
"LB-XW-3DCDF14FEF5F","LB-LOC-23455","LB-LOC-23455","23455","LB-GOV-C98952C33ACF","LB-DIST-A147AA5D4F3B","","Kfar Niss","كفرنيس","كفرنيس","SRC-NATIONAL-VILLAGE-MANIFEST","23455","Kfar Niss","كفرنيس","","","exact-pcode","ADM3_PCODE=23455","1","accepted","none","owner-review-pending","2026-08-06T08:11:43.434Z","Exact stable ADM3_PCODE mapping; owner approval remains pending"
"LB-XW-E21BF5C0E802","LB-LOC-23419","LB-LOC-23419","23419","LB-GOV-C98952C33ACF","LB-DIST-A147AA5D4F3B","","Kfar Qatra","كفرقطرة","كفرقطرة","SRC-NATIONAL-VILLAGE-MANIFEST","23419","Kfar Qatra","كفرقطرة","","","exact-pcode","ADM3_PCODE=23419","1","accepted","none","owner-review-pending","2026-08-06T08:11:43.434Z","Exact stable ADM3_PCODE mapping; owner approval remains pending"
"LB-XW-4215608A6403","LB-LOC-23635","LB-LOC-23635","23635","LB-GOV-C98952C33ACF","LB-DIST-A147AA5D4F3B","","Khereibet Ech-Chouf","خريبة الشوف","خريبة الشوف","SRC-NATIONAL-VILLAGE-MANIFEST","23635","Khereibet Ech-Chouf","خريبة الشوف","","","exact-pcode","ADM3_PCODE=23635","1","accepted","none","owner-review-pending","2026-08-06T08:11:43.434Z","Exact stable ADM3_PCODE mapping; owner approval remains pending"
"LB-XW-F95E3C496FF3","LB-LOC-23371","LB-LOC-23371","23371","LB-GOV-C98952C33ACF","LB-DIST-A147AA5D4F3B","","Khirbet Bisri","خربة بسري","خربة بسري","SRC-NATIONAL-VILLAGE-MANIFEST","23371","Khirbet Bisri","خربة بسري","","","exact-pcode","ADM3_PCODE=23371","1","accepted","none","owner-review-pending","2026-08-06T08:11:43.434Z","Exact stable ADM3_PCODE mapping; owner approval remains pending"
"LB-XW-55653C1C46AC","LB-LOC-23425","LB-LOC-23425","23425","LB-GOV-C98952C33ACF","LB-DIST-A147AA5D4F3B","","Kneisset Ech-Chouf","كنيسة الشوف","كنيسة الشوف","SRC-NATIONAL-VILLAGE-MANIFEST","23425","Kneisset Ech-Chouf","كنيسة الشوف","","","exact-pcode","ADM3_PCODE=23425","1","accepted","none","owner-review-pending","2026-08-06T08:11:43.434Z","Exact stable ADM3_PCODE mapping; owner approval remains pending"
"LB-XW-FF3315C52652","LB-LOC-23235","LB-LOC-23235","23235","LB-GOV-C98952C33ACF","LB-DIST-A147AA5D4F3B","","Maaniyeh","معنيه","معنيه","SRC-NATIONAL-VILLAGE-MANIFEST","23235","Maaniyeh","معنيه","","","exact-pcode","ADM3_PCODE=23235","1","accepted","none","owner-review-pending","2026-08-06T08:11:43.434Z","Exact stable ADM3_PCODE mapping; owner approval remains pending"
"LB-XW-DE8DAF66B5A6","LB-LOC-23421","LB-LOC-23421","23421","LB-GOV-C98952C33ACF","LB-DIST-A147AA5D4F3B","","Maasser Beit Ed-Dine","معاصر بيت الدين","معاصر بيت الدين","SRC-NATIONAL-VILLAGE-MANIFEST","23421","Maasser Beit Ed-Dine","معاصر بيت الدين","","","exact-pcode","ADM3_PCODE=23421","1","accepted","none","owner-review-pending","2026-08-06T08:11:43.434Z","Exact stable ADM3_PCODE mapping; owner approval remains pending"
"LB-XW-DE44BF45FCDF","LB-LOC-23667","LB-LOC-23667","23667","LB-GOV-C98952C33ACF","LB-DIST-A147AA5D4F3B","","Maasser Ech-Chouf","معاصر الشوف","معاصر الشوف","SRC-NATIONAL-VILLAGE-MANIFEST","23667","Maasser Ech-Chouf","معاصر الشوف","","","exact-pcode","ADM3_PCODE=23667","1","accepted","none","owner-review-pending","2026-08-06T08:11:43.434Z","Exact stable ADM3_PCODE mapping; owner approval remains pending"
"LB-XW-7A4697266F3F","LB-LOC-23326","LB-LOC-23326","23326","LB-GOV-C98952C33ACF","LB-DIST-A147AA5D4F3B","","Majdalouna","مجدلونا","مجدلونا","SRC-NATIONAL-VILLAGE-MANIFEST","23326","Majdalouna","مجدلونا","","","exact-pcode","ADM3_PCODE=23326","1","accepted","none","owner-review-pending","2026-08-06T08:11:43.434Z","Exact stable ADM3_PCODE mapping; owner approval remains pending"
"LB-XW-12771E8E6A24","LB-LOC-23445","LB-LOC-23445","23445","LB-GOV-C98952C33ACF","LB-DIST-A147AA5D4F3B","","Majdel El-Meouch","مجدل المعوش","مجدل المعوش","SRC-NATIONAL-VILLAGE-MANIFEST","23445","Majdel El-Meouch","مجدل المعوش","","","exact-pcode","ADM3_PCODE=23445","1","accepted","none","owner-review-pending","2026-08-06T08:11:43.434Z","Exact stable ADM3_PCODE mapping; owner approval remains pending"
"LB-XW-6532D592431B","LB-LOC-23215","LB-LOC-23215","23215","LB-GOV-C98952C33ACF","LB-DIST-A147AA5D4F3B","","Mazboud","مزبود","مزبود","SRC-NATIONAL-VILLAGE-MANIFEST","23215","Mazboud","مزبود","","","exact-pcode","ADM3_PCODE=23215","1","accepted","none","owner-review-pending","2026-08-06T08:11:43.434Z","Exact stable ADM3_PCODE mapping; owner approval remains pending"
"LB-XW-46F9CB6D6A9D","LB-LOC-23361","LB-LOC-23361","23361","LB-GOV-C98952C33ACF","LB-DIST-A147AA5D4F3B","","Mazmoura","مزمورة","مزمورة","SRC-NATIONAL-VILLAGE-MANIFEST","23361","Mazmoura","مزمورة","","","exact-pcode","ADM3_PCODE=23361","1","accepted","none","owner-review-pending","2026-08-06T08:11:43.434Z","Exact stable ADM3_PCODE mapping; owner approval remains pending"
"LB-XW-631A224ED0C0","LB-LOC-23651","LB-LOC-23651","23651","LB-GOV-C98952C33ACF","LB-DIST-A147AA5D4F3B","","Mazraat Ech-Chouf","مزرعة","مزرعة","SRC-NATIONAL-VILLAGE-MANIFEST","23651","Mazraat Ech-Chouf","مزرعة","","","exact-pcode","ADM3_PCODE=23651","1","accepted","none","owner-review-pending","2026-08-06T08:11:43.434Z","Exact stable ADM3_PCODE mapping; owner approval remains pending"
"LB-XW-5172C5F0FC2B","LB-LOC-23431","LB-LOC-23431","23431","LB-GOV-C98952C33ACF","LB-DIST-A147AA5D4F3B","","Mazraat Ed-Douair","مزرعة الدوير","مزرعة الدوير","SRC-NATIONAL-VILLAGE-MANIFEST","23431","Mazraat Ed-Douair","مزرعة الدوير","","","exact-pcode","ADM3_PCODE=23431","1","accepted","none","owner-review-pending","2026-08-06T08:11:43.434Z","Exact stable ADM3_PCODE mapping; owner approval remains pending"
"LB-XW-FCA833AF1FF7","LB-LOC-23366","LB-LOC-23366","23366","LB-GOV-C98952C33ACF","LB-DIST-A147AA5D4F3B","","Mazraat Es-Dahr","مزرعة الضهر","مزرعة الضهر","SRC-NATIONAL-VILLAGE-MANIFEST","23366","Mazraat Es-Dahr","مزرعة الضهر","","","exact-pcode","ADM3_PCODE=23366","1","accepted","none","owner-review-pending","2026-08-06T08:11:43.434Z","Exact stable ADM3_PCODE mapping; owner approval remains pending"
"LB-XW-C1AB04BF9B38","LB-LOC-23171","LB-LOC-23171","23171","LB-GOV-C98952C33ACF","LB-DIST-A147AA5D4F3B","","Mechref","مشرف","مشرف","SRC-NATIONAL-VILLAGE-MANIFEST","23171","Mechref","مشرف","","","exact-pcode","ADM3_PCODE=23171","1","accepted","none","owner-review-pending","2026-08-06T08:11:43.434Z","Exact stable ADM3_PCODE mapping; owner approval remains pending"
"LB-XW-18198174A973","LB-LOC-23341","LB-LOC-23341","23341","LB-GOV-C98952C33ACF","LB-DIST-A147AA5D4F3B","","Mghairiyeh Ech-Chouf","مغيرية الشوف","مغيرية الشوف","SRC-NATIONAL-VILLAGE-MANIFEST","23341","Mghairiyeh Ech-Chouf","مغيرية الشوف","","","exact-pcode","ADM3_PCODE=23341","1","accepted","none","owner-review-pending","2026-08-06T08:11:43.434Z","Exact stable ADM3_PCODE mapping; owner approval remains pending"
"LB-XW-FA3865A3770D","LB-LOC-23461","LB-LOC-23461","23461","LB-GOV-C98952C33ACF","LB-DIST-A147AA5D4F3B","","Moughayret Ech-Chouf","مغيره","مغيره","SRC-NATIONAL-VILLAGE-MANIFEST","23461","Moughayret Ech-Chouf","مغيره","","","exact-pcode","ADM3_PCODE=23461","1","accepted","none","owner-review-pending","2026-08-06T08:11:43.434Z","Exact stable ADM3_PCODE mapping; owner approval remains pending"
"LB-XW-43DDCD98F5D5","LB-LOC-23611","LB-LOC-23611","23611","LB-GOV-C98952C33ACF","LB-DIST-A147AA5D4F3B","","Moukhtara","مختارة","مختارة","SRC-NATIONAL-VILLAGE-MANIFEST","23611","Moukhtara","مختارة","","","exact-pcode","ADM3_PCODE=23611","1","accepted","none","owner-review-pending","2026-08-06T08:11:43.434Z","Exact stable ADM3_PCODE mapping; owner approval remains pending"
"LB-XW-11FEB7551F0F","LB-LOC-23659","LB-LOC-23659","23659","LB-GOV-C98952C33ACF","LB-DIST-A147AA5D4F3B","","Mristi","مرستى","مرستي","SRC-NATIONAL-VILLAGE-MANIFEST","23659","Mristi","مرستى","","","exact-pcode","ADM3_PCODE=23659","1","accepted","none","owner-review-pending","2026-08-06T08:11:43.434Z","Exact stable ADM3_PCODE mapping; owner approval remains pending"
"LB-XW-AFF512351440","LB-LOC-23365","LB-LOC-23365","23365","LB-GOV-C98952C33ACF","LB-DIST-A147AA5D4F3B","","Mtolleh","مطله","مطله","SRC-NATIONAL-VILLAGE-MANIFEST","23365","Mtolleh","مطله","","","exact-pcode","ADM3_PCODE=23365","1","accepted","none","owner-review-pending","2026-08-06T08:11:43.434Z","Exact stable ADM3_PCODE mapping; owner approval remains pending"
"LB-XW-A00B3426E68C","LB-LOC-23141","LB-LOC-23141","23141","LB-GOV-C98952C33ACF","LB-DIST-A147AA5D4F3B","","Naameh","ناعمه","ناعمه","SRC-NATIONAL-VILLAGE-MANIFEST","23141","Naameh","ناعمه","","","exact-pcode","ADM3_PCODE=23141","1","accepted","none","owner-review-pending","2026-08-06T08:11:43.434Z","Exact stable ADM3_PCODE mapping; owner approval remains pending"
"LB-XW-AC820E35BFCD","LB-LOC-23625","LB-LOC-23625","23625","LB-GOV-C98952C33ACF","LB-DIST-A147AA5D4F3B","","Niha El-Chouf","نيحا","نيحا","SRC-NATIONAL-VILLAGE-MANIFEST","23625","Niha El-Chouf","نيحا","","","exact-pcode","ADM3_PCODE=23625","1","accepted","none","owner-review-pending","2026-08-06T08:11:43.434Z","Exact stable ADM3_PCODE mapping; owner approval remains pending"
"LB-XW-98F25D33F657","LB-LOC-23237","LB-LOC-23237","23237","LB-GOV-C98952C33ACF","LB-DIST-A147AA5D4F3B","","Ouadi Abou Youssef","وادي ابو يوسف","وادي ابو يوسف","SRC-NATIONAL-VILLAGE-MANIFEST","23237","Ouadi Abou Youssef","وادي ابو يوسف","","","exact-pcode","ADM3_PCODE=23237","1","accepted","none","owner-review-pending","2026-08-06T08:11:43.434Z","Exact stable ADM3_PCODE mapping; owner approval remains pending"
"LB-XW-0F0FA7B17F2F","LB-LOC-23555","LB-LOC-23555","23555","LB-GOV-C98952C33ACF","LB-DIST-A147AA5D4F3B","","Ouadi bnehlay","وادي بنحليه","وادي بنحليه","SRC-NATIONAL-VILLAGE-MANIFEST","23555","Ouadi bnehlay","وادي بنحليه","","","exact-pcode","ADM3_PCODE=23555","1","accepted","none","owner-review-pending","2026-08-06T08:11:43.434Z","Exact stable ADM3_PCODE mapping; owner approval remains pending"
"LB-XW-C7D02F9A1936","LB-LOC-23441","LB-LOC-23441","23441","LB-GOV-C98952C33ACF","LB-DIST-A147AA5D4F3B","","Ouadi Ed-Deir","وادي الدير","وادي الدير","SRC-NATIONAL-VILLAGE-MANIFEST","23441","Ouadi Ed-Deir","وادي الدير","","","exact-pcode","ADM3_PCODE=23441","1","accepted","none","owner-review-pending","2026-08-06T08:11:43.434Z","Exact stable ADM3_PCODE mapping; owner approval remains pending"
"LB-XW-2AE3E98777A1","LB-LOC-23443","LB-LOC-23443","23443","LB-GOV-C98952C33ACF","LB-DIST-A147AA5D4F3B","","Ouadi Es-Sitt","وادي الست","وادي الست","SRC-NATIONAL-VILLAGE-MANIFEST","23443","Ouadi Es-Sitt","وادي الست","","","exact-pcode","ADM3_PCODE=23443","1","accepted","none","owner-review-pending","2026-08-06T08:11:43.434Z","Exact stable ADM3_PCODE mapping; owner approval remains pending"
"LB-XW-B67292A10E4C","LB-LOC-23331","LB-LOC-23331","23331","LB-GOV-C98952C33ACF","LB-DIST-A147AA5D4F3B","","Ouardaniyeh","وردانيه","وردانيه","SRC-NATIONAL-VILLAGE-MANIFEST","23331","Ouardaniyeh","وردانيه","","","exact-pcode","ADM3_PCODE=23331","1","accepted","none","owner-review-pending","2026-08-06T08:11:43.434Z","Exact stable ADM3_PCODE mapping; owner approval remains pending"
"LB-XW-73776560E6BF","LB-LOC-23463","LB-LOC-23463","23463","LB-GOV-C98952C33ACF","LB-DIST-A147AA5D4F3B","","Ouarhaniyeh","ورهانية","ورهانية","SRC-NATIONAL-VILLAGE-MANIFEST","23463","Ouarhaniyeh","ورهانية","","","exact-pcode","ADM3_PCODE=23463","1","accepted","none","owner-review-pending","2026-08-06T08:11:43.434Z","Exact stable ADM3_PCODE mapping; owner approval remains pending"
"LB-XW-DEAD6B61B239","LB-LOC-23351","LB-LOC-23351","23351","LB-GOV-C98952C33ACF","LB-DIST-A147AA5D4F3B","","Qreiaa","قريعة","قريعة","SRC-NATIONAL-VILLAGE-MANIFEST","23351","Qreiaa","قريعة","","","exact-pcode","ADM3_PCODE=23351","1","accepted","none","owner-review-pending","2026-08-06T08:11:43.434Z","Exact stable ADM3_PCODE mapping; owner approval remains pending"
"LB-XW-567F2D53057B","LB-LOC-23321","LB-LOC-23321","23321","LB-GOV-C98952C33ACF","LB-DIST-A147AA5D4F3B","","Rmeilet Ech-Chouf","رميلة","رميلة","SRC-NATIONAL-VILLAGE-MANIFEST","23321","Rmeilet Ech-Chouf","رميلة","","","exact-pcode","ADM3_PCODE=23321","1","accepted","none","owner-review-pending","2026-08-06T08:11:43.434Z","Exact stable ADM3_PCODE mapping; owner approval remains pending"
"LB-XW-687539BAB441","LB-LOC-23417","LB-LOC-23417","23417","LB-GOV-C98952C33ACF","LB-DIST-A147AA5D4F3B","","Semqaniyeh","سمقانية","سمقانية","SRC-NATIONAL-VILLAGE-MANIFEST","23417","Semqaniyeh","سمقانية","","","exact-pcode","ADM3_PCODE=23417","1","accepted","none","owner-review-pending","2026-08-06T08:11:43.434Z","Exact stable ADM3_PCODE mapping; owner approval remains pending"
"LB-XW-651D459F2D46","LB-LOC-23243","LB-LOC-23243","23243","LB-GOV-C98952C33ACF","LB-DIST-A147AA5D4F3B","","Sibline","سبلين","سبلين","SRC-NATIONAL-VILLAGE-MANIFEST","23243","Sibline","سبلين","","","exact-pcode","ADM3_PCODE=23243","1","accepted","none","owner-review-pending","2026-08-06T08:11:43.434Z","Exact stable ADM3_PCODE mapping; owner approval remains pending"
"LB-XW-7FB972BF616A","LB-LOC-23437","LB-LOC-23437","23437","LB-GOV-C98952C33ACF","LB-DIST-A147AA5D4F3B","","Sirjbal","سرجبال","سرجبال","SRC-NATIONAL-VILLAGE-MANIFEST","23437","Sirjbal","سرجبال","","","exact-pcode","ADM3_PCODE=23437","1","accepted","none","owner-review-pending","2026-08-06T08:11:43.434Z","Exact stable ADM3_PCODE mapping; owner approval remains pending"
"LB-XW-59BB0680F7B3","LB-LOC-23381","LB-LOC-23381","23381","LB-GOV-C98952C33ACF","LB-DIST-A147AA5D4F3B","","Zaarouriyeh","زعرورية","زعرورية","SRC-NATIONAL-VILLAGE-MANIFEST","23381","Zaarouriyeh","زعرورية","","","exact-pcode","ADM3_PCODE=23381","1","accepted","none","owner-review-pending","2026-08-06T08:11:43.434Z","Exact stable ADM3_PCODE mapping; owner approval remains pending"
"LB-XW-8ABAB8047653","LB-LOC-22551","LB-LOC-22551","22551","LB-GOV-C98952C33ACF","LB-DIST-5BF720066F5A","","Aain Aalaq","عين علق","عين علق","SRC-NATIONAL-VILLAGE-MANIFEST","22551","Aain Aalaq","عين علق","","","exact-pcode","ADM3_PCODE=22551","1","accepted","none","owner-review-pending","2026-08-06T08:11:43.434Z","Exact stable ADM3_PCODE mapping; owner approval remains pending"
"LB-XW-E1B3147C0330","LB-LOC-22471","LB-LOC-22471","22471","LB-GOV-C98952C33ACF","LB-DIST-5BF720066F5A","","Aain Aar","عين عار","عين عار","SRC-NATIONAL-VILLAGE-MANIFEST","22471","Aain Aar","عين عار","","","exact-pcode","ADM3_PCODE=22471","1","accepted","none","owner-review-pending","2026-08-06T08:11:43.434Z","Exact stable ADM3_PCODE mapping; owner approval remains pending"
"LB-XW-BC3017E643CB","LB-LOC-22543","LB-LOC-22543","22543","LB-GOV-C98952C33ACF","LB-DIST-5BF720066F5A","","Aain El-Kharroubeh","عين الخروبة","عين الخروبة","SRC-NATIONAL-VILLAGE-MANIFEST","22543","Aain El-Kharroubeh","عين الخروبة","","","exact-pcode","ADM3_PCODE=22543","1","accepted","none","owner-review-pending","2026-08-06T08:11:43.434Z","Exact stable ADM3_PCODE mapping; owner approval remains pending"
"LB-XW-04D12B5224F9","LB-LOC-22777","LB-LOC-22777","22777","LB-GOV-C98952C33ACF","LB-DIST-5BF720066F5A","","Aain El-Qabu","عين القبو","عين القبو","SRC-NATIONAL-VILLAGE-MANIFEST","22777","Aain El-Qabu","عين القبو","","","exact-pcode","ADM3_PCODE=22777","1","accepted","none","owner-review-pending","2026-08-06T08:11:43.434Z","Exact stable ADM3_PCODE mapping; owner approval remains pending"
"LB-XW-52988C9B122C","LB-LOC-22523","LB-LOC-22523","22523","LB-GOV-C98952C33ACF","LB-DIST-5BF720066F5A","","Aain El-Qach","عين القش","عين القش","SRC-NATIONAL-VILLAGE-MANIFEST","22523","Aain El-Qach","عين القش","","","exact-pcode","ADM3_PCODE=22523","1","accepted","none","owner-review-pending","2026-08-06T08:11:43.434Z","Exact stable ADM3_PCODE mapping; owner approval remains pending"
"LB-XW-6C42B1FF6041","LB-LOC-22737","LB-LOC-22737","22737","LB-GOV-C98952C33ACF","LB-DIST-5BF720066F5A","","Aain Es-Sindiane","عين السنديانة","عين السنديانة","SRC-NATIONAL-VILLAGE-MANIFEST","22737","Aain Es-Sindiane","عين السنديانة","","","exact-pcode","ADM3_PCODE=22737","1","accepted","none","owner-review-pending","2026-08-06T08:11:43.434Z","Exact stable ADM3_PCODE mapping; owner approval remains pending"
"LB-XW-FBD3E6C90C82","LB-LOC-22727","LB-LOC-22727","22727","LB-GOV-C98952C33ACF","LB-DIST-5BF720066F5A","","Aain es-Sofsaf El-Matn","عين الصفصاف المتن","عين الصفصاف المتن","SRC-NATIONAL-VILLAGE-MANIFEST","22727","Aain es-Sofsaf El-Matn","عين الصفصاف المتن","","","exact-pcode","ADM3_PCODE=22727","1","accepted","none","owner-review-pending","2026-08-06T08:11:43.434Z","Exact stable ADM3_PCODE mapping; owner approval remains pending"
"LB-XW-0697742B5849","LB-LOC-22563","LB-LOC-22563","22563","LB-GOV-C98952C33ACF","LB-DIST-5BF720066F5A","","Aain Et-Teffaha","عين التفاحة","عين التفاحة","SRC-NATIONAL-VILLAGE-MANIFEST","22563","Aain Et-Teffaha","عين التفاحة","","","exact-pcode","ADM3_PCODE=22563","1","accepted","none","owner-review-pending","2026-08-06T08:11:43.434Z","Exact stable ADM3_PCODE mapping; owner approval remains pending"
"LB-XW-8E0A9BF4BE1D","LB-LOC-22714","LB-LOC-22714","22714","LB-GOV-C98952C33ACF","LB-DIST-5BF720066F5A","","Aain Ez-Zeitouneh","عين الزيتونة","عين الزيتونة","SRC-NATIONAL-VILLAGE-MANIFEST","22714","Aain Ez-Zeitouneh","عين الزيتونة","","","exact-pcode","ADM3_PCODE=22714","1","accepted","none","owner-review-pending","2026-08-06T08:11:43.434Z","Exact stable ADM3_PCODE mapping; owner approval remains pending"
"LB-XW-B3348FF5B4B0","LB-LOC-22423","LB-LOC-22423","22423","LB-GOV-C98952C33ACF","LB-DIST-5BF720066F5A","","Aain Saadeh","عين سعادة","عين سعادة","SRC-NATIONAL-VILLAGE-MANIFEST","22423","Aain Saadeh","عين سعادة","","","exact-pcode","ADM3_PCODE=22423","1","accepted","none","owner-review-pending","2026-08-06T08:11:43.434Z","Exact stable ADM3_PCODE mapping; owner approval remains pending"
"LB-XW-8948129DDA16","LB-LOC-22343","LB-LOC-22343","22343","LB-GOV-C98952C33ACF","LB-DIST-5BF720066F5A","","Aamaret Chalhoub","الوطى عمارة شلهوب","الوطي عمارة شلهوب","SRC-NATIONAL-VILLAGE-MANIFEST","22343","Aamaret Chalhoub","الوطى عمارة شلهوب","","","exact-pcode","ADM3_PCODE=22343","1","accepted","none","owner-review-pending","2026-08-06T08:11:43.434Z","Exact stable ADM3_PCODE mapping; owner approval remains pending"
"LB-XW-A6E0480E16B1","LB-LOC-22555","LB-LOC-22555","22555","LB-GOV-C98952C33ACF","LB-DIST-5BF720066F5A","","Aatchaneh","عطشانة","عطشانة","SRC-NATIONAL-VILLAGE-MANIFEST","22555","Aatchaneh","عطشانة","","","exact-pcode","ADM3_PCODE=22555","1","accepted","none","owner-review-pending","2026-08-06T08:11:43.434Z","Exact stable ADM3_PCODE mapping; owner approval remains pending"
"LB-XW-DFDAA46E785E","LB-LOC-22635","LB-LOC-22635","22635","LB-GOV-C98952C33ACF","LB-DIST-5BF720066F5A","","Aayoun El-Matn","عيون المتن","عيون المتن","SRC-NATIONAL-VILLAGE-MANIFEST","22635","Aayoun El-Matn","عيون المتن","","","exact-pcode","ADM3_PCODE=22635","1","accepted","none","owner-review-pending","2026-08-06T08:11:43.434Z","Exact stable ADM3_PCODE mapping; owner approval remains pending"
"LB-XW-75C53F5F7B34","LB-LOC-22767","LB-LOC-22767","22767","LB-GOV-C98952C33ACF","LB-DIST-5BF720066F5A","","Aayroun","عيرون","عيرون","SRC-NATIONAL-VILLAGE-MANIFEST","22767","Aayroun","عيرون","","","exact-pcode","ADM3_PCODE=22767","1","accepted","none","owner-review-pending","2026-08-06T08:11:43.434Z","Exact stable ADM3_PCODE mapping; owner approval remains pending"
"LB-XW-C0D51774BD8F","LB-LOC-22575","LB-LOC-22575","22575","LB-GOV-C98952C33ACF","LB-DIST-5BF720066F5A","","Abou Mizane","أبو ميزان","ابو ميزان","SRC-NATIONAL-VILLAGE-MANIFEST","22575","Abou Mizane","أبو ميزان","","","exact-pcode","ADM3_PCODE=22575","1","accepted","none","owner-review-pending","2026-08-06T08:11:43.434Z","Exact stable ADM3_PCODE mapping; owner approval remains pending"
"LB-XW-788120A9AE74","LB-LOC-22751","LB-LOC-22751","22751","LB-GOV-C98952C33ACF","LB-DIST-5BF720066F5A","","Aintoura El-Matn","عينطورة المتن","عينطورة المتن","SRC-NATIONAL-VILLAGE-MANIFEST","22751","Aintoura El-Matn","عينطورة المتن","","","exact-pcode","ADM3_PCODE=22751","1","accepted","none","owner-review-pending","2026-08-06T08:11:43.434Z","Exact stable ADM3_PCODE mapping; owner approval remains pending"
"LB-XW-F0E726DBCB5A","LB-LOC-22311","LB-LOC-22311","22311","LB-GOV-C98952C33ACF","LB-DIST-5BF720066F5A","","Antelias","انطلياس","انطلياس","SRC-NATIONAL-VILLAGE-MANIFEST","22311","Antelias","انطلياس","","","exact-pcode","ADM3_PCODE=22311","1","accepted","none","owner-review-pending","2026-08-06T08:11:43.434Z","Exact stable ADM3_PCODE mapping; owner approval remains pending"
"LB-XW-24BC26D1CABB","LB-LOC-22659","LB-LOC-22659","22659","LB-GOV-C98952C33ACF","LB-DIST-5BF720066F5A","","Baabdat","بعبدات","بعبدات","SRC-NATIONAL-VILLAGE-MANIFEST","22659","Baabdat","بعبدات","","","exact-pcode","ADM3_PCODE=22659","1","accepted","none","owner-review-pending","2026-08-06T08:11:43.434Z","Exact stable ADM3_PCODE mapping; owner approval remains pending"
"LB-XW-020B57429A41","LB-LOC-22228","LB-LOC-22228","22228","LB-GOV-C98952C33ACF","LB-DIST-5BF720066F5A","","Baouchriyeh","بوشرية","بوشرية","SRC-NATIONAL-VILLAGE-MANIFEST","22228","Baouchriyeh","بوشرية","","","exact-pcode","ADM3_PCODE=22228","1","accepted","none","owner-review-pending","2026-08-06T08:11:43.434Z","Exact stable ADM3_PCODE mapping; owner approval remains pending"
"LB-XW-D3E479D370BC","LB-LOC-22797","LB-LOC-22797","22797","LB-GOV-C98952C33ACF","LB-DIST-5BF720066F5A","","Baskinta","بسكنتا","بسكنتا","SRC-NATIONAL-VILLAGE-MANIFEST","22797","Baskinta","بسكنتا","","","exact-pcode","ADM3_PCODE=22797","1","accepted","none","owner-review-pending","2026-08-06T08:11:43.434Z","Exact stable ADM3_PCODE mapping; owner approval remains pending"
"LB-XW-E35CF5FFA957","LB-LOC-22531","LB-LOC-22531","22531","LB-GOV-C98952C33ACF","LB-DIST-5BF720066F5A","","Beit Chabab","بيت شباب","بيت شباب","SRC-NATIONAL-VILLAGE-MANIFEST","22531","Beit Chabab","بيت شباب","","","exact-pcode","ADM3_PCODE=22531","1","accepted","none","owner-review-pending","2026-08-06T08:11:43.434Z","Exact stable ADM3_PCODE mapping; owner approval remains pending"
"LB-XW-37331612992F","LB-LOC-22459","LB-LOC-22459","22459","LB-GOV-C98952C33ACF","LB-DIST-5BF720066F5A","","Beit Ech-Chaar","مزرعة بيت الشعّار","مزرعة بيت الشعار","SRC-NATIONAL-VILLAGE-MANIFEST","22459","Beit Ech-Chaar","مزرعة بيت الشعّار","","","exact-pcode","ADM3_PCODE=22459","1","accepted","none","owner-review-pending","2026-08-06T08:11:43.434Z","Exact stable ADM3_PCODE mapping; owner approval remains pending"
"LB-XW-1EEF325833E1","LB-LOC-22451","LB-LOC-22451","22451","LB-GOV-C98952C33ACF","LB-DIST-5BF720066F5A","","Beit El-Kekko","بيت الككو","بيت الككو","SRC-NATIONAL-VILLAGE-MANIFEST","22451","Beit El-Kekko","بيت الككو","","","exact-pcode","ADM3_PCODE=22451","1","accepted","none","owner-review-pending","2026-08-06T08:11:43.434Z","Exact stable ADM3_PCODE mapping; owner approval remains pending"
"LB-XW-4604D396548A","LB-LOC-22667","LB-LOC-22667","22667","LB-GOV-C98952C33ACF","LB-DIST-5BF720066F5A","","Beit Meri","بيت مري","بيت مري","SRC-NATIONAL-VILLAGE-MANIFEST","22667","Beit Meri","بيت مري","","","exact-pcode","ADM3_PCODE=22667","1","accepted","none","owner-review-pending","2026-08-06T08:11:43.434Z","Exact stable ADM3_PCODE mapping; owner approval remains pending"
"LB-XW-149D647E1F39","LB-LOC-22535","LB-LOC-22535","22535","LB-GOV-C98952C33ACF","LB-DIST-5BF720066F5A","","Bhersaf","بحرصاف","بحرصاف","SRC-NATIONAL-VILLAGE-MANIFEST","22535","Bhersaf","بحرصاف","","","exact-pcode","ADM3_PCODE=22535","1","accepted","none","owner-review-pending","2026-08-06T08:11:43.434Z","Exact stable ADM3_PCODE mapping; owner approval remains pending"
"LB-XW-FEF8DD46A332","LB-LOC-22511","LB-LOC-22511","22511","LB-GOV-C98952C33ACF","LB-DIST-5BF720066F5A","","Bikfaya","بكفيا","بكفيا","SRC-NATIONAL-VILLAGE-MANIFEST","22511","Bikfaya","بكفيا","","","exact-pcode","ADM3_PCODE=22511","1","accepted","none","owner-review-pending","2026-08-06T08:11:43.434Z","Exact stable ADM3_PCODE mapping; owner approval remains pending"
"LB-XW-6D5E612820D1","LB-LOC-22724","LB-LOC-22724","22724","LB-GOV-C98952C33ACF","LB-DIST-5BF720066F5A","","Bnabil","بنابيل","بنابيل","SRC-NATIONAL-VILLAGE-MANIFEST","22724","Bnabil","بنابيل","","","exact-pcode","ADM3_PCODE=22724","1","accepted","none","owner-review-pending","2026-08-06T08:11:43.434Z","Exact stable ADM3_PCODE mapping; owner approval remains pending"
"LB-XW-5B9C5F3C7991","LB-LOC-22111","LB-LOC-22111","22111","LB-GOV-C98952C33ACF","LB-DIST-5BF720066F5A","","Bourj Hammoud","برج حمّود","برج حمود","SRC-NATIONAL-VILLAGE-MANIFEST","22111","Bourj Hammoud","برج حمّود","","","exact-pcode","ADM3_PCODE=22111","1","accepted","none","owner-review-pending","2026-08-06T08:11:43.434Z","Exact stable ADM3_PCODE mapping; owner approval remains pending"
"LB-XW-C1A9ADE244ED","LB-LOC-22431","LB-LOC-22431","22431","LB-GOV-C98952C33ACF","LB-DIST-5BF720066F5A","","Bqennaya","بقنايا","بقنايا","SRC-NATIONAL-VILLAGE-MANIFEST","22431","Bqennaya","بقنايا","","","exact-pcode","ADM3_PCODE=22431","1","accepted","none","owner-review-pending","2026-08-06T08:11:43.434Z","Exact stable ADM3_PCODE mapping; owner approval remains pending"
"LB-XW-FC834DCBD5DD","LB-LOC-22611","LB-LOC-22611","22611","LB-GOV-C98952C33ACF","LB-DIST-5BF720066F5A","","Broummana El-Matn","برمانا المتن","برمانا المتن","SRC-NATIONAL-VILLAGE-MANIFEST","22611","Broummana El-Matn","برمانا المتن","","","exact-pcode","ADM3_PCODE=22611","1","accepted","none","owner-review-pending","2026-08-06T08:11:43.434Z","Exact stable ADM3_PCODE mapping; owner approval remains pending"
"LB-XW-BF15C6AA3F05","LB-LOC-22439","LB-LOC-22439","22439","LB-GOV-C98952C33ACF","LB-DIST-5BF720066F5A","","Bsalim","بصاليم","بصاليم","SRC-NATIONAL-VILLAGE-MANIFEST","22439","Bsalim","بصاليم","","","exact-pcode","ADM3_PCODE=22439","1","accepted","none","owner-review-pending","2026-08-06T08:11:43.434Z","Exact stable ADM3_PCODE mapping; owner approval remains pending"
"LB-XW-94325355FB00","LB-LOC-22691","LB-LOC-22691","22691","LB-GOV-C98952C33ACF","LB-DIST-5BF720066F5A","","Bsifrine","بسفرين","بسفرين","SRC-NATIONAL-VILLAGE-MANIFEST","22691","Bsifrine","بسفرين","","","exact-pcode","ADM3_PCODE=22691","1","accepted","none","owner-review-pending","2026-08-06T08:11:43.434Z","Exact stable ADM3_PCODE mapping; owner approval remains pending"
"LB-XW-6055A5395BDF","LB-LOC-22757","LB-LOC-22757","22757","LB-GOV-C98952C33ACF","LB-DIST-5BF720066F5A","","Bteghrine","بتغرين","بتغرين","SRC-NATIONAL-VILLAGE-MANIFEST","22757","Bteghrine","بتغرين","","","exact-pcode","ADM3_PCODE=22757","1","accepted","none","owner-review-pending","2026-08-06T08:11:43.434Z","Exact stable ADM3_PCODE mapping; owner approval remains pending"
"LB-XW-6357F1B40E19","LB-LOC-22359","LB-LOC-22359","22359","LB-GOV-C98952C33ACF","LB-DIST-5BF720066F5A","","Byaqout","بياقوت","بياقوت","SRC-NATIONAL-VILLAGE-MANIFEST","22359","Byaqout","بياقوت","","","exact-pcode","ADM3_PCODE=22359","1","accepted","none","owner-review-pending","2026-08-06T08:11:43.434Z","Exact stable ADM3_PCODE mapping; owner approval remains pending"
"LB-XW-0598CF9B9A51","LB-LOC-22559","LB-LOC-22559","22559","LB-GOV-C98952C33ACF","LB-DIST-5BF720066F5A","","Chaouiyeh","شاوية","شاوية","SRC-NATIONAL-VILLAGE-MANIFEST","22559","Chaouiyeh","شاوية","","","exact-pcode","ADM3_PCODE=22559","1","accepted","none","owner-review-pending","2026-08-06T08:11:43.434Z","Exact stable ADM3_PCODE mapping; owner approval remains pending"
"LB-XW-8C63E4EEBB33","LB-LOC-22764","LB-LOC-22764","22764","LB-GOV-C98952C33ACF","LB-DIST-5BF720066F5A","","Chouaya El-Matn","شويا","شويا","SRC-NATIONAL-VILLAGE-MANIFEST","22764","Chouaya El-Matn","شويا","","","exact-pcode","ADM3_PCODE=22764","1","accepted","none","owner-review-pending","2026-08-06T08:11:43.434Z","Exact stable ADM3_PCODE mapping; owner approval remains pending"
"LB-XW-25599C374955","LB-LOC-22754","LB-LOC-22754","22754","LB-GOV-C98952C33ACF","LB-DIST-5BF720066F5A","","Choueir","شوير","شوير","SRC-NATIONAL-VILLAGE-MANIFEST","22754","Choueir","شوير","","","exact-pcode","ADM3_PCODE=22754","1","accepted","none","owner-review-pending","2026-08-06T08:11:43.434Z","Exact stable ADM3_PCODE mapping; owner approval remains pending"
"LB-XW-AA5006382206","LB-LOC-22591","LB-LOC-22591","22591","LB-GOV-C98952C33ACF","LB-DIST-5BF720066F5A","","Chrine","شرين","شرين","SRC-NATIONAL-VILLAGE-MANIFEST","22591","Chrine","شرين","","","exact-pcode","ADM3_PCODE=22591","1","accepted","none","owner-review-pending","2026-08-06T08:11:43.434Z","Exact stable ADM3_PCODE mapping; owner approval remains pending"
"LB-XW-36E5C7E5914F","LB-LOC-22675","LB-LOC-22675","22675","LB-GOV-C98952C33ACF","LB-DIST-5BF720066F5A","","Dahr Es-Souane El-Matn","ضهر الصوان المتن","ضهر الصوان المتن","SRC-NATIONAL-VILLAGE-MANIFEST","22675","Dahr Es-Souane El-Matn","ضهر الصوان المتن","","","exact-pcode","ADM3_PCODE=22675","1","accepted","none","owner-review-pending","2026-08-06T08:11:43.434Z","Exact stable ADM3_PCODE mapping; owner approval remains pending"
"LB-XW-FE455EADD099","LB-LOC-22415","LB-LOC-22415","22415","LB-GOV-C98952C33ACF","LB-DIST-5BF720066F5A","","Daychouniyeh","ديشونية","ديشونية","SRC-NATIONAL-VILLAGE-MANIFEST","22415","Daychouniyeh","ديشونية","","","exact-pcode","ADM3_PCODE=22415","1","accepted","none","owner-review-pending","2026-08-06T08:11:43.434Z","Exact stable ADM3_PCODE mapping; owner approval remains pending"
"LB-XW-6536982666E0","LB-LOC-22375","LB-LOC-22375","22375","LB-GOV-C98952C33ACF","LB-DIST-5BF720066F5A","","Dbayeh","ضبية","ضبية","SRC-NATIONAL-VILLAGE-MANIFEST","22375","Dbayeh","ضبية","","","exact-pcode","ADM3_PCODE=22375","1","accepted","none","owner-review-pending","2026-08-06T08:11:43.434Z","Exact stable ADM3_PCODE mapping; owner approval remains pending"
"LB-XW-6ED0DFA244D9","LB-LOC-22579","LB-LOC-22579","22579","LB-GOV-C98952C33ACF","LB-DIST-5BF720066F5A","","Deir Chamra","دير شمرا","دير شمرا","SRC-NATIONAL-VILLAGE-MANIFEST","22579","Deir Chamra","دير شمرا","","","exact-pcode","ADM3_PCODE=22579","1","accepted","none","owner-review-pending","2026-08-06T08:11:43.434Z","Exact stable ADM3_PCODE mapping; owner approval remains pending"
"LB-XW-9629FE68FB71","LB-LOC-22487","LB-LOC-22487","22487","LB-GOV-C98952C33ACF","LB-DIST-5BF720066F5A","","Deir Mar Aabda el Mchammar","دير مار عبدا المشمر","دير مار عبدا المشمر","SRC-NATIONAL-VILLAGE-MANIFEST","22487","Deir Mar Aabda el Mchammar","دير مار عبدا المشمر","","","exact-pcode","ADM3_PCODE=22487","1","accepted","none","owner-review-pending","2026-08-06T08:11:43.434Z","Exact stable ADM3_PCODE mapping; owner approval remains pending"
"LB-XW-F8C6AEBE32B0","LB-LOC-22245","LB-LOC-22245","22245","LB-GOV-C98952C33ACF","LB-DIST-5BF720066F5A","","Deir mar Roukoz","مار روكز","مار روكز","SRC-NATIONAL-VILLAGE-MANIFEST","22245","Deir mar Roukoz","مار روكز","","","exact-pcode","ADM3_PCODE=22245","1","accepted","none","owner-review-pending","2026-08-06T08:11:43.434Z","Exact stable ADM3_PCODE mapping; owner approval remains pending"
"LB-XW-F513AFF70790","LB-LOC-22479","LB-LOC-22479","22479","LB-GOV-C98952C33ACF","LB-DIST-5BF720066F5A","","Deir Tamich","دير طاميش","دير طاميش","SRC-NATIONAL-VILLAGE-MANIFEST","22479","Deir Tamich","دير طاميش","","","exact-pcode","ADM3_PCODE=22479","1","accepted","none","owner-review-pending","2026-08-06T08:11:43.434Z","Exact stable ADM3_PCODE mapping; owner approval remains pending"
"LB-XW-9A87EE0463EF","LB-LOC-22262","LB-LOC-22262","22262","LB-GOV-C98952C33ACF","LB-DIST-5BF720066F5A","","Dekouaneh","دكوانة","دكوانة","SRC-NATIONAL-VILLAGE-MANIFEST","22262","Dekouaneh","دكوانة","","","exact-pcode","ADM3_PCODE=22262","1","accepted","none","owner-review-pending","2026-08-06T08:11:43.434Z","Exact stable ADM3_PCODE mapping; owner approval remains pending"
"LB-XW-9D3A1C1C28D7","LB-LOC-22463","LB-LOC-22463","22463","LB-GOV-C98952C33ACF","LB-DIST-5BF720066F5A","","Dik El-Mehdi","ديك المحدي","ديك المحدي","SRC-NATIONAL-VILLAGE-MANIFEST","22463","Dik El-Mehdi","ديك المحدي","","","exact-pcode","ADM3_PCODE=22463","1","accepted","none","owner-review-pending","2026-08-06T08:11:43.434Z","Exact stable ADM3_PCODE mapping; owner approval remains pending"
"LB-XW-BC781E10516A","LB-LOC-22761","LB-LOC-22761","22761","LB-GOV-C98952C33ACF","LB-DIST-5BF720066F5A","","Douar El-Matn","دوار","دوار","SRC-NATIONAL-VILLAGE-MANIFEST","22761","Douar El-Matn","دوار","","","exact-pcode","ADM3_PCODE=22761","1","accepted","none","owner-review-pending","2026-08-06T08:11:43.434Z","Exact stable ADM3_PCODE mapping; owner approval remains pending"
"LB-XW-E8C600A43A1A","LB-LOC-22419","LB-LOC-22419","22419","LB-GOV-C98952C33ACF","LB-DIST-5BF720066F5A","","Fanar","الفنار","الفنار","SRC-NATIONAL-VILLAGE-MANIFEST","22419","Fanar","الفنار","","","exact-pcode","ADM3_PCODE=22419","1","accepted","none","owner-review-pending","2026-08-06T08:11:43.434Z","Exact stable ADM3_PCODE mapping; owner approval remains pending"
"LB-XW-F0F9953AE02A","LB-LOC-22571","LB-LOC-22571","22571","LB-GOV-C98952C33ACF","LB-DIST-5BF720066F5A","","Fraikeh","فريكه","فريكه","SRC-NATIONAL-VILLAGE-MANIFEST","22571","Fraikeh","فريكه","","","exact-pcode","ADM3_PCODE=22571","1","accepted","none","owner-review-pending","2026-08-06T08:11:43.434Z","Exact stable ADM3_PCODE mapping; owner approval remains pending"
"LB-XW-34D3EE4C8B2C","LB-LOC-22383","LB-LOC-22383","22383","LB-GOV-C98952C33ACF","LB-DIST-5BF720066F5A","","Haret El-Ballane","حارة البلان","حارة البلان","SRC-NATIONAL-VILLAGE-MANIFEST","22383","Haret El-Ballane","حارة البلان","","","exact-pcode","ADM3_PCODE=22383","1","accepted","none","owner-review-pending","2026-08-06T08:11:43.434Z","Exact stable ADM3_PCODE mapping; owner approval remains pending"
"LB-XW-4C57A29EABDC","LB-LOC-22583","LB-LOC-22583","22583","LB-GOV-C98952C33ACF","LB-DIST-5BF720066F5A","","Hbous","حبوس","حبوس","SRC-NATIONAL-VILLAGE-MANIFEST","22583","Hbous","حبوس","","","exact-pcode","ADM3_PCODE=22583","1","accepted","none","owner-review-pending","2026-08-06T08:11:43.434Z","Exact stable ADM3_PCODE mapping; owner approval remains pending"
"LB-XW-16FE47E5CD13","LB-LOC-22547","LB-LOC-22547","22547","LB-GOV-C98952C33ACF","LB-DIST-5BF720066F5A","","Himlaya","حملايا","حملايا","SRC-NATIONAL-VILLAGE-MANIFEST","22547","Himlaya","حملايا","","","exact-pcode","ADM3_PCODE=22547","1","accepted","none","owner-review-pending","2026-08-06T08:11:43.434Z","Exact stable ADM3_PCODE mapping; owner approval remains pending"
"LB-XW-4B81B4250488","LB-LOC-22327","LB-LOC-22327","22327","LB-GOV-C98952C33ACF","LB-DIST-5BF720066F5A","","Jall Ed-Did","جل الديب","جل الديب","SRC-NATIONAL-VILLAGE-MANIFEST","22327","Jall Ed-Did","جل الديب","","","exact-pcode","ADM3_PCODE=22327","1","accepted","none","owner-review-pending","2026-08-06T08:11:43.434Z","Exact stable ADM3_PCODE mapping; owner approval remains pending"
"LB-XW-406E42C145D7","LB-LOC-22211","LB-LOC-22211","22211","LB-GOV-C98952C33ACF","LB-DIST-5BF720066F5A","","Jdaidet El-Matn","جديدة المتن","جديدة المتن","SRC-NATIONAL-VILLAGE-MANIFEST","22211","Jdaidet El-Matn","جديدة المتن","","","exact-pcode","ADM3_PCODE=22211","1","accepted","none","owner-review-pending","2026-08-06T08:11:43.434Z","Exact stable ADM3_PCODE mapping; owner approval remains pending"
"LB-XW-7582983A1732","LB-LOC-22587","LB-LOC-22587","22587","LB-GOV-C98952C33ACF","LB-DIST-5BF720066F5A","","Jouar El-Matn","جوار المتن","جوار المتن","SRC-NATIONAL-VILLAGE-MANIFEST","22587","Jouar El-Matn","جوار المتن","","","exact-pcode","ADM3_PCODE=22587","1","accepted","none","owner-review-pending","2026-08-06T08:11:43.434Z","Exact stable ADM3_PCODE mapping; owner approval remains pending"
"LB-XW-D35F62D2ADBD","LB-LOC-22619","LB-LOC-22619","22619","LB-GOV-C98952C33ACF","LB-DIST-5BF720066F5A","","Jouret El-Ballout","جورة البلوط","جورة البلوط","SRC-NATIONAL-VILLAGE-MANIFEST","22619","Jouret El-Ballout","جورة البلوط","","","exact-pcode","ADM3_PCODE=22619","1","accepted","none","owner-review-pending","2026-08-06T08:11:43.434Z","Exact stable ADM3_PCODE mapping; owner approval remains pending"
"LB-XW-B92E47A606BB","LB-LOC-22781","LB-LOC-22781","22781","LB-GOV-C98952C33ACF","LB-DIST-5BF720066F5A","","Kfar Aaqab","كفرعقاب","كفرعقاب","SRC-NATIONAL-VILLAGE-MANIFEST","22781","Kfar Aaqab","كفرعقاب","","","exact-pcode","ADM3_PCODE=22781","1","accepted","none","owner-review-pending","2026-08-06T08:11:43.434Z","Exact stable ADM3_PCODE mapping; owner approval remains pending"
"LB-XW-AA66ADFF685C","LB-LOC-22799","LB-LOC-22799","22799","LB-GOV-C98952C33ACF","LB-DIST-5BF720066F5A","","Kfar Tay El-Matn","كفرتيه","كفرتيه","SRC-NATIONAL-VILLAGE-MANIFEST","22799","Kfar Tay El-Matn","كفرتيه","","","exact-pcode","ADM3_PCODE=22799","1","accepted","none","owner-review-pending","2026-08-06T08:11:43.434Z","Exact stable ADM3_PCODE mapping; owner approval remains pending"
"LB-XW-681A3ECA9F66","LB-LOC-22722","LB-LOC-22722","22722","LB-GOV-C98952C33ACF","LB-DIST-5BF720066F5A","","Khillet El-Mtain","خلة المتين","خلة المتين","SRC-NATIONAL-VILLAGE-MANIFEST","22722","Khillet El-Mtain","خلة المتين","","","exact-pcode","ADM3_PCODE=22722","1","accepted","none","owner-review-pending","2026-08-06T08:11:43.434Z","Exact stable ADM3_PCODE mapping; owner approval remains pending"
"LB-XW-52E4A825B765","LB-LOC-22747","LB-LOC-22747","22747","LB-GOV-C98952C33ACF","LB-DIST-5BF720066F5A","","Khinchara","خنشارة","خنشارة","SRC-NATIONAL-VILLAGE-MANIFEST","22747","Khinchara","خنشارة","","","exact-pcode","ADM3_PCODE=22747","1","accepted","none","owner-review-pending","2026-08-06T08:11:43.434Z","Exact stable ADM3_PCODE mapping; owner approval remains pending"
"LB-XW-22CA25AC3C7B","LB-LOC-22787","LB-LOC-22787","22787","LB-GOV-C98952C33ACF","LB-DIST-5BF720066F5A","","Machraah El-Matn","مشرح","مشرح","SRC-NATIONAL-VILLAGE-MANIFEST","22787","Machraah El-Matn","مشرح","","","exact-pcode","ADM3_PCODE=22787","1","accepted","none","owner-review-pending","2026-08-06T08:11:43.434Z","Exact stable ADM3_PCODE mapping; owner approval remains pending"
"LB-XW-9889C23C2CC6","LB-LOC-22774","LB-LOC-22774","22774","LB-GOV-C98952C33ACF","LB-DIST-5BF720066F5A","","Majdel tarchich","مجدل ترشيش","مجدل ترشيش","SRC-NATIONAL-VILLAGE-MANIFEST","22774","Majdel tarchich","مجدل ترشيش","","","exact-pcode","ADM3_PCODE=22774","1","accepted","none","owner-review-pending","2026-08-06T08:11:43.434Z","Exact stable ADM3_PCODE mapping; owner approval remains pending"
"LB-XW-3C84A4F12973","LB-LOC-22435","LB-LOC-22435","22435","LB-GOV-C98952C33ACF","LB-DIST-5BF720066F5A","","Majzoub","مجذوب","مجذوب","SRC-NATIONAL-VILLAGE-MANIFEST","22435","Majzoub","مجذوب","","","exact-pcode","ADM3_PCODE=22435","1","accepted","none","owner-review-pending","2026-08-06T08:11:43.434Z","Exact stable ADM3_PCODE mapping; owner approval remains pending"
"LB-XW-686EB506DDA2","LB-LOC-22411","LB-LOC-22411","22411","LB-GOV-C98952C33ACF","LB-DIST-5BF720066F5A","","Mansouriyet El-Matn","منصورية","منصورية","SRC-NATIONAL-VILLAGE-MANIFEST","22411","Mansouriyet El-Matn","منصورية","","","exact-pcode","ADM3_PCODE=22411","1","accepted","none","owner-review-pending","2026-08-06T08:11:43.434Z","Exact stable ADM3_PCODE mapping; owner approval remains pending"
"LB-XW-62826ED718FA","LB-LOC-22527","LB-LOC-22527","22527","LB-GOV-C98952C33ACF","LB-DIST-5BF720066F5A","","Mar Boutros Karm Et-Tine","مار بطرس كرم التين","مار بطرس كرم التين","SRC-NATIONAL-VILLAGE-MANIFEST","22527","Mar Boutros Karm Et-Tine","مار بطرس كرم التين","","","exact-pcode","ADM3_PCODE=22527","1","accepted","none","owner-review-pending","2026-08-06T08:11:43.434Z","Exact stable ADM3_PCODE mapping; owner approval remains pending"
"LB-XW-910E3C66F3B1","LB-LOC-22784","LB-LOC-22784","22784","LB-GOV-C98952C33ACF","LB-DIST-5BF720066F5A","","Mar Moussa Ed-Douar","مار موسى الدوار","مار موسي الدوار","SRC-NATIONAL-VILLAGE-MANIFEST","22784","Mar Moussa Ed-Douar","مار موسى الدوار","","","exact-pcode","ADM3_PCODE=22784","1","accepted","none","owner-review-pending","2026-08-06T08:11:43.434Z","Exact stable ADM3_PCODE mapping; owner approval remains pending"
"LB-XW-36A8A28C3AF5","LB-LOC-22734","LB-LOC-22734","22734","LB-GOV-C98952C33ACF","LB-DIST-5BF720066F5A","","Marjaba","مرجبا","مرجبا","SRC-NATIONAL-VILLAGE-MANIFEST","22734","Marjaba","مرجبا","","","exact-pcode","ADM3_PCODE=22734","1","accepted","none","owner-review-pending","2026-08-06T08:11:43.434Z","Exact stable ADM3_PCODE mapping; owner approval remains pending"
"LB-XW-B2E327627AF1","LB-LOC-22627","LB-LOC-22627","22627","LB-GOV-C98952C33ACF","LB-DIST-5BF720066F5A","","Masqa","المسقى","المسقي","SRC-NATIONAL-VILLAGE-MANIFEST","22627","Masqa","المسقى","","","exact-pcode","ADM3_PCODE=22627","1","accepted","none","owner-review-pending","2026-08-06T08:11:43.434Z","Exact stable ADM3_PCODE mapping; owner approval remains pending"
"LB-XW-89A09EAC0E87","LB-LOC-22539","LB-LOC-22539","22539","LB-GOV-C98952C33ACF","LB-DIST-5BF720066F5A","","Mayasseh","مياسة","مياسة","SRC-NATIONAL-VILLAGE-MANIFEST","22539","Mayasseh","مياسة","","","exact-pcode","ADM3_PCODE=22539","1","accepted","none","owner-review-pending","2026-08-06T08:11:43.434Z","Exact stable ADM3_PCODE mapping; owner approval remains pending"
"LB-XW-982416661518","LB-LOC-22391","LB-LOC-22391","22391","LB-GOV-C98952C33ACF","LB-DIST-5BF720066F5A","","Mazraat Deir Aaoukar","مزرعة دير عوكر","مزرعة دير عوكر","SRC-NATIONAL-VILLAGE-MANIFEST","22391","Mazraat Deir Aaoukar","مزرعة دير عوكر","","","exact-pcode","ADM3_PCODE=22391","1","accepted","none","owner-review-pending","2026-08-06T08:11:43.434Z","Exact stable ADM3_PCODE mapping; owner approval remains pending"
"LB-XW-A7E20EE75961","LB-LOC-22367","LB-LOC-22367","22367","LB-GOV-C98952C33ACF","LB-DIST-5BF720066F5A","","Mazraat El-Hdaira","مزرعة الحضيرة","مزرعة الحضيرة","SRC-NATIONAL-VILLAGE-MANIFEST","22367","Mazraat El-Hdaira","مزرعة الحضيرة","","","exact-pcode","ADM3_PCODE=22367","1","accepted","none","owner-review-pending","2026-08-06T08:11:43.434Z","Exact stable ADM3_PCODE mapping; owner approval remains pending"
"LB-XW-A4450E640887","LB-LOC-22475","LB-LOC-22475","22475","LB-GOV-C98952C33ACF","LB-DIST-5BF720066F5A","","Mazraat Yachouaa","مزرعة يشوع","مزرعة يشوع","SRC-NATIONAL-VILLAGE-MANIFEST","22475","Mazraat Yachouaa","مزرعة يشوع","","","exact-pcode","ADM3_PCODE=22475","1","accepted","none","owner-review-pending","2026-08-06T08:11:43.434Z","Exact stable ADM3_PCODE mapping; owner approval remains pending"
"LB-XW-85E46250573C","LB-LOC-22717","LB-LOC-22717","22717","LB-GOV-C98952C33ACF","LB-DIST-5BF720066F5A","","Mchikha","مشيخا","مشيخا","SRC-NATIONAL-VILLAGE-MANIFEST","22717","Mchikha","مشيخا","","","exact-pcode","ADM3_PCODE=22717","1","accepted","none","owner-review-pending","2026-08-06T08:11:43.434Z","Exact stable ADM3_PCODE mapping; owner approval remains pending"
"LB-XW-8573CA0AE35F","LB-LOC-22319","LB-LOC-22319","22319","LB-GOV-C98952C33ACF","LB-DIST-5BF720066F5A","","Menqlet Mezher","مزهر","مزهر","SRC-NATIONAL-VILLAGE-MANIFEST","22319","Menqlet Mezher","مزهر","","","exact-pcode","ADM3_PCODE=22319","1","accepted","none","owner-review-pending","2026-08-06T08:11:43.434Z","Exact stable ADM3_PCODE mapping; owner approval remains pending"
"LB-XW-CA53151FB93E","LB-LOC-22515","LB-LOC-22515","22515","LB-GOV-C98952C33ACF","LB-DIST-5BF720066F5A","","Mhaidset Matn","محيدثة المتن","محيدثة المتن","SRC-NATIONAL-VILLAGE-MANIFEST","22515","Mhaidset Matn","محيدثة المتن","","","exact-pcode","ADM3_PCODE=22515","1","accepted","none","owner-review-pending","2026-08-06T08:11:43.434Z","Exact stable ADM3_PCODE mapping; owner approval remains pending"
"LB-XW-698DA8FC11F7","LB-LOC-22279","LB-LOC-22279","22279","LB-GOV-C98952C33ACF","LB-DIST-5BF720066F5A","","Mkalles","مكلس","مكلس","SRC-NATIONAL-VILLAGE-MANIFEST","22279","Mkalles","مكلس","","","exact-pcode","ADM3_PCODE=22279","1","accepted","none","owner-review-pending","2026-08-06T08:11:43.434Z","Exact stable ADM3_PCODE mapping; owner approval remains pending"
"LB-XW-07814C235CB7","LB-LOC-22733","LB-LOC-22733","22733","LB-GOV-C98952C33ACF","LB-DIST-5BF720066F5A","","Mrouj","المروج","المروج","SRC-NATIONAL-VILLAGE-MANIFEST","22733","Mrouj","المروج","","","exact-pcode","ADM3_PCODE=22733","1","accepted","none","owner-review-pending","2026-08-06T08:11:43.434Z","Exact stable ADM3_PCODE mapping; owner approval remains pending"
"LB-XW-3FA630D2114E","LB-LOC-22711","LB-LOC-22711","22711","LB-GOV-C98952C33ACF","LB-DIST-5BF720066F5A","","Mtain","المتين","المتين","SRC-NATIONAL-VILLAGE-MANIFEST","22711","Mtain","المتين","","","exact-pcode","ADM3_PCODE=22711","1","accepted","none","owner-review-pending","2026-08-06T08:11:43.434Z","Exact stable ADM3_PCODE mapping; owner approval remains pending"
"LB-XW-BA00BA50ACB0","LB-LOC-22447","LB-LOC-22447","22447","LB-GOV-C98952C33ACF","LB-DIST-5BF720066F5A","","Mtayleb","مطيلب","مطيلب","SRC-NATIONAL-VILLAGE-MANIFEST","22447","Mtayleb","مطيلب","","","exact-pcode","ADM3_PCODE=22447","1","accepted","none","owner-review-pending","2026-08-06T08:11:43.434Z","Exact stable ADM3_PCODE mapping; owner approval remains pending"
"LB-XW-369063948309","LB-LOC-22651","LB-LOC-22651","22651","LB-GOV-C98952C33ACF","LB-DIST-5BF720066F5A","","Mzakkeh","مزكة","مزكة","SRC-NATIONAL-VILLAGE-MANIFEST","22651","Mzakkeh","مزكة","","","exact-pcode","ADM3_PCODE=22651","1","accepted","none","owner-review-pending","2026-08-06T08:11:43.434Z","Exact stable ADM3_PCODE mapping; owner approval remains pending"
"LB-XW-3C17309A1EE2","LB-LOC-22443","LB-LOC-22443","22443","LB-GOV-C98952C33ACF","LB-DIST-5BF720066F5A","","Nabay","نابيه","نابيه","SRC-NATIONAL-VILLAGE-MANIFEST","22443","Nabay","نابيه","","","exact-pcode","ADM3_PCODE=22443","1","accepted","none","owner-review-pending","2026-08-06T08:11:43.434Z","Exact stable ADM3_PCODE mapping; owner approval remains pending"
"LB-XW-D792E0471274","LB-LOC-22335","LB-LOC-22335","22335","LB-GOV-C98952C33ACF","LB-DIST-5BF720066F5A","","Naqqach","نقاش","نقاش","SRC-NATIONAL-VILLAGE-MANIFEST","22335","Naqqach","نقاش","","","exact-pcode","ADM3_PCODE=22335","1","accepted","none","owner-review-pending","2026-08-06T08:11:43.434Z","Exact stable ADM3_PCODE mapping; owner approval remains pending"
"LB-XW-4B3029BEDCD5","LB-LOC-22519","LB-LOC-22519","22519","LB-GOV-C98952C33ACF","LB-DIST-5BF720066F5A","","Ouadi Chahine","وادي شاهين","وادي شاهين","SRC-NATIONAL-VILLAGE-MANIFEST","22519","Ouadi Chahine","وادي شاهين","","","exact-pcode","ADM3_PCODE=22519","1","accepted","none","owner-review-pending","2026-08-06T08:11:43.434Z","Exact stable ADM3_PCODE mapping; owner approval remains pending"
"LB-XW-FE447282A889","LB-LOC-22791","LB-LOC-22791","22791","LB-GOV-C98952C33ACF","LB-DIST-5BF720066F5A","","Ouadi El-Karm El-Matn","وادي الكرم المتن","وادي الكرم المتن","SRC-NATIONAL-VILLAGE-MANIFEST","22791","Ouadi El-Karm El-Matn","وادي الكرم المتن","","","exact-pcode","ADM3_PCODE=22791","1","accepted","none","owner-review-pending","2026-08-06T08:11:43.434Z","Exact stable ADM3_PCODE mapping; owner approval remains pending"
"LB-XW-BF23F7CAA1AE","LB-LOC-22731","LB-LOC-22731","22731","LB-GOV-C98952C33ACF","LB-DIST-5BF720066F5A","","Ouata El-Mrouj","وطى المروج","وطي المروج","SRC-NATIONAL-VILLAGE-MANIFEST","22731","Ouata El-Mrouj","وطى المروج","","","exact-pcode","ADM3_PCODE=22731","1","accepted","none","owner-review-pending","2026-08-06T08:11:43.434Z","Exact stable ADM3_PCODE mapping; owner approval remains pending"
"LB-XW-89AAD1ECC810","LB-LOC-22744","LB-LOC-22744","22744","LB-GOV-C98952C33ACF","LB-DIST-5BF720066F5A","","Qaaqour","القعقور","القعقور","SRC-NATIONAL-VILLAGE-MANIFEST","22744","Qaaqour","القعقور","","","exact-pcode","ADM3_PCODE=22744","1","accepted","none","owner-review-pending","2026-08-06T08:11:43.434Z","Exact stable ADM3_PCODE mapping; owner approval remains pending"
"LB-XW-27B3418060D4","LB-LOC-22683","LB-LOC-22683","22683","LB-GOV-C98952C33ACF","LB-DIST-5BF720066F5A","","Qannebet Salima","قنابة صليما","قنابة صليما","SRC-NATIONAL-VILLAGE-MANIFEST","22683","Qannebet Salima","قنابة صليما","","","exact-pcode","ADM3_PCODE=22683","1","accepted","none","owner-review-pending","2026-08-06T08:11:43.434Z","Exact stable ADM3_PCODE mapping; owner approval remains pending"
"LB-XW-F1D47B327A42","LB-LOC-22643","LB-LOC-22643","22643","LB-GOV-C98952C33ACF","LB-DIST-5BF720066F5A","","Qennabet Broummana","قنابة برمانا","قنابة برمانا","SRC-NATIONAL-VILLAGE-MANIFEST","22643","Qennabet Broummana","قنابة برمانا","","","exact-pcode","ADM3_PCODE=22643","1","accepted","none","owner-review-pending","2026-08-06T08:11:43.434Z","Exact stable ADM3_PCODE mapping; owner approval remains pending"
"LB-XW-0FB1ED47A5D0","LB-LOC-22455","LB-LOC-22455","22455","LB-GOV-C98952C33ACF","LB-DIST-5BF720066F5A","","Qornet Chehouane","قرنة شهوان","قرنة شهوان","SRC-NATIONAL-VILLAGE-MANIFEST","22455","Qornet Chehouane","قرنة شهوان","","","exact-pcode","ADM3_PCODE=22455","1","accepted","none","owner-review-pending","2026-08-06T08:11:43.434Z","Exact stable ADM3_PCODE mapping; owner approval remains pending"
"LB-XW-EE0D1AC6C804","LB-LOC-22595","LB-LOC-22595","22595","LB-GOV-C98952C33ACF","LB-DIST-5BF720066F5A","","Qornet El-Hamra","قرنة الحمرا","قرنة الحمرا","SRC-NATIONAL-VILLAGE-MANIFEST","22595","Qornet El-Hamra","قرنة الحمرا","","","exact-pcode","ADM3_PCODE=22595","1","accepted","none","owner-review-pending","2026-08-06T08:11:43.434Z","Exact stable ADM3_PCODE mapping; owner approval remains pending"
"LB-XW-781E4B0F1AA1","LB-LOC-22427","LB-LOC-22427","22427","LB-GOV-C98952C33ACF","LB-DIST-5BF720066F5A","","Roumieh","روميه المتن","روميه المتن","SRC-NATIONAL-VILLAGE-MANIFEST","22427","Roumieh","روميه المتن","","","exact-pcode","ADM3_PCODE=22427","1","accepted","none","owner-review-pending","2026-08-06T08:11:43.434Z","Exact stable ADM3_PCODE mapping; owner approval remains pending"
"LB-XW-D2CE89C18F3F","LB-LOC-22567","LB-LOC-22567","22567","LB-GOV-C98952C33ACF","LB-DIST-5BF720066F5A","","Sfeilet Bikfaya","سفيلة بكفيا","سفيلة بكفيا","SRC-NATIONAL-VILLAGE-MANIFEST","22567","Sfeilet Bikfaya","سفيلة بكفيا","","","exact-pcode","ADM3_PCODE=22567","1","accepted","none","owner-review-pending","2026-08-06T08:11:43.434Z","Exact stable ADM3_PCODE mapping; owner approval remains pending"
"LB-XW-2DB9E2A5BE48","LB-LOC-22155","LB-LOC-22155","22155","LB-GOV-C98952C33ACF","LB-DIST-5BF720066F5A","","Sinn El-Fil","سن الفيل","سن الفيل","SRC-NATIONAL-VILLAGE-MANIFEST","22155","Sinn El-Fil","سن الفيل","","","exact-pcode","ADM3_PCODE=22155","1","accepted","none","owner-review-pending","2026-08-06T08:11:43.434Z","Exact stable ADM3_PCODE mapping; owner approval remains pending"
"LB-XW-36122204B03A","LB-LOC-22794","LB-LOC-22794","22794","LB-GOV-C98952C33ACF","LB-DIST-5BF720066F5A","","Zabbougha","زبوغا","زبوغا","SRC-NATIONAL-VILLAGE-MANIFEST","22794","Zabbougha","زبوغا","","","exact-pcode","ADM3_PCODE=22794","1","accepted","none","owner-review-pending","2026-08-06T08:11:43.434Z","Exact stable ADM3_PCODE mapping; owner approval remains pending"
"LB-XW-55DE1AFE44B5","LB-LOC-22483","LB-LOC-22483","22483","LB-GOV-C98952C33ACF","LB-DIST-5BF720066F5A","","Zakrit","زكريت","زكريت","SRC-NATIONAL-VILLAGE-MANIFEST","22483","Zakrit","زكريت","","","exact-pcode","ADM3_PCODE=22483","1","accepted","none","owner-review-pending","2026-08-06T08:11:43.434Z","Exact stable ADM3_PCODE mapping; owner approval remains pending"
"LB-XW-EDE950D98B72","LB-LOC-22351","LB-LOC-22351","22351","LB-GOV-C98952C33ACF","LB-DIST-5BF720066F5A","","Zalqa","الزلقا","الزلقا","SRC-NATIONAL-VILLAGE-MANIFEST","22351","Zalqa","الزلقا","","","exact-pcode","ADM3_PCODE=22351","1","accepted","none","owner-review-pending","2026-08-06T08:11:43.434Z","Exact stable ADM3_PCODE mapping; owner approval remains pending"
"LB-XW-9952291264D3","LB-LOC-22741","LB-LOC-22741","22741","LB-GOV-C98952C33ACF","LB-DIST-5BF720066F5A","","Zaraaoun","زرعون","زرعون","SRC-NATIONAL-VILLAGE-MANIFEST","22741","Zaraaoun","زرعون","","","exact-pcode","ADM3_PCODE=22741","1","accepted","none","owner-review-pending","2026-08-06T08:11:43.434Z","Exact stable ADM3_PCODE mapping; owner approval remains pending"
"LB-XW-39767AE2DA6E","LB-LOC-22771","LB-LOC-22771","22771","LB-GOV-C98952C33ACF","LB-DIST-5BF720066F5A","","Zighrine El-Matn","زغرين المتن","زغرين المتن","SRC-NATIONAL-VILLAGE-MANIFEST","22771","Zighrine El-Matn","زغرين المتن","","","exact-pcode","ADM3_PCODE=22771","1","accepted","none","owner-review-pending","2026-08-06T08:11:43.434Z","Exact stable ADM3_PCODE mapping; owner approval remains pending"
"LB-XW-A2ADE675A8B5","LB-LOC-22467","LB-LOC-22467","22467","LB-GOV-C98952C33ACF","LB-DIST-5BF720066F5A","","Zouk El-Kharab","ذوق الخراب","ذوق الخراب","SRC-NATIONAL-VILLAGE-MANIFEST","22467","Zouk El-Kharab","ذوق الخراب","","","exact-pcode","ADM3_PCODE=22467","1","accepted","none","owner-review-pending","2026-08-06T08:11:43.434Z","Exact stable ADM3_PCODE mapping; owner approval remains pending"
"LB-XW-F2D289F8652A","LB-LOC-26256","LB-LOC-26256","26256","LB-GOV-C98952C33ACF","LB-DIST-23305D92D7F6","","Aabaydat","عبيدات","عبيدات","SRC-NATIONAL-VILLAGE-MANIFEST","26256","Aabaydat","عبيدات","","","exact-pcode","ADM3_PCODE=26256","1","accepted","none","owner-review-pending","2026-08-06T08:11:43.434Z","Exact stable ADM3_PCODE mapping; owner approval remains pending"
"LB-XW-F428DB6B155A","LB-LOC-26221","LB-LOC-26221","26221","LB-GOV-C98952C33ACF","LB-DIST-23305D92D7F6","","Aain Ed-Delbeh Jbayl","عين الدلبة جبيل","عين الدلبة جبيل","SRC-NATIONAL-VILLAGE-MANIFEST","26221","Aain Ed-Delbeh Jbayl","عين الدلبة جبيل","","","exact-pcode","ADM3_PCODE=26221","1","accepted","none","owner-review-pending","2026-08-06T08:11:43.434Z","Exact stable ADM3_PCODE mapping; owner approval remains pending"
"LB-XW-AC817099A525","LB-LOC-26317","LB-LOC-26317","26317","LB-GOV-C98952C33ACF","LB-DIST-23305D92D7F6","","Aain El-Ghouaybeh","عين الغويبة","عين الغويبة","SRC-NATIONAL-VILLAGE-MANIFEST","26317","Aain El-Ghouaybeh","عين الغويبة","","","exact-pcode","ADM3_PCODE=26317","1","accepted","none","owner-review-pending","2026-08-06T08:11:43.434Z","Exact stable ADM3_PCODE mapping; owner approval remains pending"
"LB-XW-46C34C06AF00","LB-LOC-26227","LB-LOC-26227","26227","LB-GOV-C98952C33ACF","LB-DIST-23305D92D7F6","","Aain Jrain","عين جرين","عين جرين","SRC-NATIONAL-VILLAGE-MANIFEST","26227","Aain Jrain","عين جرين","","","exact-pcode","ADM3_PCODE=26227","1","accepted","none","owner-review-pending","2026-08-06T08:11:43.434Z","Exact stable ADM3_PCODE mapping; owner approval remains pending"
"LB-XW-1B543A91A3BF","LB-LOC-26289","LB-LOC-26289","26289","LB-GOV-C98952C33ACF","LB-DIST-23305D92D7F6","","Aain Kfaa","عين كفاع","عين كفاع","SRC-NATIONAL-VILLAGE-MANIFEST","26289","Aain Kfaa","عين كفاع","","","exact-pcode","ADM3_PCODE=26289","1","accepted","none","owner-review-pending","2026-08-06T08:11:43.434Z","Exact stable ADM3_PCODE mapping; owner approval remains pending"
"LB-XW-7ABEFEE6C1B5","LB-LOC-26219","LB-LOC-26219","26219","LB-GOV-C98952C33ACF","LB-DIST-23305D92D7F6","","Aalita","عاليتا","عاليتا","SRC-NATIONAL-VILLAGE-MANIFEST","26219","Aalita","عاليتا","","","exact-pcode","ADM3_PCODE=26219","1","accepted","none","owner-review-pending","2026-08-06T08:11:43.434Z","Exact stable ADM3_PCODE mapping; owner approval remains pending"
"LB-XW-14BFA667A192","LB-LOC-26212","LB-LOC-26212","26212","LB-GOV-C98952C33ACF","LB-DIST-23305D92D7F6","","Aalmat Ech-Chamliyeh","علمات الشمالية","علمات الشمالية","SRC-NATIONAL-VILLAGE-MANIFEST","26212","Aalmat Ech-Chamliyeh","علمات الشمالية","","","exact-pcode","ADM3_PCODE=26212","1","accepted","none","owner-review-pending","2026-08-06T08:11:43.434Z","Exact stable ADM3_PCODE mapping; owner approval remains pending"
"LB-XW-B7EEE0969BF7","LB-LOC-26214","LB-LOC-26214","26214","LB-GOV-C98952C33ACF","LB-DIST-23305D92D7F6","","Aalmat Ej-Jnoubiyeh","حصنا","حصنا","SRC-NATIONAL-VILLAGE-MANIFEST","26214","Aalmat Ej-Jnoubiyeh","حصنا","","","exact-pcode","ADM3_PCODE=26214","1","accepted","none","owner-review-pending","2026-08-06T08:11:43.434Z","Exact stable ADM3_PCODE mapping; owner approval remains pending"
"LB-XW-5481B1F98C6E","LB-LOC-26141","LB-LOC-26141","26141","LB-GOV-C98952C33ACF","LB-DIST-23305D92D7F6","","Aamchit","عمشيت","عمشيت","SRC-NATIONAL-VILLAGE-MANIFEST","26141","Aamchit","عمشيت","","","exact-pcode","ADM3_PCODE=26141","1","accepted","none","owner-review-pending","2026-08-06T08:11:43.434Z","Exact stable ADM3_PCODE mapping; owner approval remains pending"
"LB-XW-9DE07E9A9617","LB-LOC-26371","LB-LOC-26371","26371","LB-GOV-C98952C33ACF","LB-DIST-23305D92D7F6","","Aaqoura","عاقورة","عاقورة","SRC-NATIONAL-VILLAGE-MANIFEST","26371","Aaqoura","عاقورة","","","exact-pcode","ADM3_PCODE=26371","1","accepted","none","owner-review-pending","2026-08-06T08:11:43.434Z","Exact stable ADM3_PCODE mapping; owner approval remains pending"
"LB-XW-429322589D04","LB-LOC-26374","LB-LOC-26374","26374","LB-GOV-C98952C33ACF","LB-DIST-23305D92D7F6","","Aarab El-Lahib","عرب اللهيب","عرب اللهيب","SRC-NATIONAL-VILLAGE-MANIFEST","26374","Aarab El-Lahib","عرب اللهيب","","","exact-pcode","ADM3_PCODE=26374","1","accepted","none","owner-review-pending","2026-08-06T08:11:43.434Z","Exact stable ADM3_PCODE mapping; owner approval remains pending"
"LB-XW-ED1FC4F3693C","LB-LOC-26392","LB-LOC-26392","26392","LB-GOV-C98952C33ACF","LB-DIST-23305D92D7F6","","Aarasta","عرستا","عرستا","SRC-NATIONAL-VILLAGE-MANIFEST","26392","Aarasta","عرستا","","","exact-pcode","ADM3_PCODE=26392","1","accepted","none","owner-review-pending","2026-08-06T08:11:43.434Z","Exact stable ADM3_PCODE mapping; owner approval remains pending"
"LB-XW-0752C040613F","LB-LOC-26239","LB-LOC-26239","26239","LB-GOV-C98952C33ACF","LB-DIST-23305D92D7F6","","Adonis Jbayl","ادونيس","ادونيس","SRC-NATIONAL-VILLAGE-MANIFEST","26239","Adonis Jbayl","ادونيس","","","exact-pcode","ADM3_PCODE=26239","1","accepted","none","owner-review-pending","2026-08-06T08:11:43.434Z","Exact stable ADM3_PCODE mapping; owner approval remains pending"
"LB-XW-4FD71C09F5D2","LB-LOC-26364","LB-LOC-26364","26364","LB-GOV-C98952C33ACF","LB-DIST-23305D92D7F6","","Afqa Jbayl","افقا","افقا","SRC-NATIONAL-VILLAGE-MANIFEST","26364","Afqa Jbayl","افقا","","","exact-pcode","ADM3_PCODE=26364","1","accepted","none","owner-review-pending","2026-08-06T08:11:43.434Z","Exact stable ADM3_PCODE mapping; owner approval remains pending"
"LB-XW-84489E88ECB8","LB-LOC-26299","LB-LOC-26299","26299","LB-GOV-C98952C33ACF","LB-DIST-23305D92D7F6","","Bayzoun","بزيون","بزيون","SRC-NATIONAL-VILLAGE-MANIFEST","26299","Bayzoun","بزيون","","","exact-pcode","ADM3_PCODE=26299","1","accepted","none","owner-review-pending","2026-08-06T08:11:43.434Z","Exact stable ADM3_PCODE mapping; owner approval remains pending"
"LB-XW-D5A95CE85E71","LB-LOC-26244","LB-LOC-26244","26244","LB-GOV-C98952C33ACF","LB-DIST-23305D92D7F6","","Bchille Jbayl","بشلّلي","بشللي","SRC-NATIONAL-VILLAGE-MANIFEST","26244","Bchille Jbayl","بشلّلي","","","exact-pcode","ADM3_PCODE=26244","1","accepted","none","owner-review-pending","2026-08-06T08:11:43.434Z","Exact stable ADM3_PCODE mapping; owner approval remains pending"
"LB-XW-3F8894DB2F8F","LB-LOC-26259","LB-LOC-26259","26259","LB-GOV-C98952C33ACF","LB-DIST-23305D92D7F6","","Behdaydat","بحديدات","بحديدات","SRC-NATIONAL-VILLAGE-MANIFEST","26259","Behdaydat","بحديدات","","","exact-pcode","ADM3_PCODE=26259","1","accepted","none","owner-review-pending","2026-08-06T08:11:43.434Z","Exact stable ADM3_PCODE mapping; owner approval remains pending"
"LB-XW-BB9E44781FDD","LB-LOC-26271","LB-LOC-26271","26271","LB-GOV-C98952C33ACF","LB-DIST-23305D92D7F6","","Beit Habbaq","بيت حبّاق","بيت حباق","SRC-NATIONAL-VILLAGE-MANIFEST","26271","Beit Habbaq","بيت حبّاق","","","exact-pcode","ADM3_PCODE=26271","1","accepted","none","owner-review-pending","2026-08-06T08:11:43.434Z","Exact stable ADM3_PCODE mapping; owner approval remains pending"
"LB-XW-9951B063F197","LB-LOC-26276","LB-LOC-26276","26276","LB-GOV-C98952C33ACF","LB-DIST-23305D92D7F6","","Bejjeh","بجه","بجه","SRC-NATIONAL-VILLAGE-MANIFEST","26276","Bejjeh","بجه","","","exact-pcode","ADM3_PCODE=26276","1","accepted","none","owner-review-pending","2026-08-06T08:11:43.434Z","Exact stable ADM3_PCODE mapping; owner approval remains pending"
"LB-XW-FDADC9A2A618","LB-LOC-26297","LB-LOC-26297","26297","LB-GOV-C98952C33ACF","LB-DIST-23305D92D7F6","","Bekhaaz","بخعاز","بخعاز","SRC-NATIONAL-VILLAGE-MANIFEST","26297","Bekhaaz","بخعاز","","","exact-pcode","ADM3_PCODE=26297","1","accepted","none","owner-review-pending","2026-08-06T08:11:43.434Z","Exact stable ADM3_PCODE mapping; owner approval remains pending"
"LB-XW-63B3B39A3C31","LB-LOC-26183","LB-LOC-26183","26183","LB-GOV-C98952C33ACF","LB-DIST-23305D92D7F6","","Berbara Jbayl","بربارة","بربارة","SRC-NATIONAL-VILLAGE-MANIFEST","26183","Berbara Jbayl","بربارة","","","exact-pcode","ADM3_PCODE=26183","1","accepted","none","owner-review-pending","2026-08-06T08:11:43.434Z","Exact stable ADM3_PCODE mapping; owner approval remains pending"
"LB-XW-7AD2BED604C0","LB-LOC-26243","LB-LOC-26243","26243","LB-GOV-C98952C33ACF","LB-DIST-23305D92D7F6","","Bichtlida","بشتليدا","بشتليدا","SRC-NATIONAL-VILLAGE-MANIFEST","26243","Bichtlida","بشتليدا","","","exact-pcode","ADM3_PCODE=26243","1","accepted","none","owner-review-pending","2026-08-06T08:11:43.434Z","Exact stable ADM3_PCODE mapping; owner approval remains pending"
"LB-XW-CE906729A27D","LB-LOC-26269","LB-LOC-26269","26269","LB-GOV-C98952C33ACF","LB-DIST-23305D92D7F6","","Bintaael","بنتاعل","بنتاعل","SRC-NATIONAL-VILLAGE-MANIFEST","26269","Bintaael","بنتاعل","","","exact-pcode","ADM3_PCODE=26269","1","accepted","none","owner-review-pending","2026-08-06T08:11:43.434Z","Exact stable ADM3_PCODE mapping; owner approval remains pending"
"LB-XW-95AE2394857F","LB-LOC-26237","LB-LOC-26237","26237","LB-GOV-C98952C33ACF","LB-DIST-23305D92D7F6","","Birket Hjoula","بركة حجولا","بركة حجولا","SRC-NATIONAL-VILLAGE-MANIFEST","26237","Birket Hjoula","بركة حجولا","","","exact-pcode","ADM3_PCODE=26237","1","accepted","none","owner-review-pending","2026-08-06T08:11:43.434Z","Exact stable ADM3_PCODE mapping; owner approval remains pending"
"LB-XW-FCAE6F9274EE","LB-LOC-26129","LB-LOC-26129","26129","LB-GOV-C98952C33ACF","LB-DIST-23305D92D7F6","","Blat Jbeil","بلاط","بلاط","SRC-NATIONAL-VILLAGE-MANIFEST","26129","Blat Jbeil","بلاط","","","exact-pcode","ADM3_PCODE=26129","1","accepted","none","owner-review-pending","2026-08-06T08:11:43.434Z","Exact stable ADM3_PCODE mapping; owner approval remains pending"
"LB-XW-B15A5074B766","LB-LOC-26283","LB-LOC-26283","26283","LB-GOV-C98952C33ACF","LB-DIST-23305D92D7F6","","Bmehrayn","بمهرين","بمهرين","SRC-NATIONAL-VILLAGE-MANIFEST","26283","Bmehrayn","بمهرين","","","exact-pcode","ADM3_PCODE=26283","1","accepted","none","owner-review-pending","2026-08-06T08:11:43.434Z","Exact stable ADM3_PCODE mapping; owner approval remains pending"
"LB-XW-C6D79EB0D9C2","LB-LOC-26354","LB-LOC-26354","26354","LB-GOV-C98952C33ACF","LB-DIST-23305D92D7F6","","Boulhos","بلحص","بلحص","SRC-NATIONAL-VILLAGE-MANIFEST","26354","Boulhos","بلحص","","","exact-pcode","ADM3_PCODE=26354","1","accepted","none","owner-review-pending","2026-08-06T08:11:43.434Z","Exact stable ADM3_PCODE mapping; owner approval remains pending"
"LB-XW-09EB8095BBDA","LB-LOC-26253","LB-LOC-26253","26253","LB-GOV-C98952C33ACF","LB-DIST-23305D92D7F6","","Brayj Jbayl","بريج","بريج","SRC-NATIONAL-VILLAGE-MANIFEST","26253","Brayj Jbayl","بريج","","","exact-pcode","ADM3_PCODE=26253","1","accepted","none","owner-review-pending","2026-08-06T08:11:43.434Z","Exact stable ADM3_PCODE mapping; owner approval remains pending"
"LB-XW-1032F8516052","LB-LOC-26279","LB-LOC-26279","26279","LB-GOV-C98952C33ACF","LB-DIST-23305D92D7F6","","Chamate","شامات","شامات","SRC-NATIONAL-VILLAGE-MANIFEST","26279","Chamate","شامات","","","exact-pcode","ADM3_PCODE=26279","1","accepted","none","owner-review-pending","2026-08-06T08:11:43.434Z","Exact stable ADM3_PCODE mapping; owner approval remains pending"
"LB-XW-309664DD2E0D","LB-LOC-26295","LB-LOC-26295","26295","LB-GOV-C98952C33ACF","LB-DIST-23305D92D7F6","","Chikhane","شيخان","شيخان","SRC-NATIONAL-VILLAGE-MANIFEST","26295","Chikhane","شيخان","","","exact-pcode","ADM3_PCODE=26295","1","accepted","none","owner-review-pending","2026-08-06T08:11:43.434Z","Exact stable ADM3_PCODE mapping; owner approval remains pending"
"LB-XW-197310B0D667","LB-LOC-26296","LB-LOC-26296","26296","LB-GOV-C98952C33ACF","LB-DIST-23305D92D7F6","","Chmout","شموت","شموت","SRC-NATIONAL-VILLAGE-MANIFEST","26296","Chmout","شموت","","","exact-pcode","ADM3_PCODE=26296","1","accepted","none","owner-review-pending","2026-08-06T08:11:43.434Z","Exact stable ADM3_PCODE mapping; owner approval remains pending"
"LB-XW-C6AE3A5ABAD9","LB-LOC-26135","LB-LOC-26135","26135","LB-GOV-C98952C33ACF","LB-DIST-23305D92D7F6","","Eddeh Jbayl","إده","اده","SRC-NATIONAL-VILLAGE-MANIFEST","26135","Eddeh Jbayl","إده","","","exact-pcode","ADM3_PCODE=26135","1","accepted","none","owner-review-pending","2026-08-06T08:11:43.434Z","Exact stable ADM3_PCODE mapping; owner approval remains pending"
"LB-XW-D8E30B7727A6","LB-LOC-26211","LB-LOC-26211","26211","LB-GOV-C98952C33ACF","LB-DIST-23305D92D7F6","","Ehmej","اهمج","اهمج","SRC-NATIONAL-VILLAGE-MANIFEST","26211","Ehmej","اهمج","","","exact-pcode","ADM3_PCODE=26211","1","accepted","none","owner-review-pending","2026-08-06T08:11:43.434Z","Exact stable ADM3_PCODE mapping; owner approval remains pending"
"LB-XW-C59634B9B91C","LB-LOC-26266","LB-LOC-26266","26266","LB-GOV-C98952C33ACF","LB-DIST-23305D92D7F6","","Fatre","فتري","فتري","SRC-NATIONAL-VILLAGE-MANIFEST","26266","Fatre","فتري","","","exact-pcode","ADM3_PCODE=26266","1","accepted","none","owner-review-pending","2026-08-06T08:11:43.434Z","Exact stable ADM3_PCODE mapping; owner approval remains pending"
"LB-XW-978E79CAF514","LB-LOC-26217","LB-LOC-26217","26217","LB-GOV-C98952C33ACF","LB-DIST-23305D92D7F6","","Ferhet","فرحت","فرحت","SRC-NATIONAL-VILLAGE-MANIFEST","26217","Ferhet","فرحت","","","exact-pcode","ADM3_PCODE=26217","1","accepted","none","owner-review-pending","2026-08-06T08:11:43.434Z","Exact stable ADM3_PCODE mapping; owner approval remains pending"
"LB-XW-A26A2D0D18EB","LB-LOC-26298","LB-LOC-26298","26298","LB-GOV-C98952C33ACF","LB-DIST-23305D92D7F6","","Fghal","فغال","فغال","SRC-NATIONAL-VILLAGE-MANIFEST","26298","Fghal","فغال","","","exact-pcode","ADM3_PCODE=26298","1","accepted","none","owner-review-pending","2026-08-06T08:11:43.434Z","Exact stable ADM3_PCODE mapping; owner approval remains pending"
"LB-XW-E291459F308D","LB-LOC-26223","LB-LOC-26223","26223","LB-GOV-C98952C33ACF","LB-DIST-23305D92D7F6","","Frat","فرات","فرات","SRC-NATIONAL-VILLAGE-MANIFEST","26223","Frat","فرات","","","exact-pcode","ADM3_PCODE=26223","1","accepted","none","owner-review-pending","2026-08-06T08:11:43.434Z","Exact stable ADM3_PCODE mapping; owner approval remains pending"
"LB-XW-489E1B60F59F","LB-LOC-26337","LB-LOC-26337","26337","LB-GOV-C98952C33ACF","LB-DIST-23305D92D7F6","","Ghabat","غابات","غابات","SRC-NATIONAL-VILLAGE-MANIFEST","26337","Ghabat","غابات","","","exact-pcode","ADM3_PCODE=26337","1","accepted","none","owner-review-pending","2026-08-06T08:11:43.434Z","Exact stable ADM3_PCODE mapping; owner approval remains pending"
"LB-XW-8E8797BBD46C","LB-LOC-26277","LB-LOC-26277","26277","LB-GOV-C98952C33ACF","LB-DIST-23305D92D7F6","","Ghalboun","غلبون","غلبون","SRC-NATIONAL-VILLAGE-MANIFEST","26277","Ghalboun","غلبون","","","exact-pcode","ADM3_PCODE=26277","1","accepted","none","owner-review-pending","2026-08-06T08:11:43.434Z","Exact stable ADM3_PCODE mapping; owner approval remains pending"
"LB-XW-B723D10055B4","LB-LOC-26294","LB-LOC-26294","26294","LB-GOV-C98952C33ACF","LB-DIST-23305D92D7F6","","Gharzouz","غرزوز","غرزوز","SRC-NATIONAL-VILLAGE-MANIFEST","26294","Gharzouz","غرزوز","","","exact-pcode","ADM3_PCODE=26294","1","accepted","none","owner-review-pending","2026-08-06T08:11:43.434Z","Exact stable ADM3_PCODE mapping; owner approval remains pending"
"LB-XW-5386F5291BA0","LB-LOC-26291","LB-LOC-26291","26291","LB-GOV-C98952C33ACF","LB-DIST-23305D92D7F6","","Ghofrine","غرفين","غرفين","SRC-NATIONAL-VILLAGE-MANIFEST","26291","Ghofrine","غرفين","","","exact-pcode","ADM3_PCODE=26291","1","accepted","none","owner-review-pending","2026-08-06T08:11:43.434Z","Exact stable ADM3_PCODE mapping; owner approval remains pending"
"LB-XW-7DF10BEB6742","LB-LOC-26234","LB-LOC-26234","26234","LB-GOV-C98952C33ACF","LB-DIST-23305D92D7F6","","Habil","هابيل","هابيل","SRC-NATIONAL-VILLAGE-MANIFEST","26234","Habil","هابيل","","","exact-pcode","ADM3_PCODE=26234","1","accepted","none","owner-review-pending","2026-08-06T08:11:43.434Z","Exact stable ADM3_PCODE mapping; owner approval remains pending"
"LB-XW-2AC30CEF00D0","LB-LOC-26147","LB-LOC-26147","26147","LB-GOV-C98952C33ACF","LB-DIST-23305D92D7F6","","Halate","حالات","حالات","SRC-NATIONAL-VILLAGE-MANIFEST","26147","Halate","حالات","","","exact-pcode","ADM3_PCODE=26147","1","accepted","none","owner-review-pending","2026-08-06T08:11:43.434Z","Exact stable ADM3_PCODE mapping; owner approval remains pending"
"LB-XW-581A8EC3B39A","LB-LOC-26247","LB-LOC-26247","26247","LB-GOV-C98952C33ACF","LB-DIST-23305D92D7F6","","Haqel","حقل","حقل","SRC-NATIONAL-VILLAGE-MANIFEST","26247","Haqel","حقل","","","exact-pcode","ADM3_PCODE=26247","1","accepted","none","owner-review-pending","2026-08-06T08:11:43.434Z","Exact stable ADM3_PCODE mapping; owner approval remains pending"
"LB-XW-856240BC6CAE","LB-LOC-26153","LB-LOC-26153","26153","LB-GOV-C98952C33ACF","LB-DIST-23305D92D7F6","","Hasrayel","حصرايل","حصرايل","SRC-NATIONAL-VILLAGE-MANIFEST","26153","Hasrayel","حصرايل","","","exact-pcode","ADM3_PCODE=26153","1","accepted","none","owner-review-pending","2026-08-06T08:11:43.434Z","Exact stable ADM3_PCODE mapping; owner approval remains pending"
"LB-XW-FF1157EBFDEC","LB-LOC-26281","LB-LOC-26281","26281","LB-GOV-C98952C33ACF","LB-DIST-23305D92D7F6","","Hbaline","حبالين","حبالين","SRC-NATIONAL-VILLAGE-MANIFEST","26281","Hbaline","حبالين","","","exact-pcode","ADM3_PCODE=26281","1","accepted","none","owner-review-pending","2026-08-06T08:11:43.434Z","Exact stable ADM3_PCODE mapping; owner approval remains pending"
"LB-XW-926ADE9EE6B2","LB-LOC-26284","LB-LOC-26284","26284","LB-GOV-C98952C33ACF","LB-DIST-23305D92D7F6","","Hboub","حبوب","حبوب","SRC-NATIONAL-VILLAGE-MANIFEST","26284","Hboub","حبوب","","","exact-pcode","ADM3_PCODE=26284","1","accepted","none","owner-review-pending","2026-08-06T08:11:43.434Z","Exact stable ADM3_PCODE mapping; owner approval remains pending"
"LB-XW-243C76083307","LB-LOC-26324","LB-LOC-26324","26324","LB-GOV-C98952C33ACF","LB-DIST-23305D92D7F6","","Hdeine","هدينة","هدينة","SRC-NATIONAL-VILLAGE-MANIFEST","26324","Hdeine","هدينة","","","exact-pcode","ADM3_PCODE=26324","1","accepted","none","owner-review-pending","2026-08-06T08:11:43.434Z","Exact stable ADM3_PCODE mapping; owner approval remains pending"
"LB-XW-F6A278B27054","LB-LOC-26390","LB-LOC-26390","26390","LB-GOV-C98952C33ACF","LB-DIST-23305D92D7F6","","Hema Er-Rehban","حمى الرهبان","حمي الرهبان","SRC-NATIONAL-VILLAGE-MANIFEST","26390","Hema Er-Rehban","حمى الرهبان","","","exact-pcode","ADM3_PCODE=26390","1","accepted","none","owner-review-pending","2026-08-06T08:11:43.434Z","Exact stable ADM3_PCODE mapping; owner approval remains pending"
"LB-XW-AB2AF1D3E979","LB-LOC-26388","LB-LOC-26388","26388","LB-GOV-C98952C33ACF","LB-DIST-23305D92D7F6","","Hema Mar Maroun Aannaya","حمى مار مارون عنَايا","حمي مار مارون عنايا","SRC-NATIONAL-VILLAGE-MANIFEST","26388","Hema Mar Maroun Aannaya","حمى مار مارون عنَايا","","","exact-pcode","ADM3_PCODE=26388","1","accepted","none","owner-review-pending","2026-08-06T08:11:43.434Z","Exact stable ADM3_PCODE mapping; owner approval remains pending"
"LB-XW-5EDF60285460","LB-LOC-26226","LB-LOC-26226","26226","LB-GOV-C98952C33ACF","LB-DIST-23305D92D7F6","","Hjoula","حجولا","حجولا","SRC-NATIONAL-VILLAGE-MANIFEST","26226","Hjoula","حجولا","","","exact-pcode","ADM3_PCODE=26226","1","accepted","none","owner-review-pending","2026-08-06T08:11:43.434Z","Exact stable ADM3_PCODE mapping; owner approval remains pending"
"LB-XW-CE8E6807C0E0","LB-LOC-26286","LB-LOC-26286","26286","LB-GOV-C98952C33ACF","LB-DIST-23305D92D7F6","","Hsarat","حصارات","حصارات","SRC-NATIONAL-VILLAGE-MANIFEST","26286","Hsarat","حصارات","","","exact-pcode","ADM3_PCODE=26286","1","accepted","none","owner-review-pending","2026-08-06T08:11:43.434Z","Exact stable ADM3_PCODE mapping; owner approval remains pending"
"LB-XW-ABB64BE83632","LB-LOC-26229","LB-LOC-26229","26229","LB-GOV-C98952C33ACF","LB-DIST-23305D92D7F6","","Hsoun","حصون","حصون","SRC-NATIONAL-VILLAGE-MANIFEST","26229","Hsoun","حصون","","","exact-pcode","ADM3_PCODE=26229","1","accepted","none","owner-review-pending","2026-08-06T08:11:43.434Z","Exact stable ADM3_PCODE mapping; owner approval remains pending"
"LB-XW-70473AAE2DC2","LB-LOC-26381","LB-LOC-26381","26381","LB-GOV-C98952C33ACF","LB-DIST-23305D92D7F6","","Jaj","جاج","جاج","SRC-NATIONAL-VILLAGE-MANIFEST","26381","Jaj","جاج","","","exact-pcode","ADM3_PCODE=26381","1","accepted","none","owner-review-pending","2026-08-06T08:11:43.434Z","Exact stable ADM3_PCODE mapping; owner approval remains pending"
"LB-XW-B43825A1FC97","LB-LOC-26327","LB-LOC-26327","26327","LB-GOV-C98952C33ACF","LB-DIST-23305D92D7F6","","Janneh","جنة","جنة","SRC-NATIONAL-VILLAGE-MANIFEST","26327","Janneh","جنة","","","exact-pcode","ADM3_PCODE=26327","1","accepted","none","owner-review-pending","2026-08-06T08:11:43.434Z","Exact stable ADM3_PCODE mapping; owner approval remains pending"
"LB-XW-24A19C9542DE","LB-LOC-26111","LB-LOC-26111","26111","LB-GOV-C98952C33ACF","LB-DIST-23305D92D7F6","","Jbayl","جبيل","جبيل","SRC-NATIONAL-VILLAGE-MANIFEST","26111","Jbayl","جبيل","","","exact-pcode","ADM3_PCODE=26111","1","accepted","none","owner-review-pending","2026-08-06T08:11:43.434Z","Exact stable ADM3_PCODE mapping; owner approval remains pending"
"LB-XW-B7A509CA8D63","LB-LOC-26165","LB-LOC-26165","26165","LB-GOV-C98952C33ACF","LB-DIST-23305D92D7F6","","Jeoddayel Jbayl","جدايل","جدايل","SRC-NATIONAL-VILLAGE-MANIFEST","26165","Jeoddayel Jbayl","جدايل","","","exact-pcode","ADM3_PCODE=26165","1","accepted","none","owner-review-pending","2026-08-06T08:11:43.434Z","Exact stable ADM3_PCODE mapping; owner approval remains pending"
"LB-XW-9D2ACB199CD5","LB-LOC-26274","LB-LOC-26274","26274","LB-GOV-C98952C33ACF","LB-DIST-23305D92D7F6","","Jlisseh","جليسه","جليسه","SRC-NATIONAL-VILLAGE-MANIFEST","26274","Jlisseh","جليسه","","","exact-pcode","ADM3_PCODE=26274","1","accepted","none","owner-review-pending","2026-08-06T08:11:43.434Z","Exact stable ADM3_PCODE mapping; owner approval remains pending"
"LB-XW-0100FEB2DA7A","LB-LOC-26236","LB-LOC-26236","26236","LB-GOV-C98952C33ACF","LB-DIST-23305D92D7F6","","Jouret El-Qattine","جورة القطين","جورة القطين","SRC-NATIONAL-VILLAGE-MANIFEST","26236","Jouret El-Qattine","جورة القطين","","","exact-pcode","ADM3_PCODE=26236","1","accepted","none","owner-review-pending","2026-08-06T08:11:43.434Z","Exact stable ADM3_PCODE mapping; owner approval remains pending"
"LB-XW-8BBCA1207F79","LB-LOC-26273","LB-LOC-26273","26273","LB-GOV-C98952C33ACF","LB-DIST-23305D92D7F6","","Kafr","كفر الفتوح","كفر الفتوح","SRC-NATIONAL-VILLAGE-MANIFEST","26273","Kafr","كفر الفتوح","","","exact-pcode","ADM3_PCODE=26273","1","accepted","none","owner-review-pending","2026-08-06T08:11:43.434Z","Exact stable ADM3_PCODE mapping; owner approval remains pending"
"LB-XW-27AE37807A96","LB-LOC-26224","LB-LOC-26224","26224","LB-GOV-C98952C33ACF","LB-DIST-23305D92D7F6","","Kfar Baal","كفر بعال","كفر بعال","SRC-NATIONAL-VILLAGE-MANIFEST","26224","Kfar Baal","كفر بعال","","","exact-pcode","ADM3_PCODE=26224","1","accepted","none","owner-review-pending","2026-08-06T08:11:43.434Z","Exact stable ADM3_PCODE mapping; owner approval remains pending"
"LB-XW-7FCED94B2BF6","LB-LOC-26189","LB-LOC-26189","26189","LB-GOV-C98952C33ACF","LB-DIST-23305D92D7F6","","Kfar Kiddeh","كفر كده","كفر كده","SRC-NATIONAL-VILLAGE-MANIFEST","26189","Kfar Kiddeh","كفر كده","","","exact-pcode","ADM3_PCODE=26189","1","accepted","none","owner-review-pending","2026-08-06T08:11:43.434Z","Exact stable ADM3_PCODE mapping; owner approval remains pending"
"LB-XW-08E7FD594E29","LB-LOC-26287","LB-LOC-26287","26287","LB-GOV-C98952C33ACF","LB-DIST-23305D92D7F6","","Kfar Mashoun","كفر مسحون","كفر مسحون","SRC-NATIONAL-VILLAGE-MANIFEST","26287","Kfar Mashoun","كفر مسحون","","","exact-pcode","ADM3_PCODE=26287","1","accepted","none","owner-review-pending","2026-08-06T08:11:43.434Z","Exact stable ADM3_PCODE mapping; owner approval remains pending"
"LB-XW-FC8918FE9762","LB-LOC-26264","LB-LOC-26264","26264","LB-GOV-C98952C33ACF","LB-DIST-23305D92D7F6","","Kfar Qouas","كفر قواص","كفر قواص","SRC-NATIONAL-VILLAGE-MANIFEST","26264","Kfar Qouas","كفر قواص","","","exact-pcode","ADM3_PCODE=26264","1","accepted","none","owner-review-pending","2026-08-06T08:11:43.434Z","Exact stable ADM3_PCODE mapping; owner approval remains pending"
"LB-XW-AEBF17E1E924","LB-LOC-26267","LB-LOC-26267","26267","LB-GOV-C98952C33ACF","LB-DIST-23305D92D7F6","","Kfoun","كفون","كفون","SRC-NATIONAL-VILLAGE-MANIFEST","26267","Kfoun","كفون","","","exact-pcode","ADM3_PCODE=26267","1","accepted","none","owner-review-pending","2026-08-06T08:11:43.434Z","Exact stable ADM3_PCODE mapping; owner approval remains pending"
"LB-XW-3B73ECE79494","LB-LOC-26249","LB-LOC-26249","26249","LB-GOV-C98952C33ACF","LB-DIST-23305D92D7F6","","Kharbet Jbayl","خاربة جبيل","خاربة جبيل","SRC-NATIONAL-VILLAGE-MANIFEST","26249","Kharbet Jbayl","خاربة جبيل","","","exact-pcode","ADM3_PCODE=26249","1","accepted","none","owner-review-pending","2026-08-06T08:11:43.434Z","Exact stable ADM3_PCODE mapping; owner approval remains pending"
"LB-XW-03E84F7D4595","LB-LOC-26361","LB-LOC-26361","26361","LB-GOV-C98952C33ACF","LB-DIST-23305D92D7F6","","Laqlouq","اللقلوق","اللقلوق","SRC-NATIONAL-VILLAGE-MANIFEST","26361","Laqlouq","اللقلوق","","","exact-pcode","ADM3_PCODE=26361","1","accepted","none","owner-review-pending","2026-08-06T08:11:43.434Z","Exact stable ADM3_PCODE mapping; owner approval remains pending"
"LB-XW-D0F6B3896093","LB-LOC-26331","LB-LOC-26331","26331","LB-GOV-C98952C33ACF","LB-DIST-23305D92D7F6","","Lassa","لاسا","لاسا","SRC-NATIONAL-VILLAGE-MANIFEST","26331","Lassa","لاسا","","","exact-pcode","ADM3_PCODE=26331","1","accepted","none","owner-review-pending","2026-08-06T08:11:43.434Z","Exact stable ADM3_PCODE mapping; owner approval remains pending"
"LB-XW-0B8F8594E227","LB-LOC-26233","LB-LOC-26233","26233","LB-GOV-C98952C33ACF","LB-DIST-23305D92D7F6","","Lehfed","لحفد","لحفد","SRC-NATIONAL-VILLAGE-MANIFEST","26233","Lehfed","لحفد","","","exact-pcode","ADM3_PCODE=26233","1","accepted","none","owner-review-pending","2026-08-06T08:11:43.434Z","Exact stable ADM3_PCODE mapping; owner approval remains pending"
"LB-XW-1BD23633FD80","LB-LOC-26293","LB-LOC-26293","26293","LB-GOV-C98952C33ACF","LB-DIST-23305D92D7F6","","Maad","معاد","معاد","SRC-NATIONAL-VILLAGE-MANIFEST","26293","Maad","معاد","","","exact-pcode","ADM3_PCODE=26293","1","accepted","none","owner-review-pending","2026-08-06T08:11:43.434Z","Exact stable ADM3_PCODE mapping; owner approval remains pending"
"LB-XW-0A7237B2B6FE","LB-LOC-26357","LB-LOC-26357","26357","LB-GOV-C98952C33ACF","LB-DIST-23305D92D7F6","","Majdel El-Aqoura","المجدل","المجدل","SRC-NATIONAL-VILLAGE-MANIFEST","26357","Majdel El-Aqoura","المجدل","","","exact-pcode","ADM3_PCODE=26357","1","accepted","none","owner-review-pending","2026-08-06T08:11:43.434Z","Exact stable ADM3_PCODE mapping; owner approval remains pending"
"LB-XW-D0B6509C0ED9","LB-LOC-26314","LB-LOC-26314","26314","LB-GOV-C98952C33ACF","LB-DIST-23305D92D7F6","","Mar Sarkis","دير مار سركيس","دير مار سركيس","SRC-NATIONAL-VILLAGE-MANIFEST","26314","Mar Sarkis","دير مار سركيس","","","exact-pcode","ADM3_PCODE=26314","1","accepted","none","owner-review-pending","2026-08-06T08:11:43.434Z","Exact stable ADM3_PCODE mapping; owner approval remains pending"
"LB-XW-D8448868C6A9","LB-LOC-26117","LB-LOC-26117","26117","LB-GOV-C98952C33ACF","LB-DIST-23305D92D7F6","","Mastita","مستيتا","مستيتا","SRC-NATIONAL-VILLAGE-MANIFEST","26117","Mastita","مستيتا","","","exact-pcode","ADM3_PCODE=26117","1","accepted","none","owner-review-pending","2026-08-06T08:11:43.434Z","Exact stable ADM3_PCODE mapping; owner approval remains pending"
"LB-XW-B01BC560B348","LB-LOC-26257","LB-LOC-26257","26257","LB-GOV-C98952C33ACF","LB-DIST-23305D92D7F6","","Mayfouq","ميفوق","ميفوق","SRC-NATIONAL-VILLAGE-MANIFEST","26257","Mayfouq","ميفوق","","","exact-pcode","ADM3_PCODE=26257","1","accepted","none","owner-review-pending","2026-08-06T08:11:43.434Z","Exact stable ADM3_PCODE mapping; owner approval remains pending"
"LB-XW-C0DE9551E6C0","LB-LOC-26213","LB-LOC-26213","26213","LB-GOV-C98952C33ACF","LB-DIST-23305D92D7F6","","Mazraat El-Maaden","مزرعة المعادن","مزرعة المعادن","SRC-NATIONAL-VILLAGE-MANIFEST","26213","Mazraat El-Maaden","مزرعة المعادن","","","exact-pcode","ADM3_PCODE=26213","1","accepted","none","owner-review-pending","2026-08-06T08:11:43.434Z","Exact stable ADM3_PCODE mapping; owner approval remains pending"
"LB-XW-9721EB31115C","LB-LOC-26321","LB-LOC-26321","26321","LB-GOV-C98952C33ACF","LB-DIST-23305D92D7F6","","Mazraat Es Siyad","مزرعة السياد","مزرعة السياد","SRC-NATIONAL-VILLAGE-MANIFEST","26321","Mazraat Es Siyad","مزرعة السياد","","","exact-pcode","ADM3_PCODE=26321","1","accepted","none","owner-review-pending","2026-08-06T08:11:43.434Z","Exact stable ADM3_PCODE mapping; owner approval remains pending"
"LB-XW-6512A6CAB1FF","LB-LOC-26231","LB-LOC-26231","26231","LB-GOV-C98952C33ACF","LB-DIST-23305D92D7F6","","Mchaneh","مشان","مشان","SRC-NATIONAL-VILLAGE-MANIFEST","26231","Mchaneh","مشان","","","exact-pcode","ADM3_PCODE=26231","1","accepted","none","owner-review-pending","2026-08-06T08:11:43.434Z","Exact stable ADM3_PCODE mapping; owner approval remains pending"
"LB-XW-1D10F5E31977","LB-LOC-26341","LB-LOC-26341","26341","LB-GOV-C98952C33ACF","LB-DIST-23305D92D7F6","","Mghayreh Jbeil","مغيره","مغيره","SRC-NATIONAL-VILLAGE-MANIFEST","26341","Mghayreh Jbeil","مغيره","","","exact-pcode","ADM3_PCODE=26341","1","accepted","none","owner-review-pending","2026-08-06T08:11:43.434Z","Exact stable ADM3_PCODE mapping; owner approval remains pending"
"LB-XW-EE8B795B09EC","LB-LOC-26218","LB-LOC-26218","26218","LB-GOV-C98952C33ACF","LB-DIST-23305D92D7F6","","Michmich Jbayl","مشمش جبيل","مشمش جبيل","SRC-NATIONAL-VILLAGE-MANIFEST","26218","Michmich Jbayl","مشمش جبيل","","","exact-pcode","ADM3_PCODE=26218","1","accepted","none","owner-review-pending","2026-08-06T08:11:43.434Z","Exact stable ADM3_PCODE mapping; owner approval remains pending"
"LB-XW-6D7BA1B6C7E9","LB-LOC-26177","LB-LOC-26177","26177","LB-GOV-C98952C33ACF","LB-DIST-23305D92D7F6","","Mounsef","المنصف","المنصف","SRC-NATIONAL-VILLAGE-MANIFEST","26177","Mounsef","المنصف","","","exact-pcode","ADM3_PCODE=26177","1","accepted","none","owner-review-pending","2026-08-06T08:11:43.434Z","Exact stable ADM3_PCODE mapping; owner approval remains pending"
"LB-XW-86E3D93B8585","LB-LOC-26171","LB-LOC-26171","26171","LB-GOV-C98952C33ACF","LB-DIST-23305D92D7F6","","Nahr Ibrahim","نهر ابراهيم","نهر ابراهيم","SRC-NATIONAL-VILLAGE-MANIFEST","26171","Nahr Ibrahim","نهر ابراهيم","","","exact-pcode","ADM3_PCODE=26171","1","accepted","none","owner-review-pending","2026-08-06T08:11:43.434Z","Exact stable ADM3_PCODE mapping; owner approval remains pending"
"LB-XW-F92719970C28","LB-LOC-26367","LB-LOC-26367","26367","LB-GOV-C98952C33ACF","LB-DIST-23305D92D7F6","","Qahmez","قهمز","قهمز","SRC-NATIONAL-VILLAGE-MANIFEST","26367","Qahmez","قهمز","","","exact-pcode","ADM3_PCODE=26367","1","accepted","none","owner-review-pending","2026-08-06T08:11:43.434Z","Exact stable ADM3_PCODE mapping; owner approval remains pending"
"LB-XW-ADE8345972A4","LB-LOC-26311","LB-LOC-26311","26311","LB-GOV-C98952C33ACF","LB-DIST-23305D92D7F6","","Qartaba","قرطبا","قرطبا","SRC-NATIONAL-VILLAGE-MANIFEST","26311","Qartaba","قرطبا","","","exact-pcode","ADM3_PCODE=26311","1","accepted","none","owner-review-pending","2026-08-06T08:11:43.434Z","Exact stable ADM3_PCODE mapping; owner approval remains pending"
"LB-XW-1520DFB53AD4","LB-LOC-26123","LB-LOC-26123","26123","LB-GOV-C98952C33ACF","LB-DIST-23305D92D7F6","","Qartaboun","قرطبون","قرطبون","SRC-NATIONAL-VILLAGE-MANIFEST","26123","Qartaboun","قرطبون","","","exact-pcode","ADM3_PCODE=26123","1","accepted","none","owner-review-pending","2026-08-06T08:11:43.434Z","Exact stable ADM3_PCODE mapping; owner approval remains pending"
"LB-XW-2035430C8B56","LB-LOC-26351","LB-LOC-26351","26351","LB-GOV-C98952C33ACF","LB-DIST-23305D92D7F6","","Qorqraiya","قرقريا","قرقريا","SRC-NATIONAL-VILLAGE-MANIFEST","26351","Qorqraiya","قرقريا","","","exact-pcode","ADM3_PCODE=26351","1","accepted","none","owner-review-pending","2026-08-06T08:11:43.434Z","Exact stable ADM3_PCODE mapping; owner approval remains pending"
"LB-XW-445796037C68","LB-LOC-26251","LB-LOC-26251","26251","LB-GOV-C98952C33ACF","LB-DIST-23305D92D7F6","","Qottara Jbayl","قطارة","قطارة","SRC-NATIONAL-VILLAGE-MANIFEST","26251","Qottara Jbayl","قطارة","","","exact-pcode","ADM3_PCODE=26251","1","accepted","none","owner-review-pending","2026-08-06T08:11:43.434Z","Exact stable ADM3_PCODE mapping; owner approval remains pending"
"LB-XW-172F2100C26B","LB-LOC-26261","LB-LOC-26261","26261","LB-GOV-C98952C33ACF","LB-DIST-23305D92D7F6","","Ramout","الراموط","الراموط","SRC-NATIONAL-VILLAGE-MANIFEST","26261","Ramout","الراموط","","","exact-pcode","ADM3_PCODE=26261","1","accepted","none","owner-review-pending","2026-08-06T08:11:43.434Z","Exact stable ADM3_PCODE mapping; owner approval remains pending"
"LB-XW-C9E2AF24827D","LB-LOC-26241","LB-LOC-26241","26241","LB-GOV-C98952C33ACF","LB-DIST-23305D92D7F6","","Ras Osta","راس اسطا","راس اسطا","SRC-NATIONAL-VILLAGE-MANIFEST","26241","Ras Osta","راس اسطا","","","exact-pcode","ADM3_PCODE=26241","1","accepted","none","owner-review-pending","2026-08-06T08:11:43.434Z","Exact stable ADM3_PCODE mapping; owner approval remains pending"
"LB-XW-488F682C6B4B","LB-LOC-26159","LB-LOC-26159","26159","LB-GOV-C98952C33ACF","LB-DIST-23305D92D7F6","","Rihanet Jbayl","ريحانة","ريحانة","SRC-NATIONAL-VILLAGE-MANIFEST","26159","Rihanet Jbayl","ريحانة","","","exact-pcode","ADM3_PCODE=26159","1","accepted","none","owner-review-pending","2026-08-06T08:11:43.434Z","Exact stable ADM3_PCODE mapping; owner approval remains pending"
"LB-XW-F13258AB2116","LB-LOC-26377","LB-LOC-26377","26377","LB-GOV-C98952C33ACF","LB-DIST-23305D92D7F6","","Saqi Richmaya","سقي رشميا","سقي رشميا","SRC-NATIONAL-VILLAGE-MANIFEST","26377","Saqi Richmaya","سقي رشميا","","","exact-pcode","ADM3_PCODE=26377","1","accepted","none","owner-review-pending","2026-08-06T08:11:43.434Z","Exact stable ADM3_PCODE mapping; owner approval remains pending"
"LB-XW-5954CC5A436D","LB-LOC-26263","LB-LOC-26263","26263","LB-GOV-C98952C33ACF","LB-DIST-23305D92D7F6","","Saqiet El-Khayt","ساقية الخيط","ساقية الخيط","SRC-NATIONAL-VILLAGE-MANIFEST","26263","Saqiet El-Khayt","ساقية الخيط","","","exact-pcode","ADM3_PCODE=26263","1","accepted","none","owner-review-pending","2026-08-06T08:11:43.434Z","Exact stable ADM3_PCODE mapping; owner approval remains pending"
"LB-XW-928AFCD39579","LB-LOC-26254","LB-LOC-26254","26254","LB-GOV-C98952C33ACF","LB-DIST-23305D92D7F6","","Sebrine","سربين","سربين","SRC-NATIONAL-VILLAGE-MANIFEST","26254","Sebrine","سربين","","","exact-pcode","ADM3_PCODE=26254","1","accepted","none","owner-review-pending","2026-08-06T08:11:43.434Z","Exact stable ADM3_PCODE mapping; owner approval remains pending"
"LB-XW-042362DA175C","LB-LOC-26334","LB-LOC-26334","26334","LB-GOV-C98952C33ACF","LB-DIST-23305D92D7F6","","Seraaiita","سرعيتا","سرعيتا","SRC-NATIONAL-VILLAGE-MANIFEST","26334","Seraaiita","سرعيتا","","","exact-pcode","ADM3_PCODE=26334","1","accepted","none","owner-review-pending","2026-08-06T08:11:43.434Z","Exact stable ADM3_PCODE mapping; owner approval remains pending"
"LB-XW-DDF1924FA7FE","LB-LOC-26220","LB-LOC-26220","26220","LB-GOV-C98952C33ACF","LB-DIST-23305D92D7F6","","Souanet Jbayl","صوانة","صوانة","SRC-NATIONAL-VILLAGE-MANIFEST","26220","Souanet Jbayl","صوانة","","","exact-pcode","ADM3_PCODE=26220","1","accepted","none","owner-review-pending","2026-08-06T08:11:43.434Z","Exact stable ADM3_PCODE mapping; owner approval remains pending"
"LB-XW-67D4D63A26E9","LB-LOC-26344","LB-LOC-26344","26344","LB-GOV-C98952C33ACF","LB-DIST-23305D92D7F6","","Tadmor","تدمر","تدمر","SRC-NATIONAL-VILLAGE-MANIFEST","26344","Tadmor","تدمر","","","exact-pcode","ADM3_PCODE=26344","1","accepted","none","owner-review-pending","2026-08-06T08:11:43.434Z","Exact stable ADM3_PCODE mapping; owner approval remains pending"
"LB-XW-B7085597A8D8","LB-LOC-26384","LB-LOC-26384","26384","LB-GOV-C98952C33ACF","LB-DIST-23305D92D7F6","","Tartij","ترتج","ترتج","SRC-NATIONAL-VILLAGE-MANIFEST","26384","Tartij","ترتج","","","exact-pcode","ADM3_PCODE=26384","1","accepted","none","owner-review-pending","2026-08-06T08:11:43.434Z","Exact stable ADM3_PCODE mapping; owner approval remains pending"
"LB-XW-00D7415C39D9","LB-LOC-26215","LB-LOC-26215","26215","LB-GOV-C98952C33ACF","LB-DIST-23305D92D7F6","","Tourzaiya","طورزيا","طورزيا","SRC-NATIONAL-VILLAGE-MANIFEST","26215","Tourzaiya","طورزيا","","","exact-pcode","ADM3_PCODE=26215","1","accepted","none","owner-review-pending","2026-08-06T08:11:43.434Z","Exact stable ADM3_PCODE mapping; owner approval remains pending"
"LB-XW-4E5B1FD832EA","LB-LOC-26347","LB-LOC-26347","26347","LB-GOV-C98952C33ACF","LB-DIST-23305D92D7F6","","Yanouh Jbayl","يانوح","يانوح","SRC-NATIONAL-VILLAGE-MANIFEST","26347","Yanouh Jbayl","يانوح","","","exact-pcode","ADM3_PCODE=26347","1","accepted","none","owner-review-pending","2026-08-06T08:11:43.434Z","Exact stable ADM3_PCODE mapping; owner approval remains pending"
"LB-XW-9E7C964EB2D1","LB-LOC-26246","LB-LOC-26246","26246","LB-GOV-C98952C33ACF","LB-DIST-23305D92D7F6","","Zibdine Jbayl","زبدين","زبدين","SRC-NATIONAL-VILLAGE-MANIFEST","26246","Zibdine Jbayl","زبدين","","","exact-pcode","ADM3_PCODE=26246","1","accepted","none","owner-review-pending","2026-08-06T08:11:43.434Z","Exact stable ADM3_PCODE mapping; owner approval remains pending"
"LB-XW-97A145FEF5D2","LB-LOC-25423","LB-LOC-25423","25423","LB-GOV-C98952C33ACF","LB-DIST-668F902C9D9E","","Aachqout","عشقوت","عشقوت","SRC-NATIONAL-VILLAGE-MANIFEST","25423","Aachqout","عشقوت","","","exact-pcode","ADM3_PCODE=25423","1","accepted","none","owner-review-pending","2026-08-06T08:11:43.434Z","Exact stable ADM3_PCODE mapping; owner approval remains pending"
"LB-XW-111D819301D8","LB-LOC-25463","LB-LOC-25463","25463","LB-GOV-C98952C33ACF","LB-DIST-668F902C9D9E","","Aain Ed-Delbeh Kesrouane","عين الدلبة","عين الدلبة","SRC-NATIONAL-VILLAGE-MANIFEST","25463","Aain Ed-Delbeh Kesrouane","عين الدلبة","","","exact-pcode","ADM3_PCODE=25463","1","accepted","none","owner-review-pending","2026-08-06T08:11:43.434Z","Exact stable ADM3_PCODE mapping; owner approval remains pending"
"LB-XW-997D32FFEE7B","LB-LOC-25251","LB-LOC-25251","25251","LB-GOV-C98952C33ACF","LB-DIST-668F902C9D9E","","Aain Er-Rihane","عين الريحان","عين الريحان","SRC-NATIONAL-VILLAGE-MANIFEST","25251","Aain Er-Rihane","عين الريحان","","","exact-pcode","ADM3_PCODE=25251","1","accepted","none","owner-review-pending","2026-08-06T08:11:43.434Z","Exact stable ADM3_PCODE mapping; owner approval remains pending"
"LB-XW-8B5B7BD02040","LB-LOC-25211","LB-LOC-25211","25211","LB-GOV-C98952C33ACF","LB-DIST-668F902C9D9E","","Aajaltoun","عجلتون","عجلتون","SRC-NATIONAL-VILLAGE-MANIFEST","25211","Aajaltoun","عجلتون","","","exact-pcode","ADM3_PCODE=25211","1","accepted","none","owner-review-pending","2026-08-06T08:11:43.434Z","Exact stable ADM3_PCODE mapping; owner approval remains pending"
"LB-XW-503C2040B820","LB-LOC-25171","LB-LOC-25171","25171","LB-GOV-C98952C33ACF","LB-DIST-668F902C9D9E","","Aaqaibeh Kesrouane","عقيبة","عقيبة","SRC-NATIONAL-VILLAGE-MANIFEST","25171","Aaqaibeh Kesrouane","عقيبة","","","exact-pcode","ADM3_PCODE=25171","1","accepted","none","owner-review-pending","2026-08-06T08:11:43.434Z","Exact stable ADM3_PCODE mapping; owner approval remains pending"
"LB-XW-E74C01D831E7","LB-LOC-25327","LB-LOC-25327","25327","LB-GOV-C98952C33ACF","LB-DIST-668F902C9D9E","","Aaramoun Kesrouane","عرمون كسروان","عرمون كسروان","SRC-NATIONAL-VILLAGE-MANIFEST","25327","Aaramoun Kesrouane","عرمون كسروان","","","exact-pcode","ADM3_PCODE=25327","1","accepted","none","owner-review-pending","2026-08-06T08:11:43.434Z","Exact stable ADM3_PCODE mapping; owner approval remains pending"
"LB-XW-7E76C324A8B8","LB-LOC-25361","LB-LOC-25361","25361","LB-GOV-C98952C33ACF","LB-DIST-668F902C9D9E","","Aazra ouel Aazr","عذره والعذر","عذره والعذر","SRC-NATIONAL-VILLAGE-MANIFEST","25361","Aazra ouel Aazr","عذره والعذر","","","exact-pcode","ADM3_PCODE=25361","1","accepted","none","owner-review-pending","2026-08-06T08:11:43.434Z","Exact stable ADM3_PCODE mapping; owner approval remains pending"
"LB-XW-2710B17CF706","LB-LOC-25156","LB-LOC-25156","25156","LB-GOV-C98952C33ACF","LB-DIST-668F902C9D9E","","Adma Oua Dafine","أدما والدفنه","ادما والدفنه","SRC-NATIONAL-VILLAGE-MANIFEST","25156","Adma Oua Dafine","أدما والدفنه","","","exact-pcode","ADM3_PCODE=25156","1","accepted","none","owner-review-pending","2026-08-06T08:11:43.434Z","Exact stable ADM3_PCODE mapping; owner approval remains pending"
"LB-XW-1DBFBDCE3014","LB-LOC-25271","LB-LOC-25271","25271","LB-GOV-C98952C33ACF","LB-DIST-668F902C9D9E","","Aintoura Kesrouane","عينطورة","عينطورة","SRC-NATIONAL-VILLAGE-MANIFEST","25271","Aintoura Kesrouane","عينطورة","","","exact-pcode","ADM3_PCODE=25271","1","accepted","none","owner-review-pending","2026-08-06T08:11:43.434Z","Exact stable ADM3_PCODE mapping; owner approval remains pending"
"LB-XW-605BF4444261","LB-LOC-25221","LB-LOC-25221","25221","LB-GOV-C98952C33ACF","LB-DIST-668F902C9D9E","","Balloune","بلونة","بلونة","SRC-NATIONAL-VILLAGE-MANIFEST","25221","Balloune","بلونة","","","exact-pcode","ADM3_PCODE=25221","1","accepted","none","owner-review-pending","2026-08-06T08:11:43.434Z","Exact stable ADM3_PCODE mapping; owner approval remains pending"
"LB-XW-16B470D29A01","LB-LOC-25325","LB-LOC-25325","25325","LB-GOV-C98952C33ACF","LB-DIST-668F902C9D9E","","Batha","بطحا","بطحا","SRC-NATIONAL-VILLAGE-MANIFEST","25325","Batha","بطحا","","","exact-pcode","ADM3_PCODE=25325","1","accepted","none","owner-review-pending","2026-08-06T08:11:43.434Z","Exact stable ADM3_PCODE mapping; owner approval remains pending"
"LB-XW-CC6452936BE3","LB-LOC-25431","LB-LOC-25431","25431","LB-GOV-C98952C33ACF","LB-DIST-668F902C9D9E","","Beqaata Aachqout","بقعاتة عشقوت","بقعاتة عشقوت","SRC-NATIONAL-VILLAGE-MANIFEST","25431","Beqaata Aachqout","بقعاتة عشقوت","","","exact-pcode","ADM3_PCODE=25431","1","accepted","none","owner-review-pending","2026-08-06T08:11:43.434Z","Exact stable ADM3_PCODE mapping; owner approval remains pending"
"LB-XW-A6F3F0CF8ACE","LB-LOC-25443","LB-LOC-25443","25443","LB-GOV-C98952C33ACF","LB-DIST-668F902C9D9E","","Beqaata Kanaan","بقعاتة كنعان","بقعاتة كنعان","SRC-NATIONAL-VILLAGE-MANIFEST","25443","Beqaata Kanaan","بقعاتة كنعان","","","exact-pcode","ADM3_PCODE=25443","1","accepted","none","owner-review-pending","2026-08-06T08:11:43.434Z","Exact stable ADM3_PCODE mapping; owner approval remains pending"
"LB-XW-E2C240DE36EB","LB-LOC-25369","LB-LOC-25369","25369","LB-GOV-C98952C33ACF","LB-DIST-668F902C9D9E","","Bizhel","بزحل","بزحل","SRC-NATIONAL-VILLAGE-MANIFEST","25369","Bizhel","بزحل","","","exact-pcode","ADM3_PCODE=25369","1","accepted","none","owner-review-pending","2026-08-06T08:11:43.434Z","Exact stable ADM3_PCODE mapping; owner approval remains pending"
"LB-XW-74D2E14DD654","LB-LOC-25166","LB-LOC-25166","25166","LB-GOV-C98952C33ACF","LB-DIST-668F902C9D9E","","Bouar","بوار","بوار","SRC-NATIONAL-VILLAGE-MANIFEST","25166","Bouar","بوار","","","exact-pcode","ADM3_PCODE=25166","1","accepted","none","owner-review-pending","2026-08-06T08:11:43.434Z","Exact stable ADM3_PCODE mapping; owner approval remains pending"
"LB-XW-59286C12297E","LB-LOC-25313","LB-LOC-25313","25313","LB-GOV-C98952C33ACF","LB-DIST-668F902C9D9E","","Bourj El-Ftouh","فتقا","فتقا","SRC-NATIONAL-VILLAGE-MANIFEST","25313","Bourj El-Ftouh","فتقا","","","exact-pcode","ADM3_PCODE=25313","1","accepted","none","owner-review-pending","2026-08-06T08:11:43.434Z","Exact stable ADM3_PCODE mapping; owner approval remains pending"
"LB-XW-583A5D5EE030","LB-LOC-25451","LB-LOC-25451","25451","LB-GOV-C98952C33ACF","LB-DIST-668F902C9D9E","","Bqaatouta","بقعتوتا","بقعتوتا","SRC-NATIONAL-VILLAGE-MANIFEST","25451","Bqaatouta","بقعتوتا","","","exact-pcode","ADM3_PCODE=25451","1","accepted","none","owner-review-pending","2026-08-06T08:11:43.434Z","Exact stable ADM3_PCODE mapping; owner approval remains pending"
"LB-XW-FBCF9D70AF34","LB-LOC-25176","LB-LOC-25176","25176","LB-GOV-C98952C33ACF","LB-DIST-668F902C9D9E","","Bqaq Ed-Dine","بقاق الدين","بقاق الدين","SRC-NATIONAL-VILLAGE-MANIFEST","25176","Bqaq Ed-Dine","بقاق الدين","","","exact-pcode","ADM3_PCODE=25176","1","accepted","none","owner-review-pending","2026-08-06T08:11:43.434Z","Exact stable ADM3_PCODE mapping; owner approval remains pending"
"LB-XW-5AE46EB9E591","LB-LOC-25337","LB-LOC-25337","25337","LB-GOV-C98952C33ACF","LB-DIST-668F902C9D9E","","Bzoummar","بزمار","بزمار","SRC-NATIONAL-VILLAGE-MANIFEST","25337","Bzoummar","بزمار","","","exact-pcode","ADM3_PCODE=25337","1","accepted","none","owner-review-pending","2026-08-06T08:11:43.434Z","Exact stable ADM3_PCODE mapping; owner approval remains pending"
"LB-XW-96194BD6B22B","LB-LOC-25351","LB-LOC-25351","25351","LB-GOV-C98952C33ACF","LB-DIST-668F902C9D9E","","Chahtoul","شحتول","شحتول","SRC-NATIONAL-VILLAGE-MANIFEST","25351","Chahtoul","شحتول","","","exact-pcode","ADM3_PCODE=25351","1","accepted","none","owner-review-pending","2026-08-06T08:11:43.434Z","Exact stable ADM3_PCODE mapping; owner approval remains pending"
"LB-XW-71845F5F8B65","LB-LOC-25315","LB-LOC-25315","25315","LB-GOV-C98952C33ACF","LB-DIST-668F902C9D9E","","Chnanaair","شننعير","شننعير","SRC-NATIONAL-VILLAGE-MANIFEST","25315","Chnanaair","شننعير","","","exact-pcode","ADM3_PCODE=25315","1","accepted","none","owner-review-pending","2026-08-06T08:11:43.434Z","Exact stable ADM3_PCODE mapping; owner approval remains pending"
"LB-XW-9068B89670BD","LB-LOC-25479","LB-LOC-25479","25479","LB-GOV-C98952C33ACF","LB-DIST-668F902C9D9E","","Chouane","شوان","شوان","SRC-NATIONAL-VILLAGE-MANIFEST","25479","Chouane","شوان","","","exact-pcode","ADM3_PCODE=25479","1","accepted","none","owner-review-pending","2026-08-06T08:11:43.434Z","Exact stable ADM3_PCODE mapping; owner approval remains pending"
"LB-XW-5F6C439CA6F1","LB-LOC-25347","LB-LOC-25347","25347","LB-GOV-C98952C33ACF","LB-DIST-668F902C9D9E","","Daraaoun","درعون","درعون","SRC-NATIONAL-VILLAGE-MANIFEST","25347","Daraaoun","درعون","","","exact-pcode","ADM3_PCODE=25347","1","accepted","none","owner-review-pending","2026-08-06T08:11:43.434Z","Exact stable ADM3_PCODE mapping; owner approval remains pending"
"LB-XW-312C961BA39C","LB-LOC-25241","LB-LOC-25241","25241","LB-GOV-C98952C33ACF","LB-DIST-668F902C9D9E","","Daraiya Kesrouane","داريا كسروان","داريا كسروان","SRC-NATIONAL-VILLAGE-MANIFEST","25241","Daraiya Kesrouane","داريا كسروان","","","exact-pcode","ADM3_PCODE=25241","1","accepted","none","owner-review-pending","2026-08-06T08:11:43.434Z","Exact stable ADM3_PCODE mapping; owner approval remains pending"
"LB-XW-1C5C333534D6","LB-LOC-25335","LB-LOC-25335","25335","LB-GOV-C98952C33ACF","LB-DIST-668F902C9D9E","","Deir Baqlouch","دير بقلوش","دير بقلوش","SRC-NATIONAL-VILLAGE-MANIFEST","25335","Deir Baqlouch","دير بقلوش","","","exact-pcode","ADM3_PCODE=25335","1","accepted","none","owner-review-pending","2026-08-06T08:11:43.434Z","Exact stable ADM3_PCODE mapping; owner approval remains pending"
"LB-XW-4B66FB83C3E4","LB-LOC-25323","LB-LOC-25323","25323","LB-GOV-C98952C33ACF","LB-DIST-668F902C9D9E","","Dlebta","دلبتا","دلبتا","SRC-NATIONAL-VILLAGE-MANIFEST","25323","Dlebta","دلبتا","","","exact-pcode","ADM3_PCODE=25323","1","accepted","none","owner-review-pending","2026-08-06T08:11:43.434Z","Exact stable ADM3_PCODE mapping; owner approval remains pending"
"LB-XW-38AE75066A4A","LB-LOC-25475","LB-LOC-25475","25475","LB-GOV-C98952C33ACF","LB-DIST-668F902C9D9E","","Faraya","فاريا","فاريا","SRC-NATIONAL-VILLAGE-MANIFEST","25475","Faraya","فاريا","","","exact-pcode","ADM3_PCODE=25475","1","accepted","none","owner-review-pending","2026-08-06T08:11:43.434Z","Exact stable ADM3_PCODE mapping; owner approval remains pending"
"LB-XW-8B57AF681599","LB-LOC-25427","LB-LOC-25427","25427","LB-GOV-C98952C33ACF","LB-DIST-668F902C9D9E","","Faytroun","فيطرون","فيطرون","SRC-NATIONAL-VILLAGE-MANIFEST","25427","Faytroun","فيطرون","","","exact-pcode","ADM3_PCODE=25427","1","accepted","none","owner-review-pending","2026-08-06T08:11:43.434Z","Exact stable ADM3_PCODE mapping; owner approval remains pending"
"LB-XW-352D82008CC4","LB-LOC-25311","LB-LOC-25311","25311","LB-GOV-C98952C33ACF","LB-DIST-668F902C9D9E","","Ghazir","غزير","غزير","SRC-NATIONAL-VILLAGE-MANIFEST","25311","Ghazir","غزير","","","exact-pcode","ADM3_PCODE=25311","1","accepted","none","owner-review-pending","2026-08-06T08:11:43.434Z","Exact stable ADM3_PCODE mapping; owner approval remains pending"
"LB-XW-04E0B4BD268F","LB-LOC-25363","LB-LOC-25363","25363","LB-GOV-C98952C33ACF","LB-DIST-668F902C9D9E","","Ghbaleh Kesrouane","غبالة","غبالة","SRC-NATIONAL-VILLAGE-MANIFEST","25363","Ghbaleh Kesrouane","غبالة","","","exact-pcode","ADM3_PCODE=25363","1","accepted","none","owner-review-pending","2026-08-06T08:11:43.434Z","Exact stable ADM3_PCODE mapping; owner approval remains pending"
"LB-XW-0A9909E6978B","LB-LOC-25331","LB-LOC-25331","25331","LB-GOV-C98952C33ACF","LB-DIST-668F902C9D9E","","Ghidras","غدراس","غدراس","SRC-NATIONAL-VILLAGE-MANIFEST","25331","Ghidras","غدراس","","","exact-pcode","ADM3_PCODE=25331","1","accepted","none","owner-review-pending","2026-08-06T08:11:43.434Z","Exact stable ADM3_PCODE mapping; owner approval remains pending"
"LB-XW-C14B32ABE4A6","LB-LOC-25343","LB-LOC-25343","25343","LB-GOV-C98952C33ACF","LB-DIST-668F902C9D9E","","Ghineh","غينة","غينة","SRC-NATIONAL-VILLAGE-MANIFEST","25343","Ghineh","غينة","","","exact-pcode","ADM3_PCODE=25343","1","accepted","none","owner-review-pending","2026-08-06T08:11:43.434Z","Exact stable ADM3_PCODE mapping; owner approval remains pending"
"LB-XW-8CD32D0709D4","LB-LOC-25319","LB-LOC-25319","25319","LB-GOV-C98952C33ACF","LB-DIST-668F902C9D9E","","Ghosta","غوسطا","غوسطا","SRC-NATIONAL-VILLAGE-MANIFEST","25319","Ghosta","غوسطا","","","exact-pcode","ADM3_PCODE=25319","1","accepted","none","owner-review-pending","2026-08-06T08:11:43.434Z","Exact stable ADM3_PCODE mapping; owner approval remains pending"
"LB-XW-6940623E41ED","LB-LOC-25333","LB-LOC-25333","25333","LB-GOV-C98952C33ACF","LB-DIST-668F902C9D9E","","Harharaya","هرهريا","هرهريا","SRC-NATIONAL-VILLAGE-MANIFEST","25333","Harharaya","هرهريا","","","exact-pcode","ADM3_PCODE=25333","1","accepted","none","owner-review-pending","2026-08-06T08:11:43.434Z","Exact stable ADM3_PCODE mapping; owner approval remains pending"
"LB-XW-2084B865BA26","LB-LOC-25339","LB-LOC-25339","25339","LB-GOV-C98952C33ACF","LB-DIST-668F902C9D9E","","Harissa Kesrouane","حريصا","حريصا","SRC-NATIONAL-VILLAGE-MANIFEST","25339","Harissa Kesrouane","حريصا","","","exact-pcode","ADM3_PCODE=25339","1","accepted","none","owner-review-pending","2026-08-06T08:11:43.434Z","Exact stable ADM3_PCODE mapping; owner approval remains pending"
"LB-XW-B2D29D72C1AA","LB-LOC-25349","LB-LOC-25349","25349","LB-GOV-C98952C33ACF","LB-DIST-668F902C9D9E","","Hayata","حياطة","حياطة","SRC-NATIONAL-VILLAGE-MANIFEST","25349","Hayata","حياطة","","","exact-pcode","ADM3_PCODE=25349","1","accepted","none","owner-review-pending","2026-08-06T08:11:43.434Z","Exact stable ADM3_PCODE mapping; owner approval remains pending"
"LB-XW-3C9C2E0E8C0F","LB-LOC-25471","LB-LOC-25471","25471","LB-GOV-C98952C33ACF","LB-DIST-668F902C9D9E","","Hrajel","حراجل","حراجل","SRC-NATIONAL-VILLAGE-MANIFEST","25471","Hrajel","حراجل","","","exact-pcode","ADM3_PCODE=25471","1","accepted","none","owner-review-pending","2026-08-06T08:11:43.434Z","Exact stable ADM3_PCODE mapping; owner approval remains pending"
"LB-XW-E402122369E3","LB-LOC-25345","LB-LOC-25345","25345","LB-GOV-C98952C33ACF","LB-DIST-668F902C9D9E","","Hsayn","حصين","حصين","SRC-NATIONAL-VILLAGE-MANIFEST","25345","Hsayn","حصين","","","exact-pcode","ADM3_PCODE=25345","1","accepted","none","owner-review-pending","2026-08-06T08:11:43.434Z","Exact stable ADM3_PCODE mapping; owner approval remains pending"
"LB-XW-B7637D063EF9","LB-LOC-25391","LB-LOC-25391","25391","LB-GOV-C98952C33ACF","LB-DIST-668F902C9D9E","","Ighbeh","إغبة","اغبة","SRC-NATIONAL-VILLAGE-MANIFEST","25391","Ighbeh","إغبة","","","exact-pcode","ADM3_PCODE=25391","1","accepted","none","owner-review-pending","2026-08-06T08:11:43.434Z","Exact stable ADM3_PCODE mapping; owner approval remains pending"
"LB-XW-C6277BA7E6B7","LB-LOC-25261","LB-LOC-25261","25261","LB-GOV-C98952C33ACF","LB-DIST-668F902C9D9E","","Jaaita","جعيتا","جعيتا","SRC-NATIONAL-VILLAGE-MANIFEST","25261","Jaaita","جعيتا","","","exact-pcode","ADM3_PCODE=25261","1","accepted","none","owner-review-pending","2026-08-06T08:11:43.434Z","Exact stable ADM3_PCODE mapping; owner approval remains pending"
"LB-XW-9DEB527B2C43","LB-LOC-25317","LB-LOC-25317","25317","LB-GOV-C98952C33ACF","LB-DIST-668F902C9D9E","","Jdaidet Ghazir","جديدة غزير","جديدة غزير","SRC-NATIONAL-VILLAGE-MANIFEST","25317","Jdaidet Ghazir","جديدة غزير","","","exact-pcode","ADM3_PCODE=25317","1","accepted","none","owner-review-pending","2026-08-06T08:11:43.434Z","Exact stable ADM3_PCODE mapping; owner approval remains pending"
"LB-XW-0BAE881AF308","LB-LOC-25121","LB-LOC-25121","25121","LB-GOV-C98952C33ACF","LB-DIST-668F902C9D9E","","Jounie Ghadir","جونيه","جونيه","SRC-NATIONAL-VILLAGE-MANIFEST","25121","Jounie Ghadir","جونيه","","","exact-pcode","ADM3_PCODE=25121","1","accepted","none","owner-review-pending","2026-08-06T08:11:43.434Z","Exact stable ADM3_PCODE mapping; owner approval remains pending"
"LB-XW-A8DEE088E33E","LB-LOC-25131","LB-LOC-25131","25131","LB-GOV-C98952C33ACF","LB-DIST-668F902C9D9E","","Jounie Haret Sakhr","حارة صخر","حارة صخر","SRC-NATIONAL-VILLAGE-MANIFEST","25131","Jounie Haret Sakhr","حارة صخر","","","exact-pcode","ADM3_PCODE=25131","1","accepted","none","owner-review-pending","2026-08-06T08:11:43.434Z","Exact stable ADM3_PCODE mapping; owner approval remains pending"
"LB-XW-9B8A8672B463","LB-LOC-25111","LB-LOC-25111","25111","LB-GOV-C98952C33ACF","LB-DIST-668F902C9D9E","","Jounieh Sarba","صربا","صربا","SRC-NATIONAL-VILLAGE-MANIFEST","25111","Jounieh Sarba","صربا","","","exact-pcode","ADM3_PCODE=25111","1","accepted","none","owner-review-pending","2026-08-06T08:11:43.434Z","Exact stable ADM3_PCODE mapping; owner approval remains pending"
"LB-XW-5A34AC646804","LB-LOC-25365","LB-LOC-25365","25365","LB-GOV-C98952C33ACF","LB-DIST-668F902C9D9E","","Jouret Bedrane","جورة بدران","جورة بدران","SRC-NATIONAL-VILLAGE-MANIFEST","25365","Jouret Bedrane","جورة بدران","","","exact-pcode","ADM3_PCODE=25365","1","accepted","none","owner-review-pending","2026-08-06T08:11:43.434Z","Exact stable ADM3_PCODE mapping; owner approval remains pending"
"LB-XW-CD8909946407","LB-LOC-25355","LB-LOC-25355","25355","LB-GOV-C98952C33ACF","LB-DIST-668F902C9D9E","","Jouret E-Tourmos","جورة الترمس","جورة الترمس","SRC-NATIONAL-VILLAGE-MANIFEST","25355","Jouret E-Tourmos","جورة الترمس","","","exact-pcode","ADM3_PCODE=25355","1","accepted","none","owner-review-pending","2026-08-06T08:11:43.434Z","Exact stable ADM3_PCODE mapping; owner approval remains pending"
"LB-XW-A4042DD3BF14","LB-LOC-25359","LB-LOC-25359","25359","LB-GOV-C98952C33ACF","LB-DIST-668F902C9D9E","","Jouret Mhad","جورة مهاد","جورة مهاد","SRC-NATIONAL-VILLAGE-MANIFEST","25359","Jouret Mhad","جورة مهاد","","","exact-pcode","ADM3_PCODE=25359","1","accepted","none","owner-review-pending","2026-08-06T08:11:43.434Z","Exact stable ADM3_PCODE mapping; owner approval remains pending"
"LB-XW-E6C59A48C1C8","LB-LOC-25439","LB-LOC-25439","25439","LB-GOV-C98952C33ACF","LB-DIST-668F902C9D9E","","Kfar Dibiane","كفر دبيان","كفر دبيان","SRC-NATIONAL-VILLAGE-MANIFEST","25439","Kfar Dibiane","كفر دبيان","","","exact-pcode","ADM3_PCODE=25439","1","accepted","none","owner-review-pending","2026-08-06T08:11:43.434Z","Exact stable ADM3_PCODE mapping; owner approval remains pending"
"LB-XW-DD22620B66E0","LB-LOC-25447","LB-LOC-25447","25447","LB-GOV-C98952C33ACF","LB-DIST-668F902C9D9E","","Kfar Tay Kesrouane","دير زرعيا","دير زرعيا","SRC-NATIONAL-VILLAGE-MANIFEST","25447","Kfar Tay Kesrouane","دير زرعيا","","","exact-pcode","ADM3_PCODE=25447","1","accepted","none","owner-review-pending","2026-08-06T08:11:43.434Z","Exact stable ADM3_PCODE mapping; owner approval remains pending"
"LB-XW-CC3058906FB3","LB-LOC-25146","LB-LOC-25146","25146","LB-GOV-C98952C33ACF","LB-DIST-668F902C9D9E","","Kfar Yassine","كفر ياسين","كفر ياسين","SRC-NATIONAL-VILLAGE-MANIFEST","25146","Kfar Yassine","كفر ياسين","","","exact-pcode","ADM3_PCODE=25146","1","accepted","none","owner-review-pending","2026-08-06T08:11:43.434Z","Exact stable ADM3_PCODE mapping; owner approval remains pending"
"LB-XW-C7AA5C4C994C","LB-LOC-25329","LB-LOC-25329","25329","LB-GOV-C98952C33ACF","LB-DIST-668F902C9D9E","","Kfour Kesrouane","الكفور","الكفور","SRC-NATIONAL-VILLAGE-MANIFEST","25329","Kfour Kesrouane","الكفور","","","exact-pcode","ADM3_PCODE=25329","1","accepted","none","owner-review-pending","2026-08-06T08:11:43.434Z","Exact stable ADM3_PCODE mapping; owner approval remains pending"
"LB-XW-7FB2094F4572","LB-LOC-25181","LB-LOC-25181","25181","LB-GOV-C98952C33ACF","LB-DIST-668F902C9D9E","","Kharayeb Nahr Ibrahim","زاير","زاير","SRC-NATIONAL-VILLAGE-MANIFEST","25181","Kharayeb Nahr Ibrahim","زاير","","","exact-pcode","ADM3_PCODE=25181","1","accepted","none","owner-review-pending","2026-08-06T08:11:43.434Z","Exact stable ADM3_PCODE mapping; owner approval remains pending"
"LB-XW-BBAD8166AD88","LB-LOC-25321","LB-LOC-25321","25321","LB-GOV-C98952C33ACF","LB-DIST-668F902C9D9E","","Maarab","معراب","معراب","SRC-NATIONAL-VILLAGE-MANIFEST","25321","Maarab","معراب","","","exact-pcode","ADM3_PCODE=25321","1","accepted","none","owner-review-pending","2026-08-06T08:11:43.434Z","Exact stable ADM3_PCODE mapping; owner approval remains pending"
"LB-XW-9E78EC68DF5B","LB-LOC-25357","LB-LOC-25357","25357","LB-GOV-C98952C33ACF","LB-DIST-668F902C9D9E","","Maaysra Kesrouane","المعيصرة","المعيصرة","SRC-NATIONAL-VILLAGE-MANIFEST","25357","Maaysra Kesrouane","المعيصرة","","","exact-pcode","ADM3_PCODE=25357","1","accepted","none","owner-review-pending","2026-08-06T08:11:43.434Z","Exact stable ADM3_PCODE mapping; owner approval remains pending"
"LB-XW-8C242013A110","LB-LOC-25459","LB-LOC-25459","25459","LB-GOV-C98952C33ACF","LB-DIST-668F902C9D9E","","Mayrouba","ميروبا","ميروبا","SRC-NATIONAL-VILLAGE-MANIFEST","25459","Mayrouba","ميروبا","","","exact-pcode","ADM3_PCODE=25459","1","accepted","none","owner-review-pending","2026-08-06T08:11:43.434Z","Exact stable ADM3_PCODE mapping; owner approval remains pending"
"LB-XW-24F846BB553B","LB-LOC-25281","LB-LOC-25281","25281","LB-GOV-C98952C33ACF","LB-DIST-668F902C9D9E","","Mazraat Er-Ras","مزرعة الراس","مزرعة الراس","SRC-NATIONAL-VILLAGE-MANIFEST","25281","Mazraat Er-Ras","مزرعة الراس","","","exact-pcode","ADM3_PCODE=25281","1","accepted","none","owner-review-pending","2026-08-06T08:11:43.434Z","Exact stable ADM3_PCODE mapping; owner approval remains pending"
"LB-XW-4559D2FD45AC","LB-LOC-25419","LB-LOC-25419","25419","LB-GOV-C98952C33ACF","LB-DIST-668F902C9D9E","","Mazraat Mrah El-Mir","مراح المير","مراح المير","SRC-NATIONAL-VILLAGE-MANIFEST","25419","Mazraat Mrah El-Mir","مراح المير","","","exact-pcode","ADM3_PCODE=25419","1","accepted","none","owner-review-pending","2026-08-06T08:11:43.434Z","Exact stable ADM3_PCODE mapping; owner approval remains pending"
"LB-XW-CC98BCB4521F","LB-LOC-25488","LB-LOC-25488","25488","LB-GOV-C98952C33ACF","LB-DIST-668F902C9D9E","","Mchaa El Ftouh","مشاع الفتوح","مشاع الفتوح","SRC-NATIONAL-VILLAGE-MANIFEST","25488","Mchaa El Ftouh","مشاع الفتوح","","","exact-pcode","ADM3_PCODE=25488","1","accepted","none","owner-review-pending","2026-08-06T08:11:43.434Z","Exact stable ADM3_PCODE mapping; owner approval remains pending"
"LB-XW-11AF1E8B6B8B","LB-LOC-25485","LB-LOC-25485","25485","LB-GOV-C98952C33ACF","LB-DIST-668F902C9D9E","","Mchaa Faraya","مشاع فاريا","مشاع فاريا","SRC-NATIONAL-VILLAGE-MANIFEST","25485","Mchaa Faraya","مشاع فاريا","","","exact-pcode","ADM3_PCODE=25485","1","accepted","none","owner-review-pending","2026-08-06T08:11:43.434Z","Exact stable ADM3_PCODE mapping; owner approval remains pending"
"LB-XW-3B00AB20B7E3","LB-LOC-25482","LB-LOC-25482","25482","LB-GOV-C98952C33ACF","LB-DIST-668F902C9D9E","","Mchaa Kfar Dibiane","مشاع كفر ذبيان","مشاع كفر ذبيان","SRC-NATIONAL-VILLAGE-MANIFEST","25482","Mchaa Kfar Dibiane","مشاع كفر ذبيان","","","exact-pcode","ADM3_PCODE=25482","1","accepted","none","owner-review-pending","2026-08-06T08:11:43.434Z","Exact stable ADM3_PCODE mapping; owner approval remains pending"
"LB-XW-D9F4FBB1B5DC","LB-LOC-25467","LB-LOC-25467","25467","LB-GOV-C98952C33ACF","LB-DIST-668F902C9D9E","","Mghayer","المغاير","المغاير","SRC-NATIONAL-VILLAGE-MANIFEST","25467","Mghayer","المغاير","","","exact-pcode","ADM3_PCODE=25467","1","accepted","none","owner-review-pending","2026-08-06T08:11:43.434Z","Exact stable ADM3_PCODE mapping; owner approval remains pending"
"LB-XW-7CB6B6E68807","LB-LOC-25367","LB-LOC-25367","25367","LB-GOV-C98952C33ACF","LB-DIST-668F902C9D9E","","Mradiyeh","مرادية","مرادية","SRC-NATIONAL-VILLAGE-MANIFEST","25367","Mradiyeh","مرادية","","","exact-pcode","ADM3_PCODE=25367","1","accepted","none","owner-review-pending","2026-08-06T08:11:43.434Z","Exact stable ADM3_PCODE mapping; owner approval remains pending"
"LB-XW-C2D681DEBECF","LB-LOC-25371","LB-LOC-25371","25371","LB-GOV-C98952C33ACF","LB-DIST-668F902C9D9E","","Nahr Ed-Dahab","نهر الدهب","نهر الدهب","SRC-NATIONAL-VILLAGE-MANIFEST","25371","Nahr Ed-Dahab","نهر الدهب","","","exact-pcode","ADM3_PCODE=25371","1","accepted","none","owner-review-pending","2026-08-06T08:11:43.434Z","Exact stable ADM3_PCODE mapping; owner approval remains pending"
"LB-XW-4DE49B43F4D0","LB-LOC-25341","LB-LOC-25341","25341","LB-GOV-C98952C33ACF","LB-DIST-668F902C9D9E","","Nammoura Kesrouane","نمورة","نمورة","SRC-NATIONAL-VILLAGE-MANIFEST","25341","Nammoura Kesrouane","نمورة","","","exact-pcode","ADM3_PCODE=25341","1","accepted","none","owner-review-pending","2026-08-06T08:11:43.434Z","Exact stable ADM3_PCODE mapping; owner approval remains pending"
"LB-XW-97A3D17AF2C4","LB-LOC-25455","LB-LOC-25455","25455","LB-GOV-C98952C33ACF","LB-DIST-668F902C9D9E","","Ouata El-Jaouz","وطى الجوز","وطي الجوز","SRC-NATIONAL-VILLAGE-MANIFEST","25455","Ouata El-Jaouz","وطى الجوز","","","exact-pcode","ADM3_PCODE=25455","1","accepted","none","owner-review-pending","2026-08-06T08:11:43.434Z","Exact stable ADM3_PCODE mapping; owner approval remains pending"
"LB-XW-8532F81F3B84","LB-LOC-25141","LB-LOC-25141","25141","LB-GOV-C98952C33ACF","LB-DIST-668F902C9D9E","","Ouata Sillam","وطى سلام","وطي سلام","SRC-NATIONAL-VILLAGE-MANIFEST","25141","Ouata Sillam","وطى سلام","","","exact-pcode","ADM3_PCODE=25141","1","accepted","none","owner-review-pending","2026-08-06T08:11:43.434Z","Exact stable ADM3_PCODE mapping; owner approval remains pending"
"LB-XW-74965FEEA44F","LB-LOC-25415","LB-LOC-25415","25415","LB-GOV-C98952C33ACF","LB-DIST-668F902C9D9E","","Qleiaat Kesrouane","قليعات كسروان","قليعات كسروان","SRC-NATIONAL-VILLAGE-MANIFEST","25415","Qleiaat Kesrouane","قليعات كسروان","","","exact-pcode","ADM3_PCODE=25415","1","accepted","none","owner-review-pending","2026-08-06T08:11:43.434Z","Exact stable ADM3_PCODE mapping; owner approval remains pending"
"LB-XW-A19C5DAA2A16","LB-LOC-25435","LB-LOC-25435","25435","LB-GOV-C98952C33ACF","LB-DIST-668F902C9D9E","","Raachine","رعشين","رعشين","SRC-NATIONAL-VILLAGE-MANIFEST","25435","Raachine","رعشين","","","exact-pcode","ADM3_PCODE=25435","1","accepted","none","owner-review-pending","2026-08-06T08:11:43.434Z","Exact stable ADM3_PCODE mapping; owner approval remains pending"
"LB-XW-2B4EA39D77A7","LB-LOC-25411","LB-LOC-25411","25411","LB-GOV-C98952C33ACF","LB-DIST-668F902C9D9E","","Rayfoun","ريفون","ريفون","SRC-NATIONAL-VILLAGE-MANIFEST","25411","Rayfoun","ريفون","","","exact-pcode","ADM3_PCODE=25411","1","accepted","none","owner-review-pending","2026-08-06T08:11:43.434Z","Exact stable ADM3_PCODE mapping; owner approval remains pending"
"LB-XW-3C9298913EA1","LB-LOC-25161","LB-LOC-25161","25161","LB-GOV-C98952C33ACF","LB-DIST-668F902C9D9E","","Safra Kesrouane","صفرا كسروان","صفرا كسروان","SRC-NATIONAL-VILLAGE-MANIFEST","25161","Safra Kesrouane","صفرا كسروان","","","exact-pcode","ADM3_PCODE=25161","1","accepted","none","owner-review-pending","2026-08-06T08:11:43.434Z","Exact stable ADM3_PCODE mapping; owner approval remains pending"
"LB-XW-6309FFC73821","LB-LOC-25136","LB-LOC-25136","25136","LB-GOV-C98952C33ACF","LB-DIST-668F902C9D9E","","Sahel Aalma","ساحل علما","ساحل علما","SRC-NATIONAL-VILLAGE-MANIFEST","25136","Sahel Aalma","ساحل علما","","","exact-pcode","ADM3_PCODE=25136","1","accepted","none","owner-review-pending","2026-08-06T08:11:43.434Z","Exact stable ADM3_PCODE mapping; owner approval remains pending"
"LB-XW-465159FC529D","LB-LOC-25231","LB-LOC-25231","25231","LB-GOV-C98952C33ACF","LB-DIST-668F902C9D9E","","Shayleh Kesrouane","سهيلة","سهيلة","SRC-NATIONAL-VILLAGE-MANIFEST","25231","Shayleh Kesrouane","سهيلة","","","exact-pcode","ADM3_PCODE=25231","1","accepted","none","owner-review-pending","2026-08-06T08:11:43.434Z","Exact stable ADM3_PCODE mapping; owner approval remains pending"
"LB-XW-BD646E50155B","LB-LOC-25151","LB-LOC-25151","25151","LB-GOV-C98952C33ACF","LB-DIST-668F902C9D9E","","Tabarja","طبرجا","طبرجا","SRC-NATIONAL-VILLAGE-MANIFEST","25151","Tabarja","طبرجا","","","exact-pcode","ADM3_PCODE=25151","1","accepted","none","owner-review-pending","2026-08-06T08:11:43.434Z","Exact stable ADM3_PCODE mapping; owner approval remains pending"
"LB-XW-D8A2FD04C8B7","LB-LOC-25373","LB-LOC-25373","25373","LB-GOV-C98952C33ACF","LB-DIST-668F902C9D9E","","Yahchouch","يحشوش","يحشوش","SRC-NATIONAL-VILLAGE-MANIFEST","25373","Yahchouch","يحشوش","","","exact-pcode","ADM3_PCODE=25373","1","accepted","none","owner-review-pending","2026-08-06T08:11:43.434Z","Exact stable ADM3_PCODE mapping; owner approval remains pending"
"LB-XW-3BC9DBDCC3FB","LB-LOC-25353","LB-LOC-25353","25353","LB-GOV-C98952C33ACF","LB-DIST-668F902C9D9E","","Zaaitreh","زعيتره","زعيتره","SRC-NATIONAL-VILLAGE-MANIFEST","25353","Zaaitreh","زعيتره","","","exact-pcode","ADM3_PCODE=25353","1","accepted","none","owner-review-pending","2026-08-06T08:11:43.434Z","Exact stable ADM3_PCODE mapping; owner approval remains pending"
"LB-XW-9FF1F96BE86D","LB-LOC-25375","LB-LOC-25375","25375","LB-GOV-C98952C33ACF","LB-DIST-668F902C9D9E","","Zaitoun","زيتون","زيتون","SRC-NATIONAL-VILLAGE-MANIFEST","25375","Zaitoun","زيتون","","","exact-pcode","ADM3_PCODE=25375","1","accepted","none","owner-review-pending","2026-08-06T08:11:43.434Z","Exact stable ADM3_PCODE mapping; owner approval remains pending"
"LB-XW-ABFA0DBDF526","LB-LOC-25116","LB-LOC-25116","25116","LB-GOV-C98952C33ACF","LB-DIST-668F902C9D9E","","Zouk Mkayel","ذوق مكايل","ذوق مكايل","SRC-NATIONAL-VILLAGE-MANIFEST","25116","Zouk Mkayel","ذوق مكايل","","","exact-pcode","ADM3_PCODE=25116","1","accepted","none","owner-review-pending","2026-08-06T08:11:43.434Z","Exact stable ADM3_PCODE mapping; owner approval remains pending"
"LB-XW-3ABCEDBD2489","LB-LOC-25126","LB-LOC-25126","25126","LB-GOV-C98952C33ACF","LB-DIST-668F902C9D9E","","Zouk Mousbeh","ذوق مصبح","ذوق مصبح","SRC-NATIONAL-VILLAGE-MANIFEST","25126","Zouk Mousbeh","ذوق مصبح","","","exact-pcode","ADM3_PCODE=25126","1","accepted","none","owner-review-pending","2026-08-06T08:11:43.434Z","Exact stable ADM3_PCODE mapping; owner approval remains pending"
"LB-XW-980DF54A2143","LB-LOC-36121","LB-LOC-36121","36121","LB-GOV-43F853BBB592","LB-DIST-50A9A788E748","","Aabdine","عبدين بشري","عبدين بشري","SRC-NATIONAL-VILLAGE-MANIFEST","36121","Aabdine","عبدين بشري","","","exact-pcode","ADM3_PCODE=36121","1","accepted","none","owner-review-pending","2026-08-06T08:11:43.434Z","Exact stable ADM3_PCODE mapping; owner approval remains pending"
"LB-XW-3C794E1ECDEB","LB-LOC-36147","LB-LOC-36147","36147","LB-GOV-43F853BBB592","LB-DIST-50A9A788E748","","Bane","بان","بان","SRC-NATIONAL-VILLAGE-MANIFEST","36147","Bane","بان","","","exact-pcode","ADM3_PCODE=36147","1","accepted","none","owner-review-pending","2026-08-06T08:11:43.434Z","Exact stable ADM3_PCODE mapping; owner approval remains pending"
"LB-XW-437168280826","LB-LOC-36181","LB-LOC-36181","36181","LB-GOV-43F853BBB592","LB-DIST-50A9A788E748","","Bazaaoun","بزعون","بزعون","SRC-NATIONAL-VILLAGE-MANIFEST","36181","Bazaaoun","بزعون","","","exact-pcode","ADM3_PCODE=36181","1","accepted","none","owner-review-pending","2026-08-06T08:11:43.434Z","Exact stable ADM3_PCODE mapping; owner approval remains pending"
"LB-XW-63D6A026ABC0","LB-LOC-36111","LB-LOC-36111","36111","LB-GOV-43F853BBB592","LB-DIST-50A9A788E748","","Bcharreh","بشري","بشري","SRC-NATIONAL-VILLAGE-MANIFEST","36111","Bcharreh","بشري","","","exact-pcode","ADM3_PCODE=36111","1","accepted","none","owner-review-pending","2026-08-06T08:11:43.434Z","Exact stable ADM3_PCODE mapping; owner approval remains pending"
"LB-XW-07936FE9ADC3","LB-LOC-36187","LB-LOC-36187","36187","LB-GOV-43F853BBB592","LB-DIST-50A9A788E748","","Beit Menzer","بيت منذر","بيت منذر","SRC-NATIONAL-VILLAGE-MANIFEST","36187","Beit Menzer","بيت منذر","","","exact-pcode","ADM3_PCODE=36187","1","accepted","none","owner-review-pending","2026-08-06T08:11:43.434Z","Exact stable ADM3_PCODE mapping; owner approval remains pending"
"LB-XW-6A7508897994","LB-LOC-36137","LB-LOC-36137","36137","LB-GOV-43F853BBB592","LB-DIST-50A9A788E748","","Berhalioun","برحليون","برحليون","SRC-NATIONAL-VILLAGE-MANIFEST","36137","Berhalioun","برحليون","","","exact-pcode","ADM3_PCODE=36137","1","accepted","none","owner-review-pending","2026-08-06T08:11:43.434Z","Exact stable ADM3_PCODE mapping; owner approval remains pending"
"LB-XW-B292030276C8","LB-LOC-36117","LB-LOC-36117","36117","LB-GOV-43F853BBB592","LB-DIST-50A9A788E748","","Billa","بلا","بلا","SRC-NATIONAL-VILLAGE-MANIFEST","36117","Billa","بلا","","","exact-pcode","ADM3_PCODE=36117","1","accepted","none","owner-review-pending","2026-08-06T08:11:43.434Z","Exact stable ADM3_PCODE mapping; owner approval remains pending"
"LB-XW-B76017996416","LB-LOC-36151","LB-LOC-36151","36151","LB-GOV-43F853BBB592","LB-DIST-50A9A788E748","","Blaouza","بلوزا","بلوزا","SRC-NATIONAL-VILLAGE-MANIFEST","36151","Blaouza","بلوزا","","","exact-pcode","ADM3_PCODE=36151","1","accepted","none","owner-review-pending","2026-08-06T08:11:43.434Z","Exact stable ADM3_PCODE mapping; owner approval remains pending"
"LB-XW-7F6C1B2223ED","LB-LOC-36191","LB-LOC-36191","36191","LB-GOV-43F853BBB592","LB-DIST-50A9A788E748","","Bqaa Kafra","بقاع كفرا","بقاع كفرا","SRC-NATIONAL-VILLAGE-MANIFEST","36191","Bqaa Kafra","بقاع كفرا","","","exact-pcode","ADM3_PCODE=36191","1","accepted","none","owner-review-pending","2026-08-06T08:11:43.434Z","Exact stable ADM3_PCODE mapping; owner approval remains pending"
"LB-XW-78A6C22E05A9","LB-LOC-36184","LB-LOC-36184","36184","LB-GOV-43F853BBB592","LB-DIST-50A9A788E748","","Bqerqacha","بقرقاشا","بقرقاشا","SRC-NATIONAL-VILLAGE-MANIFEST","36184","Bqerqacha","بقرقاشا","","","exact-pcode","ADM3_PCODE=36184","1","accepted","none","owner-review-pending","2026-08-06T08:11:43.434Z","Exact stable ADM3_PCODE mapping; owner approval remains pending"
"LB-XW-24D263F3C6ED","LB-LOC-36157","LB-LOC-36157","36157","LB-GOV-43F853BBB592","LB-DIST-50A9A788E748","","Breissat","بريسات","بريسات","SRC-NATIONAL-VILLAGE-MANIFEST","36157","Breissat","بريسات","","","exact-pcode","ADM3_PCODE=36157","1","accepted","none","owner-review-pending","2026-08-06T08:11:43.434Z","Exact stable ADM3_PCODE mapping; owner approval remains pending"
"LB-XW-127285DC2E2A","LB-LOC-36161","LB-LOC-36161","36161","LB-GOV-43F853BBB592","LB-DIST-50A9A788E748","","Dimane","ديمان","ديمان","SRC-NATIONAL-VILLAGE-MANIFEST","36161","Dimane","ديمان","","","exact-pcode","ADM3_PCODE=36161","1","accepted","none","owner-review-pending","2026-08-06T08:11:43.434Z","Exact stable ADM3_PCODE mapping; owner approval remains pending"
"LB-XW-2F0D28032699","LB-LOC-36131","LB-LOC-36131","36131","LB-GOV-43F853BBB592","LB-DIST-50A9A788E748","","Hadath Ej-Jebbeh","حدث الجبه","حدث الجبه","SRC-NATIONAL-VILLAGE-MANIFEST","36131","Hadath Ej-Jebbeh","حدث الجبه","","","exact-pcode","ADM3_PCODE=36131","1","accepted","none","owner-review-pending","2026-08-06T08:11:43.434Z","Exact stable ADM3_PCODE mapping; owner approval remains pending"
"LB-XW-069350504F96","LB-LOC-36177","LB-LOC-36177","36177","LB-GOV-43F853BBB592","LB-DIST-50A9A788E748","","Hadchit","حدشيت","حدشيت","SRC-NATIONAL-VILLAGE-MANIFEST","36177","Hadchit","حدشيت","","","exact-pcode","ADM3_PCODE=36177","1","accepted","none","owner-review-pending","2026-08-06T08:11:43.434Z","Exact stable ADM3_PCODE mapping; owner approval remains pending"
"LB-XW-2C24DC2C04E8","LB-LOC-36171","LB-LOC-36171","36171","LB-GOV-43F853BBB592","LB-DIST-50A9A788E748","","Hasroun","حصرون","حصرون","SRC-NATIONAL-VILLAGE-MANIFEST","36171","Hasroun","حصرون","","","exact-pcode","ADM3_PCODE=36171","1","accepted","none","owner-review-pending","2026-08-06T08:11:43.434Z","Exact stable ADM3_PCODE mapping; owner approval remains pending"
"LB-XW-6774CF4DD9D0","LB-LOC-36144","LB-LOC-36144","36144","LB-GOV-43F853BBB592","LB-DIST-50A9A788E748","","Mazraat Aassaf","مزرعة عساف","مزرعة عساف","SRC-NATIONAL-VILLAGE-MANIFEST","36144","Mazraat Aassaf","مزرعة عساف","","","exact-pcode","ADM3_PCODE=36144","1","accepted","none","owner-review-pending","2026-08-06T08:11:43.434Z","Exact stable ADM3_PCODE mapping; owner approval remains pending"
"LB-XW-0620E28508D2","LB-LOC-36134","LB-LOC-36134","36134","LB-GOV-43F853BBB592","LB-DIST-50A9A788E748","","Mazraat Bani Saab","مزرعة بني صعب","مزرعة بني صعب","SRC-NATIONAL-VILLAGE-MANIFEST","36134","Mazraat Bani Saab","مزرعة بني صعب","","","exact-pcode","ADM3_PCODE=36134","1","accepted","none","owner-review-pending","2026-08-06T08:11:43.434Z","Exact stable ADM3_PCODE mapping; owner approval remains pending"
"LB-XW-BDDD5689E876","LB-LOC-36110","LB-LOC-36110","36110","LB-GOV-43F853BBB592","LB-DIST-50A9A788E748","","Mchaa Ej-Jibbé","مشاع الجبه","مشاع الجبه","SRC-NATIONAL-VILLAGE-MANIFEST","36110","Mchaa Ej-Jibbé","مشاع الجبه","","","exact-pcode","ADM3_PCODE=36110","1","accepted","none","owner-review-pending","2026-08-06T08:11:43.434Z","Exact stable ADM3_PCODE mapping; owner approval remains pending"
"LB-XW-D2C290C8F54C","LB-LOC-36164","LB-LOC-36164","36164","LB-GOV-43F853BBB592","LB-DIST-50A9A788E748","","Metrit","متريت","متريت","SRC-NATIONAL-VILLAGE-MANIFEST","36164","Metrit","متريت","","","exact-pcode","ADM3_PCODE=36164","1","accepted","none","owner-review-pending","2026-08-06T08:11:43.434Z","Exact stable ADM3_PCODE mapping; owner approval remains pending"
"LB-XW-4498FAF8172F","LB-LOC-36154","LB-LOC-36154","36154","LB-GOV-43F853BBB592","LB-DIST-50A9A788E748","","Moghr El-Ahoual","مغر الاحول","مغر الاحول","SRC-NATIONAL-VILLAGE-MANIFEST","36154","Moghr El-Ahoual","مغر الاحول","","","exact-pcode","ADM3_PCODE=36154","1","accepted","none","owner-review-pending","2026-08-06T08:11:43.434Z","Exact stable ADM3_PCODE mapping; owner approval remains pending"
"LB-XW-9545A7817CE5","LB-LOC-36141","LB-LOC-36141","36141","LB-GOV-43F853BBB592","LB-DIST-50A9A788E748","","Ouadi Qannoubine","وادي قنوبين","وادي قنوبين","SRC-NATIONAL-VILLAGE-MANIFEST","36141","Ouadi Qannoubine","وادي قنوبين","","","exact-pcode","ADM3_PCODE=36141","1","accepted","none","owner-review-pending","2026-08-06T08:11:43.434Z","Exact stable ADM3_PCODE mapping; owner approval remains pending"
"LB-XW-637F105840D9","LB-LOC-36127","LB-LOC-36127","36127","LB-GOV-43F853BBB592","LB-DIST-50A9A788E748","","Qnat","قناة","قناة","SRC-NATIONAL-VILLAGE-MANIFEST","36127","Qnat","قناة","","","exact-pcode","ADM3_PCODE=36127","1","accepted","none","owner-review-pending","2026-08-06T08:11:43.434Z","Exact stable ADM3_PCODE mapping; owner approval remains pending"
"LB-XW-35647760E5BC","LB-LOC-36114","LB-LOC-36114","36114","LB-GOV-43F853BBB592","LB-DIST-50A9A788E748","","Qnayouer","قنيور","قنيور","SRC-NATIONAL-VILLAGE-MANIFEST","36114","Qnayouer","قنيور","","","exact-pcode","ADM3_PCODE=36114","1","accepted","none","owner-review-pending","2026-08-06T08:11:43.434Z","Exact stable ADM3_PCODE mapping; owner approval remains pending"
"LB-XW-1296F2F3BDD1","LB-LOC-36124","LB-LOC-36124","36124","LB-GOV-43F853BBB592","LB-DIST-50A9A788E748","","Tourza","طورزا","طورزا","SRC-NATIONAL-VILLAGE-MANIFEST","36124","Tourza","طورزا","","","exact-pcode","ADM3_PCODE=36124","1","accepted","none","owner-review-pending","2026-08-06T08:11:43.434Z","Exact stable ADM3_PCODE mapping; owner approval remains pending"
"LB-XW-B2C19313C842","LB-LOC-34217","LB-LOC-34217","34217","LB-GOV-43F853BBB592","LB-DIST-6A700DB60E42","","AAbdelli","عبدللي","عبدللي","SRC-NATIONAL-VILLAGE-MANIFEST","34217","AAbdelli","عبدللي","","","exact-pcode","ADM3_PCODE=34217","1","accepted","none","owner-review-pending","2026-08-06T08:11:43.434Z","Exact stable ADM3_PCODE mapping; owner approval remains pending"
"LB-XW-AE098E18B664","LB-LOC-34269","LB-LOC-34269","34269","LB-GOV-43F853BBB592","LB-DIST-6A700DB60E42","","Aabrine","عبرين","عبرين","SRC-NATIONAL-VILLAGE-MANIFEST","34269","Aabrine","عبرين","","","exact-pcode","ADM3_PCODE=34269","1","accepted","none","owner-review-pending","2026-08-06T08:11:43.434Z","Exact stable ADM3_PCODE mapping; owner approval remains pending"
"LB-XW-F7F54865FFF6","LB-LOC-34237","LB-LOC-34237","34237","LB-GOV-43F853BBB592","LB-DIST-6A700DB60E42","","Aalali","علالي","علالي","SRC-NATIONAL-VILLAGE-MANIFEST","34237","Aalali","علالي","","","exact-pcode","ADM3_PCODE=34237","1","accepted","none","owner-review-pending","2026-08-06T08:11:43.434Z","Exact stable ADM3_PCODE mapping; owner approval remains pending"
"LB-XW-CC2567514183","LB-LOC-34251","LB-LOC-34251","34251","LB-GOV-43F853BBB592","LB-DIST-6A700DB60E42","","Aartiz","عرطز","عرطز","SRC-NATIONAL-VILLAGE-MANIFEST","34251","Aartiz","عرطز","","","exact-pcode","ADM3_PCODE=34251","1","accepted","none","owner-review-pending","2026-08-06T08:11:43.434Z","Exact stable ADM3_PCODE mapping; owner approval remains pending"
"LB-XW-78C3E3AE333E","LB-LOC-34263","LB-LOC-34263","34263","LB-GOV-43F853BBB592","LB-DIST-6A700DB60E42","","Assia","اسيا","اسيا","SRC-NATIONAL-VILLAGE-MANIFEST","34263","Assia","اسيا","","","exact-pcode","ADM3_PCODE=34263","1","accepted","none","owner-review-pending","2026-08-06T08:11:43.434Z","Exact stable ADM3_PCODE mapping; owner approval remains pending"
"LB-XW-8660747849D3","LB-LOC-34249","LB-LOC-34249","34249","LB-GOV-43F853BBB592","LB-DIST-6A700DB60E42","","Basbina","بسبينا","بسبينا","SRC-NATIONAL-VILLAGE-MANIFEST","34249","Basbina","بسبينا","","","exact-pcode","ADM3_PCODE=34249","1","accepted","none","owner-review-pending","2026-08-06T08:11:43.434Z","Exact stable ADM3_PCODE mapping; owner approval remains pending"
"LB-XW-EEEA7EFE79F1","LB-LOC-34111","LB-LOC-34111","34111","LB-GOV-43F853BBB592","LB-DIST-6A700DB60E42","","Batroun","بترون","بترون","SRC-NATIONAL-VILLAGE-MANIFEST","34111","Batroun","بترون","","","exact-pcode","ADM3_PCODE=34111","1","accepted","none","owner-review-pending","2026-08-06T08:11:43.434Z","Exact stable ADM3_PCODE mapping; owner approval remains pending"
"LB-XW-6AC5A2C2DB19","LB-LOC-34316","LB-LOC-34316","34316","LB-GOV-43F853BBB592","LB-DIST-6A700DB60E42","","Bcheaali","بشعلة","بشعلة","SRC-NATIONAL-VILLAGE-MANIFEST","34316","Bcheaali","بشعلة","","","exact-pcode","ADM3_PCODE=34316","1","accepted","none","owner-review-pending","2026-08-06T08:11:43.434Z","Exact stable ADM3_PCODE mapping; owner approval remains pending"
"LB-XW-FA2A7064BD90","LB-LOC-34331","LB-LOC-34331","34331","LB-GOV-43F853BBB592","LB-DIST-6A700DB60E42","","Bechtoudar","بشتودار","بشتودار","SRC-NATIONAL-VILLAGE-MANIFEST","34331","Bechtoudar","بشتودار","","","exact-pcode","ADM3_PCODE=34331","1","accepted","none","owner-review-pending","2026-08-06T08:11:43.434Z","Exact stable ADM3_PCODE mapping; owner approval remains pending"
"LB-XW-03B8B01A48DE","LB-LOC-34321","LB-LOC-34321","34321","LB-GOV-43F853BBB592","LB-DIST-6A700DB60E42","","Beit Chlala","بيت شلالا","بيت شلالا","SRC-NATIONAL-VILLAGE-MANIFEST","34321","Beit Chlala","بيت شلالا","","","exact-pcode","ADM3_PCODE=34321","1","accepted","none","owner-review-pending","2026-08-06T08:11:43.434Z","Exact stable ADM3_PCODE mapping; owner approval remains pending"
"LB-XW-1F492C7BCF34","LB-LOC-34371","LB-LOC-34371","34371","LB-GOV-43F853BBB592","LB-DIST-6A700DB60E42","","Beit Kassab","بيت كسّاب","بيت كساب","SRC-NATIONAL-VILLAGE-MANIFEST","34371","Beit Kassab","بيت كسّاب","","","exact-pcode","ADM3_PCODE=34371","1","accepted","none","owner-review-pending","2026-08-06T08:11:43.434Z","Exact stable ADM3_PCODE mapping; owner approval remains pending"
"LB-XW-EA5505E192AC","LB-LOC-34264","LB-LOC-34264","34264","LB-GOV-43F853BBB592","LB-DIST-6A700DB60E42","","Bijdarfil","بجدرفل","بجدرفل","SRC-NATIONAL-VILLAGE-MANIFEST","34264","Bijdarfil","بجدرفل","","","exact-pcode","ADM3_PCODE=34264","1","accepted","none","owner-review-pending","2026-08-06T08:11:43.434Z","Exact stable ADM3_PCODE mapping; owner approval remains pending"
"LB-XW-EA43FE593B4C","LB-LOC-34277","LB-LOC-34277","34277","LB-GOV-43F853BBB592","LB-DIST-6A700DB60E42","","Boqsmaiya","بقسميا","بقسميا","SRC-NATIONAL-VILLAGE-MANIFEST","34277","Boqsmaiya","بقسميا","","","exact-pcode","ADM3_PCODE=34277","1","accepted","none","owner-review-pending","2026-08-06T08:11:43.434Z","Exact stable ADM3_PCODE mapping; owner approval remains pending"
"LB-XW-6524F622D101","LB-LOC-34366","LB-LOC-34366","34366","LB-GOV-43F853BBB592","LB-DIST-6A700DB60E42","","Chatine","شاتين","شاتين","SRC-NATIONAL-VILLAGE-MANIFEST","34366","Chatine","شاتين","","","exact-pcode","ADM3_PCODE=34366","1","accepted","none","owner-review-pending","2026-08-06T08:11:43.434Z","Exact stable ADM3_PCODE mapping; owner approval remains pending"
"LB-XW-D54D8169AF74","LB-LOC-34221","LB-LOC-34221","34221","LB-GOV-43F853BBB592","LB-DIST-6A700DB60E42","","Chibtine","شبطين","شبطين","SRC-NATIONAL-VILLAGE-MANIFEST","34221","Chibtine","شبطين","","","exact-pcode","ADM3_PCODE=34221","1","accepted","none","owner-review-pending","2026-08-06T08:11:43.434Z","Exact stable ADM3_PCODE mapping; owner approval remains pending"
"LB-XW-D9FA740B8CC7","LB-LOC-34188","LB-LOC-34188","34188","LB-GOV-43F853BBB592","LB-DIST-6A700DB60E42","","Chikka","شكَا","شكا","SRC-NATIONAL-VILLAGE-MANIFEST","34188","Chikka","شكَا","","","exact-pcode","ADM3_PCODE=34188","1","accepted","none","owner-review-pending","2026-08-06T08:11:43.434Z","Exact stable ADM3_PCODE mapping; owner approval remains pending"
"LB-XW-F68E96037C82","LB-LOC-34279","LB-LOC-34279","34279","LB-GOV-43F853BBB592","LB-DIST-6A700DB60E42","","Daael","داعل","داعل","SRC-NATIONAL-VILLAGE-MANIFEST","34279","Daael","داعل","","","exact-pcode","ADM3_PCODE=34279","1","accepted","none","owner-review-pending","2026-08-06T08:11:43.434Z","Exact stable ADM3_PCODE mapping; owner approval remains pending"
"LB-XW-CC27243AC23D","LB-LOC-34211","LB-LOC-34211","34211","LB-GOV-43F853BBB592","LB-DIST-6A700DB60E42","","Dahr Abi Yaghi","ضهر ابي ياغي","ضهر ابي ياغي","SRC-NATIONAL-VILLAGE-MANIFEST","34211","Dahr Abi Yaghi","ضهر ابي ياغي","","","exact-pcode","ADM3_PCODE=34211","1","accepted","none","owner-review-pending","2026-08-06T08:11:43.434Z","Exact stable ADM3_PCODE mapping; owner approval remains pending"
"LB-XW-E579DAE62850","LB-LOC-34215","LB-LOC-34215","34215","LB-GOV-43F853BBB592","LB-DIST-6A700DB60E42","","Daraya El-Batroun","دريا","دريا","SRC-NATIONAL-VILLAGE-MANIFEST","34215","Daraya El-Batroun","دريا","","","exact-pcode","ADM3_PCODE=34215","1","accepted","none","owner-review-pending","2026-08-06T08:11:43.434Z","Exact stable ADM3_PCODE mapping; owner approval remains pending"
"LB-XW-77A833D9AD46","LB-LOC-34374","LB-LOC-34374","34374","LB-GOV-43F853BBB592","LB-DIST-6A700DB60E42","","Deir Billa","ديربلا","ديربلا","SRC-NATIONAL-VILLAGE-MANIFEST","34374","Deir Billa","ديربلا","","","exact-pcode","ADM3_PCODE=34374","1","accepted","none","owner-review-pending","2026-08-06T08:11:43.434Z","Exact stable ADM3_PCODE mapping; owner approval remains pending"
"LB-XW-5DAB7B5B11E2","LB-LOC-34223","LB-LOC-34223","34223","LB-GOV-43F853BBB592","LB-DIST-6A700DB60E42","","Deir Kfifane","دير كفيفان","دير كفيفان","SRC-NATIONAL-VILLAGE-MANIFEST","34223","Deir Kfifane","دير كفيفان","","","exact-pcode","ADM3_PCODE=34223","1","accepted","none","owner-review-pending","2026-08-06T08:11:43.434Z","Exact stable ADM3_PCODE mapping; owner approval remains pending"
"LB-XW-3838F494454E","LB-LOC-34326","LB-LOC-34326","34326","LB-GOV-43F853BBB592","LB-DIST-6A700DB60E42","","Deir Mar Youhanna EL-Batroun","دير مار يوحنا دوما","دير مار يوحنا دوما","SRC-NATIONAL-VILLAGE-MANIFEST","34326","Deir Mar Youhanna EL-Batroun","دير مار يوحنا دوما","","","exact-pcode","ADM3_PCODE=34326","1","accepted","none","owner-review-pending","2026-08-06T08:11:43.434Z","Exact stable ADM3_PCODE mapping; owner approval remains pending"
"LB-XW-B5BB218D85DE","LB-LOC-34227","LB-LOC-34227","34227","LB-GOV-43F853BBB592","LB-DIST-6A700DB60E42","","Deir Mar Youssef Jrabta","دير مار يوسف جربتا","دير مار يوسف جربتا","SRC-NATIONAL-VILLAGE-MANIFEST","34227","Deir Mar Youssef Jrabta","دير مار يوسف جربتا","","","exact-pcode","ADM3_PCODE=34227","1","accepted","none","owner-review-pending","2026-08-06T08:11:43.434Z","Exact stable ADM3_PCODE mapping; owner approval remains pending"
"LB-XW-E5002D6D6A67","LB-LOC-34311","LB-LOC-34311","34311","LB-GOV-43F853BBB592","LB-DIST-6A700DB60E42","","Douma","دوما","دوما","SRC-NATIONAL-VILLAGE-MANIFEST","34311","Douma","دوما","","","exact-pcode","ADM3_PCODE=34311","1","accepted","none","owner-review-pending","2026-08-06T08:11:43.434Z","Exact stable ADM3_PCODE mapping; owner approval remains pending"
"LB-XW-21D9944F0769","LB-LOC-34218","LB-LOC-34218","34218","LB-GOV-43F853BBB592","LB-DIST-6A700DB60E42","","Douq","دوق","دوق","SRC-NATIONAL-VILLAGE-MANIFEST","34218","Douq","دوق","","","exact-pcode","ADM3_PCODE=34218","1","accepted","none","owner-review-pending","2026-08-06T08:11:43.434Z","Exact stable ADM3_PCODE mapping; owner approval remains pending"
"LB-XW-0909DD936587","LB-LOC-34259","LB-LOC-34259","34259","LB-GOV-43F853BBB592","LB-DIST-6A700DB60E42","","Edde El-Batroun","إده البترون","اده البترون","SRC-NATIONAL-VILLAGE-MANIFEST","34259","Edde El-Batroun","إده البترون","","","exact-pcode","ADM3_PCODE=34259","1","accepted","none","owner-review-pending","2026-08-06T08:11:43.434Z","Exact stable ADM3_PCODE mapping; owner approval remains pending"
"LB-XW-661D4E9B0649","LB-LOC-34244","LB-LOC-34244","34244","LB-GOV-43F853BBB592","LB-DIST-6A700DB60E42","","Ftahat El-Batroun","فتاحات","فتاحات","SRC-NATIONAL-VILLAGE-MANIFEST","34244","Ftahat El-Batroun","فتاحات","","","exact-pcode","ADM3_PCODE=34244","1","accepted","none","owner-review-pending","2026-08-06T08:11:43.434Z","Exact stable ADM3_PCODE mapping; owner approval remains pending"
"LB-XW-460C70AA3407","LB-LOC-34231","LB-LOC-34231","34231","LB-GOV-43F853BBB592","LB-DIST-6A700DB60E42","","Ghouma","غوما","غوما","SRC-NATIONAL-VILLAGE-MANIFEST","34231","Ghouma","غوما","","","exact-pcode","ADM3_PCODE=34231","1","accepted","none","owner-review-pending","2026-08-06T08:11:43.434Z","Exact stable ADM3_PCODE mapping; owner approval remains pending"
"LB-XW-1926C5E458FE","LB-LOC-34351","LB-LOC-34351","34351","LB-GOV-43F853BBB592","LB-DIST-6A700DB60E42","","Hadtoun","حدتون","حدتون","SRC-NATIONAL-VILLAGE-MANIFEST","34351","Hadtoun","حدتون","","","exact-pcode","ADM3_PCODE=34351","1","accepted","none","owner-review-pending","2026-08-06T08:11:43.434Z","Exact stable ADM3_PCODE mapping; owner approval remains pending"
"LB-XW-FD53E08DC1FC","LB-LOC-34287","LB-LOC-34287","34287","LB-GOV-43F853BBB592","LB-DIST-6A700DB60E42","","Hamat","حامات","حامات","SRC-NATIONAL-VILLAGE-MANIFEST","34287","Hamat","حامات","","","exact-pcode","ADM3_PCODE=34287","1","accepted","none","owner-review-pending","2026-08-06T08:11:43.434Z","Exact stable ADM3_PCODE mapping; owner approval remains pending"
"LB-XW-DD72A401C26F","LB-LOC-34253","LB-LOC-34253","34253","LB-GOV-43F853BBB592","LB-DIST-6A700DB60E42","","Harbouna","حربونا","حربونا","SRC-NATIONAL-VILLAGE-MANIFEST","34253","Harbouna","حربونا","","","exact-pcode","ADM3_PCODE=34253","1","accepted","none","owner-review-pending","2026-08-06T08:11:43.434Z","Exact stable ADM3_PCODE mapping; owner approval remains pending"
"LB-XW-71B323EDE253","LB-LOC-34361","LB-LOC-34361","34361","LB-GOV-43F853BBB592","LB-DIST-6A700DB60E42","","Hardine","حردين","حردين","SRC-NATIONAL-VILLAGE-MANIFEST","34361","Hardine","حردين","","","exact-pcode","ADM3_PCODE=34361","1","accepted","none","owner-review-pending","2026-08-06T08:11:43.434Z","Exact stable ADM3_PCODE mapping; owner approval remains pending"
"LB-XW-C714B4C4C389","LB-LOC-34267","LB-LOC-34267","34267","LB-GOV-43F853BBB592","LB-DIST-6A700DB60E42","","Helta","حلتا","حلتا","SRC-NATIONAL-VILLAGE-MANIFEST","34267","Helta","حلتا","","","exact-pcode","ADM3_PCODE=34267","1","accepted","none","owner-review-pending","2026-08-06T08:11:43.434Z","Exact stable ADM3_PCODE mapping; owner approval remains pending"
"LB-XW-31ADEF785176","LB-LOC-34177","LB-LOC-34177","34177","LB-GOV-43F853BBB592","LB-DIST-6A700DB60E42","","Heri","هري","هري","SRC-NATIONAL-VILLAGE-MANIFEST","34177","Heri","هري","","","exact-pcode","ADM3_PCODE=34177","1","accepted","none","owner-review-pending","2026-08-06T08:11:43.434Z","Exact stable ADM3_PCODE mapping; owner approval remains pending"
"LB-XW-9BB59CC0BDA8","LB-LOC-34266","LB-LOC-34266","34266","LB-GOV-43F853BBB592","LB-DIST-6A700DB60E42","","Ijdabra","اجدبرا","اجدبرا","SRC-NATIONAL-VILLAGE-MANIFEST","34266","Ijdabra","اجدبرا","","","exact-pcode","ADM3_PCODE=34266","1","accepted","none","owner-review-pending","2026-08-06T08:11:43.434Z","Exact stable ADM3_PCODE mapping; owner approval remains pending"
"LB-XW-0C40225660E4","LB-LOC-34274","LB-LOC-34274","34274","LB-GOV-43F853BBB592","LB-DIST-6A700DB60E42","","Jebla","جبلا","جبلا","SRC-NATIONAL-VILLAGE-MANIFEST","34274","Jebla","جبلا","","","exact-pcode","ADM3_PCODE=34274","1","accepted","none","owner-review-pending","2026-08-06T08:11:43.434Z","Exact stable ADM3_PCODE mapping; owner approval remains pending"
"LB-XW-0B5E1994247C","LB-LOC-34219","LB-LOC-34219","34219","LB-GOV-43F853BBB592","LB-DIST-6A700DB60E42","","Jrabta El-Batroun","جربتا","جربتا","SRC-NATIONAL-VILLAGE-MANIFEST","34219","Jrabta El-Batroun","جربتا","","","exact-pcode","ADM3_PCODE=34219","1","accepted","none","owner-review-pending","2026-08-06T08:11:43.434Z","Exact stable ADM3_PCODE mapping; owner approval remains pending"
"LB-XW-8C1D98521E4B","LB-LOC-34234","LB-LOC-34234","34234","LB-GOV-43F853BBB592","LB-DIST-6A700DB60E42","","Jrane El-Batroun","جران","جران","SRC-NATIONAL-VILLAGE-MANIFEST","34234","Jrane El-Batroun","جران","","","exact-pcode","ADM3_PCODE=34234","1","accepted","none","owner-review-pending","2026-08-06T08:11:43.434Z","Exact stable ADM3_PCODE mapping; owner approval remains pending"
"LB-XW-5748EDFCF55B","LB-LOC-34144","LB-LOC-34144","34144","LB-GOV-43F853BBB592","LB-DIST-6A700DB60E42","","Kfar Aabida","كفر عبيدا","كفر عبيدا","SRC-NATIONAL-VILLAGE-MANIFEST","34144","Kfar Aabida","كفر عبيدا","","","exact-pcode","ADM3_PCODE=34144","1","accepted","none","owner-review-pending","2026-08-06T08:11:43.434Z","Exact stable ADM3_PCODE mapping; owner approval remains pending"
"LB-XW-896B7F8A8548","LB-LOC-34241","LB-LOC-34241","34241","LB-GOV-43F853BBB592","LB-DIST-6A700DB60E42","","Kfar Hatna","كفرحتنا","كفرحتنا","SRC-NATIONAL-VILLAGE-MANIFEST","34241","Kfar Hatna","كفرحتنا","","","exact-pcode","ADM3_PCODE=34241","1","accepted","none","owner-review-pending","2026-08-06T08:11:43.434Z","Exact stable ADM3_PCODE mapping; owner approval remains pending"
"LB-XW-0D8DD1C1DA69","LB-LOC-34271","LB-LOC-34271","34271","LB-GOV-43F853BBB592","LB-DIST-6A700DB60E42","","Kfar Hay","كفرحي","كفرحي","SRC-NATIONAL-VILLAGE-MANIFEST","34271","Kfar Hay","كفرحي","","","exact-pcode","ADM3_PCODE=34271","1","accepted","none","owner-review-pending","2026-08-06T08:11:43.434Z","Exact stable ADM3_PCODE mapping; owner approval remains pending"
"LB-XW-A6B19D228B84","LB-LOC-34336","LB-LOC-34336","34336","LB-GOV-43F853BBB592","LB-DIST-6A700DB60E42","","Kfar Hilda","كفر حلدا","كفر حلدا","SRC-NATIONAL-VILLAGE-MANIFEST","34336","Kfar Hilda","كفر حلدا","","","exact-pcode","ADM3_PCODE=34336","1","accepted","none","owner-review-pending","2026-08-06T08:11:43.434Z","Exact stable ADM3_PCODE mapping; owner approval remains pending"
"LB-XW-DFE8B8E158CB","LB-LOC-34281","LB-LOC-34281","34281","LB-GOV-43F853BBB592","LB-DIST-6A700DB60E42","","Kfar Khollos","كفر خلص","كفر خلص","SRC-NATIONAL-VILLAGE-MANIFEST","34281","Kfar Khollos","كفر خلص","","","exact-pcode","ADM3_PCODE=34281","1","accepted","none","owner-review-pending","2026-08-06T08:11:43.434Z","Exact stable ADM3_PCODE mapping; owner approval remains pending"
"LB-XW-7498DCDDF3DD","LB-LOC-34257","LB-LOC-34257","34257","LB-GOV-43F853BBB592","LB-DIST-6A700DB60E42","","Kfarb Shlaimane","كفر شليمان","كفر شليمان","SRC-NATIONAL-VILLAGE-MANIFEST","34257","Kfarb Shlaimane","كفر شليمان","","","exact-pcode","ADM3_PCODE=34257","1","accepted","none","owner-review-pending","2026-08-06T08:11:43.434Z","Exact stable ADM3_PCODE mapping; owner approval remains pending"
"LB-XW-8EA1E04B1494","LB-LOC-34233","LB-LOC-34233","34233","LB-GOV-43F853BBB592","LB-DIST-6A700DB60E42","","Kfifane","كفيفان","كفيفان","SRC-NATIONAL-VILLAGE-MANIFEST","34233","Kfifane","كفيفان","","","exact-pcode","ADM3_PCODE=34233","1","accepted","none","owner-review-pending","2026-08-06T08:11:43.434Z","Exact stable ADM3_PCODE mapping; owner approval remains pending"
"LB-XW-5D684AE253CA","LB-LOC-34341","LB-LOC-34341","34341","LB-GOV-43F853BBB592","LB-DIST-6A700DB60E42","","Kfour El-Aarbi","كفور العربي","كفور العربي","SRC-NATIONAL-VILLAGE-MANIFEST","34341","Kfour El-Aarbi","كفور العربي","","","exact-pcode","ADM3_PCODE=34341","1","accepted","none","owner-review-pending","2026-08-06T08:11:43.434Z","Exact stable ADM3_PCODE mapping; owner approval remains pending"
"LB-XW-8C77B040939B","LB-LOC-34155","LB-LOC-34155","34155","LB-GOV-43F853BBB592","LB-DIST-6A700DB60E42","","Koubba","كوبا","كوبا","SRC-NATIONAL-VILLAGE-MANIFEST","34155","Koubba","كوبا","","","exact-pcode","ADM3_PCODE=34155","1","accepted","none","owner-review-pending","2026-08-06T08:11:43.434Z","Exact stable ADM3_PCODE mapping; owner approval remains pending"
"LB-XW-1FDA207C016B","LB-LOC-34246","LB-LOC-34246","34246","LB-GOV-43F853BBB592","LB-DIST-6A700DB60E42","","Kour","كور","كور","SRC-NATIONAL-VILLAGE-MANIFEST","34246","Kour","كور","","","exact-pcode","ADM3_PCODE=34246","1","accepted","none","owner-review-pending","2026-08-06T08:11:43.434Z","Exact stable ADM3_PCODE mapping; owner approval remains pending"
"LB-XW-BC71D0B22DB8","LB-LOC-34226","LB-LOC-34226","34226","LB-GOV-43F853BBB592","LB-DIST-6A700DB60E42","","Mar Mama","مار ماما","مار ماما","SRC-NATIONAL-VILLAGE-MANIFEST","34226","Mar Mama","مار ماما","","","exact-pcode","ADM3_PCODE=34226","1","accepted","none","owner-review-pending","2026-08-06T08:11:43.434Z","Exact stable ADM3_PCODE mapping; owner approval remains pending"
"LB-XW-9FB502753DC4","LB-LOC-34214","LB-LOC-34214","34214","LB-GOV-43F853BBB592","LB-DIST-6A700DB60E42","","Masrah","مسرح","مسرح","SRC-NATIONAL-VILLAGE-MANIFEST","34214","Masrah","مسرح","","","exact-pcode","ADM3_PCODE=34214","1","accepted","none","owner-review-pending","2026-08-06T08:11:43.434Z","Exact stable ADM3_PCODE mapping; owner approval remains pending"
"LB-XW-0502A328A314","LB-LOC-34236","LB-LOC-34236","34236","LB-GOV-43F853BBB592","LB-DIST-6A700DB60E42","","Mehmarch","محمرش","محمرش","SRC-NATIONAL-VILLAGE-MANIFEST","34236","Mehmarch","محمرش","","","exact-pcode","ADM3_PCODE=34236","1","accepted","none","owner-review-pending","2026-08-06T08:11:43.434Z","Exact stable ADM3_PCODE mapping; owner approval remains pending"
"LB-XW-54DAFAC416BC","LB-LOC-34256","LB-LOC-34256","34256","LB-GOV-43F853BBB592","LB-DIST-6A700DB60E42","","Mrah Chdid","مراح شديد","مراح شديد","SRC-NATIONAL-VILLAGE-MANIFEST","34256","Mrah Chdid","مراح شديد","","","exact-pcode","ADM3_PCODE=34256","1","accepted","none","owner-review-pending","2026-08-06T08:11:43.434Z","Exact stable ADM3_PCODE mapping; owner approval remains pending"
"LB-XW-E98E4198F158","LB-LOC-34254","LB-LOC-34254","34254","LB-GOV-43F853BBB592","LB-DIST-6A700DB60E42","","Mrah El-Hajj","مراح الحاج","مراح الحاج","SRC-NATIONAL-VILLAGE-MANIFEST","34254","Mrah El-Hajj","مراح الحاج","","","exact-pcode","ADM3_PCODE=34254","1","accepted","none","owner-review-pending","2026-08-06T08:11:43.434Z","Exact stable ADM3_PCODE mapping; owner approval remains pending"
"LB-XW-7195ED7E6E44","LB-LOC-34229","LB-LOC-34229","34229","LB-GOV-43F853BBB592","LB-DIST-6A700DB60E42","","Mrah Ez Ziyat","مراح الزيات","مراح الزيات","SRC-NATIONAL-VILLAGE-MANIFEST","34229","Mrah Ez Ziyat","مراح الزيات","","","exact-pcode","ADM3_PCODE=34229","1","accepted","none","owner-review-pending","2026-08-06T08:11:43.434Z","Exact stable ADM3_PCODE mapping; owner approval remains pending"
"LB-XW-AF47F27CB213","LB-LOC-34273","LB-LOC-34273","34273","LB-GOV-43F853BBB592","LB-DIST-6A700DB60E42","","Nahleh El-Batroun","نحلا البترون","نحلا البترون","SRC-NATIONAL-VILLAGE-MANIFEST","34273","Nahleh El-Batroun","نحلا البترون","","","exact-pcode","ADM3_PCODE=34273","1","accepted","none","owner-review-pending","2026-08-06T08:11:43.434Z","Exact stable ADM3_PCODE mapping; owner approval remains pending"
"LB-XW-B7BCE5D5905A","LB-LOC-34376","LB-LOC-34376","34376","LB-GOV-43F853BBB592","LB-DIST-6A700DB60E42","","Niha El-Batroun","نيحا البترون","نيحا البترون","SRC-NATIONAL-VILLAGE-MANIFEST","34376","Niha El-Batroun","نيحا البترون","","","exact-pcode","ADM3_PCODE=34376","1","accepted","none","owner-review-pending","2026-08-06T08:11:43.434Z","Exact stable ADM3_PCODE mapping; owner approval remains pending"
"LB-XW-C1C2B44971A9","LB-LOC-34286","LB-LOC-34286","34286","LB-GOV-43F853BBB592","LB-DIST-6A700DB60E42","","Ouajh El-Hajjar","وجه الحجر","وجه الحجر","SRC-NATIONAL-VILLAGE-MANIFEST","34286","Ouajh El-Hajjar","وجه الحجر","","","exact-pcode","ADM3_PCODE=34286","1","accepted","none","owner-review-pending","2026-08-06T08:11:43.434Z","Exact stable ADM3_PCODE mapping; owner approval remains pending"
"LB-XW-5A7EBB109551","LB-LOC-34381","LB-LOC-34381","34381","LB-GOV-43F853BBB592","LB-DIST-6A700DB60E42","","Ouata Houb","وطى حوب","وطي حوب","SRC-NATIONAL-VILLAGE-MANIFEST","34381","Ouata Houb","وطى حوب","","","exact-pcode","ADM3_PCODE=34381","1","accepted","none","owner-review-pending","2026-08-06T08:11:43.434Z","Exact stable ADM3_PCODE mapping; owner approval remains pending"
"LB-XW-80AC83E373E2","LB-LOC-34283","LB-LOC-34283","34283","LB-GOV-43F853BBB592","LB-DIST-6A700DB60E42","","Qatnaaoun","قرنعون","قرنعون","SRC-NATIONAL-VILLAGE-MANIFEST","34283","Qatnaaoun","قرنعون","","","exact-pcode","ADM3_PCODE=34283","1","accepted","none","owner-review-pending","2026-08-06T08:11:43.434Z","Exact stable ADM3_PCODE mapping; owner approval remains pending"
"LB-XW-ABB591116C40","LB-LOC-34247","LB-LOC-34247","34247","LB-GOV-43F853BBB592","LB-DIST-6A700DB60E42","","Racha","راشا","راشا","SRC-NATIONAL-VILLAGE-MANIFEST","34247","Racha","راشا","","","exact-pcode","ADM3_PCODE=34247","1","accepted","none","owner-review-pending","2026-08-06T08:11:43.434Z","Exact stable ADM3_PCODE mapping; owner approval remains pending"
"LB-XW-C4996B8FD46E","LB-LOC-34122","LB-LOC-34122","34122","LB-GOV-43F853BBB592","LB-DIST-6A700DB60E42","","Rachana","راشانا","راشانا","SRC-NATIONAL-VILLAGE-MANIFEST","34122","Rachana","راشانا","","","exact-pcode","ADM3_PCODE=34122","1","accepted","none","owner-review-pending","2026-08-06T08:11:43.434Z","Exact stable ADM3_PCODE mapping; owner approval remains pending"
"LB-XW-B25C232AA38F","LB-LOC-34276","LB-LOC-34276","34276","LB-GOV-43F853BBB592","LB-DIST-6A700DB60E42","","Rachkida","راشكيدا","راشكيدا","SRC-NATIONAL-VILLAGE-MANIFEST","34276","Rachkida","راشكيدا","","","exact-pcode","ADM3_PCODE=34276","1","accepted","none","owner-review-pending","2026-08-06T08:11:43.434Z","Exact stable ADM3_PCODE mapping; owner approval remains pending"
"LB-XW-7486471BD00A","LB-LOC-34346","LB-LOC-34346","34346","LB-GOV-43F853BBB592","LB-DIST-6A700DB60E42","","Ram El-Batroun","الرام البترون","الرام البترون","SRC-NATIONAL-VILLAGE-MANIFEST","34346","Ram El-Batroun","الرام البترون","","","exact-pcode","ADM3_PCODE=34346","1","accepted","none","owner-review-pending","2026-08-06T08:11:43.434Z","Exact stable ADM3_PCODE mapping; owner approval remains pending"
"LB-XW-BF0C1C42B568","LB-LOC-34284","LB-LOC-34284","34284","LB-GOV-43F853BBB592","LB-DIST-6A700DB60E42","","Ras Nahhach","راس نحاش","راس نحاش","SRC-NATIONAL-VILLAGE-MANIFEST","34284","Ras Nahhach","راس نحاش","","","exact-pcode","ADM3_PCODE=34284","1","accepted","none","owner-review-pending","2026-08-06T08:11:43.434Z","Exact stable ADM3_PCODE mapping; owner approval remains pending"
"LB-XW-303E3E1910E8","LB-LOC-34166","LB-LOC-34166","34166","LB-GOV-43F853BBB592","LB-DIST-6A700DB60E42","","Selaata","سلعاتا","سلعاتا","SRC-NATIONAL-VILLAGE-MANIFEST","34166","Selaata","سلعاتا","","","exact-pcode","ADM3_PCODE=34166","1","accepted","none","owner-review-pending","2026-08-06T08:11:43.434Z","Exact stable ADM3_PCODE mapping; owner approval remains pending"
"LB-XW-D6267B167F12","LB-LOC-34224","LB-LOC-34224","34224","LB-GOV-43F853BBB592","LB-DIST-6A700DB60E42","","Sghar","صغار","صغار","SRC-NATIONAL-VILLAGE-MANIFEST","34224","Sghar","صغار","","","exact-pcode","ADM3_PCODE=34224","1","accepted","none","owner-review-pending","2026-08-06T08:11:43.434Z","Exact stable ADM3_PCODE mapping; owner approval remains pending"
"LB-XW-EE9483118FFC","LB-LOC-34239","LB-LOC-34239","34239","LB-GOV-43F853BBB592","LB-DIST-6A700DB60E42","","Smar Jbayl","سمار جبيل","سمار جبيل","SRC-NATIONAL-VILLAGE-MANIFEST","34239","Smar Jbayl","سمار جبيل","","","exact-pcode","ADM3_PCODE=34239","1","accepted","none","owner-review-pending","2026-08-06T08:11:43.434Z","Exact stable ADM3_PCODE mapping; owner approval remains pending"
"LB-XW-576225B64005","LB-LOC-34261","LB-LOC-34261","34261","LB-GOV-43F853BBB592","LB-DIST-6A700DB60E42","","Sourat El-Batroun","صورات","صورات","SRC-NATIONAL-VILLAGE-MANIFEST","34261","Sourat El-Batroun","صورات","","","exact-pcode","ADM3_PCODE=34261","1","accepted","none","owner-review-pending","2026-08-06T08:11:43.434Z","Exact stable ADM3_PCODE mapping; owner approval remains pending"
"LB-XW-A2943E7466AD","LB-LOC-34386","LB-LOC-34386","34386","LB-GOV-43F853BBB592","LB-DIST-6A700DB60E42","","Tannourine El-Faouqa","تنورين الفوقا","تنورين الفوقا","SRC-NATIONAL-VILLAGE-MANIFEST","34386","Tannourine El-Faouqa","تنورين الفوقا","","","exact-pcode","ADM3_PCODE=34386","1","accepted","none","owner-review-pending","2026-08-06T08:11:43.434Z","Exact stable ADM3_PCODE mapping; owner approval remains pending"
"LB-XW-041C04E3868A","LB-LOC-34356","LB-LOC-34356","34356","LB-GOV-43F853BBB592","LB-DIST-6A700DB60E42","","Tannourine Et-Tahta","تنورين التحتا","تنورين التحتا","SRC-NATIONAL-VILLAGE-MANIFEST","34356","Tannourine Et-Tahta","تنورين التحتا","","","exact-pcode","ADM3_PCODE=34356","1","accepted","none","owner-review-pending","2026-08-06T08:11:43.434Z","Exact stable ADM3_PCODE mapping; owner approval remains pending"
"LB-XW-DF5494DC7733","LB-LOC-34133","LB-LOC-34133","34133","LB-GOV-43F853BBB592","LB-DIST-6A700DB60E42","","Thoum","تحوم","تحوم","SRC-NATIONAL-VILLAGE-MANIFEST","34133","Thoum","تحوم","","","exact-pcode","ADM3_PCODE=34133","1","accepted","none","owner-review-pending","2026-08-06T08:11:43.434Z","Exact stable ADM3_PCODE mapping; owner approval remains pending"
"LB-XW-6E3C8E8D13E5","LB-LOC-34212","LB-LOC-34212","34212","LB-GOV-43F853BBB592","LB-DIST-6A700DB60E42","","Toula El-Batroun","تولا","تولا","SRC-NATIONAL-VILLAGE-MANIFEST","34212","Toula El-Batroun","تولا","","","exact-pcode","ADM3_PCODE=34212","1","accepted","none","owner-review-pending","2026-08-06T08:11:43.434Z","Exact stable ADM3_PCODE mapping; owner approval remains pending"
"LB-XW-73DAE5943BC7","LB-LOC-34243","LB-LOC-34243","34243","LB-GOV-43F853BBB592","LB-DIST-6A700DB60E42","","Zaneh","زان","زان","SRC-NATIONAL-VILLAGE-MANIFEST","34243","Zaneh","زان","","","exact-pcode","ADM3_PCODE=34243","1","accepted","none","owner-review-pending","2026-08-06T08:11:43.434Z","Exact stable ADM3_PCODE mapping; owner approval remains pending"
"LB-XW-D38B69D55BEE","LB-LOC-32143","LB-LOC-32143","32143","LB-GOV-43F853BBB592","LB-DIST-BD3D8FEE18DD","","Aaba","عبا الكورة","عبا الكورة","SRC-NATIONAL-VILLAGE-MANIFEST","32143","Aaba","عبا الكورة","","","exact-pcode","ADM3_PCODE=32143","1","accepted","none","owner-review-pending","2026-08-06T08:11:43.434Z","Exact stable ADM3_PCODE mapping; owner approval remains pending"
"LB-XW-A22DE6B7EC96","LB-LOC-32127","LB-LOC-32127","32127","LB-GOV-43F853BBB592","LB-DIST-BD3D8FEE18DD","","Aafsdiq","عفصديق","عفصديق","SRC-NATIONAL-VILLAGE-MANIFEST","32127","Aafsdiq","عفصديق","","","exact-pcode","ADM3_PCODE=32127","1","accepted","none","owner-review-pending","2026-08-06T08:11:43.434Z","Exact stable ADM3_PCODE mapping; owner approval remains pending"
"LB-XW-59E3D019E8BC","LB-LOC-32135","LB-LOC-32135","32135","LB-GOV-43F853BBB592","LB-DIST-BD3D8FEE18DD","","Ain Aakrine","عين عكرين","عين عكرين","SRC-NATIONAL-VILLAGE-MANIFEST","32135","Ain Aakrine","عين عكرين","","","exact-pcode","ADM3_PCODE=32135","1","accepted","none","owner-review-pending","2026-08-06T08:11:43.434Z","Exact stable ADM3_PCODE mapping; owner approval remains pending"
"LB-XW-F6674F947301","LB-LOC-32111","LB-LOC-32111","32111","LB-GOV-43F853BBB592","LB-DIST-BD3D8FEE18DD","","Amioun","اميون","اميون","SRC-NATIONAL-VILLAGE-MANIFEST","32111","Amioun","اميون","","","exact-pcode","ADM3_PCODE=32111","1","accepted","none","owner-review-pending","2026-08-06T08:11:43.434Z","Exact stable ADM3_PCODE mapping; owner approval remains pending"
"LB-XW-3C2C274A2F3E","LB-LOC-32161","LB-LOC-32161","32161","LB-GOV-43F853BBB592","LB-DIST-BD3D8FEE18DD","","Badbhoun","بدبهون","بدبهون","SRC-NATIONAL-VILLAGE-MANIFEST","32161","Badbhoun","بدبهون","","","exact-pcode","ADM3_PCODE=32161","1","accepted","none","owner-review-pending","2026-08-06T08:11:43.434Z","Exact stable ADM3_PCODE mapping; owner approval remains pending"
"LB-XW-BEB6BF0D9E27","LB-LOC-32163","LB-LOC-32163","32163","LB-GOV-43F853BBB592","LB-DIST-BD3D8FEE18DD","","Barghoun","برغون","برغون","SRC-NATIONAL-VILLAGE-MANIFEST","32163","Barghoun","برغون","","","exact-pcode","ADM3_PCODE=32163","1","accepted","none","owner-review-pending","2026-08-06T08:11:43.434Z","Exact stable ADM3_PCODE mapping; owner approval remains pending"
"LB-XW-9A177C69BA78","LB-LOC-32187","LB-LOC-32187","32187","LB-GOV-43F853BBB592","LB-DIST-BD3D8FEE18DD","","Barsa","برصا","برصا","SRC-NATIONAL-VILLAGE-MANIFEST","32187","Barsa","برصا","","","exact-pcode","ADM3_PCODE=32187","1","accepted","none","owner-review-pending","2026-08-06T08:11:43.434Z","Exact stable ADM3_PCODE mapping; owner approval remains pending"
"LB-XW-347AB1F1F6F0","LB-LOC-32159","LB-LOC-32159","32159","LB-GOV-43F853BBB592","LB-DIST-BD3D8FEE18DD","","Batroumine","بترومين","بترومين","SRC-NATIONAL-VILLAGE-MANIFEST","32159","Batroumine","بترومين","","","exact-pcode","ADM3_PCODE=32159","1","accepted","none","owner-review-pending","2026-08-06T08:11:43.434Z","Exact stable ADM3_PCODE mapping; owner approval remains pending"
"LB-XW-132B5E9C1F9F","LB-LOC-32145","LB-LOC-32145","32145","LB-GOV-43F853BBB592","LB-DIST-BD3D8FEE18DD","","Bdebba","بدبا","بدبا","SRC-NATIONAL-VILLAGE-MANIFEST","32145","Bdebba","بدبا","","","exact-pcode","ADM3_PCODE=32145","1","accepted","none","owner-review-pending","2026-08-06T08:11:43.434Z","Exact stable ADM3_PCODE mapping; owner approval remains pending"
"LB-XW-4BE8C7CC2387","LB-LOC-32117","LB-LOC-32117","32117","LB-GOV-43F853BBB592","LB-DIST-BD3D8FEE18DD","","Bechmizzine","بشمزين","بشمزين","SRC-NATIONAL-VILLAGE-MANIFEST","32117","Bechmizzine","بشمزين","","","exact-pcode","ADM3_PCODE=32117","1","accepted","none","owner-review-pending","2026-08-06T08:11:43.434Z","Exact stable ADM3_PCODE mapping; owner approval remains pending"
"LB-XW-78234A22BDCC","LB-LOC-32165","LB-LOC-32165","32165","LB-GOV-43F853BBB592","LB-DIST-BD3D8FEE18DD","","Bednayel El-Koura","بدنايل الكورة","بدنايل الكورة","SRC-NATIONAL-VILLAGE-MANIFEST","32165","Bednayel El-Koura","بدنايل الكورة","","","exact-pcode","ADM3_PCODE=32165","1","accepted","none","owner-review-pending","2026-08-06T08:11:43.434Z","Exact stable ADM3_PCODE mapping; owner approval remains pending"
"LB-XW-0092EB651024","LB-LOC-32133","LB-LOC-32133","32133","LB-GOV-43F853BBB592","LB-DIST-BD3D8FEE18DD","","Bhabbouch El-Koura","بحبوش","بحبوش","SRC-NATIONAL-VILLAGE-MANIFEST","32133","Bhabbouch El-Koura","بحبوش","","","exact-pcode","ADM3_PCODE=32133","1","accepted","none","owner-review-pending","2026-08-06T08:11:43.434Z","Exact stable ADM3_PCODE mapping; owner approval remains pending"
"LB-XW-617C0E99C964","LB-LOC-32189","LB-LOC-32189","32189","LB-GOV-43F853BBB592","LB-DIST-BD3D8FEE18DD","","Bkeftine","بكفتين","بكفتين","SRC-NATIONAL-VILLAGE-MANIFEST","32189","Bkeftine","بكفتين","","","exact-pcode","ADM3_PCODE=32189","1","accepted","none","owner-review-pending","2026-08-06T08:11:43.434Z","Exact stable ADM3_PCODE mapping; owner approval remains pending"
"LB-XW-40204743FE02","LB-LOC-32141","LB-LOC-32141","32141","LB-GOV-43F853BBB592","LB-DIST-BD3D8FEE18DD","","Bnehran","بنهران","بنهران","SRC-NATIONAL-VILLAGE-MANIFEST","32141","Bnehran","بنهران","","","exact-pcode","ADM3_PCODE=32141","1","accepted","none","owner-review-pending","2026-08-06T08:11:43.434Z","Exact stable ADM3_PCODE mapping; owner approval remains pending"
"LB-XW-905AA1C78515","LB-LOC-32193","LB-LOC-32193","32193","LB-GOV-43F853BBB592","LB-DIST-BD3D8FEE18DD","","Bqaiaa El-Koura","البقيعة","البقيعة","SRC-NATIONAL-VILLAGE-MANIFEST","32193","Bqaiaa El-Koura","البقيعة","","","exact-pcode","ADM3_PCODE=32193","1","accepted","none","owner-review-pending","2026-08-06T08:11:43.434Z","Exact stable ADM3_PCODE mapping; owner approval remains pending"
"LB-XW-C6312BD89917","LB-LOC-32125","LB-LOC-32125","32125","LB-GOV-43F853BBB592","LB-DIST-BD3D8FEE18DD","","Bsarma","بصرما","بصرما","SRC-NATIONAL-VILLAGE-MANIFEST","32125","Bsarma","بصرما","","","exact-pcode","ADM3_PCODE=32125","1","accepted","none","owner-review-pending","2026-08-06T08:11:43.434Z","Exact stable ADM3_PCODE mapping; owner approval remains pending"
"LB-XW-66B81CE988F0","LB-LOC-32153","LB-LOC-32153","32153","LB-GOV-43F853BBB592","LB-DIST-BD3D8FEE18DD","","Btaaboura","بتعبورة","بتعبورة","SRC-NATIONAL-VILLAGE-MANIFEST","32153","Btaaboura","بتعبورة","","","exact-pcode","ADM3_PCODE=32153","1","accepted","none","owner-review-pending","2026-08-06T08:11:43.434Z","Exact stable ADM3_PCODE mapping; owner approval remains pending"
"LB-XW-8DA60F64D072","LB-LOC-32119","LB-LOC-32119","32119","LB-GOV-43F853BBB592","LB-DIST-BD3D8FEE18DD","","Bterram","بطرام","بطرام","SRC-NATIONAL-VILLAGE-MANIFEST","32119","Bterram","بطرام","","","exact-pcode","ADM3_PCODE=32119","1","accepted","none","owner-review-pending","2026-08-06T08:11:43.434Z","Exact stable ADM3_PCODE mapping; owner approval remains pending"
"LB-XW-9BF3F88291F4","LB-LOC-32169","LB-LOC-32169","32169","LB-GOV-43F853BBB592","LB-DIST-BD3D8FEE18DD","","Btouratij","بتوراتيج","بتوراتيج","SRC-NATIONAL-VILLAGE-MANIFEST","32169","Btouratij","بتوراتيج","","","exact-pcode","ADM3_PCODE=32169","1","accepted","none","owner-review-pending","2026-08-06T08:11:43.434Z","Exact stable ADM3_PCODE mapping; owner approval remains pending"
"LB-XW-5577D125F7C4","LB-LOC-32121","LB-LOC-32121","32121","LB-GOV-43F853BBB592","LB-DIST-BD3D8FEE18DD","","Bziza","بزيزا","بزيزا","SRC-NATIONAL-VILLAGE-MANIFEST","32121","Bziza","بزيزا","","","exact-pcode","ADM3_PCODE=32121","1","accepted","none","owner-review-pending","2026-08-06T08:11:43.434Z","Exact stable ADM3_PCODE mapping; owner approval remains pending"
"LB-XW-FE61098F56BE","LB-LOC-32131","LB-LOC-32131","32131","LB-GOV-43F853BBB592","LB-DIST-BD3D8FEE18DD","","Dar Baaechtar","دار بعشتار","دار بعشتار","SRC-NATIONAL-VILLAGE-MANIFEST","32131","Dar Baaechtar","دار بعشتار","","","exact-pcode","ADM3_PCODE=32131","1","accepted","none","owner-review-pending","2026-08-06T08:11:43.434Z","Exact stable ADM3_PCODE mapping; owner approval remains pending"
"LB-XW-46FAE827E6BE","LB-LOC-32129","LB-LOC-32129","32129","LB-GOV-43F853BBB592","LB-DIST-BD3D8FEE18DD","","Dar Chmizzine","دار شمزين","دار شمزين","SRC-NATIONAL-VILLAGE-MANIFEST","32129","Dar Chmizzine","دار شمزين","","","exact-pcode","ADM3_PCODE=32129","1","accepted","none","owner-review-pending","2026-08-06T08:11:43.434Z","Exact stable ADM3_PCODE mapping; owner approval remains pending"
"LB-XW-13D3F9328527","LB-LOC-32179","LB-LOC-32179","32179","LB-GOV-43F853BBB592","LB-DIST-BD3D8FEE18DD","","Deddeh","دده","دده","SRC-NATIONAL-VILLAGE-MANIFEST","32179","Deddeh","دده","","","exact-pcode","ADM3_PCODE=32179","1","accepted","none","owner-review-pending","2026-08-06T08:11:43.434Z","Exact stable ADM3_PCODE mapping; owner approval remains pending"
"LB-XW-EB1A0CCD8B80","LB-LOC-32173","LB-LOC-32173","32173","LB-GOV-43F853BBB592","LB-DIST-BD3D8FEE18DD","","Deir El-Balamand","دير البلمند","دير البلمند","SRC-NATIONAL-VILLAGE-MANIFEST","32173","Deir El-Balamand","دير البلمند","","","exact-pcode","ADM3_PCODE=32173","1","accepted","none","owner-review-pending","2026-08-06T08:11:43.434Z","Exact stable ADM3_PCODE mapping; owner approval remains pending"
"LB-XW-64E8C5C27478","LB-LOC-32181","LB-LOC-32181","32181","LB-GOV-43F853BBB592","LB-DIST-BD3D8FEE18DD","","Enfeh","أنفه","انفه","SRC-NATIONAL-VILLAGE-MANIFEST","32181","Enfeh","أنفه","","","exact-pcode","ADM3_PCODE=32181","1","accepted","none","owner-review-pending","2026-08-06T08:11:43.434Z","Exact stable ADM3_PCODE mapping; owner approval remains pending"
"LB-XW-D157FA12BFF9","LB-LOC-32147","LB-LOC-32147","32147","LB-GOV-43F853BBB592","LB-DIST-BD3D8FEE18DD","","Fiaa","فيع","فيع","SRC-NATIONAL-VILLAGE-MANIFEST","32147","Fiaa","فيع","","","exact-pcode","ADM3_PCODE=32147","1","accepted","none","owner-review-pending","2026-08-06T08:11:43.434Z","Exact stable ADM3_PCODE mapping; owner approval remains pending"
"LB-XW-7FE04F2A74A0","LB-LOC-32183","LB-LOC-32183","32183","LB-GOV-43F853BBB592","LB-DIST-BD3D8FEE18DD","","Hraiche","حريشه","حريشه","SRC-NATIONAL-VILLAGE-MANIFEST","32183","Hraiche","حريشه","","","exact-pcode","ADM3_PCODE=32183","1","accepted","none","owner-review-pending","2026-08-06T08:11:43.434Z","Exact stable ADM3_PCODE mapping; owner approval remains pending"
"LB-XW-151AAA04B398","LB-LOC-32157","LB-LOC-32157","32157","LB-GOV-43F853BBB592","LB-DIST-BD3D8FEE18DD","","Ijdaabrine","اجدعبرين","اجدعبرين","SRC-NATIONAL-VILLAGE-MANIFEST","32157","Ijdaabrine","اجدعبرين","","","exact-pcode","ADM3_PCODE=32157","1","accepted","none","owner-review-pending","2026-08-06T08:11:43.434Z","Exact stable ADM3_PCODE mapping; owner approval remains pending"
"LB-XW-26E8BA1AF8C2","LB-LOC-32177","LB-LOC-32177","32177","LB-GOV-43F853BBB592","LB-DIST-BD3D8FEE18DD","","Kafraya El-Koura","كفريا الكورة","كفريا الكورة","SRC-NATIONAL-VILLAGE-MANIFEST","32177","Kafraya El-Koura","كفريا الكورة","","","exact-pcode","ADM3_PCODE=32177","1","accepted","none","owner-review-pending","2026-08-06T08:11:43.434Z","Exact stable ADM3_PCODE mapping; owner approval remains pending"
"LB-XW-DB919BE71EDB","LB-LOC-32151","LB-LOC-32151","32151","LB-GOV-43F853BBB592","LB-DIST-BD3D8FEE18DD","","Kaftoun","كفتون","كفتون","SRC-NATIONAL-VILLAGE-MANIFEST","32151","Kaftoun","كفتون","","","exact-pcode","ADM3_PCODE=32151","1","accepted","none","owner-review-pending","2026-08-06T08:11:43.434Z","Exact stable ADM3_PCODE mapping; owner approval remains pending"
"LB-XW-42715C5F00E1","LB-LOC-32113","LB-LOC-32113","32113","LB-GOV-43F853BBB592","LB-DIST-BD3D8FEE18DD","","Kfar Aaqqa","كفر عقا","كفر عقا","SRC-NATIONAL-VILLAGE-MANIFEST","32113","Kfar Aaqqa","كفر عقا","","","exact-pcode","ADM3_PCODE=32113","1","accepted","none","owner-review-pending","2026-08-06T08:11:43.434Z","Exact stable ADM3_PCODE mapping; owner approval remains pending"
"LB-XW-BDE60E58840B","LB-LOC-32155","LB-LOC-32155","32155","LB-GOV-43F853BBB592","LB-DIST-BD3D8FEE18DD","","Kfar Hata El-Koura","كفرحاتا","كفرحاتا","SRC-NATIONAL-VILLAGE-MANIFEST","32155","Kfar Hata El-Koura","كفرحاتا","","","exact-pcode","ADM3_PCODE=32155","1","accepted","none","owner-review-pending","2026-08-06T08:11:43.434Z","Exact stable ADM3_PCODE mapping; owner approval remains pending"
"LB-XW-570AC8DD2164","LB-LOC-32123","LB-LOC-32123","32123","LB-GOV-43F853BBB592","LB-DIST-BD3D8FEE18DD","","Kfar Hazir","كفرحزير","كفرحزير","SRC-NATIONAL-VILLAGE-MANIFEST","32123","Kfar Hazir","كفرحزير","","","exact-pcode","ADM3_PCODE=32123","1","accepted","none","owner-review-pending","2026-08-06T08:11:43.434Z","Exact stable ADM3_PCODE mapping; owner approval remains pending"
"LB-XW-A56C14741625","LB-LOC-32167","LB-LOC-32167","32167","LB-GOV-43F853BBB592","LB-DIST-BD3D8FEE18DD","","Kfar Kahel","كفرقاهل","كفرقاهل","SRC-NATIONAL-VILLAGE-MANIFEST","32167","Kfar Kahel","كفرقاهل","","","exact-pcode","ADM3_PCODE=32167","1","accepted","none","owner-review-pending","2026-08-06T08:11:43.434Z","Exact stable ADM3_PCODE mapping; owner approval remains pending"
"LB-XW-EFB09CDF58DD","LB-LOC-32115","LB-LOC-32115","32115","LB-GOV-43F853BBB592","LB-DIST-BD3D8FEE18DD","","Kfar Saroun El-Koura","كفرصارون","كفرصارون","SRC-NATIONAL-VILLAGE-MANIFEST","32115","Kfar Saroun El-Koura","كفرصارون","","","exact-pcode","ADM3_PCODE=32115","1","accepted","none","owner-review-pending","2026-08-06T08:11:43.434Z","Exact stable ADM3_PCODE mapping; owner approval remains pending"
"LB-XW-8575B269D3CE","LB-LOC-32137","LB-LOC-32137","32137","LB-GOV-43F853BBB592","LB-DIST-BD3D8FEE18DD","","Kousba","كوسبا","كوسبا","SRC-NATIONAL-VILLAGE-MANIFEST","32137","Kousba","كوسبا","","","exact-pcode","ADM3_PCODE=32137","1","accepted","none","owner-review-pending","2026-08-06T08:11:43.434Z","Exact stable ADM3_PCODE mapping; owner approval remains pending"
"LB-XW-293AE9C890D9","LB-LOC-32149","LB-LOC-32149","32149","LB-GOV-43F853BBB592","LB-DIST-BD3D8FEE18DD","","Majdel el-Koura","مجدل الكورة","مجدل الكورة","SRC-NATIONAL-VILLAGE-MANIFEST","32149","Majdel el-Koura","مجدل الكورة","","","exact-pcode","ADM3_PCODE=32149","1","accepted","none","owner-review-pending","2026-08-06T08:11:43.434Z","Exact stable ADM3_PCODE mapping; owner approval remains pending"
"LB-XW-4252E79D6A69","LB-LOC-32191","LB-LOC-32191","32191","LB-GOV-43F853BBB592","LB-DIST-BD3D8FEE18DD","","Nakhleh","نخلة","نخلة","SRC-NATIONAL-VILLAGE-MANIFEST","32191","Nakhleh","نخلة","","","exact-pcode","ADM3_PCODE=32191","1","accepted","none","owner-review-pending","2026-08-06T08:11:43.434Z","Exact stable ADM3_PCODE mapping; owner approval remains pending"
"LB-XW-06E745C50F12","LB-LOC-32171","LB-LOC-32171","32171","LB-GOV-43F853BBB592","LB-DIST-BD3D8FEE18DD","","Qalhat","قلحات","قلحات","SRC-NATIONAL-VILLAGE-MANIFEST","32171","Qalhat","قلحات","","","exact-pcode","ADM3_PCODE=32171","1","accepted","none","owner-review-pending","2026-08-06T08:11:43.434Z","Exact stable ADM3_PCODE mapping; owner approval remains pending"
"LB-XW-62EC53C20C14","LB-LOC-32185","LB-LOC-32185","32185","LB-GOV-43F853BBB592","LB-DIST-BD3D8FEE18DD","","Ras Masqa","راس مسقا الجنوبية","راس مسقا الجنوبية","SRC-NATIONAL-VILLAGE-MANIFEST","32185","Ras Masqa","راس مسقا الجنوبية","","","exact-pcode","ADM3_PCODE=32185","1","accepted","none","owner-review-pending","2026-08-06T08:11:43.434Z","Exact stable ADM3_PCODE mapping; owner approval remains pending"
"LB-XW-6A4B56E57176","LB-LOC-32139","LB-LOC-32139","32139","LB-GOV-43F853BBB592","LB-DIST-BD3D8FEE18DD","","Rechdibbine","رشدبين","رشدبين","SRC-NATIONAL-VILLAGE-MANIFEST","32139","Rechdibbine","رشدبين","","","exact-pcode","ADM3_PCODE=32139","1","accepted","none","owner-review-pending","2026-08-06T08:11:43.434Z","Exact stable ADM3_PCODE mapping; owner approval remains pending"
"LB-XW-EF81057BF04D","LB-LOC-32175","LB-LOC-32175","32175","LB-GOV-43F853BBB592","LB-DIST-BD3D8FEE18DD","","Zakroun","زكرون","زكرون","SRC-NATIONAL-VILLAGE-MANIFEST","32175","Zakroun","زكرون","","","exact-pcode","ADM3_PCODE=32175","1","accepted","none","owner-review-pending","2026-08-06T08:11:43.434Z","Exact stable ADM3_PCODE mapping; owner approval remains pending"
"LB-XW-36B6F0EDB258","LB-LOC-32195","LB-LOC-32195","32195","LB-GOV-43F853BBB592","LB-DIST-BD3D8FEE18DD","","Zgharta El-Mtaouile","زغرتا المتاولة","زغرتا المتاولة","SRC-NATIONAL-VILLAGE-MANIFEST","32195","Zgharta El-Mtaouile","زغرتا المتاولة","","","exact-pcode","ADM3_PCODE=32195","1","accepted","none","owner-review-pending","2026-08-06T08:11:43.434Z","Exact stable ADM3_PCODE mapping; owner approval remains pending"
"LB-XW-799C2C9BBCAA","LB-LOC-37333","LB-LOC-37333","37333","LB-GOV-43F853BBB592","LB-DIST-B7EBD77EABB8","","Aain Et-Tineh-Miniyeh","عين التينه المنيه","عين التينه المنيه","SRC-NATIONAL-VILLAGE-MANIFEST","37333","Aain Et-Tineh-Miniyeh","عين التينه المنيه","","","exact-pcode","ADM3_PCODE=37333","1","accepted","none","owner-review-pending","2026-08-06T08:11:43.434Z","Exact stable ADM3_PCODE mapping; owner approval remains pending"
"LB-XW-5353AB1613E0","LB-LOC-37362","LB-LOC-37362","37362","LB-GOV-43F853BBB592","LB-DIST-B7EBD77EABB8","","Aasaymout","عصيموت","عصيموت","SRC-NATIONAL-VILLAGE-MANIFEST","37362","Aasaymout","عصيموت","","","exact-pcode","ADM3_PCODE=37362","1","accepted","none","owner-review-pending","2026-08-06T08:11:43.434Z","Exact stable ADM3_PCODE mapping; owner approval remains pending"
"LB-XW-8AB8720FD4DB","LB-LOC-37313","LB-LOC-37313","37313","LB-GOV-43F853BBB592","LB-DIST-B7EBD77EABB8","","Aassoun","عاصون","عاصون","SRC-NATIONAL-VILLAGE-MANIFEST","37313","Aassoun","عاصون","","","exact-pcode","ADM3_PCODE=37313","1","accepted","none","owner-review-pending","2026-08-06T08:11:43.434Z","Exact stable ADM3_PCODE mapping; owner approval remains pending"
"LB-XW-E6794EF598AD","LB-LOC-37367","LB-LOC-37367","37367","LB-GOV-43F853BBB592","LB-DIST-B7EBD77EABB8","","Aaymar","عيمر","عيمر","SRC-NATIONAL-VILLAGE-MANIFEST","37367","Aaymar","عيمر","","","exact-pcode","ADM3_PCODE=37367","1","accepted","none","owner-review-pending","2026-08-06T08:11:43.434Z","Exact stable ADM3_PCODE mapping; owner approval remains pending"
"LB-XW-6DBD9AF17B58","LB-LOC-37361","LB-LOC-37361","37361","LB-GOV-43F853BBB592","LB-DIST-B7EBD77EABB8","","Aazqai","عزقي","عزقي","SRC-NATIONAL-VILLAGE-MANIFEST","37361","Aazqai","عزقي","","","exact-pcode","ADM3_PCODE=37361","1","accepted","none","owner-review-pending","2026-08-06T08:11:43.434Z","Exact stable ADM3_PCODE mapping; owner approval remains pending"
"LB-XW-F908B647F426","LB-LOC-37391","LB-LOC-37391","37391","LB-GOV-43F853BBB592","LB-DIST-B7EBD77EABB8","","Bakhaaoun","بخعون","بخعون","SRC-NATIONAL-VILLAGE-MANIFEST","37391","Bakhaaoun","بخعون","","","exact-pcode","ADM3_PCODE=37391","1","accepted","none","owner-review-pending","2026-08-06T08:11:43.434Z","Exact stable ADM3_PCODE mapping; owner approval remains pending"
"LB-XW-84A78BE08B8A","LB-LOC-37379","LB-LOC-37379","37379","LB-GOV-43F853BBB592","LB-DIST-B7EBD77EABB8","","Bechehhara","بشحارة","بشحارة","SRC-NATIONAL-VILLAGE-MANIFEST","37379","Bechehhara","بشحارة","","","exact-pcode","ADM3_PCODE=37379","1","accepted","none","owner-review-pending","2026-08-06T08:11:43.434Z","Exact stable ADM3_PCODE mapping; owner approval remains pending"
"LB-XW-65835F797AE4","LB-LOC-37359","LB-LOC-37359","37359","LB-GOV-43F853BBB592","LB-DIST-B7EBD77EABB8","","Bechnnata","بشناتا","بشناتا","SRC-NATIONAL-VILLAGE-MANIFEST","37359","Bechnnata","بشناتا","","","exact-pcode","ADM3_PCODE=37359","1","accepted","none","owner-review-pending","2026-08-06T08:11:43.434Z","Exact stable ADM3_PCODE mapping; owner approval remains pending"
"LB-XW-278FA9459112","LB-LOC-37231","LB-LOC-37231","37231","LB-GOV-43F853BBB592","LB-DIST-B7EBD77EABB8","","Beddaoui","بداوي","بداوي","SRC-NATIONAL-VILLAGE-MANIFEST","37231","Beddaoui","بداوي","","","exact-pcode","ADM3_PCODE=37231","1","accepted","none","owner-review-pending","2026-08-06T08:11:43.434Z","Exact stable ADM3_PCODE mapping; owner approval remains pending"
"LB-XW-F3D774074704","LB-LOC-37371","LB-LOC-37371","37371","LB-GOV-43F853BBB592","LB-DIST-B7EBD77EABB8","","Behouaita","بحويتا","بحويتا","SRC-NATIONAL-VILLAGE-MANIFEST","37371","Behouaita","بحويتا","","","exact-pcode","ADM3_PCODE=37371","1","accepted","none","owner-review-pending","2026-08-06T08:11:43.434Z","Exact stable ADM3_PCODE mapping; owner approval remains pending"
"LB-XW-D4E106B43DF9","LB-LOC-37329","LB-LOC-37329","37329","LB-GOV-43F853BBB592","LB-DIST-B7EBD77EABB8","","Beit El-Faqs","بيت الفقس","بيت الفقس","SRC-NATIONAL-VILLAGE-MANIFEST","37329","Beit El-Faqs","بيت الفقس","","","exact-pcode","ADM3_PCODE=37329","1","accepted","none","owner-review-pending","2026-08-06T08:11:43.434Z","Exact stable ADM3_PCODE mapping; owner approval remains pending"
"LB-XW-9B1D13D2D3B3","LB-LOC-37357","LB-LOC-37357","37357","LB-GOV-43F853BBB592","LB-DIST-B7EBD77EABB8","","Beit Haouik","بيت حاويك","بيت حاويك","SRC-NATIONAL-VILLAGE-MANIFEST","37357","Beit Haouik","بيت حاويك","","","exact-pcode","ADM3_PCODE=37357","1","accepted","none","owner-review-pending","2026-08-06T08:11:43.434Z","Exact stable ADM3_PCODE mapping; owner approval remains pending"
"LB-XW-AFD812C24AFD","LB-LOC-37349","LB-LOC-37349","37349","LB-GOV-43F853BBB592","LB-DIST-B7EBD77EABB8","","Beit Zoud","بيت زود","بيت زود","SRC-NATIONAL-VILLAGE-MANIFEST","37349","Beit Zoud","بيت زود","","","exact-pcode","ADM3_PCODE=37349","1","accepted","none","owner-review-pending","2026-08-06T08:11:43.434Z","Exact stable ADM3_PCODE mapping; owner approval remains pending"
"LB-XW-B7C96139A1A0","LB-LOC-37251","LB-LOC-37251","37251","LB-GOV-43F853BBB592","LB-DIST-B7EBD77EABB8","","Borj El-Yahoudiyeh","برج اليهودية","برج اليهودية","SRC-NATIONAL-VILLAGE-MANIFEST","37251","Borj El-Yahoudiyeh","برج اليهودية","","","exact-pcode","ADM3_PCODE=37251","1","accepted","none","owner-review-pending","2026-08-06T08:11:43.434Z","Exact stable ADM3_PCODE mapping; owner approval remains pending"
"LB-XW-E6193D80079C","LB-LOC-37317","LB-LOC-37317","37317","LB-GOV-43F853BBB592","LB-DIST-B7EBD77EABB8","","Bqaa Sefrine","بقاع صفرين","بقاع صفرين","SRC-NATIONAL-VILLAGE-MANIFEST","37317","Bqaa Sefrine","بقاع صفرين","","","exact-pcode","ADM3_PCODE=37317","1","accepted","none","owner-review-pending","2026-08-06T08:11:43.434Z","Exact stable ADM3_PCODE mapping; owner approval remains pending"
"LB-XW-119AFF099147","LB-LOC-37319","LB-LOC-37319","37319","LB-GOV-43F853BBB592","LB-DIST-B7EBD77EABB8","","Bqarsouna","بقرصونه","بقرصونه","SRC-NATIONAL-VILLAGE-MANIFEST","37319","Bqarsouna","بقرصونه","","","exact-pcode","ADM3_PCODE=37319","1","accepted","none","owner-review-pending","2026-08-06T08:11:43.434Z","Exact stable ADM3_PCODE mapping; owner approval remains pending"
"LB-XW-0C0D0A69EAB4","LB-LOC-37343","LB-LOC-37343","37343","LB-GOV-43F853BBB592","LB-DIST-B7EBD77EABB8","","Btermaz","بطرماز","بطرماز","SRC-NATIONAL-VILLAGE-MANIFEST","37343","Btermaz","بطرماز","","","exact-pcode","ADM3_PCODE=37343","1","accepted","none","owner-review-pending","2026-08-06T08:11:43.434Z","Exact stable ADM3_PCODE mapping; owner approval remains pending"
"LB-XW-B68C61052AE9","LB-LOC-37356","LB-LOC-37356","37356","LB-GOV-43F853BBB592","LB-DIST-B7EBD77EABB8","","Debaael","دبعل المنيه","دبعل المنيه","SRC-NATIONAL-VILLAGE-MANIFEST","37356","Debaael","دبعل المنيه","","","exact-pcode","ADM3_PCODE=37356","1","accepted","none","owner-review-pending","2026-08-06T08:11:43.434Z","Exact stable ADM3_PCODE mapping; owner approval remains pending"
"LB-XW-F42CF0737A01","LB-LOC-37241","LB-LOC-37241","37241","LB-GOV-43F853BBB592","LB-DIST-B7EBD77EABB8","","Deir Aammar","دير عمار","دير عمار","SRC-NATIONAL-VILLAGE-MANIFEST","37241","Deir Aammar","دير عمار","","","exact-pcode","ADM3_PCODE=37241","1","accepted","none","owner-review-pending","2026-08-06T08:11:43.434Z","Exact stable ADM3_PCODE mapping; owner approval remains pending"
"LB-XW-B782B8F35789","LB-LOC-37377","LB-LOC-37377","37377","LB-GOV-43F853BBB592","LB-DIST-B7EBD77EABB8","","Deir Nbouh","دير نبوح","دير نبوح","SRC-NATIONAL-VILLAGE-MANIFEST","37377","Deir Nbouh","دير نبوح","","","exact-pcode","ADM3_PCODE=37377","1","accepted","none","owner-review-pending","2026-08-06T08:11:43.434Z","Exact stable ADM3_PCODE mapping; owner approval remains pending"
"LB-XW-27BEE8FEE2AC","LB-LOC-37355","LB-LOC-37355","37355","LB-GOV-43F853BBB592","LB-DIST-B7EBD77EABB8","","Haouaret-Miniyeh","حوارة","حوارة","SRC-NATIONAL-VILLAGE-MANIFEST","37355","Haouaret-Miniyeh","حوارة","","","exact-pcode","ADM3_PCODE=37355","1","accepted","none","owner-review-pending","2026-08-06T08:11:43.434Z","Exact stable ADM3_PCODE mapping; owner approval remains pending"
"LB-XW-2053136B8651","LB-LOC-37327","LB-LOC-37327","37327","LB-GOV-43F853BBB592","LB-DIST-B7EBD77EABB8","","Haql el Aazimeh","حقل العزيمة","حقل العزيمة","SRC-NATIONAL-VILLAGE-MANIFEST","37327","Haql el Aazimeh","حقل العزيمة","","","exact-pcode","ADM3_PCODE=37327","1","accepted","none","owner-review-pending","2026-08-06T08:11:43.434Z","Exact stable ADM3_PCODE mapping; owner approval remains pending"
"LB-XW-E087A8C64084","LB-LOC-37345","LB-LOC-37345","37345","LB-GOV-43F853BBB592","LB-DIST-B7EBD77EABB8","","Harf Es-Sayad","حرف السياد","حرف السياد","SRC-NATIONAL-VILLAGE-MANIFEST","37345","Harf Es-Sayad","حرف السياد","","","exact-pcode","ADM3_PCODE=37345","1","accepted","none","owner-review-pending","2026-08-06T08:11:43.434Z","Exact stable ADM3_PCODE mapping; owner approval remains pending"
"LB-XW-1535BB204F02","LB-LOC-37321","LB-LOC-37321","37321","LB-GOV-43F853BBB592","LB-DIST-B7EBD77EABB8","","Hazmiyet-Miniyeh","حازمية المنيه","حازمية المنيه","SRC-NATIONAL-VILLAGE-MANIFEST","37321","Hazmiyet-Miniyeh","حازمية المنيه","","","exact-pcode","ADM3_PCODE=37321","1","accepted","none","owner-review-pending","2026-08-06T08:11:43.434Z","Exact stable ADM3_PCODE mapping; owner approval remains pending"
"LB-XW-8F089E516AF6","LB-LOC-37341","LB-LOC-37341","37341","LB-GOV-43F853BBB592","LB-DIST-B7EBD77EABB8","","Izal","إيزال","ايزال","SRC-NATIONAL-VILLAGE-MANIFEST","37341","Izal","إيزال","","","exact-pcode","ADM3_PCODE=37341","1","accepted","none","owner-review-pending","2026-08-06T08:11:43.434Z","Exact stable ADM3_PCODE mapping; owner approval remains pending"
"LB-XW-A7C5C0352C8B","LB-LOC-37375","LB-LOC-37375","37375","LB-GOV-43F853BBB592","LB-DIST-B7EBD77EABB8","","Jarjour","جرجور","جرجور","SRC-NATIONAL-VILLAGE-MANIFEST","37375","Jarjour","جرجور","","","exact-pcode","ADM3_PCODE=37375","1","accepted","none","owner-review-pending","2026-08-06T08:11:43.434Z","Exact stable ADM3_PCODE mapping; owner approval remains pending"
"LB-XW-3A79AA299286","LB-LOC-37358","LB-LOC-37358","37358","LB-GOV-43F853BBB592","LB-DIST-B7EBD77EABB8","","Jayroun","جيرون","جيرون","SRC-NATIONAL-VILLAGE-MANIFEST","37358","Jayroun","جيرون","","","exact-pcode","ADM3_PCODE=37358","1","accepted","none","owner-review-pending","2026-08-06T08:11:43.434Z","Exact stable ADM3_PCODE mapping; owner approval remains pending"
"LB-XW-59614DD5D08B","LB-LOC-37373","LB-LOC-37373","37373","LB-GOV-43F853BBB592","LB-DIST-B7EBD77EABB8","","Kahf El-Malloul","كفَ الملول","كف الملول","SRC-NATIONAL-VILLAGE-MANIFEST","37373","Kahf El-Malloul","كفَ الملول","","","exact-pcode","ADM3_PCODE=37373","1","accepted","none","owner-review-pending","2026-08-06T08:11:43.434Z","Exact stable ADM3_PCODE mapping; owner approval remains pending"
"LB-XW-B335901B62A1","LB-LOC-37347","LB-LOC-37347","37347","LB-GOV-43F853BBB592","LB-DIST-B7EBD77EABB8","","Karm El-Mohr","كرم المهر","كرم المهر","SRC-NATIONAL-VILLAGE-MANIFEST","37347","Karm El-Mohr","كرم المهر","","","exact-pcode","ADM3_PCODE=37347","1","accepted","none","owner-review-pending","2026-08-06T08:11:43.434Z","Exact stable ADM3_PCODE mapping; owner approval remains pending"
"LB-XW-876A719BCD5C","LB-LOC-37395","LB-LOC-37395","37395","LB-GOV-43F853BBB592","LB-DIST-B7EBD77EABB8","","Kfar Bibnine","كفر ببنين","كفر ببنين","SRC-NATIONAL-VILLAGE-MANIFEST","37395","Kfar Bibnine","كفر ببنين","","","exact-pcode","ADM3_PCODE=37395","1","accepted","none","owner-review-pending","2026-08-06T08:11:43.434Z","Exact stable ADM3_PCODE mapping; owner approval remains pending"
"LB-XW-D3FE04916592","LB-LOC-37363","LB-LOC-37363","37363","LB-GOV-43F853BBB592","LB-DIST-B7EBD77EABB8","","Kfar Chellane","كفر شلان","كفر شلان","SRC-NATIONAL-VILLAGE-MANIFEST","37363","Kfar Chellane","كفر شلان","","","exact-pcode","ADM3_PCODE=37363","1","accepted","none","owner-review-pending","2026-08-06T08:11:43.434Z","Exact stable ADM3_PCODE mapping; owner approval remains pending"
"LB-XW-A0043FD24055","LB-LOC-37365","LB-LOC-37365","37365","LB-GOV-43F853BBB592","LB-DIST-B7EBD77EABB8","","Kfar Habou","كفر حبو","كفر حبو","SRC-NATIONAL-VILLAGE-MANIFEST","37365","Kfar Habou","كفر حبو","","","exact-pcode","ADM3_PCODE=37365","1","accepted","none","owner-review-pending","2026-08-06T08:11:43.434Z","Exact stable ADM3_PCODE mapping; owner approval remains pending"
"LB-XW-441BAEE0753B","LB-LOC-37335","LB-LOC-37335","37335","LB-GOV-43F853BBB592","LB-DIST-B7EBD77EABB8","","Kharroub-Miniyeh","خرنوب المنيه","خرنوب المنيه","SRC-NATIONAL-VILLAGE-MANIFEST","37335","Kharroub-Miniyeh","خرنوب المنيه","","","exact-pcode","ADM3_PCODE=37335","1","accepted","none","owner-review-pending","2026-08-06T08:11:43.434Z","Exact stable ADM3_PCODE mapping; owner approval remains pending"
"LB-XW-697BC786E5E2","LB-LOC-37389","LB-LOC-37389","37389","LB-GOV-43F853BBB592","LB-DIST-B7EBD77EABB8","","Mazraat El-Kreme","مزرعة الكريم","مزرعة الكريم","SRC-NATIONAL-VILLAGE-MANIFEST","37389","Mazraat El-Kreme","مزرعة الكريم","","","exact-pcode","ADM3_PCODE=37389","1","accepted","none","owner-review-pending","2026-08-06T08:11:43.434Z","Exact stable ADM3_PCODE mapping; owner approval remains pending"
"LB-XW-C5C8774B0756","LB-LOC-37314","LB-LOC-37314","37314","LB-GOV-43F853BBB592","LB-DIST-B7EBD77EABB8","","Mazraat Ketrane","مزرعة كتران","مزرعة كتران","SRC-NATIONAL-VILLAGE-MANIFEST","37314","Mazraat Ketrane","مزرعة كتران","","","exact-pcode","ADM3_PCODE=37314","1","accepted","none","owner-review-pending","2026-08-06T08:11:43.434Z","Exact stable ADM3_PCODE mapping; owner approval remains pending"
"LB-XW-85CFE3B95633","LB-LOC-37381","LB-LOC-37381","37381","LB-GOV-43F853BBB592","LB-DIST-B7EBD77EABB8","","Merkebta","مركبتا","مركبتا","SRC-NATIONAL-VILLAGE-MANIFEST","37381","Merkebta","مركبتا","","","exact-pcode","ADM3_PCODE=37381","1","accepted","none","owner-review-pending","2026-08-06T08:11:43.434Z","Exact stable ADM3_PCODE mapping; owner approval remains pending"
"LB-XW-4F07A7FAB75F","LB-LOC-37325","LB-LOC-37325","37325","LB-GOV-43F853BBB592","LB-DIST-B7EBD77EABB8","","Mimrine","نمرين","نمرين","SRC-NATIONAL-VILLAGE-MANIFEST","37325","Mimrine","نمرين","","","exact-pcode","ADM3_PCODE=37325","1","accepted","none","owner-review-pending","2026-08-06T08:11:43.434Z","Exact stable ADM3_PCODE mapping; owner approval remains pending"
"LB-XW-7FBDF608D17F","LB-LOC-37271","LB-LOC-37271","37271","LB-GOV-43F853BBB592","LB-DIST-B7EBD77EABB8","","Minie","المنيه","المنيه","SRC-NATIONAL-VILLAGE-MANIFEST","37271","Minie","المنيه","","","exact-pcode","ADM3_PCODE=37271","1","accepted","none","owner-review-pending","2026-08-06T08:11:43.434Z","Exact stable ADM3_PCODE mapping; owner approval remains pending"
"LB-XW-7A6597F85D3C","LB-LOC-37331","LB-LOC-37331","37331","LB-GOV-43F853BBB592","LB-DIST-B7EBD77EABB8","","Mrah Es-Sfire","مراح السفيرة","مراح السفيرة","SRC-NATIONAL-VILLAGE-MANIFEST","37331","Mrah Es-Sfire","مراح السفيرة","","","exact-pcode","ADM3_PCODE=37331","1","accepted","none","owner-review-pending","2026-08-06T08:11:43.434Z","Exact stable ADM3_PCODE mapping; owner approval remains pending"
"LB-XW-7C19149B4738","LB-LOC-37351","LB-LOC-37351","37351","LB-GOV-43F853BBB592","LB-DIST-B7EBD77EABB8","","Mrah Es-Srayj","مراح السريج","مراح السريج","SRC-NATIONAL-VILLAGE-MANIFEST","37351","Mrah Es-Srayj","مراح السريج","","","exact-pcode","ADM3_PCODE=37351","1","accepted","none","owner-review-pending","2026-08-06T08:11:43.434Z","Exact stable ADM3_PCODE mapping; owner approval remains pending"
"LB-XW-2BD3654CA924","LB-LOC-37385","LB-LOC-37385","37385","LB-GOV-43F853BBB592","LB-DIST-B7EBD77EABB8","","Mrebbine","مربين","مربين","SRC-NATIONAL-VILLAGE-MANIFEST","37385","Mrebbine","مربين","","","exact-pcode","ADM3_PCODE=37385","1","accepted","none","owner-review-pending","2026-08-06T08:11:43.434Z","Exact stable ADM3_PCODE mapping; owner approval remains pending"
"LB-XW-A441393DDE3A","LB-LOC-37261","LB-LOC-37261","37261","LB-GOV-43F853BBB592","LB-DIST-B7EBD77EABB8","","Nabi Youcheaa","النبي يوشع","النبي يوشع","SRC-NATIONAL-VILLAGE-MANIFEST","37261","Nabi Youcheaa","النبي يوشع","","","exact-pcode","ADM3_PCODE=37261","1","accepted","none","owner-review-pending","2026-08-06T08:11:43.434Z","Exact stable ADM3_PCODE mapping; owner approval remains pending"
"LB-XW-48639F72F4E9","LB-LOC-37360","LB-LOC-37360","37360","LB-GOV-43F853BBB592","LB-DIST-B7EBD77EABB8","","Qarhaiya","قرحيا","قرحيا","SRC-NATIONAL-VILLAGE-MANIFEST","37360","Qarhaiya","قرحيا","","","exact-pcode","ADM3_PCODE=37360","1","accepted","none","owner-review-pending","2026-08-06T08:11:43.434Z","Exact stable ADM3_PCODE mapping; owner approval remains pending"
"LB-XW-48D2B2885382","LB-LOC-37383","LB-LOC-37383","37383","LB-GOV-43F853BBB592","LB-DIST-B7EBD77EABB8","","Qarne","القرن","القرن","SRC-NATIONAL-VILLAGE-MANIFEST","37383","Qarne","القرن","","","exact-pcode","ADM3_PCODE=37383","1","accepted","none","owner-review-pending","2026-08-06T08:11:43.434Z","Exact stable ADM3_PCODE mapping; owner approval remains pending"
"LB-XW-A229E0517A9C","LB-LOC-37339","LB-LOC-37339","37339","LB-GOV-43F853BBB592","LB-DIST-B7EBD77EABB8","","Qarsaita","قرصيتا","قرصيتا","SRC-NATIONAL-VILLAGE-MANIFEST","37339","Qarsaita","قرصيتا","","","exact-pcode","ADM3_PCODE=37339","1","accepted","none","owner-review-pending","2026-08-06T08:11:43.434Z","Exact stable ADM3_PCODE mapping; owner approval remains pending"
"LB-XW-CE5161D79071","LB-LOC-37315","LB-LOC-37315","37315","LB-GOV-43F853BBB592","LB-DIST-B7EBD77EABB8","","Qattineh-Miniyeh","القطين المنيه","القطين المنيه","SRC-NATIONAL-VILLAGE-MANIFEST","37315","Qattineh-Miniyeh","القطين المنيه","","","exact-pcode","ADM3_PCODE=37315","1","accepted","none","owner-review-pending","2026-08-06T08:11:43.434Z","Exact stable ADM3_PCODE mapping; owner approval remains pending"
"LB-XW-6C62F4E6B04B","LB-LOC-37344","LB-LOC-37344","37344","LB-GOV-43F853BBB592","LB-DIST-B7EBD77EABB8","","Qemmamine","قمامين","قمامين","SRC-NATIONAL-VILLAGE-MANIFEST","37344","Qemmamine","قمامين","","","exact-pcode","ADM3_PCODE=37344","1","accepted","none","owner-review-pending","2026-08-06T08:11:43.434Z","Exact stable ADM3_PCODE mapping; owner approval remains pending"
"LB-XW-2646C30FF4C3","LB-LOC-37353","LB-LOC-37353","37353","LB-GOV-43F853BBB592","LB-DIST-B7EBD77EABB8","","Qraine","قرين","قرين","SRC-NATIONAL-VILLAGE-MANIFEST","37353","Qraine","قرين","","","exact-pcode","ADM3_PCODE=37353","1","accepted","none","owner-review-pending","2026-08-06T08:11:43.434Z","Exact stable ADM3_PCODE mapping; owner approval remains pending"
"LB-XW-65E0D3F4163F","LB-LOC-37382","LB-LOC-37382","37382","LB-GOV-43F853BBB592","LB-DIST-B7EBD77EABB8","","Raouda-Aadoua","روضه المنيه","روضه المنيه","SRC-NATIONAL-VILLAGE-MANIFEST","37382","Raouda-Aadoua","روضه المنيه","","","exact-pcode","ADM3_PCODE=37382","1","accepted","none","owner-review-pending","2026-08-06T08:11:43.434Z","Exact stable ADM3_PCODE mapping; owner approval remains pending"
"LB-XW-FCDC82138B3C","LB-LOC-37281","LB-LOC-37281","37281","LB-GOV-43F853BBB592","LB-DIST-B7EBD77EABB8","","Rihaniyet-Miniyeh","ريحانيه المنيه","ريحانيه المنيه","SRC-NATIONAL-VILLAGE-MANIFEST","37281","Rihaniyet-Miniyeh","ريحانيه المنيه","","","exact-pcode","ADM3_PCODE=37281","1","accepted","none","owner-review-pending","2026-08-06T08:11:43.434Z","Exact stable ADM3_PCODE mapping; owner approval remains pending"
"LB-XW-F70870C30897","LB-LOC-37337","LB-LOC-37337","37337","LB-GOV-43F853BBB592","LB-DIST-B7EBD77EABB8","","Sfireh","سفيرة","سفيرة","SRC-NATIONAL-VILLAGE-MANIFEST","37337","Sfireh","سفيرة","","","exact-pcode","ADM3_PCODE=37337","1","accepted","none","owner-review-pending","2026-08-06T08:11:43.434Z","Exact stable ADM3_PCODE mapping; owner approval remains pending"
"LB-XW-2612685DA36C","LB-LOC-37311","LB-LOC-37311","37311","LB-GOV-43F853BBB592","LB-DIST-B7EBD77EABB8","","Sir Ed-Danniyeh","سير الضنية","سير الضنية","SRC-NATIONAL-VILLAGE-MANIFEST","37311","Sir Ed-Danniyeh","سير الضنية","","","exact-pcode","ADM3_PCODE=37311","1","accepted","none","owner-review-pending","2026-08-06T08:11:43.434Z","Exact stable ADM3_PCODE mapping; owner approval remains pending"
"LB-XW-0A3BAC561AAD","LB-LOC-37323","LB-LOC-37323","37323","LB-GOV-43F853BBB592","LB-DIST-B7EBD77EABB8","","Tarane","طاران","طاران","SRC-NATIONAL-VILLAGE-MANIFEST","37323","Tarane","طاران","","","exact-pcode","ADM3_PCODE=37323","1","accepted","none","owner-review-pending","2026-08-06T08:11:43.434Z","Exact stable ADM3_PCODE mapping; owner approval remains pending"
"LB-XW-65325C049352","LB-LOC-37387","LB-LOC-37387","37387","LB-GOV-43F853BBB592","LB-DIST-B7EBD77EABB8","","Terbol-Miniyeh","تربل المنيه","تربل المنيه","SRC-NATIONAL-VILLAGE-MANIFEST","37387","Terbol-Miniyeh","تربل المنيه","","","exact-pcode","ADM3_PCODE=37387","1","accepted","none","owner-review-pending","2026-08-06T08:11:43.434Z","Exact stable ADM3_PCODE mapping; owner approval remains pending"
"LB-XW-EA405581D343","LB-LOC-37369","LB-LOC-37369","37369","LB-GOV-43F853BBB592","LB-DIST-B7EBD77EABB8","","Zaghartaghrine","زغرتغرين","زغرتغرين","SRC-NATIONAL-VILLAGE-MANIFEST","37369","Zaghartaghrine","زغرتغرين","","","exact-pcode","ADM3_PCODE=37369","1","accepted","none","owner-review-pending","2026-08-06T08:11:43.434Z","Exact stable ADM3_PCODE mapping; owner approval remains pending"
"LB-XW-F8A600BBEF1B","LB-LOC-37291","LB-LOC-37291","37291","LB-GOV-43F853BBB592","LB-DIST-B7EBD77EABB8","","Zouq Bhannine","ذوق بحنين","ذوق بحنين","SRC-NATIONAL-VILLAGE-MANIFEST","37291","Zouq Bhannine","ذوق بحنين","","","exact-pcode","ADM3_PCODE=37291","1","accepted","none","owner-review-pending","2026-08-06T08:11:43.434Z","Exact stable ADM3_PCODE mapping; owner approval remains pending"
"LB-XW-F8C11C44CA44","LB-LOC-31186","LB-LOC-31186","31186","LB-GOV-43F853BBB592","LB-DIST-772E83319A6C","","Mina Jardin","بساتين المينا","بساتين المينا","SRC-NATIONAL-VILLAGE-MANIFEST","31186","Mina Jardin","بساتين المينا","","","exact-pcode","ADM3_PCODE=31186","1","accepted","none","owner-review-pending","2026-08-06T08:11:43.434Z","Exact stable ADM3_PCODE mapping; owner approval remains pending"
"LB-XW-9DFA1FC8852A","LB-LOC-31171","LB-LOC-31171","31171","LB-GOV-43F853BBB592","LB-DIST-772E83319A6C","","Mina N:1","مينا طرابلس 1","مينا طرابلس 1","SRC-NATIONAL-VILLAGE-MANIFEST","31171","Mina N:1","مينا طرابلس 1","","","exact-pcode","ADM3_PCODE=31171","1","accepted","none","owner-review-pending","2026-08-06T08:11:43.434Z","Exact stable ADM3_PCODE mapping; owner approval remains pending"
"LB-XW-43950F5C1B3B","LB-LOC-31176","LB-LOC-31176","31176","LB-GOV-43F853BBB592","LB-DIST-772E83319A6C","","Mina N:2","مينا طرابلس 2","مينا طرابلس 2","SRC-NATIONAL-VILLAGE-MANIFEST","31176","Mina N:2","مينا طرابلس 2","","","exact-pcode","ADM3_PCODE=31176","1","accepted","none","owner-review-pending","2026-08-06T08:11:43.434Z","Exact stable ADM3_PCODE mapping; owner approval remains pending"
"LB-XW-826198D2AED2","LB-LOC-31181","LB-LOC-31181","31181","LB-GOV-43F853BBB592","LB-DIST-772E83319A6C","","Mina N:3","المينا","المينا","SRC-NATIONAL-VILLAGE-MANIFEST","31181","Mina N:3","المينا","","","exact-pcode","ADM3_PCODE=31181","1","accepted","none","owner-review-pending","2026-08-06T08:11:43.434Z","Exact stable ADM3_PCODE mapping; owner approval remains pending"
"LB-XW-4E7838EEAADE","LB-LOC-31221","LB-LOC-31221","31221","LB-GOV-43F853BBB592","LB-DIST-772E83319A6C","","Qalamoun","القلمون","القلمون","SRC-NATIONAL-VILLAGE-MANIFEST","31221","Qalamoun","القلمون","","","exact-pcode","ADM3_PCODE=31221","1","accepted","none","owner-review-pending","2026-08-06T08:11:43.434Z","Exact stable ADM3_PCODE mapping; owner approval remains pending"
"LB-XW-AE244118DA92","LB-LOC-31146","LB-LOC-31146","31146","LB-GOV-43F853BBB592","LB-DIST-772E83319A6C","","Trablous El Hadid","الحديد","الحديد","SRC-NATIONAL-VILLAGE-MANIFEST","31146","Trablous El Hadid","الحديد","","","exact-pcode","ADM3_PCODE=31146","1","accepted","none","owner-review-pending","2026-08-06T08:11:43.434Z","Exact stable ADM3_PCODE mapping; owner approval remains pending"
"LB-XW-F1250606B9C2","LB-LOC-31131","LB-LOC-31131","31131","LB-GOV-43F853BBB592","LB-DIST-772E83319A6C","","Trablous El Mhatra","المهاترة","المهاترة","SRC-NATIONAL-VILLAGE-MANIFEST","31131","Trablous El Mhatra","المهاترة","","","exact-pcode","ADM3_PCODE=31131","1","accepted","none","owner-review-pending","2026-08-06T08:11:43.434Z","Exact stable ADM3_PCODE mapping; owner approval remains pending"
"LB-XW-DF9980B265ED","LB-LOC-31116","LB-LOC-31116","31116","LB-GOV-43F853BBB592","LB-DIST-772E83319A6C","","Trablous El-Haddadine, El-Hadid, El-Mharta","الحدادين","الحدادين","SRC-NATIONAL-VILLAGE-MANIFEST","31116","Trablous El-Haddadine, El-Hadid, El-Mharta","الحدادين","","","exact-pcode","ADM3_PCODE=31116","1","accepted","none","owner-review-pending","2026-08-06T08:11:43.434Z","Exact stable ADM3_PCODE mapping; owner approval remains pending"
"LB-XW-EF24FB9C2F48","LB-LOC-31151","LB-LOC-31151","31151","LB-GOV-43F853BBB592","LB-DIST-772E83319A6C","","Trablous El-Qobbe","القبة","القبة","SRC-NATIONAL-VILLAGE-MANIFEST","31151","Trablous El-Qobbe","القبة","","","exact-pcode","ADM3_PCODE=31151","1","accepted","none","owner-review-pending","2026-08-06T08:11:43.434Z","Exact stable ADM3_PCODE mapping; owner approval remains pending"
"LB-XW-8BB1FD5CA1BD","LB-LOC-31126","LB-LOC-31126","31126","LB-GOV-43F853BBB592","LB-DIST-772E83319A6C","","Trablous En-Nouri","النوري","النوري","SRC-NATIONAL-VILLAGE-MANIFEST","31126","Trablous En-Nouri","النوري","","","exact-pcode","ADM3_PCODE=31126","1","accepted","none","owner-review-pending","2026-08-06T08:11:43.434Z","Exact stable ADM3_PCODE mapping; owner approval remains pending"
"LB-XW-C42ADA030060","LB-LOC-31136","LB-LOC-31136","31136","LB-GOV-43F853BBB592","LB-DIST-772E83319A6C","","Trablous Er-Remmaneh","الرمانة","الرمانة","SRC-NATIONAL-VILLAGE-MANIFEST","31136","Trablous Er-Remmaneh","الرمانة","","","exact-pcode","ADM3_PCODE=31136","1","accepted","none","owner-review-pending","2026-08-06T08:11:43.434Z","Exact stable ADM3_PCODE mapping; owner approval remains pending"
"LB-XW-438651E06114","LB-LOC-31141","LB-LOC-31141","31141","LB-GOV-43F853BBB592","LB-DIST-772E83319A6C","","Trablous Es-Souayqa","السويقة","السويقة","SRC-NATIONAL-VILLAGE-MANIFEST","31141","Trablous Es-Souayqa","السويقة","","","exact-pcode","ADM3_PCODE=31141","1","accepted","none","owner-review-pending","2026-08-06T08:11:43.434Z","Exact stable ADM3_PCODE mapping; owner approval remains pending"
"LB-XW-38A9D77D78BE","LB-LOC-31161","LB-LOC-31161","31161","LB-GOV-43F853BBB592","LB-DIST-772E83319A6C","","Trablous et Tabbaneh","التبانة","التبانة","SRC-NATIONAL-VILLAGE-MANIFEST","31161","Trablous et Tabbaneh","التبانة","","","exact-pcode","ADM3_PCODE=31161","1","accepted","none","owner-review-pending","2026-08-06T08:11:43.434Z","Exact stable ADM3_PCODE mapping; owner approval remains pending"
"LB-XW-E73587898A54","LB-LOC-31121","LB-LOC-31121","31121","LB-GOV-43F853BBB592","LB-DIST-772E83319A6C","","Trablous Et-Tell","التل","التل","SRC-NATIONAL-VILLAGE-MANIFEST","31121","Trablous Et-Tell","التل","","","exact-pcode","ADM3_PCODE=31121","1","accepted","none","owner-review-pending","2026-08-06T08:11:43.434Z","Exact stable ADM3_PCODE mapping; owner approval remains pending"
"LB-XW-05BF4101D821","LB-LOC-31156","LB-LOC-31156","31156","LB-GOV-43F853BBB592","LB-DIST-772E83319A6C","","Trablous Ez-Zahrieh","الزاهرية","الزاهرية","SRC-NATIONAL-VILLAGE-MANIFEST","31156","Trablous Ez-Zahrieh","الزاهرية","","","exact-pcode","ADM3_PCODE=31156","1","accepted","none","owner-review-pending","2026-08-06T08:11:43.434Z","Exact stable ADM3_PCODE mapping; owner approval remains pending"
"LB-XW-017BB0881833","LB-LOC-31111","LB-LOC-31111","31111","LB-GOV-43F853BBB592","LB-DIST-772E83319A6C","","Trablous Ez-Zeitoun","طرابلس الزيتون","طرابلس الزيتون","SRC-NATIONAL-VILLAGE-MANIFEST","31111","Trablous Ez-Zeitoun","طرابلس الزيتون","","","exact-pcode","ADM3_PCODE=31111","1","accepted","none","owner-review-pending","2026-08-06T08:11:43.434Z","Exact stable ADM3_PCODE mapping; owner approval remains pending"
"LB-XW-DC1EAB2012B5","LB-LOC-31166","LB-LOC-31166","31166","LB-GOV-43F853BBB592","LB-DIST-772E83319A6C","","Trablous jardins","بساتين طرابلس","بساتين طرابلس","SRC-NATIONAL-VILLAGE-MANIFEST","31166","Trablous jardins","بساتين طرابلس","","","exact-pcode","ADM3_PCODE=31166","1","accepted","none","owner-review-pending","2026-08-06T08:11:43.434Z","Exact stable ADM3_PCODE mapping; owner approval remains pending"
"LB-XW-89CBCD34106E","LB-LOC-33267","LB-LOC-33267","33267","LB-GOV-43F853BBB592","LB-DIST-954B9B3A451B","","Aachach","عشاش","عشاش","SRC-NATIONAL-VILLAGE-MANIFEST","33267","Aachach","عشاش","","","exact-pcode","ADM3_PCODE=33267","1","accepted","none","owner-review-pending","2026-08-06T08:11:43.434Z","Exact stable ADM3_PCODE mapping; owner approval remains pending"
"LB-XW-9445B9A14B61","LB-LOC-33133","LB-LOC-33133","33133","LB-GOV-43F853BBB592","LB-DIST-954B9B3A451B","","Aalma","علما","علما","SRC-NATIONAL-VILLAGE-MANIFEST","33133","Aalma","علما","","","exact-pcode","ADM3_PCODE=33133","1","accepted","none","owner-review-pending","2026-08-06T08:11:43.434Z","Exact stable ADM3_PCODE mapping; owner approval remains pending"
"LB-XW-782EF9E0C259","LB-LOC-33227","LB-LOC-33227","33227","LB-GOV-43F853BBB592","LB-DIST-954B9B3A451B","","Aarbet Qozhaiya","عربة قزحيا","عربة قزحيا","SRC-NATIONAL-VILLAGE-MANIFEST","33227","Aarbet Qozhaiya","عربة قزحيا","","","exact-pcode","ADM3_PCODE=33227","1","accepted","none","owner-review-pending","2026-08-06T08:11:43.434Z","Exact stable ADM3_PCODE mapping; owner approval remains pending"
"LB-XW-14C8D727D8A2","LB-LOC-33113","LB-LOC-33113","33113","LB-GOV-43F853BBB592","LB-DIST-954B9B3A451B","","Aardat","عردات","عردات","SRC-NATIONAL-VILLAGE-MANIFEST","33113","Aardat","عردات","","","exact-pcode","ADM3_PCODE=33113","1","accepted","none","owner-review-pending","2026-08-06T08:11:43.434Z","Exact stable ADM3_PCODE mapping; owner approval remains pending"
"LB-XW-93D8004CA6D3","LB-LOC-33161","LB-LOC-33161","33161","LB-GOV-43F853BBB592","LB-DIST-954B9B3A451B","","Aarjis","عرجس","عرجس","SRC-NATIONAL-VILLAGE-MANIFEST","33161","Aarjis","عرجس","","","exact-pcode","ADM3_PCODE=33161","1","accepted","none","owner-review-pending","2026-08-06T08:11:43.434Z","Exact stable ADM3_PCODE mapping; owner approval remains pending"
"LB-XW-897674E20ECD","LB-LOC-33219","LB-LOC-33219","33219","LB-GOV-43F853BBB592","LB-DIST-954B9B3A451B","","Aintourine","عينطورين","عينطورين","SRC-NATIONAL-VILLAGE-MANIFEST","33219","Aintourine","عينطورين","","","exact-pcode","ADM3_PCODE=33219","1","accepted","none","owner-review-pending","2026-08-06T08:11:43.434Z","Exact stable ADM3_PCODE mapping; owner approval remains pending"
"LB-XW-6D5A181DB384","LB-LOC-33123","LB-LOC-33123","33123","LB-GOV-43F853BBB592","LB-DIST-954B9B3A451B","","Arde","أرده","ارده","SRC-NATIONAL-VILLAGE-MANIFEST","33123","Arde","أرده","","","exact-pcode","ADM3_PCODE=33123","1","accepted","none","owner-review-pending","2026-08-06T08:11:43.434Z","Exact stable ADM3_PCODE mapping; owner approval remains pending"
"LB-XW-E0CB609C48B4","LB-LOC-33125","LB-LOC-33125","33125","LB-GOV-43F853BBB592","LB-DIST-954B9B3A451B","","Asnoun","اصنون","اصنون","SRC-NATIONAL-VILLAGE-MANIFEST","33125","Asnoun","اصنون","","","exact-pcode","ADM3_PCODE=33125","1","accepted","none","owner-review-pending","2026-08-06T08:11:43.434Z","Exact stable ADM3_PCODE mapping; owner approval remains pending"
"LB-XW-86E4AA688EBB","LB-LOC-33243","LB-LOC-33243","33243","LB-GOV-43F853BBB592","LB-DIST-954B9B3A451B","","Ayto","أيطو","ايطو","SRC-NATIONAL-VILLAGE-MANIFEST","33243","Ayto","أيطو","","","exact-pcode","ADM3_PCODE=33243","1","accepted","none","owner-review-pending","2026-08-06T08:11:43.434Z","Exact stable ADM3_PCODE mapping; owner approval remains pending"
"LB-XW-5C7780C2DEAB","LB-LOC-33157","LB-LOC-33157","33157","LB-GOV-43F853BBB592","LB-DIST-954B9B3A451B","","Bchannine","بشنين","بشنين","SRC-NATIONAL-VILLAGE-MANIFEST","33157","Bchannine","بشنين","","","exact-pcode","ADM3_PCODE=33157","1","accepted","none","owner-review-pending","2026-08-06T08:11:43.434Z","Exact stable ADM3_PCODE mapping; owner approval remains pending"
"LB-XW-6B78A1259DAD","LB-LOC-33215","LB-LOC-33215","33215","LB-GOV-43F853BBB592","LB-DIST-954B9B3A451B","","Beslouqit","بسلوقيت","بسلوقيت","SRC-NATIONAL-VILLAGE-MANIFEST","33215","Beslouqit","بسلوقيت","","","exact-pcode","ADM3_PCODE=33215","1","accepted","none","owner-review-pending","2026-08-06T08:11:43.434Z","Exact stable ADM3_PCODE mapping; owner approval remains pending"
"LB-XW-97DFE6FF5756","LB-LOC-33239","LB-LOC-33239","33239","LB-GOV-43F853BBB592","LB-DIST-954B9B3A451B","","Bhairet Toula","بحيرة تولا","بحيرة تولا","SRC-NATIONAL-VILLAGE-MANIFEST","33239","Bhairet Toula","بحيرة تولا","","","exact-pcode","ADM3_PCODE=33239","1","accepted","none","owner-review-pending","2026-08-06T08:11:43.434Z","Exact stable ADM3_PCODE mapping; owner approval remains pending"
"LB-XW-634264FE6453","LB-LOC-33159","LB-LOC-33159","33159","LB-GOV-43F853BBB592","LB-DIST-954B9B3A451B","","Bnechaai","بنشعي","بنشعي","SRC-NATIONAL-VILLAGE-MANIFEST","33159","Bnechaai","بنشعي","","","exact-pcode","ADM3_PCODE=33159","1","accepted","none","owner-review-pending","2026-08-06T08:11:43.434Z","Exact stable ADM3_PCODE mapping; owner approval remains pending"
"LB-XW-31ED58727294","LB-LOC-33279","LB-LOC-33279","33279","LB-GOV-43F853BBB592","LB-DIST-954B9B3A451B","","Boussit","بوسيط","بوسيط","SRC-NATIONAL-VILLAGE-MANIFEST","33279","Boussit","بوسيط","","","exact-pcode","ADM3_PCODE=33279","1","accepted","none","owner-review-pending","2026-08-06T08:11:43.434Z","Exact stable ADM3_PCODE mapping; owner approval remains pending"
"LB-XW-0AE758433FBE","LB-LOC-33149","LB-LOC-33149","33149","LB-GOV-43F853BBB592","LB-DIST-954B9B3A451B","","Bsebaal","بسبعل","بسبعل","SRC-NATIONAL-VILLAGE-MANIFEST","33149","Bsebaal","بسبعل","","","exact-pcode","ADM3_PCODE=33149","1","accepted","none","owner-review-pending","2026-08-06T08:11:43.434Z","Exact stable ADM3_PCODE mapping; owner approval remains pending"
"LB-XW-85825E091B31","LB-LOC-33263","LB-LOC-33263","33263","LB-GOV-43F853BBB592","LB-DIST-954B9B3A451B","","Danha","دنها","دنها","SRC-NATIONAL-VILLAGE-MANIFEST","33263","Danha","دنها","","","exact-pcode","ADM3_PCODE=33263","1","accepted","none","owner-review-pending","2026-08-06T08:11:43.434Z","Exact stable ADM3_PCODE mapping; owner approval remains pending"
"LB-XW-F67AC2376ACA","LB-LOC-33163","LB-LOC-33163","33163","LB-GOV-43F853BBB592","LB-DIST-954B9B3A451B","","Daraiya Zgharta","داريا","داريا","SRC-NATIONAL-VILLAGE-MANIFEST","33163","Daraiya Zgharta","داريا","","","exact-pcode","ADM3_PCODE=33163","1","accepted","none","owner-review-pending","2026-08-06T08:11:43.434Z","Exact stable ADM3_PCODE mapping; owner approval remains pending"
"LB-XW-47145FD8824A","LB-LOC-33137","LB-LOC-33137","33137","LB-GOV-43F853BBB592","LB-DIST-954B9B3A451B","","Deir Jdeide","الجديدة زغرتا","الجديدة زغرتا","SRC-NATIONAL-VILLAGE-MANIFEST","33137","Deir Jdeide","الجديدة زغرتا","","","exact-pcode","ADM3_PCODE=33137","1","accepted","none","owner-review-pending","2026-08-06T08:11:43.434Z","Exact stable ADM3_PCODE mapping; owner approval remains pending"
"LB-XW-FD89693137F2","LB-LOC-33211","LB-LOC-33211","33211","LB-GOV-43F853BBB592","LB-DIST-954B9B3A451B","","Ehden","اهدن","اهدن","SRC-NATIONAL-VILLAGE-MANIFEST","33211","Ehden","اهدن","","","exact-pcode","ADM3_PCODE=33211","1","accepted","none","owner-review-pending","2026-08-06T08:11:43.434Z","Exact stable ADM3_PCODE mapping; owner approval remains pending"
"LB-XW-D6835E88715A","LB-LOC-33275","LB-LOC-33275","33275","LB-GOV-43F853BBB592","LB-DIST-954B9B3A451B","","Hailan","حيلان زغرتا","حيلان زغرتا","SRC-NATIONAL-VILLAGE-MANIFEST","33275","Hailan","حيلان زغرتا","","","exact-pcode","ADM3_PCODE=33275","1","accepted","none","owner-review-pending","2026-08-06T08:11:43.434Z","Exact stable ADM3_PCODE mapping; owner approval remains pending"
"LB-XW-C64DD069E807","LB-LOC-33131","LB-LOC-33131","33131","LB-GOV-43F853BBB592","LB-DIST-954B9B3A451B","","Hariq Zgharta","حريق زغرتا","حريق زغرتا","SRC-NATIONAL-VILLAGE-MANIFEST","33131","Hariq Zgharta","حريق زغرتا","","","exact-pcode","ADM3_PCODE=33131","1","accepted","none","owner-review-pending","2026-08-06T08:11:43.434Z","Exact stable ADM3_PCODE mapping; owner approval remains pending"
"LB-XW-A3B7A4307048","LB-LOC-33152","LB-LOC-33152","33152","LB-GOV-43F853BBB592","LB-DIST-954B9B3A451B","","Houakir","حواكير","حواكير","SRC-NATIONAL-VILLAGE-MANIFEST","33152","Houakir","حواكير","","","exact-pcode","ADM3_PCODE=33152","1","accepted","none","owner-review-pending","2026-08-06T08:11:43.434Z","Exact stable ADM3_PCODE mapping; owner approval remains pending"
"LB-XW-BB06C09B7F5A","LB-LOC-33287","LB-LOC-33287","33287","LB-GOV-43F853BBB592","LB-DIST-954B9B3A451B","","Hraiqis","حريقص","حريقص","SRC-NATIONAL-VILLAGE-MANIFEST","33287","Hraiqis","حريقص","","","exact-pcode","ADM3_PCODE=33287","1","accepted","none","owner-review-pending","2026-08-06T08:11:43.434Z","Exact stable ADM3_PCODE mapping; owner approval remains pending"
"LB-XW-0E42F7E15A94","LB-LOC-33141","LB-LOC-33141","33141","LB-GOV-43F853BBB592","LB-DIST-954B9B3A451B","","Iaal","إيعال","ايعال","SRC-NATIONAL-VILLAGE-MANIFEST","33141","Iaal","إيعال","","","exact-pcode","ADM3_PCODE=33141","1","accepted","none","owner-review-pending","2026-08-06T08:11:43.434Z","Exact stable ADM3_PCODE mapping; owner approval remains pending"
"LB-XW-01FEF5B1FD83","LB-LOC-33291","LB-LOC-33291","33291","LB-GOV-43F853BBB592","LB-DIST-954B9B3A451B","","Ijbaa","اجبع","اجبع","SRC-NATIONAL-VILLAGE-MANIFEST","33291","Ijbaa","اجبع","","","exact-pcode","ADM3_PCODE=33291","1","accepted","none","owner-review-pending","2026-08-06T08:11:43.434Z","Exact stable ADM3_PCODE mapping; owner approval remains pending"
"LB-XW-E272D94BAE2F","LB-LOC-33169","LB-LOC-33169","33169","LB-GOV-43F853BBB592","LB-DIST-954B9B3A451B","","Karm Saddeh","كرم سده","كرم سده","SRC-NATIONAL-VILLAGE-MANIFEST","33169","Karm Saddeh","كرم سده","","","exact-pcode","ADM3_PCODE=33169","1","accepted","none","owner-review-pending","2026-08-06T08:11:43.434Z","Exact stable ADM3_PCODE mapping; owner approval remains pending"
"LB-XW-9F28257CEC87","LB-LOC-33147","LB-LOC-33147","33147","LB-GOV-43F853BBB592","LB-DIST-954B9B3A451B","","Kfarchakhna","كفر شخنا","كفر شخنا","SRC-NATIONAL-VILLAGE-MANIFEST","33147","Kfarchakhna","كفر شخنا","","","exact-pcode","ADM3_PCODE=33147","1","accepted","none","owner-review-pending","2026-08-06T08:11:43.434Z","Exact stable ADM3_PCODE mapping; owner approval remains pending"
"LB-XW-EF62D5EE879D","LB-LOC-33115","LB-LOC-33115","33115","LB-GOV-43F853BBB592","LB-DIST-954B9B3A451B","","Kfardlaqous","كفردلاقوس","كفردلاقوس","SRC-NATIONAL-VILLAGE-MANIFEST","33115","Kfardlaqous","كفردلاقوس","","","exact-pcode","ADM3_PCODE=33115","1","accepted","none","owner-review-pending","2026-08-06T08:11:43.434Z","Exact stable ADM3_PCODE mapping; owner approval remains pending"
"LB-XW-D79CFC756562","LB-LOC-33165","LB-LOC-33165","33165","LB-GOV-43F853BBB592","LB-DIST-954B9B3A451B","","Kfarfou","كفر فو","كفر فو","SRC-NATIONAL-VILLAGE-MANIFEST","33165","Kfarfou","كفر فو","","","exact-pcode","ADM3_PCODE=33165","1","accepted","none","owner-review-pending","2026-08-06T08:11:43.434Z","Exact stable ADM3_PCODE mapping; owner approval remains pending"
"LB-XW-9894209642DC","LB-LOC-33121","LB-LOC-33121","33121","LB-GOV-43F853BBB592","LB-DIST-954B9B3A451B","","Kfarhata Zgharta","كفر حاتا","كفر حاتا","SRC-NATIONAL-VILLAGE-MANIFEST","33121","Kfarhata Zgharta","كفر حاتا","","","exact-pcode","ADM3_PCODE=33121","1","accepted","none","owner-review-pending","2026-08-06T08:11:43.434Z","Exact stable ADM3_PCODE mapping; owner approval remains pending"
"LB-XW-938D3238E11F","LB-LOC-33143","LB-LOC-33143","33143","LB-GOV-43F853BBB592","LB-DIST-954B9B3A451B","","Kfarhoura","كفر حورا","كفر حورا","SRC-NATIONAL-VILLAGE-MANIFEST","33143","Kfarhoura","كفر حورا","","","exact-pcode","ADM3_PCODE=33143","1","accepted","none","owner-review-pending","2026-08-06T08:11:43.434Z","Exact stable ADM3_PCODE mapping; owner approval remains pending"
"LB-XW-C2768A78AB8C","LB-LOC-33223","LB-LOC-33223","33223","LB-GOV-43F853BBB592","LB-DIST-954B9B3A451B","","Kfarsghab","كفر صغاب","كفر صغاب","SRC-NATIONAL-VILLAGE-MANIFEST","33223","Kfarsghab","كفر صغاب","","","exact-pcode","ADM3_PCODE=33223","1","accepted","none","owner-review-pending","2026-08-06T08:11:43.434Z","Exact stable ADM3_PCODE mapping; owner approval remains pending"
"LB-XW-C35745B8A5BF","LB-LOC-33153","LB-LOC-33153","33153","LB-GOV-43F853BBB592","LB-DIST-954B9B3A451B","","Kfaryachit","كفر ياشيت","كفر ياشيت","SRC-NATIONAL-VILLAGE-MANIFEST","33153","Kfaryachit","كفر ياشيت","","","exact-pcode","ADM3_PCODE=33153","1","accepted","none","owner-review-pending","2026-08-06T08:11:43.434Z","Exact stable ADM3_PCODE mapping; owner approval remains pending"
"LB-XW-BEBFCA47D338","LB-LOC-33145","LB-LOC-33145","33145","LB-GOV-43F853BBB592","LB-DIST-954B9B3A451B","","Kfarzaina","كفر زينا","كفر زينا","SRC-NATIONAL-VILLAGE-MANIFEST","33145","Kfarzaina","كفر زينا","","","exact-pcode","ADM3_PCODE=33145","1","accepted","none","owner-review-pending","2026-08-06T08:11:43.434Z","Exact stable ADM3_PCODE mapping; owner approval remains pending"
"LB-XW-399197301315","LB-LOC-33139","LB-LOC-33139","33139","LB-GOV-43F853BBB592","LB-DIST-954B9B3A451B","","Khaldiyeh","خالدية","خالدية","SRC-NATIONAL-VILLAGE-MANIFEST","33139","Khaldiyeh","خالدية","","","exact-pcode","ADM3_PCODE=33139","1","accepted","none","owner-review-pending","2026-08-06T08:11:43.434Z","Exact stable ADM3_PCODE mapping; owner approval remains pending"
"LB-XW-BD337429D037","LB-LOC-33127","LB-LOC-33127","33127","LB-GOV-43F853BBB592","LB-DIST-954B9B3A451B","","Mazraat Ajbeaa","مزرعة إجبع","مزرعة اجبع","SRC-NATIONAL-VILLAGE-MANIFEST","33127","Mazraat Ajbeaa","مزرعة إجبع","","","exact-pcode","ADM3_PCODE=33127","1","accepted","none","owner-review-pending","2026-08-06T08:11:43.434Z","Exact stable ADM3_PCODE mapping; owner approval remains pending"
"LB-XW-069D1E9986C9","LB-LOC-33235","LB-LOC-33235","33235","LB-GOV-43F853BBB592","LB-DIST-954B9B3A451B","","Mazraat Et-Teffah","مزرعة التفاح","مزرعة التفاح","SRC-NATIONAL-VILLAGE-MANIFEST","33235","Mazraat Et-Teffah","مزرعة التفاح","","","exact-pcode","ADM3_PCODE=33235","1","accepted","none","owner-review-pending","2026-08-06T08:11:43.434Z","Exact stable ADM3_PCODE mapping; owner approval remains pending"
"LB-XW-ED36411ABC4C","LB-LOC-33135","LB-LOC-33135","33135","LB-GOV-43F853BBB592","LB-DIST-954B9B3A451B","","Mazraat Jnaid","مزرعة جنيد","مزرعة جنيد","SRC-NATIONAL-VILLAGE-MANIFEST","33135","Mazraat Jnaid","مزرعة جنيد","","","exact-pcode","ADM3_PCODE=33135","1","accepted","none","owner-review-pending","2026-08-06T08:11:43.434Z","Exact stable ADM3_PCODE mapping; owner approval remains pending"
"LB-XW-7BBB1DF5AC40","LB-LOC-33129","LB-LOC-33129","33129","LB-GOV-43F853BBB592","LB-DIST-954B9B3A451B","","Mejdlaiya Zgharta","مجدليا زغرتا","مجدليا زغرتا","SRC-NATIONAL-VILLAGE-MANIFEST","33129","Mejdlaiya Zgharta","مجدليا زغرتا","","","exact-pcode","ADM3_PCODE=33129","1","accepted","none","owner-review-pending","2026-08-06T08:11:43.434Z","Exact stable ADM3_PCODE mapping; owner approval remains pending"
"LB-XW-8ED030ACF6D5","LB-LOC-33271","LB-LOC-33271","33271","LB-GOV-43F853BBB592","LB-DIST-954B9B3A451B","","Miriata","مرياطا","مرياطا","SRC-NATIONAL-VILLAGE-MANIFEST","33271","Miriata","مرياطا","","","exact-pcode","ADM3_PCODE=33271","1","accepted","none","owner-review-pending","2026-08-06T08:11:43.434Z","Exact stable ADM3_PCODE mapping; owner approval remains pending"
"LB-XW-9783213D3FE7","LB-LOC-33251","LB-LOC-33251","33251","LB-GOV-43F853BBB592","LB-DIST-954B9B3A451B","","Miziara","مزيارة","مزيارة","SRC-NATIONAL-VILLAGE-MANIFEST","33251","Miziara","مزيارة","","","exact-pcode","ADM3_PCODE=33251","1","accepted","none","owner-review-pending","2026-08-06T08:11:43.434Z","Exact stable ADM3_PCODE mapping; owner approval remains pending"
"LB-XW-F50D6F56B40A","LB-LOC-33155","LB-LOC-33155","33155","LB-GOV-43F853BBB592","LB-DIST-954B9B3A451B","","Morh Kfarsghab","كفرصغاب","كفرصغاب","SRC-NATIONAL-VILLAGE-MANIFEST","33155","Morh Kfarsghab","كفرصغاب","","","exact-pcode","ADM3_PCODE=33155","1","accepted","none","owner-review-pending","2026-08-06T08:11:43.434Z","Exact stable ADM3_PCODE mapping; owner approval remains pending"
"LB-XW-166C6896F1D2","LB-LOC-33283","LB-LOC-33283","33283","LB-GOV-43F853BBB592","LB-DIST-954B9B3A451B","","Mzraat Kefraya","كفريا زغرتا","كفريا زغرتا","SRC-NATIONAL-VILLAGE-MANIFEST","33283","Mzraat Kefraya","كفريا زغرتا","","","exact-pcode","ADM3_PCODE=33283","1","accepted","none","owner-review-pending","2026-08-06T08:11:43.434Z","Exact stable ADM3_PCODE mapping; owner approval remains pending"
"LB-XW-04A2D6E9E271","LB-LOC-33119","LB-LOC-33119","33119","LB-GOV-43F853BBB592","LB-DIST-954B9B3A451B","","Qarah Bach","قره باش","قره باش","SRC-NATIONAL-VILLAGE-MANIFEST","33119","Qarah Bach","قره باش","","","exact-pcode","ADM3_PCODE=33119","1","accepted","none","owner-review-pending","2026-08-06T08:11:43.434Z","Exact stable ADM3_PCODE mapping; owner approval remains pending"
"LB-XW-8C0E7A73C61F","LB-LOC-33117","LB-LOC-33117","33117","LB-GOV-43F853BBB592","LB-DIST-954B9B3A451B","","Rachaaine","رشعين","رشعين","SRC-NATIONAL-VILLAGE-MANIFEST","33117","Rachaaine","رشعين","","","exact-pcode","ADM3_PCODE=33117","1","accepted","none","owner-review-pending","2026-08-06T08:11:43.434Z","Exact stable ADM3_PCODE mapping; owner approval remains pending"
"LB-XW-338E3D510E70","LB-LOC-33167","LB-LOC-33167","33167","LB-GOV-43F853BBB592","LB-DIST-954B9B3A451B","","Ras Kifa","راس كيفا","راس كيفا","SRC-NATIONAL-VILLAGE-MANIFEST","33167","Ras Kifa","راس كيفا","","","exact-pcode","ADM3_PCODE=33167","1","accepted","none","owner-review-pending","2026-08-06T08:11:43.434Z","Exact stable ADM3_PCODE mapping; owner approval remains pending"
"LB-XW-CCB0BFA54BCE","LB-LOC-33151","LB-LOC-33151","33151","LB-GOV-43F853BBB592","LB-DIST-954B9B3A451B","","Sakhra","صخرة","صخرة","SRC-NATIONAL-VILLAGE-MANIFEST","33151","Sakhra","صخرة","","","exact-pcode","ADM3_PCODE=33151","1","accepted","none","owner-review-pending","2026-08-06T08:11:43.434Z","Exact stable ADM3_PCODE mapping; owner approval remains pending"
"LB-XW-AED39E827486","LB-LOC-33259","LB-LOC-33259","33259","LB-GOV-43F853BBB592","LB-DIST-954B9B3A451B","","Sebaal Zgharta","سبعل زغرتا","سبعل زغرتا","SRC-NATIONAL-VILLAGE-MANIFEST","33259","Sebaal Zgharta","سبعل زغرتا","","","exact-pcode","ADM3_PCODE=33259","1","accepted","none","owner-review-pending","2026-08-06T08:11:43.434Z","Exact stable ADM3_PCODE mapping; owner approval remains pending"
"LB-XW-5FED3CC0DCFA","LB-LOC-33255","LB-LOC-33255","33255","LB-GOV-43F853BBB592","LB-DIST-954B9B3A451B","","Seraal","سرعيل","سرعيل","SRC-NATIONAL-VILLAGE-MANIFEST","33255","Seraal","سرعيل","","","exact-pcode","ADM3_PCODE=33255","1","accepted","none","owner-review-pending","2026-08-06T08:11:43.434Z","Exact stable ADM3_PCODE mapping; owner approval remains pending"
"LB-XW-638CE79605D3","LB-LOC-33171","LB-LOC-33171","33171","LB-GOV-43F853BBB592","LB-DIST-954B9B3A451B","","Tallet Zgharta","تلة زغرتا","تلة زغرتا","SRC-NATIONAL-VILLAGE-MANIFEST","33171","Tallet Zgharta","تلة زغرتا","","","exact-pcode","ADM3_PCODE=33171","1","accepted","none","owner-review-pending","2026-08-06T08:11:43.434Z","Exact stable ADM3_PCODE mapping; owner approval remains pending"
"LB-XW-A4102D61F085","LB-LOC-33231","LB-LOC-33231","33231","LB-GOV-43F853BBB592","LB-DIST-954B9B3A451B","","Toula Zgharta","تولا زغرتا","تولا زغرتا","SRC-NATIONAL-VILLAGE-MANIFEST","33231","Toula Zgharta","تولا زغرتا","","","exact-pcode","ADM3_PCODE=33231","1","accepted","none","owner-review-pending","2026-08-06T08:11:43.434Z","Exact stable ADM3_PCODE mapping; owner approval remains pending"
"LB-XW-EEBC4B4693F5","LB-LOC-33111","LB-LOC-33111","33111","LB-GOV-43F853BBB592","LB-DIST-954B9B3A451B","","Zgharta","زغرتا","زغرتا","SRC-NATIONAL-VILLAGE-MANIFEST","33111","Zgharta","زغرتا","","","exact-pcode","ADM3_PCODE=33111","1","accepted","none","owner-review-pending","2026-08-06T08:11:43.434Z","Exact stable ADM3_PCODE mapping; owner approval remains pending"
"LB-XW-7CE77DA2DE49","LB-LOC-63214","LB-LOC-63214","63214","LB-GOV-0DD2DAE4DD83","LB-DIST-24876D5E7CCD","","A'ain El-Mir (El Establ)","عين المير إسطبل","عين المير اسطبل","SRC-NATIONAL-VILLAGE-MANIFEST","63214","A'ain El-Mir (El Establ)","عين المير إسطبل","","","exact-pcode","ADM3_PCODE=63214","1","accepted","none","owner-review-pending","2026-08-06T08:11:43.434Z","Exact stable ADM3_PCODE mapping; owner approval remains pending"
"LB-XW-F016E9095501","LB-LOC-63311","LB-LOC-63311","63311","LB-GOV-0DD2DAE4DD83","LB-DIST-24876D5E7CCD","","Aaramta","عرمتى","عرمتي","SRC-NATIONAL-VILLAGE-MANIFEST","63311","Aaramta","عرمتى","","","exact-pcode","ADM3_PCODE=63311","1","accepted","none","owner-review-pending","2026-08-06T08:11:43.434Z","Exact stable ADM3_PCODE mapping; owner approval remains pending"
"LB-XW-F278B666CB3B","LB-LOC-63131","LB-LOC-63131","63131","LB-GOV-0DD2DAE4DD83","LB-DIST-24876D5E7CCD","","Aaray","عاريه","عاريه","SRC-NATIONAL-VILLAGE-MANIFEST","63131","Aaray","عاريه","","","exact-pcode","ADM3_PCODE=63131","1","accepted","none","owner-review-pending","2026-08-06T08:11:43.434Z","Exact stable ADM3_PCODE mapping; owner approval remains pending"
"LB-XW-F089CDD635DF","LB-LOC-63355","LB-LOC-63355","63355","LB-GOV-0DD2DAE4DD83","LB-DIST-24876D5E7CCD","","Aaychiyeh","عيشية","عيشية","SRC-NATIONAL-VILLAGE-MANIFEST","63355","Aaychiyeh","عيشية","","","exact-pcode","ADM3_PCODE=63355","1","accepted","none","owner-review-pending","2026-08-06T08:11:43.434Z","Exact stable ADM3_PCODE mapping; owner approval remains pending"
"LB-XW-E8B9FDAB539E","LB-LOC-63184","LB-LOC-63184","63184","LB-GOV-0DD2DAE4DD83","LB-DIST-24876D5E7CCD","","Aazour","عازور","عازور","SRC-NATIONAL-VILLAGE-MANIFEST","63184","Aazour","عازور","","","exact-pcode","ADM3_PCODE=63184","1","accepted","none","owner-review-pending","2026-08-06T08:11:43.434Z","Exact stable ADM3_PCODE mapping; owner approval remains pending"
"LB-XW-015994D03455","LB-LOC-63274","LB-LOC-63274","63274","LB-GOV-0DD2DAE4DD83","LB-DIST-24876D5E7CCD","","Anane","أنان","انان","SRC-NATIONAL-VILLAGE-MANIFEST","63274","Anane","أنان","","","exact-pcode","ADM3_PCODE=63274","1","accepted","none","owner-review-pending","2026-08-06T08:11:43.434Z","Exact stable ADM3_PCODE mapping; owner approval remains pending"
"LB-XW-423369FC7356","LB-LOC-63221","LB-LOC-63221","63221","LB-GOV-0DD2DAE4DD83","LB-DIST-24876D5E7CCD","","Bayssour Jezzine","بيصور جزين","بيصور جزين","SRC-NATIONAL-VILLAGE-MANIFEST","63221","Bayssour Jezzine","بيصور جزين","","","exact-pcode","ADM3_PCODE=63221","1","accepted","none","owner-review-pending","2026-08-06T08:11:43.434Z","Exact stable ADM3_PCODE mapping; owner approval remains pending"
"LB-XW-66632E26050D","LB-LOC-63174","LB-LOC-63174","63174","LB-GOV-0DD2DAE4DD83","LB-DIST-24876D5E7CCD","","Behbeh","بيبه","بيبه","SRC-NATIONAL-VILLAGE-MANIFEST","63174","Behbeh","بيبه","","","exact-pcode","ADM3_PCODE=63174","1","accepted","none","owner-review-pending","2026-08-06T08:11:43.434Z","Exact stable ADM3_PCODE mapping; owner approval remains pending"
"LB-XW-2A0C9E6EA141","LB-LOC-63144","LB-LOC-63144","63144","LB-GOV-0DD2DAE4DD83","LB-DIST-24876D5E7CCD","","Benouati Jezzine","بنواتي جزين","بنواتي جزين","SRC-NATIONAL-VILLAGE-MANIFEST","63144","Benouati Jezzine","بنواتي جزين","","","exact-pcode","ADM3_PCODE=63144","1","accepted","none","owner-review-pending","2026-08-06T08:11:43.434Z","Exact stable ADM3_PCODE mapping; owner approval remains pending"
"LB-XW-C3268915649A","LB-LOC-63181","LB-LOC-63181","63181","LB-GOV-0DD2DAE4DD83","LB-DIST-24876D5E7CCD","","Bhannine","بحنين","بحنين","SRC-NATIONAL-VILLAGE-MANIFEST","63181","Bhannine","بحنين","","","exact-pcode","ADM3_PCODE=63181","1","accepted","none","owner-review-pending","2026-08-06T08:11:43.434Z","Exact stable ADM3_PCODE mapping; owner approval remains pending"
"LB-XW-993AB1019253","LB-LOC-63191","LB-LOC-63191","63191","LB-GOV-0DD2DAE4DD83","LB-DIST-24876D5E7CCD","","Bisri","بسري","بسري","SRC-NATIONAL-VILLAGE-MANIFEST","63191","Bisri","بسري","","","exact-pcode","ADM3_PCODE=63191","1","accepted","none","owner-review-pending","2026-08-06T08:11:43.434Z","Exact stable ADM3_PCODE mapping; owner approval remains pending"
"LB-XW-EB92A36686BF","LB-LOC-63124","LB-LOC-63124","63124","LB-GOV-0DD2DAE4DD83","LB-DIST-24876D5E7CCD","","Bkassine","بكاسين","بكاسين","SRC-NATIONAL-VILLAGE-MANIFEST","63124","Bkassine","بكاسين","","","exact-pcode","ADM3_PCODE=63124","1","accepted","none","owner-review-pending","2026-08-06T08:11:43.434Z","Exact stable ADM3_PCODE mapping; owner approval remains pending"
"LB-XW-19C22C7F34B3","LB-LOC-63385","LB-LOC-63385","63385","LB-GOV-0DD2DAE4DD83","LB-DIST-24876D5E7CCD","","Bouslaya","بوصلايا","بوصلايا","SRC-NATIONAL-VILLAGE-MANIFEST","63385","Bouslaya","بوصلايا","","","exact-pcode","ADM3_PCODE=63385","1","accepted","none","owner-review-pending","2026-08-06T08:11:43.434Z","Exact stable ADM3_PCODE mapping; owner approval remains pending"
"LB-XW-97B28C90AEA4","LB-LOC-63151","LB-LOC-63151","63151","LB-GOV-0DD2DAE4DD83","LB-DIST-24876D5E7CCD","","Btedine El-Leqch","بتدين اللقش","بتدين اللقش","SRC-NATIONAL-VILLAGE-MANIFEST","63151","Btedine El-Leqch","بتدين اللقش","","","exact-pcode","ADM3_PCODE=63151","1","accepted","none","owner-review-pending","2026-08-06T08:11:43.434Z","Exact stable ADM3_PCODE mapping; owner approval remains pending"
"LB-XW-12E3235F6F72","LB-LOC-63347","LB-LOC-63347","63347","LB-GOV-0DD2DAE4DD83","LB-DIST-24876D5E7CCD","","Chbail","شبيل","شبيل","SRC-NATIONAL-VILLAGE-MANIFEST","63347","Chbail","شبيل","","","exact-pcode","ADM3_PCODE=63347","1","accepted","none","owner-review-pending","2026-08-06T08:11:43.434Z","Exact stable ADM3_PCODE mapping; owner approval remains pending"
"LB-XW-4172A1CCA72B","LB-LOC-63247","LB-LOC-63247","63247","LB-GOV-0DD2DAE4DD83","LB-DIST-24876D5E7CCD","","Choualiq Jezzine","شواليق جزين","شواليق جزين","SRC-NATIONAL-VILLAGE-MANIFEST","63247","Choualiq Jezzine","شواليق جزين","","","exact-pcode","ADM3_PCODE=63247","1","accepted","none","owner-review-pending","2026-08-06T08:11:43.434Z","Exact stable ADM3_PCODE mapping; owner approval remains pending"
"LB-XW-84651299A67F","LB-LOC-63257","LB-LOC-63257","63257","LB-GOV-0DD2DAE4DD83","LB-DIST-24876D5E7CCD","","Dahr Ed-Deir","ضهر الدير","ضهر الدير","SRC-NATIONAL-VILLAGE-MANIFEST","63257","Dahr Ed-Deir","ضهر الدير","","","exact-pcode","ADM3_PCODE=63257","1","accepted","none","owner-review-pending","2026-08-06T08:11:43.434Z","Exact stable ADM3_PCODE mapping; owner approval remains pending"
"LB-XW-DE484C6E2329","LB-LOC-63284","LB-LOC-63284","63284","LB-GOV-0DD2DAE4DD83","LB-DIST-24876D5E7CCD","","Deir El Qattine","دير قطِين","دير قطين","SRC-NATIONAL-VILLAGE-MANIFEST","63284","Deir El Qattine","دير قطِين","","","exact-pcode","ADM3_PCODE=63284","1","accepted","none","owner-review-pending","2026-08-06T08:11:43.434Z","Exact stable ADM3_PCODE mapping; owner approval remains pending"
"LB-XW-89297E453740","LB-LOC-63379","LB-LOC-63379","63379","LB-GOV-0DD2DAE4DD83","LB-DIST-24876D5E7CCD","","Demachqiyeh","دمشقية","دمشقية","SRC-NATIONAL-VILLAGE-MANIFEST","63379","Demachqiyeh","دمشقية","","","exact-pcode","ADM3_PCODE=63379","1","accepted","none","owner-review-pending","2026-08-06T08:11:43.434Z","Exact stable ADM3_PCODE mapping; owner approval remains pending"
"LB-XW-D7FA40A9C554","LB-LOC-63141","LB-LOC-63141","63141","LB-GOV-0DD2DAE4DD83","LB-DIST-24876D5E7CCD","","Ghabbatiyeh","غبَاطية","غباطية","SRC-NATIONAL-VILLAGE-MANIFEST","63141","Ghabbatiyeh","غبَاطية","","","exact-pcode","ADM3_PCODE=63141","1","accepted","none","owner-review-pending","2026-08-06T08:11:43.434Z","Exact stable ADM3_PCODE mapping; owner approval remains pending"
"LB-XW-1B1892F3B690","LB-LOC-63171","LB-LOC-63171","63171","LB-GOV-0DD2DAE4DD83","LB-DIST-24876D5E7CCD","","Harf Jezzine","الحرف","الحرف","SRC-NATIONAL-VILLAGE-MANIFEST","63171","Harf Jezzine","الحرف","","","exact-pcode","ADM3_PCODE=63171","1","accepted","none","owner-review-pending","2026-08-06T08:11:43.434Z","Exact stable ADM3_PCODE mapping; owner approval remains pending"
"LB-XW-5E22FC52A908","LB-LOC-63241","LB-LOC-63241","63241","LB-GOV-0DD2DAE4DD83","LB-DIST-24876D5E7CCD","","Hassaniyeh","حسانية","حسانية","SRC-NATIONAL-VILLAGE-MANIFEST","63241","Hassaniyeh","حسانية","","","exact-pcode","ADM3_PCODE=63241","1","accepted","none","owner-review-pending","2026-08-06T08:11:43.434Z","Exact stable ADM3_PCODE mapping; owner approval remains pending"
"LB-XW-367196E16ECD","LB-LOC-63224","LB-LOC-63224","63224","LB-GOV-0DD2DAE4DD83","LB-DIST-24876D5E7CCD","","Haytouleh","حيتوله","حيتوله","SRC-NATIONAL-VILLAGE-MANIFEST","63224","Haytouleh","حيتوله","","","exact-pcode","ADM3_PCODE=63224","1","accepted","none","owner-review-pending","2026-08-06T08:11:43.434Z","Exact stable ADM3_PCODE mapping; owner approval remains pending"
"LB-XW-AD6FA1505FDF","LB-LOC-63137","LB-LOC-63137","63137","LB-GOV-0DD2DAE4DD83","LB-DIST-24876D5E7CCD","","Haytoura","حيطورة","حيطورة","SRC-NATIONAL-VILLAGE-MANIFEST","63137","Haytoura","حيطورة","","","exact-pcode","ADM3_PCODE=63137","1","accepted","none","owner-review-pending","2026-08-06T08:11:43.434Z","Exact stable ADM3_PCODE mapping; owner approval remains pending"
"LB-XW-1F3599CCA9A3","LB-LOC-63281","LB-LOC-63281","63281","LB-GOV-0DD2DAE4DD83","LB-DIST-24876D5E7CCD","","Hidab","حيداب","حيداب","SRC-NATIONAL-VILLAGE-MANIFEST","63281","Hidab","حيداب","","","exact-pcode","ADM3_PCODE=63281","1","accepted","none","owner-review-pending","2026-08-06T08:11:43.434Z","Exact stable ADM3_PCODE mapping; owner approval remains pending"
"LB-XW-1A25FA70DD3E","LB-LOC-63127","LB-LOC-63127","63127","LB-GOV-0DD2DAE4DD83","LB-DIST-24876D5E7CCD","","Homsiyeh","حمصية","حمصية","SRC-NATIONAL-VILLAGE-MANIFEST","63127","Homsiyeh","حمصية","","","exact-pcode","ADM3_PCODE=63127","1","accepted","none","owner-review-pending","2026-08-06T08:11:43.434Z","Exact stable ADM3_PCODE mapping; owner approval remains pending"
"LB-XW-F46E16B4187B","LB-LOC-63164","LB-LOC-63164","63164","LB-GOV-0DD2DAE4DD83","LB-DIST-24876D5E7CCD","","Jabal Toura","جبل طوره","جبل طوره","SRC-NATIONAL-VILLAGE-MANIFEST","63164","Jabal Toura","جبل طوره","","","exact-pcode","ADM3_PCODE=63164","1","accepted","none","owner-review-pending","2026-08-06T08:11:43.434Z","Exact stable ADM3_PCODE mapping; owner approval remains pending"
"LB-XW-7AE9CDD4345D","LB-LOC-63375","LB-LOC-63375","63375","LB-GOV-0DD2DAE4DD83","LB-DIST-24876D5E7CCD","","Jarmaq","الجرمق","الجرمق","SRC-NATIONAL-VILLAGE-MANIFEST","63375","Jarmaq","الجرمق","","","exact-pcode","ADM3_PCODE=63375","1","accepted","none","owner-review-pending","2026-08-06T08:11:43.434Z","Exact stable ADM3_PCODE mapping; owner approval remains pending"
"LB-XW-19024CFE94A8","LB-LOC-63261","LB-LOC-63261","63261","LB-GOV-0DD2DAE4DD83","LB-DIST-24876D5E7CCD","","Jensnaya","جنسنايا","جنسنايا","SRC-NATIONAL-VILLAGE-MANIFEST","63261","Jensnaya","جنسنايا","","","exact-pcode","ADM3_PCODE=63261","1","accepted","none","owner-review-pending","2026-08-06T08:11:43.434Z","Exact stable ADM3_PCODE mapping; owner approval remains pending"
"LB-XW-772C75585679","LB-LOC-63294","LB-LOC-63294","63294","LB-GOV-0DD2DAE4DD83","LB-DIST-24876D5E7CCD","","Jernaya","جرنايا","جرنايا","SRC-NATIONAL-VILLAGE-MANIFEST","63294","Jernaya","جرنايا","","","exact-pcode","ADM3_PCODE=63294","1","accepted","none","owner-review-pending","2026-08-06T08:11:43.434Z","Exact stable ADM3_PCODE mapping; owner approval remains pending"
"LB-XW-22467033DEFC","LB-LOC-63111","LB-LOC-63111","63111","LB-GOV-0DD2DAE4DD83","LB-DIST-24876D5E7CCD","","Jezzine","جزين","جزين","SRC-NATIONAL-VILLAGE-MANIFEST","63111","Jezzine","جزين","","","exact-pcode","ADM3_PCODE=63111","1","accepted","none","owner-review-pending","2026-08-06T08:11:43.434Z","Exact stable ADM3_PCODE mapping; owner approval remains pending"
"LB-XW-B05EEFDBB5E1","LB-LOC-63244","LB-LOC-63244","63244","LB-GOV-0DD2DAE4DD83","LB-DIST-24876D5E7CCD","","Karkha","كرخا","كرخا","SRC-NATIONAL-VILLAGE-MANIFEST","63244","Karkha","كرخا","","","exact-pcode","ADM3_PCODE=63244","1","accepted","none","owner-review-pending","2026-08-06T08:11:43.434Z","Exact stable ADM3_PCODE mapping; owner approval remains pending"
"LB-XW-5A0CFCA773CE","LB-LOC-63211","LB-LOC-63211","63211","LB-GOV-0DD2DAE4DD83","LB-DIST-24876D5E7CCD","","Kfar Falous","كفرفالوس","كفرفالوس","SRC-NATIONAL-VILLAGE-MANIFEST","63211","Kfar Falous","كفرفالوس","","","exact-pcode","ADM3_PCODE=63211","1","accepted","none","owner-review-pending","2026-08-06T08:11:43.434Z","Exact stable ADM3_PCODE mapping; owner approval remains pending"
"LB-XW-9834C465C045","LB-LOC-63167","LB-LOC-63167","63167","LB-GOV-0DD2DAE4DD83","LB-DIST-24876D5E7CCD","","Kfar Houneh","كفرحون","كفرحون","SRC-NATIONAL-VILLAGE-MANIFEST","63167","Kfar Houneh","كفرحون","","","exact-pcode","ADM3_PCODE=63167","1","accepted","none","owner-review-pending","2026-08-06T08:11:43.434Z","Exact stable ADM3_PCODE mapping; owner approval remains pending"
"LB-XW-44221B7FDD38","LB-LOC-63267","LB-LOC-63267","63267","LB-GOV-0DD2DAE4DD83","LB-DIST-24876D5E7CCD","","Kfar Jarra","كفرجرا","كفرجرا","SRC-NATIONAL-VILLAGE-MANIFEST","63267","Kfar Jarra","كفرجرا","","","exact-pcode","ADM3_PCODE=63267","1","accepted","none","owner-review-pending","2026-08-06T08:11:43.434Z","Exact stable ADM3_PCODE mapping; owner approval remains pending"
"LB-XW-82518D08FBEE","LB-LOC-63227","LB-LOC-63227","63227","LB-GOV-0DD2DAE4DD83","LB-DIST-24876D5E7CCD","","Lebaa","لبعا","لبعا","SRC-NATIONAL-VILLAGE-MANIFEST","63227","Lebaa","لبعا","","","exact-pcode","ADM3_PCODE=63227","1","accepted","none","owner-review-pending","2026-08-06T08:11:43.434Z","Exact stable ADM3_PCODE mapping; owner approval remains pending"
"LB-XW-7C0CE71094E9","LB-LOC-63331","LB-LOC-63331","63331","LB-GOV-0DD2DAE4DD83","LB-DIST-24876D5E7CCD","","Louayzet Jezzine","لويزة جزين","لويزة جزين","SRC-NATIONAL-VILLAGE-MANIFEST","63331","Louayzet Jezzine","لويزة جزين","","","exact-pcode","ADM3_PCODE=63331","1","accepted","none","owner-review-pending","2026-08-06T08:11:43.434Z","Exact stable ADM3_PCODE mapping; owner approval remains pending"
"LB-XW-2928935DAC64","LB-LOC-63157","LB-LOC-63157","63157","LB-GOV-0DD2DAE4DD83","LB-DIST-24876D5E7CCD","","Machmoucheh","مشموشة","مشموشة","SRC-NATIONAL-VILLAGE-MANIFEST","63157","Machmoucheh","مشموشة","","","exact-pcode","ADM3_PCODE=63157","1","accepted","none","owner-review-pending","2026-08-06T08:11:43.434Z","Exact stable ADM3_PCODE mapping; owner approval remains pending"
"LB-XW-DBDAA35D34CA","LB-LOC-63371","LB-LOC-63371","63371","LB-GOV-0DD2DAE4DD83","LB-DIST-24876D5E7CCD","","Mahmoudiyeh Jezzine","محمودية جزين","محمودية جزين","SRC-NATIONAL-VILLAGE-MANIFEST","63371","Mahmoudiyeh Jezzine","محمودية جزين","","","exact-pcode","ADM3_PCODE=63371","1","accepted","none","owner-review-pending","2026-08-06T08:11:43.434Z","Exact stable ADM3_PCODE mapping; owner approval remains pending"
"LB-XW-62A9C225A0DA","LB-LOC-63147","LB-LOC-63147","63147","LB-GOV-0DD2DAE4DD83","LB-DIST-24876D5E7CCD","","Maknounet Jezzine","مكنونية","مكنونية","SRC-NATIONAL-VILLAGE-MANIFEST","63147","Maknounet Jezzine","مكنونية","","","exact-pcode","ADM3_PCODE=63147","1","accepted","none","owner-review-pending","2026-08-06T08:11:43.434Z","Exact stable ADM3_PCODE mapping; owner approval remains pending"
"LB-XW-1B0E5AF57253","LB-LOC-63359","LB-LOC-63359","63359","LB-GOV-0DD2DAE4DD83","LB-DIST-24876D5E7CCD","","Maraat Ouazaiyeh","اوزاعية","اوزاعية","SRC-NATIONAL-VILLAGE-MANIFEST","63359","Maraat Ouazaiyeh","اوزاعية","","","exact-pcode","ADM3_PCODE=63359","1","accepted","none","owner-review-pending","2026-08-06T08:11:43.434Z","Exact stable ADM3_PCODE mapping; owner approval remains pending"
"LB-XW-9B917939C2F3","LB-LOC-63323","LB-LOC-63323","63323","LB-GOV-0DD2DAE4DD83","LB-DIST-24876D5E7CCD","","Mazraat","مزرعة عقماتا","مزرعة عقماتا","SRC-NATIONAL-VILLAGE-MANIFEST","63323","Mazraat","مزرعة عقماتا","","","exact-pcode","ADM3_PCODE=63323","1","accepted","none","owner-review-pending","2026-08-06T08:11:43.434Z","Exact stable ADM3_PCODE mapping; owner approval remains pending"
"LB-XW-27CD228E0920","LB-LOC-63378","LB-LOC-63378","63378","LB-GOV-0DD2DAE4DD83","LB-DIST-24876D5E7CCD","","Mazraat Daraya","داريا جزين","داريا جزين","SRC-NATIONAL-VILLAGE-MANIFEST","63378","Mazraat Daraya","داريا جزين","","","exact-pcode","ADM3_PCODE=63378","1","accepted","none","owner-review-pending","2026-08-06T08:11:43.434Z","Exact stable ADM3_PCODE mapping; owner approval remains pending"
"LB-XW-7B35785346EF","LB-LOC-63367","LB-LOC-63367","63367","LB-GOV-0DD2DAE4DD83","LB-DIST-24876D5E7CCD","","Mazraat El-Aarqoub","مزرعة العرقوب","مزرعة العرقوب","SRC-NATIONAL-VILLAGE-MANIFEST","63367","Mazraat El-Aarqoub","مزرعة العرقوب","","","exact-pcode","ADM3_PCODE=63367","1","accepted","none","owner-review-pending","2026-08-06T08:11:43.434Z","Exact stable ADM3_PCODE mapping; owner approval remains pending"
"LB-XW-437113470D95","LB-LOC-63297","LB-LOC-63297","63297","LB-GOV-0DD2DAE4DD83","LB-DIST-24876D5E7CCD","","Mazraat El-Mathane","مزرعة المطحنة","مزرعة المطحنة","SRC-NATIONAL-VILLAGE-MANIFEST","63297","Mazraat El-Mathane","مزرعة المطحنة","","","exact-pcode","ADM3_PCODE=63297","1","accepted","none","owner-review-pending","2026-08-06T08:11:43.434Z","Exact stable ADM3_PCODE mapping; owner approval remains pending"
"LB-XW-7887C0F4E6E2","LB-LOC-63194","LB-LOC-63194","63194","LB-GOV-0DD2DAE4DD83","LB-DIST-24876D5E7CCD","","Mazraat Er-Rouhbane","مزرعة الرهبان","مزرعة الرهبان","SRC-NATIONAL-VILLAGE-MANIFEST","63194","Mazraat Er-Rouhbane","مزرعة الرهبان","","","exact-pcode","ADM3_PCODE=63194","1","accepted","none","owner-review-pending","2026-08-06T08:11:43.434Z","Exact stable ADM3_PCODE mapping; owner approval remains pending"
"LB-XW-4EC48A05D615","LB-LOC-63335","LB-LOC-63335","63335","LB-GOV-0DD2DAE4DD83","LB-DIST-24876D5E7CCD","","Mazraat Khallet Khazen","خلة خازن","خلة خازن","SRC-NATIONAL-VILLAGE-MANIFEST","63335","Mazraat Khallet Khazen","خلة خازن","","","exact-pcode","ADM3_PCODE=63335","1","accepted","none","owner-review-pending","2026-08-06T08:11:43.434Z","Exact stable ADM3_PCODE mapping; owner approval remains pending"
"LB-XW-662D351887AC","LB-LOC-63348","LB-LOC-63348","63348","LB-GOV-0DD2DAE4DD83","LB-DIST-24876D5E7CCD","","Mazraat Louzid (Louayziyeh)","مزرعة لوزيد","مزرعة لوزيد","SRC-NATIONAL-VILLAGE-MANIFEST","63348","Mazraat Louzid (Louayziyeh)","مزرعة لوزيد","","","exact-pcode","ADM3_PCODE=63348","1","accepted","none","owner-review-pending","2026-08-06T08:11:43.434Z","Exact stable ADM3_PCODE mapping; owner approval remains pending"
"LB-XW-AFFFAC7B5D6C","LB-LOC-63339","LB-LOC-63339","63339","LB-GOV-0DD2DAE4DD83","LB-DIST-24876D5E7CCD","","Mazraat Qrouh","قروح","قروح","SRC-NATIONAL-VILLAGE-MANIFEST","63339","Mazraat Qrouh","قروح","","","exact-pcode","ADM3_PCODE=63339","1","accepted","none","owner-review-pending","2026-08-06T08:11:43.434Z","Exact stable ADM3_PCODE mapping; owner approval remains pending"
"LB-XW-1CBD25324C97","LB-LOC-63383","LB-LOC-63383","63383","LB-GOV-0DD2DAE4DD83","LB-DIST-24876D5E7CCD","","Mazraat Tamra","مزرعة طمره","مزرعة طمره","SRC-NATIONAL-VILLAGE-MANIFEST","63383","Mazraat Tamra","مزرعة طمره","","","exact-pcode","ADM3_PCODE=63383","1","accepted","none","owner-review-pending","2026-08-06T08:11:43.434Z","Exact stable ADM3_PCODE mapping; owner approval remains pending"
"LB-XW-8A3F8EFE1A67","LB-LOC-63343","LB-LOC-63343","63343","LB-GOV-0DD2DAE4DD83","LB-DIST-24876D5E7CCD","","Mazraat Zighrine Jezzine","زغرين جزين","زغرين جزين","SRC-NATIONAL-VILLAGE-MANIFEST","63343","Mazraat Zighrine Jezzine","زغرين جزين","","","exact-pcode","ADM3_PCODE=63343","1","accepted","none","owner-review-pending","2026-08-06T08:11:43.434Z","Exact stable ADM3_PCODE mapping; owner approval remains pending"
"LB-XW-D07BF1F3EF99","LB-LOC-63231","LB-LOC-63231","63231","LB-GOV-0DD2DAE4DD83","LB-DIST-24876D5E7CCD","","Mharbiyeh","محاربية","محاربية","SRC-NATIONAL-VILLAGE-MANIFEST","63231","Mharbiyeh","محاربية","","","exact-pcode","ADM3_PCODE=63231","1","accepted","none","owner-review-pending","2026-08-06T08:11:43.434Z","Exact stable ADM3_PCODE mapping; owner approval remains pending"
"LB-XW-2BBF3FD53810","LB-LOC-63161","LB-LOC-63161","63161","LB-GOV-0DD2DAE4DD83","LB-DIST-24876D5E7CCD","","Midane Jezzine","ميدان","ميدان","SRC-NATIONAL-VILLAGE-MANIFEST","63161","Midane Jezzine","ميدان","","","exact-pcode","ADM3_PCODE=63161","1","accepted","none","owner-review-pending","2026-08-06T08:11:43.434Z","Exact stable ADM3_PCODE mapping; owner approval remains pending"
"LB-XW-725FD0897C2A","LB-LOC-63254","LB-LOC-63254","63254","LB-GOV-0DD2DAE4DD83","LB-DIST-24876D5E7CCD","","Mjaydel Jezzine","مجيدل","مجيدل","SRC-NATIONAL-VILLAGE-MANIFEST","63254","Mjaydel Jezzine","مجيدل","","","exact-pcode","ADM3_PCODE=63254","1","accepted","none","owner-review-pending","2026-08-06T08:11:43.434Z","Exact stable ADM3_PCODE mapping; owner approval remains pending"
"LB-XW-B07F40916DC7","LB-LOC-63315","LB-LOC-63315","63315","LB-GOV-0DD2DAE4DD83","LB-DIST-24876D5E7CCD","","Mlikh","مليخ","مليخ","SRC-NATIONAL-VILLAGE-MANIFEST","63315","Mlikh","مليخ","","","exact-pcode","ADM3_PCODE=63315","1","accepted","none","owner-review-pending","2026-08-06T08:11:43.434Z","Exact stable ADM3_PCODE mapping; owner approval remains pending"
"LB-XW-83E35D64A02C","LB-LOC-63217","LB-LOC-63217","63217","LB-GOV-0DD2DAE4DD83","LB-DIST-24876D5E7CCD","","Mrah El-Hbasse","مراح الحباس","مراح الحباس","SRC-NATIONAL-VILLAGE-MANIFEST","63217","Mrah El-Hbasse","مراح الحباس","","","exact-pcode","ADM3_PCODE=63217","1","accepted","none","owner-review-pending","2026-08-06T08:11:43.434Z","Exact stable ADM3_PCODE mapping; owner approval remains pending"
"LB-XW-EAA6FCC5F0BE","LB-LOC-63251","LB-LOC-63251","63251","LB-GOV-0DD2DAE4DD83","LB-DIST-24876D5E7CCD","","Ouadi Baanqoudaine","وادي بعنقودين","وادي بعنقودين","SRC-NATIONAL-VILLAGE-MANIFEST","63251","Ouadi Baanqoudaine","وادي بعنقودين","","","exact-pcode","ADM3_PCODE=63251","1","accepted","none","owner-review-pending","2026-08-06T08:11:43.434Z","Exact stable ADM3_PCODE mapping; owner approval remains pending"
"LB-XW-745045B7034C","LB-LOC-63234","LB-LOC-63234","63234","LB-GOV-0DD2DAE4DD83","LB-DIST-24876D5E7CCD","","Ouadi El-Laymoun","وادي الليمون","وادي الليمون","SRC-NATIONAL-VILLAGE-MANIFEST","63234","Ouadi El-Laymoun","وادي الليمون","","","exact-pcode","ADM3_PCODE=63234","1","accepted","none","owner-review-pending","2026-08-06T08:11:43.434Z","Exact stable ADM3_PCODE mapping; owner approval remains pending"
"LB-XW-26D1EF663D60","LB-LOC-63363","LB-LOC-63363","63363","LB-GOV-0DD2DAE4DD83","LB-DIST-24876D5E7CCD","","Ouardiyeh","وردية","وردية","SRC-NATIONAL-VILLAGE-MANIFEST","63363","Ouardiyeh","وردية","","","exact-pcode","ADM3_PCODE=63363","1","accepted","none","owner-review-pending","2026-08-06T08:11:43.434Z","Exact stable ADM3_PCODE mapping; owner approval remains pending"
"LB-XW-F0968B21F6B6","LB-LOC-63117","LB-LOC-63117","63117","LB-GOV-0DD2DAE4DD83","LB-DIST-24876D5E7CCD","","Qabaa Jezzine","قبع","قبع","SRC-NATIONAL-VILLAGE-MANIFEST","63117","Qabaa Jezzine","قبع","","","exact-pcode","ADM3_PCODE=63117","1","accepted","none","owner-review-pending","2026-08-06T08:11:43.434Z","Exact stable ADM3_PCODE mapping; owner approval remains pending"
"LB-XW-84835DF4D8BC","LB-LOC-63327","LB-LOC-63327","63327","LB-GOV-0DD2DAE4DD83","LB-DIST-24876D5E7CCD","","Qatrani","قطراني","قطراني","SRC-NATIONAL-VILLAGE-MANIFEST","63327","Qatrani","قطراني","","","exact-pcode","ADM3_PCODE=63327","1","accepted","none","owner-review-pending","2026-08-06T08:11:43.434Z","Exact stable ADM3_PCODE mapping; owner approval remains pending"
"LB-XW-904042667DF9","LB-LOC-63121","LB-LOC-63121","63121","LB-GOV-0DD2DAE4DD83","LB-DIST-24876D5E7CCD","","Qaytouleh","قيتولي","قيتولي","SRC-NATIONAL-VILLAGE-MANIFEST","63121","Qaytouleh","قيتولي","","","exact-pcode","ADM3_PCODE=63121","1","accepted","none","owner-review-pending","2026-08-06T08:11:43.434Z","Exact stable ADM3_PCODE mapping; owner approval remains pending"
"LB-XW-54D2A7AF2050","LB-LOC-63291","LB-LOC-63291","63291","LB-GOV-0DD2DAE4DD83","LB-DIST-24876D5E7CCD","","Qtaleh Jezzine","قتالة جزين","قتالة جزين","SRC-NATIONAL-VILLAGE-MANIFEST","63291","Qtaleh Jezzine","قتالة جزين","","","exact-pcode","ADM3_PCODE=63291","1","accepted","none","owner-review-pending","2026-08-06T08:11:43.434Z","Exact stable ADM3_PCODE mapping; owner approval remains pending"
"LB-XW-8A243FE82045","LB-LOC-63319","LB-LOC-63319","63319","LB-GOV-0DD2DAE4DD83","LB-DIST-24876D5E7CCD","","Rihane Jezzine","ريحانة جزين","ريحانة جزين","SRC-NATIONAL-VILLAGE-MANIFEST","63319","Rihane Jezzine","ريحانة جزين","","","exact-pcode","ADM3_PCODE=63319","1","accepted","none","owner-review-pending","2026-08-06T08:11:43.434Z","Exact stable ADM3_PCODE mapping; owner approval remains pending"
"LB-XW-C76F8E98D5FB","LB-LOC-63264","LB-LOC-63264","63264","LB-GOV-0DD2DAE4DD83","LB-DIST-24876D5E7CCD","","Rimat","ريمات","ريمات","SRC-NATIONAL-VILLAGE-MANIFEST","63264","Rimat","ريمات","","","exact-pcode","ADM3_PCODE=63264","1","accepted","none","owner-review-pending","2026-08-06T08:11:43.434Z","Exact stable ADM3_PCODE mapping; owner approval remains pending"
"LB-XW-E4D5197AAE3E","LB-LOC-63277","LB-LOC-63277","63277","LB-GOV-0DD2DAE4DD83","LB-DIST-24876D5E7CCD","","Roum","روم","روم","SRC-NATIONAL-VILLAGE-MANIFEST","63277","Roum","روم","","","exact-pcode","ADM3_PCODE=63277","1","accepted","none","owner-review-pending","2026-08-06T08:11:43.434Z","Exact stable ADM3_PCODE mapping; owner approval remains pending"
"LB-XW-F6F65B0913A1","LB-LOC-63154","LB-LOC-63154","63154","LB-GOV-0DD2DAE4DD83","LB-DIST-24876D5E7CCD","","Roummanet","رمانة","رمانة","SRC-NATIONAL-VILLAGE-MANIFEST","63154","Roummanet","رمانة","","","exact-pcode","ADM3_PCODE=63154","1","accepted","none","owner-review-pending","2026-08-06T08:11:43.434Z","Exact stable ADM3_PCODE mapping; owner approval remains pending"
"LB-XW-8557ADA341E0","LB-LOC-63134","LB-LOC-63134","63134","LB-GOV-0DD2DAE4DD83","LB-DIST-24876D5E7CCD","","Sabbah","صّباح","صباح","SRC-NATIONAL-VILLAGE-MANIFEST","63134","Sabbah","صّباح","","","exact-pcode","ADM3_PCODE=63134","1","accepted","none","owner-review-pending","2026-08-06T08:11:43.434Z","Exact stable ADM3_PCODE mapping; owner approval remains pending"
"LB-XW-37566C31C9AE","LB-LOC-63287","LB-LOC-63287","63287","LB-GOV-0DD2DAE4DD83","LB-DIST-24876D5E7CCD","","Sanaya","سنيَا","سنيا","SRC-NATIONAL-VILLAGE-MANIFEST","63287","Sanaya","سنيَا","","","exact-pcode","ADM3_PCODE=63287","1","accepted","none","owner-review-pending","2026-08-06T08:11:43.434Z","Exact stable ADM3_PCODE mapping; owner approval remains pending"
"LB-XW-F437C54A23F1","LB-LOC-63271","LB-LOC-63271","63271","LB-GOV-0DD2DAE4DD83","LB-DIST-24876D5E7CCD","","Saydoun","صيدون","صيدون","SRC-NATIONAL-VILLAGE-MANIFEST","63271","Saydoun","صيدون","","","exact-pcode","ADM3_PCODE=63271","1","accepted","none","owner-review-pending","2026-08-06T08:11:43.434Z","Exact stable ADM3_PCODE mapping; owner approval remains pending"
"LB-XW-4A18E640F94F","LB-LOC-63351","LB-LOC-63351","63351","LB-GOV-0DD2DAE4DD83","LB-DIST-24876D5E7CCD","","Sehjoud","سجد","سجد","SRC-NATIONAL-VILLAGE-MANIFEST","63351","Sehjoud","سجد","","","exact-pcode","ADM3_PCODE=63351","1","accepted","none","owner-review-pending","2026-08-06T08:11:43.434Z","Exact stable ADM3_PCODE mapping; owner approval remains pending"
"LB-XW-679710BB51C4","LB-LOC-63237","LB-LOC-63237","63237","LB-GOV-0DD2DAE4DD83","LB-DIST-24876D5E7CCD","","Sfaray","صفاريه","صفاريه","SRC-NATIONAL-VILLAGE-MANIFEST","63237","Sfaray","صفاريه","","","exact-pcode","ADM3_PCODE=63237","1","accepted","none","owner-review-pending","2026-08-06T08:11:43.434Z","Exact stable ADM3_PCODE mapping; owner approval remains pending"
"LB-XW-A31F93365F07","LB-LOC-63298","LB-LOC-63298","63298","LB-GOV-0DD2DAE4DD83","LB-DIST-24876D5E7CCD","","Srayri","سريرة","سريرة","SRC-NATIONAL-VILLAGE-MANIFEST","63298","Srayri","سريرة","","","exact-pcode","ADM3_PCODE=63298","1","accepted","none","owner-review-pending","2026-08-06T08:11:43.434Z","Exact stable ADM3_PCODE mapping; owner approval remains pending"
"LB-XW-1209434DC5EB","LB-LOC-63187","LB-LOC-63187","63187","LB-GOV-0DD2DAE4DD83","LB-DIST-24876D5E7CCD","","Taaid","تعيد","تعيد","SRC-NATIONAL-VILLAGE-MANIFEST","63187","Taaid","تعيد","","","exact-pcode","ADM3_PCODE=63187","1","accepted","none","owner-review-pending","2026-08-06T08:11:43.434Z","Exact stable ADM3_PCODE mapping; owner approval remains pending"
"LB-XW-ED94EE2ED429","LB-LOC-63114","LB-LOC-63114","63114","LB-GOV-0DD2DAE4DD83","LB-DIST-24876D5E7CCD","","Wadi Jezzine","وادي جزين","وادي جزين","SRC-NATIONAL-VILLAGE-MANIFEST","63114","Wadi Jezzine","وادي جزين","","","exact-pcode","ADM3_PCODE=63114","1","accepted","none","owner-review-pending","2026-08-06T08:11:43.434Z","Exact stable ADM3_PCODE mapping; owner approval remains pending"
"LB-XW-E3B18F1DAD6B","LB-LOC-63177","LB-LOC-63177","63177","LB-GOV-0DD2DAE4DD83","LB-DIST-24876D5E7CCD","","Zhilta","زحلتا","زحلتا","SRC-NATIONAL-VILLAGE-MANIFEST","63177","Zhilta","زحلتا","","","exact-pcode","ADM3_PCODE=63177","1","accepted","none","owner-review-pending","2026-08-06T08:11:43.434Z","Exact stable ADM3_PCODE mapping; owner approval remains pending"
"LB-XW-6B6B015157B0","LB-LOC-61244","LB-LOC-61244","61244","LB-GOV-0DD2DAE4DD83","LB-DIST-2074448C9F6C","","AAbra Saida","عبرا","عبرا","SRC-NATIONAL-VILLAGE-MANIFEST","61244","AAbra Saida","عبرا","","","exact-pcode","ADM3_PCODE=61244","1","accepted","none","owner-review-pending","2026-08-06T08:11:43.434Z","Exact stable ADM3_PCODE mapping; owner approval remains pending"
"LB-XW-880D46187241","LB-LOC-61434","LB-LOC-61434","61434","LB-GOV-0DD2DAE4DD83","LB-DIST-2074448C9F6C","","Aadloun","عدلون","عدلون","SRC-NATIONAL-VILLAGE-MANIFEST","61434","Aadloun","عدلون","","","exact-pcode","ADM3_PCODE=61434","1","accepted","none","owner-review-pending","2026-08-06T08:11:43.434Z","Exact stable ADM3_PCODE mapping; owner approval remains pending"
"LB-XW-D7DD01F8A765","LB-LOC-61466","LB-LOC-61466","61466","LB-GOV-0DD2DAE4DD83","LB-DIST-2074448C9F6C","","Aadoussiyeh","عدّوسية","عدوسية","SRC-NATIONAL-VILLAGE-MANIFEST","61466","Aadoussiyeh","عدّوسية","","","exact-pcode","ADM3_PCODE=61466","1","accepted","none","owner-review-pending","2026-08-06T08:11:43.434Z","Exact stable ADM3_PCODE mapping; owner approval remains pending"
"LB-XW-DF5DC5073EBD","LB-LOC-61277","LB-LOC-61277","61277","LB-GOV-0DD2DAE4DD83","LB-DIST-2074448C9F6C","","Aain Ed-Delb","عين الدلب","عين الدلب","SRC-NATIONAL-VILLAGE-MANIFEST","61277","Aain Ed-Delb","عين الدلب","","","exact-pcode","ADM3_PCODE=61277","1","accepted","none","owner-review-pending","2026-08-06T08:11:43.434Z","Exact stable ADM3_PCODE mapping; owner approval remains pending"
"LB-XW-5F9DE2CEC80C","LB-LOC-61489","LB-LOC-61489","61489","LB-GOV-0DD2DAE4DD83","LB-DIST-2074448C9F6C","","Aanqoun","عنقون","عنقون","SRC-NATIONAL-VILLAGE-MANIFEST","61489","Aanqoun","عنقون","","","exact-pcode","ADM3_PCODE=61489","1","accepted","none","owner-review-pending","2026-08-06T08:11:43.434Z","Exact stable ADM3_PCODE mapping; owner approval remains pending"
"LB-XW-0E35B5E45760","LB-LOC-61477","LB-LOC-61477","61477","LB-GOV-0DD2DAE4DD83","LB-DIST-2074448C9F6C","","Aaqtanit","عقتنيت","عقتنيت","SRC-NATIONAL-VILLAGE-MANIFEST","61477","Aaqtanit","عقتنيت","","","exact-pcode","ADM3_PCODE=61477","1","accepted","none","owner-review-pending","2026-08-06T08:11:43.434Z","Exact stable ADM3_PCODE mapping; owner approval remains pending"
"LB-XW-35BABF479B88","LB-LOC-61487","LB-LOC-61487","61487","LB-GOV-0DD2DAE4DD83","LB-DIST-2074448C9F6C","","Aarab Ej-Jall","مزرعة عرب الجل","مزرعة عرب الجل","SRC-NATIONAL-VILLAGE-MANIFEST","61487","Aarab Ej-Jall","مزرعة عرب الجل","","","exact-pcode","ADM3_PCODE=61487","1","accepted","none","owner-review-pending","2026-08-06T08:11:43.434Z","Exact stable ADM3_PCODE mapping; owner approval remains pending"
"LB-XW-1A4FBB974DB5","LB-LOC-61483","LB-LOC-61483","61483","LB-GOV-0DD2DAE4DD83","LB-DIST-2074448C9F6C","","Aarab Tabbaya","مزرعة عرب طبَايا","مزرعة عرب طبايا","SRC-NATIONAL-VILLAGE-MANIFEST","61483","Aarab Tabbaya","مزرعة عرب طبَايا","","","exact-pcode","ADM3_PCODE=61483","1","accepted","none","owner-review-pending","2026-08-06T08:11:43.434Z","Exact stable ADM3_PCODE mapping; owner approval remains pending"
"LB-XW-1E66F76042F1","LB-LOC-61417","LB-LOC-61417","61417","LB-GOV-0DD2DAE4DD83","LB-DIST-2074448C9F6C","","Arzai","أرزي","ارزي","SRC-NATIONAL-VILLAGE-MANIFEST","61417","Arzai","أرزي","","","exact-pcode","ADM3_PCODE=61417","1","accepted","none","owner-review-pending","2026-08-06T08:11:43.434Z","Exact stable ADM3_PCODE mapping; owner approval remains pending"
"LB-XW-1D46B6B30118","LB-LOC-61444","LB-LOC-61444","61444","LB-GOV-0DD2DAE4DD83","LB-DIST-2074448C9F6C","","Babliyeh","بابلية","بابلية","SRC-NATIONAL-VILLAGE-MANIFEST","61444","Babliyeh","بابلية","","","exact-pcode","ADM3_PCODE=61444","1","accepted","none","owner-review-pending","2026-08-06T08:11:43.434Z","Exact stable ADM3_PCODE mapping; owner approval remains pending"
"LB-XW-718F00A0CB31","LB-LOC-61488","LB-LOC-61488","61488","LB-GOV-0DD2DAE4DD83","LB-DIST-2074448C9F6C","","Berti","برتي","برتي","SRC-NATIONAL-VILLAGE-MANIFEST","61488","Berti","برتي","","","exact-pcode","ADM3_PCODE=61488","1","accepted","none","owner-review-pending","2026-08-06T08:11:43.434Z","Exact stable ADM3_PCODE mapping; owner approval remains pending"
"LB-XW-A6E47A06E7D6","LB-LOC-61453","LB-LOC-61453","61453","LB-GOV-0DD2DAE4DD83","LB-DIST-2074448C9F6C","","Bissariyeh","بيسارية","بيسارية","SRC-NATIONAL-VILLAGE-MANIFEST","61453","Bissariyeh","بيسارية","","","exact-pcode","ADM3_PCODE=61453","1","accepted","none","owner-review-pending","2026-08-06T08:11:43.434Z","Exact stable ADM3_PCODE mapping; owner approval remains pending"
"LB-XW-4F73911EEB99","LB-LOC-61481","LB-LOC-61481","61481","LB-GOV-0DD2DAE4DD83","LB-DIST-2074448C9F6C","","Bnaafoul","بنعفول","بنعفول","SRC-NATIONAL-VILLAGE-MANIFEST","61481","Bnaafoul","بنعفول","","","exact-pcode","ADM3_PCODE=61481","1","accepted","none","owner-review-pending","2026-08-06T08:11:43.434Z","Exact stable ADM3_PCODE mapping; owner approval remains pending"
"LB-XW-50B2B328BC86","LB-LOC-61266","LB-LOC-61266","61266","LB-GOV-0DD2DAE4DD83","LB-DIST-2074448C9F6C","","Bqosta","بقسطا","بقسطا","SRC-NATIONAL-VILLAGE-MANIFEST","61266","Bqosta","بقسطا","","","exact-pcode","ADM3_PCODE=61266","1","accepted","none","owner-review-pending","2026-08-06T08:11:43.434Z","Exact stable ADM3_PCODE mapping; owner approval remains pending"
"LB-XW-569B17807583","LB-LOC-61123","LB-LOC-61123","61123","LB-GOV-0DD2DAE4DD83","LB-DIST-2074448C9F6C","","Bramiyeh","برامية","برامية","SRC-NATIONAL-VILLAGE-MANIFEST","61123","Bramiyeh","برامية","","","exact-pcode","ADM3_PCODE=61123","1","accepted","none","owner-review-pending","2026-08-06T08:11:43.434Z","Exact stable ADM3_PCODE mapping; owner approval remains pending"
"LB-XW-7948EEC8730E","LB-LOC-61441","LB-LOC-61441","61441","LB-GOV-0DD2DAE4DD83","LB-DIST-2074448C9F6C","","Daoudiyeh","الداودية","الداودية","SRC-NATIONAL-VILLAGE-MANIFEST","61441","Daoudiyeh","الداودية","","","exact-pcode","ADM3_PCODE=61441","1","accepted","none","owner-review-pending","2026-08-06T08:11:43.434Z","Exact stable ADM3_PCODE mapping; owner approval remains pending"
"LB-XW-FD01637D93CB","LB-LOC-61335","LB-LOC-61335","61335","LB-GOV-0DD2DAE4DD83","LB-DIST-2074448C9F6C","","Darb Es-Sim","درب السيم","درب السيم","SRC-NATIONAL-VILLAGE-MANIFEST","61335","Darb Es-Sim","درب السيم","","","exact-pcode","ADM3_PCODE=61335","1","accepted","none","owner-review-pending","2026-08-06T08:11:43.434Z","Exact stable ADM3_PCODE mapping; owner approval remains pending"
"LB-XW-CDFFCC31D352","LB-LOC-61479","LB-LOC-61479","61479","LB-GOV-0DD2DAE4DD83","LB-DIST-2074448C9F6C","","Erkay","اركي","اركي","SRC-NATIONAL-VILLAGE-MANIFEST","61479","Erkay","اركي","","","exact-pcode","ADM3_PCODE=61479","1","accepted","none","owner-review-pending","2026-08-06T08:11:43.434Z","Exact stable ADM3_PCODE mapping; owner approval remains pending"
"LB-XW-406407D7B280","LB-LOC-61447","LB-LOC-61447","61447","LB-GOV-0DD2DAE4DD83","LB-DIST-2074448C9F6C","","Ghassaniyeh","غسانية","غسانية","SRC-NATIONAL-VILLAGE-MANIFEST","61447","Ghassaniyeh","غسانية","","","exact-pcode","ADM3_PCODE=61447","1","accepted","none","owner-review-pending","2026-08-06T08:11:43.434Z","Exact stable ADM3_PCODE mapping; owner approval remains pending"
"LB-XW-7472A409140A","LB-LOC-61311","LB-LOC-61311","61311","LB-GOV-0DD2DAE4DD83","LB-DIST-2074448C9F6C","","Ghaziyeh","غازية","غازية","SRC-NATIONAL-VILLAGE-MANIFEST","61311","Ghaziyeh","غازية","","","exact-pcode","ADM3_PCODE=61311","1","accepted","none","owner-review-pending","2026-08-06T08:11:43.434Z","Exact stable ADM3_PCODE mapping; owner approval remains pending"
"LB-XW-D9AA910CB4AA","LB-LOC-61471","LB-LOC-61471","61471","LB-GOV-0DD2DAE4DD83","LB-DIST-2074448C9F6C","","Hajjeh","حجة","حجة","SRC-NATIONAL-VILLAGE-MANIFEST","61471","Hajjeh","حجة","","","exact-pcode","ADM3_PCODE=61471","1","accepted","none","owner-review-pending","2026-08-06T08:11:43.434Z","Exact stable ADM3_PCODE mapping; owner approval remains pending"
"LB-XW-76BC40140282","LB-LOC-61159","LB-LOC-61159","61159","LB-GOV-0DD2DAE4DD83","LB-DIST-2074448C9F6C","","Haret Saida","حارة صيدا","حارة صيدا","SRC-NATIONAL-VILLAGE-MANIFEST","61159","Haret Saida","حارة صيدا","","","exact-pcode","ADM3_PCODE=61159","1","accepted","none","owner-review-pending","2026-08-06T08:11:43.434Z","Exact stable ADM3_PCODE mapping; owner approval remains pending"
"LB-XW-E21364A4D8C8","LB-LOC-61423","LB-LOC-61423","61423","LB-GOV-0DD2DAE4DD83","LB-DIST-2074448C9F6C","","Hartiyeh","حارتية","حارتية","SRC-NATIONAL-VILLAGE-MANIFEST","61423","Hartiyeh","حارتية","","","exact-pcode","ADM3_PCODE=61423","1","accepted","none","owner-review-pending","2026-08-06T08:11:43.434Z","Exact stable ADM3_PCODE mapping; owner approval remains pending"
"LB-XW-25D1246F2D54","LB-LOC-61147","LB-LOC-61147","61147","LB-GOV-0DD2DAE4DD83","LB-DIST-2074448C9F6C","","Hlaliyeh Saida","هلالية صيدا","هلالية صيدا","SRC-NATIONAL-VILLAGE-MANIFEST","61147","Hlaliyeh Saida","هلالية صيدا","","","exact-pcode","ADM3_PCODE=61147","1","accepted","none","owner-review-pending","2026-08-06T08:11:43.434Z","Exact stable ADM3_PCODE mapping; owner approval remains pending"
"LB-XW-8DE07CE6538D","LB-LOC-61436","LB-LOC-61436","61436","LB-GOV-0DD2DAE4DD83","LB-DIST-2074448C9F6C","","Insariyeh","إنصارية","انصارية","SRC-NATIONAL-VILLAGE-MANIFEST","61436","Insariyeh","إنصارية","","","exact-pcode","ADM3_PCODE=61436","1","accepted","none","owner-review-pending","2026-08-06T08:11:43.434Z","Exact stable ADM3_PCODE mapping; owner approval remains pending"
"LB-XW-BA22B6F8A705","LB-LOC-61411","LB-LOC-61411","61411","LB-GOV-0DD2DAE4DD83","LB-DIST-2074448C9F6C","","Jazira Saida","جزيرة صيدا","جزيرة صيدا","SRC-NATIONAL-VILLAGE-MANIFEST","61411","Jazira Saida","جزيرة صيدا","","","exact-pcode","ADM3_PCODE=61411","1","accepted","none","owner-review-pending","2026-08-06T08:11:43.434Z","Exact stable ADM3_PCODE mapping; owner approval remains pending"
"LB-XW-373996FE73D5","LB-LOC-61454","LB-LOC-61454","61454","LB-GOV-0DD2DAE4DD83","LB-DIST-2074448C9F6C","","Kaoutariyet Es-Siyad","كوثرية السياد","كوثرية السياد","SRC-NATIONAL-VILLAGE-MANIFEST","61454","Kaoutariyet Es-Siyad","كوثرية السياد","","","exact-pcode","ADM3_PCODE=61454","1","accepted","none","owner-review-pending","2026-08-06T08:11:43.434Z","Exact stable ADM3_PCODE mapping; owner approval remains pending"
"LB-XW-12947258B117","LB-LOC-61491","LB-LOC-61491","61491","LB-GOV-0DD2DAE4DD83","LB-DIST-2074448C9F6C","","Kfar Beit","كفربيت","كفربيت","SRC-NATIONAL-VILLAGE-MANIFEST","61491","Kfar Beit","كفربيت","","","exact-pcode","ADM3_PCODE=61491","1","accepted","none","owner-review-pending","2026-08-06T08:11:43.434Z","Exact stable ADM3_PCODE mapping; owner approval remains pending"
"LB-XW-F19A9D3B0F47","LB-LOC-61494","LB-LOC-61494","61494","LB-GOV-0DD2DAE4DD83","LB-DIST-2074448C9F6C","","Kfar Chellal","كفر شلال","كفر شلال","SRC-NATIONAL-VILLAGE-MANIFEST","61494","Kfar Chellal","كفر شلال","","","exact-pcode","ADM3_PCODE=61494","1","accepted","none","owner-review-pending","2026-08-06T08:11:43.434Z","Exact stable ADM3_PCODE mapping; owner approval remains pending"
"LB-XW-8CFD5AF5C04F","LB-LOC-61493","LB-LOC-61493","61493","LB-GOV-0DD2DAE4DD83","LB-DIST-2074448C9F6C","","Kfar Hatta Saida","كفرحتى","كفرحتي","SRC-NATIONAL-VILLAGE-MANIFEST","61493","Kfar Hatta Saida","كفرحتى","","","exact-pcode","ADM3_PCODE=61493","1","accepted","none","owner-review-pending","2026-08-06T08:11:43.434Z","Exact stable ADM3_PCODE mapping; owner approval remains pending"
"LB-XW-4D8CD956D22B","LB-LOC-61496","LB-LOC-61496","61496","LB-GOV-0DD2DAE4DD83","LB-DIST-2074448C9F6C","","Kfar Melki Saida","كفرملكي صيدا","كفرملكي صيدا","SRC-NATIONAL-VILLAGE-MANIFEST","61496","Kfar Melki Saida","كفرملكي صيدا","","","exact-pcode","ADM3_PCODE=61496","1","accepted","none","owner-review-pending","2026-08-06T08:11:43.434Z","Exact stable ADM3_PCODE mapping; owner approval remains pending"
"LB-XW-7D3C4D94273D","LB-LOC-61446","LB-LOC-61446","61446","LB-GOV-0DD2DAE4DD83","LB-DIST-2074448C9F6C","","Khartoum","خرطوم","خرطوم","SRC-NATIONAL-VILLAGE-MANIFEST","61446","Khartoum","خرطوم","","","exact-pcode","ADM3_PCODE=61446","1","accepted","none","owner-review-pending","2026-08-06T08:11:43.434Z","Exact stable ADM3_PCODE mapping; owner approval remains pending"
"LB-XW-A2F5D25D4543","LB-LOC-61419","LB-LOC-61419","61419","LB-GOV-0DD2DAE4DD83","LB-DIST-2074448C9F6C","","Khayayeb Saida","الخرائب صيدا","الخرايب صيدا","SRC-NATIONAL-VILLAGE-MANIFEST","61419","Khayayeb Saida","الخرائب صيدا","","","exact-pcode","ADM3_PCODE=61419","1","accepted","none","owner-review-pending","2026-08-06T08:11:43.434Z","Exact stable ADM3_PCODE mapping; owner approval remains pending"
"LB-XW-1290CEA5548B","LB-LOC-61443","LB-LOC-61443","61443","LB-GOV-0DD2DAE4DD83","LB-DIST-2074448C9F6C","","Khirbet Ed-Douair Saida","خربة الدوير صيدا","خربة الدوير صيدا","SRC-NATIONAL-VILLAGE-MANIFEST","61443","Khirbet Ed-Douair Saida","خربة الدوير صيدا","","","exact-pcode","ADM3_PCODE=61443","1","accepted","none","owner-review-pending","2026-08-06T08:11:43.434Z","Exact stable ADM3_PCODE mapping; owner approval remains pending"
"LB-XW-40EC9FB990EE","LB-LOC-61467","LB-LOC-61467","61467","LB-GOV-0DD2DAE4DD83","LB-DIST-2074448C9F6C","","Khirbet El-Bassal","خربة البصل","خربة البصل","SRC-NATIONAL-VILLAGE-MANIFEST","61467","Khirbet El-Bassal","خربة البصل","","","exact-pcode","ADM3_PCODE=61467","1","accepted","none","owner-review-pending","2026-08-06T08:11:43.434Z","Exact stable ADM3_PCODE mapping; owner approval remains pending"
"LB-XW-39052E27F6FF","LB-LOC-61474","LB-LOC-61474","61474","LB-GOV-0DD2DAE4DD83","LB-DIST-2074448C9F6C","","Khzaiz","خزيز","خزيز","SRC-NATIONAL-VILLAGE-MANIFEST","61474","Khzaiz","خزيز","","","exact-pcode","ADM3_PCODE=61474","1","accepted","none","owner-review-pending","2026-08-06T08:11:43.434Z","Exact stable ADM3_PCODE mapping; owner approval remains pending"
"LB-XW-8A1B0D1510CB","LB-LOC-61439","LB-LOC-61439","61439","LB-GOV-0DD2DAE4DD83","LB-DIST-2074448C9F6C","","Loubieh","لوبية","لوبية","SRC-NATIONAL-VILLAGE-MANIFEST","61439","Loubieh","لوبية","","","exact-pcode","ADM3_PCODE=61439","1","accepted","none","owner-review-pending","2026-08-06T08:11:43.434Z","Exact stable ADM3_PCODE mapping; owner approval remains pending"
"LB-XW-3FB3D3BE8D8E","LB-LOC-61476","LB-LOC-61476","61476","LB-GOV-0DD2DAE4DD83","LB-DIST-2074448C9F6C","","Maamriyeh","معمارية","معمارية","SRC-NATIONAL-VILLAGE-MANIFEST","61476","Maamriyeh","معمارية","","","exact-pcode","ADM3_PCODE=61476","1","accepted","none","owner-review-pending","2026-08-06T08:11:43.434Z","Exact stable ADM3_PCODE mapping; owner approval remains pending"
"LB-XW-15DAE8596C12","LB-LOC-61323","LB-LOC-61323","61323","LB-GOV-0DD2DAE4DD83","LB-DIST-2074448C9F6C","","Maghdoucheh","مغدوشة","مغدوشة","SRC-NATIONAL-VILLAGE-MANIFEST","61323","Maghdoucheh","مغدوشة","","","exact-pcode","ADM3_PCODE=61323","1","accepted","none","owner-review-pending","2026-08-06T08:11:43.434Z","Exact stable ADM3_PCODE mapping; owner approval remains pending"
"LB-XW-402214D6DE35","LB-LOC-61233","LB-LOC-61233","61233","LB-GOV-0DD2DAE4DD83","LB-DIST-2074448C9F6C","","Majdelyoun","مجدليون","مجدليون","SRC-NATIONAL-VILLAGE-MANIFEST","61233","Majdelyoun","مجدليون","","","exact-pcode","ADM3_PCODE=61233","1","accepted","none","owner-review-pending","2026-08-06T08:11:43.434Z","Exact stable ADM3_PCODE mapping; owner approval remains pending"
"LB-XW-63097BAC8B2C","LB-LOC-61415","LB-LOC-61415","61415","LB-GOV-0DD2DAE4DD83","LB-DIST-2074448C9F6C","","Matariyet Ech-Choumar","مطرية الشومر","مطرية الشومر","SRC-NATIONAL-VILLAGE-MANIFEST","61415","Matariyet Ech-Choumar","مطرية الشومر","","","exact-pcode","ADM3_PCODE=61415","1","accepted","none","owner-review-pending","2026-08-06T08:11:43.434Z","Exact stable ADM3_PCODE mapping; owner approval remains pending"
"LB-XW-059805F81E04","LB-LOC-61486","LB-LOC-61486","61486","LB-GOV-0DD2DAE4DD83","LB-DIST-2074448C9F6C","","Mazraat Aarab Soukkar","مزرعة عرب سكر","مزرعة عرب سكر","SRC-NATIONAL-VILLAGE-MANIFEST","61486","Mazraat Aarab Soukkar","مزرعة عرب سكر","","","exact-pcode","ADM3_PCODE=61486","1","accepted","none","owner-review-pending","2026-08-06T08:11:43.434Z","Exact stable ADM3_PCODE mapping; owner approval remains pending"
"LB-XW-1CE7E7DD1DE0","LB-LOC-61431","LB-LOC-61431","61431","LB-GOV-0DD2DAE4DD83","LB-DIST-2074448C9F6C","","Mazraat Deir Taqla","دير تقلا","دير تقلا","SRC-NATIONAL-VILLAGE-MANIFEST","61431","Mazraat Deir Taqla","دير تقلا","","","exact-pcode","ADM3_PCODE=61431","1","accepted","none","owner-review-pending","2026-08-06T08:11:43.434Z","Exact stable ADM3_PCODE mapping; owner approval remains pending"
"LB-XW-4049052058B6","LB-LOC-61412","LB-LOC-61412","61412","LB-GOV-0DD2DAE4DD83","LB-DIST-2074448C9F6C","","Mazraat El Yahoudiyeh (Aaitaniyeh)","مزرعة العيتانية","مزرعة العيتانية","SRC-NATIONAL-VILLAGE-MANIFEST","61412","Mazraat El Yahoudiyeh (Aaitaniyeh)","مزرعة العيتانية","","","exact-pcode","ADM3_PCODE=61412","1","accepted","none","owner-review-pending","2026-08-06T08:11:43.434Z","Exact stable ADM3_PCODE mapping; owner approval remains pending"
"LB-XW-10B7CA74C90B","LB-LOC-61473","LB-LOC-61473","61473","LB-GOV-0DD2DAE4DD83","LB-DIST-2074448C9F6C","","Mazraat El-Houssainiyeh","مزرعة الحسينية","مزرعة الحسينية","SRC-NATIONAL-VILLAGE-MANIFEST","61473","Mazraat El-Houssainiyeh","مزرعة الحسينية","","","exact-pcode","ADM3_PCODE=61473","1","accepted","none","owner-review-pending","2026-08-06T08:11:43.434Z","Exact stable ADM3_PCODE mapping; owner approval remains pending"
"LB-XW-1B4979ADD1F7","LB-LOC-61424","LB-LOC-61424","61424","LB-GOV-0DD2DAE4DD83","LB-DIST-2074448C9F6C","","Mazraat El-Mhaydaleh","المحيدلة","المحيدلة","SRC-NATIONAL-VILLAGE-MANIFEST","61424","Mazraat El-Mhaydaleh","المحيدلة","","","exact-pcode","ADM3_PCODE=61424","1","accepted","none","owner-review-pending","2026-08-06T08:11:43.434Z","Exact stable ADM3_PCODE mapping; owner approval remains pending"
"LB-XW-8DF48C950F7E","LB-LOC-61421","LB-LOC-61421","61421","LB-GOV-0DD2DAE4DD83","LB-DIST-2074448C9F6C","","Mazraat Jamjim","مزرعة جمجيم","مزرعة جمجيم","SRC-NATIONAL-VILLAGE-MANIFEST","61421","Mazraat Jamjim","مزرعة جمجيم","","","exact-pcode","ADM3_PCODE=61421","1","accepted","none","owner-review-pending","2026-08-06T08:11:43.434Z","Exact stable ADM3_PCODE mapping; owner approval remains pending"
"LB-XW-66D71CF51A0C","LB-LOC-61426","LB-LOC-61426","61426","LB-GOV-0DD2DAE4DD83","LB-DIST-2074448C9F6C","","Mazraat Kaoutariyet Er-Riz","مزرعة كوثرية الرز","مزرعة كوثرية الرز","SRC-NATIONAL-VILLAGE-MANIFEST","61426","Mazraat Kaoutariyet Er-Riz","مزرعة كوثرية الرز","","","exact-pcode","ADM3_PCODE=61426","1","accepted","none","owner-review-pending","2026-08-06T08:11:43.434Z","Exact stable ADM3_PCODE mapping; owner approval remains pending"
"LB-XW-765D73404381","LB-LOC-61418","LB-LOC-61418","61418","LB-GOV-0DD2DAE4DD83","LB-DIST-2074448C9F6C","","Mazraat Kfar Beda","كفر بدَه","كفر بده","SRC-NATIONAL-VILLAGE-MANIFEST","61418","Mazraat Kfar Beda","كفر بدَه","","","exact-pcode","ADM3_PCODE=61418","1","accepted","none","owner-review-pending","2026-08-06T08:11:43.434Z","Exact stable ADM3_PCODE mapping; owner approval remains pending"
"LB-XW-F415DF523719","LB-LOC-61469","LB-LOC-61469","61469","LB-GOV-0DD2DAE4DD83","LB-DIST-2074448C9F6C","","Mazraat 'Mseileh","المصيلح","المصيلح","SRC-NATIONAL-VILLAGE-MANIFEST","61469","Mazraat 'Mseileh","المصيلح","","","exact-pcode","ADM3_PCODE=61469","1","accepted","none","owner-review-pending","2026-08-06T08:11:43.434Z","Exact stable ADM3_PCODE mapping; owner approval remains pending"
"LB-XW-8295E8DB86C8","LB-LOC-61433","LB-LOC-61433","61433","LB-GOV-0DD2DAE4DD83","LB-DIST-2074448C9F6C","","Mazraat Oussamiyat","الاوساميات","الاوساميات","SRC-NATIONAL-VILLAGE-MANIFEST","61433","Mazraat Oussamiyat","الاوساميات","","","exact-pcode","ADM3_PCODE=61433","1","accepted","none","owner-review-pending","2026-08-06T08:11:43.434Z","Exact stable ADM3_PCODE mapping; owner approval remains pending"
"LB-XW-769F6ECC1AD3","LB-LOC-61429","LB-LOC-61429","61429","LB-GOV-0DD2DAE4DD83","LB-DIST-2074448C9F6C","","Mazraat Sari","ساري","ساري","SRC-NATIONAL-VILLAGE-MANIFEST","61429","Mazraat Sari","ساري","","","exact-pcode","ADM3_PCODE=61429","1","accepted","none","owner-review-pending","2026-08-06T08:11:43.434Z","Exact stable ADM3_PCODE mapping; owner approval remains pending"
"LB-XW-21C4E3EB36D1","LB-LOC-61437","LB-LOC-61437","61437","LB-GOV-0DD2DAE4DD83","LB-DIST-2074448C9F6C","","Mazraat Sinai","مزرعة سيناي","مزرعة سيناي","SRC-NATIONAL-VILLAGE-MANIFEST","61437","Mazraat Sinai","مزرعة سيناي","","","exact-pcode","ADM3_PCODE=61437","1","accepted","none","owner-review-pending","2026-08-06T08:11:43.434Z","Exact stable ADM3_PCODE mapping; owner approval remains pending"
"LB-XW-7618462E80A0","LB-LOC-61457","LB-LOC-61457","61457","LB-GOV-0DD2DAE4DD83","LB-DIST-2074448C9F6C","","Mazraat 'Snaiber","مزرعة سنيبر","مزرعة سنيبر","SRC-NATIONAL-VILLAGE-MANIFEST","61457","Mazraat 'Snaiber","مزرعة سنيبر","","","exact-pcode","ADM3_PCODE=61457","1","accepted","none","owner-review-pending","2026-08-06T08:11:43.434Z","Exact stable ADM3_PCODE mapping; owner approval remains pending"
"LB-XW-AD7DD0997F71","LB-LOC-61463","LB-LOC-61463","61463","LB-GOV-0DD2DAE4DD83","LB-DIST-2074448C9F6C","","Merouaniyeh","مروانية","مروانية","SRC-NATIONAL-VILLAGE-MANIFEST","61463","Merouaniyeh","مروانية","","","exact-pcode","ADM3_PCODE=61463","1","accepted","none","owner-review-pending","2026-08-06T08:11:43.434Z","Exact stable ADM3_PCODE mapping; owner approval remains pending"
"LB-XW-61980169E0BA","LB-LOC-61183","LB-LOC-61183","61183","LB-GOV-0DD2DAE4DD83","LB-DIST-2074448C9F6C","","Miyeh ou Miyeh","مية ومية","مية ومية","SRC-NATIONAL-VILLAGE-MANIFEST","61183","Miyeh ou Miyeh","مية ومية","","","exact-pcode","ADM3_PCODE=61183","1","accepted","none","owner-review-pending","2026-08-06T08:11:43.434Z","Exact stable ADM3_PCODE mapping; owner approval remains pending"
"LB-XW-BBE6289C6BFD","LB-LOC-61484","LB-LOC-61484","61484","LB-GOV-0DD2DAE4DD83","LB-DIST-2074448C9F6C","","Mtayriyeh","مزرعة مطيرية جباع","مزرعة مطيرية جباع","SRC-NATIONAL-VILLAGE-MANIFEST","61484","Mtayriyeh","مزرعة مطيرية جباع","","","exact-pcode","ADM3_PCODE=61484","1","accepted","none","owner-review-pending","2026-08-06T08:11:43.434Z","Exact stable ADM3_PCODE mapping; owner approval remains pending"
"LB-XW-5721A5084DFE","LB-LOC-61414","LB-LOC-61414","61414","LB-GOV-0DD2DAE4DD83","LB-DIST-2074448C9F6C","","Mzaraat El-Ouasta","مزرعة الواسطة","مزرعة الواسطة","SRC-NATIONAL-VILLAGE-MANIFEST","61414","Mzaraat El-Ouasta","مزرعة الواسطة","","","exact-pcode","ADM3_PCODE=61414","1","accepted","none","owner-review-pending","2026-08-06T08:11:43.434Z","Exact stable ADM3_PCODE mapping; owner approval remains pending"
"LB-XW-54C55E907E50","LB-LOC-61464","LB-LOC-61464","61464","LB-GOV-0DD2DAE4DD83","LB-DIST-2074448C9F6C","","Najjariyeh","نجارية","نجارية","SRC-NATIONAL-VILLAGE-MANIFEST","61464","Najjariyeh","نجارية","","","exact-pcode","ADM3_PCODE=61464","1","accepted","none","owner-review-pending","2026-08-06T08:11:43.434Z","Exact stable ADM3_PCODE mapping; owner approval remains pending"
"LB-XW-F867E969479C","LB-LOC-61451","LB-LOC-61451","61451","LB-GOV-0DD2DAE4DD83","LB-DIST-2074448C9F6C","","Qaaqaiyet Es-Snaoubar","قعقعية الصنوبر","قعقعية الصنوبر","SRC-NATIONAL-VILLAGE-MANIFEST","61451","Qaaqaiyet Es-Snaoubar","قعقعية الصنوبر","","","exact-pcode","ADM3_PCODE=61451","1","accepted","none","owner-review-pending","2026-08-06T08:11:43.434Z","Exact stable ADM3_PCODE mapping; owner approval remains pending"
"LB-XW-1D398B4ACEDA","LB-LOC-61347","LB-LOC-61347","61347","LB-GOV-0DD2DAE4DD83","LB-DIST-2074448C9F6C","","Qennarit","قناريت","قناريت","SRC-NATIONAL-VILLAGE-MANIFEST","61347","Qennarit","قناريت","","","exact-pcode","ADM3_PCODE=61347","1","accepted","none","owner-review-pending","2026-08-06T08:11:43.434Z","Exact stable ADM3_PCODE mapping; owner approval remains pending"
"LB-XW-19E8D82F63FA","LB-LOC-61255","LB-LOC-61255","61255","LB-GOV-0DD2DAE4DD83","LB-DIST-2074448C9F6C","","Qraiyet Saida","قرية صيدا","قرية صيدا","SRC-NATIONAL-VILLAGE-MANIFEST","61255","Qraiyet Saida","قرية صيدا","","","exact-pcode","ADM3_PCODE=61255","1","accepted","none","owner-review-pending","2026-08-06T08:11:43.434Z","Exact stable ADM3_PCODE mapping; owner approval remains pending"
"LB-XW-26BC78FBDF39","LB-LOC-61119","LB-LOC-61119","61119","LB-GOV-0DD2DAE4DD83","LB-DIST-2074448C9F6C","","Saida Ed-Dekermane","صيدا الدكرمان","صيدا الدكرمان","SRC-NATIONAL-VILLAGE-MANIFEST","61119","Saida Ed-Dekermane","صيدا الدكرمان","","","exact-pcode","ADM3_PCODE=61119","1","accepted","none","owner-review-pending","2026-08-06T08:11:43.434Z","Exact stable ADM3_PCODE mapping; owner approval remains pending"
"LB-XW-356BB05721C5","LB-LOC-61111","LB-LOC-61111","61111","LB-GOV-0DD2DAE4DD83","LB-DIST-2074448C9F6C","","Saida El-Oustani","الوسطاني","الوسطاني","SRC-NATIONAL-VILLAGE-MANIFEST","61111","Saida El-Oustani","الوسطاني","","","exact-pcode","ADM3_PCODE=61111","1","accepted","none","owner-review-pending","2026-08-06T08:11:43.434Z","Exact stable ADM3_PCODE mapping; owner approval remains pending"
"LB-XW-8F2914F02A2C","LB-LOC-61115","LB-LOC-61115","61115","LB-GOV-0DD2DAE4DD83","LB-DIST-2074448C9F6C","","Saida El-Qadimeh","صيدا","صيدا","SRC-NATIONAL-VILLAGE-MANIFEST","61115","Saida El-Qadimeh","صيدا","","","exact-pcode","ADM3_PCODE=61115","1","accepted","none","owner-review-pending","2026-08-06T08:11:43.434Z","Exact stable ADM3_PCODE mapping; owner approval remains pending"
"LB-XW-B71CEFCEA56E","LB-LOC-61222","LB-LOC-61222","61222","LB-GOV-0DD2DAE4DD83","LB-DIST-2074448C9F6C","","Saida Kefraya","كفريا","كفريا","SRC-NATIONAL-VILLAGE-MANIFEST","61222","Saida Kefraya","كفريا","","","exact-pcode","ADM3_PCODE=61222","1","accepted","none","owner-review-pending","2026-08-06T08:11:43.434Z","Exact stable ADM3_PCODE mapping; owner approval remains pending"
"LB-XW-7A17F57D6A3E","LB-LOC-61461","LB-LOC-61461","61461","LB-GOV-0DD2DAE4DD83","LB-DIST-2074448C9F6C","","Saksakiyeh","سكسكية","سكسكية","SRC-NATIONAL-VILLAGE-MANIFEST","61461","Saksakiyeh","سكسكية","","","exact-pcode","ADM3_PCODE=61461","1","accepted","none","owner-review-pending","2026-08-06T08:11:43.434Z","Exact stable ADM3_PCODE mapping; owner approval remains pending"
"LB-XW-870736C80DF7","LB-LOC-61211","LB-LOC-61211","61211","LB-GOV-0DD2DAE4DD83","LB-DIST-2074448C9F6C","","Salhiyet Saida","صالحية","صالحية","SRC-NATIONAL-VILLAGE-MANIFEST","61211","Salhiyet Saida","صالحية","","","exact-pcode","ADM3_PCODE=61211","1","accepted","none","owner-review-pending","2026-08-06T08:11:43.434Z","Exact stable ADM3_PCODE mapping; owner approval remains pending"
"LB-XW-6608744F50E8","LB-LOC-61449","LB-LOC-61449","61449","LB-GOV-0DD2DAE4DD83","LB-DIST-2074448C9F6C","","Sarafand","صرفند","صرفند","SRC-NATIONAL-VILLAGE-MANIFEST","61449","Sarafand","صرفند","","","exact-pcode","ADM3_PCODE=61449","1","accepted","none","owner-review-pending","2026-08-06T08:11:43.434Z","Exact stable ADM3_PCODE mapping; owner approval remains pending"
"LB-XW-B5EADA4114B2","LB-LOC-61497","LB-LOC-61497","61497","LB-GOV-0DD2DAE4DD83","LB-DIST-2074448C9F6C","","Sfenta","سفنتا","سفنتا","SRC-NATIONAL-VILLAGE-MANIFEST","61497","Sfenta","سفنتا","","","exact-pcode","ADM3_PCODE=61497","1","accepted","none","owner-review-pending","2026-08-06T08:11:43.434Z","Exact stable ADM3_PCODE mapping; owner approval remains pending"
"LB-XW-85400139A9EC","LB-LOC-61383","LB-LOC-61383","61383","LB-GOV-0DD2DAE4DD83","LB-DIST-2074448C9F6C","","Tanbourit","طنبوريت","طنبوريت","SRC-NATIONAL-VILLAGE-MANIFEST","61383","Tanbourit","طنبوريت","","","exact-pcode","ADM3_PCODE=61383","1","accepted","none","owner-review-pending","2026-08-06T08:11:43.434Z","Exact stable ADM3_PCODE mapping; owner approval remains pending"
"LB-XW-C24FC8192280","LB-LOC-61456","LB-LOC-61456","61456","LB-GOV-0DD2DAE4DD83","LB-DIST-2074448C9F6C","","Tebna","تبنا","تبنا","SRC-NATIONAL-VILLAGE-MANIFEST","61456","Tebna","تبنا","","","exact-pcode","ADM3_PCODE=61456","1","accepted","none","owner-review-pending","2026-08-06T08:11:43.434Z","Exact stable ADM3_PCODE mapping; owner approval remains pending"
"LB-XW-6C6EB54DEFBE","LB-LOC-61459","LB-LOC-61459","61459","LB-GOV-0DD2DAE4DD83","LB-DIST-2074448C9F6C","","Teffahta","تفاحتا","تفاحتا","SRC-NATIONAL-VILLAGE-MANIFEST","61459","Teffahta","تفاحتا","","","exact-pcode","ADM3_PCODE=61459","1","accepted","none","owner-review-pending","2026-08-06T08:11:43.434Z","Exact stable ADM3_PCODE mapping; owner approval remains pending"
"LB-XW-79071D840E83","LB-LOC-61371","LB-LOC-61371","61371","LB-GOV-0DD2DAE4DD83","LB-DIST-2074448C9F6C","","Zaghdraiya","زغدرايا","زغدرايا","SRC-NATIONAL-VILLAGE-MANIFEST","61371","Zaghdraiya","زغدرايا","","","exact-pcode","ADM3_PCODE=61371","1","accepted","none","owner-review-pending","2026-08-06T08:11:43.434Z","Exact stable ADM3_PCODE mapping; owner approval remains pending"
"LB-XW-648683A4E626","LB-LOC-61359","LB-LOC-61359","61359","LB-GOV-0DD2DAE4DD83","LB-DIST-2074448C9F6C","","Zeita","زيتا","زيتا","SRC-NATIONAL-VILLAGE-MANIFEST","61359","Zeita","زيتا","","","exact-pcode","ADM3_PCODE=61359","1","accepted","none","owner-review-pending","2026-08-06T08:11:43.434Z","Exact stable ADM3_PCODE mapping; owner approval remains pending"
"LB-XW-E060BAD08D70","LB-LOC-61427","LB-LOC-61427","61427","LB-GOV-0DD2DAE4DD83","LB-DIST-2074448C9F6C","","Zrariyeh","زرارية","زرارية","SRC-NATIONAL-VILLAGE-MANIFEST","61427","Zrariyeh","زرارية","","","exact-pcode","ADM3_PCODE=61427","1","accepted","none","owner-review-pending","2026-08-06T08:11:43.434Z","Exact stable ADM3_PCODE mapping; owner approval remains pending"
"LB-XW-A88B674C9711","LB-LOC-62276","LB-LOC-62276","62276","LB-GOV-0DD2DAE4DD83","LB-DIST-EC70FD23603B","","Aabbassiyet Sour","عباسية","عباسية","SRC-NATIONAL-VILLAGE-MANIFEST","62276","Aabbassiyet Sour","عباسية","","","exact-pcode","ADM3_PCODE=62276","1","accepted","none","owner-review-pending","2026-08-06T08:11:43.434Z","Exact stable ADM3_PCODE mapping; owner approval remains pending"
"LB-XW-0C0C99040842","LB-LOC-62291","LB-LOC-62291","62291","LB-GOV-0DD2DAE4DD83","LB-DIST-EC70FD23603B","","Aain Abou Abdallah","عين أبو عبدالله","عين ابو عبدالله","SRC-NATIONAL-VILLAGE-MANIFEST","62291","Aain Abou Abdallah","عين أبو عبدالله","","","exact-pcode","ADM3_PCODE=62291","1","accepted","none","owner-review-pending","2026-08-06T08:11:43.434Z","Exact stable ADM3_PCODE mapping; owner approval remains pending"
"LB-XW-AB0694132717","LB-LOC-62243","LB-LOC-62243","62243","LB-GOV-0DD2DAE4DD83","LB-DIST-EC70FD23603B","","Aain Baal","عين بعل","عين بعل","SRC-NATIONAL-VILLAGE-MANIFEST","62243","Aain Baal","عين بعل","","","exact-pcode","ADM3_PCODE=62243","1","accepted","none","owner-review-pending","2026-08-06T08:11:43.434Z","Exact stable ADM3_PCODE mapping; owner approval remains pending"
"LB-XW-DDBBDB09B6AB","LB-LOC-62242","LB-LOC-62242","62242","LB-GOV-0DD2DAE4DD83","LB-DIST-EC70FD23603B","","Aaiyeh","مزرعة عيا","مزرعة عيا","SRC-NATIONAL-VILLAGE-MANIFEST","62242","Aaiyeh","مزرعة عيا","","","exact-pcode","ADM3_PCODE=62242","1","accepted","none","owner-review-pending","2026-08-06T08:11:43.434Z","Exact stable ADM3_PCODE mapping; owner approval remains pending"
"LB-XW-2D0A2A297360","LB-LOC-62316","LB-LOC-62316","62316","LB-GOV-0DD2DAE4DD83","LB-DIST-EC70FD23603B","","Aalma Ech-Chaab","علما الشعب","علما الشعب","SRC-NATIONAL-VILLAGE-MANIFEST","62316","Aalma Ech-Chaab","علما الشعب","","","exact-pcode","ADM3_PCODE=62316","1","accepted","none","owner-review-pending","2026-08-06T08:11:43.434Z","Exact stable ADM3_PCODE mapping; owner approval remains pending"
"LB-XW-9DCFD2D41139","LB-LOC-62217","LB-LOC-62217","62217","LB-GOV-0DD2DAE4DD83","LB-DIST-EC70FD23603B","","Aaytit","عيتيت","عيتيت","SRC-NATIONAL-VILLAGE-MANIFEST","62217","Aaytit","عيتيت","","","exact-pcode","ADM3_PCODE=62217","1","accepted","none","owner-review-pending","2026-08-06T08:11:43.434Z","Exact stable ADM3_PCODE mapping; owner approval remains pending"
"LB-XW-46BE83D6EC4F","LB-LOC-62294","LB-LOC-62294","62294","LB-GOV-0DD2DAE4DD83","LB-DIST-EC70FD23603B","","Aaziyeh","عزِّيه","عزيه","SRC-NATIONAL-VILLAGE-MANIFEST","62294","Aaziyeh","عزِّيه","","","exact-pcode","ADM3_PCODE=62294","1","accepted","none","owner-review-pending","2026-08-06T08:11:43.434Z","Exact stable ADM3_PCODE mapping; owner approval remains pending"
"LB-XW-CC35E2D2AB37","LB-LOC-62319","LB-LOC-62319","62319","LB-GOV-0DD2DAE4DD83","LB-DIST-EC70FD23603B","","Abou Chech","أبو شاش","ابو شاش","SRC-NATIONAL-VILLAGE-MANIFEST","62319","Abou Chech","أبو شاش","","","exact-pcode","ADM3_PCODE=62319","1","accepted","none","owner-review-pending","2026-08-06T08:11:43.434Z","Exact stable ADM3_PCODE mapping; owner approval remains pending"
"LB-XW-B7A0D09D02C0","LB-LOC-62256","LB-LOC-62256","62256","LB-GOV-0DD2DAE4DD83","LB-DIST-EC70FD23603B","","Arzoun","ارزون","ارزون","SRC-NATIONAL-VILLAGE-MANIFEST","62256","Arzoun","ارزون","","","exact-pcode","ADM3_PCODE=62256","1","accepted","none","owner-review-pending","2026-08-06T08:11:43.434Z","Exact stable ADM3_PCODE mapping; owner approval remains pending"
"LB-XW-0DBBA313C11B","LB-LOC-62221","LB-LOC-62221","62221","LB-GOV-0DD2DAE4DD83","LB-DIST-EC70FD23603B","","Bafliyeh","بافليه","بافليه","SRC-NATIONAL-VILLAGE-MANIFEST","62221","Bafliyeh","بافليه","","","exact-pcode","ADM3_PCODE=62221","1","accepted","none","owner-review-pending","2026-08-06T08:11:43.434Z","Exact stable ADM3_PCODE mapping; owner approval remains pending"
"LB-XW-602F7C7CD6EC","LB-LOC-62224","LB-LOC-62224","62224","LB-GOV-0DD2DAE4DD83","LB-DIST-EC70FD23603B","","Barich","باريش","باريش","SRC-NATIONAL-VILLAGE-MANIFEST","62224","Barich","باريش","","","exact-pcode","ADM3_PCODE=62224","1","accepted","none","owner-review-pending","2026-08-06T08:11:43.434Z","Exact stable ADM3_PCODE mapping; owner approval remains pending"
"LB-XW-1FF2FC064AEE","LB-LOC-62162","LB-LOC-62162","62162","LB-GOV-0DD2DAE4DD83","LB-DIST-EC70FD23603B","","Batoulay","باتوليه","باتوليه","SRC-NATIONAL-VILLAGE-MANIFEST","62162","Batoulay","باتوليه","","","exact-pcode","ADM3_PCODE=62162","1","accepted","none","owner-review-pending","2026-08-06T08:11:43.434Z","Exact stable ADM3_PCODE mapping; owner approval remains pending"
"LB-XW-A8F0B8EB6093","LB-LOC-62246","LB-LOC-62246","62246","LB-GOV-0DD2DAE4DD83","LB-DIST-EC70FD23603B","","Bazouriyeh","بازورية","بازورية","SRC-NATIONAL-VILLAGE-MANIFEST","62246","Bazouriyeh","بازورية","","","exact-pcode","ADM3_PCODE=62246","1","accepted","none","owner-review-pending","2026-08-06T08:11:43.434Z","Exact stable ADM3_PCODE mapping; owner approval remains pending"
"LB-XW-88418A85314C","LB-LOC-62274","LB-LOC-62274","62274","LB-GOV-0DD2DAE4DD83","LB-DIST-EC70FD23603B","","Bedias","بدياس","بدياس","SRC-NATIONAL-VILLAGE-MANIFEST","62274","Bedias","بدياس","","","exact-pcode","ADM3_PCODE=62274","1","accepted","none","owner-review-pending","2026-08-06T08:11:43.434Z","Exact stable ADM3_PCODE mapping; owner approval remains pending"
"LB-XW-2B927E4B007E","LB-LOC-62249","LB-LOC-62249","62249","LB-GOV-0DD2DAE4DD83","LB-DIST-EC70FD23603B","","Bestiyat","بستيات","بستيات","SRC-NATIONAL-VILLAGE-MANIFEST","62249","Bestiyat","بستيات","","","exact-pcode","ADM3_PCODE=62249","1","accepted","none","owner-review-pending","2026-08-06T08:11:43.434Z","Exact stable ADM3_PCODE mapping; owner approval remains pending"
"LB-XW-20E820AACCE7","LB-LOC-62226","LB-LOC-62226","62226","LB-GOV-0DD2DAE4DD83","LB-DIST-EC70FD23603B","","Biyad","البياض صور","البياض صور","SRC-NATIONAL-VILLAGE-MANIFEST","62226","Biyad","البياض صور","","","exact-pcode","ADM3_PCODE=62226","1","accepted","none","owner-review-pending","2026-08-06T08:11:43.434Z","Exact stable ADM3_PCODE mapping; owner approval remains pending"
"LB-XW-C9C9A8BFA6CF","LB-LOC-62128","LB-LOC-62128","62128","LB-GOV-0DD2DAE4DD83","LB-DIST-EC70FD23603B","","Borj Ech-Chemali","برج الشمالي","برج الشمالي","SRC-NATIONAL-VILLAGE-MANIFEST","62128","Borj Ech-Chemali","برج الشمالي","","","exact-pcode","ADM3_PCODE=62128","1","accepted","none","owner-review-pending","2026-08-06T08:11:43.434Z","Exact stable ADM3_PCODE mapping; owner approval remains pending"
"LB-XW-FEC74375AA91","LB-LOC-62312","LB-LOC-62312","62312","LB-GOV-0DD2DAE4DD83","LB-DIST-EC70FD23603B","","Borj En-Naqoura","الناقورة","الناقورة","SRC-NATIONAL-VILLAGE-MANIFEST","62312","Borj En-Naqoura","الناقورة","","","exact-pcode","ADM3_PCODE=62312","1","accepted","none","owner-review-pending","2026-08-06T08:11:43.434Z","Exact stable ADM3_PCODE mapping; owner approval remains pending"
"LB-XW-4BD1BEC50703","LB-LOC-62283","LB-LOC-62283","62283","LB-GOV-0DD2DAE4DD83","LB-DIST-EC70FD23603B","","Borj Rahhal","برج رحال","برج رحال","SRC-NATIONAL-VILLAGE-MANIFEST","62283","Borj Rahhal","برج رحال","","","exact-pcode","ADM3_PCODE=62283","1","accepted","none","owner-review-pending","2026-08-06T08:11:43.434Z","Exact stable ADM3_PCODE mapping; owner approval remains pending"
"LB-XW-DB99971DC3AD","LB-LOC-62321","LB-LOC-62321","62321","LB-GOV-0DD2DAE4DD83","LB-DIST-EC70FD23603B","","Boustane","بستان صور","بستان صور","SRC-NATIONAL-VILLAGE-MANIFEST","62321","Boustane","بستان صور","","","exact-pcode","ADM3_PCODE=62321","1","accepted","none","owner-review-pending","2026-08-06T08:11:43.434Z","Exact stable ADM3_PCODE mapping; owner approval remains pending"
"LB-XW-E80BF3E1AEA4","LB-LOC-62331","LB-LOC-62331","62331","LB-GOV-0DD2DAE4DD83","LB-DIST-EC70FD23603B","","Btaychiyeh","بطيشية","بطيشية","SRC-NATIONAL-VILLAGE-MANIFEST","62331","Btaychiyeh","بطيشية","","","exact-pcode","ADM3_PCODE=62331","1","accepted","none","owner-review-pending","2026-08-06T08:11:43.434Z","Exact stable ADM3_PCODE mapping; owner approval remains pending"
"LB-XW-706F394B2D1B","LB-LOC-62277","LB-LOC-62277","62277","LB-GOV-0DD2DAE4DD83","LB-DIST-EC70FD23603B","","Chaaitiyeh","شعيتية","شعيتية","SRC-NATIONAL-VILLAGE-MANIFEST","62277","Chaaitiyeh","شعيتية","","","exact-pcode","ADM3_PCODE=62277","1","accepted","none","owner-review-pending","2026-08-06T08:11:43.434Z","Exact stable ADM3_PCODE mapping; owner approval remains pending"
"LB-XW-43835E076AF8","LB-LOC-62298","LB-LOC-62298","62298","LB-GOV-0DD2DAE4DD83","LB-DIST-EC70FD23603B","","Chamaa","شمع","شمع","SRC-NATIONAL-VILLAGE-MANIFEST","62298","Chamaa","شمع","","","exact-pcode","ADM3_PCODE=62298","1","accepted","none","owner-review-pending","2026-08-06T08:11:43.434Z","Exact stable ADM3_PCODE mapping; owner approval remains pending"
"LB-XW-F7299779A872","LB-LOC-62254","LB-LOC-62254","62254","LB-GOV-0DD2DAE4DD83","LB-DIST-EC70FD23603B","","Chehabiyeh","شهابية","شهابية","SRC-NATIONAL-VILLAGE-MANIFEST","62254","Chehabiyeh","شهابية","","","exact-pcode","ADM3_PCODE=62254","1","accepted","none","owner-review-pending","2026-08-06T08:11:43.434Z","Exact stable ADM3_PCODE mapping; owner approval remains pending"
"LB-XW-D317303D1FF7","LB-LOC-62264","LB-LOC-62264","62264","LB-GOV-0DD2DAE4DD83","LB-DIST-EC70FD23603B","","Chehour","شحور","شحور","SRC-NATIONAL-VILLAGE-MANIFEST","62264","Chehour","شحور","","","exact-pcode","ADM3_PCODE=62264","1","accepted","none","owner-review-pending","2026-08-06T08:11:43.434Z","Exact stable ADM3_PCODE mapping; owner approval remains pending"
"LB-XW-FFDB5F18620A","LB-LOC-62285","LB-LOC-62285","62285","LB-GOV-0DD2DAE4DD83","LB-DIST-EC70FD23603B","","Chihine","شيحين","شيحين","SRC-NATIONAL-VILLAGE-MANIFEST","62285","Chihine","شيحين","","","exact-pcode","ADM3_PCODE=62285","1","accepted","none","owner-review-pending","2026-08-06T08:11:43.434Z","Exact stable ADM3_PCODE mapping; owner approval remains pending"
"LB-XW-2A76547EDEF9","LB-LOC-62212","LB-LOC-62212","62212","LB-GOV-0DD2DAE4DD83","LB-DIST-EC70FD23603B","","Debaal Sour","دبعل","دبعل","SRC-NATIONAL-VILLAGE-MANIFEST","62212","Debaal Sour","دبعل","","","exact-pcode","ADM3_PCODE=62212","1","accepted","none","owner-review-pending","2026-08-06T08:11:43.434Z","Exact stable ADM3_PCODE mapping; owner approval remains pending"
"LB-XW-3753E8EAE005","LB-LOC-62223","LB-LOC-62223","62223","LB-GOV-0DD2DAE4DD83","LB-DIST-EC70FD23603B","","Deir Aames","ديرعامص","ديرعامص","SRC-NATIONAL-VILLAGE-MANIFEST","62223","Deir Aames","ديرعامص","","","exact-pcode","ADM3_PCODE=62223","1","accepted","none","owner-review-pending","2026-08-06T08:11:43.434Z","Exact stable ADM3_PCODE mapping; owner approval remains pending"
"LB-XW-31B8B2F9D753","LB-LOC-62251","LB-LOC-62251","62251","LB-GOV-0DD2DAE4DD83","LB-DIST-EC70FD23603B","","Deir Kifa","دير كيفا","دير كيفا","SRC-NATIONAL-VILLAGE-MANIFEST","62251","Deir Kifa","دير كيفا","","","exact-pcode","ADM3_PCODE=62251","1","accepted","none","owner-review-pending","2026-08-06T08:11:43.434Z","Exact stable ADM3_PCODE mapping; owner approval remains pending"
"LB-XW-E2CA97821636","LB-LOC-62179","LB-LOC-62179","62179","LB-GOV-0DD2DAE4DD83","LB-DIST-EC70FD23603B","","Deir Qanoun El-Aain","دير قانون","دير قانون","SRC-NATIONAL-VILLAGE-MANIFEST","62179","Deir Qanoun El-Aain","دير قانون","","","exact-pcode","ADM3_PCODE=62179","1","accepted","none","owner-review-pending","2026-08-06T08:11:43.434Z","Exact stable ADM3_PCODE mapping; owner approval remains pending"
"LB-XW-0F2E2C7D916E","LB-LOC-62263","LB-LOC-62263","62263","LB-GOV-0DD2DAE4DD83","LB-DIST-EC70FD23603B","","Deir Qanoun En-Nahr","دير قانون النهر","دير قانون النهر","SRC-NATIONAL-VILLAGE-MANIFEST","62263","Deir Qanoun En-Nahr","دير قانون النهر","","","exact-pcode","ADM3_PCODE=62263","1","accepted","none","owner-review-pending","2026-08-06T08:11:43.434Z","Exact stable ADM3_PCODE mapping; owner approval remains pending"
"LB-XW-7D95501953C8","LB-LOC-62239","LB-LOC-62239","62239","LB-GOV-0DD2DAE4DD83","LB-DIST-EC70FD23603B","","Derdaghaiya","دردغايا","دردغايا","SRC-NATIONAL-VILLAGE-MANIFEST","62239","Derdaghaiya","دردغايا","","","exact-pcode","ADM3_PCODE=62239","1","accepted","none","owner-review-pending","2026-08-06T08:11:43.434Z","Exact stable ADM3_PCODE mapping; owner approval remains pending"
"LB-XW-0B5496E6C92E","LB-LOC-62341","LB-LOC-62341","62341","LB-GOV-0DD2DAE4DD83","LB-DIST-EC70FD23603B","","Dhayra","ظهيرة","ظهيرة","SRC-NATIONAL-VILLAGE-MANIFEST","62341","Dhayra","ظهيرة","","","exact-pcode","ADM3_PCODE=62341","1","accepted","none","owner-review-pending","2026-08-06T08:11:43.434Z","Exact stable ADM3_PCODE mapping; owner approval remains pending"
"LB-XW-D2E7B4C9A660","LB-LOC-62269","LB-LOC-62269","62269","LB-GOV-0DD2DAE4DD83","LB-DIST-EC70FD23603B","","Halloussiyeh","حلوسية","حلوسية","SRC-NATIONAL-VILLAGE-MANIFEST","62269","Halloussiyeh","حلوسية","","","exact-pcode","ADM3_PCODE=62269","1","accepted","none","owner-review-pending","2026-08-06T08:11:43.434Z","Exact stable ADM3_PCODE mapping; owner approval remains pending"
"LB-XW-F5FF32E8620B","LB-LOC-62314","LB-LOC-62314","62314","LB-GOV-0DD2DAE4DD83","LB-DIST-EC70FD23603B","","Hamoul","حامول","حامول","SRC-NATIONAL-VILLAGE-MANIFEST","62314","Hamoul","حامول","","","exact-pcode","ADM3_PCODE=62314","1","accepted","none","owner-review-pending","2026-08-06T08:11:43.434Z","Exact stable ADM3_PCODE mapping; owner approval remains pending"
"LB-XW-89B590372000","LB-LOC-62247","LB-LOC-62247","62247","LB-GOV-0DD2DAE4DD83","LB-DIST-EC70FD23603B","","Hanaouay","حناوي","حناوي","SRC-NATIONAL-VILLAGE-MANIFEST","62247","Hanaouay","حناوي","","","exact-pcode","ADM3_PCODE=62247","1","accepted","none","owner-review-pending","2026-08-06T08:11:43.434Z","Exact stable ADM3_PCODE mapping; owner approval remains pending"
"LB-XW-FC2A3CC57F19","LB-LOC-62293","LB-LOC-62293","62293","LB-GOV-0DD2DAE4DD83","LB-DIST-EC70FD23603B","","Henniyeh","حنية","حنية","SRC-NATIONAL-VILLAGE-MANIFEST","62293","Henniyeh","حنية","","","exact-pcode","ADM3_PCODE=62293","1","accepted","none","owner-review-pending","2026-08-06T08:11:43.434Z","Exact stable ADM3_PCODE mapping; owner approval remains pending"
"LB-XW-6AB1BFF7CC6C","LB-LOC-62244","LB-LOC-62244","62244","LB-GOV-0DD2DAE4DD83","LB-DIST-EC70FD23603B","","Hmairi Sour","حميري","حميري","SRC-NATIONAL-VILLAGE-MANIFEST","62244","Hmairi Sour","حميري","","","exact-pcode","ADM3_PCODE=62244","1","accepted","none","owner-review-pending","2026-08-06T08:11:43.434Z","Exact stable ADM3_PCODE mapping; owner approval remains pending"
"LB-XW-5C0D446715E6","LB-LOC-62299","LB-LOC-62299","62299","LB-GOV-0DD2DAE4DD83","LB-DIST-EC70FD23603B","","Iskandarouna Sour","إسكندرونة","اسكندرونة","SRC-NATIONAL-VILLAGE-MANIFEST","62299","Iskandarouna Sour","إسكندرونة","","","exact-pcode","ADM3_PCODE=62299","1","accepted","none","owner-review-pending","2026-08-06T08:11:43.434Z","Exact stable ADM3_PCODE mapping; owner approval remains pending"
"LB-XW-DCE308EF6851","LB-LOC-62279","LB-LOC-62279","62279","LB-GOV-0DD2DAE4DD83","LB-DIST-EC70FD23603B","","Jbal El-Botm","جبال البطم","جبال البطم","SRC-NATIONAL-VILLAGE-MANIFEST","62279","Jbal El-Botm","جبال البطم","","","exact-pcode","ADM3_PCODE=62279","1","accepted","none","owner-review-pending","2026-08-06T08:11:43.434Z","Exact stable ADM3_PCODE mapping; owner approval remains pending"
"LB-XW-19C6F7618983","LB-LOC-62237","LB-LOC-62237","62237","LB-GOV-0DD2DAE4DD83","LB-DIST-EC70FD23603B","","Jennata","جناتا","جناتا","SRC-NATIONAL-VILLAGE-MANIFEST","62237","Jennata","جناتا","","","exact-pcode","ADM3_PCODE=62237","1","accepted","none","owner-review-pending","2026-08-06T08:11:43.434Z","Exact stable ADM3_PCODE mapping; owner approval remains pending"
"LB-XW-45ED8B61B9C4","LB-LOC-62292","LB-LOC-62292","62292","LB-GOV-0DD2DAE4DD83","LB-DIST-EC70FD23603B","","Jibbayn","جبين","جبين","SRC-NATIONAL-VILLAGE-MANIFEST","62292","Jibbayn","جبين","","","exact-pcode","ADM3_PCODE=62292","1","accepted","none","owner-review-pending","2026-08-06T08:11:43.434Z","Exact stable ADM3_PCODE mapping; owner approval remains pending"
"LB-XW-DF34F10F451F","LB-LOC-62318","LB-LOC-62318","62318","LB-GOV-0DD2DAE4DD83","LB-DIST-EC70FD23603B","","Jijim","ججيم","ججيم","SRC-NATIONAL-VILLAGE-MANIFEST","62318","Jijim","ججيم","","","exact-pcode","ADM3_PCODE=62318","1","accepted","none","owner-review-pending","2026-08-06T08:11:43.434Z","Exact stable ADM3_PCODE mapping; owner approval remains pending"
"LB-XW-F37313A5BFB8","LB-LOC-62211","LB-LOC-62211","62211","LB-GOV-0DD2DAE4DD83","LB-DIST-EC70FD23603B","","Jouaiya","جويا","جويا","SRC-NATIONAL-VILLAGE-MANIFEST","62211","Jouaiya","جويا","","","exact-pcode","ADM3_PCODE=62211","1","accepted","none","owner-review-pending","2026-08-06T08:11:43.434Z","Exact stable ADM3_PCODE mapping; owner approval remains pending"
"LB-XW-42A404A95CB3","LB-LOC-62267","LB-LOC-62267","62267","LB-GOV-0DD2DAE4DD83","LB-DIST-EC70FD23603B","","Kneisset Sour","كنيسة صور","كنيسة صور","SRC-NATIONAL-VILLAGE-MANIFEST","62267","Kneisset Sour","كنيسة صور","","","exact-pcode","ADM3_PCODE=62267","1","accepted","none","owner-review-pending","2026-08-06T08:11:43.434Z","Exact stable ADM3_PCODE mapping; owner approval remains pending"
"LB-XW-B581B539A976","LB-LOC-62231","LB-LOC-62231","62231","LB-GOV-0DD2DAE4DD83","LB-DIST-EC70FD23603B","","Maarakeh","معركة","معركة","SRC-NATIONAL-VILLAGE-MANIFEST","62231","Maarakeh","معركة","","","exact-pcode","ADM3_PCODE=62231","1","accepted","none","owner-review-pending","2026-08-06T08:11:43.434Z","Exact stable ADM3_PCODE mapping; owner approval remains pending"
"LB-XW-3AFF6560F50E","LB-LOC-62234","LB-LOC-62234","62234","LB-GOV-0DD2DAE4DD83","LB-DIST-EC70FD23603B","","Maaroub","معروب","معروب","SRC-NATIONAL-VILLAGE-MANIFEST","62234","Maaroub","معروب","","","exact-pcode","ADM3_PCODE=62234","1","accepted","none","owner-review-pending","2026-08-06T08:11:43.434Z","Exact stable ADM3_PCODE mapping; owner approval remains pending"
"LB-XW-27804D901A84","LB-LOC-62214","LB-LOC-62214","62214","LB-GOV-0DD2DAE4DD83","LB-DIST-EC70FD23603B","","Majdel","المجادل","المجادل","SRC-NATIONAL-VILLAGE-MANIFEST","62214","Majdel","المجادل","","","exact-pcode","ADM3_PCODE=62214","1","accepted","none","owner-review-pending","2026-08-06T08:11:43.434Z","Exact stable ADM3_PCODE mapping; owner approval remains pending"
"LB-XW-6352912D92BA","LB-LOC-62297","LB-LOC-62297","62297","LB-GOV-0DD2DAE4DD83","LB-DIST-EC70FD23603B","","Majdelzoun","مجدل زون","مجدل زون","SRC-NATIONAL-VILLAGE-MANIFEST","62297","Majdelzoun","مجدل زون","","","exact-pcode","ADM3_PCODE=62297","1","accepted","none","owner-review-pending","2026-08-06T08:11:43.434Z","Exact stable ADM3_PCODE mapping; owner approval remains pending"
"LB-XW-F95AC889439B","LB-LOC-62296","LB-LOC-62296","62296","LB-GOV-0DD2DAE4DD83","LB-DIST-EC70FD23603B","","Mansouri Sour","المنصوري","المنصوري","SRC-NATIONAL-VILLAGE-MANIFEST","62296","Mansouri Sour","المنصوري","","","exact-pcode","ADM3_PCODE=62296","1","accepted","none","owner-review-pending","2026-08-06T08:11:43.434Z","Exact stable ADM3_PCODE mapping; owner approval remains pending"
"LB-XW-6C2424A9FDB9","LB-LOC-62284","LB-LOC-62284","62284","LB-GOV-0DD2DAE4DD83","LB-DIST-EC70FD23603B","","Marnba","مرنبا","مرنبا","SRC-NATIONAL-VILLAGE-MANIFEST","62284","Marnba","مرنبا","","","exact-pcode","ADM3_PCODE=62284","1","accepted","none","owner-review-pending","2026-08-06T08:11:43.434Z","Exact stable ADM3_PCODE mapping; owner approval remains pending"
"LB-XW-CC350D1DE64F","LB-LOC-62351","LB-LOC-62351","62351","LB-GOV-0DD2DAE4DD83","LB-DIST-EC70FD23603B","","Mazraat Ez-Zalloutiyeh","مزرعة الزلوطية","مزرعة الزلوطية","SRC-NATIONAL-VILLAGE-MANIFEST","62351","Mazraat Ez-Zalloutiyeh","مزرعة الزلوطية","","","exact-pcode","ADM3_PCODE=62351","1","accepted","none","owner-review-pending","2026-08-06T08:11:43.434Z","Exact stable ADM3_PCODE mapping; owner approval remains pending"
"LB-XW-5D4A26368079","LB-LOC-62215","LB-LOC-62215","62215","LB-GOV-0DD2DAE4DD83","LB-DIST-EC70FD23603B","","Mazraat Mechref","مزرعة المشرف","مزرعة المشرف","SRC-NATIONAL-VILLAGE-MANIFEST","62215","Mazraat Mechref","مزرعة المشرف","","","exact-pcode","ADM3_PCODE=62215","1","accepted","none","owner-review-pending","2026-08-06T08:11:43.434Z","Exact stable ADM3_PCODE mapping; owner approval remains pending"
"LB-XW-F18F486183CD","LB-LOC-62281","LB-LOC-62281","62281","LB-GOV-0DD2DAE4DD83","LB-DIST-EC70FD23603B","","Mazraat Tayr Semhat","طير سمحات","طير سمحات","SRC-NATIONAL-VILLAGE-MANIFEST","62281","Mazraat Tayr Semhat","طير سمحات","","","exact-pcode","ADM3_PCODE=62281","1","accepted","none","owner-review-pending","2026-08-06T08:11:43.434Z","Exact stable ADM3_PCODE mapping; owner approval remains pending"
"LB-XW-09FF0486E438","LB-LOC-62311","LB-LOC-62311","62311","LB-GOV-0DD2DAE4DD83","LB-DIST-EC70FD23603B","","Merouahine","مروحين","مروحين","SRC-NATIONAL-VILLAGE-MANIFEST","62311","Merouahine","مروحين","","","exact-pcode","ADM3_PCODE=62311","1","accepted","none","owner-review-pending","2026-08-06T08:11:43.434Z","Exact stable ADM3_PCODE mapping; owner approval remains pending"
"LB-XW-2AED063923A7","LB-LOC-62245","LB-LOC-62245","62245","LB-GOV-0DD2DAE4DD83","LB-DIST-EC70FD23603B","","Mheilib","محيليب","محيليب","SRC-NATIONAL-VILLAGE-MANIFEST","62245","Mheilib","محيليب","","","exact-pcode","ADM3_PCODE=62245","1","accepted","none","owner-review-pending","2026-08-06T08:11:43.434Z","Exact stable ADM3_PCODE mapping; owner approval remains pending"
"LB-XW-93B723C36AC3","LB-LOC-62233","LB-LOC-62233","62233","LB-GOV-0DD2DAE4DD83","LB-DIST-EC70FD23603B","","Neftakhiyeh","نفاخية","نفاخية","SRC-NATIONAL-VILLAGE-MANIFEST","62233","Neftakhiyeh","نفاخية","","","exact-pcode","ADM3_PCODE=62233","1","accepted","none","owner-review-pending","2026-08-06T08:11:43.434Z","Exact stable ADM3_PCODE mapping; owner approval remains pending"
"LB-XW-E54A049B387C","LB-LOC-62257","LB-LOC-62257","62257","LB-GOV-0DD2DAE4DD83","LB-DIST-EC70FD23603B","","Niha Sour","نيحا صور","نيحا صور","SRC-NATIONAL-VILLAGE-MANIFEST","62257","Niha Sour","نيحا صور","","","exact-pcode","ADM3_PCODE=62257","1","accepted","none","owner-review-pending","2026-08-06T08:11:43.434Z","Exact stable ADM3_PCODE mapping; owner approval remains pending"
"LB-XW-22A9464A5050","LB-LOC-62218","LB-LOC-62218","62218","LB-GOV-0DD2DAE4DD83","LB-DIST-EC70FD23603B","","Ouadi Jilo","وادي جيلو","وادي جيلو","SRC-NATIONAL-VILLAGE-MANIFEST","62218","Ouadi Jilo","وادي جيلو","","","exact-pcode","ADM3_PCODE=62218","1","accepted","none","owner-review-pending","2026-08-06T08:11:43.434Z","Exact stable ADM3_PCODE mapping; owner approval remains pending"
"LB-XW-7B2BE0AA555C","LB-LOC-62229","LB-LOC-62229","62229","LB-GOV-0DD2DAE4DD83","LB-DIST-EC70FD23603B","","Qana","قانا","قانا","SRC-NATIONAL-VILLAGE-MANIFEST","62229","Qana","قانا","","","exact-pcode","ADM3_PCODE=62229","1","accepted","none","owner-review-pending","2026-08-06T08:11:43.434Z","Exact stable ADM3_PCODE mapping; owner approval remains pending"
"LB-XW-61D0BEC401A9","LB-LOC-62287","LB-LOC-62287","62287","LB-GOV-0DD2DAE4DD83","LB-DIST-EC70FD23603B","","Qlaileh Sour","قليلة","قليلة","SRC-NATIONAL-VILLAGE-MANIFEST","62287","Qlaileh Sour","قليلة","","","exact-pcode","ADM3_PCODE=62287","1","accepted","none","owner-review-pending","2026-08-06T08:11:43.434Z","Exact stable ADM3_PCODE mapping; owner approval remains pending"
"LB-XW-3BBF678F3834","LB-LOC-62236","LB-LOC-62236","62236","LB-GOV-0DD2DAE4DD83","LB-DIST-EC70FD23603B","","Recheknanay","رشكنانيه","رشكنانيه","SRC-NATIONAL-VILLAGE-MANIFEST","62236","Recheknanay","رشكنانيه","","","exact-pcode","ADM3_PCODE=62236","1","accepted","none","owner-review-pending","2026-08-06T08:11:43.434Z","Exact stable ADM3_PCODE mapping; owner approval remains pending"
"LB-XW-34D9A242D3DA","LB-LOC-62259","LB-LOC-62259","62259","LB-GOV-0DD2DAE4DD83","LB-DIST-EC70FD23603B","","Rmadiyeh","رمادية","رمادية","SRC-NATIONAL-VILLAGE-MANIFEST","62259","Rmadiyeh","رمادية","","","exact-pcode","ADM3_PCODE=62259","1","accepted","none","owner-review-pending","2026-08-06T08:11:43.434Z","Exact stable ADM3_PCODE mapping; owner approval remains pending"
"LB-XW-038751DD2C31","LB-LOC-62241","LB-LOC-62241","62241","LB-GOV-0DD2DAE4DD83","LB-DIST-EC70FD23603B","","Sadiqine","صديقين","صديقين","SRC-NATIONAL-VILLAGE-MANIFEST","62241","Sadiqine","صديقين","","","exact-pcode","ADM3_PCODE=62241","1","accepted","none","owner-review-pending","2026-08-06T08:11:43.434Z","Exact stable ADM3_PCODE mapping; owner approval remains pending"
"LB-XW-1CA939DE2FD1","LB-LOC-62227","LB-LOC-62227","62227","LB-GOV-0DD2DAE4DD83","LB-DIST-EC70FD23603B","","Selaa Sour","سلعا","سلعا","SRC-NATIONAL-VILLAGE-MANIFEST","62227","Selaa Sour","سلعا","","","exact-pcode","ADM3_PCODE=62227","1","accepted","none","owner-review-pending","2026-08-06T08:11:43.434Z","Exact stable ADM3_PCODE mapping; owner approval remains pending"
"LB-XW-A69CB2C38626","LB-LOC-62111","LB-LOC-62111","62111","LB-GOV-0DD2DAE4DD83","LB-DIST-EC70FD23603B","","Sour","صور","صور","SRC-NATIONAL-VILLAGE-MANIFEST","62111","Sour","صور","","","exact-pcode","ADM3_PCODE=62111","1","accepted","none","owner-review-pending","2026-08-06T08:11:43.434Z","Exact stable ADM3_PCODE mapping; owner approval remains pending"
"LB-XW-7EEC43E675CC","LB-LOC-62266","LB-LOC-62266","62266","LB-GOV-0DD2DAE4DD83","LB-DIST-EC70FD23603B","","Srifa","صريفا","صريفا","SRC-NATIONAL-VILLAGE-MANIFEST","62266","Srifa","صريفا","","","exact-pcode","ADM3_PCODE=62266","1","accepted","none","owner-review-pending","2026-08-06T08:11:43.434Z","Exact stable ADM3_PCODE mapping; owner approval remains pending"
"LB-XW-3C86EC230D0B","LB-LOC-62253","LB-LOC-62253","62253","LB-GOV-0DD2DAE4DD83","LB-DIST-EC70FD23603B","","Tayr Debbeh","طير دبّه","طير دبه","SRC-NATIONAL-VILLAGE-MANIFEST","62253","Tayr Debbeh","طير دبّه","","","exact-pcode","ADM3_PCODE=62253","1","accepted","none","owner-review-pending","2026-08-06T08:11:43.434Z","Exact stable ADM3_PCODE mapping; owner approval remains pending"
"LB-XW-94A10F581B97","LB-LOC-62271","LB-LOC-62271","62271","LB-GOV-0DD2DAE4DD83","LB-DIST-EC70FD23603B","","Tayr Falsay","طير فلسيه","طير فلسيه","SRC-NATIONAL-VILLAGE-MANIFEST","62271","Tayr Falsay","طير فلسيه","","","exact-pcode","ADM3_PCODE=62271","1","accepted","none","owner-review-pending","2026-08-06T08:11:43.434Z","Exact stable ADM3_PCODE mapping; owner approval remains pending"
"LB-XW-9AB571D35E3A","LB-LOC-62295","LB-LOC-62295","62295","LB-GOV-0DD2DAE4DD83","LB-DIST-EC70FD23603B","","Tayr Harfa","طير حرفا","طير حرفا","SRC-NATIONAL-VILLAGE-MANIFEST","62295","Tayr Harfa","طير حرفا","","","exact-pcode","ADM3_PCODE=62295","1","accepted","none","owner-review-pending","2026-08-06T08:11:43.434Z","Exact stable ADM3_PCODE mapping; owner approval remains pending"
"LB-XW-376D65DAB34A","LB-LOC-62273","LB-LOC-62273","62273","LB-GOV-0DD2DAE4DD83","LB-DIST-EC70FD23603B","","Touayri","طويري","طويري","SRC-NATIONAL-VILLAGE-MANIFEST","62273","Touayri","طويري","","","exact-pcode","ADM3_PCODE=62273","1","accepted","none","owner-review-pending","2026-08-06T08:11:43.434Z","Exact stable ADM3_PCODE mapping; owner approval remains pending"
"LB-XW-CF74434BC090","LB-LOC-62261","LB-LOC-62261","62261","LB-GOV-0DD2DAE4DD83","LB-DIST-EC70FD23603B","","Toura","طورا","طورا","SRC-NATIONAL-VILLAGE-MANIFEST","62261","Toura","طورا","","","exact-pcode","ADM3_PCODE=62261","1","accepted","none","owner-review-pending","2026-08-06T08:11:43.434Z","Exact stable ADM3_PCODE mapping; owner approval remains pending"
"LB-XW-66A8D5E48292","LB-LOC-62219","LB-LOC-62219","62219","LB-GOV-0DD2DAE4DD83","LB-DIST-EC70FD23603B","","Yanouh Sour","يانوح صور","يانوح صور","SRC-NATIONAL-VILLAGE-MANIFEST","62219","Yanouh Sour","يانوح صور","","","exact-pcode","ADM3_PCODE=62219","1","accepted","none","owner-review-pending","2026-08-06T08:11:43.434Z","Exact stable ADM3_PCODE mapping; owner approval remains pending"
"LB-XW-412BD45A64AB","LB-LOC-62308","LB-LOC-62308","62308","LB-GOV-0DD2DAE4DD83","LB-DIST-EC70FD23603B","","Yarine","يارين","يارين","SRC-NATIONAL-VILLAGE-MANIFEST","62308","Yarine","يارين","","","exact-pcode","ADM3_PCODE=62308","1","accepted","none","owner-review-pending","2026-08-06T08:11:43.434Z","Exact stable ADM3_PCODE mapping; owner approval remains pending"
"LB-XW-CD8AB2B12482","LB-LOC-62286","LB-LOC-62286","62286","LB-GOV-0DD2DAE4DD83","LB-DIST-EC70FD23603B","","Zebqine","زبقين","زبقين","SRC-NATIONAL-VILLAGE-MANIFEST","62286","Zebqine","زبقين","","","exact-pcode","ADM3_PCODE=62286","1","accepted","none","owner-review-pending","2026-08-06T08:11:43.434Z","Exact stable ADM3_PCODE mapping; owner approval remains pending"
