"LB-LOC-35249","No stable identity or exact hierarchy/name match; manual review required"
"LB-LOC-35427","No stable identity or exact hierarchy/name match; manual review required"
"LB-LOC-35435","No stable identity or exact hierarchy/name match; manual review required"
"LB-LOC-35187","No stable identity or exact hierarchy/name match; manual review required"
"LB-LOC-35185","No stable identity or exact hierarchy/name match; manual review required"
"LB-LOC-35191","No stable identity or exact hierarchy/name match; manual review required"
"LB-LOC-35265","No stable identity or exact hierarchy/name match; manual review required"
"LB-LOC-35449","No stable identity or exact hierarchy/name match; manual review required"
"LB-LOC-35512","No stable identity or exact hierarchy/name match; manual review required"
"LB-LOC-35421","No stable identity or exact hierarchy/name match; manual review required"
"LB-LOC-35498","No stable identity or exact hierarchy/name match; manual review required"
"LB-LOC-35420","No stable identity or exact hierarchy/name match; manual review required"
"LB-LOC-35273","No stable identity or exact hierarchy/name match; manual review required"
"LB-LOC-35484","No stable identity or exact hierarchy/name match; manual review required"
"LB-LOC-35141","No stable identity or exact hierarchy/name match; manual review required"
"LB-LOC-35177","No stable identity or exact hierarchy/name match; manual review required"
"LB-LOC-35347","No stable identity or exact hierarchy/name match; manual review required"
"LB-LOC-35439","No stable identity or exact hierarchy/name match; manual review required"
"LB-LOC-35158","No stable identity or exact hierarchy/name match; manual review required"
"LB-LOC-35241","No stable identity or exact hierarchy/name match; manual review required"
"LB-LOC-35408","No stable identity or exact hierarchy/name match; manual review required"
"LB-LOC-35275","No stable identity or exact hierarchy/name match; manual review required"
"LB-LOC-35175","No stable identity or exact hierarchy/name match; manual review required"
"LB-LOC-35337","No stable identity or exact hierarchy/name match; manual review required"
"LB-LOC-35367","No stable identity or exact hierarchy/name match; manual review required"
"LB-LOC-35174","No stable identity or exact hierarchy/name match; manual review required"
"LB-LOC-35321","No stable identity or exact hierarchy/name match; manual review required"
"LB-LOC-35433","No stable identity or exact hierarchy/name match; manual review required"
"LB-LOC-35314","No stable identity or exact hierarchy/name match; manual review required"
"LB-LOC-35189","No stable identity or exact hierarchy/name match; manual review required"
"LB-LOC-35416","No stable identity or exact hierarchy/name match; manual review required"
"LB-LOC-35183","No stable identity or exact hierarchy/name match; manual review required"
"LB-LOC-35147","No stable identity or exact hierarchy/name match; manual review required"
"LB-LOC-35425","No stable identity or exact hierarchy/name match; manual review required"
"LB-LOC-35316","No stable identity or exact hierarchy/name match; manual review required"
"LB-LOC-35320","No stable identity or exact hierarchy/name match; manual review required"
"LB-LOC-35181","No stable identity or exact hierarchy/name match; manual review required"
"LB-LOC-35457","No stable identity or exact hierarchy/name match; manual review required"
"LB-LOC-35113","No stable identity or exact hierarchy/name match; manual review required"
"LB-LOC-35123","No stable identity or exact hierarchy/name match; manual review required"
"LB-LOC-35121","No stable identity or exact hierarchy/name match; manual review required"
"LB-LOC-35267","No stable identity or exact hierarchy/name match; manual review required"
"LB-LOC-35402","No stable identity or exact hierarchy/name match; manual review required"
"LB-LOC-35224","No stable identity or exact hierarchy/name match; manual review required"
"LB-LOC-35419","No stable identity or exact hierarchy/name match; manual review required"
"LB-LOC-35155","No stable identity or exact hierarchy/name match; manual review required"
"LB-LOC-35126","No stable identity or exact hierarchy/name match; manual review required"
"LB-LOC-35225","No stable identity or exact hierarchy/name match; manual review required"
"LB-LOC-35511","No stable identity or exact hierarchy/name match; manual review required"
"LB-LOC-35149","No stable identity or exact hierarchy/name match; manual review required"
"LB-LOC-35441","No stable identity or exact hierarchy/name match; manual review required"
"LB-LOC-35432","No stable identity or exact hierarchy/name match; manual review required"
"LB-LOC-35318","No stable identity or exact hierarchy/name match; manual review required"
"LB-LOC-35443","No stable identity or exact hierarchy/name match; manual review required"
"LB-LOC-35353","No stable identity or exact hierarchy/name match; manual review required"
"LB-LOC-35412","No stable identity or exact hierarchy/name match; manual review required"
"LB-LOC-35475","No stable identity or exact hierarchy/name match; manual review required"
"LB-LOC-35326","No stable identity or exact hierarchy/name match; manual review required"
"LB-LOC-35131","No stable identity or exact hierarchy/name match; manual review required"
"LB-LOC-35111","No stable identity or exact hierarchy/name match; manual review required"
"LB-LOC-35219","No stable identity or exact hierarchy/name match; manual review required"
"LB-LOC-35221","No stable identity or exact hierarchy/name match; manual review required"
"LB-LOC-35463","No stable identity or exact hierarchy/name match; manual review required"
"LB-LOC-35139","No stable identity or exact hierarchy/name match; manual review required"
"LB-LOC-35169","No stable identity or exact hierarchy/name match; manual review required"
"LB-LOC-35331","No stable identity or exact hierarchy/name match; manual review required"
"LB-LOC-35470","No stable identity or exact hierarchy/name match; manual review required"
"LB-LOC-35514","No stable identity or exact hierarchy/name match; manual review required"
"LB-LOC-35253","No stable identity or exact hierarchy/name match; manual review required"
"LB-LOC-35223","No stable identity or exact hierarchy/name match; manual review required"
"LB-LOC-35239","No stable identity or exact hierarchy/name match; manual review required"
"LB-LOC-35322","No stable identity or exact hierarchy/name match; manual review required"
"LB-LOC-35328","No stable identity or exact hierarchy/name match; manual review required"
"LB-LOC-35117","No stable identity or exact hierarchy/name match; manual review required"
"LB-LOC-35145","No stable identity or exact hierarchy/name match; manual review required"
"LB-LOC-35263","No stable identity or exact hierarchy/name match; manual review required"
"LB-LOC-35344","No stable identity or exact hierarchy/name match; manual review required"
"LB-LOC-35125","No stable identity or exact hierarchy/name match; manual review required"
"LB-LOC-35163","No stable identity or exact hierarchy/name match; manual review required"
"LB-LOC-35423","No stable identity or exact hierarchy/name match; manual review required"
"LB-LOC-35133","No stable identity or exact hierarchy/name match; manual review required"
"LB-LOC-35157","No stable identity or exact hierarchy/name match; manual review required"
"LB-LOC-35234","No stable identity or exact hierarchy/name match; manual review required"
"LB-LOC-35406","No stable identity or exact hierarchy/name match; manual review required"
"LB-LOC-35430","No stable identity or exact hierarchy/name match; manual review required"
"LB-LOC-35257","No stable identity or exact hierarchy/name match; manual review required"
"LB-LOC-35431","No stable identity or exact hierarchy/name match; manual review required"
"LB-LOC-35417","No stable identity or exact hierarchy/name match; manual review required"
"LB-LOC-35410","No stable identity or exact hierarchy/name match; manual review required"
"LB-LOC-35330","No stable identity or exact hierarchy/name match; manual review required"
"LB-LOC-35216","No stable identity or exact hierarchy/name match; manual review required"
"LB-LOC-35245","No stable identity or exact hierarchy/name match; manual review required"
"LB-LOC-35515","No stable identity or exact hierarchy/name match; manual review required"
"LB-LOC-35465","No stable identity or exact hierarchy/name match; manual review required"
"LB-LOC-35429","No stable identity or exact hierarchy/name match; manual review required"
"LB-LOC-35215","No stable identity or exact hierarchy/name match; manual review required"
"LB-LOC-35119","No stable identity or exact hierarchy/name match; manual review required"
"LB-LOC-35137","No stable identity or exact hierarchy/name match; manual review required"
"LB-LOC-35437","No stable identity or exact hierarchy/name match; manual review required"
"LB-LOC-35354","No stable identity or exact hierarchy/name match; manual review required"
"LB-LOC-35128","No stable identity or exact hierarchy/name match; manual review required"
"LB-LOC-35167","No stable identity or exact hierarchy/name match; manual review required"
"LB-LOC-35255","No stable identity or exact hierarchy/name match; manual review required"
"LB-LOC-35229","No stable identity or exact hierarchy/name match; manual review required"
"LB-LOC-35516","No stable identity or exact hierarchy/name match; manual review required"
"LB-LOC-35134","No stable identity or exact hierarchy/name match; manual review required"
"LB-LOC-35486","No stable identity or exact hierarchy/name match; manual review required"
"LB-LOC-35371","No stable identity or exact hierarchy/name match; manual review required"
"LB-LOC-35277","No stable identity or exact hierarchy/name match; manual review required"
"LB-LOC-35351","No stable identity or exact hierarchy/name match; manual review required"
"LB-LOC-35251","No stable identity or exact hierarchy/name match; manual review required"
"LB-LOC-35129","No stable identity or exact hierarchy/name match; manual review required"
"LB-LOC-35414","No stable identity or exact hierarchy/name match; manual review required"
"LB-LOC-35261","No stable identity or exact hierarchy/name match; manual review required"
"LB-LOC-35451","No stable identity or exact hierarchy/name match; manual review required"
"LB-LOC-35461","No stable identity or exact hierarchy/name match; manual review required"
"LB-LOC-35115","No stable identity or exact hierarchy/name match; manual review required"
"LB-LOC-35445","No stable identity or exact hierarchy/name match; manual review required"
"LB-LOC-35455","No stable identity or exact hierarchy/name match; manual review required"
"LB-LOC-35364","No stable identity or exact hierarchy/name match; manual review required"
"LB-LOC-35233","No stable identity or exact hierarchy/name match; manual review required"
"LB-LOC-35325","No stable identity or exact hierarchy/name match; manual review required"
"LB-LOC-35453","No stable identity or exact hierarchy/name match; manual review required"
"LB-LOC-35135","No stable identity or exact hierarchy/name match; manual review required"
"LB-LOC-35341","No stable identity or exact hierarchy/name match; manual review required"
"LB-LOC-35518","No stable identity or exact hierarchy/name match; manual review required"
"LB-LOC-35487","No stable identity or exact hierarchy/name match; manual review required"
"LB-LOC-35179","No stable identity or exact hierarchy/name match; manual review required"
"LB-LOC-35243","No stable identity or exact hierarchy/name match; manual review required"
"LB-LOC-35317","No stable identity or exact hierarchy/name match; manual review required"
"LB-LOC-35352","No stable identity or exact hierarchy/name match; manual review required"
"LB-LOC-35269","No stable identity or exact hierarchy/name match; manual review required"
"LB-LOC-35334","No stable identity or exact hierarchy/name match; manual review required"
"LB-LOC-35415","No stable identity or exact hierarchy/name match; manual review required"
"LB-LOC-35357","No stable identity or exact hierarchy/name match; manual review required"
"LB-LOC-35467","No stable identity or exact hierarchy/name match; manual review required"
"LB-LOC-35404","No stable identity or exact hierarchy/name match; manual review required"
"LB-LOC-35281","No stable identity or exact hierarchy/name match; manual review required"
"LB-LOC-35217","No stable identity or exact hierarchy/name match; manual review required"
"LB-LOC-35327","No stable identity or exact hierarchy/name match; manual review required"
"LB-LOC-35469","No stable identity or exact hierarchy/name match; manual review required"
"LB-LOC-35271","No stable identity or exact hierarchy/name match; manual review required"
"LB-LOC-35227","No stable identity or exact hierarchy/name match; manual review required"
"LB-LOC-35311","No stable identity or exact hierarchy/name match; manual review required"
"LB-LOC-35259","No stable identity or exact hierarchy/name match; manual review required"
"LB-LOC-35324","No stable identity or exact hierarchy/name match; manual review required"
"LB-LOC-35447","No stable identity or exact hierarchy/name match; manual review required"
"LB-LOC-35411","No stable identity or exact hierarchy/name match; manual review required"
"LB-LOC-35143","No stable identity or exact hierarchy/name match; manual review required"
"LB-LOC-35471","No stable identity or exact hierarchy/name match; manual review required"
"LB-LOC-35213","No stable identity or exact hierarchy/name match; manual review required"
"LB-LOC-35211","No stable identity or exact hierarchy/name match; manual review required"
"LB-LOC-35235","No stable identity or exact hierarchy/name match; manual review required"
"LB-LOC-35237","No stable identity or exact hierarchy/name match; manual review required"
"LB-LOC-35231","No stable identity or exact hierarchy/name match; manual review required"
"LB-LOC-35247","No stable identity or exact hierarchy/name match; manual review required"
"LB-LOC-35173","No stable identity or exact hierarchy/name match; manual review required"
"LB-LOC-35171","No stable identity or exact hierarchy/name match; manual review required"
"LB-LOC-35459","No stable identity or exact hierarchy/name match; manual review required"
"LB-LOC-35356","No stable identity or exact hierarchy/name match; manual review required"
"LB-LOC-35127","No stable identity or exact hierarchy/name match; manual review required"
"LB-LOC-35151","No stable identity or exact hierarchy/name match; manual review required"
"LB-LOC-35159","No stable identity or exact hierarchy/name match; manual review required"
"LB-LOC-35153","No stable identity or exact hierarchy/name match; manual review required"
"LB-LOC-35161","No stable identity or exact hierarchy/name match; manual review required"
"LB-LOC-53127","No stable identity or exact hierarchy/name match; manual review required"
"LB-LOC-53217","No stable identity or exact hierarchy/name match; manual review required"
"LB-LOC-53115","No stable identity or exact hierarchy/name match; manual review required"
"LB-LOC-53473","No stable identity or exact hierarchy/name match; manual review required"
"LB-LOC-53465","No stable identity or exact hierarchy/name match; manual review required"
"LB-LOC-53163","No stable identity or exact hierarchy/name match; manual review required"
"LB-LOC-53131","No stable identity or exact hierarchy/name match; manual review required"
"LB-LOC-53231","No stable identity or exact hierarchy/name match; manual review required"
"LB-LOC-53377","No stable identity or exact hierarchy/name match; manual review required"
"LB-LOC-53111","No stable identity or exact hierarchy/name match; manual review required"
"LB-LOC-53221","No stable identity or exact hierarchy/name match; manual review required"
"LB-LOC-53344","No stable identity or exact hierarchy/name match; manual review required"
"LB-LOC-53333","No stable identity or exact hierarchy/name match; manual review required"
"LB-LOC-53411","No stable identity or exact hierarchy/name match; manual review required"
"LB-LOC-53417","No stable identity or exact hierarchy/name match; manual review required"
"LB-LOC-53459","No stable identity or exact hierarchy/name match; manual review required"
"LB-LOC-53453","No stable identity or exact hierarchy/name match; manual review required"
"LB-LOC-53375","No stable identity or exact hierarchy/name match; manual review required"
"LB-LOC-53469","No stable identity or exact hierarchy/name match; manual review required"
"LB-LOC-53274","No stable identity or exact hierarchy/name match; manual review required"
"LB-LOC-53467","No stable identity or exact hierarchy/name match; manual review required"
"LB-LOC-53429","No stable identity or exact hierarchy/name match; manual review required"
"LB-LOC-53366","No stable identity or exact hierarchy/name match; manual review required"
"LB-LOC-53311","No stable identity or exact hierarchy/name match; manual review required"
"LB-LOC-53244","No stable identity or exact hierarchy/name match; manual review required"
"LB-LOC-53119","No stable identity or exact hierarchy/name match; manual review required"
"LB-LOC-53214","No stable identity or exact hierarchy/name match; manual review required"
"LB-LOC-53183","No stable identity or exact hierarchy/name match; manual review required"
"LB-LOC-53247","No stable identity or exact hierarchy/name match; manual review required"
"LB-LOC-53463","No stable identity or exact hierarchy/name match; manual review required"
"LB-LOC-53159","No stable identity or exact hierarchy/name match; manual review required"
"LB-LOC-53431","No stable identity or exact hierarchy/name match; manual review required"
"LB-LOC-53419","No stable identity or exact hierarchy/name match; manual review required"
"LB-LOC-53433","No stable identity or exact hierarchy/name match; manual review required"
"LB-LOC-53135","No stable identity or exact hierarchy/name match; manual review required"
"LB-LOC-53151","No stable identity or exact hierarchy/name match; manual review required"
"LB-LOC-53451","No stable identity or exact hierarchy/name match; manual review required"
"LB-LOC-53264","No stable identity or exact hierarchy/name match; manual review required"
"LB-LOC-53441","No stable identity or exact hierarchy/name match; manual review required"
"LB-LOC-53123","No stable identity or exact hierarchy/name match; manual review required"
"LB-LOC-53171","No stable identity or exact hierarchy/name match; manual review required"
"LB-LOC-53447","No stable identity or exact hierarchy/name match; manual review required"
"LB-LOC-53427","No stable identity or exact hierarchy/name match; manual review required"
"LB-LOC-53179","No stable identity or exact hierarchy/name match; manual review required"
"LB-LOC-54175","No stable identity or exact hierarchy/name match; manual review required"
"LB-LOC-53443","No stable identity or exact hierarchy/name match; manual review required"
"LB-LOC-53455","No stable identity or exact hierarchy/name match; manual review required"
"LB-LOC-53322","No stable identity or exact hierarchy/name match; manual review required"
"LB-LOC-53234","No stable identity or exact hierarchy/name match; manual review required"
"LB-LOC-53461","No stable identity or exact hierarchy/name match; manual review required"
"LB-LOC-53147","No stable identity or exact hierarchy/name match; manual review required"
"LB-LOC-53155","No stable identity or exact hierarchy/name match; manual review required"
"LB-LOC-53457","No stable identity or exact hierarchy/name match; manual review required"
"LB-LOC-53251","No stable identity or exact hierarchy/name match; manual review required"
"LB-LOC-53421","No stable identity or exact hierarchy/name match; manual review required"
"LB-LOC-53271","No stable identity or exact hierarchy/name match; manual review required"
"LB-LOC-53471","No stable identity or exact hierarchy/name match; manual review required"
"LB-LOC-53445","No stable identity or exact hierarchy/name match; manual review required"
"LB-LOC-53224","No stable identity or exact hierarchy/name match; manual review required"
"LB-LOC-53143","No stable identity or exact hierarchy/name match; manual review required"
"LB-LOC-54183","No stable identity or exact hierarchy/name match; manual review required"
"LB-LOC-53241","No stable identity or exact hierarchy/name match; manual review required"
"LB-LOC-53257","No stable identity or exact hierarchy/name match; manual review required"
"LB-LOC-53267","No stable identity or exact hierarchy/name match; manual review required"
"LB-LOC-53254","No stable identity or exact hierarchy/name match; manual review required"
"LB-LOC-53277","No stable identity or exact hierarchy/name match; manual review required"
"LB-LOC-53413","No stable identity or exact hierarchy/name match; manual review required"
"LB-LOC-53281","No stable identity or exact hierarchy/name match; manual review required"
"LB-LOC-53227","No stable identity or exact hierarchy/name match; manual review required"
"LB-LOC-53211","No stable identity or exact hierarchy/name match; manual review required"
"LB-LOC-53355","No stable identity or exact hierarchy/name match; manual review required"
"LB-LOC-53167","No stable identity or exact hierarchy/name match; manual review required"
"LB-LOC-53261","No stable identity or exact hierarchy/name match; manual review required"
"LB-LOC-53437","No stable identity or exact hierarchy/name match; manual review required"
"LB-LOC-53423","No stable identity or exact hierarchy/name match; manual review required"
"LB-LOC-53139","No stable identity or exact hierarchy/name match; manual review required"
"LB-LOC-53439","No stable identity or exact hierarchy/name match; manual review required"
"LB-LOC-53435","No stable identity or exact hierarchy/name match; manual review required"
"LB-LOC-53415","No stable identity or exact hierarchy/name match; manual review required"
"LB-LOC-53425","No stable identity or exact hierarchy/name match; manual review required"
"LB-LOC-53475","No stable identity or exact hierarchy/name match; manual review required"
"LB-LOC-53449","No stable identity or exact hierarchy/name match; manual review required"
"LB-LOC-53388","No stable identity or exact hierarchy/name match; manual review required"
"LB-LOC-53284","No stable identity or exact hierarchy/name match; manual review required"
"LB-LOC-53237","No stable identity or exact hierarchy/name match; manual review required"
"LB-LOC-54127","No stable identity or exact hierarchy/name match; manual review required"
"LB-LOC-54111","No stable identity or exact hierarchy/name match; manual review required"
"LB-LOC-54159","No stable identity or exact hierarchy/name match; manual review required"
"LB-LOC-54167","No stable identity or exact hierarchy/name match; manual review required"
"LB-LOC-54114","No stable identity or exact hierarchy/name match; manual review required"
"LB-LOC-54151","No stable identity or exact hierarchy/name match; manual review required"
"LB-LOC-54135","No stable identity or exact hierarchy/name match; manual review required"
"LB-LOC-54143","No stable identity or exact hierarchy/name match; manual review required"
"LB-LOC-54119","No stable identity or exact hierarchy/name match; manual review required"
"LB-LOC-10650","No stable identity or exact hierarchy/name match; manual review required"
"LB-LOC-10110","No stable identity or exact hierarchy/name match; manual review required"
"LB-LOC-10350","No stable identity or exact hierarchy/name match; manual review required"
"LB-LOC-10999","No stable identity or exact hierarchy/name match; manual review required"
"LB-LOC-10450","No stable identity or exact hierarchy/name match; manual review required"
"LB-LOC-10310","No stable identity or exact hierarchy/name match; manual review required"
"LB-LOC-10610","No stable identity or exact hierarchy/name match; manual review required"
"LB-LOC-10250","No stable identity or exact hierarchy/name match; manual review required"
"LB-LOC-10210","No stable identity or exact hierarchy/name match; manual review required"
"LB-LOC-10150","No stable identity or exact hierarchy/name match; manual review required"
"LB-LOC-10550","No stable identity or exact hierarchy/name match; manual review required"
"LB-LOC-10510","No stable identity or exact hierarchy/name match; manual review required"
"LB-LOC-10410","No stable identity or exact hierarchy/name match; manual review required"
"LB-LOC-55167","No stable identity or exact hierarchy/name match; manual review required"
"LB-LOC-55171","No stable identity or exact hierarchy/name match; manual review required"
"LB-LOC-55147","No stable identity or exact hierarchy/name match; manual review required"
"LB-LOC-55114","No stable identity or exact hierarchy/name match; manual review required"
"LB-LOC-55117","No stable identity or exact hierarchy/name match; manual review required"
"LB-LOC-55194","No stable identity or exact hierarchy/name match; manual review required"
"LB-LOC-55177","No stable identity or exact hierarchy/name match; manual review required"
"LB-LOC-55121","No stable identity or exact hierarchy/name match; manual review required"
"LB-LOC-55127","No stable identity or exact hierarchy/name match; manual review required"
"LB-LOC-55164","No stable identity or exact hierarchy/name match; manual review required"
"LB-LOC-55124","No stable identity or exact hierarchy/name match; manual review required"
"LB-LOC-55187","No stable identity or exact hierarchy/name match; manual review required"
"LB-LOC-55161","No stable identity or exact hierarchy/name match; manual review required"
"LB-LOC-55197","No stable identity or exact hierarchy/name match; manual review required"
"LB-LOC-55144","No stable identity or exact hierarchy/name match; manual review required"
"LB-LOC-55137","No stable identity or exact hierarchy/name match; manual review required"
"LB-LOC-55154","No stable identity or exact hierarchy/name match; manual review required"
"LB-LOC-55134","No stable identity or exact hierarchy/name match; manual review required"
"LB-LOC-55151","No stable identity or exact hierarchy/name match; manual review required"
"LB-LOC-55174","No stable identity or exact hierarchy/name match; manual review required"
"LB-LOC-55181","No stable identity or exact hierarchy/name match; manual review required"
"LB-LOC-55141","No stable identity or exact hierarchy/name match; manual review required"
"LB-LOC-55199","No stable identity or exact hierarchy/name match; manual review required"
"LB-LOC-55111","No stable identity or exact hierarchy/name match; manual review required"
"LB-LOC-55157","No stable identity or exact hierarchy/name match; manual review required"
"LB-LOC-55191","No stable identity or exact hierarchy/name match; manual review required"
"LB-LOC-55131","No stable identity or exact hierarchy/name match; manual review required"
"LB-LOC-55184","No stable identity or exact hierarchy/name match; manual review required"
"LB-LOC-52116","No stable identity or exact hierarchy/name match; manual review required"
"LB-LOC-52146","No stable identity or exact hierarchy/name match; manual review required"
"LB-LOC-52176","No stable identity or exact hierarchy/name match; manual review required"
"LB-LOC-52161","No stable identity or exact hierarchy/name match; manual review required"
"LB-LOC-52121","No stable identity or exact hierarchy/name match; manual review required"
"LB-LOC-52224","No stable identity or exact hierarchy/name match; manual review required"
"LB-LOC-52126","No stable identity or exact hierarchy/name match; manual review required"
"LB-LOC-52181","No stable identity or exact hierarchy/name match; manual review required"
"LB-LOC-52251","No stable identity or exact hierarchy/name match; manual review required"
"LB-LOC-52131","No stable identity or exact hierarchy/name match; manual review required"
"LB-LOC-52166","No stable identity or exact hierarchy/name match; manual review required"
"LB-LOC-52227","No stable identity or exact hierarchy/name match; manual review required"
"LB-LOC-52254","No stable identity or exact hierarchy/name match; manual review required"
"LB-LOC-52271","No stable identity or exact hierarchy/name match; manual review required"
"LB-LOC-52257","No stable identity or exact hierarchy/name match; manual review required"
"LB-LOC-52211","No stable identity or exact hierarchy/name match; manual review required"
"LB-LOC-52156","No stable identity or exact hierarchy/name match; manual review required"
"LB-LOC-52217","No stable identity or exact hierarchy/name match; manual review required"
"LB-LOC-52234","No stable identity or exact hierarchy/name match; manual review required"
"LB-LOC-52247","No stable identity or exact hierarchy/name match; manual review required"
"LB-LOC-52151","No stable identity or exact hierarchy/name match; manual review required"
"LB-LOC-52214","No stable identity or exact hierarchy/name match; manual review required"
"LB-LOC-52274","No stable identity or exact hierarchy/name match; manual review required"
"LB-LOC-52141","No stable identity or exact hierarchy/name match; manual review required"
"LB-LOC-52111","No stable identity or exact hierarchy/name match; manual review required"
"LB-LOC-52244","No stable identity or exact hierarchy/name match; manual review required"
"LB-LOC-52171","No stable identity or exact hierarchy/name match; manual review required"
"LB-LOC-52277","No stable identity or exact hierarchy/name match; manual review required"
"LB-LOC-52287","No stable identity or exact hierarchy/name match; manual review required"
"LB-LOC-52261","No stable identity or exact hierarchy/name match; manual review required"
"LB-LOC-52237","No stable identity or exact hierarchy/name match; manual review required"
"LB-LOC-52291","No stable identity or exact hierarchy/name match; manual review required"
"LB-LOC-52295","No stable identity or exact hierarchy/name match; manual review required"
"LB-LOC-52136","No stable identity or exact hierarchy/name match; manual review required"
"LB-LOC-52267","No stable identity or exact hierarchy/name match; manual review required"
"LB-LOC-52241","No stable identity or exact hierarchy/name match; manual review required"
"LB-LOC-52264","No stable identity or exact hierarchy/name match; manual review required"
"LB-LOC-52231","No stable identity or exact hierarchy/name match; manual review required"
"LB-LOC-52221","No stable identity or exact hierarchy/name match; manual review required"
"LB-LOC-52281","No stable identity or exact hierarchy/name match; manual review required"
"LB-LOC-52284","No stable identity or exact hierarchy/name match; manual review required"
"LB-LOC-51377","No stable identity or exact hierarchy/name match; manual review required"
"LB-LOC-51323","No stable identity or exact hierarchy/name match; manual review required"
"LB-LOC-51281","No stable identity or exact hierarchy/name match; manual review required"
"LB-LOC-51163","No stable identity or exact hierarchy/name match; manual review required"
"LB-LOC-51267","No stable identity or exact hierarchy/name match; manual review required"
"LB-LOC-51244","No stable identity or exact hierarchy/name match; manual review required"
"LB-LOC-51247","No stable identity or exact hierarchy/name match; manual review required"
"LB-LOC-51211","No stable identity or exact hierarchy/name match; manual review required"
"LB-LOC-51383","No stable identity or exact hierarchy/name match; manual review required"
"LB-LOC-51347","No stable identity or exact hierarchy/name match; manual review required"
"LB-LOC-51139","No stable identity or exact hierarchy/name match; manual review required"
"LB-LOC-51335","No stable identity or exact hierarchy/name match; manual review required"
"LB-LOC-51329","No stable identity or exact hierarchy/name match; manual review required"
"LB-LOC-51251","No stable identity or exact hierarchy/name match; manual review required"
"LB-LOC-51317","No stable identity or exact hierarchy/name match; manual review required"
"LB-LOC-51237","No stable identity or exact hierarchy/name match; manual review required"
"LB-LOC-51264","No stable identity or exact hierarchy/name match; manual review required"
"LB-LOC-51157","No stable identity or exact hierarchy/name match; manual review required"
"LB-LOC-51341","No stable identity or exact hierarchy/name match; manual review required"
"LB-LOC-51224","No stable identity or exact hierarchy/name match; manual review required"
"LB-LOC-51389","No stable identity or exact hierarchy/name match; manual review required"
"LB-LOC-51184","No stable identity or exact hierarchy/name match; manual review required"
"LB-LOC-51284","No stable identity or exact hierarchy/name match; manual review required"
"LB-LOC-51217","No stable identity or exact hierarchy/name match; manual review required"
"LB-LOC-51371","No stable identity or exact hierarchy/name match; manual review required"
"LB-LOC-51185","No stable identity or exact hierarchy/name match; manual review required"
"LB-LOC-51241","No stable identity or exact hierarchy/name match; manual review required"
"LB-LOC-51271","No stable identity or exact hierarchy/name match; manual review required"
"LB-LOC-51151","No stable identity or exact hierarchy/name match; manual review required"
"LB-LOC-51354","No stable identity or exact hierarchy/name match; manual review required"
"LB-LOC-51287","No stable identity or exact hierarchy/name match; manual review required"
"LB-LOC-51177","No stable identity or exact hierarchy/name match; manual review required"
"LB-LOC-51257","No stable identity or exact hierarchy/name match; manual review required"
"LB-LOC-51189","No stable identity or exact hierarchy/name match; manual review required"
"LB-LOC-51173","No stable identity or exact hierarchy/name match; manual review required"
"LB-LOC-51234","No stable identity or exact hierarchy/name match; manual review required"
"LB-LOC-51353","No stable identity or exact hierarchy/name match; manual review required"
"LB-LOC-51359","No stable identity or exact hierarchy/name match; manual review required"
"LB-LOC-51311","No stable identity or exact hierarchy/name match; manual review required"
"LB-LOC-51231","No stable identity or exact hierarchy/name match; manual review required"
"LB-LOC-51221","No stable identity or exact hierarchy/name match; manual review required"
"LB-LOC-51227","No stable identity or exact hierarchy/name match; manual review required"
"LB-LOC-51274","No stable identity or exact hierarchy/name match; manual review required"
"LB-LOC-51261","No stable identity or exact hierarchy/name match; manual review required"
"LB-LOC-51277","No stable identity or exact hierarchy/name match; manual review required"
"LB-LOC-51365","No stable identity or exact hierarchy/name match; manual review required"
"LB-LOC-51145","No stable identity or exact hierarchy/name match; manual review required"
"LB-LOC-51127","No stable identity or exact hierarchy/name match; manual review required"
"LB-LOC-51123","No stable identity or exact hierarchy/name match; manual review required"
"LB-LOC-51135","No stable identity or exact hierarchy/name match; manual review required"
"LB-LOC-51115","No stable identity or exact hierarchy/name match; manual review required"
"LB-LOC-51129","No stable identity or exact hierarchy/name match; manual review required"
"LB-LOC-51133","No stable identity or exact hierarchy/name match; manual review required"
"LB-LOC-51119","No stable identity or exact hierarchy/name match; manual review required"
"LB-LOC-51121","No stable identity or exact hierarchy/name match; manual review required"
"LB-LOC-51111","No stable identity or exact hierarchy/name match; manual review required"
"LB-LOC-51117","No stable identity or exact hierarchy/name match; manual review required"
"LB-LOC-51131","No stable identity or exact hierarchy/name match; manual review required"
"LB-LOC-51113","No stable identity or exact hierarchy/name match; manual review required"
"LB-LOC-51125","No stable identity or exact hierarchy/name match; manual review required"
"LB-LOC-51214","No stable identity or exact hierarchy/name match; manual review required"
"LB-LOC-72143","No stable identity or exact hierarchy/name match; manual review required"
"LB-LOC-72151","No stable identity or exact hierarchy/name match; manual review required"
"LB-LOC-72224","No stable identity or exact hierarchy/name match; manual review required"
"LB-LOC-72119","No stable identity or exact hierarchy/name match; manual review required"
"LB-LOC-72183","No stable identity or exact hierarchy/name match; manual review required"
"LB-LOC-72227","No stable identity or exact hierarchy/name match; manual review required"
"LB-LOC-72287","No stable identity or exact hierarchy/name match; manual review required"
"LB-LOC-72237","No stable identity or exact hierarchy/name match; manual review required"
"LB-LOC-72111","No stable identity or exact hierarchy/name match; manual review required"
"LB-LOC-72264","No stable identity or exact hierarchy/name match; manual review required"
"LB-LOC-72229","No stable identity or exact hierarchy/name match; manual review required"
"LB-LOC-72281","No stable identity or exact hierarchy/name match; manual review required"
"LB-LOC-72244","No stable identity or exact hierarchy/name match; manual review required"
"LB-LOC-72276","No stable identity or exact hierarchy/name match; manual review required"
"LB-LOC-72274","No stable identity or exact hierarchy/name match; manual review required"
"LB-LOC-72231","No stable identity or exact hierarchy/name match; manual review required"
"LB-LOC-72284","No stable identity or exact hierarchy/name match; manual review required"
"LB-LOC-72241","No stable identity or exact hierarchy/name match; manual review required"
"LB-LOC-72221","No stable identity or exact hierarchy/name match; manual review required"
"LB-LOC-72257","No stable identity or exact hierarchy/name match; manual review required"
"LB-LOC-72247","No stable identity or exact hierarchy/name match; manual review required"
"LB-LOC-72234","No stable identity or exact hierarchy/name match; manual review required"
"LB-LOC-72251","No stable identity or exact hierarchy/name match; manual review required"
"LB-LOC-72127","No stable identity or exact hierarchy/name match; manual review required"
"LB-LOC-72261","No stable identity or exact hierarchy/name match; manual review required"
"LB-LOC-72291","No stable identity or exact hierarchy/name match; manual review required"
"LB-LOC-72175","No stable identity or exact hierarchy/name match; manual review required"
"LB-LOC-72271","No stable identity or exact hierarchy/name match; manual review required"
"LB-LOC-72191","No stable identity or exact hierarchy/name match; manual review required"
"LB-LOC-72167","No stable identity or exact hierarchy/name match; manual review required"
"LB-LOC-72217","No stable identity or exact hierarchy/name match; manual review required"
"LB-LOC-72135","No stable identity or exact hierarchy/name match; manual review required"
"LB-LOC-72214","No stable identity or exact hierarchy/name match; manual review required"
"LB-LOC-72267","No stable identity or exact hierarchy/name match; manual review required"
"LB-LOC-72211","No stable identity or exact hierarchy/name match; manual review required"
"LB-LOC-72254","No stable identity or exact hierarchy/name match; manual review required"
"LB-LOC-72159","No stable identity or exact hierarchy/name match; manual review required"
"LB-LOC-72277","No stable identity or exact hierarchy/name match; manual review required"
"LB-LOC-71351","No stable identity or exact hierarchy/name match; manual review required"
"LB-LOC-71347","No stable identity or exact hierarchy/name match; manual review required"
"LB-LOC-71216","No stable identity or exact hierarchy/name match; manual review required"
"LB-LOC-71226","No stable identity or exact hierarchy/name match; manual review required"
"LB-LOC-71115","No stable identity or exact hierarchy/name match; manual review required"
"LB-LOC-71256","No stable identity or exact hierarchy/name match; manual review required"
"LB-LOC-71271","No stable identity or exact hierarchy/name match; manual review required"
"LB-LOC-71361","No stable identity or exact hierarchy/name match; manual review required"
"LB-LOC-71377","No stable identity or exact hierarchy/name match; manual review required"
"LB-LOC-71276","No stable identity or exact hierarchy/name match; manual review required"
"LB-LOC-71387","No stable identity or exact hierarchy/name match; manual review required"
"LB-LOC-71321","No stable identity or exact hierarchy/name match; manual review required"
"LB-LOC-71144","No stable identity or exact hierarchy/name match; manual review required"
"LB-LOC-71311","No stable identity or exact hierarchy/name match; manual review required"
"LB-LOC-71334","No stable identity or exact hierarchy/name match; manual review required"
"LB-LOC-71155","No stable identity or exact hierarchy/name match; manual review required"
"LB-LOC-71371","No stable identity or exact hierarchy/name match; manual review required"
"LB-LOC-71331","No stable identity or exact hierarchy/name match; manual review required"
"LB-LOC-71251","No stable identity or exact hierarchy/name match; manual review required"
"LB-LOC-71246","No stable identity or exact hierarchy/name match; manual review required"
"LB-LOC-71266","No stable identity or exact hierarchy/name match; manual review required"
"LB-LOC-71231","No stable identity or exact hierarchy/name match; manual review required"
"LB-LOC-71211","No stable identity or exact hierarchy/name match; manual review required"
"LB-LOC-71337","No stable identity or exact hierarchy/name match; manual review required"
"LB-LOC-71354","No stable identity or exact hierarchy/name match; manual review required"
"LB-LOC-71133","No stable identity or exact hierarchy/name match; manual review required"
"LB-LOC-71391","No stable identity or exact hierarchy/name match; manual review required"
"LB-LOC-71166","No stable identity or exact hierarchy/name match; manual review required"
"LB-LOC-71221","No stable identity or exact hierarchy/name match; manual review required"
"LB-LOC-71177","No stable identity or exact hierarchy/name match; manual review required"
"LB-LOC-71344","No stable identity or exact hierarchy/name match; manual review required"
"LB-LOC-71386","No stable identity or exact hierarchy/name match; manual review required"
"LB-LOC-71341","No stable identity or exact hierarchy/name match; manual review required"
"LB-LOC-71357","No stable identity or exact hierarchy/name match; manual review required"
"LB-LOC-71314","No stable identity or exact hierarchy/name match; manual review required"
"LB-LOC-71117","No stable identity or exact hierarchy/name match; manual review required"
"LB-LOC-71384","No stable identity or exact hierarchy/name match; manual review required"
"LB-LOC-71241","No stable identity or exact hierarchy/name match; manual review required"
"LB-LOC-71111","No stable identity or exact hierarchy/name match; manual review required"
"LB-LOC-71113","No stable identity or exact hierarchy/name match; manual review required"
"LB-LOC-71327","No stable identity or exact hierarchy/name match; manual review required"
"LB-LOC-71381","No stable identity or exact hierarchy/name match; manual review required"
"LB-LOC-71374","No stable identity or exact hierarchy/name match; manual review required"
"LB-LOC-71261","No stable identity or exact hierarchy/name match; manual review required"
"LB-LOC-71236","No stable identity or exact hierarchy/name match; manual review required"
"LB-LOC-71397","No stable identity or exact hierarchy/name match; manual review required"
"LB-LOC-71324","No stable identity or exact hierarchy/name match; manual review required"
"LB-LOC-71394","No stable identity or exact hierarchy/name match; manual review required"
"LB-LOC-71367","No stable identity or exact hierarchy/name match; manual review required"
"LB-LOC-71364","No stable identity or exact hierarchy/name match; manual review required"
"LB-LOC-71281","No stable identity or exact hierarchy/name match; manual review required"
"LB-LOC-71122","No stable identity or exact hierarchy/name match; manual review required"
"LB-LOC-74114","No stable identity or exact hierarchy/name match; manual review required"
"LB-LOC-74126","No stable identity or exact hierarchy/name match; manual review required"
"LB-LOC-74112","No stable identity or exact hierarchy/name match; manual review required"
"LB-LOC-74155","No stable identity or exact hierarchy/name match; manual review required"
"LB-LOC-74130","No stable identity or exact hierarchy/name match; manual review required"
"LB-LOC-74124","No stable identity or exact hierarchy/name match; manual review required"
"LB-LOC-74179","No stable identity or exact hierarchy/name match; manual review required"
"LB-LOC-74116","No stable identity or exact hierarchy/name match; manual review required"
"LB-LOC-74111","No stable identity or exact hierarchy/name match; manual review required"
"LB-LOC-74122","No stable identity or exact hierarchy/name match; manual review required"
"LB-LOC-74133","No stable identity or exact hierarchy/name match; manual review required"
"LB-LOC-74160","No stable identity or exact hierarchy/name match; manual review required"
"LB-LOC-74120","No stable identity or exact hierarchy/name match; manual review required"
"LB-LOC-74175","No stable identity or exact hierarchy/name match; manual review required"
"LB-LOC-74168","No stable identity or exact hierarchy/name match; manual review required"
"LB-LOC-74181","No stable identity or exact hierarchy/name match; manual review required"
"LB-LOC-74177","No stable identity or exact hierarchy/name match; manual review required"
"LB-LOC-74131","No stable identity or exact hierarchy/name match; manual review required"
"LB-LOC-74128","No stable identity or exact hierarchy/name match; manual review required"
"LB-LOC-74158","No stable identity or exact hierarchy/name match; manual review required"
"LB-LOC-74118","No stable identity or exact hierarchy/name match; manual review required"
"LB-LOC-74141","No stable identity or exact hierarchy/name match; manual review required"
"LB-LOC-73211","No stable identity or exact hierarchy/name match; manual review required"
"LB-LOC-73256","No stable identity or exact hierarchy/name match; manual review required"
"LB-LOC-73162","No stable identity or exact hierarchy/name match; manual review required"
"LB-LOC-73293","No stable identity or exact hierarchy/name match; manual review required"
"LB-LOC-73191","No stable identity or exact hierarchy/name match; manual review required"
"LB-LOC-73226","No stable identity or exact hierarchy/name match; manual review required"
"LB-LOC-73135","No stable identity or exact hierarchy/name match; manual review required"
"LB-LOC-73288","No stable identity or exact hierarchy/name match; manual review required"
"LB-LOC-73146","No stable identity or exact hierarchy/name match; manual review required"
"LB-LOC-73116","No stable identity or exact hierarchy/name match; manual review required"
"LB-LOC-73167","No stable identity or exact hierarchy/name match; manual review required"
"LB-LOC-73230","No stable identity or exact hierarchy/name match; manual review required"
"LB-LOC-73119","No stable identity or exact hierarchy/name match; manual review required"
"LB-LOC-73234","No stable identity or exact hierarchy/name match; manual review required"
"LB-LOC-73183","No stable identity or exact hierarchy/name match; manual review required"
"LB-LOC-73127","No stable identity or exact hierarchy/name match; manual review required"
"LB-LOC-73228","No stable identity or exact hierarchy/name match; manual review required"
"LB-LOC-73159","No stable identity or exact hierarchy/name match; manual review required"
"LB-LOC-73279","No stable identity or exact hierarchy/name match; manual review required"
"LB-LOC-73111","No stable identity or exact hierarchy/name match; manual review required"
"LB-LOC-73245","No stable identity or exact hierarchy/name match; manual review required"
"LB-LOC-73143","No stable identity or exact hierarchy/name match; manual review required"
"LB-LOC-73175","No stable identity or exact hierarchy/name match; manual review required"
"LB-LOC-73250","No stable identity or exact hierarchy/name match; manual review required"
"LB-LOC-73248","No stable identity or exact hierarchy/name match; manual review required"
"LB-LOC-73262","No stable identity or exact hierarchy/name match; manual review required"
"LB-LOC-73276","No stable identity or exact hierarchy/name match; manual review required"
"LB-LOC-73151","No stable identity or exact hierarchy/name match; manual review required"
"LB-LOC-73257","No stable identity or exact hierarchy/name match; manual review required"
"LB-LOC-73280","No stable identity or exact hierarchy/name match; manual review required"
"LB-LOC-73244","No stable identity or exact hierarchy/name match; manual review required"
"LB-LOC-73232","No stable identity or exact hierarchy/name match; manual review required"
"LB-LOC-73282","No stable identity or exact hierarchy/name match; manual review required"
"LB-LOC-24375","No stable identity or exact hierarchy/name match; manual review required"
"LB-LOC-24259","No stable identity or exact hierarchy/name match; manual review required"
"LB-LOC-24477","No stable identity or exact hierarchy/name match; manual review required"
"LB-LOC-24219","No stable identity or exact hierarchy/name match; manual review required"
"LB-LOC-24325","No stable identity or exact hierarchy/name match; manual review required"
"LB-LOC-24431","No stable identity or exact hierarchy/name match; manual review required"
"LB-LOC-24317","No stable identity or exact hierarchy/name match; manual review required"
"LB-LOC-24371","No stable identity or exact hierarchy/name match; manual review required"
"LB-LOC-24361","No stable identity or exact hierarchy/name match; manual review required"
"LB-LOC-24311","No stable identity or exact hierarchy/name match; manual review required"
"LB-LOC-24365","No stable identity or exact hierarchy/name match; manual review required"
"LB-LOC-24211","No stable identity or exact hierarchy/name match; manual review required"
"LB-LOC-24351","No stable identity or exact hierarchy/name match; manual review required"
"LB-LOC-24329","No stable identity or exact hierarchy/name match; manual review required"
"LB-LOC-24454","No stable identity or exact hierarchy/name match; manual review required"
"LB-LOC-24235","No stable identity or exact hierarchy/name match; manual review required"
"LB-LOC-24343","No stable identity or exact hierarchy/name match; manual review required"
"LB-LOC-24243","No stable identity or exact hierarchy/name match; manual review required"
"LB-LOC-24283","No stable identity or exact hierarchy/name match; manual review required"
"LB-LOC-24434","No stable identity or exact hierarchy/name match; manual review required"
"LB-LOC-24327","No stable identity or exact hierarchy/name match; manual review required"
"LB-LOC-24414","No stable identity or exact hierarchy/name match; manual review required"
"LB-LOC-24411","No stable identity or exact hierarchy/name match; manual review required"
"LB-LOC-24369","No stable identity or exact hierarchy/name match; manual review required"
"LB-LOC-24321","No stable identity or exact hierarchy/name match; manual review required"
"LB-LOC-24267","No stable identity or exact hierarchy/name match; manual review required"
"LB-LOC-24484","No stable identity or exact hierarchy/name match; manual review required"
"LB-LOC-24319","No stable identity or exact hierarchy/name match; manual review required"
"LB-LOC-24355","No stable identity or exact hierarchy/name match; manual review required"
"LB-LOC-24464","No stable identity or exact hierarchy/name match; manual review required"
"LB-LOC-24291","No stable identity or exact hierarchy/name match; manual review required"
"LB-LOC-24421","No stable identity or exact hierarchy/name match; manual review required"
"LB-LOC-24447","No stable identity or exact hierarchy/name match; manual review required"
"LB-LOC-24417","No stable identity or exact hierarchy/name match; manual review required"
"LB-LOC-24444","No stable identity or exact hierarchy/name match; manual review required"
"LB-LOC-24353","No stable identity or exact hierarchy/name match; manual review required"
"LB-LOC-24339","No stable identity or exact hierarchy/name match; manual review required"
"LB-LOC-24111","No stable identity or exact hierarchy/name match; manual review required"
"LB-LOC-24155","No stable identity or exact hierarchy/name match; manual review required"
"LB-LOC-24133","No stable identity or exact hierarchy/name match; manual review required"
"LB-LOC-24251","No stable identity or exact hierarchy/name match; manual review required"
"LB-LOC-24177","No stable identity or exact hierarchy/name match; manual review required"
"LB-LOC-24357","No stable identity or exact hierarchy/name match; manual review required"
"LB-LOC-24345","No stable identity or exact hierarchy/name match; manual review required"
"LB-LOC-24323","No stable identity or exact hierarchy/name match; manual review required"
"LB-LOC-24461","No stable identity or exact hierarchy/name match; manual review required"
"LB-LOC-24437","No stable identity or exact hierarchy/name match; manual review required"
"LB-LOC-24275","No stable identity or exact hierarchy/name match; manual review required"
"LB-LOC-24451","No stable identity or exact hierarchy/name match; manual review required"
"LB-LOC-24373","No stable identity or exact hierarchy/name match; manual review required"
"LB-LOC-24313","No stable identity or exact hierarchy/name match; manual review required"
"LB-LOC-24337","No stable identity or exact hierarchy/name match; manual review required"
"LB-LOC-24341","No stable identity or exact hierarchy/name match; manual review required"
"LB-LOC-24377","No stable identity or exact hierarchy/name match; manual review required"
"LB-LOC-24471","No stable identity or exact hierarchy/name match; manual review required"
"LB-LOC-24424","No stable identity or exact hierarchy/name match; manual review required"
"LB-LOC-24441","No stable identity or exact hierarchy/name match; manual review required"
"LB-LOC-24474","No stable identity or exact hierarchy/name match; manual review required"
"LB-LOC-24443","No stable identity or exact hierarchy/name match; manual review required"
"LB-LOC-24457","No stable identity or exact hierarchy/name match; manual review required"
"LB-LOC-24349","No stable identity or exact hierarchy/name match; manual review required"
"LB-LOC-24481","No stable identity or exact hierarchy/name match; manual review required"
"LB-LOC-24315","No stable identity or exact hierarchy/name match; manual review required"
"LB-LOC-24467","No stable identity or exact hierarchy/name match; manual review required"
"LB-LOC-24359","No stable identity or exact hierarchy/name match; manual review required"
"LB-LOC-24335","No stable identity or exact hierarchy/name match; manual review required"
"LB-LOC-24367","No stable identity or exact hierarchy/name match; manual review required"
"LB-LOC-24347","No stable identity or exact hierarchy/name match; manual review required"
"LB-LOC-24427","No stable identity or exact hierarchy/name match; manual review required"
"LB-LOC-24363","No stable identity or exact hierarchy/name match; manual review required"
"LB-LOC-24227","No stable identity or exact hierarchy/name match; manual review required"
"LB-LOC-24331","No stable identity or exact hierarchy/name match; manual review required"
"LB-LOC-24333","No stable identity or exact hierarchy/name match; manual review required"
"LB-LOC-21341","No stable identity or exact hierarchy/name match; manual review required"
"LB-LOC-21314","No stable identity or exact hierarchy/name match; manual review required"
"LB-LOC-21371","No stable identity or exact hierarchy/name match; manual review required"
"LB-LOC-21381","No stable identity or exact hierarchy/name match; manual review required"
"LB-LOC-21471","No stable identity or exact hierarchy/name match; manual review required"
"LB-LOC-21211","No stable identity or exact hierarchy/name match; manual review required"
"LB-LOC-21311","No stable identity or exact hierarchy/name match; manual review required"
"LB-LOC-21436","No stable identity or exact hierarchy/name match; manual review required"
"LB-LOC-21177","No stable identity or exact hierarchy/name match; manual review required"
"LB-LOC-21227","No stable identity or exact hierarchy/name match; manual review required"
"LB-LOC-21283","No stable identity or exact hierarchy/name match; manual review required"
"LB-LOC-21441","No stable identity or exact hierarchy/name match; manual review required"
"LB-LOC-21451","No stable identity or exact hierarchy/name match; manual review required"
"LB-LOC-21466","No stable identity or exact hierarchy/name match; manual review required"
"LB-LOC-21426","No stable identity or exact hierarchy/name match; manual review required"
"LB-LOC-21111","No stable identity or exact hierarchy/name match; manual review required"
"LB-LOC-21347","No stable identity or exact hierarchy/name match; manual review required"
"LB-LOC-21354","No stable identity or exact hierarchy/name match; manual review required"
"LB-LOC-21367","No stable identity or exact hierarchy/name match; manual review required"
"LB-LOC-21337","No stable identity or exact hierarchy/name match; manual review required"
"LB-LOC-21391","No stable identity or exact hierarchy/name match; manual review required"
"LB-LOC-21446","No stable identity or exact hierarchy/name match; manual review required"
"LB-LOC-21133","No stable identity or exact hierarchy/name match; manual review required"
"LB-LOC-21219","No stable identity or exact hierarchy/name match; manual review required"
"LB-LOC-21411","No stable identity or exact hierarchy/name match; manual review required"
"LB-LOC-21275","No stable identity or exact hierarchy/name match; manual review required"
"LB-LOC-21327","No stable identity or exact hierarchy/name match; manual review required"
"LB-LOC-21144","No stable identity or exact hierarchy/name match; manual review required"
"LB-LOC-21397","No stable identity or exact hierarchy/name match; manual review required"
"LB-LOC-21324","No stable identity or exact hierarchy/name match; manual review required"
"LB-LOC-21461","No stable identity or exact hierarchy/name match; manual review required"
"LB-LOC-21487","No stable identity or exact hierarchy/name match; manual review required"
"LB-LOC-21251","No stable identity or exact hierarchy/name match; manual review required"
"LB-LOC-21476","No stable identity or exact hierarchy/name match; manual review required"
"LB-LOC-21421","No stable identity or exact hierarchy/name match; manual review required"
"LB-LOC-21431","No stable identity or exact hierarchy/name match; manual review required"
"LB-LOC-21377","No stable identity or exact hierarchy/name match; manual review required"
"LB-LOC-21166","No stable identity or exact hierarchy/name match; manual review required"
"LB-LOC-21243","No stable identity or exact hierarchy/name match; manual review required"
"LB-LOC-21235","No stable identity or exact hierarchy/name match; manual review required"
"LB-LOC-21321","No stable identity or exact hierarchy/name match; manual review required"
"LB-LOC-21267","No stable identity or exact hierarchy/name match; manual review required"
"LB-LOC-21259","No stable identity or exact hierarchy/name match; manual review required"
"LB-LOC-21416","No stable identity or exact hierarchy/name match; manual review required"
"LB-LOC-21357","No stable identity or exact hierarchy/name match; manual review required"
"LB-LOC-21361","No stable identity or exact hierarchy/name match; manual review required"
"LB-LOC-21456","No stable identity or exact hierarchy/name match; manual review required"
"LB-LOC-21344","No stable identity or exact hierarchy/name match; manual review required"
"LB-LOC-21364","No stable identity or exact hierarchy/name match; manual review required"
"LB-LOC-21331","No stable identity or exact hierarchy/name match; manual review required"
"LB-LOC-21351","No stable identity or exact hierarchy/name match; manual review required"
"LB-LOC-21334","No stable identity or exact hierarchy/name match; manual review required"
"LB-LOC-21317","No stable identity or exact hierarchy/name match; manual review required"
"LB-LOC-21394","No stable identity or exact hierarchy/name match; manual review required"
"LB-LOC-21188","No stable identity or exact hierarchy/name match; manual review required"
"LB-LOC-21481","No stable identity or exact hierarchy/name match; manual review required"
"LB-LOC-21374","No stable identity or exact hierarchy/name match; manual review required"
"LB-LOC-23627","No stable identity or exact hierarchy/name match; manual review required"
"LB-LOC-23619","No stable identity or exact hierarchy/name match; manual review required"
"LB-LOC-23469","No stable identity or exact hierarchy/name match; manual review required"
"LB-LOC-23533","No stable identity or exact hierarchy/name match; manual review required"
"LB-LOC-23311","No stable identity or exact hierarchy/name match; manual review required"
"LB-LOC-23639","No stable identity or exact hierarchy/name match; manual review required"
"LB-LOC-23427","No stable identity or exact hierarchy/name match; manual review required"
"LB-LOC-23239","No stable identity or exact hierarchy/name match; manual review required"
"LB-LOC-23544","No stable identity or exact hierarchy/name match; manual review required"
"LB-LOC-23631","No stable identity or exact hierarchy/name match; manual review required"
"LB-LOC-23511","No stable identity or exact hierarchy/name match; manual review required"
"LB-LOC-23255","No stable identity or exact hierarchy/name match; manual review required"
"LB-LOC-23251","No stable identity or exact hierarchy/name match; manual review required"
"LB-LOC-23679","No stable identity or exact hierarchy/name match; manual review required"
"LB-LOC-23675","No stable identity or exact hierarchy/name match; manual review required"
"LB-LOC-23663","No stable identity or exact hierarchy/name match; manual review required"
"LB-LOC-23687","No stable identity or exact hierarchy/name match; manual review required"
"LB-LOC-23423","No stable identity or exact hierarchy/name match; manual review required"
"LB-LOC-23411","No stable identity or exact hierarchy/name match; manual review required"
"LB-LOC-23263","No stable identity or exact hierarchy/name match; manual review required"
"LB-LOC-23451","No stable identity or exact hierarchy/name match; manual review required"
"LB-LOC-23253","No stable identity or exact hierarchy/name match; manual review required"
"LB-LOC-23356","No stable identity or exact hierarchy/name match; manual review required"
"LB-LOC-23615","No stable identity or exact hierarchy/name match; manual review required"
"LB-LOC-23247","No stable identity or exact hierarchy/name match; manual review required"
"LB-LOC-23457","No stable identity or exact hierarchy/name match; manual review required"
"LB-LOC-23459","No stable identity or exact hierarchy/name match; manual review required"
"LB-LOC-23386","No stable identity or exact hierarchy/name match; manual review required"
"LB-LOC-23223","No stable identity or exact hierarchy/name match; manual review required"
"LB-LOC-23211","No stable identity or exact hierarchy/name match; manual review required"
"LB-LOC-23275","No stable identity or exact hierarchy/name match; manual review required"
"LB-LOC-23453","No stable identity or exact hierarchy/name match; manual review required"
"LB-LOC-23279","No stable identity or exact hierarchy/name match; manual review required"
"LB-LOC-23219","No stable identity or exact hierarchy/name match; manual review required"
"LB-LOC-23111","No stable identity or exact hierarchy/name match; manual review required"
"LB-LOC-23227","No stable identity or exact hierarchy/name match; manual review required"
"LB-LOC-23435","No stable identity or exact hierarchy/name match; manual review required"
"LB-LOC-23522","No stable identity or exact hierarchy/name match; manual review required"
"LB-LOC-23346","No stable identity or exact hierarchy/name match; manual review required"
"LB-LOC-23413","No stable identity or exact hierarchy/name match; manual review required"
"LB-LOC-23429","No stable identity or exact hierarchy/name match; manual review required"
"LB-LOC-23259","No stable identity or exact hierarchy/name match; manual review required"
"LB-LOC-23447","No stable identity or exact hierarchy/name match; manual review required"
"LB-LOC-23449","No stable identity or exact hierarchy/name match; manual review required"
"LB-LOC-23467","No stable identity or exact hierarchy/name match; manual review required"
"LB-LOC-23438","No stable identity or exact hierarchy/name match; manual review required"
"LB-LOC-23566","No stable identity or exact hierarchy/name match; manual review required"
"LB-LOC-23647","No stable identity or exact hierarchy/name match; manual review required"
"LB-LOC-23588","No stable identity or exact hierarchy/name match; manual review required"
"LB-LOC-23271","No stable identity or exact hierarchy/name match; manual review required"
"LB-LOC-23577","No stable identity or exact hierarchy/name match; manual review required"
"LB-LOC-23671","No stable identity or exact hierarchy/name match; manual review required"
"LB-LOC-23623","No stable identity or exact hierarchy/name match; manual review required"
"LB-LOC-23267","No stable identity or exact hierarchy/name match; manual review required"
"LB-LOC-23376","No stable identity or exact hierarchy/name match; manual review required"
"LB-LOC-23316","No stable identity or exact hierarchy/name match; manual review required"
"LB-LOC-23336","No stable identity or exact hierarchy/name match; manual review required"
"LB-LOC-23643","No stable identity or exact hierarchy/name match; manual review required"
"LB-LOC-23231","No stable identity or exact hierarchy/name match; manual review required"
"LB-LOC-23433","No stable identity or exact hierarchy/name match; manual review required"
"LB-LOC-23415","No stable identity or exact hierarchy/name match; manual review required"
"LB-LOC-23454","No stable identity or exact hierarchy/name match; manual review required"
"LB-LOC-23439","No stable identity or exact hierarchy/name match; manual review required"
"LB-LOC-23655","No stable identity or exact hierarchy/name match; manual review required"
"LB-LOC-23455","No stable identity or exact hierarchy/name match; manual review required"
"LB-LOC-23419","No stable identity or exact hierarchy/name match; manual review required"
"LB-LOC-23635","No stable identity or exact hierarchy/name match; manual review required"
"LB-LOC-23371","No stable identity or exact hierarchy/name match; manual review required"
"LB-LOC-23425","No stable identity or exact hierarchy/name match; manual review required"
"LB-LOC-23235","No stable identity or exact hierarchy/name match; manual review required"
"LB-LOC-23421","No stable identity or exact hierarchy/name match; manual review required"
"LB-LOC-23667","No stable identity or exact hierarchy/name match; manual review required"
"LB-LOC-23326","No stable identity or exact hierarchy/name match; manual review required"
"LB-LOC-23445","No stable identity or exact hierarchy/name match; manual review required"
"LB-LOC-23215","No stable identity or exact hierarchy/name match; manual review required"
"LB-LOC-23361","No stable identity or exact hierarchy/name match; manual review required"
"LB-LOC-23651","No stable identity or exact hierarchy/name match; manual review required"
"LB-LOC-23431","No stable identity or exact hierarchy/name match; manual review required"
"LB-LOC-23366","No stable identity or exact hierarchy/name match; manual review required"
"LB-LOC-23171","No stable identity or exact hierarchy/name match; manual review required"
"LB-LOC-23341","No stable identity or exact hierarchy/name match; manual review required"
"LB-LOC-23461","No stable identity or exact hierarchy/name match; manual review required"
"LB-LOC-23611","No stable identity or exact hierarchy/name match; manual review required"
"LB-LOC-23659","No stable identity or exact hierarchy/name match; manual review required"
"LB-LOC-23365","No stable identity or exact hierarchy/name match; manual review required"
"LB-LOC-23141","No stable identity or exact hierarchy/name match; manual review required"
"LB-LOC-23625","No stable identity or exact hierarchy/name match; manual review required"
"LB-LOC-23237","No stable identity or exact hierarchy/name match; manual review required"
"LB-LOC-23555","No stable identity or exact hierarchy/name match; manual review required"
"LB-LOC-23441","No stable identity or exact hierarchy/name match; manual review required"
"LB-LOC-23443","No stable identity or exact hierarchy/name match; manual review required"
"LB-LOC-23331","No stable identity or exact hierarchy/name match; manual review required"
"LB-LOC-23463","No stable identity or exact hierarchy/name match; manual review required"
"LB-LOC-23351","No stable identity or exact hierarchy/name match; manual review required"
"LB-LOC-23321","No stable identity or exact hierarchy/name match; manual review required"
"LB-LOC-23417","No stable identity or exact hierarchy/name match; manual review required"
"LB-LOC-23243","No stable identity or exact hierarchy/name match; manual review required"
"LB-LOC-23437","No stable identity or exact hierarchy/name match; manual review required"
"LB-LOC-23381","No stable identity or exact hierarchy/name match; manual review required"
"LB-LOC-22551","No stable identity or exact hierarchy/name match; manual review required"
"LB-LOC-22471","No stable identity or exact hierarchy/name match; manual review required"
"LB-LOC-22543","No stable identity or exact hierarchy/name match; manual review required"
"LB-LOC-22777","No stable identity or exact hierarchy/name match; manual review required"
"LB-LOC-22523","No stable identity or exact hierarchy/name match; manual review required"
"LB-LOC-22737","No stable identity or exact hierarchy/name match; manual review required"
"LB-LOC-22727","No stable identity or exact hierarchy/name match; manual review required"
"LB-LOC-22563","No stable identity or exact hierarchy/name match; manual review required"
"LB-LOC-22714","No stable identity or exact hierarchy/name match; manual review required"
"LB-LOC-22423","No stable identity or exact hierarchy/name match; manual review required"
"LB-LOC-22343","No stable identity or exact hierarchy/name match; manual review required"
"LB-LOC-22555","No stable identity or exact hierarchy/name match; manual review required"
"LB-LOC-22635","No stable identity or exact hierarchy/name match; manual review required"
"LB-LOC-22767","No stable identity or exact hierarchy/name match; manual review required"
"LB-LOC-22575","No stable identity or exact hierarchy/name match; manual review required"
"LB-LOC-22751","No stable identity or exact hierarchy/name match; manual review required"
"LB-LOC-22311","No stable identity or exact hierarchy/name match; manual review required"
"LB-LOC-22659","No stable identity or exact hierarchy/name match; manual review required"
"LB-LOC-22228","No stable identity or exact hierarchy/name match; manual review required"
"LB-LOC-22797","No stable identity or exact hierarchy/name match; manual review required"
"LB-LOC-22531","No stable identity or exact hierarchy/name match; manual review required"
"LB-LOC-22459","No stable identity or exact hierarchy/name match; manual review required"
"LB-LOC-22451","No stable identity or exact hierarchy/name match; manual review required"
"LB-LOC-22667","No stable identity or exact hierarchy/name match; manual review required"
"LB-LOC-22535","No stable identity or exact hierarchy/name match; manual review required"
"LB-LOC-22511","No stable identity or exact hierarchy/name match; manual review required"
"LB-LOC-22724","No stable identity or exact hierarchy/name match; manual review required"
"LB-LOC-22111","No stable identity or exact hierarchy/name match; manual review required"
"LB-LOC-22431","No stable identity or exact hierarchy/name match; manual review required"
"LB-LOC-22611","No stable identity or exact hierarchy/name match; manual review required"
"LB-LOC-22439","No stable identity or exact hierarchy/name match; manual review required"
"LB-LOC-22691","No stable identity or exact hierarchy/name match; manual review required"
"LB-LOC-22757","No stable identity or exact hierarchy/name match; manual review required"
"LB-LOC-22359","No stable identity or exact hierarchy/name match; manual review required"
"LB-LOC-22559","No stable identity or exact hierarchy/name match; manual review required"
"LB-LOC-22764","No stable identity or exact hierarchy/name match; manual review required"
"LB-LOC-22754","No stable identity or exact hierarchy/name match; manual review required"
"LB-LOC-22591","No stable identity or exact hierarchy/name match; manual review required"
"LB-LOC-22675","No stable identity or exact hierarchy/name match; manual review required"
"LB-LOC-22415","No stable identity or exact hierarchy/name match; manual review required"
"LB-LOC-22375","No stable identity or exact hierarchy/name match; manual review required"
"LB-LOC-22579","No stable identity or exact hierarchy/name match; manual review required"
"LB-LOC-22487","No stable identity or exact hierarchy/name match; manual review required"
"LB-LOC-22245","No stable identity or exact hierarchy/name match; manual review required"
"LB-LOC-22479","No stable identity or exact hierarchy/name match; manual review required"
"LB-LOC-22262","No stable identity or exact hierarchy/name match; manual review required"
"LB-LOC-22463","No stable identity or exact hierarchy/name match; manual review required"
"LB-LOC-22761","No stable identity or exact hierarchy/name match; manual review required"
"LB-LOC-22419","No stable identity or exact hierarchy/name match; manual review required"
"LB-LOC-22571","No stable identity or exact hierarchy/name match; manual review required"
"LB-LOC-22383","No stable identity or exact hierarchy/name match; manual review required"
"LB-LOC-22583","No stable identity or exact hierarchy/name match; manual review required"
"LB-LOC-22547","No stable identity or exact hierarchy/name match; manual review required"
"LB-LOC-22327","No stable identity or exact hierarchy/name match; manual review required"
"LB-LOC-22211","No stable identity or exact hierarchy/name match; manual review required"
"LB-LOC-22587","No stable identity or exact hierarchy/name match; manual review required"
"LB-LOC-22619","No stable identity or exact hierarchy/name match; manual review required"
"LB-LOC-22781","No stable identity or exact hierarchy/name match; manual review required"
"LB-LOC-22799","No stable identity or exact hierarchy/name match; manual review required"
"LB-LOC-22722","No stable identity or exact hierarchy/name match; manual review required"
"LB-LOC-22747","No stable identity or exact hierarchy/name match; manual review required"
"LB-LOC-22787","No stable identity or exact hierarchy/name match; manual review required"
"LB-LOC-22774","No stable identity or exact hierarchy/name match; manual review required"
"LB-LOC-22435","No stable identity or exact hierarchy/name match; manual review required"
"LB-LOC-22411","No stable identity or exact hierarchy/name match; manual review required"
"LB-LOC-22527","No stable identity or exact hierarchy/name match; manual review required"
"LB-LOC-22784","No stable identity or exact hierarchy/name match; manual review required"
"LB-LOC-22734","No stable identity or exact hierarchy/name match; manual review required"
"LB-LOC-22627","No stable identity or exact hierarchy/name match; manual review required"
"LB-LOC-22539","No stable identity or exact hierarchy/name match; manual review required"
"LB-LOC-22391","No stable identity or exact hierarchy/name match; manual review required"
"LB-LOC-22367","No stable identity or exact hierarchy/name match; manual review required"
"LB-LOC-22475","No stable identity or exact hierarchy/name match; manual review required"
"LB-LOC-22717","No stable identity or exact hierarchy/name match; manual review required"
"LB-LOC-22319","No stable identity or exact hierarchy/name match; manual review required"
"LB-LOC-22515","No stable identity or exact hierarchy/name match; manual review required"
"LB-LOC-22279","No stable identity or exact hierarchy/name match; manual review required"
"LB-LOC-22733","No stable identity or exact hierarchy/name match; manual review required"
"LB-LOC-22711","No stable identity or exact hierarchy/name match; manual review required"
"LB-LOC-22447","No stable identity or exact hierarchy/name match; manual review required"
"LB-LOC-22651","No stable identity or exact hierarchy/name match; manual review required"
"LB-LOC-22443","No stable identity or exact hierarchy/name match; manual review required"
"LB-LOC-22335","No stable identity or exact hierarchy/name match; manual review required"
"LB-LOC-22519","No stable identity or exact hierarchy/name match; manual review required"
"LB-LOC-22791","No stable identity or exact hierarchy/name match; manual review required"
"LB-LOC-22731","No stable identity or exact hierarchy/name match; manual review required"
"LB-LOC-22744","No stable identity or exact hierarchy/name match; manual review required"
"LB-LOC-22683","No stable identity or exact hierarchy/name match; manual review required"
"LB-LOC-22643","No stable identity or exact hierarchy/name match; manual review required"
"LB-LOC-22455","No stable identity or exact hierarchy/name match; manual review required"
"LB-LOC-22595","No stable identity or exact hierarchy/name match; manual review required"
"LB-LOC-22427","No stable identity or exact hierarchy/name match; manual review required"
"LB-LOC-22567","No stable identity or exact hierarchy/name match; manual review required"
"LB-LOC-22155","No stable identity or exact hierarchy/name match; manual review required"
"LB-LOC-22794","No stable identity or exact hierarchy/name match; manual review required"
"LB-LOC-22483","No stable identity or exact hierarchy/name match; manual review required"
"LB-LOC-22351","No stable identity or exact hierarchy/name match; manual review required"
"LB-LOC-22741","No stable identity or exact hierarchy/name match; manual review required"
"LB-LOC-22771","No stable identity or exact hierarchy/name match; manual review required"
"LB-LOC-22467","No stable identity or exact hierarchy/name match; manual review required"
"LB-LOC-26256","No stable identity or exact hierarchy/name match; manual review required"
"LB-LOC-26221","No stable identity or exact hierarchy/name match; manual review required"
"LB-LOC-26317","No stable identity or exact hierarchy/name match; manual review required"
"LB-LOC-26227","No stable identity or exact hierarchy/name match; manual review required"
"LB-LOC-26289","No stable identity or exact hierarchy/name match; manual review required"
"LB-LOC-26219","No stable identity or exact hierarchy/name match; manual review required"
"LB-LOC-26212","No stable identity or exact hierarchy/name match; manual review required"
"LB-LOC-26214","No stable identity or exact hierarchy/name match; manual review required"
"LB-LOC-26141","No stable identity or exact hierarchy/name match; manual review required"
"LB-LOC-26371","No stable identity or exact hierarchy/name match; manual review required"
"LB-LOC-26374","No stable identity or exact hierarchy/name match; manual review required"
"LB-LOC-26392","No stable identity or exact hierarchy/name match; manual review required"
"LB-LOC-26239","No stable identity or exact hierarchy/name match; manual review required"
"LB-LOC-26364","No stable identity or exact hierarchy/name match; manual review required"
"LB-LOC-26299","No stable identity or exact hierarchy/name match; manual review required"
"LB-LOC-26244","No stable identity or exact hierarchy/name match; manual review required"
"LB-LOC-26259","No stable identity or exact hierarchy/name match; manual review required"
"LB-LOC-26271","No stable identity or exact hierarchy/name match; manual review required"
"LB-LOC-26276","No stable identity or exact hierarchy/name match; manual review required"
"LB-LOC-26297","No stable identity or exact hierarchy/name match; manual review required"
"LB-LOC-26183","No stable identity or exact hierarchy/name match; manual review required"
"LB-LOC-26243","No stable identity or exact hierarchy/name match; manual review required"
"LB-LOC-26269","No stable identity or exact hierarchy/name match; manual review required"
"LB-LOC-26237","No stable identity or exact hierarchy/name match; manual review required"
"LB-LOC-26129","No stable identity or exact hierarchy/name match; manual review required"
"LB-LOC-26283","No stable identity or exact hierarchy/name match; manual review required"
"LB-LOC-26354","No stable identity or exact hierarchy/name match; manual review required"
"LB-LOC-26253","No stable identity or exact hierarchy/name match; manual review required"
"LB-LOC-26279","No stable identity or exact hierarchy/name match; manual review required"
"LB-LOC-26295","No stable identity or exact hierarchy/name match; manual review required"
"LB-LOC-26296","No stable identity or exact hierarchy/name match; manual review required"
"LB-LOC-26135","No stable identity or exact hierarchy/name match; manual review required"
"LB-LOC-26211","No stable identity or exact hierarchy/name match; manual review required"
"LB-LOC-26266","No stable identity or exact hierarchy/name match; manual review required"
"LB-LOC-26217","No stable identity or exact hierarchy/name match; manual review required"
"LB-LOC-26298","No stable identity or exact hierarchy/name match; manual review required"
"LB-LOC-26223","No stable identity or exact hierarchy/name match; manual review required"
"LB-LOC-26337","No stable identity or exact hierarchy/name match; manual review required"
"LB-LOC-26277","No stable identity or exact hierarchy/name match; manual review required"
"LB-LOC-26294","No stable identity or exact hierarchy/name match; manual review required"
"LB-LOC-26291","No stable identity or exact hierarchy/name match; manual review required"
"LB-LOC-26234","No stable identity or exact hierarchy/name match; manual review required"
"LB-LOC-26147","No stable identity or exact hierarchy/name match; manual review required"
"LB-LOC-26247","No stable identity or exact hierarchy/name match; manual review required"
"LB-LOC-26153","No stable identity or exact hierarchy/name match; manual review required"
"LB-LOC-26281","No stable identity or exact hierarchy/name match; manual review required"
"LB-LOC-26284","No stable identity or exact hierarchy/name match; manual review required"
"LB-LOC-26324","No stable identity or exact hierarchy/name match; manual review required"
"LB-LOC-26390","No stable identity or exact hierarchy/name match; manual review required"
"LB-LOC-26388","No stable identity or exact hierarchy/name match; manual review required"
"LB-LOC-26226","No stable identity or exact hierarchy/name match; manual review required"
"LB-LOC-26286","No stable identity or exact hierarchy/name match; manual review required"
"LB-LOC-26229","No stable identity or exact hierarchy/name match; manual review required"
"LB-LOC-26381","No stable identity or exact hierarchy/name match; manual review required"
"LB-LOC-26327","No stable identity or exact hierarchy/name match; manual review required"
"LB-LOC-26111","No stable identity or exact hierarchy/name match; manual review required"
"LB-LOC-26165","No stable identity or exact hierarchy/name match; manual review required"
"LB-LOC-26274","No stable identity or exact hierarchy/name match; manual review required"
"LB-LOC-26236","No stable identity or exact hierarchy/name match; manual review required"
"LB-LOC-26273","No stable identity or exact hierarchy/name match; manual review required"
"LB-LOC-26224","No stable identity or exact hierarchy/name match; manual review required"
"LB-LOC-26189","No stable identity or exact hierarchy/name match; manual review required"
"LB-LOC-26287","No stable identity or exact hierarchy/name match; manual review required"
"LB-LOC-26264","No stable identity or exact hierarchy/name match; manual review required"
"LB-LOC-26267","No stable identity or exact hierarchy/name match; manual review required"
"LB-LOC-26249","No stable identity or exact hierarchy/name match; manual review required"
"LB-LOC-26361","No stable identity or exact hierarchy/name match; manual review required"
"LB-LOC-26331","No stable identity or exact hierarchy/name match; manual review required"
"LB-LOC-26233","No stable identity or exact hierarchy/name match; manual review required"
"LB-LOC-26293","No stable identity or exact hierarchy/name match; manual review required"
"LB-LOC-26357","No stable identity or exact hierarchy/name match; manual review required"
"LB-LOC-26314","No stable identity or exact hierarchy/name match; manual review required"
"LB-LOC-26117","No stable identity or exact hierarchy/name match; manual review required"
"LB-LOC-26257","No stable identity or exact hierarchy/name match; manual review required"
"LB-LOC-26213","No stable identity or exact hierarchy/name match; manual review required"
"LB-LOC-26321","No stable identity or exact hierarchy/name match; manual review required"
"LB-LOC-26231","No stable identity or exact hierarchy/name match; manual review required"
"LB-LOC-26341","No stable identity or exact hierarchy/name match; manual review required"
"LB-LOC-26218","No stable identity or exact hierarchy/name match; manual review required"
"LB-LOC-26177","No stable identity or exact hierarchy/name match; manual review required"
"LB-LOC-26171","No stable identity or exact hierarchy/name match; manual review required"
"LB-LOC-26367","No stable identity or exact hierarchy/name match; manual review required"
"LB-LOC-26311","No stable identity or exact hierarchy/name match; manual review required"
"LB-LOC-26123","No stable identity or exact hierarchy/name match; manual review required"
"LB-LOC-26351","No stable identity or exact hierarchy/name match; manual review required"
"LB-LOC-26251","No stable identity or exact hierarchy/name match; manual review required"
"LB-LOC-26261","No stable identity or exact hierarchy/name match; manual review required"
"LB-LOC-26241","No stable identity or exact hierarchy/name match; manual review required"
"LB-LOC-26159","No stable identity or exact hierarchy/name match; manual review required"
"LB-LOC-26377","No stable identity or exact hierarchy/name match; manual review required"
"LB-LOC-26263","No stable identity or exact hierarchy/name match; manual review required"
"LB-LOC-26254","No stable identity or exact hierarchy/name match; manual review required"
"LB-LOC-26334","No stable identity or exact hierarchy/name match; manual review required"
"LB-LOC-26220","No stable identity or exact hierarchy/name match; manual review required"
"LB-LOC-26344","No stable identity or exact hierarchy/name match; manual review required"
"LB-LOC-26384","No stable identity or exact hierarchy/name match; manual review required"
"LB-LOC-26215","No stable identity or exact hierarchy/name match; manual review required"
"LB-LOC-26347","No stable identity or exact hierarchy/name match; manual review required"
"LB-LOC-26246","No stable identity or exact hierarchy/name match; manual review required"
"LB-LOC-25423","No stable identity or exact hierarchy/name match; manual review required"
"LB-LOC-25463","No stable identity or exact hierarchy/name match; manual review required"
"LB-LOC-25251","No stable identity or exact hierarchy/name match; manual review required"
"LB-LOC-25211","No stable identity or exact hierarchy/name match; manual review required"
"LB-LOC-25171","No stable identity or exact hierarchy/name match; manual review required"
"LB-LOC-25327","No stable identity or exact hierarchy/name match; manual review required"
"LB-LOC-25361","No stable identity or exact hierarchy/name match; manual review required"
"LB-LOC-25156","No stable identity or exact hierarchy/name match; manual review required"
"LB-LOC-25271","No stable identity or exact hierarchy/name match; manual review required"
"LB-LOC-25221","No stable identity or exact hierarchy/name match; manual review required"
"LB-LOC-25325","No stable identity or exact hierarchy/name match; manual review required"
"LB-LOC-25431","No stable identity or exact hierarchy/name match; manual review required"
"LB-LOC-25443","No stable identity or exact hierarchy/name match; manual review required"
"LB-LOC-25369","No stable identity or exact hierarchy/name match; manual review required"
"LB-LOC-25166","No stable identity or exact hierarchy/name match; manual review required"
"LB-LOC-25313","No stable identity or exact hierarchy/name match; manual review required"
"LB-LOC-25451","No stable identity or exact hierarchy/name match; manual review required"
"LB-LOC-25176","No stable identity or exact hierarchy/name match; manual review required"
"LB-LOC-25337","No stable identity or exact hierarchy/name match; manual review required"
"LB-LOC-25351","No stable identity or exact hierarchy/name match; manual review required"
"LB-LOC-25315","No stable identity or exact hierarchy/name match; manual review required"
"LB-LOC-25479","No stable identity or exact hierarchy/name match; manual review required"
"LB-LOC-25347","No stable identity or exact hierarchy/name match; manual review required"
"LB-LOC-25241","No stable identity or exact hierarchy/name match; manual review required"
"LB-LOC-25335","No stable identity or exact hierarchy/name match; manual review required"
"LB-LOC-25323","No stable identity or exact hierarchy/name match; manual review required"
"LB-LOC-25475","No stable identity or exact hierarchy/name match; manual review required"
"LB-LOC-25427","No stable identity or exact hierarchy/name match; manual review required"
"LB-LOC-25311","No stable identity or exact hierarchy/name match; manual review required"
"LB-LOC-25363","No stable identity or exact hierarchy/name match; manual review required"
"LB-LOC-25331","No stable identity or exact hierarchy/name match; manual review required"
"LB-LOC-25343","No stable identity or exact hierarchy/name match; manual review required"
"LB-LOC-25319","No stable identity or exact hierarchy/name match; manual review required"
"LB-LOC-25333","No stable identity or exact hierarchy/name match; manual review required"
"LB-LOC-25339","No stable identity or exact hierarchy/name match; manual review required"
"LB-LOC-25349","No stable identity or exact hierarchy/name match; manual review required"
"LB-LOC-25471","No stable identity or exact hierarchy/name match; manual review required"
"LB-LOC-25345","No stable identity or exact hierarchy/name match; manual review required"
"LB-LOC-25391","No stable identity or exact hierarchy/name match; manual review required"
"LB-LOC-25261","No stable identity or exact hierarchy/name match; manual review required"
"LB-LOC-25317","No stable identity or exact hierarchy/name match; manual review required"
"LB-LOC-25121","No stable identity or exact hierarchy/name match; manual review required"
"LB-LOC-25131","No stable identity or exact hierarchy/name match; manual review required"
"LB-LOC-25111","No stable identity or exact hierarchy/name match; manual review required"
"LB-LOC-25365","No stable identity or exact hierarchy/name match; manual review required"
"LB-LOC-25355","No stable identity or exact hierarchy/name match; manual review required"
"LB-LOC-25359","No stable identity or exact hierarchy/name match; manual review required"
"LB-LOC-25439","No stable identity or exact hierarchy/name match; manual review required"
"LB-LOC-25447","No stable identity or exact hierarchy/name match; manual review required"
"LB-LOC-25146","No stable identity or exact hierarchy/name match; manual review required"
"LB-LOC-25329","No stable identity or exact hierarchy/name match; manual review required"
"LB-LOC-25181","No stable identity or exact hierarchy/name match; manual review required"
"LB-LOC-25321","No stable identity or exact hierarchy/name match; manual review required"
"LB-LOC-25357","No stable identity or exact hierarchy/name match; manual review required"
"LB-LOC-25459","No stable identity or exact hierarchy/name match; manual review required"
"LB-LOC-25281","No stable identity or exact hierarchy/name match; manual review required"
"LB-LOC-25419","No stable identity or exact hierarchy/name match; manual review required"
"LB-LOC-25488","No stable identity or exact hierarchy/name match; manual review required"
"LB-LOC-25485","No stable identity or exact hierarchy/name match; manual review required"
"LB-LOC-25482","No stable identity or exact hierarchy/name match; manual review required"
"LB-LOC-25467","No stable identity or exact hierarchy/name match; manual review required"
"LB-LOC-25367","No stable identity or exact hierarchy/name match; manual review required"
"LB-LOC-25371","No stable identity or exact hierarchy/name match; manual review required"
"LB-LOC-25341","No stable identity or exact hierarchy/name match; manual review required"
"LB-LOC-25455","No stable identity or exact hierarchy/name match; manual review required"
"LB-LOC-25141","No stable identity or exact hierarchy/name match; manual review required"
"LB-LOC-25415","No stable identity or exact hierarchy/name match; manual review required"
"LB-LOC-25435","No stable identity or exact hierarchy/name match; manual review required"
"LB-LOC-25411","No stable identity or exact hierarchy/name match; manual review required"
"LB-LOC-25161","No stable identity or exact hierarchy/name match; manual review required"
"LB-LOC-25136","No stable identity or exact hierarchy/name match; manual review required"
"LB-LOC-25231","No stable identity or exact hierarchy/name match; manual review required"
"LB-LOC-25151","No stable identity or exact hierarchy/name match; manual review required"
"LB-LOC-25373","No stable identity or exact hierarchy/name match; manual review required"
"LB-LOC-25353","No stable identity or exact hierarchy/name match; manual review required"
"LB-LOC-25375","No stable identity or exact hierarchy/name match; manual review required"
"LB-LOC-25116","No stable identity or exact hierarchy/name match; manual review required"
"LB-LOC-25126","No stable identity or exact hierarchy/name match; manual review required"
"LB-LOC-36121","No stable identity or exact hierarchy/name match; manual review required"
"LB-LOC-36147","No stable identity or exact hierarchy/name match; manual review required"
"LB-LOC-36181","No stable identity or exact hierarchy/name match; manual review required"
"LB-LOC-36111","No stable identity or exact hierarchy/name match; manual review required"
"LB-LOC-36187","No stable identity or exact hierarchy/name match; manual review required"
"LB-LOC-36137","No stable identity or exact hierarchy/name match; manual review required"
"LB-LOC-36117","No stable identity or exact hierarchy/name match; manual review required"
"LB-LOC-36151","No stable identity or exact hierarchy/name match; manual review required"
"LB-LOC-36191","No stable identity or exact hierarchy/name match; manual review required"
"LB-LOC-36184","No stable identity or exact hierarchy/name match; manual review required"
"LB-LOC-36157","No stable identity or exact hierarchy/name match; manual review required"
"LB-LOC-36161","No stable identity or exact hierarchy/name match; manual review required"
"LB-LOC-36131","No stable identity or exact hierarchy/name match; manual review required"
"LB-LOC-36177","No stable identity or exact hierarchy/name match; manual review required"
"LB-LOC-36171","No stable identity or exact hierarchy/name match; manual review required"
"LB-LOC-36144","No stable identity or exact hierarchy/name match; manual review required"
"LB-LOC-36134","No stable identity or exact hierarchy/name match; manual review required"
"LB-LOC-36110","No stable identity or exact hierarchy/name match; manual review required"
"LB-LOC-36164","No stable identity or exact hierarchy/name match; manual review required"
"LB-LOC-36154","No stable identity or exact hierarchy/name match; manual review required"
"LB-LOC-36141","No stable identity or exact hierarchy/name match; manual review required"
"LB-LOC-36127","No stable identity or exact hierarchy/name match; manual review required"
"LB-LOC-36114","No stable identity or exact hierarchy/name match; manual review required"
"LB-LOC-36124","No stable identity or exact hierarchy/name match; manual review required"
"LB-LOC-34217","No stable identity or exact hierarchy/name match; manual review required"
"LB-LOC-34269","No stable identity or exact hierarchy/name match; manual review required"
"LB-LOC-34237","No stable identity or exact hierarchy/name match; manual review required"
"LB-LOC-34251","No stable identity or exact hierarchy/name match; manual review required"
"LB-LOC-34263","No stable identity or exact hierarchy/name match; manual review required"
"LB-LOC-34249","No stable identity or exact hierarchy/name match; manual review required"
"LB-LOC-34111","No stable identity or exact hierarchy/name match; manual review required"
"LB-LOC-34316","No stable identity or exact hierarchy/name match; manual review required"
"LB-LOC-34331","No stable identity or exact hierarchy/name match; manual review required"
"LB-LOC-34321","No stable identity or exact hierarchy/name match; manual review required"
"LB-LOC-34371","No stable identity or exact hierarchy/name match; manual review required"
"LB-LOC-34264","No stable identity or exact hierarchy/name match; manual review required"
"LB-LOC-34277","No stable identity or exact hierarchy/name match; manual review required"
"LB-LOC-34366","No stable identity or exact hierarchy/name match; manual review required"
"LB-LOC-34221","No stable identity or exact hierarchy/name match; manual review required"
"LB-LOC-34188","No stable identity or exact hierarchy/name match; manual review required"
"LB-LOC-34279","No stable identity or exact hierarchy/name match; manual review required"
"LB-LOC-34211","No stable identity or exact hierarchy/name match; manual review required"
"LB-LOC-34215","No stable identity or exact hierarchy/name match; manual review required"
"LB-LOC-34374","No stable identity or exact hierarchy/name match; manual review required"
"LB-LOC-34223","No stable identity or exact hierarchy/name match; manual review required"
"LB-LOC-34326","No stable identity or exact hierarchy/name match; manual review required"
"LB-LOC-34227","No stable identity or exact hierarchy/name match; manual review required"
"LB-LOC-34311","No stable identity or exact hierarchy/name match; manual review required"
"LB-LOC-34218","No stable identity or exact hierarchy/name match; manual review required"
"LB-LOC-34259","No stable identity or exact hierarchy/name match; manual review required"
"LB-LOC-34244","No stable identity or exact hierarchy/name match; manual review required"
"LB-LOC-34231","No stable identity or exact hierarchy/name match; manual review required"
"LB-LOC-34351","No stable identity or exact hierarchy/name match; manual review required"
"LB-LOC-34287","No stable identity or exact hierarchy/name match; manual review required"
"LB-LOC-34253","No stable identity or exact hierarchy/name match; manual review required"
"LB-LOC-34361","No stable identity or exact hierarchy/name match; manual review required"
"LB-LOC-34267","No stable identity or exact hierarchy/name match; manual review required"
"LB-LOC-34177","No stable identity or exact hierarchy/name match; manual review required"
"LB-LOC-34266","No stable identity or exact hierarchy/name match; manual review required"
"LB-LOC-34274","No stable identity or exact hierarchy/name match; manual review required"
"LB-LOC-34219","No stable identity or exact hierarchy/name match; manual review required"
"LB-LOC-34234","No stable identity or exact hierarchy/name match; manual review required"
"LB-LOC-34144","No stable identity or exact hierarchy/name match; manual review required"
"LB-LOC-34241","No stable identity or exact hierarchy/name match; manual review required"
"LB-LOC-34271","No stable identity or exact hierarchy/name match; manual review required"
"LB-LOC-34336","No stable identity or exact hierarchy/name match; manual review required"
"LB-LOC-34281","No stable identity or exact hierarchy/name match; manual review required"
"LB-LOC-34257","No stable identity or exact hierarchy/name match; manual review required"
"LB-LOC-34233","No stable identity or exact hierarchy/name match; manual review required"
"LB-LOC-34341","No stable identity or exact hierarchy/name match; manual review required"
"LB-LOC-34155","No stable identity or exact hierarchy/name match; manual review required"
"LB-LOC-34246","No stable identity or exact hierarchy/name match; manual review required"
"LB-LOC-34226","No stable identity or exact hierarchy/name match; manual review required"
"LB-LOC-34214","No stable identity or exact hierarchy/name match; manual review required"
"LB-LOC-34236","No stable identity or exact hierarchy/name match; manual review required"
"LB-LOC-34256","No stable identity or exact hierarchy/name match; manual review required"
"LB-LOC-34254","No stable identity or exact hierarchy/name match; manual review required"
"LB-LOC-34229","No stable identity or exact hierarchy/name match; manual review required"
"LB-LOC-34273","No stable identity or exact hierarchy/name match; manual review required"
"LB-LOC-34376","No stable identity or exact hierarchy/name match; manual review required"
"LB-LOC-34286","No stable identity or exact hierarchy/name match; manual review required"
"LB-LOC-34381","No stable identity or exact hierarchy/name match; manual review required"
"LB-LOC-34283","No stable identity or exact hierarchy/name match; manual review required"
"LB-LOC-34247","No stable identity or exact hierarchy/name match; manual review required"
"LB-LOC-34122","No stable identity or exact hierarchy/name match; manual review required"
"LB-LOC-34276","No stable identity or exact hierarchy/name match; manual review required"
"LB-LOC-34346","No stable identity or exact hierarchy/name match; manual review required"
"LB-LOC-34284","No stable identity or exact hierarchy/name match; manual review required"
"LB-LOC-34166","No stable identity or exact hierarchy/name match; manual review required"
"LB-LOC-34224","No stable identity or exact hierarchy/name match; manual review required"
"LB-LOC-34239","No stable identity or exact hierarchy/name match; manual review required"
"LB-LOC-34261","No stable identity or exact hierarchy/name match; manual review required"
"LB-LOC-34386","No stable identity or exact hierarchy/name match; manual review required"
"LB-LOC-34356","No stable identity or exact hierarchy/name match; manual review required"
"LB-LOC-34133","No stable identity or exact hierarchy/name match; manual review required"
"LB-LOC-34212","No stable identity or exact hierarchy/name match; manual review required"
"LB-LOC-34243","No stable identity or exact hierarchy/name match; manual review required"
"LB-LOC-32143","No stable identity or exact hierarchy/name match; manual review required"
"LB-LOC-32127","No stable identity or exact hierarchy/name match; manual review required"
"LB-LOC-32135","No stable identity or exact hierarchy/name match; manual review required"
"LB-LOC-32111","No stable identity or exact hierarchy/name match; manual review required"
"LB-LOC-32161","No stable identity or exact hierarchy/name match; manual review required"
"LB-LOC-32163","No stable identity or exact hierarchy/name match; manual review required"
"LB-LOC-32187","No stable identity or exact hierarchy/name match; manual review required"
"LB-LOC-32159","No stable identity or exact hierarchy/name match; manual review required"
"LB-LOC-32145","No stable identity or exact hierarchy/name match; manual review required"
"LB-LOC-32117","No stable identity or exact hierarchy/name match; manual review required"
"LB-LOC-32165","No stable identity or exact hierarchy/name match; manual review required"
"LB-LOC-32133","No stable identity or exact hierarchy/name match; manual review required"
"LB-LOC-32189","No stable identity or exact hierarchy/name match; manual review required"
"LB-LOC-32141","No stable identity or exact hierarchy/name match; manual review required"
"LB-LOC-32193","No stable identity or exact hierarchy/name match; manual review required"
"LB-LOC-32125","No stable identity or exact hierarchy/name match; manual review required"
"LB-LOC-32153","No stable identity or exact hierarchy/name match; manual review required"
"LB-LOC-32119","No stable identity or exact hierarchy/name match; manual review required"
"LB-LOC-32169","No stable identity or exact hierarchy/name match; manual review required"
"LB-LOC-32121","No stable identity or exact hierarchy/name match; manual review required"
"LB-LOC-32131","No stable identity or exact hierarchy/name match; manual review required"
"LB-LOC-32129","No stable identity or exact hierarchy/name match; manual review required"
"LB-LOC-32179","No stable identity or exact hierarchy/name match; manual review required"
"LB-LOC-32173","No stable identity or exact hierarchy/name match; manual review required"
"LB-LOC-32181","No stable identity or exact hierarchy/name match; manual review required"
"LB-LOC-32147","No stable identity or exact hierarchy/name match; manual review required"
"LB-LOC-32183","No stable identity or exact hierarchy/name match; manual review required"
"LB-LOC-32157","No stable identity or exact hierarchy/name match; manual review required"
"LB-LOC-32177","No stable identity or exact hierarchy/name match; manual review required"
"LB-LOC-32151","No stable identity or exact hierarchy/name match; manual review required"
"LB-LOC-32113","No stable identity or exact hierarchy/name match; manual review required"
"LB-LOC-32155","No stable identity or exact hierarchy/name match; manual review required"
"LB-LOC-32123","No stable identity or exact hierarchy/name match; manual review required"
"LB-LOC-32167","No stable identity or exact hierarchy/name match; manual review required"
"LB-LOC-32115","No stable identity or exact hierarchy/name match; manual review required"
"LB-LOC-32137","No stable identity or exact hierarchy/name match; manual review required"
"LB-LOC-32149","No stable identity or exact hierarchy/name match; manual review required"
"LB-LOC-32191","No stable identity or exact hierarchy/name match; manual review required"
"LB-LOC-32171","No stable identity or exact hierarchy/name match; manual review required"
"LB-LOC-32185","No stable identity or exact hierarchy/name match; manual review required"
"LB-LOC-32139","No stable identity or exact hierarchy/name match; manual review required"
"LB-LOC-32175","No stable identity or exact hierarchy/name match; manual review required"
"LB-LOC-32195","No stable identity or exact hierarchy/name match; manual review required"
"LB-LOC-37333","No stable identity or exact hierarchy/name match; manual review required"
"LB-LOC-37362","No stable identity or exact hierarchy/name match; manual review required"
"LB-LOC-37313","No stable identity or exact hierarchy/name match; manual review required"
"LB-LOC-37367","No stable identity or exact hierarchy/name match; manual review required"
"LB-LOC-37361","No stable identity or exact hierarchy/name match; manual review required"
"LB-LOC-37391","No stable identity or exact hierarchy/name match; manual review required"
"LB-LOC-37379","No stable identity or exact hierarchy/name match; manual review required"
"LB-LOC-37359","No stable identity or exact hierarchy/name match; manual review required"
"LB-LOC-37231","No stable identity or exact hierarchy/name match; manual review required"
"LB-LOC-37371","No stable identity or exact hierarchy/name match; manual review required"
"LB-LOC-37329","No stable identity or exact hierarchy/name match; manual review required"
"LB-LOC-37357","No stable identity or exact hierarchy/name match; manual review required"
"LB-LOC-37349","No stable identity or exact hierarchy/name match; manual review required"
"LB-LOC-37251","No stable identity or exact hierarchy/name match; manual review required"
"LB-LOC-37317","No stable identity or exact hierarchy/name match; manual review required"
"LB-LOC-37319","No stable identity or exact hierarchy/name match; manual review required"
"LB-LOC-37343","No stable identity or exact hierarchy/name match; manual review required"
"LB-LOC-37356","No stable identity or exact hierarchy/name match; manual review required"
"LB-LOC-37241","No stable identity or exact hierarchy/name match; manual review required"
"LB-LOC-37377","No stable identity or exact hierarchy/name match; manual review required"
"LB-LOC-37355","No stable identity or exact hierarchy/name match; manual review required"
"LB-LOC-37327","No stable identity or exact hierarchy/name match; manual review required"
"LB-LOC-37345","No stable identity or exact hierarchy/name match; manual review required"
"LB-LOC-37321","No stable identity or exact hierarchy/name match; manual review required"
"LB-LOC-37341","No stable identity or exact hierarchy/name match; manual review required"
"LB-LOC-37375","No stable identity or exact hierarchy/name match; manual review required"
"LB-LOC-37358","No stable identity or exact hierarchy/name match; manual review required"
"LB-LOC-37373","No stable identity or exact hierarchy/name match; manual review required"
"LB-LOC-37347","No stable identity or exact hierarchy/name match; manual review required"
"LB-LOC-37395","No stable identity or exact hierarchy/name match; manual review required"
"LB-LOC-37363","No stable identity or exact hierarchy/name match; manual review required"
"LB-LOC-37365","No stable identity or exact hierarchy/name match; manual review required"
"LB-LOC-37335","No stable identity or exact hierarchy/name match; manual review required"
"LB-LOC-37389","No stable identity or exact hierarchy/name match; manual review required"
"LB-LOC-37314","No stable identity or exact hierarchy/name match; manual review required"
"LB-LOC-37381","No stable identity or exact hierarchy/name match; manual review required"
"LB-LOC-37325","No stable identity or exact hierarchy/name match; manual review required"
"LB-LOC-37271","No stable identity or exact hierarchy/name match; manual review required"
"LB-LOC-37331","No stable identity or exact hierarchy/name match; manual review required"
"LB-LOC-37351","No stable identity or exact hierarchy/name match; manual review required"
"LB-LOC-37385","No stable identity or exact hierarchy/name match; manual review required"
"LB-LOC-37261","No stable identity or exact hierarchy/name match; manual review required"
"LB-LOC-37360","No stable identity or exact hierarchy/name match; manual review required"
"LB-LOC-37383","No stable identity or exact hierarchy/name match; manual review required"
"LB-LOC-37339","No stable identity or exact hierarchy/name match; manual review required"
"LB-LOC-37315","No stable identity or exact hierarchy/name match; manual review required"
"LB-LOC-37344","No stable identity or exact hierarchy/name match; manual review required"
"LB-LOC-37353","No stable identity or exact hierarchy/name match; manual review required"
"LB-LOC-37382","No stable identity or exact hierarchy/name match; manual review required"
"LB-LOC-37281","No stable identity or exact hierarchy/name match; manual review required"
"LB-LOC-37337","No stable identity or exact hierarchy/name match; manual review required"
"LB-LOC-37311","No stable identity or exact hierarchy/name match; manual review required"
"LB-LOC-37323","No stable identity or exact hierarchy/name match; manual review required"
"LB-LOC-37387","No stable identity or exact hierarchy/name match; manual review required"
"LB-LOC-37369","No stable identity or exact hierarchy/name match; manual review required"
"LB-LOC-37291","No stable identity or exact hierarchy/name match; manual review required"
"LB-LOC-31186","No stable identity or exact hierarchy/name match; manual review required"
"LB-LOC-31171","No stable identity or exact hierarchy/name match; manual review required"
"LB-LOC-31176","No stable identity or exact hierarchy/name match; manual review required"
"LB-LOC-31181","No stable identity or exact hierarchy/name match; manual review required"
"LB-LOC-31221","No stable identity or exact hierarchy/name match; manual review required"
"LB-LOC-31146","No stable identity or exact hierarchy/name match; manual review required"
"LB-LOC-31131","No stable identity or exact hierarchy/name match; manual review required"
"LB-LOC-31116","No stable identity or exact hierarchy/name match; manual review required"
"LB-LOC-31151","No stable identity or exact hierarchy/name match; manual review required"
"LB-LOC-31126","No stable identity or exact hierarchy/name match; manual review required"
"LB-LOC-31136","No stable identity or exact hierarchy/name match; manual review required"
"LB-LOC-31141","No stable identity or exact hierarchy/name match; manual review required"
"LB-LOC-31161","No stable identity or exact hierarchy/name match; manual review required"
"LB-LOC-31121","No stable identity or exact hierarchy/name match; manual review required"
"LB-LOC-31156","No stable identity or exact hierarchy/name match; manual review required"
"LB-LOC-31111","No stable identity or exact hierarchy/name match; manual review required"
"LB-LOC-31166","No stable identity or exact hierarchy/name match; manual review required"
"LB-LOC-33267","No stable identity or exact hierarchy/name match; manual review required"
"LB-LOC-33133","No stable identity or exact hierarchy/name match; manual review required"
"LB-LOC-33227","No stable identity or exact hierarchy/name match; manual review required"
"LB-LOC-33113","No stable identity or exact hierarchy/name match; manual review required"
"LB-LOC-33161","No stable identity or exact hierarchy/name match; manual review required"
"LB-LOC-33219","No stable identity or exact hierarchy/name match; manual review required"
"LB-LOC-33123","No stable identity or exact hierarchy/name match; manual review required"
"LB-LOC-33125","No stable identity or exact hierarchy/name match; manual review required"
"LB-LOC-33243","No stable identity or exact hierarchy/name match; manual review required"
"LB-LOC-33157","No stable identity or exact hierarchy/name match; manual review required"
"LB-LOC-33215","No stable identity or exact hierarchy/name match; manual review required"
"LB-LOC-33239","No stable identity or exact hierarchy/name match; manual review required"
"LB-LOC-33159","No stable identity or exact hierarchy/name match; manual review required"
"LB-LOC-33279","No stable identity or exact hierarchy/name match; manual review required"
"LB-LOC-33149","No stable identity or exact hierarchy/name match; manual review required"
"LB-LOC-33263","No stable identity or exact hierarchy/name match; manual review required"
"LB-LOC-33163","No stable identity or exact hierarchy/name match; manual review required"
"LB-LOC-33137","No stable identity or exact hierarchy/name match; manual review required"
"LB-LOC-33211","No stable identity or exact hierarchy/name match; manual review required"
"LB-LOC-33275","No stable identity or exact hierarchy/name match; manual review required"
"LB-LOC-33131","No stable identity or exact hierarchy/name match; manual review required"
"LB-LOC-33152","No stable identity or exact hierarchy/name match; manual review required"
"LB-LOC-33287","No stable identity or exact hierarchy/name match; manual review required"
"LB-LOC-33141","No stable identity or exact hierarchy/name match; manual review required"
"LB-LOC-33291","No stable identity or exact hierarchy/name match; manual review required"
"LB-LOC-33169","No stable identity or exact hierarchy/name match; manual review required"
"LB-LOC-33147","No stable identity or exact hierarchy/name match; manual review required"
"LB-LOC-33115","No stable identity or exact hierarchy/name match; manual review required"
"LB-LOC-33165","No stable identity or exact hierarchy/name match; manual review required"
"LB-LOC-33121","No stable identity or exact hierarchy/name match; manual review required"
"LB-LOC-33143","No stable identity or exact hierarchy/name match; manual review required"
"LB-LOC-33223","No stable identity or exact hierarchy/name match; manual review required"
"LB-LOC-33153","No stable identity or exact hierarchy/name match; manual review required"
"LB-LOC-33145","No stable identity or exact hierarchy/name match; manual review required"
"LB-LOC-33139","No stable identity or exact hierarchy/name match; manual review required"
"LB-LOC-33127","No stable identity or exact hierarchy/name match; manual review required"
"LB-LOC-33235","No stable identity or exact hierarchy/name match; manual review required"
"LB-LOC-33135","No stable identity or exact hierarchy/name match; manual review required"
"LB-LOC-33129","No stable identity or exact hierarchy/name match; manual review required"
"LB-LOC-33271","No stable identity or exact hierarchy/name match; manual review required"
"LB-LOC-33251","No stable identity or exact hierarchy/name match; manual review required"
"LB-LOC-33155","No stable identity or exact hierarchy/name match; manual review required"
"LB-LOC-33283","No stable identity or exact hierarchy/name match; manual review required"
"LB-LOC-33119","No stable identity or exact hierarchy/name match; manual review required"
"LB-LOC-33117","No stable identity or exact hierarchy/name match; manual review required"
"LB-LOC-33167","No stable identity or exact hierarchy/name match; manual review required"
"LB-LOC-33151","No stable identity or exact hierarchy/name match; manual review required"
"LB-LOC-33259","No stable identity or exact hierarchy/name match; manual review required"
"LB-LOC-33255","No stable identity or exact hierarchy/name match; manual review required"
"LB-LOC-33171","No stable identity or exact hierarchy/name match; manual review required"
"LB-LOC-33231","No stable identity or exact hierarchy/name match; manual review required"
"LB-LOC-33111","No stable identity or exact hierarchy/name match; manual review required"
"LB-LOC-63214","No stable identity or exact hierarchy/name match; manual review required"
"LB-LOC-63311","No stable identity or exact hierarchy/name match; manual review required"
"LB-LOC-63131","No stable identity or exact hierarchy/name match; manual review required"
"LB-LOC-63355","No stable identity or exact hierarchy/name match; manual review required"
"LB-LOC-63184","No stable identity or exact hierarchy/name match; manual review required"
"LB-LOC-63274","No stable identity or exact hierarchy/name match; manual review required"
"LB-LOC-63221","No stable identity or exact hierarchy/name match; manual review required"
"LB-LOC-63174","No stable identity or exact hierarchy/name match; manual review required"
"LB-LOC-63144","No stable identity or exact hierarchy/name match; manual review required"
"LB-LOC-63181","No stable identity or exact hierarchy/name match; manual review required"
"LB-LOC-63191","No stable identity or exact hierarchy/name match; manual review required"
"LB-LOC-63124","No stable identity or exact hierarchy/name match; manual review required"
"LB-LOC-63385","No stable identity or exact hierarchy/name match; manual review required"
"LB-LOC-63151","No stable identity or exact hierarchy/name match; manual review required"
"LB-LOC-63347","No stable identity or exact hierarchy/name match; manual review required"
"LB-LOC-63247","No stable identity or exact hierarchy/name match; manual review required"
"LB-LOC-63257","No stable identity or exact hierarchy/name match; manual review required"
"LB-LOC-63284","No stable identity or exact hierarchy/name match; manual review required"
"LB-LOC-63379","No stable identity or exact hierarchy/name match; manual review required"
"LB-LOC-63141","No stable identity or exact hierarchy/name match; manual review required"
"LB-LOC-63171","No stable identity or exact hierarchy/name match; manual review required"
"LB-LOC-63241","No stable identity or exact hierarchy/name match; manual review required"
"LB-LOC-63224","No stable identity or exact hierarchy/name match; manual review required"
"LB-LOC-63137","No stable identity or exact hierarchy/name match; manual review required"
"LB-LOC-63281","No stable identity or exact hierarchy/name match; manual review required"
"LB-LOC-63127","No stable identity or exact hierarchy/name match; manual review required"
"LB-LOC-63164","No stable identity or exact hierarchy/name match; manual review required"
"LB-LOC-63375","No stable identity or exact hierarchy/name match; manual review required"
"LB-LOC-63261","No stable identity or exact hierarchy/name match; manual review required"
"LB-LOC-63294","No stable identity or exact hierarchy/name match; manual review required"
"LB-LOC-63111","No stable identity or exact hierarchy/name match; manual review required"
"LB-LOC-63244","No stable identity or exact hierarchy/name match; manual review required"
"LB-LOC-63211","No stable identity or exact hierarchy/name match; manual review required"
"LB-LOC-63167","No stable identity or exact hierarchy/name match; manual review required"
"LB-LOC-63267","No stable identity or exact hierarchy/name match; manual review required"
"LB-LOC-63227","No stable identity or exact hierarchy/name match; manual review required"
"LB-LOC-63331","No stable identity or exact hierarchy/name match; manual review required"
"LB-LOC-63157","No stable identity or exact hierarchy/name match; manual review required"
"LB-LOC-63371","No stable identity or exact hierarchy/name match; manual review required"
"LB-LOC-63147","No stable identity or exact hierarchy/name match; manual review required"
"LB-LOC-63359","No stable identity or exact hierarchy/name match; manual review required"
"LB-LOC-63323","No stable identity or exact hierarchy/name match; manual review required"
"LB-LOC-63378","No stable identity or exact hierarchy/name match; manual review required"
"LB-LOC-63367","No stable identity or exact hierarchy/name match; manual review required"
"LB-LOC-63297","No stable identity or exact hierarchy/name match; manual review required"
"LB-LOC-63194","No stable identity or exact hierarchy/name match; manual review required"
"LB-LOC-63335","No stable identity or exact hierarchy/name match; manual review required"
"LB-LOC-63348","No stable identity or exact hierarchy/name match; manual review required"
"LB-LOC-63339","No stable identity or exact hierarchy/name match; manual review required"
"LB-LOC-63383","No stable identity or exact hierarchy/name match; manual review required"
"LB-LOC-63343","No stable identity or exact hierarchy/name match; manual review required"
"LB-LOC-63231","No stable identity or exact hierarchy/name match; manual review required"
"LB-LOC-63161","No stable identity or exact hierarchy/name match; manual review required"
"LB-LOC-63254","No stable identity or exact hierarchy/name match; manual review required"
"LB-LOC-63315","No stable identity or exact hierarchy/name match; manual review required"
"LB-LOC-63217","No stable identity or exact hierarchy/name match; manual review required"
"LB-LOC-63251","No stable identity or exact hierarchy/name match; manual review required"
"LB-LOC-63234","No stable identity or exact hierarchy/name match; manual review required"
"LB-LOC-63363","No stable identity or exact hierarchy/name match; manual review required"
"LB-LOC-63117","No stable identity or exact hierarchy/name match; manual review required"
"LB-LOC-63327","No stable identity or exact hierarchy/name match; manual review required"
"LB-LOC-63121","No stable identity or exact hierarchy/name match; manual review required"
"LB-LOC-63291","No stable identity or exact hierarchy/name match; manual review required"
"LB-LOC-63319","No stable identity or exact hierarchy/name match; manual review required"
"LB-LOC-63264","No stable identity or exact hierarchy/name match; manual review required"
"LB-LOC-63277","No stable identity or exact hierarchy/name match; manual review required"
"LB-LOC-63154","No stable identity or exact hierarchy/name match; manual review required"
"LB-LOC-63134","No stable identity or exact hierarchy/name match; manual review required"
"LB-LOC-63287","No stable identity or exact hierarchy/name match; manual review required"
"LB-LOC-63271","No stable identity or exact hierarchy/name match; manual review required"
"LB-LOC-63351","No stable identity or exact hierarchy/name match; manual review required"
"LB-LOC-63237","No stable identity or exact hierarchy/name match; manual review required"
"LB-LOC-63298","No stable identity or exact hierarchy/name match; manual review required"
"LB-LOC-63187","No stable identity or exact hierarchy/name match; manual review required"
"LB-LOC-63114","No stable identity or exact hierarchy/name match; manual review required"
"LB-LOC-63177","No stable identity or exact hierarchy/name match; manual review required"
"LB-LOC-61244","No stable identity or exact hierarchy/name match; manual review required"
"LB-LOC-61434","No stable identity or exact hierarchy/name match; manual review required"
"LB-LOC-61466","No stable identity or exact hierarchy/name match; manual review required"
"LB-LOC-61277","No stable identity or exact hierarchy/name match; manual review required"
"LB-LOC-61489","No stable identity or exact hierarchy/name match; manual review required"
"LB-LOC-61477","No stable identity or exact hierarchy/name match; manual review required"
"LB-LOC-61487","No stable identity or exact hierarchy/name match; manual review required"
"LB-LOC-61483","No stable identity or exact hierarchy/name match; manual review required"
"LB-LOC-61417","No stable identity or exact hierarchy/name match; manual review required"
"LB-LOC-61444","No stable identity or exact hierarchy/name match; manual review required"
"LB-LOC-61488","No stable identity or exact hierarchy/name match; manual review required"
"LB-LOC-61453","No stable identity or exact hierarchy/name match; manual review required"
"LB-LOC-61481","No stable identity or exact hierarchy/name match; manual review required"
"LB-LOC-61266","No stable identity or exact hierarchy/name match; manual review required"
"LB-LOC-61123","No stable identity or exact hierarchy/name match; manual review required"
"LB-LOC-61441","No stable identity or exact hierarchy/name match; manual review required"
"LB-LOC-61335","No stable identity or exact hierarchy/name match; manual review required"
"LB-LOC-61479","No stable identity or exact hierarchy/name match; manual review required"
"LB-LOC-61447","No stable identity or exact hierarchy/name match; manual review required"
"LB-LOC-61311","No stable identity or exact hierarchy/name match; manual review required"
"LB-LOC-61471","No stable identity or exact hierarchy/name match; manual review required"
"LB-LOC-61159","No stable identity or exact hierarchy/name match; manual review required"
"LB-LOC-61423","No stable identity or exact hierarchy/name match; manual review required"
"LB-LOC-61147","No stable identity or exact hierarchy/name match; manual review required"
"LB-LOC-61436","No stable identity or exact hierarchy/name match; manual review required"
"LB-LOC-61411","No stable identity or exact hierarchy/name match; manual review required"
"LB-LOC-61454","No stable identity or exact hierarchy/name match; manual review required"
"LB-LOC-61491","No stable identity or exact hierarchy/name match; manual review required"
"LB-LOC-61494","No stable identity or exact hierarchy/name match; manual review required"
"LB-LOC-61493","No stable identity or exact hierarchy/name match; manual review required"
"LB-LOC-61496","No stable identity or exact hierarchy/name match; manual review required"
"LB-LOC-61446","No stable identity or exact hierarchy/name match; manual review required"
"LB-LOC-61419","No stable identity or exact hierarchy/name match; manual review required"
"LB-LOC-61443","No stable identity or exact hierarchy/name match; manual review required"
"LB-LOC-61467","No stable identity or exact hierarchy/name match; manual review required"
"LB-LOC-61474","No stable identity or exact hierarchy/name match; manual review required"
"LB-LOC-61439","No stable identity or exact hierarchy/name match; manual review required"
"LB-LOC-61476","No stable identity or exact hierarchy/name match; manual review required"
"LB-LOC-61323","No stable identity or exact hierarchy/name match; manual review required"
"LB-LOC-61233","No stable identity or exact hierarchy/name match; manual review required"
"LB-LOC-61415","No stable identity or exact hierarchy/name match; manual review required"
"LB-LOC-61486","No stable identity or exact hierarchy/name match; manual review required"
"LB-LOC-61431","No stable identity or exact hierarchy/name match; manual review required"
"LB-LOC-61412","No stable identity or exact hierarchy/name match; manual review required"
"LB-LOC-61473","No stable identity or exact hierarchy/name match; manual review required"
"LB-LOC-61424","No stable identity or exact hierarchy/name match; manual review required"
"LB-LOC-61421","No stable identity or exact hierarchy/name match; manual review required"
"LB-LOC-61426","No stable identity or exact hierarchy/name match; manual review required"
"LB-LOC-61418","No stable identity or exact hierarchy/name match; manual review required"
"LB-LOC-61469","No stable identity or exact hierarchy/name match; manual review required"
"LB-LOC-61433","No stable identity or exact hierarchy/name match; manual review required"
"LB-LOC-61429","No stable identity or exact hierarchy/name match; manual review required"
"LB-LOC-61437","No stable identity or exact hierarchy/name match; manual review required"
"LB-LOC-61457","No stable identity or exact hierarchy/name match; manual review required"
"LB-LOC-61463","No stable identity or exact hierarchy/name match; manual review required"
"LB-LOC-61183","No stable identity or exact hierarchy/name match; manual review required"
"LB-LOC-61484","No stable identity or exact hierarchy/name match; manual review required"
"LB-LOC-61414","No stable identity or exact hierarchy/name match; manual review required"
"LB-LOC-61464","No stable identity or exact hierarchy/name match; manual review required"
"LB-LOC-61451","No stable identity or exact hierarchy/name match; manual review required"
"LB-LOC-61347","No stable identity or exact hierarchy/name match; manual review required"
"LB-LOC-61255","No stable identity or exact hierarchy/name match; manual review required"
"LB-LOC-61119","No stable identity or exact hierarchy/name match; manual review required"
"LB-LOC-61111","No stable identity or exact hierarchy/name match; manual review required"
"LB-LOC-61115","No stable identity or exact hierarchy/name match; manual review required"
"LB-LOC-61222","No stable identity or exact hierarchy/name match; manual review required"
"LB-LOC-61461","No stable identity or exact hierarchy/name match; manual review required"
"LB-LOC-61211","No stable identity or exact hierarchy/name match; manual review required"
"LB-LOC-61449","No stable identity or exact hierarchy/name match; manual review required"
"LB-LOC-61497","No stable identity or exact hierarchy/name match; manual review required"
"LB-LOC-61383","No stable identity or exact hierarchy/name match; manual review required"
"LB-LOC-61456","No stable identity or exact hierarchy/name match; manual review required"
"LB-LOC-61459","No stable identity or exact hierarchy/name match; manual review required"
"LB-LOC-61371","No stable identity or exact hierarchy/name match; manual review required"
"LB-LOC-61359","No stable identity or exact hierarchy/name match; manual review required"
"LB-LOC-61427","No stable identity or exact hierarchy/name match; manual review required"
"LB-LOC-62276","No stable identity or exact hierarchy/name match; manual review required"
"LB-LOC-62291","No stable identity or exact hierarchy/name match; manual review required"
"LB-LOC-62243","No stable identity or exact hierarchy/name match; manual review required"
"LB-LOC-62242","No stable identity or exact hierarchy/name match; manual review required"
"LB-LOC-62316","No stable identity or exact hierarchy/name match; manual review required"
"LB-LOC-62217","No stable identity or exact hierarchy/name match; manual review required"
"LB-LOC-62294","No stable identity or exact hierarchy/name match; manual review required"
"LB-LOC-62319","No stable identity or exact hierarchy/name match; manual review required"
"LB-LOC-62256","No stable identity or exact hierarchy/name match; manual review required"
"LB-LOC-62221","No stable identity or exact hierarchy/name match; manual review required"
"LB-LOC-62224","No stable identity or exact hierarchy/name match; manual review required"
"LB-LOC-62162","No stable identity or exact hierarchy/name match; manual review required"
"LB-LOC-62246","No stable identity or exact hierarchy/name match; manual review required"
"LB-LOC-62274","No stable identity or exact hierarchy/name match; manual review required"
"LB-LOC-62249","No stable identity or exact hierarchy/name match; manual review required"
"LB-LOC-62226","No stable identity or exact hierarchy/name match; manual review required"
"LB-LOC-62128","No stable identity or exact hierarchy/name match; manual review required"
"LB-LOC-62312","No stable identity or exact hierarchy/name match; manual review required"
"LB-LOC-62283","No stable identity or exact hierarchy/name match; manual review required"
"LB-LOC-62321","No stable identity or exact hierarchy/name match; manual review required"
"LB-LOC-62331","No stable identity or exact hierarchy/name match; manual review required"
"LB-LOC-62277","No stable identity or exact hierarchy/name match; manual review required"
"LB-LOC-62298","No stable identity or exact hierarchy/name match; manual review required"
"LB-LOC-62254","No stable identity or exact hierarchy/name match; manual review required"
"LB-LOC-62264","No stable identity or exact hierarchy/name match; manual review required"
"LB-LOC-62285","No stable identity or exact hierarchy/name match; manual review required"
"LB-LOC-62212","No stable identity or exact hierarchy/name match; manual review required"
"LB-LOC-62223","No stable identity or exact hierarchy/name match; manual review required"
"LB-LOC-62251","No stable identity or exact hierarchy/name match; manual review required"
"LB-LOC-62179","No stable identity or exact hierarchy/name match; manual review required"
"LB-LOC-62263","No stable identity or exact hierarchy/name match; manual review required"
"LB-LOC-62239","No stable identity or exact hierarchy/name match; manual review required"
"LB-LOC-62341","No stable identity or exact hierarchy/name match; manual review required"
"LB-LOC-62269","No stable identity or exact hierarchy/name match; manual review required"
"LB-LOC-62314","No stable identity or exact hierarchy/name match; manual review required"
"LB-LOC-62247","No stable identity or exact hierarchy/name match; manual review required"
"LB-LOC-62293","No stable identity or exact hierarchy/name match; manual review required"
"LB-LOC-62244","No stable identity or exact hierarchy/name match; manual review required"
"LB-LOC-62299","No stable identity or exact hierarchy/name match; manual review required"
"LB-LOC-62279","No stable identity or exact hierarchy/name match; manual review required"
"LB-LOC-62237","No stable identity or exact hierarchy/name match; manual review required"
"LB-LOC-62292","No stable identity or exact hierarchy/name match; manual review required"
"LB-LOC-62318","No stable identity or exact hierarchy/name match; manual review required"
"LB-LOC-62211","No stable identity or exact hierarchy/name match; manual review required"
"LB-LOC-62267","No stable identity or exact hierarchy/name match; manual review required"
"LB-LOC-62231","No stable identity or exact hierarchy/name match; manual review required"
"LB-LOC-62234","No stable identity or exact hierarchy/name match; manual review required"
"LB-LOC-62214","No stable identity or exact hierarchy/name match; manual review required"
"LB-LOC-62297","No stable identity or exact hierarchy/name match; manual review required"
"LB-LOC-62296","No stable identity or exact hierarchy/name match; manual review required"
"LB-LOC-62284","No stable identity or exact hierarchy/name match; manual review required"
"LB-LOC-62351","No stable identity or exact hierarchy/name match; manual review required"
"LB-LOC-62215","No stable identity or exact hierarchy/name match; manual review required"
"LB-LOC-62281","No stable identity or exact hierarchy/name match; manual review required"
"LB-LOC-62311","No stable identity or exact hierarchy/name match; manual review required"
"LB-LOC-62245","No stable identity or exact hierarchy/name match; manual review required"
"LB-LOC-62233","No stable identity or exact hierarchy/name match; manual review required"
"LB-LOC-62257","No stable identity or exact hierarchy/name match; manual review required"
"LB-LOC-62218","No stable identity or exact hierarchy/name match; manual review required"
"LB-LOC-62229","No stable identity or exact hierarchy/name match; manual review required"
"LB-LOC-62287","No stable identity or exact hierarchy/name match; manual review required"
"LB-LOC-62236","No stable identity or exact hierarchy/name match; manual review required"
"LB-LOC-62259","No stable identity or exact hierarchy/name match; manual review required"
"LB-LOC-62241","No stable identity or exact hierarchy/name match; manual review required"
"LB-LOC-62227","No stable identity or exact hierarchy/name match; manual review required"
"LB-LOC-62111","No stable identity or exact hierarchy/name match; manual review required"
"LB-LOC-62266","No stable identity or exact hierarchy/name match; manual review required"
"LB-LOC-62253","No stable identity or exact hierarchy/name match; manual review required"
"LB-LOC-62271","No stable identity or exact hierarchy/name match; manual review required"
"LB-LOC-62295","No stable identity or exact hierarchy/name match; manual review required"
"LB-LOC-62273","No stable identity or exact hierarchy/name match; manual review required"
"LB-LOC-62261","No stable identity or exact hierarchy/name match; manual review required"
"LB-LOC-62219","No stable identity or exact hierarchy/name match; manual review required"
"LB-LOC-62308","No stable identity or exact hierarchy/name match; manual review required"
"LB-LOC-62286","No stable identity or exact hierarchy/name match; manual review required"
