"canonical_locality_id","current_name_en","reason"
"LB-LOC-35427","Aain Ez-Zeit","No accepted authoritative Arabic mapping"
"LB-LOC-35435","Aain Tinta","No accepted authoritative Arabic mapping"
"LB-LOC-35187","Aain Yaaqoub","No accepted authoritative Arabic mapping"
"LB-LOC-35185","Aaiyat","No accepted authoritative Arabic mapping"
"LB-LOC-35191","Aakkar El-Aatiqa","No accepted authoritative Arabic mapping"
"LB-LOC-35265","Aamaret Aakkar","No accepted authoritative Arabic mapping"
"LB-LOC-35449","Aamaret El-Baykat","No accepted authoritative Arabic mapping"
"LB-LOC-35512","Aamayer","No accepted authoritative Arabic mapping"
"LB-LOC-35421","Aamriyet Aakkar","No accepted authoritative Arabic mapping"
"LB-LOC-35498","Aandqet","No accepted authoritative Arabic mapping"
"LB-LOC-35420","Aaouaainat Aakkar","No accepted authoritative Arabic mapping"
"LB-LOC-35273","AAridet Cheikh Zennad","No accepted authoritative Arabic mapping"
"LB-LOC-35484","Aarmeh","No accepted authoritative Arabic mapping"
"LB-LOC-35141","Aarqa","No accepted authoritative Arabic mapping"
"LB-LOC-35177","Aayoun Aakkar","No accepted authoritative Arabic mapping"
"LB-LOC-35347","Aayoun El-Ghizlane","No accepted authoritative Arabic mapping"
"LB-LOC-35439","Baghdadi","No accepted authoritative Arabic mapping"
"LB-LOC-35158","Balde WaMazraatBaldeh","No accepted authoritative Arabic mapping"
"LB-LOC-35241","Barcha","No accepted authoritative Arabic mapping"
"LB-LOC-35408","Bardeh","No accepted authoritative Arabic mapping"
"LB-LOC-35275","Bebnine","No accepted authoritative Arabic mapping"
"LB-LOC-35175","Beino","No accepted authoritative Arabic mapping"
"LB-LOC-35337","Beit Ayoub","No accepted authoritative Arabic mapping"
"LB-LOC-35367","Beit El-Haouch","No accepted authoritative Arabic mapping"
"LB-LOC-35174","Beit Mellat","No accepted authoritative Arabic mapping"
"LB-LOC-35321","Beit Younes","No accepted authoritative Arabic mapping"
"LB-LOC-35433","Berbara Aakkar","No accepted authoritative Arabic mapping"
"LB-LOC-35314","Berqayel","No accepted authoritative Arabic mapping"
"LB-LOC-35189","Bezbina","No accepted authoritative Arabic mapping"
"LB-LOC-35416","Biret Aakkar","No accepted authoritative Arabic mapping"
"LB-LOC-35183","Borj Aakkar","No accepted authoritative Arabic mapping"
"LB-LOC-35147","Bqerzla","No accepted authoritative Arabic mapping"
"LB-LOC-35425","Bsatine Aakkar","No accepted authoritative Arabic mapping"
"LB-LOC-35316","Bzal","No accepted authoritative Arabic mapping"
"LB-LOC-35320","Chane","No accepted authoritative Arabic mapping"
"LB-LOC-35181","Chaqdouf","No accepted authoritative Arabic mapping"
"LB-LOC-35457","Charbila","No accepted authoritative Arabic mapping"
"LB-LOC-35113","Cheikh Mohammad","No accepted authoritative Arabic mapping"
"LB-LOC-35123","Cheikh Taba","No accepted authoritative Arabic mapping"
"LB-LOC-35121","Cheikh Taba Es-Sahl","No accepted authoritative Arabic mapping"
"LB-LOC-35267","Cheikh Zennad","No accepted authoritative Arabic mapping"
"LB-LOC-35402","Cheikhlar","No accepted authoritative Arabic mapping"
"LB-LOC-35224","Chir Hmairine","No accepted authoritative Arabic mapping"
"LB-LOC-35419","Daghleh","No accepted authoritative Arabic mapping"
"LB-LOC-35155","Dahr Laissine","No accepted authoritative Arabic mapping"
"LB-LOC-35126","Daouret Aakkar","No accepted authoritative Arabic mapping"
"LB-LOC-35225","Darine","No accepted authoritative Arabic mapping"
"LB-LOC-35511","Dayret Nahr El-Kabir","No accepted authoritative Arabic mapping"
"LB-LOC-35149","Deir Dalloum","No accepted authoritative Arabic mapping"
"LB-LOC-35441","Deir Jannine","No accepted authoritative Arabic mapping"
"LB-LOC-35432","Dibbabiyeh","No accepted authoritative Arabic mapping"
"LB-LOC-35318","Dinbou","No accepted authoritative Arabic mapping"
"LB-LOC-35443","Douair Aadouiyeh","No accepted authoritative Arabic mapping"
"LB-LOC-35353","Fnaydeq","No accepted authoritative Arabic mapping"
"LB-LOC-35412","Fraydes Aakkar","No accepted authoritative Arabic mapping"
"LB-LOC-35475","Ghazayleh","No accepted authoritative Arabic mapping"
"LB-LOC-35326","Habchit","No accepted authoritative Arabic mapping"
"LB-LOC-35131","Hakour","No accepted authoritative Arabic mapping"
"LB-LOC-35111","Halba","No accepted authoritative Arabic mapping"
"LB-LOC-35219","Haouchab","No accepted authoritative Arabic mapping"
"LB-LOC-35221","Hayssa","No accepted authoritative Arabic mapping"
"LB-LOC-35463","Haytla","No accepted authoritative Arabic mapping"
"LB-LOC-35139","Hayzouq","No accepted authoritative Arabic mapping"
"LB-LOC-35169","Hedd","No accepted authoritative Arabic mapping"
"LB-LOC-35331","Hmaireh Aakkar","No accepted authoritative Arabic mapping"
"LB-LOC-35470","Hmaiss Aakkar","No accepted authoritative Arabic mapping"
"LB-LOC-35514","Hnaider","No accepted authoritative Arabic mapping"
"LB-LOC-35253","Hokr Ed-Dahri","No accepted authoritative Arabic mapping"
"LB-LOC-35223","Hokr Etti","No accepted authoritative Arabic mapping"
"LB-LOC-35239","Hokr Jouret Srar","No accepted authoritative Arabic mapping"
"LB-LOC-35322","Houaich","No accepted authoritative Arabic mapping"
"LB-LOC-35328","Hrar","No accepted authoritative Arabic mapping"
"LB-LOC-35117","Idbil","No accepted authoritative Arabic mapping"
"LB-LOC-35145","Ilat","No accepted authoritative Arabic mapping"
"LB-LOC-35263","Janine","No accepted authoritative Arabic mapping"
"LB-LOC-35344","Jdeidet El-Qaitaa","No accepted authoritative Arabic mapping"
"LB-LOC-35125","Jdidet Ej-Joumeh","No accepted authoritative Arabic mapping"
"LB-LOC-35163","Jebrayel","No accepted authoritative Arabic mapping"
"LB-LOC-35423","Kafr","No accepted authoritative Arabic mapping"
"LB-LOC-35133","Karm Aasfour","No accepted authoritative Arabic mapping"
"LB-LOC-35157","Kfar Harra","No accepted authoritative Arabic mapping"
"LB-LOC-35234","Kfar Melki Aakkar","No accepted authoritative Arabic mapping"
"LB-LOC-35406","Kfar Noun","No accepted authoritative Arabic mapping"
"LB-LOC-35430","Khalsa","No accepted authoritative Arabic mapping"
"LB-LOC-35257","Kharnoubet Aakkar","No accepted authoritative Arabic mapping"
"LB-LOC-35431","Khirbet Char","No accepted authoritative Arabic mapping"
"LB-LOC-35417","Khirbet Daoud Aakkar","No accepted authoritative Arabic mapping"
"LB-LOC-35410","Khirbet Er Remmane","No accepted authoritative Arabic mapping"
"LB-LOC-35330","Khreibet Aakkar","No accepted authoritative Arabic mapping"
"LB-LOC-35216","Khreibet Ej-Jindi","No accepted authoritative Arabic mapping"
"LB-LOC-35245","Kneisset Aakkar","No accepted authoritative Arabic mapping"
"LB-LOC-35515","Kneisset Hnaider","No accepted authoritative Arabic mapping"
"LB-LOC-35465","Knisseh","No accepted authoritative Arabic mapping"
"LB-LOC-35429","Kouachra","No accepted authoritative Arabic mapping"
"LB-LOC-35215","Koueikhat","No accepted authoritative Arabic mapping"
"LB-LOC-35119","Kroum El-Aarab","No accepted authoritative Arabic mapping"
"LB-LOC-35137","Machha","No accepted authoritative Arabic mapping"
"LB-LOC-35437","Machta Hammoud","No accepted authoritative Arabic mapping"
"LB-LOC-35354","Majdala","No accepted authoritative Arabic mapping"
"LB-LOC-35128","Majdel Akkar","No accepted authoritative Arabic mapping"
"LB-LOC-35167","Mar Touma","No accepted authoritative Arabic mapping"
"LB-LOC-35255","Marlaya Melhem","No accepted authoritative Arabic mapping"
"LB-LOC-35229","Massaaoudiyeh","No accepted authoritative Arabic mapping"
"LB-LOC-35516","Mazareaa Jabal Akroum","No accepted authoritative Arabic mapping"
"LB-LOC-35134","Mazraat Beit Ghattas","No accepted authoritative Arabic mapping"
"LB-LOC-35486","Mazraat En-Nahriyeh","No accepted authoritative Arabic mapping"
"LB-LOC-35371","Menneaa","No accepted authoritative Arabic mapping"
"LB-LOC-35277","Mhammaret","No accepted authoritative Arabic mapping"
"LB-LOC-35351","Michmich Aakkar","No accepted authoritative Arabic mapping"
"LB-LOC-35251","Mighraq Aakkar","No accepted authoritative Arabic mapping"
"LB-LOC-35129","Minyara","No accepted authoritative Arabic mapping"
"LB-LOC-35414","Mounjez","No accepted authoritative Arabic mapping"
"LB-LOC-35261","Mqaiteaa","No accepted authoritative Arabic mapping"
"LB-LOC-35451","Msalla","No accepted authoritative Arabic mapping"
"LB-LOC-35461","Mzeihmeh","No accepted authoritative Arabic mapping"
"LB-LOC-35115","Nfisseh","No accepted authoritative Arabic mapping"
"LB-LOC-35445","Noura Et-Tahta","No accepted authoritative Arabic mapping"
"LB-LOC-35455","Ouadi El-Haour","No accepted authoritative Arabic mapping"
"LB-LOC-35364","Ouadi El-Jamous","No accepted authoritative Arabic mapping"
"LB-LOC-35233","Qaabrine","No accepted authoritative Arabic mapping"
"LB-LOC-35325","Qabaait","No accepted authoritative Arabic mapping"
"LB-LOC-35453","Qachlaq","No accepted authoritative Arabic mapping"
"LB-LOC-35135","Qantarat Aakkar","No accepted authoritative Arabic mapping"
"LB-LOC-35341","Qardaf","No accepted authoritative Arabic mapping"
"LB-LOC-35518","Qarha Aakkar","No accepted authoritative Arabic mapping"
"LB-LOC-35487","Qbaiyat Aakkar","No accepted authoritative Arabic mapping"
"LB-LOC-35179","Qboula","No accepted authoritative Arabic mapping"
"LB-LOC-35243","Qleiaat Aakkar","No accepted authoritative Arabic mapping"
"LB-LOC-35317","Qloud El-Baqieh","No accepted authoritative Arabic mapping"
"LB-LOC-35352","Qornet Aakkar","No accepted authoritative Arabic mapping"
"LB-LOC-35269","Qoubber Chamra","No accepted authoritative Arabic mapping"
"LB-LOC-35334","Qraiyat","No accepted authoritative Arabic mapping"
"LB-LOC-35415","Qsair Aakkar","No accepted authoritative Arabic mapping"
"LB-LOC-35357","Rahbeh","No accepted authoritative Arabic mapping"
"LB-LOC-35467","Rihaniyet Aakkar","No accepted authoritative Arabic mapping"
"LB-LOC-35404","Rmah","No accepted authoritative Arabic mapping"
"LB-LOC-35281","Rmoul","No accepted authoritative Arabic mapping"
"LB-LOC-35217","Saadine","No accepted authoritative Arabic mapping"
"LB-LOC-35327","Sadaqa","No accepted authoritative Arabic mapping"
"LB-LOC-35469","Saidnaya","No accepted authoritative Arabic mapping"
"LB-LOC-35271","Sammaqiyeh","No accepted authoritative Arabic mapping"
"LB-LOC-35227","Sammouniyeh","No accepted authoritative Arabic mapping"
"LB-LOC-35311","Sayssouq","No accepted authoritative Arabic mapping"
"LB-LOC-35259","Semmaqli","No accepted authoritative Arabic mapping"
"LB-LOC-35324","Sfaynet El-Qaitaa","No accepted authoritative Arabic mapping"
"LB-LOC-35447","Sfinet Ed-Draib","No accepted authoritative Arabic mapping"
"LB-LOC-35411","Sindianet Zeidane","No accepted authoritative Arabic mapping"
"LB-LOC-35143","Souaisset Aakkar","No accepted authoritative Arabic mapping"
"LB-LOC-35471","Srar","No accepted authoritative Arabic mapping"
"LB-LOC-35213","Tall Aabbas Ech-Charqi","No accepted authoritative Arabic mapping"
"LB-LOC-35211","Tall Aabbas El-Gharbi","No accepted authoritative Arabic mapping"
"LB-LOC-35235","Tall Bireh","No accepted authoritative Arabic mapping"
"LB-LOC-35237","Tall Hmayra","No accepted authoritative Arabic mapping"
"LB-LOC-35231","Tall Meaayan Tall Kiri","No accepted authoritative Arabic mapping"
"LB-LOC-35247","Tall Sebaal","No accepted authoritative Arabic mapping"
"LB-LOC-35173","Tallet Chattaha","No accepted authoritative Arabic mapping"
"LB-LOC-35171","Tikrit","No accepted authoritative Arabic mapping"
"LB-LOC-35459","Tleil","No accepted authoritative Arabic mapping"
"LB-LOC-35356","Tshea","No accepted authoritative Arabic mapping"
"LB-LOC-35127","Zouarib","No accepted authoritative Arabic mapping"
"LB-LOC-35151","Zouq El Hosniyeh","No accepted authoritative Arabic mapping"
"LB-LOC-35159","Zouq El-Hadara","No accepted authoritative Arabic mapping"
"LB-LOC-35153","Zouq El-Hbalsa","No accepted authoritative Arabic mapping"
"LB-LOC-35161","Zouq El-Moqachrine","No accepted authoritative Arabic mapping"
"LB-LOC-53127","Aadous","No accepted authoritative Arabic mapping"
"LB-LOC-53217","Aain Baalbek","No accepted authoritative Arabic mapping"
"LB-LOC-53115","Aain Bourday","No accepted authoritative Arabic mapping"
"LB-LOC-53473","Aain Ej-Jaouz Baalbek","No accepted authoritative Arabic mapping"
"LB-LOC-53465","Aain El-Barnaya","No accepted authoritative Arabic mapping"
"LB-LOC-53163","Aain Es-Siyaa Chadoura","No accepted authoritative Arabic mapping"
"LB-LOC-53131","Aamchki","No accepted authoritative Arabic mapping"
"LB-LOC-53231","Aarsal","No accepted authoritative Arabic mapping"
"LB-LOC-53377","Aaynata Baalbek","No accepted authoritative Arabic mapping"
"LB-LOC-53111","Baalbek","No accepted authoritative Arabic mapping"
"LB-LOC-53221","Bajjaje","No accepted authoritative Arabic mapping"
"LB-LOC-53344","Barqa","No accepted authoritative Arabic mapping"
"LB-LOC-53333","Bechouat","No accepted authoritative Arabic mapping"
"LB-LOC-53411","Bednayel Baalbak","No accepted authoritative Arabic mapping"
"LB-LOC-53417","Beit Chama","No accepted authoritative Arabic mapping"
"LB-LOC-53459","Bouday","No accepted authoritative Arabic mapping"
"LB-LOC-53453","Brital","No accepted authoritative Arabic mapping"
"LB-LOC-53375","Btedaai","No accepted authoritative Arabic mapping"
"LB-LOC-53469","Chaaibeh","No accepted authoritative Arabic mapping"
"LB-LOC-53274","Chaat","No accepted authoritative Arabic mapping"
"LB-LOC-53467","Chlifa","No accepted authoritative Arabic mapping"
"LB-LOC-53429","Chmistar","No accepted authoritative Arabic mapping"
"LB-LOC-53366","Dar El-Ouassaa","No accepted authoritative Arabic mapping"
"LB-LOC-53311","Deir El-Ahmar","No accepted authoritative Arabic mapping"
"LB-LOC-53244","Deir Mar Maroun Baalbek","No accepted authoritative Arabic mapping"
"LB-LOC-53119","Douris","No accepted authoritative Arabic mapping"
"LB-LOC-53214","Fekehe","No accepted authoritative Arabic mapping"
"LB-LOC-53183","Hadath Baalbek","No accepted authoritative Arabic mapping"
"LB-LOC-53247","Halbata","No accepted authoritative Arabic mapping"
"LB-LOC-53463","Ham","No accepted authoritative Arabic mapping"
"LB-LOC-53159","Haouch El-Dehab","No accepted authoritative Arabic mapping"
"LB-LOC-53431","Haouch En-Nabi","No accepted authoritative Arabic mapping"
"LB-LOC-53419","Haouch Er-Rafqa","No accepted authoritative Arabic mapping"
"LB-LOC-53433","Haouch Snaid","No accepted authoritative Arabic mapping"
"LB-LOC-53135","Haouch Tall Safiyeh","No accepted authoritative Arabic mapping"
"LB-LOC-53151","Haouche Barada","No accepted authoritative Arabic mapping"
"LB-LOC-53451","Haour Taala","No accepted authoritative Arabic mapping"
"LB-LOC-53264","Harabta","No accepted authoritative Arabic mapping"
"LB-LOC-53441","Hizzine","No accepted authoritative Arabic mapping"
"LB-LOC-53123","Iaat","No accepted authoritative Arabic mapping"
"LB-LOC-53171","Jebaa","No accepted authoritative Arabic mapping"
"LB-LOC-53447","Jenta","No accepted authoritative Arabic mapping"
"LB-LOC-53427","Kfar Dabach","No accepted authoritative Arabic mapping"
"LB-LOC-53179","Kfar Dane","No accepted authoritative Arabic mapping"
"LB-LOC-54175","Kharayeb El-Hermel","No accepted authoritative Arabic mapping"
"LB-LOC-53443","Khodr Baalbek","No accepted authoritative Arabic mapping"
"LB-LOC-53455","Khreibet Baalbek","No accepted authoritative Arabic mapping"
"LB-LOC-53322","Kneisset Baalbek","No accepted authoritative Arabic mapping"
"LB-LOC-53234","Laboueh","No accepted authoritative Arabic mapping"
"LB-LOC-53461","Maaraboun","No accepted authoritative Arabic mapping"
"LB-LOC-53147","Majdaloun","No accepted authoritative Arabic mapping"
"LB-LOC-53155","Maqneh","No accepted authoritative Arabic mapping"
"LB-LOC-53457","Mazraat beit Mchaik","No accepted authoritative Arabic mapping"
"LB-LOC-53251","Moqraq","No accepted authoritative Arabic mapping"
"LB-LOC-53421","Mousrayeh","No accepted authoritative Arabic mapping"
"LB-LOC-53271","Nabha Ed-Damdoum","No accepted authoritative Arabic mapping"
"LB-LOC-53471","Nabi Chbay","No accepted authoritative Arabic mapping"
"LB-LOC-53445","Nabi Chit","No accepted authoritative Arabic mapping"
"LB-LOC-53224","Nabi Osmane","No accepted authoritative Arabic mapping"
"LB-LOC-53143","Nahleh baalbek","No accepted authoritative Arabic mapping"
"LB-LOC-54183","Ouadi El-Aaoss","No accepted authoritative Arabic mapping"
"LB-LOC-53241","Qaa Baalbek","No accepted authoritative Arabic mapping"
"LB-LOC-53257","Qaa Baayoun","No accepted authoritative Arabic mapping"
"LB-LOC-53267","Qaa Jouar Maqiyé","No accepted authoritative Arabic mapping"
"LB-LOC-53254","Qaa Ouadi El-Khanzir","No accepted authoritative Arabic mapping"
"LB-LOC-53277","Qarha Baalbek","No accepted authoritative Arabic mapping"
"LB-LOC-53413","Qsarnaba","No accepted authoritative Arabic mapping"
"LB-LOC-53281","Ram Baalbek","No accepted authoritative Arabic mapping"
"LB-LOC-53227","Ras Baalbek Ech-Charqi","No accepted authoritative Arabic mapping"
"LB-LOC-53211","Ras Baalbek Es-Sahel","No accepted authoritative Arabic mapping"
"LB-LOC-53355","Riha","No accepted authoritative Arabic mapping"
"LB-LOC-53167","Saaideh","No accepted authoritative Arabic mapping"
"LB-LOC-53261","Sbouba","No accepted authoritative Arabic mapping"
"LB-LOC-53437","Serraaine Et-Tahta","No accepted authoritative Arabic mapping"
"LB-LOC-53423","Slouqi","No accepted authoritative Arabic mapping"
"LB-LOC-53139","Taibet Baalbek","No accepted authoritative Arabic mapping"
"LB-LOC-53439","Talia","No accepted authoritative Arabic mapping"
"LB-LOC-53435","Taraiya","No accepted authoritative Arabic mapping"
"LB-LOC-53415","Temnine El-Faouqa","No accepted authoritative Arabic mapping"
"LB-LOC-53425","Temnine Et-Tahta","No accepted authoritative Arabic mapping"
"LB-LOC-53475","Tfail","No accepted authoritative Arabic mapping"
"LB-LOC-53449","Yahfoufa","No accepted authoritative Arabic mapping"
"LB-LOC-53388","Yammouneh","No accepted authoritative Arabic mapping"
"LB-LOC-53284","Youmine","No accepted authoritative Arabic mapping"
"LB-LOC-53237","Zabboud","No accepted authoritative Arabic mapping"
"LB-LOC-54127","Charbine El-Hermel","No accepted authoritative Arabic mapping"
"LB-LOC-54111","Hermel","No accepted authoritative Arabic mapping"
"LB-LOC-54159","Hermel Jbab","No accepted authoritative Arabic mapping"
"LB-LOC-54167","Maaysra El-Hermel","No accepted authoritative Arabic mapping"
"LB-LOC-54114","Michaa Mrajhineh","No accepted authoritative Arabic mapping"
"LB-LOC-54151","Ouadi Faara","No accepted authoritative Arabic mapping"
"LB-LOC-54135","Ras Baalbek El Gharbi","No accepted authoritative Arabic mapping"
"LB-LOC-54143","Ras Baalbek Ouadi Faara","No accepted authoritative Arabic mapping"
"LB-LOC-54119","Zighrine","No accepted authoritative Arabic mapping"
"LB-LOC-10650","Achrafieh","No accepted authoritative Arabic mapping"
"LB-LOC-10110","Ain el-Mreisseh","No accepted authoritative Arabic mapping"
"LB-LOC-10350","Bachoura","No accepted authoritative Arabic mapping"
"LB-LOC-10999","Beirut Central District","No accepted authoritative Arabic mapping"
"LB-LOC-10450","Marfaa","No accepted authoritative Arabic mapping"
"LB-LOC-10310","Mazraa","No accepted authoritative Arabic mapping"
"LB-LOC-10610","Medawar","No accepted authoritative Arabic mapping"
"LB-LOC-10250","Minet el-Hosn","No accepted authoritative Arabic mapping"
"LB-LOC-10210","Moussaytbeh","No accepted authoritative Arabic mapping"
"LB-LOC-10150","Ras Beyrouth","No accepted authoritative Arabic mapping"
"LB-LOC-10550","Remeil","No accepted authoritative Arabic mapping"
"LB-LOC-10510","Saifeh","No accepted authoritative Arabic mapping"
"LB-LOC-10410","Zoukak el-Blatt","No accepted authoritative Arabic mapping"
"LB-LOC-55167","Aain Aarab Rachaiya","No accepted authoritative Arabic mapping"
"LB-LOC-55171","Aain Aata","No accepted authoritative Arabic mapping"
"LB-LOC-55147","Aain Rouha","No accepted authoritative Arabic mapping"
"LB-LOC-55114","Aaqabet Rachaya","No accepted authoritative Arabic mapping"
"LB-LOC-55117","Aayha","No accepted authoritative Arabic mapping"
"LB-LOC-55194","Aayta El-Foukhar","No accepted authoritative Arabic mapping"
"LB-LOC-55177","Bakka","No accepted authoritative Arabic mapping"
"LB-LOC-55121","Bakkifac Rachaya","No accepted authoritative Arabic mapping"
"LB-LOC-55127","Beit Lahia","No accepted authoritative Arabic mapping"
"LB-LOC-55164","Biret Rachaiya","No accepted authoritative Arabic mapping"
"LB-LOC-55124","Dahr El-Ahmar","No accepted authoritative Arabic mapping"
"LB-LOC-55187","Deir El-Aachayer","No accepted authoritative Arabic mapping"
"LB-LOC-55161","Haouch El Qinnabeh Rachaiya","No accepted authoritative Arabic mapping"
"LB-LOC-55197","Helouet Rachaiya","No accepted authoritative Arabic mapping"
"LB-LOC-55144","Kaoukaba Bou Arab","No accepted authoritative Arabic mapping"
"LB-LOC-55137","Kfar Denis","No accepted authoritative Arabic mapping"
"LB-LOC-55154","Kfar Lichki","No accepted authoritative Arabic mapping"
"LB-LOC-55134","Kfar Qouq","No accepted authoritative Arabic mapping"
"LB-LOC-55151","Khirbet Rouha","No accepted authoritative Arabic mapping"
"LB-LOC-55174","Majdel Balhis","No accepted authoritative Arabic mapping"
"LB-LOC-55181","Mdoukha","No accepted authoritative Arabic mapping"
"LB-LOC-55141","Mhaiydseh Rachaiya","No accepted authoritative Arabic mapping"
"LB-LOC-55199","Nabi Safa","No accepted authoritative Arabic mapping"
"LB-LOC-55111","Rachaiya","No accepted authoritative Arabic mapping"
"LB-LOC-55157","Rafid Rachaiya","No accepted authoritative Arabic mapping"
"LB-LOC-55191","Selsata (Mazraat Deir El-Aachaiyer)","No accepted authoritative Arabic mapping"
"LB-LOC-55131","Tannoura","No accepted authoritative Arabic mapping"
"LB-LOC-55184","Yanta","No accepted authoritative Arabic mapping"
"LB-LOC-52116","Aain Et-Tineh BG","No accepted authoritative Arabic mapping"
"LB-LOC-52146","Aain Zebdeh","No accepted authoritative Arabic mapping"
"LB-LOC-52176","Aammiq BG","No accepted authoritative Arabic mapping"
"LB-LOC-52161","Aana","No accepted authoritative Arabic mapping"
"LB-LOC-52121","Aaytanit","No accepted authoritative Arabic mapping"
"LB-LOC-52224","Baaloul BG","No accepted authoritative Arabic mapping"
"LB-LOC-52126","Bab Mareaa","No accepted authoritative Arabic mapping"
"LB-LOC-52181","Chebrqiyet Aammiq","No accepted authoritative Arabic mapping"
"LB-LOC-52251","Dakoueh","No accepted authoritative Arabic mapping"
"LB-LOC-52131","Deir Aain Ej-Jaouzeh","No accepted authoritative Arabic mapping"
"LB-LOC-52166","Deir Tahniche","No accepted authoritative Arabic mapping"
"LB-LOC-52227","Ghazzeh","No accepted authoritative Arabic mapping"
"LB-LOC-52254","Haouch El-Harime","No accepted authoritative Arabic mapping"
"LB-LOC-52271","Harimeh Es-Soughra","No accepted authoritative Arabic mapping"
"LB-LOC-52257","Jazira BG","No accepted authoritative Arabic mapping"
"LB-LOC-52211","Joubb Jannine","No accepted authoritative Arabic mapping"
"LB-LOC-52156","Kafraiya BG","No accepted authoritative Arabic mapping"
"LB-LOC-52217","Kamed El-Laouz","No accepted authoritative Arabic mapping"
"LB-LOC-52234","Khiara","No accepted authoritative Arabic mapping"
"LB-LOC-52247","Khiara El-Aatiqa","No accepted authoritative Arabic mapping"
"LB-LOC-52151","Khirbet Qanafar","No accepted authoritative Arabic mapping"
"LB-LOC-52214","Lala","No accepted authoritative Arabic mapping"
"LB-LOC-52274","Libbaya BG","No accepted authoritative Arabic mapping"
"LB-LOC-52141","Loussa","No accepted authoritative Arabic mapping"
"LB-LOC-52111","Machghara","No accepted authoritative Arabic mapping"
"LB-LOC-52244","Manara (Hammara) BG","No accepted authoritative Arabic mapping"
"LB-LOC-52171","Mansoura BG","No accepted authoritative Arabic mapping"
"LB-LOC-52277","Marj BG","No accepted authoritative Arabic mapping"
"LB-LOC-52287","Maydoun","No accepted authoritative Arabic mapping"
"LB-LOC-52261","Ouaqf BG","No accepted authoritative Arabic mapping"
"LB-LOC-52237","Qaraaoun","No accepted authoritative Arabic mapping"
"LB-LOC-52291","Qelaya","No accepted authoritative Arabic mapping"
"LB-LOC-52295","Raouda (Istabel)","No accepted authoritative Arabic mapping"
"LB-LOC-52136","Saghbine","No accepted authoritative Arabic mapping"
"LB-LOC-52267","Sohmor","No accepted authoritative Arabic mapping"
"LB-LOC-52241","Soltan Yacoub el Aradi","No accepted authoritative Arabic mapping"
"LB-LOC-52264","Souairi","No accepted authoritative Arabic mapping"
"LB-LOC-52231","Soultan Yaacoub Faouqa","No accepted authoritative Arabic mapping"
"LB-LOC-52221","Tall Znoub","No accepted authoritative Arabic mapping"
"LB-LOC-52281","Yohmor BG","No accepted authoritative Arabic mapping"
"LB-LOC-52284","Zilaya","No accepted authoritative Arabic mapping"
"LB-LOC-51377","Aain Kfar Zabad","No accepted authoritative Arabic mapping"
"LB-LOC-51323","Aali En-Nahri","No accepted authoritative Arabic mapping"
"LB-LOC-51281","Aanjar (Haouch Moussa)","No accepted authoritative Arabic mapping"
"LB-LOC-51163","Ablah","No accepted authoritative Arabic mapping"
"LB-LOC-51267","Barr Elias","No accepted authoritative Arabic mapping"
"LB-LOC-51244","Bouarej","No accepted authoritative Arabic mapping"
"LB-LOC-51247","Chebrqiyet Tabet","No accepted authoritative Arabic mapping"
"LB-LOC-51211","Chtaura","No accepted authoritative Arabic mapping"
"LB-LOC-51383","Dalhamiyet Zahleh","No accepted authoritative Arabic mapping"
"LB-LOC-51347","Deir El-Ghazal","No accepted authoritative Arabic mapping"
"LB-LOC-51139","Fourzol","No accepted authoritative Arabic mapping"
"LB-LOC-51335","Haouch El-Aamara","No accepted authoritative Arabic mapping"
"LB-LOC-51329","Haouch El-Ghanam","No accepted authoritative Arabic mapping"
"LB-LOC-51251","Haouch Es-Siyadeh","No accepted authoritative Arabic mapping"
"LB-LOC-51317","Haouch Hala","No accepted authoritative Arabic mapping"
"LB-LOC-51237","Haouch Mandara","No accepted authoritative Arabic mapping"
"LB-LOC-51264","Haouch Qayssar","No accepted authoritative Arabic mapping"
"LB-LOC-51157","Hazerta","No accepted authoritative Arabic mapping"
"LB-LOC-51341","Hoshmosh","No accepted authoritative Arabic mapping"
"LB-LOC-51224","Jdita","No accepted authoritative Arabic mapping"
"LB-LOC-51389","Kfarzabad","No accepted authoritative Arabic mapping"
"LB-LOC-51184","Ksara","No accepted authoritative Arabic mapping"
"LB-LOC-51284","Majdel Aanjar","No accepted authoritative Arabic mapping"
"LB-LOC-51217","Makseh","No accepted authoritative Arabic mapping"
"LB-LOC-51371","Massa","No accepted authoritative Arabic mapping"
"LB-LOC-51185","Mazraat Er-Remtaniyeh","No accepted authoritative Arabic mapping"
"LB-LOC-51241","Mrayjat Zahleh","No accepted authoritative Arabic mapping"
"LB-LOC-51271","Mzaraat Zahleh","No accepted authoritative Arabic mapping"
"LB-LOC-51151","Nabi Ayla","No accepted authoritative Arabic mapping"
"LB-LOC-51354","Nasriyet Rizk","No accepted authoritative Arabic mapping"
"LB-LOC-51287","Nasriyet Zahleh","No accepted authoritative Arabic mapping"
"LB-LOC-51177","Niha Zahleh","No accepted authoritative Arabic mapping"
"LB-LOC-51257","Ouadi Ed-Delm","No accepted authoritative Arabic mapping"
"LB-LOC-51189","Ouadi El-Aarayech","No accepted authoritative Arabic mapping"
"LB-LOC-51173","Qaa Er-Rim","No accepted authoritative Arabic mapping"
"LB-LOC-51234","Qabb Elias","No accepted authoritative Arabic mapping"
"LB-LOC-51353","Qoussaya","No accepted authoritative Arabic mapping"
"LB-LOC-51359","Raait","No accepted authoritative Arabic mapping"
"LB-LOC-51311","Riyaq","No accepted authoritative Arabic mapping"
"LB-LOC-51231","Saadnayel","No accepted authoritative Arabic mapping"
"LB-LOC-51221","Taalbaya","No accepted authoritative Arabic mapping"
"LB-LOC-51227","Taanayel","No accepted authoritative Arabic mapping"
"LB-LOC-51274","Tcheflik Eddé Haouch","No accepted authoritative Arabic mapping"
"LB-LOC-51261","Tcheflik Qiqano","No accepted authoritative Arabic mapping"
"LB-LOC-51277","Tell El-Akhdar","No accepted authoritative Arabic mapping"
"LB-LOC-51365","Terbol Zahleh","No accepted authoritative Arabic mapping"
"LB-LOC-51145","Touaite Zahleh","No accepted authoritative Arabic mapping"
"LB-LOC-51127","Zahlé Haouch El-Oumara Aradi","No accepted authoritative Arabic mapping"
"LB-LOC-51123","Zahlé Mar Antonios","No accepted authoritative Arabic mapping"
"LB-LOC-51135","Zahlé Mar Elias","No accepted authoritative Arabic mapping"
"LB-LOC-51115","Zahlé Mar Gerges","No accepted authoritative Arabic mapping"
"LB-LOC-51129","Zahlé Saydet En-Najat","No accepted authoritative Arabic mapping"
"LB-LOC-51133","Zahleh Aradi","No accepted authoritative Arabic mapping"
"LB-LOC-51119","Zahleh El-Berbara","No accepted authoritative Arabic mapping"
"LB-LOC-51121","Zahleh El-Maallaqa","No accepted authoritative Arabic mapping"
"LB-LOC-51111","Zahleh El-Midane","No accepted authoritative Arabic mapping"
"LB-LOC-51117","Zahleh Er-Rassiyeh","No accepted authoritative Arabic mapping"
"LB-LOC-51131","Zahleh Haouch El-Oumara","No accepted authoritative Arabic mapping"
"LB-LOC-51113","Zahleh Haouch Ez-Zaraane","No accepted authoritative Arabic mapping"
"LB-LOC-51125","Zahleh Maallaqa Aradi","No accepted authoritative Arabic mapping"
"LB-LOC-51214","Zebdoul","No accepted authoritative Arabic mapping"
"LB-LOC-72143","Aain Ibl","No accepted authoritative Arabic mapping"
"LB-LOC-72151","Aaintaroun","No accepted authoritative Arabic mapping"
"LB-LOC-72224","Aaita Ej-Jabal","No accepted authoritative Arabic mapping"
"LB-LOC-72119","Aaynata Bent Jbayl","No accepted authoritative Arabic mapping"
"LB-LOC-72183","Aayta Ech-Chaab","No accepted authoritative Arabic mapping"
"LB-LOC-72227","Baraachit","No accepted authoritative Arabic mapping"
"LB-LOC-72287","Beit Lif","No accepted authoritative Arabic mapping"
"LB-LOC-72237","Beit Yahoun","No accepted authoritative Arabic mapping"
"LB-LOC-72111","Bent Jbayl","No accepted authoritative Arabic mapping"
"LB-LOC-72264","Borj qalaouiyeh","No accepted authoritative Arabic mapping"
"LB-LOC-72229","Chaqra","No accepted authoritative Arabic mapping"
"LB-LOC-72281","Debl","No accepted authoritative Arabic mapping"
"LB-LOC-72244","Deir Ntar","No accepted authoritative Arabic mapping"
"LB-LOC-72276","Froun","No accepted authoritative Arabic mapping"
"LB-LOC-72274","Ghandouriyet Bent Jbayl","No accepted authoritative Arabic mapping"
"LB-LOC-72231","Haddatha","No accepted authoritative Arabic mapping"
"LB-LOC-72284","Hanine","No accepted authoritative Arabic mapping"
"LB-LOC-72241","Haris","No accepted authoritative Arabic mapping"
"LB-LOC-72221","Jmaijmeh","No accepted authoritative Arabic mapping"
"LB-LOC-72257","Kafra Bant Jbayl","No accepted authoritative Arabic mapping"
"LB-LOC-72247","Kfar Dounine","No accepted authoritative Arabic mapping"
"LB-LOC-72234","Khirbet Selm","No accepted authoritative Arabic mapping"
"LB-LOC-72251","Kounine","No accepted authoritative Arabic mapping"
"LB-LOC-72127","Maroun Er-Ras","No accepted authoritative Arabic mapping"
"LB-LOC-72261","Qalaouiyeh","No accepted authoritative Arabic mapping"
"LB-LOC-72291","Qaouzah","No accepted authoritative Arabic mapping"
"LB-LOC-72175","Qatmoun","No accepted authoritative Arabic mapping"
"LB-LOC-72271","Rachaf","No accepted authoritative Arabic mapping"
"LB-LOC-72191","Ramyet Bent Jbayl","No accepted authoritative Arabic mapping"
"LB-LOC-72167","Rmaich","No accepted authoritative Arabic mapping"
"LB-LOC-72217","Safad Al-Battikh","No accepted authoritative Arabic mapping"
"LB-LOC-72135","Salhani","No accepted authoritative Arabic mapping"
"LB-LOC-72214","Soultaniyet Bent Jbayl","No accepted authoritative Arabic mapping"
"LB-LOC-72267","Srobbine","No accepted authoritative Arabic mapping"
"LB-LOC-72211","Tibnine","No accepted authoritative Arabic mapping"
"LB-LOC-72254","Tiri","No accepted authoritative Arabic mapping"
"LB-LOC-72159","Yaroun","No accepted authoritative Arabic mapping"
"LB-LOC-72277","Yater","No accepted authoritative Arabic mapping"
"LB-LOC-71351","Aabba","No accepted authoritative Arabic mapping"
"LB-LOC-71347","Aadchit Ech-Chqif","No accepted authoritative Arabic mapping"
"LB-LOC-71216","Aain Bou Souar","No accepted authoritative Arabic mapping"
"LB-LOC-71226","Aain Qana","No accepted authoritative Arabic mapping"
"LB-LOC-71115","Aali Et-Taher","No accepted authoritative Arabic mapping"
"LB-LOC-71256","Aarab Salim","No accepted authoritative Arabic mapping"
"LB-LOC-71271","Aazzi","No accepted authoritative Arabic mapping"
"LB-LOC-71361","Ansar","No accepted authoritative Arabic mapping"
"LB-LOC-71377","Arnoun","No accepted authoritative Arabic mapping"
"LB-LOC-71276","Bfaroueh","No accepted authoritative Arabic mapping"
"LB-LOC-71387","Braiqeaa","No accepted authoritative Arabic mapping"
"LB-LOC-71321","Charqiyeh","No accepted authoritative Arabic mapping"
"LB-LOC-71144","Choukine","No accepted authoritative Arabic mapping"
"LB-LOC-71311","Deir Ez-Zahrani","No accepted authoritative Arabic mapping"
"LB-LOC-71334","Douair En-Nabatiyeh","No accepted authoritative Arabic mapping"
"LB-LOC-71155","Habbouch En-Nabatiyeh","No accepted authoritative Arabic mapping"
"LB-LOC-71371","Hamra En-Nabattiyeh","No accepted authoritative Arabic mapping"
"LB-LOC-71331","Harouf En-Nabatiyeh","No accepted authoritative Arabic mapping"
"LB-LOC-71251","Hmaileh","No accepted authoritative Arabic mapping"
"LB-LOC-71246","Houmine El-Faouqa","No accepted authoritative Arabic mapping"
"LB-LOC-71266","Houmine Et-Tahta","No accepted authoritative Arabic mapping"
"LB-LOC-71231","Jarjouaa","No accepted authoritative Arabic mapping"
"LB-LOC-71211","Jbaa En-Nabatiyeh","No accepted authoritative Arabic mapping"
"LB-LOC-71337","Jibchit","No accepted authoritative Arabic mapping"
"LB-LOC-71354","Kfar Djal En-Nabatiyeh","No accepted authoritative Arabic mapping"
"LB-LOC-71133","Kfar Roummane","No accepted authoritative Arabic mapping"
"LB-LOC-71391","Kfar Sir","No accepted authoritative Arabic mapping"
"LB-LOC-71166","Kfar Tibnit","No accepted authoritative Arabic mapping"
"LB-LOC-71221","Kfarfila","No accepted authoritative Arabic mapping"
"LB-LOC-71177","Kfour En-Nabatieh","No accepted authoritative Arabic mapping"
"LB-LOC-71344","Mayfadoun","No accepted authoritative Arabic mapping"
"LB-LOC-71386","Mazraat Bsaffour","No accepted authoritative Arabic mapping"
"LB-LOC-71341","Mazraat Chalbaal","No accepted authoritative Arabic mapping"
"LB-LOC-71357","Mazraat Dmoul","No accepted authoritative Arabic mapping"
"LB-LOC-71314","Mazraat El-Bayad En-Nabatieh","No accepted authoritative Arabic mapping"
"LB-LOC-71117","Mazraat Kfarjaouz","No accepted authoritative Arabic mapping"
"LB-LOC-71384","Mazraat Qalaat El-Meis","No accepted authoritative Arabic mapping"
"LB-LOC-71241","Mzaraat El-Khreibeh","No accepted authoritative Arabic mapping"
"LB-LOC-71111","Nabatieh Et-Tahta","No accepted authoritative Arabic mapping"
"LB-LOC-71113","Nabatiyeh El-Faouka","No accepted authoritative Arabic mapping"
"LB-LOC-71327","Nmairiyeh","No accepted authoritative Arabic mapping"
"LB-LOC-71381","Qaaqaaiyet Ej-Jisr","No accepted authoritative Arabic mapping"
"LB-LOC-71374","Qsaibet En-Nabatiyeh","No accepted authoritative Arabic mapping"
"LB-LOC-71261","Roumine","No accepted authoritative Arabic mapping"
"LB-LOC-71236","Sarba En-Nabatieh","No accepted authoritative Arabic mapping"
"LB-LOC-71397","Sir El-Gharbiyeh","No accepted authoritative Arabic mapping"
"LB-LOC-71324","Toul","No accepted authoritative Arabic mapping"
"LB-LOC-71394","Yohmor En-Nabatiyeh","No accepted authoritative Arabic mapping"
"LB-LOC-71367","Zaoutar Ech-Charqiyeh","No accepted authoritative Arabic mapping"
"LB-LOC-71364","Zaoutar El-Gharbiyeh","No accepted authoritative Arabic mapping"
"LB-LOC-71281","Zefta","No accepted authoritative Arabic mapping"
"LB-LOC-71122","Zibdine En-Nabatiyeh","No accepted authoritative Arabic mapping"
"LB-LOC-74114","Aain Jarfa","No accepted authoritative Arabic mapping"
"LB-LOC-74126","Aain Qinia","No accepted authoritative Arabic mapping"
"LB-LOC-74112","Abou Qamha","No accepted authoritative Arabic mapping"
"LB-LOC-74155","Bourghos","No accepted authoritative Arabic mapping"
"LB-LOC-74130","Chebaa","No accepted authoritative Arabic mapping"
"LB-LOC-74124","Chouaya Hasbaiya","No accepted authoritative Arabic mapping"
"LB-LOC-74179","Dellafeh","No accepted authoritative Arabic mapping"
"LB-LOC-74116","Fardis Hasbaiya","No accepted authoritative Arabic mapping"
"LB-LOC-74111","Hasbaiya","No accepted authoritative Arabic mapping"
"LB-LOC-74122","Hebbariyeh","No accepted authoritative Arabic mapping"
"LB-LOC-74133","Kaoukaba Hasbaiya","No accepted authoritative Arabic mapping"
"LB-LOC-74160","Kfar Chouba","No accepted authoritative Arabic mapping"
"LB-LOC-74120","Kfar Hamam","No accepted authoritative Arabic mapping"
"LB-LOC-74175","Kfayr Ez-Zait","No accepted authoritative Arabic mapping"
"LB-LOC-74168","Khalouet Hasbaiya","No accepted authoritative Arabic mapping"
"LB-LOC-74181","Khreibet Hasbaiya","No accepted authoritative Arabic mapping"
"LB-LOC-74177","Majidiyeh Hasbaiya","No accepted authoritative Arabic mapping"
"LB-LOC-74131","Marj Ez-Zouhour (Haouch El-Qinnaabeh)","No accepted authoritative Arabic mapping"
"LB-LOC-74128","Meimes","No accepted authoritative Arabic mapping"
"LB-LOC-74158","Meri","No accepted authoritative Arabic mapping"
"LB-LOC-74118","Rachaiya El-Foukhar","No accepted authoritative Arabic mapping"
"LB-LOC-74141","Salaiyeb","No accepted authoritative Arabic mapping"
"LB-LOC-73211","Aadaysseh Marjaayoun","No accepted authoritative Arabic mapping"
"LB-LOC-73256","Aadchit El-Qoussair","No accepted authoritative Arabic mapping"
"LB-LOC-73162","Aain Aarab Marjaayoun","No accepted authoritative Arabic mapping"
"LB-LOC-73293","Aalmane Marjaayoun","No accepted authoritative Arabic mapping"
"LB-LOC-73191","Aamra","No accepted authoritative Arabic mapping"
"LB-LOC-73226","Bany haiyane","No accepted authoritative Arabic mapping"
"LB-LOC-73135","Blat Marjaayoun","No accepted authoritative Arabic mapping"
"LB-LOC-73288","Blida","No accepted authoritative Arabic mapping"
"LB-LOC-73146","Borj El-Moulouk","No accepted authoritative Arabic mapping"
"LB-LOC-73116","Boueyda Marjaayoun","No accepted authoritative Arabic mapping"
"LB-LOC-73167","Deir Mimas","No accepted authoritative Arabic mapping"
"LB-LOC-73230","Deir Siriane","No accepted authoritative Arabic mapping"
"LB-LOC-73119","Dibbine","No accepted authoritative Arabic mapping"
"LB-LOC-73234","Houla","No accepted authoritative Arabic mapping"
"LB-LOC-73183","Houra","No accepted authoritative Arabic mapping"
"LB-LOC-73127","Ibl Es-Saqi","No accepted authoritative Arabic mapping"
"LB-LOC-73228","Kfar Kila","No accepted authoritative Arabic mapping"
"LB-LOC-73159","Khiyam Marjaayoun","No accepted authoritative Arabic mapping"
"LB-LOC-73279","Majdel Selm","No accepted authoritative Arabic mapping"
"LB-LOC-73111","Marjaayoun","No accepted authoritative Arabic mapping"
"LB-LOC-73245","Markaba","No accepted authoritative Arabic mapping"
"LB-LOC-73143","Mazraat Doumiat","No accepted authoritative Arabic mapping"
"LB-LOC-73175","Mazraat Sarada","No accepted authoritative Arabic mapping"
"LB-LOC-73250","Meiss Ej-Jabal","No accepted authoritative Arabic mapping"
"LB-LOC-73248","Mhaibib","No accepted authoritative Arabic mapping"
"LB-LOC-73262","Qabrikha","No accepted authoritative Arabic mapping"
"LB-LOC-73276","Qantara","No accepted authoritative Arabic mapping"
"LB-LOC-73151","Qlaiaa","No accepted authoritative Arabic mapping"
"LB-LOC-73257","Rabb Et-Tlatine","No accepted authoritative Arabic mapping"
"LB-LOC-73280","Saouanet Marjayoun","No accepted authoritative Arabic mapping"
"LB-LOC-73244","Talloussa","No accepted authoritative Arabic mapping"
"LB-LOC-73232","Taybet Matjaayoun","No accepted authoritative Arabic mapping"
"LB-LOC-73282","Touline","No accepted authoritative Arabic mapping"
"LB-LOC-24375","Aabey","No accepted authoritative Arabic mapping"
"LB-LOC-24259","Aain Aanoub","No accepted authoritative Arabic mapping"
"LB-LOC-24477","Aain Dara","No accepted authoritative Arabic mapping"
"LB-LOC-24219","Aain Drafil","No accepted authoritative Arabic mapping"
"LB-LOC-24325","Aain Ej-Jdideh Aaley","No accepted authoritative Arabic mapping"
"LB-LOC-24431","Aain El Halazoun","No accepted authoritative Arabic mapping"
"LB-LOC-24317","Aain Er-Roummaneh Aaley","No accepted authoritative Arabic mapping"
"LB-LOC-24371","Aain Ksour","No accepted authoritative Arabic mapping"
"LB-LOC-24361","Aain Traz","No accepted authoritative Arabic mapping"
"LB-LOC-24311","Aaley","No accepted authoritative Arabic mapping"
"LB-LOC-24365","Aaley Bsatine","No accepted authoritative Arabic mapping"
"LB-LOC-24211","Aaramoun Aaley","No accepted authoritative Arabic mapping"
"LB-LOC-24351","Aaynab","No accepted authoritative Arabic mapping"
"LB-LOC-24329","Aaytat","No accepted authoritative Arabic mapping"
"LB-LOC-24454","Aazouniyeh","No accepted authoritative Arabic mapping"
"LB-LOC-24235","Baaouerta","No accepted authoritative Arabic mapping"
"LB-LOC-24343","Bayssour Aaley","No accepted authoritative Arabic mapping"
"LB-LOC-24243","Bchamoun","No accepted authoritative Arabic mapping"
"LB-LOC-24283","Bdadoun","No accepted authoritative Arabic mapping"
"LB-LOC-24434","Bedghan Oua Ouadi Bedghan","No accepted authoritative Arabic mapping"
"LB-LOC-24327","Behouara","No accepted authoritative Arabic mapping"
"LB-LOC-24414","Bhamdoun Ed-Dayaa","No accepted authoritative Arabic mapping"
"LB-LOC-24411","Bhamdoun El-Mhatta","No accepted authoritative Arabic mapping"
"LB-LOC-24369","Binnay","No accepted authoritative Arabic mapping"
"LB-LOC-24321","Bkhichtay","No accepted authoritative Arabic mapping"
"LB-LOC-24267","Blaybel","No accepted authoritative Arabic mapping"
"LB-LOC-24484","Bmahray","No accepted authoritative Arabic mapping"
"LB-LOC-24319","Bmakine","No accepted authoritative Arabic mapping"
"LB-LOC-24355","Bou Zrideh","No accepted authoritative Arabic mapping"
"LB-LOC-24464","Bserrine","No accepted authoritative Arabic mapping"
"LB-LOC-24291","Bsous","No accepted authoritative Arabic mapping"
"LB-LOC-24421","Btalloun","No accepted authoritative Arabic mapping"
"LB-LOC-24447","Btater","No accepted authoritative Arabic mapping"
"LB-LOC-24417","Chanay","No accepted authoritative Arabic mapping"
"LB-LOC-24444","Charoun","No accepted authoritative Arabic mapping"
"LB-LOC-24353","Chartoun","No accepted authoritative Arabic mapping"
"LB-LOC-24339","Chimlane","No accepted authoritative Arabic mapping"
"LB-LOC-24111","Choueifat El-Aamrousiyeh","No accepted authoritative Arabic mapping"
"LB-LOC-24155","Choueifat El-Oumara","No accepted authoritative Arabic mapping"
"LB-LOC-24133","Choueifat El-Quoubbeh","No accepted authoritative Arabic mapping"
"LB-LOC-24251","Daqqoun","No accepted authoritative Arabic mapping"
"LB-LOC-24177","Deir Qoubel","No accepted authoritative Arabic mapping"
"LB-LOC-24357","Dfoun","No accepted authoritative Arabic mapping"
"LB-LOC-24345","Douair Er-Remmaneh","No accepted authoritative Arabic mapping"
"LB-LOC-24323","Ghaboune","No accepted authoritative Arabic mapping"
"LB-LOC-24461","Habramoun","No accepted authoritative Arabic mapping"
"LB-LOC-24437","Homs Oua Hama","No accepted authoritative Arabic mapping"
"LB-LOC-24275","Houmal","No accepted authoritative Arabic mapping"
"LB-LOC-24451","Ighmid","No accepted authoritative Arabic mapping"
"LB-LOC-24373","Jisr El Qadi","No accepted authoritative Arabic mapping"
"LB-LOC-24313","Kahhaleh","No accepted authoritative Arabic mapping"
"LB-LOC-24337","Keyfoun","No accepted authoritative Arabic mapping"
"LB-LOC-24341","Kfar Aamay","No accepted authoritative Arabic mapping"
"LB-LOC-24377","Kfar Matta","No accepted authoritative Arabic mapping"
"LB-LOC-24471","Maasrati","No accepted authoritative Arabic mapping"
"LB-LOC-24424","Majdel Baana","No accepted authoritative Arabic mapping"
"LB-LOC-24441","Mansouriyet Bhamdoun","No accepted authoritative Arabic mapping"
"LB-LOC-24474","Mazraat En-Nahr Aaley","No accepted authoritative Arabic mapping"
"LB-LOC-24443","Mchekhti","No accepted authoritative Arabic mapping"
"LB-LOC-24457","Mcherfeh","No accepted authoritative Arabic mapping"
"LB-LOC-24349","Mejdlaiya","No accepted authoritative Arabic mapping"
"LB-LOC-24481","Mrayjat Aaley","No accepted authoritative Arabic mapping"
"LB-LOC-24315","Qmatiyeh","No accepted authoritative Arabic mapping"
"LB-LOC-24467","Ramlieh","No accepted authoritative Arabic mapping"
"LB-LOC-24359","Richmaiya","No accepted authoritative Arabic mapping"
"LB-LOC-24335","Rijmeh","No accepted authoritative Arabic mapping"
"LB-LOC-24367","Rimhala","No accepted authoritative Arabic mapping"
"LB-LOC-24347","Rouayssat En-Naamane","No accepted authoritative Arabic mapping"
"LB-LOC-24427","Saoufar","No accepted authoritative Arabic mapping"
"LB-LOC-24363","Selfaya","No accepted authoritative Arabic mapping"
"LB-LOC-24227","Sirhmoul","No accepted authoritative Arabic mapping"
"LB-LOC-24331","Souq El-Gharb","No accepted authoritative Arabic mapping"
"LB-LOC-24333","Taazaniyeh","No accepted authoritative Arabic mapping"
"LB-LOC-21341","Aabadiyeh","No accepted authoritative Arabic mapping"
"LB-LOC-21314","Aain Mouaffaq","No accepted authoritative Arabic mapping"
"LB-LOC-21371","Aaraiya","No accepted authoritative Arabic mapping"
"LB-LOC-21381","Aarbaniyeh","No accepted authoritative Arabic mapping"
"LB-LOC-21471","Arsoun","No accepted authoritative Arabic mapping"
"LB-LOC-21211","Baabda","No accepted authoritative Arabic mapping"
"LB-LOC-21311","Baalchmay","No accepted authoritative Arabic mapping"
"LB-LOC-21436","Bmaryam","No accepted authoritative Arabic mapping"
"LB-LOC-21177","Bourj El-Brajneh","No accepted authoritative Arabic mapping"
"LB-LOC-21227","Boutchay","No accepted authoritative Arabic mapping"
"LB-LOC-21283","Bsaba Baabda","No accepted authoritative Arabic mapping"
"LB-LOC-21441","Btekhnay","No accepted authoritative Arabic mapping"
"LB-LOC-21451","Btibyat","No accepted authoritative Arabic mapping"
"LB-LOC-21466","Bzebdine","No accepted authoritative Arabic mapping"
"LB-LOC-21426","Chbaniyeh","No accepted authoritative Arabic mapping"
"LB-LOC-21111","Chiyah","No accepted authoritative Arabic mapping"
"LB-LOC-21347","Chmeisset Baabda","No accepted authoritative Arabic mapping"
"LB-LOC-21354","Chouit","No accepted authoritative Arabic mapping"
"LB-LOC-21367","Deir El-harf","No accepted authoritative Arabic mapping"
"LB-LOC-21337","Deir Khouna","No accepted authoritative Arabic mapping"
"LB-LOC-21391","Dlaybeh","No accepted authoritative Arabic mapping"
"LB-LOC-21446","Falougha","No accepted authoritative Arabic mapping"
"LB-LOC-21133","Furn Ech-Chebbak","No accepted authoritative Arabic mapping"
"LB-LOC-21219","Hadath Beyrouth","No accepted authoritative Arabic mapping"
"LB-LOC-21411","Hammana","No accepted authoritative Arabic mapping"
"LB-LOC-21275","Haret Es-Sit","No accepted authoritative Arabic mapping"
"LB-LOC-21327","Haret Hamzeh","No accepted authoritative Arabic mapping"
"LB-LOC-21144","Haret Hreik","No accepted authoritative Arabic mapping"
"LB-LOC-21397","Hasbaiya El-Matn","No accepted authoritative Arabic mapping"
"LB-LOC-21324","Hlaliyeh Baabda","No accepted authoritative Arabic mapping"
"LB-LOC-21461","Jouar El-Haouz","No accepted authoritative Arabic mapping"
"LB-LOC-21487","Jouret Arsoun","No accepted authoritative Arabic mapping"
"LB-LOC-21251","Kfar Chima","No accepted authoritative Arabic mapping"
"LB-LOC-21476","Kfar Selouane","No accepted authoritative Arabic mapping"
"LB-LOC-21421","Khalouat Baabda","No accepted authoritative Arabic mapping"
"LB-LOC-21431","Khreibet Baabda","No accepted authoritative Arabic mapping"
"LB-LOC-21377","Kneisset Baabda","No accepted authoritative Arabic mapping"
"LB-LOC-21166","Laylakeh","No accepted authoritative Arabic mapping"
"LB-LOC-21243","Louayzeh Baabda","No accepted authoritative Arabic mapping"
"LB-LOC-21235","Merdache","No accepted authoritative Arabic mapping"
"LB-LOC-21321","Mzairaa Baabda","No accepted authoritative Arabic mapping"
"LB-LOC-21267","Ouadi Chahrour El Aaoulia","No accepted authoritative Arabic mapping"
"LB-LOC-21259","Ouadi Chahrour Es-Soufla","No accepted authoritative Arabic mapping"
"LB-LOC-21416","Qalaat Baabda","No accepted authoritative Arabic mapping"
"LB-LOC-21357","Qobbayaa","No accepted authoritative Arabic mapping"
"LB-LOC-21361","Qordata","No accepted authoritative Arabic mapping"
"LB-LOC-21456","Qornayel","No accepted authoritative Arabic mapping"
"LB-LOC-21344","Qrayet Baabda","No accepted authoritative Arabic mapping"
"LB-LOC-21364","Qsaibeh Baabda","No accepted authoritative Arabic mapping"
"LB-LOC-21331","Qtaleh Baabda","No accepted authoritative Arabic mapping"
"LB-LOC-21351","Ras El Matn","No accepted authoritative Arabic mapping"
"LB-LOC-21334","Ras El-Href","No accepted authoritative Arabic mapping"
"LB-LOC-21317","Rouayssrt El-Ballout","No accepted authoritative Arabic mapping"
"LB-LOC-21394","Salima Baabda","No accepted authoritative Arabic mapping"
"LB-LOC-21188","Tahouitat El Ghadir","No accepted authoritative Arabic mapping"
"LB-LOC-21481","Tarchich","No accepted authoritative Arabic mapping"
"LB-LOC-21374","Zandouqa","No accepted authoritative Arabic mapping"
"LB-LOC-23627","Aain Ouzain","No accepted authoritative Arabic mapping"
"LB-LOC-23619","Aain Qania","No accepted authoritative Arabic mapping"
"LB-LOC-23469","Aain Zhalta","No accepted authoritative Arabic mapping"
"LB-LOC-23533","Aainbal","No accepted authoritative Arabic mapping"
"LB-LOC-23311","Aalmane Ech-Chouf","No accepted authoritative Arabic mapping"
"LB-LOC-23639","Aammatour","No accepted authoritative Arabic mapping"
"LB-LOC-23427","Aammiq Ech-Chouf","No accepted authoritative Arabic mapping"
"LB-LOC-23239","Aanout","No accepted authoritative Arabic mapping"
"LB-LOC-23544","Aathrine","No accepted authoritative Arabic mapping"
"LB-LOC-23631","Baadarane","No accepted authoritative Arabic mapping"
"LB-LOC-23511","Baaqline","No accepted authoritative Arabic mapping"
"LB-LOC-23255","Baassir","No accepted authoritative Arabic mapping"
"LB-LOC-23251","Barja","No accepted authoritative Arabic mapping"
"LB-LOC-23679","Barouk","No accepted authoritative Arabic mapping"
"LB-LOC-23675","Bater","No accepted authoritative Arabic mapping"
"LB-LOC-23663","Batloun","No accepted authoritative Arabic mapping"
"LB-LOC-23687","Bayqoun","No accepted authoritative Arabic mapping"
"LB-LOC-23423","Bchtfine","No accepted authoritative Arabic mapping"
"LB-LOC-23411","Beit Ed-Dine","No accepted authoritative Arabic mapping"
"LB-LOC-23263","Benouati Ech-Chouf","No accepted authoritative Arabic mapping"
"LB-LOC-23451","Biret Ech-Chouf","No accepted authoritative Arabic mapping"
"LB-LOC-23253","Bkechtine Ouel Mcheiaa","No accepted authoritative Arabic mapping"
"LB-LOC-23356","Bkifa Ech-Chouf","No accepted authoritative Arabic mapping"
"LB-LOC-23615","Botmeh","No accepted authoritative Arabic mapping"
"LB-LOC-23247","Bourjein","No accepted authoritative Arabic mapping"
"LB-LOC-23457","Bqaiaa Ech-Chouf","No accepted authoritative Arabic mapping"
"LB-LOC-23459","Brih","No accepted authoritative Arabic mapping"
"LB-LOC-23386","Bsaba Ech-Chouf","No accepted authoritative Arabic mapping"
"LB-LOC-23223","Chammis Ech-Chouf","No accepted authoritative Arabic mapping"
"LB-LOC-23211","Chhim","No accepted authoritative Arabic mapping"
"LB-LOC-23275","Chmaarine","No accepted authoritative Arabic mapping"
"LB-LOC-23453","Chourit","No accepted authoritative Arabic mapping"
"LB-LOC-23279","Dahr Ech-Chouf","No accepted authoritative Arabic mapping"
"LB-LOC-23219","Dalhoun","No accepted authoritative Arabic mapping"
"LB-LOC-23111","Damour","No accepted authoritative Arabic mapping"
"LB-LOC-23227","Daraiya Ech-Chouf","No accepted authoritative Arabic mapping"
"LB-LOC-23435","Deir Baba","No accepted authoritative Arabic mapping"
"LB-LOC-23522","Deir Dourit","No accepted authoritative Arabic mapping"
"LB-LOC-23346","Deir El-Moukhalles Ech-Chouf","No accepted authoritative Arabic mapping"
"LB-LOC-23413","Deir El-Qamar","No accepted authoritative Arabic mapping"
"LB-LOC-23429","Deir Koucheh","No accepted authoritative Arabic mapping"
"LB-LOC-23259","Dibbiyeh","No accepted authoritative Arabic mapping"
"LB-LOC-23447","Dmit","No accepted authoritative Arabic mapping"
"LB-LOC-23449","Faouarat Jaafar","No accepted authoritative Arabic mapping"
"LB-LOC-23467","Fraudis Ech-Chouf","No accepted authoritative Arabic mapping"
"LB-LOC-23438","GHabet Jaafar","No accepted authoritative Arabic mapping"
"LB-LOC-23566","Gharifeh","No accepted authoritative Arabic mapping"
"LB-LOC-23647","Haret Jandal","No accepted authoritative Arabic mapping"
"LB-LOC-23588","Hasrout","No accepted authoritative Arabic mapping"
"LB-LOC-23271","Jadra","No accepted authoritative Arabic mapping"
"LB-LOC-23577","Jahliyeh","No accepted authoritative Arabic mapping"
"LB-LOC-23671","Jbaa Ech-Chouf","No accepted authoritative Arabic mapping"
"LB-LOC-23623","Jdeidet Ech-Chouf","No accepted authoritative Arabic mapping"
"LB-LOC-23267","Jiyeh","No accepted authoritative Arabic mapping"
"LB-LOC-23376","Jleiliyeh","No accepted authoritative Arabic mapping"
"LB-LOC-23316","Jmailiyeh","No accepted authoritative Arabic mapping"
"LB-LOC-23336","Joun","No accepted authoritative Arabic mapping"
"LB-LOC-23643","Kahlouniet Ech-Chouf","No accepted authoritative Arabic mapping"
"LB-LOC-23231","Ketermaya","No accepted authoritative Arabic mapping"
"LB-LOC-23433","Kfar Faqoud","No accepted authoritative Arabic mapping"
"LB-LOC-23415","Kfar Hamal","No accepted authoritative Arabic mapping"
"LB-LOC-23454","Kfar hay","No accepted authoritative Arabic mapping"
"LB-LOC-23439","Kfar Him","No accepted authoritative Arabic mapping"
"LB-LOC-23655","Kfar Nabrakh","No accepted authoritative Arabic mapping"
"LB-LOC-23455","Kfar Niss","No accepted authoritative Arabic mapping"
"LB-LOC-23419","Kfar Qatra","No accepted authoritative Arabic mapping"
"LB-LOC-23635","Khereibet Ech-Chouf","No accepted authoritative Arabic mapping"
"LB-LOC-23371","Khirbet Bisri","No accepted authoritative Arabic mapping"
"LB-LOC-23425","Kneisset Ech-Chouf","No accepted authoritative Arabic mapping"
"LB-LOC-23235","Maaniyeh","No accepted authoritative Arabic mapping"
"LB-LOC-23421","Maasser Beit Ed-Dine","No accepted authoritative Arabic mapping"
"LB-LOC-23667","Maasser Ech-Chouf","No accepted authoritative Arabic mapping"
"LB-LOC-23326","Majdalouna","No accepted authoritative Arabic mapping"
"LB-LOC-23445","Majdel El-Meouch","No accepted authoritative Arabic mapping"
"LB-LOC-23215","Mazboud","No accepted authoritative Arabic mapping"
"LB-LOC-23361","Mazmoura","No accepted authoritative Arabic mapping"
"LB-LOC-23651","Mazraat Ech-Chouf","No accepted authoritative Arabic mapping"
"LB-LOC-23431","Mazraat Ed-Douair","No accepted authoritative Arabic mapping"
"LB-LOC-23366","Mazraat Es-Dahr","No accepted authoritative Arabic mapping"
"LB-LOC-23171","Mechref","No accepted authoritative Arabic mapping"
"LB-LOC-23341","Mghairiyeh Ech-Chouf","No accepted authoritative Arabic mapping"
"LB-LOC-23461","Moughayret Ech-Chouf","No accepted authoritative Arabic mapping"
"LB-LOC-23611","Moukhtara","No accepted authoritative Arabic mapping"
"LB-LOC-23659","Mristi","No accepted authoritative Arabic mapping"
"LB-LOC-23365","Mtolleh","No accepted authoritative Arabic mapping"
"LB-LOC-23141","Naameh","No accepted authoritative Arabic mapping"
"LB-LOC-23625","Niha El-Chouf","No accepted authoritative Arabic mapping"
"LB-LOC-23237","Ouadi Abou Youssef","No accepted authoritative Arabic mapping"
"LB-LOC-23555","Ouadi bnehlay","No accepted authoritative Arabic mapping"
"LB-LOC-23441","Ouadi Ed-Deir","No accepted authoritative Arabic mapping"
"LB-LOC-23443","Ouadi Es-Sitt","No accepted authoritative Arabic mapping"
"LB-LOC-23331","Ouardaniyeh","No accepted authoritative Arabic mapping"
"LB-LOC-23463","Ouarhaniyeh","No accepted authoritative Arabic mapping"
"LB-LOC-23351","Qreiaa","No accepted authoritative Arabic mapping"
"LB-LOC-23321","Rmeilet Ech-Chouf","No accepted authoritative Arabic mapping"
"LB-LOC-23417","Semqaniyeh","No accepted authoritative Arabic mapping"
"LB-LOC-23243","Sibline","No accepted authoritative Arabic mapping"
"LB-LOC-23437","Sirjbal","No accepted authoritative Arabic mapping"
"LB-LOC-23381","Zaarouriyeh","No accepted authoritative Arabic mapping"
"LB-LOC-22551","Aain Aalaq","No accepted authoritative Arabic mapping"
"LB-LOC-22471","Aain Aar","No accepted authoritative Arabic mapping"
"LB-LOC-22543","Aain El-Kharroubeh","No accepted authoritative Arabic mapping"
"LB-LOC-22777","Aain El-Qabu","No accepted authoritative Arabic mapping"
"LB-LOC-22523","Aain El-Qach","No accepted authoritative Arabic mapping"
"LB-LOC-22737","Aain Es-Sindiane","No accepted authoritative Arabic mapping"
"LB-LOC-22727","Aain es-Sofsaf El-Matn","No accepted authoritative Arabic mapping"
"LB-LOC-22563","Aain Et-Teffaha","No accepted authoritative Arabic mapping"
"LB-LOC-22714","Aain Ez-Zeitouneh","No accepted authoritative Arabic mapping"
"LB-LOC-22423","Aain Saadeh","No accepted authoritative Arabic mapping"
"LB-LOC-22343","Aamaret Chalhoub","No accepted authoritative Arabic mapping"
"LB-LOC-22555","Aatchaneh","No accepted authoritative Arabic mapping"
"LB-LOC-22635","Aayoun El-Matn","No accepted authoritative Arabic mapping"
"LB-LOC-22767","Aayroun","No accepted authoritative Arabic mapping"
"LB-LOC-22575","Abou Mizane","No accepted authoritative Arabic mapping"
"LB-LOC-22751","Aintoura El-Matn","No accepted authoritative Arabic mapping"
"LB-LOC-22311","Antelias","No accepted authoritative Arabic mapping"
"LB-LOC-22659","Baabdat","No accepted authoritative Arabic mapping"
"LB-LOC-22228","Baouchriyeh","No accepted authoritative Arabic mapping"
"LB-LOC-22797","Baskinta","No accepted authoritative Arabic mapping"
"LB-LOC-22531","Beit Chabab","No accepted authoritative Arabic mapping"
"LB-LOC-22459","Beit Ech-Chaar","No accepted authoritative Arabic mapping"
"LB-LOC-22451","Beit El-Kekko","No accepted authoritative Arabic mapping"
"LB-LOC-22667","Beit Meri","No accepted authoritative Arabic mapping"
"LB-LOC-22535","Bhersaf","No accepted authoritative Arabic mapping"
"LB-LOC-22511","Bikfaya","No accepted authoritative Arabic mapping"
"LB-LOC-22724","Bnabil","No accepted authoritative Arabic mapping"
"LB-LOC-22111","Bourj Hammoud","No accepted authoritative Arabic mapping"
"LB-LOC-22431","Bqennaya","No accepted authoritative Arabic mapping"
"LB-LOC-22611","Broummana El-Matn","No accepted authoritative Arabic mapping"
"LB-LOC-22439","Bsalim","No accepted authoritative Arabic mapping"
"LB-LOC-22691","Bsifrine","No accepted authoritative Arabic mapping"
"LB-LOC-22757","Bteghrine","No accepted authoritative Arabic mapping"
"LB-LOC-22359","Byaqout","No accepted authoritative Arabic mapping"
"LB-LOC-22559","Chaouiyeh","No accepted authoritative Arabic mapping"
"LB-LOC-22764","Chouaya El-Matn","No accepted authoritative Arabic mapping"
"LB-LOC-22754","Choueir","No accepted authoritative Arabic mapping"
"LB-LOC-22591","Chrine","No accepted authoritative Arabic mapping"
"LB-LOC-22675","Dahr Es-Souane El-Matn","No accepted authoritative Arabic mapping"
"LB-LOC-22415","Daychouniyeh","No accepted authoritative Arabic mapping"
"LB-LOC-22375","Dbayeh","No accepted authoritative Arabic mapping"
"LB-LOC-22579","Deir Chamra","No accepted authoritative Arabic mapping"
"LB-LOC-22487","Deir Mar Aabda el Mchammar","No accepted authoritative Arabic mapping"
"LB-LOC-22245","Deir mar Roukoz","No accepted authoritative Arabic mapping"
"LB-LOC-22479","Deir Tamich","No accepted authoritative Arabic mapping"
"LB-LOC-22262","Dekouaneh","No accepted authoritative Arabic mapping"
"LB-LOC-22463","Dik El-Mehdi","No accepted authoritative Arabic mapping"
"LB-LOC-22761","Douar El-Matn","No accepted authoritative Arabic mapping"
"LB-LOC-22419","Fanar","No accepted authoritative Arabic mapping"
"LB-LOC-22571","Fraikeh","No accepted authoritative Arabic mapping"
"LB-LOC-22383","Haret El-Ballane","No accepted authoritative Arabic mapping"
"LB-LOC-22583","Hbous","No accepted authoritative Arabic mapping"
"LB-LOC-22547","Himlaya","No accepted authoritative Arabic mapping"
"LB-LOC-22327","Jall Ed-Did","No accepted authoritative Arabic mapping"
"LB-LOC-22211","Jdaidet El-Matn","No accepted authoritative Arabic mapping"
"LB-LOC-22587","Jouar El-Matn","No accepted authoritative Arabic mapping"
"LB-LOC-22619","Jouret El-Ballout","No accepted authoritative Arabic mapping"
"LB-LOC-22781","Kfar Aaqab","No accepted authoritative Arabic mapping"
"LB-LOC-22799","Kfar Tay El-Matn","No accepted authoritative Arabic mapping"
"LB-LOC-22722","Khillet El-Mtain","No accepted authoritative Arabic mapping"
"LB-LOC-22747","Khinchara","No accepted authoritative Arabic mapping"
"LB-LOC-22787","Machraah El-Matn","No accepted authoritative Arabic mapping"
"LB-LOC-22774","Majdel tarchich","No accepted authoritative Arabic mapping"
"LB-LOC-22435","Majzoub","No accepted authoritative Arabic mapping"
"LB-LOC-22411","Mansouriyet El-Matn","No accepted authoritative Arabic mapping"
"LB-LOC-22527","Mar Boutros Karm Et-Tine","No accepted authoritative Arabic mapping"
"LB-LOC-22784","Mar Moussa Ed-Douar","No accepted authoritative Arabic mapping"
"LB-LOC-22734","Marjaba","No accepted authoritative Arabic mapping"
"LB-LOC-22627","Masqa","No accepted authoritative Arabic mapping"
"LB-LOC-22539","Mayasseh","No accepted authoritative Arabic mapping"
"LB-LOC-22391","Mazraat Deir Aaoukar","No accepted authoritative Arabic mapping"
"LB-LOC-22367","Mazraat El-Hdaira","No accepted authoritative Arabic mapping"
"LB-LOC-22475","Mazraat Yachouaa","No accepted authoritative Arabic mapping"
"LB-LOC-22717","Mchikha","No accepted authoritative Arabic mapping"
"LB-LOC-22319","Menqlet Mezher","No accepted authoritative Arabic mapping"
"LB-LOC-22515","Mhaidset Matn","No accepted authoritative Arabic mapping"
"LB-LOC-22279","Mkalles","No accepted authoritative Arabic mapping"
"LB-LOC-22733","Mrouj","No accepted authoritative Arabic mapping"
"LB-LOC-22711","Mtain","No accepted authoritative Arabic mapping"
"LB-LOC-22447","Mtayleb","No accepted authoritative Arabic mapping"
"LB-LOC-22651","Mzakkeh","No accepted authoritative Arabic mapping"
"LB-LOC-22443","Nabay","No accepted authoritative Arabic mapping"
"LB-LOC-22335","Naqqach","No accepted authoritative Arabic mapping"
"LB-LOC-22519","Ouadi Chahine","No accepted authoritative Arabic mapping"
"LB-LOC-22791","Ouadi El-Karm El-Matn","No accepted authoritative Arabic mapping"
"LB-LOC-22731","Ouata El-Mrouj","No accepted authoritative Arabic mapping"
"LB-LOC-22744","Qaaqour","No accepted authoritative Arabic mapping"
"LB-LOC-22683","Qannebet Salima","No accepted authoritative Arabic mapping"
"LB-LOC-22643","Qennabet Broummana","No accepted authoritative Arabic mapping"
"LB-LOC-22455","Qornet Chehouane","No accepted authoritative Arabic mapping"
"LB-LOC-22595","Qornet El-Hamra","No accepted authoritative Arabic mapping"
"LB-LOC-22427","Roumieh","No accepted authoritative Arabic mapping"
"LB-LOC-22567","Sfeilet Bikfaya","No accepted authoritative Arabic mapping"
"LB-LOC-22155","Sinn El-Fil","No accepted authoritative Arabic mapping"
"LB-LOC-22794","Zabbougha","No accepted authoritative Arabic mapping"
"LB-LOC-22483","Zakrit","No accepted authoritative Arabic mapping"
"LB-LOC-22351","Zalqa","No accepted authoritative Arabic mapping"
"LB-LOC-22741","Zaraaoun","No accepted authoritative Arabic mapping"
"LB-LOC-22771","Zighrine El-Matn","No accepted authoritative Arabic mapping"
"LB-LOC-22467","Zouk El-Kharab","No accepted authoritative Arabic mapping"
"LB-LOC-26256","Aabaydat","No accepted authoritative Arabic mapping"
"LB-LOC-26221","Aain Ed-Delbeh Jbayl","No accepted authoritative Arabic mapping"
"LB-LOC-26317","Aain El-Ghouaybeh","No accepted authoritative Arabic mapping"
"LB-LOC-26227","Aain Jrain","No accepted authoritative Arabic mapping"
"LB-LOC-26289","Aain Kfaa","No accepted authoritative Arabic mapping"
"LB-LOC-26219","Aalita","No accepted authoritative Arabic mapping"
"LB-LOC-26212","Aalmat Ech-Chamliyeh","No accepted authoritative Arabic mapping"
"LB-LOC-26214","Aalmat Ej-Jnoubiyeh","No accepted authoritative Arabic mapping"
"LB-LOC-26141","Aamchit","No accepted authoritative Arabic mapping"
"LB-LOC-26371","Aaqoura","No accepted authoritative Arabic mapping"
"LB-LOC-26374","Aarab El-Lahib","No accepted authoritative Arabic mapping"
"LB-LOC-26392","Aarasta","No accepted authoritative Arabic mapping"
"LB-LOC-26239","Adonis Jbayl","No accepted authoritative Arabic mapping"
"LB-LOC-26364","Afqa Jbayl","No accepted authoritative Arabic mapping"
"LB-LOC-26299","Bayzoun","No accepted authoritative Arabic mapping"
"LB-LOC-26244","Bchille Jbayl","No accepted authoritative Arabic mapping"
"LB-LOC-26259","Behdaydat","No accepted authoritative Arabic mapping"
"LB-LOC-26271","Beit Habbaq","No accepted authoritative Arabic mapping"
"LB-LOC-26276","Bejjeh","No accepted authoritative Arabic mapping"
"LB-LOC-26297","Bekhaaz","No accepted authoritative Arabic mapping"
"LB-LOC-26183","Berbara Jbayl","No accepted authoritative Arabic mapping"
"LB-LOC-26243","Bichtlida","No accepted authoritative Arabic mapping"
"LB-LOC-26269","Bintaael","No accepted authoritative Arabic mapping"
"LB-LOC-26237","Birket Hjoula","No accepted authoritative Arabic mapping"
"LB-LOC-26129","Blat Jbeil","No accepted authoritative Arabic mapping"
"LB-LOC-26283","Bmehrayn","No accepted authoritative Arabic mapping"
"LB-LOC-26354","Boulhos","No accepted authoritative Arabic mapping"
"LB-LOC-26253","Brayj Jbayl","No accepted authoritative Arabic mapping"
"LB-LOC-26279","Chamate","No accepted authoritative Arabic mapping"
"LB-LOC-26295","Chikhane","No accepted authoritative Arabic mapping"
"LB-LOC-26296","Chmout","No accepted authoritative Arabic mapping"
"LB-LOC-26135","Eddeh Jbayl","No accepted authoritative Arabic mapping"
"LB-LOC-26211","Ehmej","No accepted authoritative Arabic mapping"
"LB-LOC-26266","Fatre","No accepted authoritative Arabic mapping"
"LB-LOC-26217","Ferhet","No accepted authoritative Arabic mapping"
"LB-LOC-26298","Fghal","No accepted authoritative Arabic mapping"
"LB-LOC-26223","Frat","No accepted authoritative Arabic mapping"
"LB-LOC-26337","Ghabat","No accepted authoritative Arabic mapping"
"LB-LOC-26277","Ghalboun","No accepted authoritative Arabic mapping"
"LB-LOC-26294","Gharzouz","No accepted authoritative Arabic mapping"
"LB-LOC-26291","Ghofrine","No accepted authoritative Arabic mapping"
"LB-LOC-26234","Habil","No accepted authoritative Arabic mapping"
"LB-LOC-26147","Halate","No accepted authoritative Arabic mapping"
"LB-LOC-26247","Haqel","No accepted authoritative Arabic mapping"
"LB-LOC-26153","Hasrayel","No accepted authoritative Arabic mapping"
"LB-LOC-26281","Hbaline","No accepted authoritative Arabic mapping"
"LB-LOC-26284","Hboub","No accepted authoritative Arabic mapping"
"LB-LOC-26324","Hdeine","No accepted authoritative Arabic mapping"
"LB-LOC-26390","Hema Er-Rehban","No accepted authoritative Arabic mapping"
"LB-LOC-26388","Hema Mar Maroun Aannaya","No accepted authoritative Arabic mapping"
"LB-LOC-26226","Hjoula","No accepted authoritative Arabic mapping"
"LB-LOC-26286","Hsarat","No accepted authoritative Arabic mapping"
"LB-LOC-26229","Hsoun","No accepted authoritative Arabic mapping"
"LB-LOC-26381","Jaj","No accepted authoritative Arabic mapping"
"LB-LOC-26327","Janneh","No accepted authoritative Arabic mapping"
"LB-LOC-26111","Jbayl","No accepted authoritative Arabic mapping"
"LB-LOC-26165","Jeoddayel Jbayl","No accepted authoritative Arabic mapping"
"LB-LOC-26274","Jlisseh","No accepted authoritative Arabic mapping"
"LB-LOC-26236","Jouret El-Qattine","No accepted authoritative Arabic mapping"
"LB-LOC-26273","Kafr","No accepted authoritative Arabic mapping"
"LB-LOC-26224","Kfar Baal","No accepted authoritative Arabic mapping"
"LB-LOC-26189","Kfar Kiddeh","No accepted authoritative Arabic mapping"
"LB-LOC-26287","Kfar Mashoun","No accepted authoritative Arabic mapping"
"LB-LOC-26264","Kfar Qouas","No accepted authoritative Arabic mapping"
"LB-LOC-26267","Kfoun","No accepted authoritative Arabic mapping"
"LB-LOC-26249","Kharbet Jbayl","No accepted authoritative Arabic mapping"
"LB-LOC-26361","Laqlouq","No accepted authoritative Arabic mapping"
"LB-LOC-26331","Lassa","No accepted authoritative Arabic mapping"
"LB-LOC-26233","Lehfed","No accepted authoritative Arabic mapping"
"LB-LOC-26293","Maad","No accepted authoritative Arabic mapping"
"LB-LOC-26357","Majdel El-Aqoura","No accepted authoritative Arabic mapping"
"LB-LOC-26314","Mar Sarkis","No accepted authoritative Arabic mapping"
"LB-LOC-26117","Mastita","No accepted authoritative Arabic mapping"
"LB-LOC-26257","Mayfouq","No accepted authoritative Arabic mapping"
"LB-LOC-26213","Mazraat El-Maaden","No accepted authoritative Arabic mapping"
"LB-LOC-26321","Mazraat Es Siyad","No accepted authoritative Arabic mapping"
"LB-LOC-26231","Mchaneh","No accepted authoritative Arabic mapping"
"LB-LOC-26341","Mghayreh Jbeil","No accepted authoritative Arabic mapping"
"LB-LOC-26218","Michmich Jbayl","No accepted authoritative Arabic mapping"
"LB-LOC-26177","Mounsef","No accepted authoritative Arabic mapping"
"LB-LOC-26171","Nahr Ibrahim","No accepted authoritative Arabic mapping"
"LB-LOC-26367","Qahmez","No accepted authoritative Arabic mapping"
"LB-LOC-26311","Qartaba","No accepted authoritative Arabic mapping"
"LB-LOC-26123","Qartaboun","No accepted authoritative Arabic mapping"
"LB-LOC-26351","Qorqraiya","No accepted authoritative Arabic mapping"
"LB-LOC-26251","Qottara Jbayl","No accepted authoritative Arabic mapping"
"LB-LOC-26261","Ramout","No accepted authoritative Arabic mapping"
"LB-LOC-26241","Ras Osta","No accepted authoritative Arabic mapping"
"LB-LOC-26159","Rihanet Jbayl","No accepted authoritative Arabic mapping"
"LB-LOC-26377","Saqi Richmaya","No accepted authoritative Arabic mapping"
"LB-LOC-26263","Saqiet El-Khayt","No accepted authoritative Arabic mapping"
"LB-LOC-26254","Sebrine","No accepted authoritative Arabic mapping"
"LB-LOC-26334","Seraaiita","No accepted authoritative Arabic mapping"
"LB-LOC-26220","Souanet Jbayl","No accepted authoritative Arabic mapping"
"LB-LOC-26344","Tadmor","No accepted authoritative Arabic mapping"
"LB-LOC-26384","Tartij","No accepted authoritative Arabic mapping"
"LB-LOC-26215","Tourzaiya","No accepted authoritative Arabic mapping"
"LB-LOC-26347","Yanouh Jbayl","No accepted authoritative Arabic mapping"
"LB-LOC-26246","Zibdine Jbayl","No accepted authoritative Arabic mapping"
"LB-LOC-25423","Aachqout","No accepted authoritative Arabic mapping"
"LB-LOC-25463","Aain Ed-Delbeh Kesrouane","No accepted authoritative Arabic mapping"
"LB-LOC-25251","Aain Er-Rihane","No accepted authoritative Arabic mapping"
"LB-LOC-25211","Aajaltoun","No accepted authoritative Arabic mapping"
"LB-LOC-25171","Aaqaibeh Kesrouane","No accepted authoritative Arabic mapping"
"LB-LOC-25327","Aaramoun Kesrouane","No accepted authoritative Arabic mapping"
"LB-LOC-25361","Aazra ouel Aazr","No accepted authoritative Arabic mapping"
"LB-LOC-25156","Adma Oua Dafine","No accepted authoritative Arabic mapping"
"LB-LOC-25271","Aintoura Kesrouane","No accepted authoritative Arabic mapping"
"LB-LOC-25221","Balloune","No accepted authoritative Arabic mapping"
"LB-LOC-25325","Batha","No accepted authoritative Arabic mapping"
"LB-LOC-25431","Beqaata Aachqout","No accepted authoritative Arabic mapping"
"LB-LOC-25443","Beqaata Kanaan","No accepted authoritative Arabic mapping"
"LB-LOC-25369","Bizhel","No accepted authoritative Arabic mapping"
"LB-LOC-25166","Bouar","No accepted authoritative Arabic mapping"
"LB-LOC-25313","Bourj El-Ftouh","No accepted authoritative Arabic mapping"
"LB-LOC-25451","Bqaatouta","No accepted authoritative Arabic mapping"
"LB-LOC-25176","Bqaq Ed-Dine","No accepted authoritative Arabic mapping"
"LB-LOC-25337","Bzoummar","No accepted authoritative Arabic mapping"
"LB-LOC-25351","Chahtoul","No accepted authoritative Arabic mapping"
"LB-LOC-25315","Chnanaair","No accepted authoritative Arabic mapping"
"LB-LOC-25479","Chouane","No accepted authoritative Arabic mapping"
"LB-LOC-25347","Daraaoun","No accepted authoritative Arabic mapping"
"LB-LOC-25241","Daraiya Kesrouane","No accepted authoritative Arabic mapping"
"LB-LOC-25335","Deir Baqlouch","No accepted authoritative Arabic mapping"
"LB-LOC-25323","Dlebta","No accepted authoritative Arabic mapping"
"LB-LOC-25475","Faraya","No accepted authoritative Arabic mapping"
"LB-LOC-25427","Faytroun","No accepted authoritative Arabic mapping"
"LB-LOC-25311","Ghazir","No accepted authoritative Arabic mapping"
"LB-LOC-25363","Ghbaleh Kesrouane","No accepted authoritative Arabic mapping"
"LB-LOC-25331","Ghidras","No accepted authoritative Arabic mapping"
"LB-LOC-25343","Ghineh","No accepted authoritative Arabic mapping"
"LB-LOC-25319","Ghosta","No accepted authoritative Arabic mapping"
"LB-LOC-25333","Harharaya","No accepted authoritative Arabic mapping"
"LB-LOC-25339","Harissa Kesrouane","No accepted authoritative Arabic mapping"
"LB-LOC-25349","Hayata","No accepted authoritative Arabic mapping"
"LB-LOC-25471","Hrajel","No accepted authoritative Arabic mapping"
"LB-LOC-25345","Hsayn","No accepted authoritative Arabic mapping"
"LB-LOC-25391","Ighbeh","No accepted authoritative Arabic mapping"
"LB-LOC-25261","Jaaita","No accepted authoritative Arabic mapping"
"LB-LOC-25317","Jdaidet Ghazir","No accepted authoritative Arabic mapping"
"LB-LOC-25121","Jounie Ghadir","No accepted authoritative Arabic mapping"
"LB-LOC-25131","Jounie Haret Sakhr","No accepted authoritative Arabic mapping"
"LB-LOC-25111","Jounieh Sarba","No accepted authoritative Arabic mapping"
"LB-LOC-25365","Jouret Bedrane","No accepted authoritative Arabic mapping"
"LB-LOC-25355","Jouret E-Tourmos","No accepted authoritative Arabic mapping"
"LB-LOC-25359","Jouret Mhad","No accepted authoritative Arabic mapping"
"LB-LOC-25439","Kfar Dibiane","No accepted authoritative Arabic mapping"
"LB-LOC-25447","Kfar Tay Kesrouane","No accepted authoritative Arabic mapping"
"LB-LOC-25146","Kfar Yassine","No accepted authoritative Arabic mapping"
"LB-LOC-25329","Kfour Kesrouane","No accepted authoritative Arabic mapping"
"LB-LOC-25181","Kharayeb Nahr Ibrahim","No accepted authoritative Arabic mapping"
"LB-LOC-25321","Maarab","No accepted authoritative Arabic mapping"
"LB-LOC-25357","Maaysra Kesrouane","No accepted authoritative Arabic mapping"
"LB-LOC-25459","Mayrouba","No accepted authoritative Arabic mapping"
"LB-LOC-25281","Mazraat Er-Ras","No accepted authoritative Arabic mapping"
"LB-LOC-25419","Mazraat Mrah El-Mir","No accepted authoritative Arabic mapping"
"LB-LOC-25488","Mchaa El Ftouh","No accepted authoritative Arabic mapping"
"LB-LOC-25485","Mchaa Faraya","No accepted authoritative Arabic mapping"
"LB-LOC-25482","Mchaa Kfar Dibiane","No accepted authoritative Arabic mapping"
"LB-LOC-25467","Mghayer","No accepted authoritative Arabic mapping"
"LB-LOC-25367","Mradiyeh","No accepted authoritative Arabic mapping"
"LB-LOC-25371","Nahr Ed-Dahab","No accepted authoritative Arabic mapping"
"LB-LOC-25341","Nammoura Kesrouane","No accepted authoritative Arabic mapping"
"LB-LOC-25455","Ouata El-Jaouz","No accepted authoritative Arabic mapping"
"LB-LOC-25141","Ouata Sillam","No accepted authoritative Arabic mapping"
"LB-LOC-25415","Qleiaat Kesrouane","No accepted authoritative Arabic mapping"
"LB-LOC-25435","Raachine","No accepted authoritative Arabic mapping"
"LB-LOC-25411","Rayfoun","No accepted authoritative Arabic mapping"
"LB-LOC-25161","Safra Kesrouane","No accepted authoritative Arabic mapping"
"LB-LOC-25136","Sahel Aalma","No accepted authoritative Arabic mapping"
"LB-LOC-25231","Shayleh Kesrouane","No accepted authoritative Arabic mapping"
"LB-LOC-25151","Tabarja","No accepted authoritative Arabic mapping"
"LB-LOC-25373","Yahchouch","No accepted authoritative Arabic mapping"
"LB-LOC-25353","Zaaitreh","No accepted authoritative Arabic mapping"
"LB-LOC-25375","Zaitoun","No accepted authoritative Arabic mapping"
"LB-LOC-25116","Zouk Mkayel","No accepted authoritative Arabic mapping"
"LB-LOC-25126","Zouk Mousbeh","No accepted authoritative Arabic mapping"
"LB-LOC-36121","Aabdine","No accepted authoritative Arabic mapping"
"LB-LOC-36147","Bane","No accepted authoritative Arabic mapping"
"LB-LOC-36181","Bazaaoun","No accepted authoritative Arabic mapping"
"LB-LOC-36111","Bcharreh","No accepted authoritative Arabic mapping"
"LB-LOC-36187","Beit Menzer","No accepted authoritative Arabic mapping"
"LB-LOC-36137","Berhalioun","No accepted authoritative Arabic mapping"
"LB-LOC-36117","Billa","No accepted authoritative Arabic mapping"
"LB-LOC-36151","Blaouza","No accepted authoritative Arabic mapping"
"LB-LOC-36191","Bqaa Kafra","No accepted authoritative Arabic mapping"
"LB-LOC-36184","Bqerqacha","No accepted authoritative Arabic mapping"
"LB-LOC-36157","Breissat","No accepted authoritative Arabic mapping"
"LB-LOC-36161","Dimane","No accepted authoritative Arabic mapping"
"LB-LOC-36131","Hadath Ej-Jebbeh","No accepted authoritative Arabic mapping"
"LB-LOC-36177","Hadchit","No accepted authoritative Arabic mapping"
"LB-LOC-36171","Hasroun","No accepted authoritative Arabic mapping"
"LB-LOC-36144","Mazraat Aassaf","No accepted authoritative Arabic mapping"
"LB-LOC-36134","Mazraat Bani Saab","No accepted authoritative Arabic mapping"
"LB-LOC-36110","Mchaa Ej-Jibbé","No accepted authoritative Arabic mapping"
"LB-LOC-36164","Metrit","No accepted authoritative Arabic mapping"
"LB-LOC-36154","Moghr El-Ahoual","No accepted authoritative Arabic mapping"
"LB-LOC-36141","Ouadi Qannoubine","No accepted authoritative Arabic mapping"
"LB-LOC-36127","Qnat","No accepted authoritative Arabic mapping"
"LB-LOC-36114","Qnayouer","No accepted authoritative Arabic mapping"
"LB-LOC-36124","Tourza","No accepted authoritative Arabic mapping"
"LB-LOC-34217","AAbdelli","No accepted authoritative Arabic mapping"
"LB-LOC-34269","Aabrine","No accepted authoritative Arabic mapping"
"LB-LOC-34237","Aalali","No accepted authoritative Arabic mapping"
"LB-LOC-34251","Aartiz","No accepted authoritative Arabic mapping"
"LB-LOC-34263","Assia","No accepted authoritative Arabic mapping"
"LB-LOC-34249","Basbina","No accepted authoritative Arabic mapping"
"LB-LOC-34111","Batroun","No accepted authoritative Arabic mapping"
"LB-LOC-34316","Bcheaali","No accepted authoritative Arabic mapping"
"LB-LOC-34331","Bechtoudar","No accepted authoritative Arabic mapping"
"LB-LOC-34321","Beit Chlala","No accepted authoritative Arabic mapping"
"LB-LOC-34371","Beit Kassab","No accepted authoritative Arabic mapping"
"LB-LOC-34264","Bijdarfil","No accepted authoritative Arabic mapping"
"LB-LOC-34277","Boqsmaiya","No accepted authoritative Arabic mapping"
"LB-LOC-34366","Chatine","No accepted authoritative Arabic mapping"
"LB-LOC-34221","Chibtine","No accepted authoritative Arabic mapping"
"LB-LOC-34188","Chikka","No accepted authoritative Arabic mapping"
"LB-LOC-34279","Daael","No accepted authoritative Arabic mapping"
"LB-LOC-34211","Dahr Abi Yaghi","No accepted authoritative Arabic mapping"
"LB-LOC-34215","Daraya El-Batroun","No accepted authoritative Arabic mapping"
"LB-LOC-34374","Deir Billa","No accepted authoritative Arabic mapping"
"LB-LOC-34223","Deir Kfifane","No accepted authoritative Arabic mapping"
"LB-LOC-34326","Deir Mar Youhanna EL-Batroun","No accepted authoritative Arabic mapping"
"LB-LOC-34227","Deir Mar Youssef Jrabta","No accepted authoritative Arabic mapping"
"LB-LOC-34311","Douma","No accepted authoritative Arabic mapping"
"LB-LOC-34218","Douq","No accepted authoritative Arabic mapping"
"LB-LOC-34259","Edde El-Batroun","No accepted authoritative Arabic mapping"
"LB-LOC-34244","Ftahat El-Batroun","No accepted authoritative Arabic mapping"
"LB-LOC-34231","Ghouma","No accepted authoritative Arabic mapping"
"LB-LOC-34351","Hadtoun","No accepted authoritative Arabic mapping"
"LB-LOC-34287","Hamat","No accepted authoritative Arabic mapping"
"LB-LOC-34253","Harbouna","No accepted authoritative Arabic mapping"
"LB-LOC-34361","Hardine","No accepted authoritative Arabic mapping"
"LB-LOC-34267","Helta","No accepted authoritative Arabic mapping"
"LB-LOC-34177","Heri","No accepted authoritative Arabic mapping"
"LB-LOC-34266","Ijdabra","No accepted authoritative Arabic mapping"
"LB-LOC-34274","Jebla","No accepted authoritative Arabic mapping"
"LB-LOC-34219","Jrabta El-Batroun","No accepted authoritative Arabic mapping"
"LB-LOC-34234","Jrane El-Batroun","No accepted authoritative Arabic mapping"
"LB-LOC-34144","Kfar Aabida","No accepted authoritative Arabic mapping"
"LB-LOC-34241","Kfar Hatna","No accepted authoritative Arabic mapping"
"LB-LOC-34271","Kfar Hay","No accepted authoritative Arabic mapping"
"LB-LOC-34336","Kfar Hilda","No accepted authoritative Arabic mapping"
"LB-LOC-34281","Kfar Khollos","No accepted authoritative Arabic mapping"
"LB-LOC-34257","Kfarb Shlaimane","No accepted authoritative Arabic mapping"
"LB-LOC-34233","Kfifane","No accepted authoritative Arabic mapping"
"LB-LOC-34341","Kfour El-Aarbi","No accepted authoritative Arabic mapping"
"LB-LOC-34155","Koubba","No accepted authoritative Arabic mapping"
"LB-LOC-34246","Kour","No accepted authoritative Arabic mapping"
"LB-LOC-34226","Mar Mama","No accepted authoritative Arabic mapping"
"LB-LOC-34214","Masrah","No accepted authoritative Arabic mapping"
"LB-LOC-34236","Mehmarch","No accepted authoritative Arabic mapping"
"LB-LOC-34256","Mrah Chdid","No accepted authoritative Arabic mapping"
"LB-LOC-34254","Mrah El-Hajj","No accepted authoritative Arabic mapping"
"LB-LOC-34229","Mrah Ez Ziyat","No accepted authoritative Arabic mapping"
"LB-LOC-34273","Nahleh El-Batroun","No accepted authoritative Arabic mapping"
"LB-LOC-34376","Niha El-Batroun","No accepted authoritative Arabic mapping"
"LB-LOC-34286","Ouajh El-Hajjar","No accepted authoritative Arabic mapping"
"LB-LOC-34381","Ouata Houb","No accepted authoritative Arabic mapping"
"LB-LOC-34283","Qatnaaoun","No accepted authoritative Arabic mapping"
"LB-LOC-34247","Racha","No accepted authoritative Arabic mapping"
"LB-LOC-34122","Rachana","No accepted authoritative Arabic mapping"
"LB-LOC-34276","Rachkida","No accepted authoritative Arabic mapping"
"LB-LOC-34346","Ram El-Batroun","No accepted authoritative Arabic mapping"
"LB-LOC-34284","Ras Nahhach","No accepted authoritative Arabic mapping"
"LB-LOC-34166","Selaata","No accepted authoritative Arabic mapping"
"LB-LOC-34224","Sghar","No accepted authoritative Arabic mapping"
"LB-LOC-34239","Smar Jbayl","No accepted authoritative Arabic mapping"
"LB-LOC-34261","Sourat El-Batroun","No accepted authoritative Arabic mapping"
"LB-LOC-34386","Tannourine El-Faouqa","No accepted authoritative Arabic mapping"
"LB-LOC-34356","Tannourine Et-Tahta","No accepted authoritative Arabic mapping"
"LB-LOC-34133","Thoum","No accepted authoritative Arabic mapping"
"LB-LOC-34212","Toula El-Batroun","No accepted authoritative Arabic mapping"
"LB-LOC-34243","Zaneh","No accepted authoritative Arabic mapping"
"LB-LOC-32143","Aaba","No accepted authoritative Arabic mapping"
"LB-LOC-32127","Aafsdiq","No accepted authoritative Arabic mapping"
"LB-LOC-32135","Ain Aakrine","No accepted authoritative Arabic mapping"
"LB-LOC-32111","Amioun","No accepted authoritative Arabic mapping"
"LB-LOC-32161","Badbhoun","No accepted authoritative Arabic mapping"
"LB-LOC-32163","Barghoun","No accepted authoritative Arabic mapping"
"LB-LOC-32187","Barsa","No accepted authoritative Arabic mapping"
"LB-LOC-32159","Batroumine","No accepted authoritative Arabic mapping"
"LB-LOC-32145","Bdebba","No accepted authoritative Arabic mapping"
"LB-LOC-32117","Bechmizzine","No accepted authoritative Arabic mapping"
"LB-LOC-32165","Bednayel El-Koura","No accepted authoritative Arabic mapping"
"LB-LOC-32133","Bhabbouch El-Koura","No accepted authoritative Arabic mapping"
"LB-LOC-32189","Bkeftine","No accepted authoritative Arabic mapping"
"LB-LOC-32141","Bnehran","No accepted authoritative Arabic mapping"
"LB-LOC-32193","Bqaiaa El-Koura","No accepted authoritative Arabic mapping"
"LB-LOC-32125","Bsarma","No accepted authoritative Arabic mapping"
"LB-LOC-32153","Btaaboura","No accepted authoritative Arabic mapping"
"LB-LOC-32119","Bterram","No accepted authoritative Arabic mapping"
"LB-LOC-32169","Btouratij","No accepted authoritative Arabic mapping"
"LB-LOC-32121","Bziza","No accepted authoritative Arabic mapping"
"LB-LOC-32131","Dar Baaechtar","No accepted authoritative Arabic mapping"
"LB-LOC-32129","Dar Chmizzine","No accepted authoritative Arabic mapping"
"LB-LOC-32179","Deddeh","No accepted authoritative Arabic mapping"
"LB-LOC-32173","Deir El-Balamand","No accepted authoritative Arabic mapping"
"LB-LOC-32181","Enfeh","No accepted authoritative Arabic mapping"
"LB-LOC-32147","Fiaa","No accepted authoritative Arabic mapping"
"LB-LOC-32183","Hraiche","No accepted authoritative Arabic mapping"
"LB-LOC-32157","Ijdaabrine","No accepted authoritative Arabic mapping"
"LB-LOC-32177","Kafraya El-Koura","No accepted authoritative Arabic mapping"
"LB-LOC-32151","Kaftoun","No accepted authoritative Arabic mapping"
"LB-LOC-32113","Kfar Aaqqa","No accepted authoritative Arabic mapping"
"LB-LOC-32155","Kfar Hata El-Koura","No accepted authoritative Arabic mapping"
"LB-LOC-32123","Kfar Hazir","No accepted authoritative Arabic mapping"
"LB-LOC-32167","Kfar Kahel","No accepted authoritative Arabic mapping"
"LB-LOC-32115","Kfar Saroun El-Koura","No accepted authoritative Arabic mapping"
"LB-LOC-32137","Kousba","No accepted authoritative Arabic mapping"
"LB-LOC-32149","Majdel el-Koura","No accepted authoritative Arabic mapping"
"LB-LOC-32191","Nakhleh","No accepted authoritative Arabic mapping"
"LB-LOC-32171","Qalhat","No accepted authoritative Arabic mapping"
"LB-LOC-32185","Ras Masqa","No accepted authoritative Arabic mapping"
"LB-LOC-32139","Rechdibbine","No accepted authoritative Arabic mapping"
"LB-LOC-32175","Zakroun","No accepted authoritative Arabic mapping"
"LB-LOC-32195","Zgharta El-Mtaouile","No accepted authoritative Arabic mapping"
"LB-LOC-37333","Aain Et-Tineh-Miniyeh","No accepted authoritative Arabic mapping"
"LB-LOC-37362","Aasaymout","No accepted authoritative Arabic mapping"
"LB-LOC-37313","Aassoun","No accepted authoritative Arabic mapping"
"LB-LOC-37367","Aaymar","No accepted authoritative Arabic mapping"
"LB-LOC-37361","Aazqai","No accepted authoritative Arabic mapping"
"LB-LOC-37391","Bakhaaoun","No accepted authoritative Arabic mapping"
"LB-LOC-37379","Bechehhara","No accepted authoritative Arabic mapping"
"LB-LOC-37359","Bechnnata","No accepted authoritative Arabic mapping"
"LB-LOC-37231","Beddaoui","No accepted authoritative Arabic mapping"
"LB-LOC-37371","Behouaita","No accepted authoritative Arabic mapping"
"LB-LOC-37329","Beit El-Faqs","No accepted authoritative Arabic mapping"
"LB-LOC-37357","Beit Haouik","No accepted authoritative Arabic mapping"
"LB-LOC-37349","Beit Zoud","No accepted authoritative Arabic mapping"
"LB-LOC-37251","Borj El-Yahoudiyeh","No accepted authoritative Arabic mapping"
"LB-LOC-37317","Bqaa Sefrine","No accepted authoritative Arabic mapping"
"LB-LOC-37319","Bqarsouna","No accepted authoritative Arabic mapping"
"LB-LOC-37343","Btermaz","No accepted authoritative Arabic mapping"
"LB-LOC-37356","Debaael","No accepted authoritative Arabic mapping"
"LB-LOC-37241","Deir Aammar","No accepted authoritative Arabic mapping"
"LB-LOC-37377","Deir Nbouh","No accepted authoritative Arabic mapping"
"LB-LOC-37355","Haouaret-Miniyeh","No accepted authoritative Arabic mapping"
"LB-LOC-37327","Haql el Aazimeh","No accepted authoritative Arabic mapping"
"LB-LOC-37345","Harf Es-Sayad","No accepted authoritative Arabic mapping"
"LB-LOC-37321","Hazmiyet-Miniyeh","No accepted authoritative Arabic mapping"
"LB-LOC-37341","Izal","No accepted authoritative Arabic mapping"
"LB-LOC-37375","Jarjour","No accepted authoritative Arabic mapping"
"LB-LOC-37358","Jayroun","No accepted authoritative Arabic mapping"
"LB-LOC-37373","Kahf El-Malloul","No accepted authoritative Arabic mapping"
"LB-LOC-37347","Karm El-Mohr","No accepted authoritative Arabic mapping"
"LB-LOC-37395","Kfar Bibnine","No accepted authoritative Arabic mapping"
"LB-LOC-37363","Kfar Chellane","No accepted authoritative Arabic mapping"
"LB-LOC-37365","Kfar Habou","No accepted authoritative Arabic mapping"
"LB-LOC-37335","Kharroub-Miniyeh","No accepted authoritative Arabic mapping"
"LB-LOC-37389","Mazraat El-Kreme","No accepted authoritative Arabic mapping"
"LB-LOC-37314","Mazraat Ketrane","No accepted authoritative Arabic mapping"
"LB-LOC-37381","Merkebta","No accepted authoritative Arabic mapping"
"LB-LOC-37325","Mimrine","No accepted authoritative Arabic mapping"
"LB-LOC-37271","Minie","No accepted authoritative Arabic mapping"
"LB-LOC-37331","Mrah Es-Sfire","No accepted authoritative Arabic mapping"
"LB-LOC-37351","Mrah Es-Srayj","No accepted authoritative Arabic mapping"
"LB-LOC-37385","Mrebbine","No accepted authoritative Arabic mapping"
"LB-LOC-37261","Nabi Youcheaa","No accepted authoritative Arabic mapping"
"LB-LOC-37360","Qarhaiya","No accepted authoritative Arabic mapping"
"LB-LOC-37383","Qarne","No accepted authoritative Arabic mapping"
"LB-LOC-37339","Qarsaita","No accepted authoritative Arabic mapping"
"LB-LOC-37315","Qattineh-Miniyeh","No accepted authoritative Arabic mapping"
"LB-LOC-37344","Qemmamine","No accepted authoritative Arabic mapping"
"LB-LOC-37353","Qraine","No accepted authoritative Arabic mapping"
"LB-LOC-37382","Raouda-Aadoua","No accepted authoritative Arabic mapping"
"LB-LOC-37281","Rihaniyet-Miniyeh","No accepted authoritative Arabic mapping"
"LB-LOC-37337","Sfireh","No accepted authoritative Arabic mapping"
"LB-LOC-37311","Sir Ed-Danniyeh","No accepted authoritative Arabic mapping"
"LB-LOC-37323","Tarane","No accepted authoritative Arabic mapping"
"LB-LOC-37387","Terbol-Miniyeh","No accepted authoritative Arabic mapping"
"LB-LOC-37369","Zaghartaghrine","No accepted authoritative Arabic mapping"
"LB-LOC-37291","Zouq Bhannine","No accepted authoritative Arabic mapping"
"LB-LOC-31186","Mina Jardin","No accepted authoritative Arabic mapping"
"LB-LOC-31171","Mina N:1","No accepted authoritative Arabic mapping"
"LB-LOC-31176","Mina N:2","No accepted authoritative Arabic mapping"
"LB-LOC-31181","Mina N:3","No accepted authoritative Arabic mapping"
"LB-LOC-31221","Qalamoun","No accepted authoritative Arabic mapping"
"LB-LOC-31146","Trablous El Hadid","No accepted authoritative Arabic mapping"
"LB-LOC-31131","Trablous El Mhatra","No accepted authoritative Arabic mapping"
"LB-LOC-31116","Trablous El-Haddadine, El-Hadid, El-Mharta","No accepted authoritative Arabic mapping"
"LB-LOC-31151","Trablous El-Qobbe","No accepted authoritative Arabic mapping"
"LB-LOC-31126","Trablous En-Nouri","No accepted authoritative Arabic mapping"
"LB-LOC-31136","Trablous Er-Remmaneh","No accepted authoritative Arabic mapping"
"LB-LOC-31141","Trablous Es-Souayqa","No accepted authoritative Arabic mapping"
"LB-LOC-31161","Trablous et Tabbaneh","No accepted authoritative Arabic mapping"
"LB-LOC-31121","Trablous Et-Tell","No accepted authoritative Arabic mapping"
"LB-LOC-31156","Trablous Ez-Zahrieh","No accepted authoritative Arabic mapping"
"LB-LOC-31111","Trablous Ez-Zeitoun","No accepted authoritative Arabic mapping"
"LB-LOC-31166","Trablous jardins","No accepted authoritative Arabic mapping"
"LB-LOC-33267","Aachach","No accepted authoritative Arabic mapping"
"LB-LOC-33133","Aalma","No accepted authoritative Arabic mapping"
"LB-LOC-33227","Aarbet Qozhaiya","No accepted authoritative Arabic mapping"
"LB-LOC-33113","Aardat","No accepted authoritative Arabic mapping"
"LB-LOC-33161","Aarjis","No accepted authoritative Arabic mapping"
"LB-LOC-33219","Aintourine","No accepted authoritative Arabic mapping"
"LB-LOC-33123","Arde","No accepted authoritative Arabic mapping"
"LB-LOC-33125","Asnoun","No accepted authoritative Arabic mapping"
"LB-LOC-33243","Ayto","No accepted authoritative Arabic mapping"
"LB-LOC-33157","Bchannine","No accepted authoritative Arabic mapping"
"LB-LOC-33215","Beslouqit","No accepted authoritative Arabic mapping"
"LB-LOC-33239","Bhairet Toula","No accepted authoritative Arabic mapping"
"LB-LOC-33159","Bnechaai","No accepted authoritative Arabic mapping"
"LB-LOC-33279","Boussit","No accepted authoritative Arabic mapping"
"LB-LOC-33149","Bsebaal","No accepted authoritative Arabic mapping"
"LB-LOC-33263","Danha","No accepted authoritative Arabic mapping"
"LB-LOC-33163","Daraiya Zgharta","No accepted authoritative Arabic mapping"
"LB-LOC-33137","Deir Jdeide","No accepted authoritative Arabic mapping"
"LB-LOC-33211","Ehden","No accepted authoritative Arabic mapping"
"LB-LOC-33275","Hailan","No accepted authoritative Arabic mapping"
"LB-LOC-33131","Hariq Zgharta","No accepted authoritative Arabic mapping"
"LB-LOC-33152","Houakir","No accepted authoritative Arabic mapping"
"LB-LOC-33287","Hraiqis","No accepted authoritative Arabic mapping"
"LB-LOC-33141","Iaal","No accepted authoritative Arabic mapping"
"LB-LOC-33291","Ijbaa","No accepted authoritative Arabic mapping"
"LB-LOC-33169","Karm Saddeh","No accepted authoritative Arabic mapping"
"LB-LOC-33147","Kfarchakhna","No accepted authoritative Arabic mapping"
"LB-LOC-33115","Kfardlaqous","No accepted authoritative Arabic mapping"
"LB-LOC-33165","Kfarfou","No accepted authoritative Arabic mapping"
"LB-LOC-33121","Kfarhata Zgharta","No accepted authoritative Arabic mapping"
"LB-LOC-33143","Kfarhoura","No accepted authoritative Arabic mapping"
"LB-LOC-33223","Kfarsghab","No accepted authoritative Arabic mapping"
"LB-LOC-33153","Kfaryachit","No accepted authoritative Arabic mapping"
"LB-LOC-33145","Kfarzaina","No accepted authoritative Arabic mapping"
"LB-LOC-33139","Khaldiyeh","No accepted authoritative Arabic mapping"
"LB-LOC-33127","Mazraat Ajbeaa","No accepted authoritative Arabic mapping"
"LB-LOC-33235","Mazraat Et-Teffah","No accepted authoritative Arabic mapping"
"LB-LOC-33135","Mazraat Jnaid","No accepted authoritative Arabic mapping"
"LB-LOC-33129","Mejdlaiya Zgharta","No accepted authoritative Arabic mapping"
"LB-LOC-33271","Miriata","No accepted authoritative Arabic mapping"
"LB-LOC-33251","Miziara","No accepted authoritative Arabic mapping"
"LB-LOC-33155","Morh Kfarsghab","No accepted authoritative Arabic mapping"
"LB-LOC-33283","Mzraat Kefraya","No accepted authoritative Arabic mapping"
"LB-LOC-33119","Qarah Bach","No accepted authoritative Arabic mapping"
"LB-LOC-33117","Rachaaine","No accepted authoritative Arabic mapping"
"LB-LOC-33167","Ras Kifa","No accepted authoritative Arabic mapping"
"LB-LOC-33151","Sakhra","No accepted authoritative Arabic mapping"
"LB-LOC-33259","Sebaal Zgharta","No accepted authoritative Arabic mapping"
"LB-LOC-33255","Seraal","No accepted authoritative Arabic mapping"
"LB-LOC-33171","Tallet Zgharta","No accepted authoritative Arabic mapping"
"LB-LOC-33231","Toula Zgharta","No accepted authoritative Arabic mapping"
"LB-LOC-33111","Zgharta","No accepted authoritative Arabic mapping"
"LB-LOC-63214","A'ain El-Mir (El Establ)","No accepted authoritative Arabic mapping"
"LB-LOC-63311","Aaramta","No accepted authoritative Arabic mapping"
"LB-LOC-63131","Aaray","No accepted authoritative Arabic mapping"
"LB-LOC-63355","Aaychiyeh","No accepted authoritative Arabic mapping"
"LB-LOC-63184","Aazour","No accepted authoritative Arabic mapping"
"LB-LOC-63274","Anane","No accepted authoritative Arabic mapping"
"LB-LOC-63221","Bayssour Jezzine","No accepted authoritative Arabic mapping"
"LB-LOC-63174","Behbeh","No accepted authoritative Arabic mapping"
"LB-LOC-63144","Benouati Jezzine","No accepted authoritative Arabic mapping"
"LB-LOC-63181","Bhannine","No accepted authoritative Arabic mapping"
"LB-LOC-63191","Bisri","No accepted authoritative Arabic mapping"
"LB-LOC-63124","Bkassine","No accepted authoritative Arabic mapping"
"LB-LOC-63385","Bouslaya","No accepted authoritative Arabic mapping"
"LB-LOC-63151","Btedine El-Leqch","No accepted authoritative Arabic mapping"
"LB-LOC-63347","Chbail","No accepted authoritative Arabic mapping"
"LB-LOC-63247","Choualiq Jezzine","No accepted authoritative Arabic mapping"
"LB-LOC-63257","Dahr Ed-Deir","No accepted authoritative Arabic mapping"
"LB-LOC-63284","Deir El Qattine","No accepted authoritative Arabic mapping"
"LB-LOC-63379","Demachqiyeh","No accepted authoritative Arabic mapping"
"LB-LOC-63141","Ghabbatiyeh","No accepted authoritative Arabic mapping"
"LB-LOC-63171","Harf Jezzine","No accepted authoritative Arabic mapping"
"LB-LOC-63241","Hassaniyeh","No accepted authoritative Arabic mapping"
"LB-LOC-63224","Haytouleh","No accepted authoritative Arabic mapping"
"LB-LOC-63137","Haytoura","No accepted authoritative Arabic mapping"
"LB-LOC-63281","Hidab","No accepted authoritative Arabic mapping"
"LB-LOC-63127","Homsiyeh","No accepted authoritative Arabic mapping"
"LB-LOC-63164","Jabal Toura","No accepted authoritative Arabic mapping"
"LB-LOC-63375","Jarmaq","No accepted authoritative Arabic mapping"
"LB-LOC-63261","Jensnaya","No accepted authoritative Arabic mapping"
"LB-LOC-63294","Jernaya","No accepted authoritative Arabic mapping"
"LB-LOC-63111","Jezzine","No accepted authoritative Arabic mapping"
"LB-LOC-63244","Karkha","No accepted authoritative Arabic mapping"
"LB-LOC-63211","Kfar Falous","No accepted authoritative Arabic mapping"
"LB-LOC-63167","Kfar Houneh","No accepted authoritative Arabic mapping"
"LB-LOC-63267","Kfar Jarra","No accepted authoritative Arabic mapping"
"LB-LOC-63227","Lebaa","No accepted authoritative Arabic mapping"
"LB-LOC-63331","Louayzet Jezzine","No accepted authoritative Arabic mapping"
"LB-LOC-63157","Machmoucheh","No accepted authoritative Arabic mapping"
"LB-LOC-63371","Mahmoudiyeh Jezzine","No accepted authoritative Arabic mapping"
"LB-LOC-63147","Maknounet Jezzine","No accepted authoritative Arabic mapping"
"LB-LOC-63359","Maraat Ouazaiyeh","No accepted authoritative Arabic mapping"
"LB-LOC-63323","Mazraat","No accepted authoritative Arabic mapping"
"LB-LOC-63378","Mazraat Daraya","No accepted authoritative Arabic mapping"
"LB-LOC-63367","Mazraat El-Aarqoub","No accepted authoritative Arabic mapping"
"LB-LOC-63297","Mazraat El-Mathane","No accepted authoritative Arabic mapping"
"LB-LOC-63194","Mazraat Er-Rouhbane","No accepted authoritative Arabic mapping"
"LB-LOC-63335","Mazraat Khallet Khazen","No accepted authoritative Arabic mapping"
"LB-LOC-63348","Mazraat Louzid (Louayziyeh)","No accepted authoritative Arabic mapping"
"LB-LOC-63339","Mazraat Qrouh","No accepted authoritative Arabic mapping"
"LB-LOC-63383","Mazraat Tamra","No accepted authoritative Arabic mapping"
"LB-LOC-63343","Mazraat Zighrine Jezzine","No accepted authoritative Arabic mapping"
"LB-LOC-63231","Mharbiyeh","No accepted authoritative Arabic mapping"
"LB-LOC-63161","Midane Jezzine","No accepted authoritative Arabic mapping"
"LB-LOC-63254","Mjaydel Jezzine","No accepted authoritative Arabic mapping"
"LB-LOC-63315","Mlikh","No accepted authoritative Arabic mapping"
"LB-LOC-63217","Mrah El-Hbasse","No accepted authoritative Arabic mapping"
"LB-LOC-63251","Ouadi Baanqoudaine","No accepted authoritative Arabic mapping"
"LB-LOC-63234","Ouadi El-Laymoun","No accepted authoritative Arabic mapping"
"LB-LOC-63363","Ouardiyeh","No accepted authoritative Arabic mapping"
"LB-LOC-63117","Qabaa Jezzine","No accepted authoritative Arabic mapping"
"LB-LOC-63327","Qatrani","No accepted authoritative Arabic mapping"
"LB-LOC-63121","Qaytouleh","No accepted authoritative Arabic mapping"
"LB-LOC-63291","Qtaleh Jezzine","No accepted authoritative Arabic mapping"
"LB-LOC-63319","Rihane Jezzine","No accepted authoritative Arabic mapping"
"LB-LOC-63264","Rimat","No accepted authoritative Arabic mapping"
"LB-LOC-63277","Roum","No accepted authoritative Arabic mapping"
"LB-LOC-63154","Roummanet","No accepted authoritative Arabic mapping"
"LB-LOC-63134","Sabbah","No accepted authoritative Arabic mapping"
"LB-LOC-63287","Sanaya","No accepted authoritative Arabic mapping"
"LB-LOC-63271","Saydoun","No accepted authoritative Arabic mapping"
"LB-LOC-63351","Sehjoud","No accepted authoritative Arabic mapping"
"LB-LOC-63237","Sfaray","No accepted authoritative Arabic mapping"
"LB-LOC-63298","Srayri","No accepted authoritative Arabic mapping"
"LB-LOC-63187","Taaid","No accepted authoritative Arabic mapping"
"LB-LOC-63114","Wadi Jezzine","No accepted authoritative Arabic mapping"
"LB-LOC-63177","Zhilta","No accepted authoritative Arabic mapping"
"LB-LOC-61244","AAbra Saida","No accepted authoritative Arabic mapping"
"LB-LOC-61434","Aadloun","No accepted authoritative Arabic mapping"
"LB-LOC-61466","Aadoussiyeh","No accepted authoritative Arabic mapping"
"LB-LOC-61277","Aain Ed-Delb","No accepted authoritative Arabic mapping"
"LB-LOC-61489","Aanqoun","No accepted authoritative Arabic mapping"
"LB-LOC-61477","Aaqtanit","No accepted authoritative Arabic mapping"
"LB-LOC-61487","Aarab Ej-Jall","No accepted authoritative Arabic mapping"
"LB-LOC-61483","Aarab Tabbaya","No accepted authoritative Arabic mapping"
"LB-LOC-61417","Arzai","No accepted authoritative Arabic mapping"
"LB-LOC-61444","Babliyeh","No accepted authoritative Arabic mapping"
"LB-LOC-61488","Berti","No accepted authoritative Arabic mapping"
"LB-LOC-61453","Bissariyeh","No accepted authoritative Arabic mapping"
"LB-LOC-61481","Bnaafoul","No accepted authoritative Arabic mapping"
"LB-LOC-61266","Bqosta","No accepted authoritative Arabic mapping"
"LB-LOC-61123","Bramiyeh","No accepted authoritative Arabic mapping"
"LB-LOC-61441","Daoudiyeh","No accepted authoritative Arabic mapping"
"LB-LOC-61335","Darb Es-Sim","No accepted authoritative Arabic mapping"
"LB-LOC-61479","Erkay","No accepted authoritative Arabic mapping"
"LB-LOC-61447","Ghassaniyeh","No accepted authoritative Arabic mapping"
"LB-LOC-61311","Ghaziyeh","No accepted authoritative Arabic mapping"
"LB-LOC-61471","Hajjeh","No accepted authoritative Arabic mapping"
"LB-LOC-61159","Haret Saida","No accepted authoritative Arabic mapping"
"LB-LOC-61423","Hartiyeh","No accepted authoritative Arabic mapping"
"LB-LOC-61147","Hlaliyeh Saida","No accepted authoritative Arabic mapping"
"LB-LOC-61436","Insariyeh","No accepted authoritative Arabic mapping"
"LB-LOC-61411","Jazira Saida","No accepted authoritative Arabic mapping"
"LB-LOC-61454","Kaoutariyet Es-Siyad","No accepted authoritative Arabic mapping"
"LB-LOC-61491","Kfar Beit","No accepted authoritative Arabic mapping"
"LB-LOC-61494","Kfar Chellal","No accepted authoritative Arabic mapping"
"LB-LOC-61493","Kfar Hatta Saida","No accepted authoritative Arabic mapping"
"LB-LOC-61496","Kfar Melki Saida","No accepted authoritative Arabic mapping"
"LB-LOC-61446","Khartoum","No accepted authoritative Arabic mapping"
"LB-LOC-61419","Khayayeb Saida","No accepted authoritative Arabic mapping"
"LB-LOC-61443","Khirbet Ed-Douair Saida","No accepted authoritative Arabic mapping"
"LB-LOC-61467","Khirbet El-Bassal","No accepted authoritative Arabic mapping"
"LB-LOC-61474","Khzaiz","No accepted authoritative Arabic mapping"
"LB-LOC-61439","Loubieh","No accepted authoritative Arabic mapping"
"LB-LOC-61476","Maamriyeh","No accepted authoritative Arabic mapping"
"LB-LOC-61323","Maghdoucheh","No accepted authoritative Arabic mapping"
"LB-LOC-61233","Majdelyoun","No accepted authoritative Arabic mapping"
"LB-LOC-61415","Matariyet Ech-Choumar","No accepted authoritative Arabic mapping"
"LB-LOC-61486","Mazraat Aarab Soukkar","No accepted authoritative Arabic mapping"
"LB-LOC-61431","Mazraat Deir Taqla","No accepted authoritative Arabic mapping"
"LB-LOC-61412","Mazraat El Yahoudiyeh (Aaitaniyeh)","No accepted authoritative Arabic mapping"
"LB-LOC-61473","Mazraat El-Houssainiyeh","No accepted authoritative Arabic mapping"
"LB-LOC-61424","Mazraat El-Mhaydaleh","No accepted authoritative Arabic mapping"
"LB-LOC-61421","Mazraat Jamjim","No accepted authoritative Arabic mapping"
"LB-LOC-61426","Mazraat Kaoutariyet Er-Riz","No accepted authoritative Arabic mapping"
"LB-LOC-61418","Mazraat Kfar Beda","No accepted authoritative Arabic mapping"
"LB-LOC-61469","Mazraat 'Mseileh","No accepted authoritative Arabic mapping"
"LB-LOC-61433","Mazraat Oussamiyat","No accepted authoritative Arabic mapping"
"LB-LOC-61429","Mazraat Sari","No accepted authoritative Arabic mapping"
"LB-LOC-61437","Mazraat Sinai","No accepted authoritative Arabic mapping"
"LB-LOC-61457","Mazraat 'Snaiber","No accepted authoritative Arabic mapping"
"LB-LOC-61463","Merouaniyeh","No accepted authoritative Arabic mapping"
"LB-LOC-61183","Miyeh ou Miyeh","No accepted authoritative Arabic mapping"
"LB-LOC-61484","Mtayriyeh","No accepted authoritative Arabic mapping"
"LB-LOC-61414","Mzaraat El-Ouasta","No accepted authoritative Arabic mapping"
"LB-LOC-61464","Najjariyeh","No accepted authoritative Arabic mapping"
"LB-LOC-61451","Qaaqaiyet Es-Snaoubar","No accepted authoritative Arabic mapping"
"LB-LOC-61347","Qennarit","No accepted authoritative Arabic mapping"
"LB-LOC-61255","Qraiyet Saida","No accepted authoritative Arabic mapping"
"LB-LOC-61119","Saida Ed-Dekermane","No accepted authoritative Arabic mapping"
"LB-LOC-61111","Saida El-Oustani","No accepted authoritative Arabic mapping"
"LB-LOC-61115","Saida El-Qadimeh","No accepted authoritative Arabic mapping"
"LB-LOC-61222","Saida Kefraya","No accepted authoritative Arabic mapping"
"LB-LOC-61461","Saksakiyeh","No accepted authoritative Arabic mapping"
"LB-LOC-61211","Salhiyet Saida","No accepted authoritative Arabic mapping"
"LB-LOC-61449","Sarafand","No accepted authoritative Arabic mapping"
"LB-LOC-61497","Sfenta","No accepted authoritative Arabic mapping"
"LB-LOC-61383","Tanbourit","No accepted authoritative Arabic mapping"
"LB-LOC-61456","Tebna","No accepted authoritative Arabic mapping"
"LB-LOC-61459","Teffahta","No accepted authoritative Arabic mapping"
"LB-LOC-61371","Zaghdraiya","No accepted authoritative Arabic mapping"
"LB-LOC-61359","Zeita","No accepted authoritative Arabic mapping"
"LB-LOC-61427","Zrariyeh","No accepted authoritative Arabic mapping"
"LB-LOC-62276","Aabbassiyet Sour","No accepted authoritative Arabic mapping"
"LB-LOC-62291","Aain Abou Abdallah","No accepted authoritative Arabic mapping"
"LB-LOC-62243","Aain Baal","No accepted authoritative Arabic mapping"
"LB-LOC-62242","Aaiyeh","No accepted authoritative Arabic mapping"
"LB-LOC-62316","Aalma Ech-Chaab","No accepted authoritative Arabic mapping"
"LB-LOC-62217","Aaytit","No accepted authoritative Arabic mapping"
"LB-LOC-62294","Aaziyeh","No accepted authoritative Arabic mapping"
"LB-LOC-62319","Abou Chech","No accepted authoritative Arabic mapping"
"LB-LOC-62256","Arzoun","No accepted authoritative Arabic mapping"
"LB-LOC-62221","Bafliyeh","No accepted authoritative Arabic mapping"
"LB-LOC-62224","Barich","No accepted authoritative Arabic mapping"
"LB-LOC-62162","Batoulay","No accepted authoritative Arabic mapping"
"LB-LOC-62246","Bazouriyeh","No accepted authoritative Arabic mapping"
"LB-LOC-62274","Bedias","No accepted authoritative Arabic mapping"
"LB-LOC-62249","Bestiyat","No accepted authoritative Arabic mapping"
"LB-LOC-62226","Biyad","No accepted authoritative Arabic mapping"
"LB-LOC-62128","Borj Ech-Chemali","No accepted authoritative Arabic mapping"
"LB-LOC-62312","Borj En-Naqoura","No accepted authoritative Arabic mapping"
"LB-LOC-62283","Borj Rahhal","No accepted authoritative Arabic mapping"
"LB-LOC-62321","Boustane","No accepted authoritative Arabic mapping"
"LB-LOC-62331","Btaychiyeh","No accepted authoritative Arabic mapping"
"LB-LOC-62277","Chaaitiyeh","No accepted authoritative Arabic mapping"
"LB-LOC-62298","Chamaa","No accepted authoritative Arabic mapping"
"LB-LOC-62254","Chehabiyeh","No accepted authoritative Arabic mapping"
"LB-LOC-62264","Chehour","No accepted authoritative Arabic mapping"
"LB-LOC-62285","Chihine","No accepted authoritative Arabic mapping"
"LB-LOC-62212","Debaal Sour","No accepted authoritative Arabic mapping"
"LB-LOC-62223","Deir Aames","No accepted authoritative Arabic mapping"
"LB-LOC-62251","Deir Kifa","No accepted authoritative Arabic mapping"
"LB-LOC-62179","Deir Qanoun El-Aain","No accepted authoritative Arabic mapping"
"LB-LOC-62263","Deir Qanoun En-Nahr","No accepted authoritative Arabic mapping"
"LB-LOC-62239","Derdaghaiya","No accepted authoritative Arabic mapping"
"LB-LOC-62341","Dhayra","No accepted authoritative Arabic mapping"
"LB-LOC-62269","Halloussiyeh","No accepted authoritative Arabic mapping"
"LB-LOC-62314","Hamoul","No accepted authoritative Arabic mapping"
"LB-LOC-62247","Hanaouay","No accepted authoritative Arabic mapping"
"LB-LOC-62293","Henniyeh","No accepted authoritative Arabic mapping"
"LB-LOC-62244","Hmairi Sour","No accepted authoritative Arabic mapping"
"LB-LOC-62299","Iskandarouna Sour","No accepted authoritative Arabic mapping"
"LB-LOC-62279","Jbal El-Botm","No accepted authoritative Arabic mapping"
"LB-LOC-62237","Jennata","No accepted authoritative Arabic mapping"
"LB-LOC-62292","Jibbayn","No accepted authoritative Arabic mapping"
"LB-LOC-62318","Jijim","No accepted authoritative Arabic mapping"
"LB-LOC-62211","Jouaiya","No accepted authoritative Arabic mapping"
"LB-LOC-62267","Kneisset Sour","No accepted authoritative Arabic mapping"
"LB-LOC-62231","Maarakeh","No accepted authoritative Arabic mapping"
"LB-LOC-62234","Maaroub","No accepted authoritative Arabic mapping"
"LB-LOC-62214","Majdel","No accepted authoritative Arabic mapping"
"LB-LOC-62297","Majdelzoun","No accepted authoritative Arabic mapping"
"LB-LOC-62296","Mansouri Sour","No accepted authoritative Arabic mapping"
"LB-LOC-62284","Marnba","No accepted authoritative Arabic mapping"
"LB-LOC-62351","Mazraat Ez-Zalloutiyeh","No accepted authoritative Arabic mapping"
"LB-LOC-62215","Mazraat Mechref","No accepted authoritative Arabic mapping"
"LB-LOC-62281","Mazraat Tayr Semhat","No accepted authoritative Arabic mapping"
"LB-LOC-62311","Merouahine","No accepted authoritative Arabic mapping"
"LB-LOC-62245","Mheilib","No accepted authoritative Arabic mapping"
"LB-LOC-62233","Neftakhiyeh","No accepted authoritative Arabic mapping"
"LB-LOC-62257","Niha Sour","No accepted authoritative Arabic mapping"
"LB-LOC-62218","Ouadi Jilo","No accepted authoritative Arabic mapping"
"LB-LOC-62229","Qana","No accepted authoritative Arabic mapping"
"LB-LOC-62287","Qlaileh Sour","No accepted authoritative Arabic mapping"
"LB-LOC-62236","Recheknanay","No accepted authoritative Arabic mapping"
"LB-LOC-62259","Rmadiyeh","No accepted authoritative Arabic mapping"
"LB-LOC-62241","Sadiqine","No accepted authoritative Arabic mapping"
"LB-LOC-62227","Selaa Sour","No accepted authoritative Arabic mapping"
"LB-LOC-62111","Sour","No accepted authoritative Arabic mapping"
"LB-LOC-62266","Srifa","No accepted authoritative Arabic mapping"
"LB-LOC-62253","Tayr Debbeh","No accepted authoritative Arabic mapping"
"LB-LOC-62271","Tayr Falsay","No accepted authoritative Arabic mapping"
"LB-LOC-62295","Tayr Harfa","No accepted authoritative Arabic mapping"
"LB-LOC-62273","Touayri","No accepted authoritative Arabic mapping"
"LB-LOC-62261","Toura","No accepted authoritative Arabic mapping"
"LB-LOC-62219","Yanouh Sour","No accepted authoritative Arabic mapping"
"LB-LOC-62308","Yarine","No accepted authoritative Arabic mapping"
"LB-LOC-62286","Zebqine","No accepted authoritative Arabic mapping"
