"id","latitude","longitude","coordinateMethod","coordinateSource","coordinateAccuracy","coordinateVerifiedStatus"
"LB-LOC-35249","34.6358627","36.11869755","national-manifest","C:\xampp\htdocs\projectx\watanybot\packages\lebanese-administrative-authority\authority\sources\arabic\national-village-manifest-clean.csv","","source-reported"
"LB-LOC-35427","34.5898834","36.19806475","national-manifest","C:\xampp\htdocs\projectx\watanybot\packages\lebanese-administrative-authority\authority\sources\arabic\national-village-manifest-clean.csv","","source-reported"
"LB-LOC-35435","34.5865719","36.18302053","national-manifest","C:\xampp\htdocs\projectx\watanybot\packages\lebanese-administrative-authority\authority\sources\arabic\national-village-manifest-clean.csv","","source-reported"
"LB-LOC-35187","34.52149379","36.2033353","national-manifest","C:\xampp\htdocs\projectx\watanybot\packages\lebanese-administrative-authority\authority\sources\arabic\national-village-manifest-clean.csv","","source-reported"
"LB-LOC-35185","34.5379369","36.19864908","national-manifest","C:\xampp\htdocs\projectx\watanybot\packages\lebanese-administrative-authority\authority\sources\arabic\national-village-manifest-clean.csv","","source-reported"
"LB-LOC-35191","34.53167704","36.24460095","national-manifest","C:\xampp\htdocs\projectx\watanybot\packages\lebanese-administrative-authority\authority\sources\arabic\national-village-manifest-clean.csv","","source-reported"
"LB-LOC-35265","34.53128334","36.00705852","national-manifest","C:\xampp\htdocs\projectx\watanybot\packages\lebanese-administrative-authority\authority\sources\arabic\national-village-manifest-clean.csv","","source-reported"
"LB-LOC-35449","34.61148895","36.16647835","national-manifest","C:\xampp\htdocs\projectx\watanybot\packages\lebanese-administrative-authority\authority\sources\arabic\national-village-manifest-clean.csv","","source-reported"
"LB-LOC-35512","34.61926706","36.37144716","national-manifest","C:\xampp\htdocs\projectx\watanybot\packages\lebanese-administrative-authority\authority\sources\arabic\national-village-manifest-clean.csv","","source-reported"
"LB-LOC-35421","34.60237408","36.23046383","national-manifest","C:\xampp\htdocs\projectx\watanybot\packages\lebanese-administrative-authority\authority\sources\arabic\national-village-manifest-clean.csv","","source-reported"
"LB-LOC-35498","34.568107","36.31161589","national-manifest","C:\xampp\htdocs\projectx\watanybot\packages\lebanese-administrative-authority\authority\sources\arabic\national-village-manifest-clean.csv","","source-reported"
"LB-LOC-35420","34.62841075","36.30054491","national-manifest","C:\xampp\htdocs\projectx\watanybot\packages\lebanese-administrative-authority\authority\sources\arabic\national-village-manifest-clean.csv","","source-reported"
"LB-LOC-35273","34.63536119","35.98615918","national-manifest","C:\xampp\htdocs\projectx\watanybot\packages\lebanese-administrative-authority\authority\sources\arabic\national-village-manifest-clean.csv","","source-reported"
"LB-LOC-35484","34.62753035","36.16445943","national-manifest","C:\xampp\htdocs\projectx\watanybot\packages\lebanese-administrative-authority\authority\sources\arabic\national-village-manifest-clean.csv","","source-reported"
"LB-LOC-35141","34.54432298","36.04291526","national-manifest","C:\xampp\htdocs\projectx\watanybot\packages\lebanese-administrative-authority\authority\sources\arabic\national-village-manifest-clean.csv","","source-reported"
"LB-LOC-35177","34.53127615","36.17360872","national-manifest","C:\xampp\htdocs\projectx\watanybot\packages\lebanese-administrative-authority\authority\sources\arabic\national-village-manifest-clean.csv","","source-reported"
"LB-LOC-35347","34.4724024","36.01560496","national-manifest","C:\xampp\htdocs\projectx\watanybot\packages\lebanese-administrative-authority\authority\sources\arabic\national-village-manifest-clean.csv","","source-reported"
"LB-LOC-35439","34.60424003","36.18298737","national-manifest","C:\xampp\htdocs\projectx\watanybot\packages\lebanese-administrative-authority\authority\sources\arabic\national-village-manifest-clean.csv","","source-reported"
"LB-LOC-35158","34.56075783","36.14531445","national-manifest","C:\xampp\htdocs\projectx\watanybot\packages\lebanese-administrative-authority\authority\sources\arabic\national-village-manifest-clean.csv","","source-reported"
"LB-LOC-35241","34.62651357","36.12083727","national-manifest","C:\xampp\htdocs\projectx\watanybot\packages\lebanese-administrative-authority\authority\sources\arabic\national-village-manifest-clean.csv","","source-reported"
"LB-LOC-35408","34.59509775","36.25555102","national-manifest","C:\xampp\htdocs\projectx\watanybot\packages\lebanese-administrative-authority\authority\sources\arabic\national-village-manifest-clean.csv","","source-reported"
"LB-LOC-35275","34.50669367","35.99120282","national-manifest","C:\xampp\htdocs\projectx\watanybot\packages\lebanese-administrative-authority\authority\sources\arabic\national-village-manifest-clean.csv","","source-reported"
"LB-LOC-35175","34.54779501","36.17623847","national-manifest","C:\xampp\htdocs\projectx\watanybot\packages\lebanese-administrative-authority\authority\sources\arabic\national-village-manifest-clean.csv","","source-reported"
"LB-LOC-35337","34.4724027","36.15807892","national-manifest","C:\xampp\htdocs\projectx\watanybot\packages\lebanese-administrative-authority\authority\sources\arabic\national-village-manifest-clean.csv","","source-reported"
"LB-LOC-35367","34.47848866","35.99739508","national-manifest","C:\xampp\htdocs\projectx\watanybot\packages\lebanese-administrative-authority\authority\sources\arabic\national-village-manifest-clean.csv","","source-reported"
"LB-LOC-35174","34.53323338","36.15777595","national-manifest","C:\xampp\htdocs\projectx\watanybot\packages\lebanese-administrative-authority\authority\sources\arabic\national-village-manifest-clean.csv","","source-reported"
"LB-LOC-35321","34.47484675","36.14681425","national-manifest","C:\xampp\htdocs\projectx\watanybot\packages\lebanese-administrative-authority\authority\sources\arabic\national-village-manifest-clean.csv","","source-reported"
"LB-LOC-35433","34.57402383","36.18761807","national-manifest","C:\xampp\htdocs\projectx\watanybot\packages\lebanese-administrative-authority\authority\sources\arabic\national-village-manifest-clean.csv","","source-reported"
"LB-LOC-35314","34.49043247","36.03035292","national-manifest","C:\xampp\htdocs\projectx\watanybot\packages\lebanese-administrative-authority\authority\sources\arabic\national-village-manifest-clean.csv","","source-reported"
"LB-LOC-35189","34.51315875","36.19154409","national-manifest","C:\xampp\htdocs\projectx\watanybot\packages\lebanese-administrative-authority\authority\sources\arabic\national-village-manifest-clean.csv","","source-reported"
"LB-LOC-35416","34.59199817","36.23805436","national-manifest","C:\xampp\htdocs\projectx\watanybot\packages\lebanese-administrative-authority\authority\sources\arabic\national-village-manifest-clean.csv","","source-reported"
"LB-LOC-35183","34.53251213","36.18740557","national-manifest","C:\xampp\htdocs\projectx\watanybot\packages\lebanese-administrative-authority\authority\sources\arabic\national-village-manifest-clean.csv","","source-reported"
"LB-LOC-35147","34.51162099","36.06552146","national-manifest","C:\xampp\htdocs\projectx\watanybot\packages\lebanese-administrative-authority\authority\sources\arabic\national-village-manifest-clean.csv","","source-reported"
"LB-LOC-35425","34.57919095","36.20179217","national-manifest","C:\xampp\htdocs\projectx\watanybot\packages\lebanese-administrative-authority\authority\sources\arabic\national-village-manifest-clean.csv","","source-reported"
"LB-LOC-35316","34.46448326","36.04661974","national-manifest","C:\xampp\htdocs\projectx\watanybot\packages\lebanese-administrative-authority\authority\sources\arabic\national-village-manifest-clean.csv","","source-reported"
"LB-LOC-35320","34.48495798","36.11117027","national-manifest","C:\xampp\htdocs\projectx\watanybot\packages\lebanese-administrative-authority\authority\sources\arabic\national-village-manifest-clean.csv","","source-reported"
"LB-LOC-35181","34.52887421","36.19149113","national-manifest","C:\xampp\htdocs\projectx\watanybot\packages\lebanese-administrative-authority\authority\sources\arabic\national-village-manifest-clean.csv","","source-reported"
"LB-LOC-35457","34.58149992","36.14562121","national-manifest","C:\xampp\htdocs\projectx\watanybot\packages\lebanese-administrative-authority\authority\sources\arabic\national-village-manifest-clean.csv","","source-reported"
"LB-LOC-35113","34.55413693","36.08262082","national-manifest","C:\xampp\htdocs\projectx\watanybot\packages\lebanese-administrative-authority\authority\sources\arabic\national-village-manifest-clean.csv","","source-reported"
"LB-LOC-35123","34.53421683","36.08081822","national-manifest","C:\xampp\htdocs\projectx\watanybot\packages\lebanese-administrative-authority\authority\sources\arabic\national-village-manifest-clean.csv","","source-reported"
"LB-LOC-35121","34.55128354","36.06115666","national-manifest","C:\xampp\htdocs\projectx\watanybot\packages\lebanese-administrative-authority\authority\sources\arabic\national-village-manifest-clean.csv","","source-reported"
"LB-LOC-35267","34.61133454","35.99717436","national-manifest","C:\xampp\htdocs\projectx\watanybot\packages\lebanese-administrative-authority\authority\sources\arabic\national-village-manifest-clean.csv","","source-reported"
"LB-LOC-35402","34.61994607","36.27798376","national-manifest","C:\xampp\htdocs\projectx\watanybot\packages\lebanese-administrative-authority\authority\sources\arabic\national-village-manifest-clean.csv","","source-reported"
"LB-LOC-35224","34.62333336","36.10150596","national-manifest","C:\xampp\htdocs\projectx\watanybot\packages\lebanese-administrative-authority\authority\sources\arabic\national-village-manifest-clean.csv","","source-reported"
"LB-LOC-35419","34.5799263","36.21335808","national-manifest","C:\xampp\htdocs\projectx\watanybot\packages\lebanese-administrative-authority\authority\sources\arabic\national-village-manifest-clean.csv","","source-reported"
"LB-LOC-35155","34.53912922","36.13917067","national-manifest","C:\xampp\htdocs\projectx\watanybot\packages\lebanese-administrative-authority\authority\sources\arabic\national-village-manifest-clean.csv","","source-reported"
"LB-LOC-35126","34.54490924","36.22232754","national-manifest","C:\xampp\htdocs\projectx\watanybot\packages\lebanese-administrative-authority\authority\sources\arabic\national-village-manifest-clean.csv","","source-reported"
"LB-LOC-35225","34.61041715","36.10402549","national-manifest","C:\xampp\htdocs\projectx\watanybot\packages\lebanese-administrative-authority\authority\sources\arabic\national-village-manifest-clean.csv","","source-reported"
"LB-LOC-35511","34.67702765","36.33158004","national-manifest","C:\xampp\htdocs\projectx\watanybot\packages\lebanese-administrative-authority\authority\sources\arabic\national-village-manifest-clean.csv","","source-reported"
"LB-LOC-35149","34.52567172","36.01840347","national-manifest","C:\xampp\htdocs\projectx\watanybot\packages\lebanese-administrative-authority\authority\sources\arabic\national-village-manifest-clean.csv","","source-reported"
"LB-LOC-35441","34.56660852","36.17642791","national-manifest","C:\xampp\htdocs\projectx\watanybot\packages\lebanese-administrative-authority\authority\sources\arabic\national-village-manifest-clean.csv","","source-reported"
"LB-LOC-35432","34.62704141","36.20866385","national-manifest","C:\xampp\htdocs\projectx\watanybot\packages\lebanese-administrative-authority\authority\sources\arabic\national-village-manifest-clean.csv","","source-reported"
"LB-LOC-35318","34.48903737","36.08430394","national-manifest","C:\xampp\htdocs\projectx\watanybot\packages\lebanese-administrative-authority\authority\sources\arabic\national-village-manifest-clean.csv","","source-reported"
"LB-LOC-35443","34.58020723","36.17220345","national-manifest","C:\xampp\htdocs\projectx\watanybot\packages\lebanese-administrative-authority\authority\sources\arabic\national-village-manifest-clean.csv","","source-reported"
"LB-LOC-35353","34.45923044","36.22006118","national-manifest","C:\xampp\htdocs\projectx\watanybot\packages\lebanese-administrative-authority\authority\sources\arabic\national-village-manifest-clean.csv","","source-reported"
"LB-LOC-35412","34.61736032","36.2272085","national-manifest","C:\xampp\htdocs\projectx\watanybot\packages\lebanese-administrative-authority\authority\sources\arabic\national-village-manifest-clean.csv","","source-reported"
"LB-LOC-35475","34.59739042","36.10952871","national-manifest","C:\xampp\htdocs\projectx\watanybot\packages\lebanese-administrative-authority\authority\sources\arabic\national-village-manifest-clean.csv","","source-reported"
"LB-LOC-35326","34.46770132","36.09094061","national-manifest","C:\xampp\htdocs\projectx\watanybot\packages\lebanese-administrative-authority\authority\sources\arabic\national-village-manifest-clean.csv","","source-reported"
"LB-LOC-35131","34.52513775","36.05302755","national-manifest","C:\xampp\htdocs\projectx\watanybot\packages\lebanese-administrative-authority\authority\sources\arabic\national-village-manifest-clean.csv","","source-reported"
"LB-LOC-35111","34.55468929","36.07270725","national-manifest","C:\xampp\htdocs\projectx\watanybot\packages\lebanese-administrative-authority\authority\sources\arabic\national-village-manifest-clean.csv","","source-reported"
"LB-LOC-35219","34.58666969","36.10164105","national-manifest","C:\xampp\htdocs\projectx\watanybot\packages\lebanese-administrative-authority\authority\sources\arabic\national-village-manifest-clean.csv","","source-reported"
"LB-LOC-35221","34.58882649","36.04973553","national-manifest","C:\xampp\htdocs\projectx\watanybot\packages\lebanese-administrative-authority\authority\sources\arabic\national-village-manifest-clean.csv","","source-reported"
"LB-LOC-35463","34.60449682","36.13026137","national-manifest","C:\xampp\htdocs\projectx\watanybot\packages\lebanese-administrative-authority\authority\sources\arabic\national-village-manifest-clean.csv","","source-reported"
"LB-LOC-35139","34.55119939","36.13692596","national-manifest","C:\xampp\htdocs\projectx\watanybot\packages\lebanese-administrative-authority\authority\sources\arabic\national-village-manifest-clean.csv","","source-reported"
"LB-LOC-35169","34.56262393","36.15663073","national-manifest","C:\xampp\htdocs\projectx\watanybot\packages\lebanese-administrative-authority\authority\sources\arabic\national-village-manifest-clean.csv","","source-reported"
"LB-LOC-35331","34.49549137","36.04730321","national-manifest","C:\xampp\htdocs\projectx\watanybot\packages\lebanese-administrative-authority\authority\sources\arabic\national-village-manifest-clean.csv","","source-reported"
"LB-LOC-35470","34.57384863","36.12479393","national-manifest","C:\xampp\htdocs\projectx\watanybot\packages\lebanese-administrative-authority\authority\sources\arabic\national-village-manifest-clean.csv","","source-reported"
"LB-LOC-35514","34.61546422","36.41891726","national-manifest","C:\xampp\htdocs\projectx\watanybot\packages\lebanese-administrative-authority\authority\sources\arabic\national-village-manifest-clean.csv","","source-reported"
"LB-LOC-35253","34.63118811","36.02414921","national-manifest","C:\xampp\htdocs\projectx\watanybot\packages\lebanese-administrative-authority\authority\sources\arabic\national-village-manifest-clean.csv","","source-reported"
"LB-LOC-35223","34.56866439","36.10969098","national-manifest","C:\xampp\htdocs\projectx\watanybot\packages\lebanese-administrative-authority\authority\sources\arabic\national-village-manifest-clean.csv","","source-reported"
"LB-LOC-35239","34.63062579","36.10886626","national-manifest","C:\xampp\htdocs\projectx\watanybot\packages\lebanese-administrative-authority\authority\sources\arabic\national-village-manifest-clean.csv","","source-reported"
"LB-LOC-35322","34.49288641","36.12002845","national-manifest","C:\xampp\htdocs\projectx\watanybot\packages\lebanese-administrative-authority\authority\sources\arabic\national-village-manifest-clean.csv","","source-reported"
"LB-LOC-35328","34.45808591","36.12819689","national-manifest","C:\xampp\htdocs\projectx\watanybot\packages\lebanese-administrative-authority\authority\sources\arabic\national-village-manifest-clean.csv","","source-reported"
"LB-LOC-35117","34.53283077","36.10081511","national-manifest","C:\xampp\htdocs\projectx\watanybot\packages\lebanese-administrative-authority\authority\sources\arabic\national-village-manifest-clean.csv","","source-reported"
"LB-LOC-35145","34.52030063","36.10276255","national-manifest","C:\xampp\htdocs\projectx\watanybot\packages\lebanese-administrative-authority\authority\sources\arabic\national-village-manifest-clean.csv","","source-reported"
"LB-LOC-35263","34.63227332","36.14076387","national-manifest","C:\xampp\htdocs\projectx\watanybot\packages\lebanese-administrative-authority\authority\sources\arabic\national-village-manifest-clean.csv","","source-reported"
"LB-LOC-35344","34.46277824","36.00134845","national-manifest","C:\xampp\htdocs\projectx\watanybot\packages\lebanese-administrative-authority\authority\sources\arabic\national-village-manifest-clean.csv","","source-reported"
"LB-LOC-35125","34.53920434","36.06437948","national-manifest","C:\xampp\htdocs\projectx\watanybot\packages\lebanese-administrative-authority\authority\sources\arabic\national-village-manifest-clean.csv","","source-reported"
"LB-LOC-35163","34.52356599","36.12793074","national-manifest","C:\xampp\htdocs\projectx\watanybot\packages\lebanese-administrative-authority\authority\sources\arabic\national-village-manifest-clean.csv","","source-reported"
"LB-LOC-35423","34.59059059","36.21106325","national-manifest","C:\xampp\htdocs\projectx\watanybot\packages\lebanese-administrative-authority\authority\sources\arabic\national-village-manifest-clean.csv","","source-reported"
"LB-LOC-35133","34.52406131","36.0667888","national-manifest","C:\xampp\htdocs\projectx\watanybot\packages\lebanese-administrative-authority\authority\sources\arabic\national-village-manifest-clean.csv","","source-reported"
"LB-LOC-35157","34.56701124","36.13698481","national-manifest","C:\xampp\htdocs\projectx\watanybot\packages\lebanese-administrative-authority\authority\sources\arabic\national-village-manifest-clean.csv","","source-reported"
"LB-LOC-35234","34.5577676","36.01442703","national-manifest","C:\xampp\htdocs\projectx\watanybot\packages\lebanese-administrative-authority\authority\sources\arabic\national-village-manifest-clean.csv","","source-reported"
"LB-LOC-35406","34.62884994","36.24971561","national-manifest","C:\xampp\htdocs\projectx\watanybot\packages\lebanese-administrative-authority\authority\sources\arabic\national-village-manifest-clean.csv","","source-reported"
"LB-LOC-35430","34.63310158","36.31414353","national-manifest","C:\xampp\htdocs\projectx\watanybot\packages\lebanese-administrative-authority\authority\sources\arabic\national-village-manifest-clean.csv","","source-reported"
"LB-LOC-35257","34.62988863","36.12915451","national-manifest","C:\xampp\htdocs\projectx\watanybot\packages\lebanese-administrative-authority\authority\sources\arabic\national-village-manifest-clean.csv","","source-reported"
"LB-LOC-35431","34.57884808","36.19062043","national-manifest","C:\xampp\htdocs\projectx\watanybot\packages\lebanese-administrative-authority\authority\sources\arabic\national-village-manifest-clean.csv","","source-reported"
"LB-LOC-35417","34.58739158","36.22008973","national-manifest","C:\xampp\htdocs\projectx\watanybot\packages\lebanese-administrative-authority\authority\sources\arabic\national-village-manifest-clean.csv","","source-reported"
"LB-LOC-35410","34.62676237","36.28270468","national-manifest","C:\xampp\htdocs\projectx\watanybot\packages\lebanese-administrative-authority\authority\sources\arabic\national-village-manifest-clean.csv","","source-reported"
"LB-LOC-35330","34.47808208","36.12595768","national-manifest","C:\xampp\htdocs\projectx\watanybot\packages\lebanese-administrative-authority\authority\sources\arabic\national-village-manifest-clean.csv","","source-reported"
"LB-LOC-35216","34.56671303","36.09123023","national-manifest","C:\xampp\htdocs\projectx\watanybot\packages\lebanese-administrative-authority\authority\sources\arabic\national-village-manifest-clean.csv","","source-reported"
"LB-LOC-35245","34.61587241","36.02623351","national-manifest","C:\xampp\htdocs\projectx\watanybot\packages\lebanese-administrative-authority\authority\sources\arabic\national-village-manifest-clean.csv","","source-reported"
"LB-LOC-35515","34.59845057","36.44330855","national-manifest","C:\xampp\htdocs\projectx\watanybot\packages\lebanese-administrative-authority\authority\sources\arabic\national-village-manifest-clean.csv","","source-reported"
"LB-LOC-35465","34.56557591","36.12476431","national-manifest","C:\xampp\htdocs\projectx\watanybot\packages\lebanese-administrative-authority\authority\sources\arabic\national-village-manifest-clean.csv","","source-reported"
"LB-LOC-35429","34.61014453","36.20752006","national-manifest","C:\xampp\htdocs\projectx\watanybot\packages\lebanese-administrative-authority\authority\sources\arabic\national-village-manifest-clean.csv","","source-reported"
"LB-LOC-35215","34.58340237","36.08934058","national-manifest","C:\xampp\htdocs\projectx\watanybot\packages\lebanese-administrative-authority\authority\sources\arabic\national-village-manifest-clean.csv","","source-reported"
"LB-LOC-35119","34.55579667","36.09106642","national-manifest","C:\xampp\htdocs\projectx\watanybot\packages\lebanese-administrative-authority\authority\sources\arabic\national-village-manifest-clean.csv","","source-reported"
"LB-LOC-35137","34.54444692","36.10957743","national-manifest","C:\xampp\htdocs\projectx\watanybot\packages\lebanese-administrative-authority\authority\sources\arabic\national-village-manifest-clean.csv","","source-reported"
"LB-LOC-35437","34.63243363","36.32508771","national-manifest","C:\xampp\htdocs\projectx\watanybot\packages\lebanese-administrative-authority\authority\sources\arabic\national-village-manifest-clean.csv","","source-reported"
"LB-LOC-35354","34.50122443","36.03526286","national-manifest","C:\xampp\htdocs\projectx\watanybot\packages\lebanese-administrative-authority\authority\sources\arabic\national-village-manifest-clean.csv","","source-reported"
"LB-LOC-35128","34.57121938","36.21080501","national-manifest","C:\xampp\htdocs\projectx\watanybot\packages\lebanese-administrative-authority\authority\sources\arabic\national-village-manifest-clean.csv","","source-reported"
"LB-LOC-35167","34.51409148","36.01805265","national-manifest","C:\xampp\htdocs\projectx\watanybot\packages\lebanese-administrative-authority\authority\sources\arabic\national-village-manifest-clean.csv","","source-reported"
"LB-LOC-35255","34.54021086","36.0234886","national-manifest","C:\xampp\htdocs\projectx\watanybot\packages\lebanese-administrative-authority\authority\sources\arabic\national-village-manifest-clean.csv","","source-reported"
"LB-LOC-35229","34.61371399","36.0443259","national-manifest","C:\xampp\htdocs\projectx\watanybot\packages\lebanese-administrative-authority\authority\sources\arabic\national-village-manifest-clean.csv","","source-reported"
"LB-LOC-35516","34.55626313","36.36628163","national-manifest","C:\xampp\htdocs\projectx\watanybot\packages\lebanese-administrative-authority\authority\sources\arabic\national-village-manifest-clean.csv","","source-reported"
"LB-LOC-35134","34.52415406","36.06156324","national-manifest","C:\xampp\htdocs\projectx\watanybot\packages\lebanese-administrative-authority\authority\sources\arabic\national-village-manifest-clean.csv","","source-reported"
"LB-LOC-35486","34.60015704","36.2803954","national-manifest","C:\xampp\htdocs\projectx\watanybot\packages\lebanese-administrative-authority\authority\sources\arabic\national-village-manifest-clean.csv","","source-reported"
"LB-LOC-35371","34.50402295","36.17769643","national-manifest","C:\xampp\htdocs\projectx\watanybot\packages\lebanese-administrative-authority\authority\sources\arabic\national-village-manifest-clean.csv","","source-reported"
"LB-LOC-35277","34.50639105","35.96989341","national-manifest","C:\xampp\htdocs\projectx\watanybot\packages\lebanese-administrative-authority\authority\sources\arabic\national-village-manifest-clean.csv","","source-reported"
"LB-LOC-35351","34.44585548","36.16766793","national-manifest","C:\xampp\htdocs\projectx\watanybot\packages\lebanese-administrative-authority\authority\sources\arabic\national-village-manifest-clean.csv","","source-reported"
"LB-LOC-35251","34.61282309","36.01519148","national-manifest","C:\xampp\htdocs\projectx\watanybot\packages\lebanese-administrative-authority\authority\sources\arabic\national-village-manifest-clean.csv","","source-reported"
"LB-LOC-35129","34.5368006","36.06067816","national-manifest","C:\xampp\htdocs\projectx\watanybot\packages\lebanese-administrative-authority\authority\sources\arabic\national-village-manifest-clean.csv","","source-reported"
"LB-LOC-35414","34.61520692","36.24652757","national-manifest","C:\xampp\htdocs\projectx\watanybot\packages\lebanese-administrative-authority\authority\sources\arabic\national-village-manifest-clean.csv","","source-reported"
"LB-LOC-35261","34.56268415","35.9977293","national-manifest","C:\xampp\htdocs\projectx\watanybot\packages\lebanese-administrative-authority\authority\sources\arabic\national-village-manifest-clean.csv","","source-reported"
"LB-LOC-35451","34.59346507","36.16987428","national-manifest","C:\xampp\htdocs\projectx\watanybot\packages\lebanese-administrative-authority\authority\sources\arabic\national-village-manifest-clean.csv","","source-reported"
"LB-LOC-35461","34.60953316","36.14247121","national-manifest","C:\xampp\htdocs\projectx\watanybot\packages\lebanese-administrative-authority\authority\sources\arabic\national-village-manifest-clean.csv","","source-reported"
"LB-LOC-35115","34.54617468","36.08832207","national-manifest","C:\xampp\htdocs\projectx\watanybot\packages\lebanese-administrative-authority\authority\sources\arabic\national-village-manifest-clean.csv","","source-reported"
"LB-LOC-35445","34.6243999","36.18691175","national-manifest","C:\xampp\htdocs\projectx\watanybot\packages\lebanese-administrative-authority\authority\sources\arabic\national-village-manifest-clean.csv","","source-reported"
"LB-LOC-35455","34.60979018","36.15216545","national-manifest","C:\xampp\htdocs\projectx\watanybot\packages\lebanese-administrative-authority\authority\sources\arabic\national-village-manifest-clean.csv","","source-reported"
"LB-LOC-35364","34.50859292","36.00929557","national-manifest","C:\xampp\htdocs\projectx\watanybot\packages\lebanese-administrative-authority\authority\sources\arabic\national-village-manifest-clean.csv","","source-reported"
"LB-LOC-35233","34.56889822","36.02799503","national-manifest","C:\xampp\htdocs\projectx\watanybot\packages\lebanese-administrative-authority\authority\sources\arabic\national-village-manifest-clean.csv","","source-reported"
"LB-LOC-35325","34.45445851","36.08138796","national-manifest","C:\xampp\htdocs\projectx\watanybot\packages\lebanese-administrative-authority\authority\sources\arabic\national-village-manifest-clean.csv","","source-reported"
"LB-LOC-35453","34.61863745","36.14940727","national-manifest","C:\xampp\htdocs\projectx\watanybot\packages\lebanese-administrative-authority\authority\sources\arabic\national-village-manifest-clean.csv","","source-reported"
"LB-LOC-35135","34.52284899","36.0796148","national-manifest","C:\xampp\htdocs\projectx\watanybot\packages\lebanese-administrative-authority\authority\sources\arabic\national-village-manifest-clean.csv","","source-reported"
"LB-LOC-35341","34.4923719","36.01383391","national-manifest","C:\xampp\htdocs\projectx\watanybot\packages\lebanese-administrative-authority\authority\sources\arabic\national-village-manifest-clean.csv","","source-reported"
"LB-LOC-35518","34.62234064","36.44525065","national-manifest","C:\xampp\htdocs\projectx\watanybot\packages\lebanese-administrative-authority\authority\sources\arabic\national-village-manifest-clean.csv","","source-reported"
"LB-LOC-35487","34.54588242","36.27700307","national-manifest","C:\xampp\htdocs\projectx\watanybot\packages\lebanese-administrative-authority\authority\sources\arabic\national-village-manifest-clean.csv","","source-reported"
"LB-LOC-35179","34.53133045","36.17900233","national-manifest","C:\xampp\htdocs\projectx\watanybot\packages\lebanese-administrative-authority\authority\sources\arabic\national-village-manifest-clean.csv","","source-reported"
"LB-LOC-35243","34.59441641","36.00908278","national-manifest","C:\xampp\htdocs\projectx\watanybot\packages\lebanese-administrative-authority\authority\sources\arabic\national-village-manifest-clean.csv","","source-reported"
"LB-LOC-35317","34.49686204","36.05869474","national-manifest","C:\xampp\htdocs\projectx\watanybot\packages\lebanese-administrative-authority\authority\sources\arabic\national-village-manifest-clean.csv","","source-reported"
"LB-LOC-35352","34.48241957","36.16524192","national-manifest","C:\xampp\htdocs\projectx\watanybot\packages\lebanese-administrative-authority\authority\sources\arabic\national-village-manifest-clean.csv","","source-reported"
"LB-LOC-35269","34.53756892","35.99751586","national-manifest","C:\xampp\htdocs\projectx\watanybot\packages\lebanese-administrative-authority\authority\sources\arabic\national-village-manifest-clean.csv","","source-reported"
"LB-LOC-35334","34.4814929","36.15322397","national-manifest","C:\xampp\htdocs\projectx\watanybot\packages\lebanese-administrative-authority\authority\sources\arabic\national-village-manifest-clean.csv","","source-reported"
"LB-LOC-35415","34.60819476","36.23898936","national-manifest","C:\xampp\htdocs\projectx\watanybot\packages\lebanese-administrative-authority\authority\sources\arabic\national-village-manifest-clean.csv","","source-reported"
"LB-LOC-35357","34.50211586","36.14037285","national-manifest","C:\xampp\htdocs\projectx\watanybot\packages\lebanese-administrative-authority\authority\sources\arabic\national-village-manifest-clean.csv","","source-reported"
"LB-LOC-35467","34.58198328","36.11780745","national-manifest","C:\xampp\htdocs\projectx\watanybot\packages\lebanese-administrative-authority\authority\sources\arabic\national-village-manifest-clean.csv","","source-reported"
"LB-LOC-35404","34.61831138","36.26282591","national-manifest","C:\xampp\htdocs\projectx\watanybot\packages\lebanese-administrative-authority\authority\sources\arabic\national-village-manifest-clean.csv","","source-reported"
"LB-LOC-35281","34.57373196","36.00673388","national-manifest","C:\xampp\htdocs\projectx\watanybot\packages\lebanese-administrative-authority\authority\sources\arabic\national-village-manifest-clean.csv","","source-reported"
"LB-LOC-35217","34.60204434","36.08821627","national-manifest","C:\xampp\htdocs\projectx\watanybot\packages\lebanese-administrative-authority\authority\sources\arabic\national-village-manifest-clean.csv","","source-reported"
"LB-LOC-35327","34.46514678","36.14956122","national-manifest","C:\xampp\htdocs\projectx\watanybot\packages\lebanese-administrative-authority\authority\sources\arabic\national-village-manifest-clean.csv","","source-reported"
"LB-LOC-35469","34.58947208","36.12514175","national-manifest","C:\xampp\htdocs\projectx\watanybot\packages\lebanese-administrative-authority\authority\sources\arabic\national-village-manifest-clean.csv","","source-reported"
"LB-LOC-35271","34.63456511","36.00897889","national-manifest","C:\xampp\htdocs\projectx\watanybot\packages\lebanese-administrative-authority\authority\sources\arabic\national-village-manifest-clean.csv","","source-reported"
"LB-LOC-35227","34.56939305","36.05392336","national-manifest","C:\xampp\htdocs\projectx\watanybot\packages\lebanese-administrative-authority\authority\sources\arabic\national-village-manifest-clean.csv","","source-reported"
"LB-LOC-35311","34.4864962","36.05830784","national-manifest","C:\xampp\htdocs\projectx\watanybot\packages\lebanese-administrative-authority\authority\sources\arabic\national-village-manifest-clean.csv","","source-reported"
"LB-LOC-35259","34.54287011","36.01386741","national-manifest","C:\xampp\htdocs\projectx\watanybot\packages\lebanese-administrative-authority\authority\sources\arabic\national-village-manifest-clean.csv","","source-reported"
"LB-LOC-35324","34.45634407","36.0250722","national-manifest","C:\xampp\htdocs\projectx\watanybot\packages\lebanese-administrative-authority\authority\sources\arabic\national-village-manifest-clean.csv","","source-reported"
"LB-LOC-35447","34.57705874","36.16285224","national-manifest","C:\xampp\htdocs\projectx\watanybot\packages\lebanese-administrative-authority\authority\sources\arabic\national-village-manifest-clean.csv","","source-reported"
"LB-LOC-35411","34.57568746","36.23855307","national-manifest","C:\xampp\htdocs\projectx\watanybot\packages\lebanese-administrative-authority\authority\sources\arabic\national-village-manifest-clean.csv","","source-reported"
"LB-LOC-35143","34.55574459","36.11919533","national-manifest","C:\xampp\htdocs\projectx\watanybot\packages\lebanese-administrative-authority\authority\sources\arabic\national-village-manifest-clean.csv","","source-reported"
"LB-LOC-35471","34.6167551","36.13172368","national-manifest","C:\xampp\htdocs\projectx\watanybot\packages\lebanese-administrative-authority\authority\sources\arabic\national-village-manifest-clean.csv","","source-reported"
"LB-LOC-35213","34.59880849","36.07253433","national-manifest","C:\xampp\htdocs\projectx\watanybot\packages\lebanese-administrative-authority\authority\sources\arabic\national-village-manifest-clean.csv","","source-reported"
"LB-LOC-35211","34.58437068","36.06715819","national-manifest","C:\xampp\htdocs\projectx\watanybot\packages\lebanese-administrative-authority\authority\sources\arabic\national-village-manifest-clean.csv","","source-reported"
"LB-LOC-35235","34.6192999","36.05709754","national-manifest","C:\xampp\htdocs\projectx\watanybot\packages\lebanese-administrative-authority\authority\sources\arabic\national-village-manifest-clean.csv","","source-reported"
"LB-LOC-35237","34.62156287","36.07799996","national-manifest","C:\xampp\htdocs\projectx\watanybot\packages\lebanese-administrative-authority\authority\sources\arabic\national-village-manifest-clean.csv","","source-reported"
"LB-LOC-35231","34.59945833","36.0357437","national-manifest","C:\xampp\htdocs\projectx\watanybot\packages\lebanese-administrative-authority\authority\sources\arabic\national-village-manifest-clean.csv","","source-reported"
"LB-LOC-35247","34.55262777","36.02922733","national-manifest","C:\xampp\htdocs\projectx\watanybot\packages\lebanese-administrative-authority\authority\sources\arabic\national-village-manifest-clean.csv","","source-reported"
"LB-LOC-35173","34.53292269","36.17074551","national-manifest","C:\xampp\htdocs\projectx\watanybot\packages\lebanese-administrative-authority\authority\sources\arabic\national-village-manifest-clean.csv","","source-reported"
"LB-LOC-35171","34.51526977","36.16358514","national-manifest","C:\xampp\htdocs\projectx\watanybot\packages\lebanese-administrative-authority\authority\sources\arabic\national-village-manifest-clean.csv","","source-reported"
"LB-LOC-35459","34.59606861","36.13922764","national-manifest","C:\xampp\htdocs\projectx\watanybot\packages\lebanese-administrative-authority\authority\sources\arabic\national-village-manifest-clean.csv","","source-reported"
"LB-LOC-35356","34.49831863","36.19665293","national-manifest","C:\xampp\htdocs\projectx\watanybot\packages\lebanese-administrative-authority\authority\sources\arabic\national-village-manifest-clean.csv","","source-reported"
"LB-LOC-35127","34.53374425","36.07029886","national-manifest","C:\xampp\htdocs\projectx\watanybot\packages\lebanese-administrative-authority\authority\sources\arabic\national-village-manifest-clean.csv","","source-reported"
"LB-LOC-35151","34.52177905","36.03965052","national-manifest","C:\xampp\htdocs\projectx\watanybot\packages\lebanese-administrative-authority\authority\sources\arabic\national-village-manifest-clean.csv","","source-reported"
"LB-LOC-35159","34.51215221","36.03527514","national-manifest","C:\xampp\htdocs\projectx\watanybot\packages\lebanese-administrative-authority\authority\sources\arabic\national-village-manifest-clean.csv","","source-reported"
"LB-LOC-35153","34.51528773","36.03966955","national-manifest","C:\xampp\htdocs\projectx\watanybot\packages\lebanese-administrative-authority\authority\sources\arabic\national-village-manifest-clean.csv","","source-reported"
"LB-LOC-35161","34.51860345","36.02861205","national-manifest","C:\xampp\htdocs\projectx\watanybot\packages\lebanese-administrative-authority\authority\sources\arabic\national-village-manifest-clean.csv","","source-reported"
"LB-LOC-53127","34.02197337","36.15066178","national-manifest","C:\xampp\htdocs\projectx\watanybot\packages\lebanese-administrative-authority\authority\sources\arabic\national-village-manifest-clean.csv","","source-reported"
"LB-LOC-53217","34.22358","36.38539791","national-manifest","C:\xampp\htdocs\projectx\watanybot\packages\lebanese-administrative-authority\authority\sources\arabic\national-village-manifest-clean.csv","","source-reported"
"LB-LOC-53115","33.97454041","36.21629237","national-manifest","C:\xampp\htdocs\projectx\watanybot\packages\lebanese-administrative-authority\authority\sources\arabic\national-village-manifest-clean.csv","","source-reported"
"LB-LOC-53473","33.85375463","36.30302343","national-manifest","C:\xampp\htdocs\projectx\watanybot\packages\lebanese-administrative-authority\authority\sources\arabic\national-village-manifest-clean.csv","","source-reported"
"LB-LOC-53465","33.88718376","36.25368819","national-manifest","C:\xampp\htdocs\projectx\watanybot\packages\lebanese-administrative-authority\authority\sources\arabic\national-village-manifest-clean.csv","","source-reported"
"LB-LOC-53163","33.95254571","36.27740025","national-manifest","C:\xampp\htdocs\projectx\watanybot\packages\lebanese-administrative-authority\authority\sources\arabic\national-village-manifest-clean.csv","","source-reported"
"LB-LOC-53131","33.99182521","36.30352392","national-manifest","C:\xampp\htdocs\projectx\watanybot\packages\lebanese-administrative-authority\authority\sources\arabic\national-village-manifest-clean.csv","","source-reported"
"LB-LOC-53231","34.14183114","36.45730012","national-manifest","C:\xampp\htdocs\projectx\watanybot\packages\lebanese-administrative-authority\authority\sources\arabic\national-village-manifest-clean.csv","","source-reported"
"LB-LOC-53377","34.19496294","36.0769738","national-manifest","C:\xampp\htdocs\projectx\watanybot\packages\lebanese-administrative-authority\authority\sources\arabic\national-village-manifest-clean.csv","","source-reported"
"LB-LOC-53111","34.01729491","36.20460033","national-manifest","C:\xampp\htdocs\projectx\watanybot\packages\lebanese-administrative-authority\authority\sources\arabic\national-village-manifest-clean.csv","","source-reported"
"LB-LOC-53221","34.22548892","36.34290465","national-manifest","C:\xampp\htdocs\projectx\watanybot\packages\lebanese-administrative-authority\authority\sources\arabic\national-village-manifest-clean.csv","","source-reported"
"LB-LOC-53344","34.18568872","36.14070679","national-manifest","C:\xampp\htdocs\projectx\watanybot\packages\lebanese-administrative-authority\authority\sources\arabic\national-village-manifest-clean.csv","","source-reported"
"LB-LOC-53333","34.15141942","36.1334637","national-manifest","C:\xampp\htdocs\projectx\watanybot\packages\lebanese-administrative-authority\authority\sources\arabic\national-village-manifest-clean.csv","","source-reported"
"LB-LOC-53411","33.92408732","35.94041131","national-manifest","C:\xampp\htdocs\projectx\watanybot\packages\lebanese-administrative-authority\authority\sources\arabic\national-village-manifest-clean.csv","","source-reported"
"LB-LOC-53417","33.92478885","36.02585111","national-manifest","C:\xampp\htdocs\projectx\watanybot\packages\lebanese-administrative-authority\authority\sources\arabic\national-village-manifest-clean.csv","","source-reported"
"LB-LOC-53459","34.06116581","36.05390214","national-manifest","C:\xampp\htdocs\projectx\watanybot\packages\lebanese-administrative-authority\authority\sources\arabic\national-village-manifest-clean.csv","","source-reported"
"LB-LOC-53453","33.93200008","36.18491271","national-manifest","C:\xampp\htdocs\projectx\watanybot\packages\lebanese-administrative-authority\authority\sources\arabic\national-village-manifest-clean.csv","","source-reported"
"LB-LOC-53375","34.10770594","36.09957226","national-manifest","C:\xampp\htdocs\projectx\watanybot\packages\lebanese-administrative-authority\authority\sources\arabic\national-village-manifest-clean.csv","","source-reported"
"LB-LOC-53469","33.92060466","36.25743601","national-manifest","C:\xampp\htdocs\projectx\watanybot\packages\lebanese-administrative-authority\authority\sources\arabic\national-village-manifest-clean.csv","","source-reported"
"LB-LOC-53274","34.13808863","36.26947092","national-manifest","C:\xampp\htdocs\projectx\watanybot\packages\lebanese-administrative-authority\authority\sources\arabic\national-village-manifest-clean.csv","","source-reported"
"LB-LOC-53467","34.08149825","36.10996825","national-manifest","C:\xampp\htdocs\projectx\watanybot\packages\lebanese-administrative-authority\authority\sources\arabic\national-village-manifest-clean.csv","","source-reported"
"LB-LOC-53429","33.95892496","36.01441757","national-manifest","C:\xampp\htdocs\projectx\watanybot\packages\lebanese-administrative-authority\authority\sources\arabic\national-village-manifest-clean.csv","","source-reported"
"LB-LOC-53366","34.1091215","36.05364711","national-manifest","C:\xampp\htdocs\projectx\watanybot\packages\lebanese-administrative-authority\authority\sources\arabic\national-village-manifest-clean.csv","","source-reported"
"LB-LOC-53311","34.11995846","36.13130665","national-manifest","C:\xampp\htdocs\projectx\watanybot\packages\lebanese-administrative-authority\authority\sources\arabic\national-village-manifest-clean.csv","","source-reported"
"LB-LOC-53244","34.3532709","36.39506045","national-manifest","C:\xampp\htdocs\projectx\watanybot\packages\lebanese-administrative-authority\authority\sources\arabic\national-village-manifest-clean.csv","","source-reported"
"LB-LOC-53119","33.98923209","36.17016081","national-manifest","C:\xampp\htdocs\projectx\watanybot\packages\lebanese-administrative-authority\authority\sources\arabic\national-village-manifest-clean.csv","","source-reported"
"LB-LOC-53214","34.25016436","36.36706775","national-manifest","C:\xampp\htdocs\projectx\watanybot\packages\lebanese-administrative-authority\authority\sources\arabic\national-village-manifest-clean.csv","","source-reported"
"LB-LOC-53183","34.00589663","36.01095522","national-manifest","C:\xampp\htdocs\projectx\watanybot\packages\lebanese-administrative-authority\authority\sources\arabic\national-village-manifest-clean.csv","","source-reported"
"LB-LOC-53247","34.2607895","36.22947537","national-manifest","C:\xampp\htdocs\projectx\watanybot\packages\lebanese-administrative-authority\authority\sources\arabic\national-village-manifest-clean.csv","","source-reported"
"LB-LOC-53463","33.86529344","36.21128676","national-manifest","C:\xampp\htdocs\projectx\watanybot\packages\lebanese-administrative-authority\authority\sources\arabic\national-village-manifest-clean.csv","","source-reported"
"LB-LOC-53159","34.03663895","36.11970801","national-manifest","C:\xampp\htdocs\projectx\watanybot\packages\lebanese-administrative-authority\authority\sources\arabic\national-village-manifest-clean.csv","","source-reported"
"LB-LOC-53431","33.9339398","36.06209359","national-manifest","C:\xampp\htdocs\projectx\watanybot\packages\lebanese-administrative-authority\authority\sources\arabic\national-village-manifest-clean.csv","","source-reported"
"LB-LOC-53419","33.91076966","36.03743273","national-manifest","C:\xampp\htdocs\projectx\watanybot\packages\lebanese-administrative-authority\authority\sources\arabic\national-village-manifest-clean.csv","","source-reported"
"LB-LOC-53433","33.93327285","36.08626186","national-manifest","C:\xampp\htdocs\projectx\watanybot\packages\lebanese-administrative-authority\authority\sources\arabic\national-village-manifest-clean.csv","","source-reported"
"LB-LOC-53135","34.0244525","36.13551512","national-manifest","C:\xampp\htdocs\projectx\watanybot\packages\lebanese-administrative-authority\authority\sources\arabic\national-village-manifest-clean.csv","","source-reported"
"LB-LOC-53151","34.00988702","36.11658901","national-manifest","C:\xampp\htdocs\projectx\watanybot\packages\lebanese-administrative-authority\authority\sources\arabic\national-village-manifest-clean.csv","","source-reported"
"LB-LOC-53451","33.90969524","36.16301672","national-manifest","C:\xampp\htdocs\projectx\watanybot\packages\lebanese-administrative-authority\authority\sources\arabic\national-village-manifest-clean.csv","","source-reported"
"LB-LOC-53264","34.21230335","36.26612568","national-manifest","C:\xampp\htdocs\projectx\watanybot\packages\lebanese-administrative-authority\authority\sources\arabic\national-village-manifest-clean.csv","","source-reported"
"LB-LOC-53441","33.9689175","36.09508413","national-manifest","C:\xampp\htdocs\projectx\watanybot\packages\lebanese-administrative-authority\authority\sources\arabic\national-village-manifest-clean.csv","","source-reported"
"LB-LOC-53123","34.05661509","36.15714976","national-manifest","C:\xampp\htdocs\projectx\watanybot\packages\lebanese-administrative-authority\authority\sources\arabic\national-village-manifest-clean.csv","","source-reported"
"LB-LOC-53171","34.02267796","36.02138445","national-manifest","C:\xampp\htdocs\projectx\watanybot\packages\lebanese-administrative-authority\authority\sources\arabic\national-village-manifest-clean.csv","","source-reported"
"LB-LOC-53447","33.83722266","36.09737448","national-manifest","C:\xampp\htdocs\projectx\watanybot\packages\lebanese-administrative-authority\authority\sources\arabic\national-village-manifest-clean.csv","","source-reported"
"LB-LOC-53427","33.93932723","36.03857246","national-manifest","C:\xampp\htdocs\projectx\watanybot\packages\lebanese-administrative-authority\authority\sources\arabic\national-village-manifest-clean.csv","","source-reported"
"LB-LOC-53179","34.02067728","36.05140983","national-manifest","C:\xampp\htdocs\projectx\watanybot\packages\lebanese-administrative-authority\authority\sources\arabic\national-village-manifest-clean.csv","","source-reported"
"LB-LOC-54175","34.23731007","36.28872207","national-manifest","C:\xampp\htdocs\projectx\watanybot\packages\lebanese-administrative-authority\authority\sources\arabic\national-village-manifest-clean.csv","","source-reported"
"LB-LOC-53443","33.90822214","36.12021304","national-manifest","C:\xampp\htdocs\projectx\watanybot\packages\lebanese-administrative-authority\authority\sources\arabic\national-village-manifest-clean.csv","","source-reported"
"LB-LOC-53455","33.87645226","36.16658683","national-manifest","C:\xampp\htdocs\projectx\watanybot\packages\lebanese-administrative-authority\authority\sources\arabic\national-village-manifest-clean.csv","","source-reported"
"LB-LOC-53322","34.12309887","36.18132516","national-manifest","C:\xampp\htdocs\projectx\watanybot\packages\lebanese-administrative-authority\authority\sources\arabic\national-village-manifest-clean.csv","","source-reported"
"LB-LOC-53234","34.19223997","36.34823387","national-manifest","C:\xampp\htdocs\projectx\watanybot\packages\lebanese-administrative-authority\authority\sources\arabic\national-village-manifest-clean.csv","","source-reported"
"LB-LOC-53461","33.84926151","36.19283709","national-manifest","C:\xampp\htdocs\projectx\watanybot\packages\lebanese-administrative-authority\authority\sources\arabic\national-village-manifest-clean.csv","","source-reported"
"LB-LOC-53147","33.99195023","36.11762781","national-manifest","C:\xampp\htdocs\projectx\watanybot\packages\lebanese-administrative-authority\authority\sources\arabic\national-village-manifest-clean.csv","","source-reported"
"LB-LOC-53155","34.07715217","36.20131272","national-manifest","C:\xampp\htdocs\projectx\watanybot\packages\lebanese-administrative-authority\authority\sources\arabic\national-village-manifest-clean.csv","","source-reported"
"LB-LOC-53457","34.05985733","35.98932628","national-manifest","C:\xampp\htdocs\projectx\watanybot\packages\lebanese-administrative-authority\authority\sources\arabic\national-village-manifest-clean.csv","","source-reported"
"LB-LOC-53251","34.15927612","36.33245241","national-manifest","C:\xampp\htdocs\projectx\watanybot\packages\lebanese-administrative-authority\authority\sources\arabic\national-village-manifest-clean.csv","","source-reported"
"LB-LOC-53421","33.91236008","36.05393376","national-manifest","C:\xampp\htdocs\projectx\watanybot\packages\lebanese-administrative-authority\authority\sources\arabic\national-village-manifest-clean.csv","","source-reported"
"LB-LOC-53271","34.22035977","36.14166246","national-manifest","C:\xampp\htdocs\projectx\watanybot\packages\lebanese-administrative-authority\authority\sources\arabic\national-village-manifest-clean.csv","","source-reported"
"LB-LOC-53471","33.93470553","36.23411742","national-manifest","C:\xampp\htdocs\projectx\watanybot\packages\lebanese-administrative-authority\authority\sources\arabic\national-village-manifest-clean.csv","","source-reported"
"LB-LOC-53445","33.89033426","36.11741514","national-manifest","C:\xampp\htdocs\projectx\watanybot\packages\lebanese-administrative-authority\authority\sources\arabic\national-village-manifest-clean.csv","","source-reported"
"LB-LOC-53224","34.21535147","36.3604347","national-manifest","C:\xampp\htdocs\projectx\watanybot\packages\lebanese-administrative-authority\authority\sources\arabic\national-village-manifest-clean.csv","","source-reported"
"LB-LOC-53143","34.05600287","36.34726224","national-manifest","C:\xampp\htdocs\projectx\watanybot\packages\lebanese-administrative-authority\authority\sources\arabic\national-village-manifest-clean.csv","","source-reported"
"LB-LOC-54183","34.24581411","36.24440451","national-manifest","C:\xampp\htdocs\projectx\watanybot\packages\lebanese-administrative-authority\authority\sources\arabic\national-village-manifest-clean.csv","","source-reported"
"LB-LOC-53241","34.33486368","36.45791599","national-manifest","C:\xampp\htdocs\projectx\watanybot\packages\lebanese-administrative-authority\authority\sources\arabic\national-village-manifest-clean.csv","","source-reported"
"LB-LOC-53257","34.3394112","36.51351308","national-manifest","C:\xampp\htdocs\projectx\watanybot\packages\lebanese-administrative-authority\authority\sources\arabic\national-village-manifest-clean.csv","","source-reported"
"LB-LOC-53267","34.38682098","36.51244986","national-manifest","C:\xampp\htdocs\projectx\watanybot\packages\lebanese-administrative-authority\authority\sources\arabic\national-village-manifest-clean.csv","","source-reported"
"LB-LOC-53254","34.38609759","36.45880094","national-manifest","C:\xampp\htdocs\projectx\watanybot\packages\lebanese-administrative-authority\authority\sources\arabic\national-village-manifest-clean.csv","","source-reported"
"LB-LOC-53277","34.16582549","36.20951401","national-manifest","C:\xampp\htdocs\projectx\watanybot\packages\lebanese-administrative-authority\authority\sources\arabic\national-village-manifest-clean.csv","","source-reported"
"LB-LOC-53413","33.90655847","35.99521716","national-manifest","C:\xampp\htdocs\projectx\watanybot\packages\lebanese-administrative-authority\authority\sources\arabic\national-village-manifest-clean.csv","","source-reported"
"LB-LOC-53281","34.17544673","36.17591599","national-manifest","C:\xampp\htdocs\projectx\watanybot\packages\lebanese-administrative-authority\authority\sources\arabic\national-village-manifest-clean.csv","","source-reported"
"LB-LOC-53227","34.2584902","36.49085496","national-manifest","C:\xampp\htdocs\projectx\watanybot\packages\lebanese-administrative-authority\authority\sources\arabic\national-village-manifest-clean.csv","","source-reported"
"LB-LOC-53211","34.29537446","36.41604014","national-manifest","C:\xampp\htdocs\projectx\watanybot\packages\lebanese-administrative-authority\authority\sources\arabic\national-village-manifest-clean.csv","","source-reported"
"LB-LOC-53355","34.13494946","36.22035049","national-manifest","C:\xampp\htdocs\projectx\watanybot\packages\lebanese-administrative-authority\authority\sources\arabic\national-village-manifest-clean.csv","","source-reported"
"LB-LOC-53167","34.02493673","36.07601114","national-manifest","C:\xampp\htdocs\projectx\watanybot\packages\lebanese-administrative-authority\authority\sources\arabic\national-village-manifest-clean.csv","","source-reported"
"LB-LOC-53261","34.22341866","36.28711619","national-manifest","C:\xampp\htdocs\projectx\watanybot\packages\lebanese-administrative-authority\authority\sources\arabic\national-village-manifest-clean.csv","","source-reported"
"LB-LOC-53437","33.89000391","36.06714548","national-manifest","C:\xampp\htdocs\projectx\watanybot\packages\lebanese-administrative-authority\authority\sources\arabic\national-village-manifest-clean.csv","","source-reported"
"LB-LOC-53423","33.97271283","35.91916773","national-manifest","C:\xampp\htdocs\projectx\watanybot\packages\lebanese-administrative-authority\authority\sources\arabic\national-village-manifest-clean.csv","","source-reported"
"LB-LOC-53139","33.9630524","36.13765317","national-manifest","C:\xampp\htdocs\projectx\watanybot\packages\lebanese-administrative-authority\authority\sources\arabic\national-village-manifest-clean.csv","","source-reported"
"LB-LOC-53439","33.94230214","36.09460031","national-manifest","C:\xampp\htdocs\projectx\watanybot\packages\lebanese-administrative-authority\authority\sources\arabic\national-village-manifest-clean.csv","","source-reported"
"LB-LOC-53435","33.98920882","35.98362493","national-manifest","C:\xampp\htdocs\projectx\watanybot\packages\lebanese-administrative-authority\authority\sources\arabic\national-village-manifest-clean.csv","","source-reported"
"LB-LOC-53415","33.91106634","35.97128357","national-manifest","C:\xampp\htdocs\projectx\watanybot\packages\lebanese-administrative-authority\authority\sources\arabic\national-village-manifest-clean.csv","","source-reported"
"LB-LOC-53425","33.87607401","36.00387435","national-manifest","C:\xampp\htdocs\projectx\watanybot\packages\lebanese-administrative-authority\authority\sources\arabic\national-village-manifest-clean.csv","","source-reported"
"LB-LOC-53475","33.8582872","36.35905533","national-manifest","C:\xampp\htdocs\projectx\watanybot\packages\lebanese-administrative-authority\authority\sources\arabic\national-village-manifest-clean.csv","","source-reported"
"LB-LOC-53449","33.85397239","36.13091195","national-manifest","C:\xampp\htdocs\projectx\watanybot\packages\lebanese-administrative-authority\authority\sources\arabic\national-village-manifest-clean.csv","","source-reported"
"LB-LOC-53388","34.12890059","36.04496027","national-manifest","C:\xampp\htdocs\projectx\watanybot\packages\lebanese-administrative-authority\authority\sources\arabic\national-village-manifest-clean.csv","","source-reported"
"LB-LOC-53284","34.10841514","36.28235965","national-manifest","C:\xampp\htdocs\projectx\watanybot\packages\lebanese-administrative-authority\authority\sources\arabic\national-village-manifest-clean.csv","","source-reported"
"LB-LOC-53237","34.23762429","36.31915295","national-manifest","C:\xampp\htdocs\projectx\watanybot\packages\lebanese-administrative-authority\authority\sources\arabic\national-village-manifest-clean.csv","","source-reported"
"LB-LOC-54127","34.45837539","36.32005843","national-manifest","C:\xampp\htdocs\projectx\watanybot\packages\lebanese-administrative-authority\authority\sources\arabic\national-village-manifest-clean.csv","","source-reported"
"LB-LOC-54111","34.4162615","36.41553835","national-manifest","C:\xampp\htdocs\projectx\watanybot\packages\lebanese-administrative-authority\authority\sources\arabic\national-village-manifest-clean.csv","","source-reported"
"LB-LOC-54159","34.34392032","36.22370122","national-manifest","C:\xampp\htdocs\projectx\watanybot\packages\lebanese-administrative-authority\authority\sources\arabic\national-village-manifest-clean.csv","","source-reported"
"LB-LOC-54167","34.27216622","36.28847107","national-manifest","C:\xampp\htdocs\projectx\watanybot\packages\lebanese-administrative-authority\authority\sources\arabic\national-village-manifest-clean.csv","","source-reported"
"LB-LOC-54114","34.41255486","36.19973875","national-manifest","C:\xampp\htdocs\projectx\watanybot\packages\lebanese-administrative-authority\authority\sources\arabic\national-village-manifest-clean.csv","","source-reported"
"LB-LOC-54151","34.28019456","36.25228688","national-manifest","C:\xampp\htdocs\projectx\watanybot\packages\lebanese-administrative-authority\authority\sources\arabic\national-village-manifest-clean.csv","","source-reported"
"LB-LOC-54135","34.3097844","36.26480458","national-manifest","C:\xampp\htdocs\projectx\watanybot\packages\lebanese-administrative-authority\authority\sources\arabic\national-village-manifest-clean.csv","","source-reported"
"LB-LOC-54143","34.29938022","36.34744617","national-manifest","C:\xampp\htdocs\projectx\watanybot\packages\lebanese-administrative-authority\authority\sources\arabic\national-village-manifest-clean.csv","","source-reported"
"LB-LOC-54119","34.38611536","36.31204195","national-manifest","C:\xampp\htdocs\projectx\watanybot\packages\lebanese-administrative-authority\authority\sources\arabic\national-village-manifest-clean.csv","","source-reported"
"LB-LOC-10650","33.88426562","35.52113167","national-manifest","C:\xampp\htdocs\projectx\watanybot\packages\lebanese-administrative-authority\authority\sources\arabic\national-village-manifest-clean.csv","","source-reported"
"LB-LOC-10110","33.89916066","35.47483536","national-manifest","C:\xampp\htdocs\projectx\watanybot\packages\lebanese-administrative-authority\authority\sources\arabic\national-village-manifest-clean.csv","","source-reported"
"LB-LOC-10350","33.89031715","35.50391804","national-manifest","C:\xampp\htdocs\projectx\watanybot\packages\lebanese-administrative-authority\authority\sources\arabic\national-village-manifest-clean.csv","","source-reported"
"LB-LOC-10999","33.90799262","35.52191979","national-manifest","C:\xampp\htdocs\projectx\watanybot\packages\lebanese-administrative-authority\authority\sources\arabic\national-village-manifest-clean.csv","","source-reported"
"LB-LOC-10450","33.89950518","35.51162009","national-manifest","C:\xampp\htdocs\projectx\watanybot\packages\lebanese-administrative-authority\authority\sources\arabic\national-village-manifest-clean.csv","","source-reported"
"LB-LOC-10310","33.87444831","35.50674399","national-manifest","C:\xampp\htdocs\projectx\watanybot\packages\lebanese-administrative-authority\authority\sources\arabic\national-village-manifest-clean.csv","","source-reported"
"LB-LOC-10610","33.90192198","35.53029396","national-manifest","C:\xampp\htdocs\projectx\watanybot\packages\lebanese-administrative-authority\authority\sources\arabic\national-village-manifest-clean.csv","","source-reported"
"LB-LOC-10250","33.90042644","35.49633758","national-manifest","C:\xampp\htdocs\projectx\watanybot\packages\lebanese-administrative-authority\authority\sources\arabic\national-village-manifest-clean.csv","","source-reported"
"LB-LOC-10210","33.88159006","35.48821684","national-manifest","C:\xampp\htdocs\projectx\watanybot\packages\lebanese-administrative-authority\authority\sources\arabic\national-village-manifest-clean.csv","","source-reported"
"LB-LOC-10150","33.89083207","35.47784863","national-manifest","C:\xampp\htdocs\projectx\watanybot\packages\lebanese-administrative-authority\authority\sources\arabic\national-village-manifest-clean.csv","","source-reported"
"LB-LOC-10550","33.89447514","35.52357541","national-manifest","C:\xampp\htdocs\projectx\watanybot\packages\lebanese-administrative-authority\authority\sources\arabic\national-village-manifest-clean.csv","","source-reported"
"LB-LOC-10510","33.89261907","35.50898343","national-manifest","C:\xampp\htdocs\projectx\watanybot\packages\lebanese-administrative-authority\authority\sources\arabic\national-village-manifest-clean.csv","","source-reported"
"LB-LOC-10410","33.8931518","35.49902581","national-manifest","C:\xampp\htdocs\projectx\watanybot\packages\lebanese-administrative-authority\authority\sources\arabic\national-village-manifest-clean.csv","","source-reported"
"LB-LOC-55167","33.57715063","35.88320812","national-manifest","C:\xampp\htdocs\projectx\watanybot\packages\lebanese-administrative-authority\authority\sources\arabic\national-village-manifest-clean.csv","","source-reported"
"LB-LOC-55171","33.43926878","35.78028383","national-manifest","C:\xampp\htdocs\projectx\watanybot\packages\lebanese-administrative-authority\authority\sources\arabic\national-village-manifest-clean.csv","","source-reported"
"LB-LOC-55147","33.4615293","35.77972149","national-manifest","C:\xampp\htdocs\projectx\watanybot\packages\lebanese-administrative-authority\authority\sources\arabic\national-village-manifest-clean.csv","","source-reported"
"LB-LOC-55114","33.51184065","35.80893426","national-manifest","C:\xampp\htdocs\projectx\watanybot\packages\lebanese-administrative-authority\authority\sources\arabic\national-village-manifest-clean.csv","","source-reported"
"LB-LOC-55117","33.48438379","35.90597013","national-manifest","C:\xampp\htdocs\projectx\watanybot\packages\lebanese-administrative-authority\authority\sources\arabic\national-village-manifest-clean.csv","","source-reported"
"LB-LOC-55194","33.65039064","35.92116813","national-manifest","C:\xampp\htdocs\projectx\watanybot\packages\lebanese-administrative-authority\authority\sources\arabic\national-village-manifest-clean.csv","","source-reported"
"LB-LOC-55177","33.6007692","35.92597942","national-manifest","C:\xampp\htdocs\projectx\watanybot\packages\lebanese-administrative-authority\authority\sources\arabic\national-village-manifest-clean.csv","","source-reported"
"LB-LOC-55121","33.48865614","35.81785938","national-manifest","C:\xampp\htdocs\projectx\watanybot\packages\lebanese-administrative-authority\authority\sources\arabic\national-village-manifest-clean.csv","","source-reported"
"LB-LOC-55127","33.48578653","35.79068983","national-manifest","C:\xampp\htdocs\projectx\watanybot\packages\lebanese-administrative-authority\authority\sources\arabic\national-village-manifest-clean.csv","","source-reported"
"LB-LOC-55164","33.6024033","35.83931131","national-manifest","C:\xampp\htdocs\projectx\watanybot\packages\lebanese-administrative-authority\authority\sources\arabic\national-village-manifest-clean.csv","","source-reported"
"LB-LOC-55124","33.53702153","35.8420335","national-manifest","C:\xampp\htdocs\projectx\watanybot\packages\lebanese-administrative-authority\authority\sources\arabic\national-village-manifest-clean.csv","","source-reported"
"LB-LOC-55187","33.55839108","36.00644631","national-manifest","C:\xampp\htdocs\projectx\watanybot\packages\lebanese-administrative-authority\authority\sources\arabic\national-village-manifest-clean.csv","","source-reported"
"LB-LOC-55161","33.47649019","35.76364046","national-manifest","C:\xampp\htdocs\projectx\watanybot\packages\lebanese-administrative-authority\authority\sources\arabic\national-village-manifest-clean.csv","","source-reported"
"LB-LOC-55197","33.61173541","36.00265289","national-manifest","C:\xampp\htdocs\projectx\watanybot\packages\lebanese-administrative-authority\authority\sources\arabic\national-village-manifest-clean.csv","","source-reported"
"LB-LOC-55144","33.53645513","35.77764059","national-manifest","C:\xampp\htdocs\projectx\watanybot\packages\lebanese-administrative-authority\authority\sources\arabic\national-village-manifest-clean.csv","","source-reported"
"LB-LOC-55137","33.55348338","35.85509493","national-manifest","C:\xampp\htdocs\projectx\watanybot\packages\lebanese-administrative-authority\authority\sources\arabic\national-village-manifest-clean.csv","","source-reported"
"LB-LOC-55154","33.50952517","35.76943452","national-manifest","C:\xampp\htdocs\projectx\watanybot\packages\lebanese-administrative-authority\authority\sources\arabic\national-village-manifest-clean.csv","","source-reported"
"LB-LOC-55134","33.54815111","35.92118025","national-manifest","C:\xampp\htdocs\projectx\watanybot\packages\lebanese-administrative-authority\authority\sources\arabic\national-village-manifest-clean.csv","","source-reported"
"LB-LOC-55151","33.57823286","35.84824708","national-manifest","C:\xampp\htdocs\projectx\watanybot\packages\lebanese-administrative-authority\authority\sources\arabic\national-village-manifest-clean.csv","","source-reported"
"LB-LOC-55174","33.53990692","35.73001881","national-manifest","C:\xampp\htdocs\projectx\watanybot\packages\lebanese-administrative-authority\authority\sources\arabic\national-village-manifest-clean.csv","","source-reported"
"LB-LOC-55181","33.60670648","35.87838432","national-manifest","C:\xampp\htdocs\projectx\watanybot\packages\lebanese-administrative-authority\authority\sources\arabic\national-village-manifest-clean.csv","","source-reported"
"LB-LOC-55141","33.56198466","35.79180167","national-manifest","C:\xampp\htdocs\projectx\watanybot\packages\lebanese-administrative-authority\authority\sources\arabic\national-village-manifest-clean.csv","","source-reported"
"LB-LOC-55199","33.49673295","35.74211127","national-manifest","C:\xampp\htdocs\projectx\watanybot\packages\lebanese-administrative-authority\authority\sources\arabic\national-village-manifest-clean.csv","","source-reported"
"LB-LOC-55111","33.48063185","35.84794667","national-manifest","C:\xampp\htdocs\projectx\watanybot\packages\lebanese-administrative-authority\authority\sources\arabic\national-village-manifest-clean.csv","","source-reported"
"LB-LOC-55157","33.5763089","35.80374957","national-manifest","C:\xampp\htdocs\projectx\watanybot\packages\lebanese-administrative-authority\authority\sources\arabic\national-village-manifest-clean.csv","","source-reported"
"LB-LOC-55191","33.58314677","35.98628736","national-manifest","C:\xampp\htdocs\projectx\watanybot\packages\lebanese-administrative-authority\authority\sources\arabic\national-village-manifest-clean.csv","","source-reported"
"LB-LOC-55131","33.47024865","35.80193136","national-manifest","C:\xampp\htdocs\projectx\watanybot\packages\lebanese-administrative-authority\authority\sources\arabic\national-village-manifest-clean.csv","","source-reported"
"LB-LOC-55184","33.60201688","35.96260621","national-manifest","C:\xampp\htdocs\projectx\watanybot\packages\lebanese-administrative-authority\authority\sources\arabic\national-village-manifest-clean.csv","","source-reported"
"LB-LOC-52116","33.49278219","35.63550787","national-manifest","C:\xampp\htdocs\projectx\watanybot\packages\lebanese-administrative-authority\authority\sources\arabic\national-village-manifest-clean.csv","","source-reported"
"LB-LOC-52146","33.62745411","35.70044567","national-manifest","C:\xampp\htdocs\projectx\watanybot\packages\lebanese-administrative-authority\authority\sources\arabic\national-village-manifest-clean.csv","","source-reported"
"LB-LOC-52176","33.72442107","35.78903153","national-manifest","C:\xampp\htdocs\projectx\watanybot\packages\lebanese-administrative-authority\authority\sources\arabic\national-village-manifest-clean.csv","","source-reported"
"LB-LOC-52161","33.68133641","35.76800481","national-manifest","C:\xampp\htdocs\projectx\watanybot\packages\lebanese-administrative-authority\authority\sources\arabic\national-village-manifest-clean.csv","","source-reported"
"LB-LOC-52121","33.56213806","35.66847457","national-manifest","C:\xampp\htdocs\projectx\watanybot\packages\lebanese-administrative-authority\authority\sources\arabic\national-village-manifest-clean.csv","","source-reported"
"LB-LOC-52224","33.58879302","35.75180732","national-manifest","C:\xampp\htdocs\projectx\watanybot\packages\lebanese-administrative-authority\authority\sources\arabic\national-village-manifest-clean.csv","","source-reported"
"LB-LOC-52126","33.58906899","35.67598588","national-manifest","C:\xampp\htdocs\projectx\watanybot\packages\lebanese-administrative-authority\authority\sources\arabic\national-village-manifest-clean.csv","","source-reported"
"LB-LOC-52181","33.71663356","35.8155635","national-manifest","C:\xampp\htdocs\projectx\watanybot\packages\lebanese-administrative-authority\authority\sources\arabic\national-village-manifest-clean.csv","","source-reported"
"LB-LOC-52251","33.69304304","35.87635213","national-manifest","C:\xampp\htdocs\projectx\watanybot\packages\lebanese-administrative-authority\authority\sources\arabic\national-village-manifest-clean.csv","","source-reported"
"LB-LOC-52131","33.59324767","35.70020465","national-manifest","C:\xampp\htdocs\projectx\watanybot\packages\lebanese-administrative-authority\authority\sources\arabic\national-village-manifest-clean.csv","","source-reported"
"LB-LOC-52166","33.70009142","35.77079407","national-manifest","C:\xampp\htdocs\projectx\watanybot\packages\lebanese-administrative-authority\authority\sources\arabic\national-village-manifest-clean.csv","","source-reported"
"LB-LOC-52227","33.67536887","35.83002975","national-manifest","C:\xampp\htdocs\projectx\watanybot\packages\lebanese-administrative-authority\authority\sources\arabic\national-village-manifest-clean.csv","","source-reported"
"LB-LOC-52254","33.71662999","35.86125282","national-manifest","C:\xampp\htdocs\projectx\watanybot\packages\lebanese-administrative-authority\authority\sources\arabic\national-village-manifest-clean.csv","","source-reported"
"LB-LOC-52271","33.7335213","35.87549198","national-manifest","C:\xampp\htdocs\projectx\watanybot\packages\lebanese-administrative-authority\authority\sources\arabic\national-village-manifest-clean.csv","","source-reported"
"LB-LOC-52257","33.72658733","35.84327368","national-manifest","C:\xampp\htdocs\projectx\watanybot\packages\lebanese-administrative-authority\authority\sources\arabic\national-village-manifest-clean.csv","","source-reported"
"LB-LOC-52211","33.63664492","35.79136049","national-manifest","C:\xampp\htdocs\projectx\watanybot\packages\lebanese-administrative-authority\authority\sources\arabic\national-village-manifest-clean.csv","","source-reported"
"LB-LOC-52156","33.65793904","35.73437331","national-manifest","C:\xampp\htdocs\projectx\watanybot\packages\lebanese-administrative-authority\authority\sources\arabic\national-village-manifest-clean.csv","","source-reported"
"LB-LOC-52217","33.62392929","35.8254101","national-manifest","C:\xampp\htdocs\projectx\watanybot\packages\lebanese-administrative-authority\authority\sources\arabic\national-village-manifest-clean.csv","","source-reported"
"LB-LOC-52234","33.68487933","35.84924616","national-manifest","C:\xampp\htdocs\projectx\watanybot\packages\lebanese-administrative-authority\authority\sources\arabic\national-village-manifest-clean.csv","","source-reported"
"LB-LOC-52247","33.71024011","35.83555503","national-manifest","C:\xampp\htdocs\projectx\watanybot\packages\lebanese-administrative-authority\authority\sources\arabic\national-village-manifest-clean.csv","","source-reported"
"LB-LOC-52151","33.63984843","35.71002327","national-manifest","C:\xampp\htdocs\projectx\watanybot\packages\lebanese-administrative-authority\authority\sources\arabic\national-village-manifest-clean.csv","","source-reported"
"LB-LOC-52214","33.61149176","35.75739081","national-manifest","C:\xampp\htdocs\projectx\watanybot\packages\lebanese-administrative-authority\authority\sources\arabic\national-village-manifest-clean.csv","","source-reported"
"LB-LOC-52274","33.47838955","35.71408714","national-manifest","C:\xampp\htdocs\projectx\watanybot\packages\lebanese-administrative-authority\authority\sources\arabic\national-village-manifest-clean.csv","","source-reported"
"LB-LOC-52141","33.45927363","35.65285907","national-manifest","C:\xampp\htdocs\projectx\watanybot\packages\lebanese-administrative-authority\authority\sources\arabic\national-village-manifest-clean.csv","","source-reported"
"LB-LOC-52111","33.52185453","35.65685701","national-manifest","C:\xampp\htdocs\projectx\watanybot\packages\lebanese-administrative-authority\authority\sources\arabic\national-village-manifest-clean.csv","","source-reported"
"LB-LOC-52244","33.65585402","35.89322654","national-manifest","C:\xampp\htdocs\projectx\watanybot\packages\lebanese-administrative-authority\authority\sources\arabic\national-village-manifest-clean.csv","","source-reported"
"LB-LOC-52171","33.68018896","35.80589037","national-manifest","C:\xampp\htdocs\projectx\watanybot\packages\lebanese-administrative-authority\authority\sources\arabic\national-village-manifest-clean.csv","","source-reported"
"LB-LOC-52277","33.75781014","35.86935095","national-manifest","C:\xampp\htdocs\projectx\watanybot\packages\lebanese-administrative-authority\authority\sources\arabic\national-village-manifest-clean.csv","","source-reported"
"LB-LOC-52287","33.45860921","35.62983696","national-manifest","C:\xampp\htdocs\projectx\watanybot\packages\lebanese-administrative-authority\authority\sources\arabic\national-village-manifest-clean.csv","","source-reported"
"LB-LOC-52261","33.73735555","35.84793497","national-manifest","C:\xampp\htdocs\projectx\watanybot\packages\lebanese-administrative-authority\authority\sources\arabic\national-village-manifest-clean.csv","","source-reported"
"LB-LOC-52237","33.56542969","35.73045037","national-manifest","C:\xampp\htdocs\projectx\watanybot\packages\lebanese-administrative-authority\authority\sources\arabic\national-village-manifest-clean.csv","","source-reported"
"LB-LOC-52291","33.43774814","35.6586375","national-manifest","C:\xampp\htdocs\projectx\watanybot\packages\lebanese-administrative-authority\authority\sources\arabic\national-village-manifest-clean.csv","","source-reported"
"LB-LOC-52295","33.7444292","35.89334449","national-manifest","C:\xampp\htdocs\projectx\watanybot\packages\lebanese-administrative-authority\authority\sources\arabic\national-village-manifest-clean.csv","","source-reported"
"LB-LOC-52136","33.61110924","35.69818752","national-manifest","C:\xampp\htdocs\projectx\watanybot\packages\lebanese-administrative-authority\authority\sources\arabic\national-village-manifest-clean.csv","","source-reported"
"LB-LOC-52267","33.50864385","35.69465514","national-manifest","C:\xampp\htdocs\projectx\watanybot\packages\lebanese-administrative-authority\authority\sources\arabic\national-village-manifest-clean.csv","","source-reported"
"LB-LOC-52241","33.67259468","35.86853328","national-manifest","C:\xampp\htdocs\projectx\watanybot\packages\lebanese-administrative-authority\authority\sources\arabic\national-village-manifest-clean.csv","","source-reported"
"LB-LOC-52264","33.68565653","35.91521832","national-manifest","C:\xampp\htdocs\projectx\watanybot\packages\lebanese-administrative-authority\authority\sources\arabic\national-village-manifest-clean.csv","","source-reported"
"LB-LOC-52231","33.65579151","35.85089537","national-manifest","C:\xampp\htdocs\projectx\watanybot\packages\lebanese-administrative-authority\authority\sources\arabic\national-village-manifest-clean.csv","","source-reported"
"LB-LOC-52221","33.65903613","35.77719977","national-manifest","C:\xampp\htdocs\projectx\watanybot\packages\lebanese-administrative-authority\authority\sources\arabic\national-village-manifest-clean.csv","","source-reported"
"LB-LOC-52281","33.48057392","35.67666799","national-manifest","C:\xampp\htdocs\projectx\watanybot\packages\lebanese-administrative-authority\authority\sources\arabic\national-village-manifest-clean.csv","","source-reported"
"LB-LOC-52284","33.45704105","35.67205482","national-manifest","C:\xampp\htdocs\projectx\watanybot\packages\lebanese-administrative-authority\authority\sources\arabic\national-village-manifest-clean.csv","","source-reported"
"LB-LOC-51377","33.78997111","36.01117394","national-manifest","C:\xampp\htdocs\projectx\watanybot\packages\lebanese-administrative-authority\authority\sources\arabic\national-village-manifest-clean.csv","","source-reported"
"LB-LOC-51323","33.86185688","36.03175462","national-manifest","C:\xampp\htdocs\projectx\watanybot\packages\lebanese-administrative-authority\authority\sources\arabic\national-village-manifest-clean.csv","","source-reported"
"LB-LOC-51281","33.74099824","35.93406454","national-manifest","C:\xampp\htdocs\projectx\watanybot\packages\lebanese-administrative-authority\authority\sources\arabic\national-village-manifest-clean.csv","","source-reported"
"LB-LOC-51163","33.86362288","35.97205493","national-manifest","C:\xampp\htdocs\projectx\watanybot\packages\lebanese-administrative-authority\authority\sources\arabic\national-village-manifest-clean.csv","","source-reported"
"LB-LOC-51267","33.78001349","35.93172132","national-manifest","C:\xampp\htdocs\projectx\watanybot\packages\lebanese-administrative-authority\authority\sources\arabic\national-village-manifest-clean.csv","","source-reported"
"LB-LOC-51244","33.81684784","35.81288473","national-manifest","C:\xampp\htdocs\projectx\watanybot\packages\lebanese-administrative-authority\authority\sources\arabic\national-village-manifest-clean.csv","","source-reported"
"LB-LOC-51247","33.77958424","35.86716437","national-manifest","C:\xampp\htdocs\projectx\watanybot\packages\lebanese-administrative-authority\authority\sources\arabic\national-village-manifest-clean.csv","","source-reported"
"LB-LOC-51211","33.81558892","35.85692578","national-manifest","C:\xampp\htdocs\projectx\watanybot\packages\lebanese-administrative-authority\authority\sources\arabic\national-village-manifest-clean.csv","","source-reported"
"LB-LOC-51383","33.8159725","35.95838014","national-manifest","C:\xampp\htdocs\projectx\watanybot\packages\lebanese-administrative-authority\authority\sources\arabic\national-village-manifest-clean.csv","","source-reported"
"LB-LOC-51347","33.82404986","36.04562763","national-manifest","C:\xampp\htdocs\projectx\watanybot\packages\lebanese-administrative-authority\authority\sources\arabic\national-village-manifest-clean.csv","","source-reported"
"LB-LOC-51139","33.86430866","35.94608588","national-manifest","C:\xampp\htdocs\projectx\watanybot\packages\lebanese-administrative-authority\authority\sources\arabic\national-village-manifest-clean.csv","","source-reported"
"LB-LOC-51335","33.85691681","35.98850531","national-manifest","C:\xampp\htdocs\projectx\watanybot\packages\lebanese-administrative-authority\authority\sources\arabic\national-village-manifest-clean.csv","","source-reported"
"LB-LOC-51329","33.87430902","36.02650908","national-manifest","C:\xampp\htdocs\projectx\watanybot\packages\lebanese-administrative-authority\authority\sources\arabic\national-village-manifest-clean.csv","","source-reported"
"LB-LOC-51251","33.7674649","35.82389112","national-manifest","C:\xampp\htdocs\projectx\watanybot\packages\lebanese-administrative-authority\authority\sources\arabic\national-village-manifest-clean.csv","","source-reported"
"LB-LOC-51317","33.84733242","35.99231503","national-manifest","C:\xampp\htdocs\projectx\watanybot\packages\lebanese-administrative-authority\authority\sources\arabic\national-village-manifest-clean.csv","","source-reported"
"LB-LOC-51237","33.77671564","35.86094282","national-manifest","C:\xampp\htdocs\projectx\watanybot\packages\lebanese-administrative-authority\authority\sources\arabic\national-village-manifest-clean.csv","","source-reported"
"LB-LOC-51264","33.7615358","35.81422825","national-manifest","C:\xampp\htdocs\projectx\watanybot\packages\lebanese-administrative-authority\authority\sources\arabic\national-village-manifest-clean.csv","","source-reported"
"LB-LOC-51157","33.875389","35.86691585","national-manifest","C:\xampp\htdocs\projectx\watanybot\packages\lebanese-administrative-authority\authority\sources\arabic\national-village-manifest-clean.csv","","source-reported"
"LB-LOC-51341","33.82903513","36.01408329","national-manifest","C:\xampp\htdocs\projectx\watanybot\packages\lebanese-administrative-authority\authority\sources\arabic\national-village-manifest-clean.csv","","source-reported"
"LB-LOC-51224","33.81335729","35.84616393","national-manifest","C:\xampp\htdocs\projectx\watanybot\packages\lebanese-administrative-authority\authority\sources\arabic\national-village-manifest-clean.csv","","source-reported"
"LB-LOC-51389","33.76472315","35.98284372","national-manifest","C:\xampp\htdocs\projectx\watanybot\packages\lebanese-administrative-authority\authority\sources\arabic\national-village-manifest-clean.csv","","source-reported"
"LB-LOC-51184","33.82626808","35.89201022","national-manifest","C:\xampp\htdocs\projectx\watanybot\packages\lebanese-administrative-authority\authority\sources\arabic\national-village-manifest-clean.csv","","source-reported"
"LB-LOC-51284","33.70979827","35.91398783","national-manifest","C:\xampp\htdocs\projectx\watanybot\packages\lebanese-administrative-authority\authority\sources\arabic\national-village-manifest-clean.csv","","source-reported"
"LB-LOC-51217","33.79943002","35.8429013","national-manifest","C:\xampp\htdocs\projectx\watanybot\packages\lebanese-administrative-authority\authority\sources\arabic\national-village-manifest-clean.csv","","source-reported"
"LB-LOC-51371","33.84419719","36.06681689","national-manifest","C:\xampp\htdocs\projectx\watanybot\packages\lebanese-administrative-authority\authority\sources\arabic\national-village-manifest-clean.csv","","source-reported"
"LB-LOC-51185","33.83624527","35.81743781","national-manifest","C:\xampp\htdocs\projectx\watanybot\packages\lebanese-administrative-authority\authority\sources\arabic\national-village-manifest-clean.csv","","source-reported"
"LB-LOC-51241","33.81099602","35.79845813","national-manifest","C:\xampp\htdocs\projectx\watanybot\packages\lebanese-administrative-authority\authority\sources\arabic\national-village-manifest-clean.csv","","source-reported"
"LB-LOC-51271","33.76743881","35.80612111","national-manifest","C:\xampp\htdocs\projectx\watanybot\packages\lebanese-administrative-authority\authority\sources\arabic\national-village-manifest-clean.csv","","source-reported"
"LB-LOC-51151","33.86944666","35.98729351","national-manifest","C:\xampp\htdocs\projectx\watanybot\packages\lebanese-administrative-authority\authority\sources\arabic\national-village-manifest-clean.csv","","source-reported"
"LB-LOC-51354","33.85730008","36.07752026","national-manifest","C:\xampp\htdocs\projectx\watanybot\packages\lebanese-administrative-authority\authority\sources\arabic\national-village-manifest-clean.csv","","source-reported"
"LB-LOC-51287","33.75317501","35.85008336","national-manifest","C:\xampp\htdocs\projectx\watanybot\packages\lebanese-administrative-authority\authority\sources\arabic\national-village-manifest-clean.csv","","source-reported"
"LB-LOC-51177","33.8953696","35.9642923","national-manifest","C:\xampp\htdocs\projectx\watanybot\packages\lebanese-administrative-authority\authority\sources\arabic\national-village-manifest-clean.csv","","source-reported"
"LB-LOC-51257","33.80105405","35.78566356","national-manifest","C:\xampp\htdocs\projectx\watanybot\packages\lebanese-administrative-authority\authority\sources\arabic\national-village-manifest-clean.csv","","source-reported"
"LB-LOC-51189","33.87279258","35.90879997","national-manifest","C:\xampp\htdocs\projectx\watanybot\packages\lebanese-administrative-authority\authority\sources\arabic\national-village-manifest-clean.csv","","source-reported"
"LB-LOC-51173","33.901626","35.89826886","national-manifest","C:\xampp\htdocs\projectx\watanybot\packages\lebanese-administrative-authority\authority\sources\arabic\national-village-manifest-clean.csv","","source-reported"
"LB-LOC-51234","33.77783607","35.83762321","national-manifest","C:\xampp\htdocs\projectx\watanybot\packages\lebanese-administrative-authority\authority\sources\arabic\national-village-manifest-clean.csv","","source-reported"
"LB-LOC-51353","33.80082853","36.03467765","national-manifest","C:\xampp\htdocs\projectx\watanybot\packages\lebanese-administrative-authority\authority\sources\arabic\national-village-manifest-clean.csv","","source-reported"
"LB-LOC-51359","33.83889626","36.04099099","national-manifest","C:\xampp\htdocs\projectx\watanybot\packages\lebanese-administrative-authority\authority\sources\arabic\national-village-manifest-clean.csv","","source-reported"
"LB-LOC-51311","33.85240828","36.01890248","national-manifest","C:\xampp\htdocs\projectx\watanybot\packages\lebanese-administrative-authority\authority\sources\arabic\national-village-manifest-clean.csv","","source-reported"
"LB-LOC-51231","33.81698434","35.88540492","national-manifest","C:\xampp\htdocs\projectx\watanybot\packages\lebanese-administrative-authority\authority\sources\arabic\national-village-manifest-clean.csv","","source-reported"
"LB-LOC-51221","33.81090657","35.872026","national-manifest","C:\xampp\htdocs\projectx\watanybot\packages\lebanese-administrative-authority\authority\sources\arabic\national-village-manifest-clean.csv","","source-reported"
"LB-LOC-51227","33.78874337","35.8784204","national-manifest","C:\xampp\htdocs\projectx\watanybot\packages\lebanese-administrative-authority\authority\sources\arabic\national-village-manifest-clean.csv","","source-reported"
"LB-LOC-51274","33.75592324","35.80496779","national-manifest","C:\xampp\htdocs\projectx\watanybot\packages\lebanese-administrative-authority\authority\sources\arabic\national-village-manifest-clean.csv","","source-reported"
"LB-LOC-51261","33.75589252","35.82880911","national-manifest","C:\xampp\htdocs\projectx\watanybot\packages\lebanese-administrative-authority\authority\sources\arabic\national-village-manifest-clean.csv","","source-reported"
"LB-LOC-51277","33.7320219","35.82435786","national-manifest","C:\xampp\htdocs\projectx\watanybot\packages\lebanese-administrative-authority\authority\sources\arabic\national-village-manifest-clean.csv","","source-reported"
"LB-LOC-51365","33.81178636","35.99246387","national-manifest","C:\xampp\htdocs\projectx\watanybot\packages\lebanese-administrative-authority\authority\sources\arabic\national-village-manifest-clean.csv","","source-reported"
"LB-LOC-51145","33.85650902","35.8389924","national-manifest","C:\xampp\htdocs\projectx\watanybot\packages\lebanese-administrative-authority\authority\sources\arabic\national-village-manifest-clean.csv","","source-reported"
"LB-LOC-51127","33.8041323","35.92046163","national-manifest","C:\xampp\htdocs\projectx\watanybot\packages\lebanese-administrative-authority\authority\sources\arabic\national-village-manifest-clean.csv","","source-reported"
"LB-LOC-51123","33.84780593","35.89863931","national-manifest","C:\xampp\htdocs\projectx\watanybot\packages\lebanese-administrative-authority\authority\sources\arabic\national-village-manifest-clean.csv","","source-reported"
"LB-LOC-51135","33.84466321","35.89852975","national-manifest","C:\xampp\htdocs\projectx\watanybot\packages\lebanese-administrative-authority\authority\sources\arabic\national-village-manifest-clean.csv","","source-reported"
"LB-LOC-51115","33.84466602","35.90268484","national-manifest","C:\xampp\htdocs\projectx\watanybot\packages\lebanese-administrative-authority\authority\sources\arabic\national-village-manifest-clean.csv","","source-reported"
"LB-LOC-51129","33.84584219","35.894299","national-manifest","C:\xampp\htdocs\projectx\watanybot\packages\lebanese-administrative-authority\authority\sources\arabic\national-village-manifest-clean.csv","","source-reported"
"LB-LOC-51133","33.84529825","35.87485309","national-manifest","C:\xampp\htdocs\projectx\watanybot\packages\lebanese-administrative-authority\authority\sources\arabic\national-village-manifest-clean.csv","","source-reported"
"LB-LOC-51119","33.85159304","35.89812315","national-manifest","C:\xampp\htdocs\projectx\watanybot\packages\lebanese-administrative-authority\authority\sources\arabic\national-village-manifest-clean.csv","","source-reported"
"LB-LOC-51121","33.8436432","35.91585702","national-manifest","C:\xampp\htdocs\projectx\watanybot\packages\lebanese-administrative-authority\authority\sources\arabic\national-village-manifest-clean.csv","","source-reported"
"LB-LOC-51111","33.84729271","35.90417548","national-manifest","C:\xampp\htdocs\projectx\watanybot\packages\lebanese-administrative-authority\authority\sources\arabic\national-village-manifest-clean.csv","","source-reported"
"LB-LOC-51117","33.84963838","35.89699694","national-manifest","C:\xampp\htdocs\projectx\watanybot\packages\lebanese-administrative-authority\authority\sources\arabic\national-village-manifest-clean.csv","","source-reported"
"LB-LOC-51131","33.83270896","35.91304364","national-manifest","C:\xampp\htdocs\projectx\watanybot\packages\lebanese-administrative-authority\authority\sources\arabic\national-village-manifest-clean.csv","","source-reported"
"LB-LOC-51113","33.84380931","35.91021092","national-manifest","C:\xampp\htdocs\projectx\watanybot\packages\lebanese-administrative-authority\authority\sources\arabic\national-village-manifest-clean.csv","","source-reported"
"LB-LOC-51125","33.82860168","35.94092316","national-manifest","C:\xampp\htdocs\projectx\watanybot\packages\lebanese-administrative-authority\authority\sources\arabic\national-village-manifest-clean.csv","","source-reported"
"LB-LOC-51214","33.81247112","35.84024667","national-manifest","C:\xampp\htdocs\projectx\watanybot\packages\lebanese-administrative-authority\authority\sources\arabic\national-village-manifest-clean.csv","","source-reported"
"LB-LOC-72143","33.10865028","35.40363784","national-manifest","C:\xampp\htdocs\projectx\watanybot\packages\lebanese-administrative-authority\authority\sources\arabic\national-village-manifest-clean.csv","","source-reported"
"LB-LOC-72151","33.11185467","35.48264287","national-manifest","C:\xampp\htdocs\projectx\watanybot\packages\lebanese-administrative-authority\authority\sources\arabic\national-village-manifest-clean.csv","","source-reported"
"LB-LOC-72224","33.17439514","35.41005945","national-manifest","C:\xampp\htdocs\projectx\watanybot\packages\lebanese-administrative-authority\authority\sources\arabic\national-village-manifest-clean.csv","","source-reported"
"LB-LOC-72119","33.13014077","35.45000046","national-manifest","C:\xampp\htdocs\projectx\watanybot\packages\lebanese-administrative-authority\authority\sources\arabic\national-village-manifest-clean.csv","","source-reported"
"LB-LOC-72183","33.09393019","35.34153305","national-manifest","C:\xampp\htdocs\projectx\watanybot\packages\lebanese-administrative-authority\authority\sources\arabic\national-village-manifest-clean.csv","","source-reported"
"LB-LOC-72227","33.17869668","35.43873928","national-manifest","C:\xampp\htdocs\projectx\watanybot\packages\lebanese-administrative-authority\authority\sources\arabic\national-village-manifest-clean.csv","","source-reported"
"LB-LOC-72287","33.13287294","35.33559062","national-manifest","C:\xampp\htdocs\projectx\watanybot\packages\lebanese-administrative-authority\authority\sources\arabic\national-village-manifest-clean.csv","","source-reported"
"LB-LOC-72237","33.15799611","35.42255213","national-manifest","C:\xampp\htdocs\projectx\watanybot\packages\lebanese-administrative-authority\authority\sources\arabic\national-village-manifest-clean.csv","","source-reported"
"LB-LOC-72111","33.12075755","35.43842422","national-manifest","C:\xampp\htdocs\projectx\watanybot\packages\lebanese-administrative-authority\authority\sources\arabic\national-village-manifest-clean.csv","","source-reported"
"LB-LOC-72264","33.25967974","35.42365055","national-manifest","C:\xampp\htdocs\projectx\watanybot\packages\lebanese-administrative-authority\authority\sources\arabic\national-village-manifest-clean.csv","","source-reported"
"LB-LOC-72229","33.17633311","35.46863358","national-manifest","C:\xampp\htdocs\projectx\watanybot\packages\lebanese-administrative-authority\authority\sources\arabic\national-village-manifest-clean.csv","","source-reported"
"LB-LOC-72281","33.12217404","35.37745357","national-manifest","C:\xampp\htdocs\projectx\watanybot\packages\lebanese-administrative-authority\authority\sources\arabic\national-village-manifest-clean.csv","","source-reported"
"LB-LOC-72244","33.21785244","35.37728332","national-manifest","C:\xampp\htdocs\projectx\watanybot\packages\lebanese-administrative-authority\authority\sources\arabic\national-village-manifest-clean.csv","","source-reported"
"LB-LOC-72276","33.29735878","35.42946787","national-manifest","C:\xampp\htdocs\projectx\watanybot\packages\lebanese-administrative-authority\authority\sources\arabic\national-village-manifest-clean.csv","","source-reported"
"LB-LOC-72274","33.27745318","35.43709405","national-manifest","C:\xampp\htdocs\projectx\watanybot\packages\lebanese-administrative-authority\authority\sources\arabic\national-village-manifest-clean.csv","","source-reported"
"LB-LOC-72231","33.15629094","35.39220151","national-manifest","C:\xampp\htdocs\projectx\watanybot\packages\lebanese-administrative-authority\authority\sources\arabic\national-village-manifest-clean.csv","","source-reported"
"LB-LOC-72284","33.10344673","35.37469897","national-manifest","C:\xampp\htdocs\projectx\watanybot\packages\lebanese-administrative-authority\authority\sources\arabic\national-village-manifest-clean.csv","","source-reported"
"LB-LOC-72241","33.1773403","35.3810485","national-manifest","C:\xampp\htdocs\projectx\watanybot\packages\lebanese-administrative-authority\authority\sources\arabic\national-village-manifest-clean.csv","","source-reported"
"LB-LOC-72221","33.20873859","35.43813286","national-manifest","C:\xampp\htdocs\projectx\watanybot\packages\lebanese-administrative-authority\authority\sources\arabic\national-village-manifest-clean.csv","","source-reported"
"LB-LOC-72257","33.18018617","35.35453449","national-manifest","C:\xampp\htdocs\projectx\watanybot\packages\lebanese-administrative-authority\authority\sources\arabic\national-village-manifest-clean.csv","","source-reported"
"LB-LOC-72247","33.23194532","35.39938334","national-manifest","C:\xampp\htdocs\projectx\watanybot\packages\lebanese-administrative-authority\authority\sources\arabic\national-village-manifest-clean.csv","","source-reported"
"LB-LOC-72234","33.23234175","35.41988782","national-manifest","C:\xampp\htdocs\projectx\watanybot\packages\lebanese-administrative-authority\authority\sources\arabic\national-village-manifest-clean.csv","","source-reported"
"LB-LOC-72251","33.14941212","35.44990373","national-manifest","C:\xampp\htdocs\projectx\watanybot\packages\lebanese-administrative-authority\authority\sources\arabic\national-village-manifest-clean.csv","","source-reported"
"LB-LOC-72127","33.10438126","35.44976692","national-manifest","C:\xampp\htdocs\projectx\watanybot\packages\lebanese-administrative-authority\authority\sources\arabic\national-village-manifest-clean.csv","","source-reported"
"LB-LOC-72261","33.25093058","35.42036647","national-manifest","C:\xampp\htdocs\projectx\watanybot\packages\lebanese-administrative-authority\authority\sources\arabic\national-village-manifest-clean.csv","","source-reported"
"LB-LOC-72291","33.12110777","35.34475244","national-manifest","C:\xampp\htdocs\projectx\watanybot\packages\lebanese-administrative-authority\authority\sources\arabic\national-village-manifest-clean.csv","","source-reported"
"LB-LOC-72175","33.06194944","35.3658193","national-manifest","C:\xampp\htdocs\projectx\watanybot\packages\lebanese-administrative-authority\authority\sources\arabic\national-village-manifest-clean.csv","","source-reported"
"LB-LOC-72271","33.14392119","35.36185633","national-manifest","C:\xampp\htdocs\projectx\watanybot\packages\lebanese-administrative-authority\authority\sources\arabic\national-village-manifest-clean.csv","","source-reported"
"LB-LOC-72191","33.11332148","35.31545022","national-manifest","C:\xampp\htdocs\projectx\watanybot\packages\lebanese-administrative-authority\authority\sources\arabic\national-village-manifest-clean.csv","","source-reported"
"LB-LOC-72167","33.0746782","35.36978916","national-manifest","C:\xampp\htdocs\projectx\watanybot\packages\lebanese-administrative-authority\authority\sources\arabic\national-village-manifest-clean.csv","","source-reported"
"LB-LOC-72217","33.19613125","35.43336388","national-manifest","C:\xampp\htdocs\projectx\watanybot\packages\lebanese-administrative-authority\authority\sources\arabic\national-village-manifest-clean.csv","","source-reported"
"LB-LOC-72135","33.13184565","35.30736827","national-manifest","C:\xampp\htdocs\projectx\watanybot\packages\lebanese-administrative-authority\authority\sources\arabic\national-village-manifest-clean.csv","","source-reported"
"LB-LOC-72214","33.20570841","35.40290408","national-manifest","C:\xampp\htdocs\projectx\watanybot\packages\lebanese-administrative-authority\authority\sources\arabic\national-village-manifest-clean.csv","","source-reported"
"LB-LOC-72267","33.15369488","35.36093463","national-manifest","C:\xampp\htdocs\projectx\watanybot\packages\lebanese-administrative-authority\authority\sources\arabic\national-village-manifest-clean.csv","","source-reported"
"LB-LOC-72211","33.19157728","35.40607103","national-manifest","C:\xampp\htdocs\projectx\watanybot\packages\lebanese-administrative-authority\authority\sources\arabic\national-village-manifest-clean.csv","","source-reported"
"LB-LOC-72254","33.14360029","35.40145474","national-manifest","C:\xampp\htdocs\projectx\watanybot\packages\lebanese-administrative-authority\authority\sources\arabic\national-village-manifest-clean.csv","","source-reported"
"LB-LOC-72159","33.08387446","35.41679984","national-manifest","C:\xampp\htdocs\projectx\watanybot\packages\lebanese-administrative-authority\authority\sources\arabic\national-village-manifest-clean.csv","","source-reported"
"LB-LOC-72277","33.1476715","35.32461494","national-manifest","C:\xampp\htdocs\projectx\watanybot\packages\lebanese-administrative-authority\authority\sources\arabic\national-village-manifest-clean.csv","","source-reported"
"LB-LOC-71351","33.35713193","35.39248319","national-manifest","C:\xampp\htdocs\projectx\watanybot\packages\lebanese-administrative-authority\authority\sources\arabic\national-village-manifest-clean.csv","","source-reported"
"LB-LOC-71347","33.34635453","35.41642555","national-manifest","C:\xampp\htdocs\projectx\watanybot\packages\lebanese-administrative-authority\authority\sources\arabic\national-village-manifest-clean.csv","","source-reported"
"LB-LOC-71216","33.46951738","35.51936541","national-manifest","C:\xampp\htdocs\projectx\watanybot\packages\lebanese-administrative-authority\authority\sources\arabic\national-village-manifest-clean.csv","","source-reported"
"LB-LOC-71226","33.4676975","35.50040717","national-manifest","C:\xampp\htdocs\projectx\watanybot\packages\lebanese-administrative-authority\authority\sources\arabic\national-village-manifest-clean.csv","","source-reported"
"LB-LOC-71115","33.36516945","35.5176766","national-manifest","C:\xampp\htdocs\projectx\watanybot\packages\lebanese-administrative-authority\authority\sources\arabic\national-village-manifest-clean.csv","","source-reported"
"LB-LOC-71256","33.42360507","35.50380053","national-manifest","C:\xampp\htdocs\projectx\watanybot\packages\lebanese-administrative-authority\authority\sources\arabic\national-village-manifest-clean.csv","","source-reported"
"LB-LOC-71271","33.4520654","35.43521307","national-manifest","C:\xampp\htdocs\projectx\watanybot\packages\lebanese-administrative-authority\authority\sources\arabic\national-village-manifest-clean.csv","","source-reported"
"LB-LOC-71361","33.37895061","35.33968759","national-manifest","C:\xampp\htdocs\projectx\watanybot\packages\lebanese-administrative-authority\authority\sources\arabic\national-village-manifest-clean.csv","","source-reported"
"LB-LOC-71377","33.33380892","35.52708841","national-manifest","C:\xampp\htdocs\projectx\watanybot\packages\lebanese-administrative-authority\authority\sources\arabic\national-village-manifest-clean.csv","","source-reported"
"LB-LOC-71276","33.44174726","35.42380713","national-manifest","C:\xampp\htdocs\projectx\watanybot\packages\lebanese-administrative-authority\authority\sources\arabic\national-village-manifest-clean.csv","","source-reported"
"LB-LOC-71387","33.34082474","35.37751111","national-manifest","C:\xampp\htdocs\projectx\watanybot\packages\lebanese-administrative-authority\authority\sources\arabic\national-village-manifest-clean.csv","","source-reported"
"LB-LOC-71321","33.40823079","35.42508874","national-manifest","C:\xampp\htdocs\projectx\watanybot\packages\lebanese-administrative-authority\authority\sources\arabic\national-village-manifest-clean.csv","","source-reported"
"LB-LOC-71144","33.35100815","35.45819986","national-manifest","C:\xampp\htdocs\projectx\watanybot\packages\lebanese-administrative-authority\authority\sources\arabic\national-village-manifest-clean.csv","","source-reported"
"LB-LOC-71311","33.42813976","35.44780283","national-manifest","C:\xampp\htdocs\projectx\watanybot\packages\lebanese-administrative-authority\authority\sources\arabic\national-village-manifest-clean.csv","","source-reported"
"LB-LOC-71334","33.38299728","35.41426841","national-manifest","C:\xampp\htdocs\projectx\watanybot\packages\lebanese-administrative-authority\authority\sources\arabic\national-village-manifest-clean.csv","","source-reported"
"LB-LOC-71155","33.4068379","35.48646515","national-manifest","C:\xampp\htdocs\projectx\watanybot\packages\lebanese-administrative-authority\authority\sources\arabic\national-village-manifest-clean.csv","","source-reported"
"LB-LOC-71371","33.32563706","35.49380944","national-manifest","C:\xampp\htdocs\projectx\watanybot\packages\lebanese-administrative-authority\authority\sources\arabic\national-village-manifest-clean.csv","","source-reported"
"LB-LOC-71331","33.36914739","35.44464353","national-manifest","C:\xampp\htdocs\projectx\watanybot\packages\lebanese-administrative-authority\authority\sources\arabic\national-village-manifest-clean.csv","","source-reported"
"LB-LOC-71251","33.44617043","35.4673848","national-manifest","C:\xampp\htdocs\projectx\watanybot\packages\lebanese-administrative-authority\authority\sources\arabic\national-village-manifest-clean.csv","","source-reported"
"LB-LOC-71246","33.44123037","35.49038912","national-manifest","C:\xampp\htdocs\projectx\watanybot\packages\lebanese-administrative-authority\authority\sources\arabic\national-village-manifest-clean.csv","","source-reported"
"LB-LOC-71266","33.47874468","35.43601072","national-manifest","C:\xampp\htdocs\projectx\watanybot\packages\lebanese-administrative-authority\authority\sources\arabic\national-village-manifest-clean.csv","","source-reported"
"LB-LOC-71231","33.44907692","35.52520147","national-manifest","C:\xampp\htdocs\projectx\watanybot\packages\lebanese-administrative-authority\authority\sources\arabic\national-village-manifest-clean.csv","","source-reported"
"LB-LOC-71211","33.48879983","35.52275496","national-manifest","C:\xampp\htdocs\projectx\watanybot\packages\lebanese-administrative-authority\authority\sources\arabic\national-village-manifest-clean.csv","","source-reported"
"LB-LOC-71337","33.36138589","35.42805324","national-manifest","C:\xampp\htdocs\projectx\watanybot\packages\lebanese-administrative-authority\authority\sources\arabic\national-village-manifest-clean.csv","","source-reported"
"LB-LOC-71354","33.34347175","35.43986854","national-manifest","C:\xampp\htdocs\projectx\watanybot\packages\lebanese-administrative-authority\authority\sources\arabic\national-village-manifest-clean.csv","","source-reported"
"LB-LOC-71133","33.39841848","35.51796377","national-manifest","C:\xampp\htdocs\projectx\watanybot\packages\lebanese-administrative-authority\authority\sources\arabic\national-village-manifest-clean.csv","","source-reported"
"LB-LOC-71391","33.31613862","35.39678815","national-manifest","C:\xampp\htdocs\projectx\watanybot\packages\lebanese-administrative-authority\authority\sources\arabic\national-village-manifest-clean.csv","","source-reported"
"LB-LOC-71166","33.35094617","35.51920784","national-manifest","C:\xampp\htdocs\projectx\watanybot\packages\lebanese-administrative-authority\authority\sources\arabic\national-village-manifest-clean.csv","","source-reported"
"LB-LOC-71221","33.48113","35.49763654","national-manifest","C:\xampp\htdocs\projectx\watanybot\packages\lebanese-administrative-authority\authority\sources\arabic\national-village-manifest-clean.csv","","source-reported"
"LB-LOC-71177","33.40426179","35.45161563","national-manifest","C:\xampp\htdocs\projectx\watanybot\packages\lebanese-administrative-authority\authority\sources\arabic\national-village-manifest-clean.csv","","source-reported"
"LB-LOC-71344","33.34467741","35.47487465","national-manifest","C:\xampp\htdocs\projectx\watanybot\packages\lebanese-administrative-authority\authority\sources\arabic\national-village-manifest-clean.csv","","source-reported"
"LB-LOC-71386","33.391866","35.38100244","national-manifest","C:\xampp\htdocs\projectx\watanybot\packages\lebanese-administrative-authority\authority\sources\arabic\national-village-manifest-clean.csv","","source-reported"
"LB-LOC-71341","33.38565593","35.39112498","national-manifest","C:\xampp\htdocs\projectx\watanybot\packages\lebanese-administrative-authority\authority\sources\arabic\national-village-manifest-clean.csv","","source-reported"
"LB-LOC-71357","33.37005319","35.3798966","national-manifest","C:\xampp\htdocs\projectx\watanybot\packages\lebanese-administrative-authority\authority\sources\arabic\national-village-manifest-clean.csv","","source-reported"
"LB-LOC-71314","33.4275361","35.48088171","national-manifest","C:\xampp\htdocs\projectx\watanybot\packages\lebanese-administrative-authority\authority\sources\arabic\national-village-manifest-clean.csv","","source-reported"
"LB-LOC-71117","33.39477931","35.47470916","national-manifest","C:\xampp\htdocs\projectx\watanybot\packages\lebanese-administrative-authority\authority\sources\arabic\national-village-manifest-clean.csv","","source-reported"
"LB-LOC-71384","33.35787073","35.35959685","national-manifest","C:\xampp\htdocs\projectx\watanybot\packages\lebanese-administrative-authority\authority\sources\arabic\national-village-manifest-clean.csv","","source-reported"
"LB-LOC-71241","33.47231032","35.45958684","national-manifest","C:\xampp\htdocs\projectx\watanybot\packages\lebanese-administrative-authority\authority\sources\arabic\national-village-manifest-clean.csv","","source-reported"
"LB-LOC-71111","33.37893488","35.4832614","national-manifest","C:\xampp\htdocs\projectx\watanybot\packages\lebanese-administrative-authority\authority\sources\arabic\national-village-manifest-clean.csv","","source-reported"
"LB-LOC-71113","33.35485982","35.49267998","national-manifest","C:\xampp\htdocs\projectx\watanybot\packages\lebanese-administrative-authority\authority\sources\arabic\national-village-manifest-clean.csv","","source-reported"
"LB-LOC-71327","33.41831725","35.40908154","national-manifest","C:\xampp\htdocs\projectx\watanybot\packages\lebanese-administrative-authority\authority\sources\arabic\national-village-manifest-clean.csv","","source-reported"
"LB-LOC-71381","33.32554985","35.42636543","national-manifest","C:\xampp\htdocs\projectx\watanybot\packages\lebanese-administrative-authority\authority\sources\arabic\national-village-manifest-clean.csv","","source-reported"
"LB-LOC-71374","33.33496211","35.4033509","national-manifest","C:\xampp\htdocs\projectx\watanybot\packages\lebanese-administrative-authority\authority\sources\arabic\national-village-manifest-clean.csv","","source-reported"
"LB-LOC-71261","33.45951339","35.4529906","national-manifest","C:\xampp\htdocs\projectx\watanybot\packages\lebanese-administrative-authority\authority\sources\arabic\national-village-manifest-clean.csv","","source-reported"
"LB-LOC-71236","33.47066113","35.47563015","national-manifest","C:\xampp\htdocs\projectx\watanybot\packages\lebanese-administrative-authority\authority\sources\arabic\national-village-manifest-clean.csv","","source-reported"
"LB-LOC-71397","33.32227119","35.36011536","national-manifest","C:\xampp\htdocs\projectx\watanybot\packages\lebanese-administrative-authority\authority\sources\arabic\national-village-manifest-clean.csv","","source-reported"
"LB-LOC-71324","33.39102058","35.44985458","national-manifest","C:\xampp\htdocs\projectx\watanybot\packages\lebanese-administrative-authority\authority\sources\arabic\national-village-manifest-clean.csv","","source-reported"
"LB-LOC-71394","33.31443876","35.51333432","national-manifest","C:\xampp\htdocs\projectx\watanybot\packages\lebanese-administrative-authority\authority\sources\arabic\national-village-manifest-clean.csv","","source-reported"
"LB-LOC-71367","33.32021833","35.47518275","national-manifest","C:\xampp\htdocs\projectx\watanybot\packages\lebanese-administrative-authority\authority\sources\arabic\national-village-manifest-clean.csv","","source-reported"
"LB-LOC-71364","33.32444272","35.45348927","national-manifest","C:\xampp\htdocs\projectx\watanybot\packages\lebanese-administrative-authority\authority\sources\arabic\national-village-manifest-clean.csv","","source-reported"
"LB-LOC-71281","33.44368638","35.40064722","national-manifest","C:\xampp\htdocs\projectx\watanybot\packages\lebanese-administrative-authority\authority\sources\arabic\national-village-manifest-clean.csv","","source-reported"
"LB-LOC-71122","33.3728811","35.46248964","national-manifest","C:\xampp\htdocs\projectx\watanybot\packages\lebanese-administrative-authority\authority\sources\arabic\national-village-manifest-clean.csv","","source-reported"
"LB-LOC-74114","33.38202016","35.68403958","national-manifest","C:\xampp\htdocs\projectx\watanybot\packages\lebanese-administrative-authority\authority\sources\arabic\national-village-manifest-clean.csv","","source-reported"
"LB-LOC-74126","33.39785601","35.70263292","national-manifest","C:\xampp\htdocs\projectx\watanybot\packages\lebanese-administrative-authority\authority\sources\arabic\national-village-manifest-clean.csv","","source-reported"
"LB-LOC-74112","33.38174567","35.6573549","national-manifest","C:\xampp\htdocs\projectx\watanybot\packages\lebanese-administrative-authority\authority\sources\arabic\national-village-manifest-clean.csv","","source-reported"
"LB-LOC-74155","33.40960483","35.62493215","national-manifest","C:\xampp\htdocs\projectx\watanybot\packages\lebanese-administrative-authority\authority\sources\arabic\national-village-manifest-clean.csv","","source-reported"
"LB-LOC-74130","33.35408123","35.7488426","national-manifest","C:\xampp\htdocs\projectx\watanybot\packages\lebanese-administrative-authority\authority\sources\arabic\national-village-manifest-clean.csv","","source-reported"
"LB-LOC-74124","33.38762775","35.73653516","national-manifest","C:\xampp\htdocs\projectx\watanybot\packages\lebanese-administrative-authority\authority\sources\arabic\national-village-manifest-clean.csv","","source-reported"
"LB-LOC-74179","33.42535907","35.64380286","national-manifest","C:\xampp\htdocs\projectx\watanybot\packages\lebanese-administrative-authority\authority\sources\arabic\national-village-manifest-clean.csv","","source-reported"
"LB-LOC-74116","33.36740924","35.65647695","national-manifest","C:\xampp\htdocs\projectx\watanybot\packages\lebanese-administrative-authority\authority\sources\arabic\national-village-manifest-clean.csv","","source-reported"
"LB-LOC-74111","33.41981512","35.67206856","national-manifest","C:\xampp\htdocs\projectx\watanybot\packages\lebanese-administrative-authority\authority\sources\arabic\national-village-manifest-clean.csv","","source-reported"
"LB-LOC-74122","33.36088606","35.69955282","national-manifest","C:\xampp\htdocs\projectx\watanybot\packages\lebanese-administrative-authority\authority\sources\arabic\national-village-manifest-clean.csv","","source-reported"
"LB-LOC-74133","33.39252712","35.63399173","national-manifest","C:\xampp\htdocs\projectx\watanybot\packages\lebanese-administrative-authority\authority\sources\arabic\national-village-manifest-clean.csv","","source-reported"
"LB-LOC-74160","33.32106953","35.68472076","national-manifest","C:\xampp\htdocs\projectx\watanybot\packages\lebanese-administrative-authority\authority\sources\arabic\national-village-manifest-clean.csv","","source-reported"
"LB-LOC-74120","33.34106439","35.67094792","national-manifest","C:\xampp\htdocs\projectx\watanybot\packages\lebanese-administrative-authority\authority\sources\arabic\national-village-manifest-clean.csv","","source-reported"
"LB-LOC-74175","33.44034832","35.73445038","national-manifest","C:\xampp\htdocs\projectx\watanybot\packages\lebanese-administrative-authority\authority\sources\arabic\national-village-manifest-clean.csv","","source-reported"
"LB-LOC-74168","33.40426938","35.75242407","national-manifest","C:\xampp\htdocs\projectx\watanybot\packages\lebanese-administrative-authority\authority\sources\arabic\national-village-manifest-clean.csv","","source-reported"
"LB-LOC-74181","33.33294027","35.64404543","national-manifest","C:\xampp\htdocs\projectx\watanybot\packages\lebanese-administrative-authority\authority\sources\arabic\national-village-manifest-clean.csv","","source-reported"
"LB-LOC-74177","33.28987248","35.65625521","national-manifest","C:\xampp\htdocs\projectx\watanybot\packages\lebanese-administrative-authority\authority\sources\arabic\national-village-manifest-clean.csv","","source-reported"
"LB-LOC-74131","33.46562098","35.74074682","national-manifest","C:\xampp\htdocs\projectx\watanybot\packages\lebanese-administrative-authority\authority\sources\arabic\national-village-manifest-clean.csv","","source-reported"
"LB-LOC-74128","33.43526451","35.69814419","national-manifest","C:\xampp\htdocs\projectx\watanybot\packages\lebanese-administrative-authority\authority\sources\arabic\national-village-manifest-clean.csv","","source-reported"
"LB-LOC-74158","33.31649867","35.64635066","national-manifest","C:\xampp\htdocs\projectx\watanybot\packages\lebanese-administrative-authority\authority\sources\arabic\national-village-manifest-clean.csv","","source-reported"
"LB-LOC-74118","33.34953219","35.6516202","national-manifest","C:\xampp\htdocs\projectx\watanybot\packages\lebanese-administrative-authority\authority\sources\arabic\national-village-manifest-clean.csv","","source-reported"
"LB-LOC-74141","33.28388556","35.62934387","national-manifest","C:\xampp\htdocs\projectx\watanybot\packages\lebanese-administrative-authority\authority\sources\arabic\national-village-manifest-clean.csv","","source-reported"
"LB-LOC-73211","33.24843608","35.53808597","national-manifest","C:\xampp\htdocs\projectx\watanybot\packages\lebanese-administrative-authority\authority\sources\arabic\national-village-manifest-clean.csv","","source-reported"
"LB-LOC-73256","33.26973381","35.48921737","national-manifest","C:\xampp\htdocs\projectx\watanybot\packages\lebanese-administrative-authority\authority\sources\arabic\national-village-manifest-clean.csv","","source-reported"
"LB-LOC-73162","33.29878678","35.62279287","national-manifest","C:\xampp\htdocs\projectx\watanybot\packages\lebanese-administrative-authority\authority\sources\arabic\national-village-manifest-clean.csv","","source-reported"
"LB-LOC-73293","33.30318602","35.46574991","national-manifest","C:\xampp\htdocs\projectx\watanybot\packages\lebanese-administrative-authority\authority\sources\arabic\national-village-manifest-clean.csv","","source-reported"
"LB-LOC-73191","33.26580686","35.60385959","national-manifest","C:\xampp\htdocs\projectx\watanybot\packages\lebanese-administrative-authority\authority\sources\arabic\national-village-manifest-clean.csv","","source-reported"
"LB-LOC-73226","33.24780761","35.48791513","national-manifest","C:\xampp\htdocs\projectx\watanybot\packages\lebanese-administrative-authority\authority\sources\arabic\national-village-manifest-clean.csv","","source-reported"
"LB-LOC-73135","33.38414863","35.60516834","national-manifest","C:\xampp\htdocs\projectx\watanybot\packages\lebanese-administrative-authority\authority\sources\arabic\national-village-manifest-clean.csv","","source-reported"
"LB-LOC-73288","33.13683887","35.50411788","national-manifest","C:\xampp\htdocs\projectx\watanybot\packages\lebanese-administrative-authority\authority\sources\arabic\national-village-manifest-clean.csv","","source-reported"
"LB-LOC-73146","33.31289812","35.56624765","national-manifest","C:\xampp\htdocs\projectx\watanybot\packages\lebanese-administrative-authority\authority\sources\arabic\national-village-manifest-clean.csv","","source-reported"
"LB-LOC-73116","33.3647688","35.56624564","national-manifest","C:\xampp\htdocs\projectx\watanybot\packages\lebanese-administrative-authority\authority\sources\arabic\national-village-manifest-clean.csv","","source-reported"
"LB-LOC-73167","33.30186442","35.5436247","national-manifest","C:\xampp\htdocs\projectx\watanybot\packages\lebanese-administrative-authority\authority\sources\arabic\national-village-manifest-clean.csv","","source-reported"
"LB-LOC-73230","33.29310161","35.49810578","national-manifest","C:\xampp\htdocs\projectx\watanybot\packages\lebanese-administrative-authority\authority\sources\arabic\national-village-manifest-clean.csv","","source-reported"
"LB-LOC-73119","33.36875268","35.59987856","national-manifest","C:\xampp\htdocs\projectx\watanybot\packages\lebanese-administrative-authority\authority\sources\arabic\national-village-manifest-clean.csv","","source-reported"
"LB-LOC-73234","33.20737879","35.5111617","national-manifest","C:\xampp\htdocs\projectx\watanybot\packages\lebanese-administrative-authority\authority\sources\arabic\national-village-manifest-clean.csv","","source-reported"
"LB-LOC-73183","33.29696747","35.5577477","national-manifest","C:\xampp\htdocs\projectx\watanybot\packages\lebanese-administrative-authority\authority\sources\arabic\national-village-manifest-clean.csv","","source-reported"
"LB-LOC-73127","33.35644133","35.62186278","national-manifest","C:\xampp\htdocs\projectx\watanybot\packages\lebanese-administrative-authority\authority\sources\arabic\national-village-manifest-clean.csv","","source-reported"
"LB-LOC-73228","33.27418811","35.54834208","national-manifest","C:\xampp\htdocs\projectx\watanybot\packages\lebanese-administrative-authority\authority\sources\arabic\national-village-manifest-clean.csv","","source-reported"
"LB-LOC-73159","33.31672913","35.61066056","national-manifest","C:\xampp\htdocs\projectx\watanybot\packages\lebanese-administrative-authority\authority\sources\arabic\national-village-manifest-clean.csv","","source-reported"
"LB-LOC-73279","33.22211227","35.46080514","national-manifest","C:\xampp\htdocs\projectx\watanybot\packages\lebanese-administrative-authority\authority\sources\arabic\national-village-manifest-clean.csv","","source-reported"
"LB-LOC-73111","33.35090655","35.59510141","national-manifest","C:\xampp\htdocs\projectx\watanybot\packages\lebanese-administrative-authority\authority\sources\arabic\national-village-manifest-clean.csv","","source-reported"
"LB-LOC-73245","33.23097551","35.51846334","national-manifest","C:\xampp\htdocs\projectx\watanybot\packages\lebanese-administrative-authority\authority\sources\arabic\national-village-manifest-clean.csv","","source-reported"
"LB-LOC-73143","33.34897735","35.54813031","national-manifest","C:\xampp\htdocs\projectx\watanybot\packages\lebanese-administrative-authority\authority\sources\arabic\national-village-manifest-clean.csv","","source-reported"
"LB-LOC-73175","33.2961222","35.60053561","national-manifest","C:\xampp\htdocs\projectx\watanybot\packages\lebanese-administrative-authority\authority\sources\arabic\national-village-manifest-clean.csv","","source-reported"
"LB-LOC-73250","33.17658192","35.51113052","national-manifest","C:\xampp\htdocs\projectx\watanybot\packages\lebanese-administrative-authority\authority\sources\arabic\national-village-manifest-clean.csv","","source-reported"
"LB-LOC-73248","33.15063421","35.49983517","national-manifest","C:\xampp\htdocs\projectx\watanybot\packages\lebanese-administrative-authority\authority\sources\arabic\national-village-manifest-clean.csv","","source-reported"
"LB-LOC-73262","33.25147078","35.46781234","national-manifest","C:\xampp\htdocs\projectx\watanybot\packages\lebanese-administrative-authority\authority\sources\arabic\national-village-manifest-clean.csv","","source-reported"
"LB-LOC-73276","33.2711742","35.4591219","national-manifest","C:\xampp\htdocs\projectx\watanybot\packages\lebanese-administrative-authority\authority\sources\arabic\national-village-manifest-clean.csv","","source-reported"
"LB-LOC-73151","33.33044066","35.56392523","national-manifest","C:\xampp\htdocs\projectx\watanybot\packages\lebanese-administrative-authority\authority\sources\arabic\national-village-manifest-clean.csv","","source-reported"
"LB-LOC-73257","33.25396001","35.51535027","national-manifest","C:\xampp\htdocs\projectx\watanybot\packages\lebanese-administrative-authority\authority\sources\arabic\national-village-manifest-clean.csv","","source-reported"
"LB-LOC-73280","33.23256539","35.4438547","national-manifest","C:\xampp\htdocs\projectx\watanybot\packages\lebanese-administrative-authority\authority\sources\arabic\national-village-manifest-clean.csv","","source-reported"
"LB-LOC-73244","33.22866838","35.48933461","national-manifest","C:\xampp\htdocs\projectx\watanybot\packages\lebanese-administrative-authority\authority\sources\arabic\national-village-manifest-clean.csv","","source-reported"
"LB-LOC-73232","33.27890639","35.51709432","national-manifest","C:\xampp\htdocs\projectx\watanybot\packages\lebanese-administrative-authority\authority\sources\arabic\national-village-manifest-clean.csv","","source-reported"
"LB-LOC-73282","33.25380623","35.44064451","national-manifest","C:\xampp\htdocs\projectx\watanybot\packages\lebanese-administrative-authority\authority\sources\arabic\national-village-manifest-clean.csv","","source-reported"
"LB-LOC-24375","33.73905788","35.52263964","national-manifest","C:\xampp\htdocs\projectx\watanybot\packages\lebanese-administrative-authority\authority\sources\arabic\national-village-manifest-clean.csv","","source-reported"
"LB-LOC-24259","33.79228607","35.53917193","national-manifest","C:\xampp\htdocs\projectx\watanybot\packages\lebanese-administrative-authority\authority\sources\arabic\national-village-manifest-clean.csv","","source-reported"
"LB-LOC-24477","33.7877411","35.76658909","national-manifest","C:\xampp\htdocs\projectx\watanybot\packages\lebanese-administrative-authority\authority\sources\arabic\national-village-manifest-clean.csv","","source-reported"
"LB-LOC-24219","33.75254598","35.49944234","national-manifest","C:\xampp\htdocs\projectx\watanybot\packages\lebanese-administrative-authority\authority\sources\arabic\national-village-manifest-clean.csv","","source-reported"
"LB-LOC-24325","33.80697717","35.63077944","national-manifest","C:\xampp\htdocs\projectx\watanybot\packages\lebanese-administrative-authority\authority\sources\arabic\national-village-manifest-clean.csv","","source-reported"
"LB-LOC-24431","33.77112231","35.64958794","national-manifest","C:\xampp\htdocs\projectx\watanybot\packages\lebanese-administrative-authority\authority\sources\arabic\national-village-manifest-clean.csv","","source-reported"
"LB-LOC-24317","33.80369895","35.58752938","national-manifest","C:\xampp\htdocs\projectx\watanybot\packages\lebanese-administrative-authority\authority\sources\arabic\national-village-manifest-clean.csv","","source-reported"
"LB-LOC-24371","33.74692014","35.53386986","national-manifest","C:\xampp\htdocs\projectx\watanybot\packages\lebanese-administrative-authority\authority\sources\arabic\national-village-manifest-clean.csv","","source-reported"
"LB-LOC-24361","33.7348058","35.58194455","national-manifest","C:\xampp\htdocs\projectx\watanybot\packages\lebanese-administrative-authority\authority\sources\arabic\national-village-manifest-clean.csv","","source-reported"
"LB-LOC-24311","33.80805703","35.60745751","national-manifest","C:\xampp\htdocs\projectx\watanybot\packages\lebanese-administrative-authority\authority\sources\arabic\national-village-manifest-clean.csv","","source-reported"
"LB-LOC-24365","33.75381996","35.52518532","national-manifest","C:\xampp\htdocs\projectx\watanybot\packages\lebanese-administrative-authority\authority\sources\arabic\national-village-manifest-clean.csv","","source-reported"
"LB-LOC-24211","33.76555083","35.50313681","national-manifest","C:\xampp\htdocs\projectx\watanybot\packages\lebanese-administrative-authority\authority\sources\arabic\national-village-manifest-clean.csv","","source-reported"
"LB-LOC-24351","33.76458376","35.54529637","national-manifest","C:\xampp\htdocs\projectx\watanybot\packages\lebanese-administrative-authority\authority\sources\arabic\national-village-manifest-clean.csv","","source-reported"
"LB-LOC-24329","33.79443743","35.55699912","national-manifest","C:\xampp\htdocs\projectx\watanybot\packages\lebanese-administrative-authority\authority\sources\arabic\national-village-manifest-clean.csv","","source-reported"
"LB-LOC-24454","33.78198147","35.71026827","national-manifest","C:\xampp\htdocs\projectx\watanybot\packages\lebanese-administrative-authority\authority\sources\arabic\national-village-manifest-clean.csv","","source-reported"
"LB-LOC-24235","33.74089012","35.47619121","national-manifest","C:\xampp\htdocs\projectx\watanybot\packages\lebanese-administrative-authority\authority\sources\arabic\national-village-manifest-clean.csv","","source-reported"
"LB-LOC-24343","33.76766108","35.56626045","national-manifest","C:\xampp\htdocs\projectx\watanybot\packages\lebanese-administrative-authority\authority\sources\arabic\national-village-manifest-clean.csv","","source-reported"
"LB-LOC-24243","33.78612643","35.51228562","national-manifest","C:\xampp\htdocs\projectx\watanybot\packages\lebanese-administrative-authority\authority\sources\arabic\national-village-manifest-clean.csv","","source-reported"
"LB-LOC-24283","33.80828255","35.56957054","national-manifest","C:\xampp\htdocs\projectx\watanybot\packages\lebanese-administrative-authority\authority\sources\arabic\national-village-manifest-clean.csv","","source-reported"
"LB-LOC-24434","33.76459155","35.64787447","national-manifest","C:\xampp\htdocs\projectx\watanybot\packages\lebanese-administrative-authority\authority\sources\arabic\national-village-manifest-clean.csv","","source-reported"
"LB-LOC-24327","33.78908584","35.60105381","national-manifest","C:\xampp\htdocs\projectx\watanybot\packages\lebanese-administrative-authority\authority\sources\arabic\national-village-manifest-clean.csv","","source-reported"
"LB-LOC-24414","33.79656026","35.65239463","national-manifest","C:\xampp\htdocs\projectx\watanybot\packages\lebanese-administrative-authority\authority\sources\arabic\national-village-manifest-clean.csv","","source-reported"
"LB-LOC-24411","33.80619522","35.66097082","national-manifest","C:\xampp\htdocs\projectx\watanybot\packages\lebanese-administrative-authority\authority\sources\arabic\national-village-manifest-clean.csv","","source-reported"
"LB-LOC-24369","33.73370244","35.55038433","national-manifest","C:\xampp\htdocs\projectx\watanybot\packages\lebanese-administrative-authority\authority\sources\arabic\national-village-manifest-clean.csv","","source-reported"
"LB-LOC-24321","33.79937094","35.62007204","national-manifest","C:\xampp\htdocs\projectx\watanybot\packages\lebanese-administrative-authority\authority\sources\arabic\national-village-manifest-clean.csv","","source-reported"
"LB-LOC-24267","33.8090133","35.55104576","national-manifest","C:\xampp\htdocs\projectx\watanybot\packages\lebanese-administrative-authority\authority\sources\arabic\national-village-manifest-clean.csv","","source-reported"
"LB-LOC-24484","33.75499863","35.74950676","national-manifest","C:\xampp\htdocs\projectx\watanybot\packages\lebanese-administrative-authority\authority\sources\arabic\national-village-manifest-clean.csv","","source-reported"
"LB-LOC-24319","33.79962262","35.56981488","national-manifest","C:\xampp\htdocs\projectx\watanybot\packages\lebanese-administrative-authority\authority\sources\arabic\national-village-manifest-clean.csv","","source-reported"
"LB-LOC-24355","33.74375665","35.57711117","national-manifest","C:\xampp\htdocs\projectx\watanybot\packages\lebanese-administrative-authority\authority\sources\arabic\national-village-manifest-clean.csv","","source-reported"
"LB-LOC-24464","33.75696108","35.6384834","national-manifest","C:\xampp\htdocs\projectx\watanybot\packages\lebanese-administrative-authority\authority\sources\arabic\national-village-manifest-clean.csv","","source-reported"
"LB-LOC-24291","33.81441985","35.57982939","national-manifest","C:\xampp\htdocs\projectx\watanybot\packages\lebanese-administrative-authority\authority\sources\arabic\national-village-manifest-clean.csv","","source-reported"
"LB-LOC-24421","33.79084019","35.63285174","national-manifest","C:\xampp\htdocs\projectx\watanybot\packages\lebanese-administrative-authority\authority\sources\arabic\national-village-manifest-clean.csv","","source-reported"
"LB-LOC-24447","33.76664183","35.62204171","national-manifest","C:\xampp\htdocs\projectx\watanybot\packages\lebanese-administrative-authority\authority\sources\arabic\national-village-manifest-clean.csv","","source-reported"
"LB-LOC-24417","33.78752069","35.66157041","national-manifest","C:\xampp\htdocs\projectx\watanybot\packages\lebanese-administrative-authority\authority\sources\arabic\national-village-manifest-clean.csv","","source-reported"
"LB-LOC-24444","33.77687768","35.69372079","national-manifest","C:\xampp\htdocs\projectx\watanybot\packages\lebanese-administrative-authority\authority\sources\arabic\national-village-manifest-clean.csv","","source-reported"
"LB-LOC-24353","33.75546732","35.58878195","national-manifest","C:\xampp\htdocs\projectx\watanybot\packages\lebanese-administrative-authority\authority\sources\arabic\national-village-manifest-clean.csv","","source-reported"
"LB-LOC-24339","33.7798404","35.54770415","national-manifest","C:\xampp\htdocs\projectx\watanybot\packages\lebanese-administrative-authority\authority\sources\arabic\national-village-manifest-clean.csv","","source-reported"
"LB-LOC-24111","33.81467982","35.51501139","national-manifest","C:\xampp\htdocs\projectx\watanybot\packages\lebanese-administrative-authority\authority\sources\arabic\national-village-manifest-clean.csv","","source-reported"
"LB-LOC-24155","33.8118671","35.49857906","national-manifest","C:\xampp\htdocs\projectx\watanybot\packages\lebanese-administrative-authority\authority\sources\arabic\national-village-manifest-clean.csv","","source-reported"
"LB-LOC-24133","33.78640841","35.48396473","national-manifest","C:\xampp\htdocs\projectx\watanybot\packages\lebanese-administrative-authority\authority\sources\arabic\national-village-manifest-clean.csv","","source-reported"
"LB-LOC-24251","33.72663323","35.50411087","national-manifest","C:\xampp\htdocs\projectx\watanybot\packages\lebanese-administrative-authority\authority\sources\arabic\national-village-manifest-clean.csv","","source-reported"
"LB-LOC-24177","33.79482667","35.51342899","national-manifest","C:\xampp\htdocs\projectx\watanybot\packages\lebanese-administrative-authority\authority\sources\arabic\national-village-manifest-clean.csv","","source-reported"
"LB-LOC-24357","33.75042143","35.55372534","national-manifest","C:\xampp\htdocs\projectx\watanybot\packages\lebanese-administrative-authority\authority\sources\arabic\national-village-manifest-clean.csv","","source-reported"
"LB-LOC-24345","33.75470025","35.58081646","national-manifest","C:\xampp\htdocs\projectx\watanybot\packages\lebanese-administrative-authority\authority\sources\arabic\national-village-manifest-clean.csv","","source-reported"
"LB-LOC-24323","33.78192962","35.59435804","national-manifest","C:\xampp\htdocs\projectx\watanybot\packages\lebanese-administrative-authority\authority\sources\arabic\national-village-manifest-clean.csv","","source-reported"
"LB-LOC-24461","33.75730794","35.64610421","national-manifest","C:\xampp\htdocs\projectx\watanybot\packages\lebanese-administrative-authority\authority\sources\arabic\national-village-manifest-clean.csv","","source-reported"
"LB-LOC-24437","33.76857854","35.65211512","national-manifest","C:\xampp\htdocs\projectx\watanybot\packages\lebanese-administrative-authority\authority\sources\arabic\national-village-manifest-clean.csv","","source-reported"
"LB-LOC-24275","33.809901","35.55976205","national-manifest","C:\xampp\htdocs\projectx\watanybot\packages\lebanese-administrative-authority\authority\sources\arabic\national-village-manifest-clean.csv","","source-reported"
"LB-LOC-24451","33.75941199","35.69540755","national-manifest","C:\xampp\htdocs\projectx\watanybot\packages\lebanese-administrative-authority\authority\sources\arabic\national-village-manifest-clean.csv","","source-reported"
"LB-LOC-24373","33.72706898","35.56305253","national-manifest","C:\xampp\htdocs\projectx\watanybot\packages\lebanese-administrative-authority\authority\sources\arabic\national-village-manifest-clean.csv","","source-reported"
"LB-LOC-24313","33.82052501","35.58807438","national-manifest","C:\xampp\htdocs\projectx\watanybot\packages\lebanese-administrative-authority\authority\sources\arabic\national-village-manifest-clean.csv","","source-reported"
"LB-LOC-24337","33.77945446","35.56079558","national-manifest","C:\xampp\htdocs\projectx\watanybot\packages\lebanese-administrative-authority\authority\sources\arabic\national-village-manifest-clean.csv","","source-reported"
"LB-LOC-24341","33.76980851","35.59401333","national-manifest","C:\xampp\htdocs\projectx\watanybot\packages\lebanese-administrative-authority\authority\sources\arabic\national-village-manifest-clean.csv","","source-reported"
"LB-LOC-24377","33.71668794","35.5121053","national-manifest","C:\xampp\htdocs\projectx\watanybot\packages\lebanese-administrative-authority\authority\sources\arabic\national-village-manifest-clean.csv","","source-reported"
"LB-LOC-24471","33.7489579","35.63305712","national-manifest","C:\xampp\htdocs\projectx\watanybot\packages\lebanese-administrative-authority\authority\sources\arabic\national-village-manifest-clean.csv","","source-reported"
"LB-LOC-24424","33.78378722","35.67869719","national-manifest","C:\xampp\htdocs\projectx\watanybot\packages\lebanese-administrative-authority\authority\sources\arabic\national-village-manifest-clean.csv","","source-reported"
"LB-LOC-24441","33.77816567","35.61790054","national-manifest","C:\xampp\htdocs\projectx\watanybot\packages\lebanese-administrative-authority\authority\sources\arabic\national-village-manifest-clean.csv","","source-reported"
"LB-LOC-24474","33.75172853","35.64347918","national-manifest","C:\xampp\htdocs\projectx\watanybot\packages\lebanese-administrative-authority\authority\sources\arabic\national-village-manifest-clean.csv","","source-reported"
"LB-LOC-24443","33.75814753","35.70431941","national-manifest","C:\xampp\htdocs\projectx\watanybot\packages\lebanese-administrative-authority\authority\sources\arabic\national-village-manifest-clean.csv","","source-reported"
"LB-LOC-24457","33.76068174","35.66203355","national-manifest","C:\xampp\htdocs\projectx\watanybot\packages\lebanese-administrative-authority\authority\sources\arabic\national-village-manifest-clean.csv","","source-reported"
"LB-LOC-24349","33.75927148","35.57491368","national-manifest","C:\xampp\htdocs\projectx\watanybot\packages\lebanese-administrative-authority\authority\sources\arabic\national-village-manifest-clean.csv","","source-reported"
"LB-LOC-24481","33.74354204","35.67607455","national-manifest","C:\xampp\htdocs\projectx\watanybot\packages\lebanese-administrative-authority\authority\sources\arabic\national-village-manifest-clean.csv","","source-reported"
"LB-LOC-24315","33.80177202","35.57758506","national-manifest","C:\xampp\htdocs\projectx\watanybot\packages\lebanese-administrative-authority\authority\sources\arabic\national-village-manifest-clean.csv","","source-reported"
"LB-LOC-24467","33.7457705","35.65317683","national-manifest","C:\xampp\htdocs\projectx\watanybot\packages\lebanese-administrative-authority\authority\sources\arabic\national-village-manifest-clean.csv","","source-reported"
"LB-LOC-24359","33.73863411","35.60741021","national-manifest","C:\xampp\htdocs\projectx\watanybot\packages\lebanese-administrative-authority\authority\sources\arabic\national-village-manifest-clean.csv","","source-reported"
"LB-LOC-24335","33.78939111","35.61437046","national-manifest","C:\xampp\htdocs\projectx\watanybot\packages\lebanese-administrative-authority\authority\sources\arabic\national-village-manifest-clean.csv","","source-reported"
"LB-LOC-24367","33.74542374","35.569142","national-manifest","C:\xampp\htdocs\projectx\watanybot\packages\lebanese-administrative-authority\authority\sources\arabic\national-village-manifest-clean.csv","","source-reported"
"LB-LOC-24347","33.75399938","35.60196688","national-manifest","C:\xampp\htdocs\projectx\watanybot\packages\lebanese-administrative-authority\authority\sources\arabic\national-village-manifest-clean.csv","","source-reported"
"LB-LOC-24427","33.80153411","35.69125021","national-manifest","C:\xampp\htdocs\projectx\watanybot\packages\lebanese-administrative-authority\authority\sources\arabic\national-village-manifest-clean.csv","","source-reported"
"LB-LOC-24363","33.73354136","35.57005131","national-manifest","C:\xampp\htdocs\projectx\watanybot\packages\lebanese-administrative-authority\authority\sources\arabic\national-village-manifest-clean.csv","","source-reported"
"LB-LOC-24227","33.76721892","35.52939034","national-manifest","C:\xampp\htdocs\projectx\watanybot\packages\lebanese-administrative-authority\authority\sources\arabic\national-village-manifest-clean.csv","","source-reported"
"LB-LOC-24331","33.78979952","35.57402599","national-manifest","C:\xampp\htdocs\projectx\watanybot\packages\lebanese-administrative-authority\authority\sources\arabic\national-village-manifest-clean.csv","","source-reported"
"LB-LOC-24333","33.7846719","35.62221244","national-manifest","C:\xampp\htdocs\projectx\watanybot\packages\lebanese-administrative-authority\authority\sources\arabic\national-village-manifest-clean.csv","","source-reported"
"LB-LOC-21341","33.83054014","35.62408017","national-manifest","C:\xampp\htdocs\projectx\watanybot\packages\lebanese-administrative-authority\authority\sources\arabic\national-village-manifest-clean.csv","","source-reported"
"LB-LOC-21314","33.82141298","35.65403889","national-manifest","C:\xampp\htdocs\projectx\watanybot\packages\lebanese-administrative-authority\authority\sources\arabic\national-village-manifest-clean.csv","","source-reported"
"LB-LOC-21371","33.83171443","35.58546829","national-manifest","C:\xampp\htdocs\projectx\watanybot\packages\lebanese-administrative-authority\authority\sources\arabic\national-village-manifest-clean.csv","","source-reported"
"LB-LOC-21381","33.87329508","35.67052554","national-manifest","C:\xampp\htdocs\projectx\watanybot\packages\lebanese-administrative-authority\authority\sources\arabic\national-village-manifest-clean.csv","","source-reported"
"LB-LOC-21471","33.85704922","35.69020913","national-manifest","C:\xampp\htdocs\projectx\watanybot\packages\lebanese-administrative-authority\authority\sources\arabic\national-village-manifest-clean.csv","","source-reported"
"LB-LOC-21211","33.84643582","35.54531972","national-manifest","C:\xampp\htdocs\projectx\watanybot\packages\lebanese-administrative-authority\authority\sources\arabic\national-village-manifest-clean.csv","","source-reported"
"LB-LOC-21311","33.81623863","35.64687182","national-manifest","C:\xampp\htdocs\projectx\watanybot\packages\lebanese-administrative-authority\authority\sources\arabic\national-village-manifest-clean.csv","","source-reported"
"LB-LOC-21436","33.8292809","35.71059061","national-manifest","C:\xampp\htdocs\projectx\watanybot\packages\lebanese-administrative-authority\authority\sources\arabic\national-village-manifest-clean.csv","","source-reported"
"LB-LOC-21177","33.84064232","35.5061387","national-manifest","C:\xampp\htdocs\projectx\watanybot\packages\lebanese-administrative-authority\authority\sources\arabic\national-village-manifest-clean.csv","","source-reported"
"LB-LOC-21227","33.82604045","35.5419782","national-manifest","C:\xampp\htdocs\projectx\watanybot\packages\lebanese-administrative-authority\authority\sources\arabic\national-village-manifest-clean.csv","","source-reported"
"LB-LOC-21283","33.80517687","35.53826042","national-manifest","C:\xampp\htdocs\projectx\watanybot\packages\lebanese-administrative-authority\authority\sources\arabic\national-village-manifest-clean.csv","","source-reported"
"LB-LOC-21441","33.84056857","35.71608951","national-manifest","C:\xampp\htdocs\projectx\watanybot\packages\lebanese-administrative-authority\authority\sources\arabic\national-village-manifest-clean.csv","","source-reported"
"LB-LOC-21451","33.83666682","35.69788599","national-manifest","C:\xampp\htdocs\projectx\watanybot\packages\lebanese-administrative-authority\authority\sources\arabic\national-village-manifest-clean.csv","","source-reported"
"LB-LOC-21466","33.87380593","35.74131339","national-manifest","C:\xampp\htdocs\projectx\watanybot\packages\lebanese-administrative-authority\authority\sources\arabic\national-village-manifest-clean.csv","","source-reported"
"LB-LOC-21426","33.81435815","35.71665228","national-manifest","C:\xampp\htdocs\projectx\watanybot\packages\lebanese-administrative-authority\authority\sources\arabic\national-village-manifest-clean.csv","","source-reported"
"LB-LOC-21111","33.854971","35.49353746","national-manifest","C:\xampp\htdocs\projectx\watanybot\packages\lebanese-administrative-authority\authority\sources\arabic\national-village-manifest-clean.csv","","source-reported"
"LB-LOC-21347","33.8300624","35.68623875","national-manifest","C:\xampp\htdocs\projectx\watanybot\packages\lebanese-administrative-authority\authority\sources\arabic\national-village-manifest-clean.csv","","source-reported"
"LB-LOC-21354","33.82996792","35.60810174","national-manifest","C:\xampp\htdocs\projectx\watanybot\packages\lebanese-administrative-authority\authority\sources\arabic\national-village-manifest-clean.csv","","source-reported"
"LB-LOC-21367","33.84924972","35.69139897","national-manifest","C:\xampp\htdocs\projectx\watanybot\packages\lebanese-administrative-authority\authority\sources\arabic\national-village-manifest-clean.csv","","source-reported"
"LB-LOC-21337","33.83190243","35.66368019","national-manifest","C:\xampp\htdocs\projectx\watanybot\packages\lebanese-administrative-authority\authority\sources\arabic\national-village-manifest-clean.csv","","source-reported"
"LB-LOC-21391","33.87867452","35.69001448","national-manifest","C:\xampp\htdocs\projectx\watanybot\packages\lebanese-administrative-authority\authority\sources\arabic\national-village-manifest-clean.csv","","source-reported"
"LB-LOC-21446","33.82854985","35.77223414","national-manifest","C:\xampp\htdocs\projectx\watanybot\packages\lebanese-administrative-authority\authority\sources\arabic\national-village-manifest-clean.csv","","source-reported"
"LB-LOC-21133","33.87111842","35.52768153","national-manifest","C:\xampp\htdocs\projectx\watanybot\packages\lebanese-administrative-authority\authority\sources\arabic\national-village-manifest-clean.csv","","source-reported"
"LB-LOC-21219","33.84036062","35.52524011","national-manifest","C:\xampp\htdocs\projectx\watanybot\packages\lebanese-administrative-authority\authority\sources\arabic\national-village-manifest-clean.csv","","source-reported"
"LB-LOC-21411","33.81331033","35.74688425","national-manifest","C:\xampp\htdocs\projectx\watanybot\packages\lebanese-administrative-authority\authority\sources\arabic\national-village-manifest-clean.csv","","source-reported"
"LB-LOC-21275","33.82583637","35.56815624","national-manifest","C:\xampp\htdocs\projectx\watanybot\packages\lebanese-administrative-authority\authority\sources\arabic\national-village-manifest-clean.csv","","source-reported"
"LB-LOC-21327","33.82070821","35.66261171","national-manifest","C:\xampp\htdocs\projectx\watanybot\packages\lebanese-administrative-authority\authority\sources\arabic\national-village-manifest-clean.csv","","source-reported"
"LB-LOC-21144","33.85238524","35.51325148","national-manifest","C:\xampp\htdocs\projectx\watanybot\packages\lebanese-administrative-authority\authority\sources\arabic\national-village-manifest-clean.csv","","source-reported"
"LB-LOC-21397","33.8758759","35.72121736","national-manifest","C:\xampp\htdocs\projectx\watanybot\packages\lebanese-administrative-authority\authority\sources\arabic\national-village-manifest-clean.csv","","source-reported"
"LB-LOC-21324","33.8303013","35.63904588","national-manifest","C:\xampp\htdocs\projectx\watanybot\packages\lebanese-administrative-authority\authority\sources\arabic\national-village-manifest-clean.csv","","source-reported"
"LB-LOC-21461","33.86095347","35.75803798","national-manifest","C:\xampp\htdocs\projectx\watanybot\packages\lebanese-administrative-authority\authority\sources\arabic\national-village-manifest-clean.csv","","source-reported"
"LB-LOC-21487","33.85291155","35.70953475","national-manifest","C:\xampp\htdocs\projectx\watanybot\packages\lebanese-administrative-authority\authority\sources\arabic\national-village-manifest-clean.csv","","source-reported"
"LB-LOC-21251","33.81451391","35.53309799","national-manifest","C:\xampp\htdocs\projectx\watanybot\packages\lebanese-administrative-authority\authority\sources\arabic\national-village-manifest-clean.csv","","source-reported"
"LB-LOC-21476","33.85666838","35.79235298","national-manifest","C:\xampp\htdocs\projectx\watanybot\packages\lebanese-administrative-authority\authority\sources\arabic\national-village-manifest-clean.csv","","source-reported"
"LB-LOC-21421","33.8400915","35.7357618","national-manifest","C:\xampp\htdocs\projectx\watanybot\packages\lebanese-administrative-authority\authority\sources\arabic\national-village-manifest-clean.csv","","source-reported"
"LB-LOC-21431","33.82321395","35.71842563","national-manifest","C:\xampp\htdocs\projectx\watanybot\packages\lebanese-administrative-authority\authority\sources\arabic\national-village-manifest-clean.csv","","source-reported"
"LB-LOC-21377","33.86466354","35.6670517","national-manifest","C:\xampp\htdocs\projectx\watanybot\packages\lebanese-administrative-authority\authority\sources\arabic\national-village-manifest-clean.csv","","source-reported"
"LB-LOC-21166","33.83191984","35.51522367","national-manifest","C:\xampp\htdocs\projectx\watanybot\packages\lebanese-administrative-authority\authority\sources\arabic\national-village-manifest-clean.csv","","source-reported"
"LB-LOC-21243","33.83824429","35.5717599","national-manifest","C:\xampp\htdocs\projectx\watanybot\packages\lebanese-administrative-authority\authority\sources\arabic\national-village-manifest-clean.csv","","source-reported"
"LB-LOC-21235","33.82317029","35.53922362","national-manifest","C:\xampp\htdocs\projectx\watanybot\packages\lebanese-administrative-authority\authority\sources\arabic\national-village-manifest-clean.csv","","source-reported"
"LB-LOC-21321","33.82986246","35.65611657","national-manifest","C:\xampp\htdocs\projectx\watanybot\packages\lebanese-administrative-authority\authority\sources\arabic\national-village-manifest-clean.csv","","source-reported"
"LB-LOC-21267","33.81833487","35.5646662","national-manifest","C:\xampp\htdocs\projectx\watanybot\packages\lebanese-administrative-authority\authority\sources\arabic\national-village-manifest-clean.csv","","source-reported"
"LB-LOC-21259","33.82203457","35.55384109","national-manifest","C:\xampp\htdocs\projectx\watanybot\packages\lebanese-administrative-authority\authority\sources\arabic\national-village-manifest-clean.csv","","source-reported"
"LB-LOC-21416","33.83846474","35.72818973","national-manifest","C:\xampp\htdocs\projectx\watanybot\packages\lebanese-administrative-authority\authority\sources\arabic\national-village-manifest-clean.csv","","source-reported"
"LB-LOC-21357","33.81366974","35.69137324","national-manifest","C:\xampp\htdocs\projectx\watanybot\packages\lebanese-administrative-authority\authority\sources\arabic\national-village-manifest-clean.csv","","source-reported"
"LB-LOC-21361","33.8598662","35.62503427","national-manifest","C:\xampp\htdocs\projectx\watanybot\packages\lebanese-administrative-authority\authority\sources\arabic\national-village-manifest-clean.csv","","source-reported"
"LB-LOC-21456","33.85644998","35.72915345","national-manifest","C:\xampp\htdocs\projectx\watanybot\packages\lebanese-administrative-authority\authority\sources\arabic\national-village-manifest-clean.csv","","source-reported"
"LB-LOC-21344","33.80769591","35.67995312","national-manifest","C:\xampp\htdocs\projectx\watanybot\packages\lebanese-administrative-authority\authority\sources\arabic\national-village-manifest-clean.csv","","source-reported"
"LB-LOC-21364","33.86439418","35.65045295","national-manifest","C:\xampp\htdocs\projectx\watanybot\packages\lebanese-administrative-authority\authority\sources\arabic\national-village-manifest-clean.csv","","source-reported"
"LB-LOC-21331","33.82121711","35.67882716","national-manifest","C:\xampp\htdocs\projectx\watanybot\packages\lebanese-administrative-authority\authority\sources\arabic\national-village-manifest-clean.csv","","source-reported"
"LB-LOC-21351","33.84584924","35.65751177","national-manifest","C:\xampp\htdocs\projectx\watanybot\packages\lebanese-administrative-authority\authority\sources\arabic\national-village-manifest-clean.csv","","source-reported"
"LB-LOC-21334","33.81290591","35.66945286","national-manifest","C:\xampp\htdocs\projectx\watanybot\packages\lebanese-administrative-authority\authority\sources\arabic\national-village-manifest-clean.csv","","source-reported"
"LB-LOC-21317","33.82778826","35.6467993","national-manifest","C:\xampp\htdocs\projectx\watanybot\packages\lebanese-administrative-authority\authority\sources\arabic\national-village-manifest-clean.csv","","source-reported"
"LB-LOC-21394","33.87291602","35.69697631","national-manifest","C:\xampp\htdocs\projectx\watanybot\packages\lebanese-administrative-authority\authority\sources\arabic\national-village-manifest-clean.csv","","source-reported"
"LB-LOC-21188","33.82869769","35.49425142","national-manifest","C:\xampp\htdocs\projectx\watanybot\packages\lebanese-administrative-authority\authority\sources\arabic\national-village-manifest-clean.csv","","source-reported"
"LB-LOC-21481","33.87383578","35.80529297","national-manifest","C:\xampp\htdocs\projectx\watanybot\packages\lebanese-administrative-authority\authority\sources\arabic\national-village-manifest-clean.csv","","source-reported"
"LB-LOC-21374","33.86641203","35.63777843","national-manifest","C:\xampp\htdocs\projectx\watanybot\packages\lebanese-administrative-authority\authority\sources\arabic\national-village-manifest-clean.csv","","source-reported"
"LB-LOC-23627","33.67864088","35.62551803","national-manifest","C:\xampp\htdocs\projectx\watanybot\packages\lebanese-administrative-authority\authority\sources\arabic\national-village-manifest-clean.csv","","source-reported"
"LB-LOC-23619","33.64477971","35.60082244","national-manifest","C:\xampp\htdocs\projectx\watanybot\packages\lebanese-administrative-authority\authority\sources\arabic\national-village-manifest-clean.csv","","source-reported"
"LB-LOC-23469","33.73712607","35.72507379","national-manifest","C:\xampp\htdocs\projectx\watanybot\packages\lebanese-administrative-authority\authority\sources\arabic\national-village-manifest-clean.csv","","source-reported"
"LB-LOC-23533","33.657752","35.55689555","national-manifest","C:\xampp\htdocs\projectx\watanybot\packages\lebanese-administrative-authority\authority\sources\arabic\national-village-manifest-clean.csv","","source-reported"
"LB-LOC-23311","33.591959","35.41226003","national-manifest","C:\xampp\htdocs\projectx\watanybot\packages\lebanese-administrative-authority\authority\sources\arabic\national-village-manifest-clean.csv","","source-reported"
"LB-LOC-23639","33.61505256","35.60068385","national-manifest","C:\xampp\htdocs\projectx\watanybot\packages\lebanese-administrative-authority\authority\sources\arabic\national-village-manifest-clean.csv","","source-reported"
"LB-LOC-23427","33.71792964","35.59034699","national-manifest","C:\xampp\htdocs\projectx\watanybot\packages\lebanese-administrative-authority\authority\sources\arabic\national-village-manifest-clean.csv","","source-reported"
"LB-LOC-23239","33.62319538","35.51508443","national-manifest","C:\xampp\htdocs\projectx\watanybot\packages\lebanese-administrative-authority\authority\sources\arabic\national-village-manifest-clean.csv","","source-reported"
"LB-LOC-23544","33.66234611","35.57464364","national-manifest","C:\xampp\htdocs\projectx\watanybot\packages\lebanese-administrative-authority\authority\sources\arabic\national-village-manifest-clean.csv","","source-reported"
"LB-LOC-23631","33.6323271","35.62832866","national-manifest","C:\xampp\htdocs\projectx\watanybot\packages\lebanese-administrative-authority\authority\sources\arabic\national-village-manifest-clean.csv","","source-reported"
"LB-LOC-23511","33.66789652","35.54094037","national-manifest","C:\xampp\htdocs\projectx\watanybot\packages\lebanese-administrative-authority\authority\sources\arabic\national-village-manifest-clean.csv","","source-reported"
"LB-LOC-23255","33.66220082","35.44388802","national-manifest","C:\xampp\htdocs\projectx\watanybot\packages\lebanese-administrative-authority\authority\sources\arabic\national-village-manifest-clean.csv","","source-reported"
"LB-LOC-23251","33.64443281","35.4380436","national-manifest","C:\xampp\htdocs\projectx\watanybot\packages\lebanese-administrative-authority\authority\sources\arabic\national-village-manifest-clean.csv","","source-reported"
"LB-LOC-23679","33.69462616","35.70197793","national-manifest","C:\xampp\htdocs\projectx\watanybot\packages\lebanese-administrative-authority\authority\sources\arabic\national-village-manifest-clean.csv","","source-reported"
"LB-LOC-23675","33.59064473","35.60103538","national-manifest","C:\xampp\htdocs\projectx\watanybot\packages\lebanese-administrative-authority\authority\sources\arabic\national-village-manifest-clean.csv","","source-reported"
"LB-LOC-23663","33.69323691","35.65259605","national-manifest","C:\xampp\htdocs\projectx\watanybot\packages\lebanese-administrative-authority\authority\sources\arabic\national-village-manifest-clean.csv","","source-reported"
"LB-LOC-23687","33.614208","35.5820016","national-manifest","C:\xampp\htdocs\projectx\watanybot\packages\lebanese-administrative-authority\authority\sources\arabic\national-village-manifest-clean.csv","","source-reported"
"LB-LOC-23423","33.71230608","35.55124575","national-manifest","C:\xampp\htdocs\projectx\watanybot\packages\lebanese-administrative-authority\authority\sources\arabic\national-village-manifest-clean.csv","","source-reported"
"LB-LOC-23411","33.69299357","35.5815856","national-manifest","C:\xampp\htdocs\projectx\watanybot\packages\lebanese-administrative-authority\authority\sources\arabic\national-village-manifest-clean.csv","","source-reported"
"LB-LOC-23263","33.67662072","35.51371434","national-manifest","C:\xampp\htdocs\projectx\watanybot\packages\lebanese-administrative-authority\authority\sources\arabic\national-village-manifest-clean.csv","","source-reported"
"LB-LOC-23451","33.72619291","35.65206","national-manifest","C:\xampp\htdocs\projectx\watanybot\packages\lebanese-administrative-authority\authority\sources\arabic\national-village-manifest-clean.csv","","source-reported"
"LB-LOC-23253","33.67067712","35.4968529","national-manifest","C:\xampp\htdocs\projectx\watanybot\packages\lebanese-administrative-authority\authority\sources\arabic\national-village-manifest-clean.csv","","source-reported"
"LB-LOC-23356","33.59058335","35.49613544","national-manifest","C:\xampp\htdocs\projectx\watanybot\packages\lebanese-administrative-authority\authority\sources\arabic\national-village-manifest-clean.csv","","source-reported"
"LB-LOC-23615","33.67120722","35.64175093","national-manifest","C:\xampp\htdocs\projectx\watanybot\packages\lebanese-administrative-authority\authority\sources\arabic\national-village-manifest-clean.csv","","source-reported"
"LB-LOC-23247","33.65190896","35.48112851","national-manifest","C:\xampp\htdocs\projectx\watanybot\packages\lebanese-administrative-authority\authority\sources\arabic\national-village-manifest-clean.csv","","source-reported"
"LB-LOC-23457","33.68650995","35.49195532","national-manifest","C:\xampp\htdocs\projectx\watanybot\packages\lebanese-administrative-authority\authority\sources\arabic\national-village-manifest-clean.csv","","source-reported"
"LB-LOC-23459","33.71548075","35.65394914","national-manifest","C:\xampp\htdocs\projectx\watanybot\packages\lebanese-administrative-authority\authority\sources\arabic\national-village-manifest-clean.csv","","source-reported"
"LB-LOC-23386","33.60301374","35.54823599","national-manifest","C:\xampp\htdocs\projectx\watanybot\packages\lebanese-administrative-authority\authority\sources\arabic\national-village-manifest-clean.csv","","source-reported"
"LB-LOC-23223","33.6396834","35.46177334","national-manifest","C:\xampp\htdocs\projectx\watanybot\packages\lebanese-administrative-authority\authority\sources\arabic\national-village-manifest-clean.csv","","source-reported"
"LB-LOC-23211","33.62743661","35.48822872","national-manifest","C:\xampp\htdocs\projectx\watanybot\packages\lebanese-administrative-authority\authority\sources\arabic\national-village-manifest-clean.csv","","source-reported"
"LB-LOC-23275","33.67873261","35.5051001","national-manifest","C:\xampp\htdocs\projectx\watanybot\packages\lebanese-administrative-authority\authority\sources\arabic\national-village-manifest-clean.csv","","source-reported"
"LB-LOC-23453","33.74244714","35.63511752","national-manifest","C:\xampp\htdocs\projectx\watanybot\packages\lebanese-administrative-authority\authority\sources\arabic\national-village-manifest-clean.csv","","source-reported"
"LB-LOC-23279","33.68033323","35.44838124","national-manifest","C:\xampp\htdocs\projectx\watanybot\packages\lebanese-administrative-authority\authority\sources\arabic\national-village-manifest-clean.csv","","source-reported"
"LB-LOC-23219","33.62549222","35.46386438","national-manifest","C:\xampp\htdocs\projectx\watanybot\packages\lebanese-administrative-authority\authority\sources\arabic\national-village-manifest-clean.csv","","source-reported"
"LB-LOC-23111","33.71168384","35.45398321","national-manifest","C:\xampp\htdocs\projectx\watanybot\packages\lebanese-administrative-authority\authority\sources\arabic\national-village-manifest-clean.csv","","source-reported"
"LB-LOC-23227","33.64829283","35.51582733","national-manifest","C:\xampp\htdocs\projectx\watanybot\packages\lebanese-administrative-authority\authority\sources\arabic\national-village-manifest-clean.csv","","source-reported"
"LB-LOC-23435","33.69829891","35.5193418","national-manifest","C:\xampp\htdocs\projectx\watanybot\packages\lebanese-administrative-authority\authority\sources\arabic\national-village-manifest-clean.csv","","source-reported"
"LB-LOC-23522","33.67725774","35.53577527","national-manifest","C:\xampp\htdocs\projectx\watanybot\packages\lebanese-administrative-authority\authority\sources\arabic\national-village-manifest-clean.csv","","source-reported"
"LB-LOC-23346","33.58351167","35.48364463","national-manifest","C:\xampp\htdocs\projectx\watanybot\packages\lebanese-administrative-authority\authority\sources\arabic\national-village-manifest-clean.csv","","source-reported"
"LB-LOC-23413","33.69746411","35.55755156","national-manifest","C:\xampp\htdocs\projectx\watanybot\packages\lebanese-administrative-authority\authority\sources\arabic\national-village-manifest-clean.csv","","source-reported"
"LB-LOC-23429","33.71859072","35.56561317","national-manifest","C:\xampp\htdocs\projectx\watanybot\packages\lebanese-administrative-authority\authority\sources\arabic\national-village-manifest-clean.csv","","source-reported"
"LB-LOC-23259","33.67559177","35.47286578","national-manifest","C:\xampp\htdocs\projectx\watanybot\packages\lebanese-administrative-authority\authority\sources\arabic\national-village-manifest-clean.csv","","source-reported"
"LB-LOC-23447","33.6954014","35.50059782","national-manifest","C:\xampp\htdocs\projectx\watanybot\packages\lebanese-administrative-authority\authority\sources\arabic\national-village-manifest-clean.csv","","source-reported"
"LB-LOC-23449","33.71283651","35.63889725","national-manifest","C:\xampp\htdocs\projectx\watanybot\packages\lebanese-administrative-authority\authority\sources\arabic\national-village-manifest-clean.csv","","source-reported"
"LB-LOC-23467","33.71314488","35.70533152","national-manifest","C:\xampp\htdocs\projectx\watanybot\packages\lebanese-administrative-authority\authority\sources\arabic\national-village-manifest-clean.csv","","source-reported"
"LB-LOC-23438","33.69296767","35.52749242","national-manifest","C:\xampp\htdocs\projectx\watanybot\packages\lebanese-administrative-authority\authority\sources\arabic\national-village-manifest-clean.csv","","source-reported"
"LB-LOC-23566","33.63080768","35.55800472","national-manifest","C:\xampp\htdocs\projectx\watanybot\packages\lebanese-administrative-authority\authority\sources\arabic\national-village-manifest-clean.csv","","source-reported"
"LB-LOC-23647","33.62145207","35.61568501","national-manifest","C:\xampp\htdocs\projectx\watanybot\packages\lebanese-administrative-authority\authority\sources\arabic\national-village-manifest-clean.csv","","source-reported"
"LB-LOC-23588","33.62622936","35.53679701","national-manifest","C:\xampp\htdocs\projectx\watanybot\packages\lebanese-administrative-authority\authority\sources\arabic\national-village-manifest-clean.csv","","source-reported"
"LB-LOC-23271","33.63420025","35.40951922","national-manifest","C:\xampp\htdocs\projectx\watanybot\packages\lebanese-administrative-authority\authority\sources\arabic\national-village-manifest-clean.csv","","source-reported"
"LB-LOC-23577","33.66195823","35.51176064","national-manifest","C:\xampp\htdocs\projectx\watanybot\packages\lebanese-administrative-authority\authority\sources\arabic\national-village-manifest-clean.csv","","source-reported"
"LB-LOC-23671","33.6038459","35.64463633","national-manifest","C:\xampp\htdocs\projectx\watanybot\packages\lebanese-administrative-authority\authority\sources\arabic\national-village-manifest-clean.csv","","source-reported"
"LB-LOC-23623","33.66916746","35.60562721","national-manifest","C:\xampp\htdocs\projectx\watanybot\packages\lebanese-administrative-authority\authority\sources\arabic\national-village-manifest-clean.csv","","source-reported"
"LB-LOC-23267","33.66546399","35.42536999","national-manifest","C:\xampp\htdocs\projectx\watanybot\packages\lebanese-administrative-authority\authority\sources\arabic\national-village-manifest-clean.csv","","source-reported"
"LB-LOC-23376","33.60655529","35.52630224","national-manifest","C:\xampp\htdocs\projectx\watanybot\packages\lebanese-administrative-authority\authority\sources\arabic\national-village-manifest-clean.csv","","source-reported"
"LB-LOC-23316","33.59750131","35.42921087","national-manifest","C:\xampp\htdocs\projectx\watanybot\packages\lebanese-administrative-authority\authority\sources\arabic\national-village-manifest-clean.csv","","source-reported"
"LB-LOC-23336","33.57886943","35.44852628","national-manifest","C:\xampp\htdocs\projectx\watanybot\packages\lebanese-administrative-authority\authority\sources\arabic\national-village-manifest-clean.csv","","source-reported"
"LB-LOC-23643","33.64839185","35.59263339","national-manifest","C:\xampp\htdocs\projectx\watanybot\packages\lebanese-administrative-authority\authority\sources\arabic\national-village-manifest-clean.csv","","source-reported"
"LB-LOC-23231","33.61519118","35.45414451","national-manifest","C:\xampp\htdocs\projectx\watanybot\packages\lebanese-administrative-authority\authority\sources\arabic\national-village-manifest-clean.csv","","source-reported"
"LB-LOC-23433","33.70284097","35.53701636","national-manifest","C:\xampp\htdocs\projectx\watanybot\packages\lebanese-administrative-authority\authority\sources\arabic\national-village-manifest-clean.csv","","source-reported"
"LB-LOC-23415","33.70861027","35.56623787","national-manifest","C:\xampp\htdocs\projectx\watanybot\packages\lebanese-administrative-authority\authority\sources\arabic\national-village-manifest-clean.csv","","source-reported"
"LB-LOC-23454","33.74769824","35.63879719","national-manifest","C:\xampp\htdocs\projectx\watanybot\packages\lebanese-administrative-authority\authority\sources\arabic\national-village-manifest-clean.csv","","source-reported"
"LB-LOC-23439","33.68846535","35.52524736","national-manifest","C:\xampp\htdocs\projectx\watanybot\packages\lebanese-administrative-authority\authority\sources\arabic\national-village-manifest-clean.csv","","source-reported"
"LB-LOC-23655","33.69784778","35.63088956","national-manifest","C:\xampp\htdocs\projectx\watanybot\packages\lebanese-administrative-authority\authority\sources\arabic\national-village-manifest-clean.csv","","source-reported"
"LB-LOC-23455","33.73530455","35.65335749","national-manifest","C:\xampp\htdocs\projectx\watanybot\packages\lebanese-administrative-authority\authority\sources\arabic\national-village-manifest-clean.csv","","source-reported"
"LB-LOC-23419","33.71021821","35.58899303","national-manifest","C:\xampp\htdocs\projectx\watanybot\packages\lebanese-administrative-authority\authority\sources\arabic\national-village-manifest-clean.csv","","source-reported"
"LB-LOC-23635","33.64513903","35.64676746","national-manifest","C:\xampp\htdocs\projectx\watanybot\packages\lebanese-administrative-authority\authority\sources\arabic\national-village-manifest-clean.csv","","source-reported"
"LB-LOC-23371","33.58397742","35.52299559","national-manifest","C:\xampp\htdocs\projectx\watanybot\packages\lebanese-administrative-authority\authority\sources\arabic\national-village-manifest-clean.csv","","source-reported"
"LB-LOC-23425","33.71960626","35.57524773","national-manifest","C:\xampp\htdocs\projectx\watanybot\packages\lebanese-administrative-authority\authority\sources\arabic\national-village-manifest-clean.csv","","source-reported"
"LB-LOC-23235","33.62964075","35.44533649","national-manifest","C:\xampp\htdocs\projectx\watanybot\packages\lebanese-administrative-authority\authority\sources\arabic\national-village-manifest-clean.csv","","source-reported"
"LB-LOC-23421","33.69729967","35.59994902","national-manifest","C:\xampp\htdocs\projectx\watanybot\packages\lebanese-administrative-authority\authority\sources\arabic\national-village-manifest-clean.csv","","source-reported"
"LB-LOC-23667","33.66086018","35.66686143","national-manifest","C:\xampp\htdocs\projectx\watanybot\packages\lebanese-administrative-authority\authority\sources\arabic\national-village-manifest-clean.csv","","source-reported"
"LB-LOC-23326","33.59807315","35.44554589","national-manifest","C:\xampp\htdocs\projectx\watanybot\packages\lebanese-administrative-authority\authority\sources\arabic\national-village-manifest-clean.csv","","source-reported"
"LB-LOC-23445","33.72622191","35.62212306","national-manifest","C:\xampp\htdocs\projectx\watanybot\packages\lebanese-administrative-authority\authority\sources\arabic\national-village-manifest-clean.csv","","source-reported"
"LB-LOC-23215","33.6081467","35.48111097","national-manifest","C:\xampp\htdocs\projectx\watanybot\packages\lebanese-administrative-authority\authority\sources\arabic\national-village-manifest-clean.csv","","source-reported"
"LB-LOC-23361","33.59446247","35.50894185","national-manifest","C:\xampp\htdocs\projectx\watanybot\packages\lebanese-administrative-authority\authority\sources\arabic\national-village-manifest-clean.csv","","source-reported"
"LB-LOC-23651","33.62134923","35.57070145","national-manifest","C:\xampp\htdocs\projectx\watanybot\packages\lebanese-administrative-authority\authority\sources\arabic\national-village-manifest-clean.csv","","source-reported"
"LB-LOC-23431","33.70634081","35.60576888","national-manifest","C:\xampp\htdocs\projectx\watanybot\packages\lebanese-administrative-authority\authority\sources\arabic\national-village-manifest-clean.csv","","source-reported"
"LB-LOC-23366","33.5918869","35.52993364","national-manifest","C:\xampp\htdocs\projectx\watanybot\packages\lebanese-administrative-authority\authority\sources\arabic\national-village-manifest-clean.csv","","source-reported"
"LB-LOC-23171","33.70793011","35.47647048","national-manifest","C:\xampp\htdocs\projectx\watanybot\packages\lebanese-administrative-authority\authority\sources\arabic\national-village-manifest-clean.csv","","source-reported"
"LB-LOC-23341","33.60137391","35.45756165","national-manifest","C:\xampp\htdocs\projectx\watanybot\packages\lebanese-administrative-authority\authority\sources\arabic\national-village-manifest-clean.csv","","source-reported"
"LB-LOC-23461","33.69436162","35.48031788","national-manifest","C:\xampp\htdocs\projectx\watanybot\packages\lebanese-administrative-authority\authority\sources\arabic\national-village-manifest-clean.csv","","source-reported"
"LB-LOC-23611","33.65721361","35.61009669","national-manifest","C:\xampp\htdocs\projectx\watanybot\packages\lebanese-administrative-authority\authority\sources\arabic\national-village-manifest-clean.csv","","source-reported"
"LB-LOC-23659","33.62054838","35.65655233","national-manifest","C:\xampp\htdocs\projectx\watanybot\packages\lebanese-administrative-authority\authority\sources\arabic\national-village-manifest-clean.csv","","source-reported"
"LB-LOC-23365","33.60803658","35.53744858","national-manifest","C:\xampp\htdocs\projectx\watanybot\packages\lebanese-administrative-authority\authority\sources\arabic\national-village-manifest-clean.csv","","source-reported"
"LB-LOC-23141","33.74561025","35.46664357","national-manifest","C:\xampp\htdocs\projectx\watanybot\packages\lebanese-administrative-authority\authority\sources\arabic\national-village-manifest-clean.csv","","source-reported"
"LB-LOC-23625","33.54729443","35.62278524","national-manifest","C:\xampp\htdocs\projectx\watanybot\packages\lebanese-administrative-authority\authority\sources\arabic\national-village-manifest-clean.csv","","source-reported"
"LB-LOC-23237","33.67822205","35.49748084","national-manifest","C:\xampp\htdocs\projectx\watanybot\packages\lebanese-administrative-authority\authority\sources\arabic\national-village-manifest-clean.csv","","source-reported"
"LB-LOC-23555","33.67856407","35.52390453","national-manifest","C:\xampp\htdocs\projectx\watanybot\packages\lebanese-administrative-authority\authority\sources\arabic\national-village-manifest-clean.csv","","source-reported"
"LB-LOC-23441","33.68495726","35.53109729","national-manifest","C:\xampp\htdocs\projectx\watanybot\packages\lebanese-administrative-authority\authority\sources\arabic\national-village-manifest-clean.csv","","source-reported"
"LB-LOC-23443","33.71458546","35.62694305","national-manifest","C:\xampp\htdocs\projectx\watanybot\packages\lebanese-administrative-authority\authority\sources\arabic\national-village-manifest-clean.csv","","source-reported"
"LB-LOC-23331","33.61091787","35.42594928","national-manifest","C:\xampp\htdocs\projectx\watanybot\packages\lebanese-administrative-authority\authority\sources\arabic\national-village-manifest-clean.csv","","source-reported"
"LB-LOC-23463","33.71781145","35.67040409","national-manifest","C:\xampp\htdocs\projectx\watanybot\packages\lebanese-administrative-authority\authority\sources\arabic\national-village-manifest-clean.csv","","source-reported"
"LB-LOC-23351","33.59738511","35.48856616","national-manifest","C:\xampp\htdocs\projectx\watanybot\packages\lebanese-administrative-authority\authority\sources\arabic\national-village-manifest-clean.csv","","source-reported"
"LB-LOC-23321","33.60278102","35.39652757","national-manifest","C:\xampp\htdocs\projectx\watanybot\packages\lebanese-administrative-authority\authority\sources\arabic\national-village-manifest-clean.csv","","source-reported"
"LB-LOC-23417","33.67609428","35.59062978","national-manifest","C:\xampp\htdocs\projectx\watanybot\packages\lebanese-administrative-authority\authority\sources\arabic\national-village-manifest-clean.csv","","source-reported"
"LB-LOC-23243","33.62494013","35.42057566","national-manifest","C:\xampp\htdocs\projectx\watanybot\packages\lebanese-administrative-authority\authority\sources\arabic\national-village-manifest-clean.csv","","source-reported"
"LB-LOC-23437","33.68504316","35.50781775","national-manifest","C:\xampp\htdocs\projectx\watanybot\packages\lebanese-administrative-authority\authority\sources\arabic\national-village-manifest-clean.csv","","source-reported"
"LB-LOC-23381","33.60896626","35.51515705","national-manifest","C:\xampp\htdocs\projectx\watanybot\packages\lebanese-administrative-authority\authority\sources\arabic\national-village-manifest-clean.csv","","source-reported"
"LB-LOC-22551","33.91844002","35.65754827","national-manifest","C:\xampp\htdocs\projectx\watanybot\packages\lebanese-administrative-authority\authority\sources\arabic\national-village-manifest-clean.csv","","source-reported"
"LB-LOC-22471","33.92288072","35.64406202","national-manifest","C:\xampp\htdocs\projectx\watanybot\packages\lebanese-administrative-authority\authority\sources\arabic\national-village-manifest-clean.csv","","source-reported"
"LB-LOC-22543","33.93286775","35.70124407","national-manifest","C:\xampp\htdocs\projectx\watanybot\packages\lebanese-administrative-authority\authority\sources\arabic\national-village-manifest-clean.csv","","source-reported"
"LB-LOC-22777","33.93858179","35.76916839","national-manifest","C:\xampp\htdocs\projectx\watanybot\packages\lebanese-administrative-authority\authority\sources\arabic\national-village-manifest-clean.csv","","source-reported"
"LB-LOC-22523","33.92542374","35.70121648","national-manifest","C:\xampp\htdocs\projectx\watanybot\packages\lebanese-administrative-authority\authority\sources\arabic\national-village-manifest-clean.csv","","source-reported"
"LB-LOC-22737","33.90259836","35.7280294","national-manifest","C:\xampp\htdocs\projectx\watanybot\packages\lebanese-administrative-authority\authority\sources\arabic\national-village-manifest-clean.csv","","source-reported"
"LB-LOC-22727","33.91171683","35.72802507","national-manifest","C:\xampp\htdocs\projectx\watanybot\packages\lebanese-administrative-authority\authority\sources\arabic\national-village-manifest-clean.csv","","source-reported"
"LB-LOC-22563","33.93427222","35.72648899","national-manifest","C:\xampp\htdocs\projectx\watanybot\packages\lebanese-administrative-authority\authority\sources\arabic\national-village-manifest-clean.csv","","source-reported"
"LB-LOC-22714","33.90497269","35.74316839","national-manifest","C:\xampp\htdocs\projectx\watanybot\packages\lebanese-administrative-authority\authority\sources\arabic\national-village-manifest-clean.csv","","source-reported"
"LB-LOC-22423","33.8690109","35.58712566","national-manifest","C:\xampp\htdocs\projectx\watanybot\packages\lebanese-administrative-authority\authority\sources\arabic\national-village-manifest-clean.csv","","source-reported"
"LB-LOC-22343","33.90072876","35.56885488","national-manifest","C:\xampp\htdocs\projectx\watanybot\packages\lebanese-administrative-authority\authority\sources\arabic\national-village-manifest-clean.csv","","source-reported"
"LB-LOC-22555","33.91047866","35.64681735","national-manifest","C:\xampp\htdocs\projectx\watanybot\packages\lebanese-administrative-authority\authority\sources\arabic\national-village-manifest-clean.csv","","source-reported"
"LB-LOC-22635","33.88086809","35.65829572","national-manifest","C:\xampp\htdocs\projectx\watanybot\packages\lebanese-administrative-authority\authority\sources\arabic\national-village-manifest-clean.csv","","source-reported"
"LB-LOC-22767","33.90551354","35.7055379","national-manifest","C:\xampp\htdocs\projectx\watanybot\packages\lebanese-administrative-authority\authority\sources\arabic\national-village-manifest-clean.csv","","source-reported"
"LB-LOC-22575","33.93857417","35.7215057","national-manifest","C:\xampp\htdocs\projectx\watanybot\packages\lebanese-administrative-authority\authority\sources\arabic\national-village-manifest-clean.csv","","source-reported"
"LB-LOC-22751","33.89543517","35.78850226","national-manifest","C:\xampp\htdocs\projectx\watanybot\packages\lebanese-administrative-authority\authority\sources\arabic\national-village-manifest-clean.csv","","source-reported"
"LB-LOC-22311","33.91434045","35.59472258","national-manifest","C:\xampp\htdocs\projectx\watanybot\packages\lebanese-administrative-authority\authority\sources\arabic\national-village-manifest-clean.csv","","source-reported"
"LB-LOC-22659","33.89316803","35.67610252","national-manifest","C:\xampp\htdocs\projectx\watanybot\packages\lebanese-administrative-authority\authority\sources\arabic\national-village-manifest-clean.csv","","source-reported"
"LB-LOC-22228","33.88519073","35.55784911","national-manifest","C:\xampp\htdocs\projectx\watanybot\packages\lebanese-administrative-authority\authority\sources\arabic\national-village-manifest-clean.csv","","source-reported"
"LB-LOC-22797","33.94819549","35.80877044","national-manifest","C:\xampp\htdocs\projectx\watanybot\packages\lebanese-administrative-authority\authority\sources\arabic\national-village-manifest-clean.csv","","source-reported"
"LB-LOC-22531","33.93039294","35.67293868","national-manifest","C:\xampp\htdocs\projectx\watanybot\packages\lebanese-administrative-authority\authority\sources\arabic\national-village-manifest-clean.csv","","source-reported"
"LB-LOC-22459","33.92873226","35.61751993","national-manifest","C:\xampp\htdocs\projectx\watanybot\packages\lebanese-administrative-authority\authority\sources\arabic\national-village-manifest-clean.csv","","source-reported"
"LB-LOC-22451","33.92442079","35.63711592","national-manifest","C:\xampp\htdocs\projectx\watanybot\packages\lebanese-administrative-authority\authority\sources\arabic\national-village-manifest-clean.csv","","source-reported"
"LB-LOC-22667","33.85758914","35.60183087","national-manifest","C:\xampp\htdocs\projectx\watanybot\packages\lebanese-administrative-authority\authority\sources\arabic\national-village-manifest-clean.csv","","source-reported"
"LB-LOC-22535","33.91339456","35.66834731","national-manifest","C:\xampp\htdocs\projectx\watanybot\packages\lebanese-administrative-authority\authority\sources\arabic\national-village-manifest-clean.csv","","source-reported"
"LB-LOC-22511","33.91986436","35.68488267","national-manifest","C:\xampp\htdocs\projectx\watanybot\packages\lebanese-administrative-authority\authority\sources\arabic\national-village-manifest-clean.csv","","source-reported"
"LB-LOC-22724","33.89970048","35.7373565","national-manifest","C:\xampp\htdocs\projectx\watanybot\packages\lebanese-administrative-authority\authority\sources\arabic\national-village-manifest-clean.csv","","source-reported"
"LB-LOC-22111","33.89225492","35.5416968","national-manifest","C:\xampp\htdocs\projectx\watanybot\packages\lebanese-administrative-authority\authority\sources\arabic\national-village-manifest-clean.csv","","source-reported"
"LB-LOC-22431","33.90198301","35.58780535","national-manifest","C:\xampp\htdocs\projectx\watanybot\packages\lebanese-administrative-authority\authority\sources\arabic\national-village-manifest-clean.csv","","source-reported"
"LB-LOC-22611","33.87936925","35.62435466","national-manifest","C:\xampp\htdocs\projectx\watanybot\packages\lebanese-administrative-authority\authority\sources\arabic\national-village-manifest-clean.csv","","source-reported"
"LB-LOC-22439","33.90055856","35.60455326","national-manifest","C:\xampp\htdocs\projectx\watanybot\packages\lebanese-administrative-authority\authority\sources\arabic\national-village-manifest-clean.csv","","source-reported"
"LB-LOC-22691","33.88539833","35.70446395","national-manifest","C:\xampp\htdocs\projectx\watanybot\packages\lebanese-administrative-authority\authority\sources\arabic\national-village-manifest-clean.csv","","source-reported"
"LB-LOC-22757","33.92762151","35.76168859","national-manifest","C:\xampp\htdocs\projectx\watanybot\packages\lebanese-administrative-authority\authority\sources\arabic\national-village-manifest-clean.csv","","source-reported"
"LB-LOC-22359","33.8945596","35.58576049","national-manifest","C:\xampp\htdocs\projectx\watanybot\packages\lebanese-administrative-authority\authority\sources\arabic\national-village-manifest-clean.csv","","source-reported"
"LB-LOC-22559","33.93024613","35.65916798","national-manifest","C:\xampp\htdocs\projectx\watanybot\packages\lebanese-administrative-authority\authority\sources\arabic\national-village-manifest-clean.csv","","source-reported"
"LB-LOC-22764","33.92927131","35.71806164","national-manifest","C:\xampp\htdocs\projectx\watanybot\packages\lebanese-administrative-authority\authority\sources\arabic\national-village-manifest-clean.csv","","source-reported"
"LB-LOC-22754","33.91539037","35.71556034","national-manifest","C:\xampp\htdocs\projectx\watanybot\packages\lebanese-administrative-authority\authority\sources\arabic\national-village-manifest-clean.csv","","source-reported"
"LB-LOC-22591","33.93620071","35.73193089","national-manifest","C:\xampp\htdocs\projectx\watanybot\packages\lebanese-administrative-authority\authority\sources\arabic\national-village-manifest-clean.csv","","source-reported"
"LB-LOC-22675","33.90059704","35.66110444","national-manifest","C:\xampp\htdocs\projectx\watanybot\packages\lebanese-administrative-authority\authority\sources\arabic\national-village-manifest-clean.csv","","source-reported"
"LB-LOC-22415","33.84591389","35.57404714","national-manifest","C:\xampp\htdocs\projectx\watanybot\packages\lebanese-administrative-authority\authority\sources\arabic\national-village-manifest-clean.csv","","source-reported"
"LB-LOC-22375","33.93721744","35.58917492","national-manifest","C:\xampp\htdocs\projectx\watanybot\packages\lebanese-administrative-authority\authority\sources\arabic\national-village-manifest-clean.csv","","source-reported"
"LB-LOC-22579","33.9486907","35.71687635","national-manifest","C:\xampp\htdocs\projectx\watanybot\packages\lebanese-administrative-authority\authority\sources\arabic\national-village-manifest-clean.csv","","source-reported"
"LB-LOC-22487","33.94399031","35.62926491","national-manifest","C:\xampp\htdocs\projectx\watanybot\packages\lebanese-administrative-authority\authority\sources\arabic\national-village-manifest-clean.csv","","source-reported"
"LB-LOC-22245","33.86971388","35.55851795","national-manifest","C:\xampp\htdocs\projectx\watanybot\packages\lebanese-administrative-authority\authority\sources\arabic\national-village-manifest-clean.csv","","source-reported"
"LB-LOC-22479","33.94036633","35.6183277","national-manifest","C:\xampp\htdocs\projectx\watanybot\packages\lebanese-administrative-authority\authority\sources\arabic\national-village-manifest-clean.csv","","source-reported"
"LB-LOC-22262","33.87661652","35.54608958","national-manifest","C:\xampp\htdocs\projectx\watanybot\packages\lebanese-administrative-authority\authority\sources\arabic\national-village-manifest-clean.csv","","source-reported"
"LB-LOC-22463","33.93198799","35.62134054","national-manifest","C:\xampp\htdocs\projectx\watanybot\packages\lebanese-administrative-authority\authority\sources\arabic\national-village-manifest-clean.csv","","source-reported"
"LB-LOC-22761","33.90141974","35.70051765","national-manifest","C:\xampp\htdocs\projectx\watanybot\packages\lebanese-administrative-authority\authority\sources\arabic\national-village-manifest-clean.csv","","source-reported"
"LB-LOC-22419","33.87786403","35.57536443","national-manifest","C:\xampp\htdocs\projectx\watanybot\packages\lebanese-administrative-authority\authority\sources\arabic\national-village-manifest-clean.csv","","source-reported"
"LB-LOC-22571","33.93702776","35.65979963","national-manifest","C:\xampp\htdocs\projectx\watanybot\packages\lebanese-administrative-authority\authority\sources\arabic\national-village-manifest-clean.csv","","source-reported"
"LB-LOC-22383","33.93794728","35.59766291","national-manifest","C:\xampp\htdocs\projectx\watanybot\packages\lebanese-administrative-authority\authority\sources\arabic\national-village-manifest-clean.csv","","source-reported"
"LB-LOC-22583","33.92783752","35.64343544","national-manifest","C:\xampp\htdocs\projectx\watanybot\packages\lebanese-administrative-authority\authority\sources\arabic\national-village-manifest-clean.csv","","source-reported"
"LB-LOC-22547","33.94112794","35.71067559","national-manifest","C:\xampp\htdocs\projectx\watanybot\packages\lebanese-administrative-authority\authority\sources\arabic\national-village-manifest-clean.csv","","source-reported"
"LB-LOC-22327","33.90586099","35.58037885","national-manifest","C:\xampp\htdocs\projectx\watanybot\packages\lebanese-administrative-authority\authority\sources\arabic\national-village-manifest-clean.csv","","source-reported"
"LB-LOC-22211","33.89008428","35.57089455","national-manifest","C:\xampp\htdocs\projectx\watanybot\packages\lebanese-administrative-authority\authority\sources\arabic\national-village-manifest-clean.csv","","source-reported"
"LB-LOC-22587","33.92978515","35.73158396","national-manifest","C:\xampp\htdocs\projectx\watanybot\packages\lebanese-administrative-authority\authority\sources\arabic\national-village-manifest-clean.csv","","source-reported"
"LB-LOC-22619","33.89585682","35.62769282","national-manifest","C:\xampp\htdocs\projectx\watanybot\packages\lebanese-administrative-authority\authority\sources\arabic\national-village-manifest-clean.csv","","source-reported"
"LB-LOC-22781","33.94180024","35.74508341","national-manifest","C:\xampp\htdocs\projectx\watanybot\packages\lebanese-administrative-authority\authority\sources\arabic\national-village-manifest-clean.csv","","source-reported"
"LB-LOC-22799","33.97651688","35.80241054","national-manifest","C:\xampp\htdocs\projectx\watanybot\packages\lebanese-administrative-authority\authority\sources\arabic\national-village-manifest-clean.csv","","source-reported"
"LB-LOC-22722","33.89318099","35.72839191","national-manifest","C:\xampp\htdocs\projectx\watanybot\packages\lebanese-administrative-authority\authority\sources\arabic\national-village-manifest-clean.csv","","source-reported"
"LB-LOC-22747","33.9211691","35.73891812","national-manifest","C:\xampp\htdocs\projectx\watanybot\packages\lebanese-administrative-authority\authority\sources\arabic\national-village-manifest-clean.csv","","source-reported"
"LB-LOC-22787","33.94364846","35.75549755","national-manifest","C:\xampp\htdocs\projectx\watanybot\packages\lebanese-administrative-authority\authority\sources\arabic\national-village-manifest-clean.csv","","source-reported"
"LB-LOC-22774","33.89167584","35.80786137","national-manifest","C:\xampp\htdocs\projectx\watanybot\packages\lebanese-administrative-authority\authority\sources\arabic\national-village-manifest-clean.csv","","source-reported"
"LB-LOC-22435","33.90140201","35.59561256","national-manifest","C:\xampp\htdocs\projectx\watanybot\packages\lebanese-administrative-authority\authority\sources\arabic\national-village-manifest-clean.csv","","source-reported"
"LB-LOC-22411","33.85350649","35.56710027","national-manifest","C:\xampp\htdocs\projectx\watanybot\packages\lebanese-administrative-authority\authority\sources\arabic\national-village-manifest-clean.csv","","source-reported"
"LB-LOC-22527","33.93570911","35.68699498","national-manifest","C:\xampp\htdocs\projectx\watanybot\packages\lebanese-administrative-authority\authority\sources\arabic\national-village-manifest-clean.csv","","source-reported"
"LB-LOC-22784","33.89993793","35.68848904","national-manifest","C:\xampp\htdocs\projectx\watanybot\packages\lebanese-administrative-authority\authority\sources\arabic\national-village-manifest-clean.csv","","source-reported"
"LB-LOC-22734","33.91753073","35.75704631","national-manifest","C:\xampp\htdocs\projectx\watanybot\packages\lebanese-administrative-authority\authority\sources\arabic\national-village-manifest-clean.csv","","source-reported"
"LB-LOC-22627","33.87868989","35.64170103","national-manifest","C:\xampp\htdocs\projectx\watanybot\packages\lebanese-administrative-authority\authority\sources\arabic\national-village-manifest-clean.csv","","source-reported"
"LB-LOC-22539","33.94153067","35.6919976","national-manifest","C:\xampp\htdocs\projectx\watanybot\packages\lebanese-administrative-authority\authority\sources\arabic\national-village-manifest-clean.csv","","source-reported"
"LB-LOC-22391","33.93387865","35.59826238","national-manifest","C:\xampp\htdocs\projectx\watanybot\packages\lebanese-administrative-authority\authority\sources\arabic\national-village-manifest-clean.csv","","source-reported"
"LB-LOC-22367","33.93203301","35.60665766","national-manifest","C:\xampp\htdocs\projectx\watanybot\packages\lebanese-administrative-authority\authority\sources\arabic\national-village-manifest-clean.csv","","source-reported"
"LB-LOC-22475","33.93057802","35.63315375","national-manifest","C:\xampp\htdocs\projectx\watanybot\packages\lebanese-administrative-authority\authority\sources\arabic\national-village-manifest-clean.csv","","source-reported"
"LB-LOC-22717","33.88426774","35.74490581","national-manifest","C:\xampp\htdocs\projectx\watanybot\packages\lebanese-administrative-authority\authority\sources\arabic\national-village-manifest-clean.csv","","source-reported"
"LB-LOC-22319","33.90828381","35.59833635","national-manifest","C:\xampp\htdocs\projectx\watanybot\packages\lebanese-administrative-authority\authority\sources\arabic\national-village-manifest-clean.csv","","source-reported"
"LB-LOC-22515","33.92197569","35.69431109","national-manifest","C:\xampp\htdocs\projectx\watanybot\packages\lebanese-administrative-authority\authority\sources\arabic\national-village-manifest-clean.csv","","source-reported"
"LB-LOC-22279","33.86062707","35.55679866","national-manifest","C:\xampp\htdocs\projectx\watanybot\packages\lebanese-administrative-authority\authority\sources\arabic\national-village-manifest-clean.csv","","source-reported"
"LB-LOC-22733","33.90982828","35.75714311","national-manifest","C:\xampp\htdocs\projectx\watanybot\packages\lebanese-administrative-authority\authority\sources\arabic\national-village-manifest-clean.csv","","source-reported"
"LB-LOC-22711","33.91957749","35.80698314","national-manifest","C:\xampp\htdocs\projectx\watanybot\packages\lebanese-administrative-authority\authority\sources\arabic\national-village-manifest-clean.csv","","source-reported"
"LB-LOC-22447","33.92243935","35.61240732","national-manifest","C:\xampp\htdocs\projectx\watanybot\packages\lebanese-administrative-authority\authority\sources\arabic\national-village-manifest-clean.csv","","source-reported"
"LB-LOC-22651","33.89598863","35.64363299","national-manifest","C:\xampp\htdocs\projectx\watanybot\packages\lebanese-administrative-authority\authority\sources\arabic\national-village-manifest-clean.csv","","source-reported"
"LB-LOC-22443","33.90395988","35.62429684","national-manifest","C:\xampp\htdocs\projectx\watanybot\packages\lebanese-administrative-authority\authority\sources\arabic\national-village-manifest-clean.csv","","source-reported"
"LB-LOC-22335","33.92371817","35.59324614","national-manifest","C:\xampp\htdocs\projectx\watanybot\packages\lebanese-administrative-authority\authority\sources\arabic\national-village-manifest-clean.csv","","source-reported"
"LB-LOC-22519","33.93164556","35.69324683","national-manifest","C:\xampp\htdocs\projectx\watanybot\packages\lebanese-administrative-authority\authority\sources\arabic\national-village-manifest-clean.csv","","source-reported"
"LB-LOC-22791","33.95321649","35.75161788","national-manifest","C:\xampp\htdocs\projectx\watanybot\packages\lebanese-administrative-authority\authority\sources\arabic\national-village-manifest-clean.csv","","source-reported"
"LB-LOC-22731","33.90864889","35.73574726","national-manifest","C:\xampp\htdocs\projectx\watanybot\packages\lebanese-administrative-authority\authority\sources\arabic\national-village-manifest-clean.csv","","source-reported"
"LB-LOC-22744","33.89487129","35.71981755","national-manifest","C:\xampp\htdocs\projectx\watanybot\packages\lebanese-administrative-authority\authority\sources\arabic\national-village-manifest-clean.csv","","source-reported"
"LB-LOC-22683","33.88622398","35.69272471","national-manifest","C:\xampp\htdocs\projectx\watanybot\packages\lebanese-administrative-authority\authority\sources\arabic\national-village-manifest-clean.csv","","source-reported"
"LB-LOC-22643","33.89217751","35.61847988","national-manifest","C:\xampp\htdocs\projectx\watanybot\packages\lebanese-administrative-authority\authority\sources\arabic\national-village-manifest-clean.csv","","source-reported"
"LB-LOC-22455","33.9162084","35.62666325","national-manifest","C:\xampp\htdocs\projectx\watanybot\packages\lebanese-administrative-authority\authority\sources\arabic\national-village-manifest-clean.csv","","source-reported"
"LB-LOC-22595","33.93499638","35.64841046","national-manifest","C:\xampp\htdocs\projectx\watanybot\packages\lebanese-administrative-authority\authority\sources\arabic\national-village-manifest-clean.csv","","source-reported"
"LB-LOC-22427","33.88500561","35.60230581","national-manifest","C:\xampp\htdocs\projectx\watanybot\packages\lebanese-administrative-authority\authority\sources\arabic\national-village-manifest-clean.csv","","source-reported"
"LB-LOC-22567","33.94337329","35.69841045","national-manifest","C:\xampp\htdocs\projectx\watanybot\packages\lebanese-administrative-authority\authority\sources\arabic\national-village-manifest-clean.csv","","source-reported"
"LB-LOC-22155","33.8764007","35.5350559","national-manifest","C:\xampp\htdocs\projectx\watanybot\packages\lebanese-administrative-authority\authority\sources\arabic\national-village-manifest-clean.csv","","source-reported"
"LB-LOC-22794","33.95220873","35.73545102","national-manifest","C:\xampp\htdocs\projectx\watanybot\packages\lebanese-administrative-authority\authority\sources\arabic\national-village-manifest-clean.csv","","source-reported"
"LB-LOC-22483","33.9384034","35.62941518","national-manifest","C:\xampp\htdocs\projectx\watanybot\packages\lebanese-administrative-authority\authority\sources\arabic\national-village-manifest-clean.csv","","source-reported"
"LB-LOC-22351","33.89908924","35.57962534","national-manifest","C:\xampp\htdocs\projectx\watanybot\packages\lebanese-administrative-authority\authority\sources\arabic\national-village-manifest-clean.csv","","source-reported"
"LB-LOC-22741","33.89755702","35.70801122","national-manifest","C:\xampp\htdocs\projectx\watanybot\packages\lebanese-administrative-authority\authority\sources\arabic\national-village-manifest-clean.csv","","source-reported"
"LB-LOC-22771","33.92253392","35.71451181","national-manifest","C:\xampp\htdocs\projectx\watanybot\packages\lebanese-administrative-authority\authority\sources\arabic\national-village-manifest-clean.csv","","source-reported"
"LB-LOC-22467","33.94830282","35.59989193","national-manifest","C:\xampp\htdocs\projectx\watanybot\packages\lebanese-administrative-authority\authority\sources\arabic\national-village-manifest-clean.csv","","source-reported"
"LB-LOC-26256","34.1638069","35.72481355","national-manifest","C:\xampp\htdocs\projectx\watanybot\packages\lebanese-administrative-authority\authority\sources\arabic\national-village-manifest-clean.csv","","source-reported"
"LB-LOC-26221","34.09100372","35.7646197","national-manifest","C:\xampp\htdocs\projectx\watanybot\packages\lebanese-administrative-authority\authority\sources\arabic\national-village-manifest-clean.csv","","source-reported"
"LB-LOC-26317","34.08353234","35.85866381","national-manifest","C:\xampp\htdocs\projectx\watanybot\packages\lebanese-administrative-authority\authority\sources\arabic\national-village-manifest-clean.csv","","source-reported"
"LB-LOC-26227","34.08390112","35.76677575","national-manifest","C:\xampp\htdocs\projectx\watanybot\packages\lebanese-administrative-authority\authority\sources\arabic\national-village-manifest-clean.csv","","source-reported"
"LB-LOC-26289","34.18695016","35.6967108","national-manifest","C:\xampp\htdocs\projectx\watanybot\packages\lebanese-administrative-authority\authority\sources\arabic\national-village-manifest-clean.csv","","source-reported"
"LB-LOC-26219","34.09046008","35.69252207","national-manifest","C:\xampp\htdocs\projectx\watanybot\packages\lebanese-administrative-authority\authority\sources\arabic\national-village-manifest-clean.csv","","source-reported"
"LB-LOC-26212","34.11027156","35.7853085","national-manifest","C:\xampp\htdocs\projectx\watanybot\packages\lebanese-administrative-authority\authority\sources\arabic\national-village-manifest-clean.csv","","source-reported"
"LB-LOC-26214","34.10729028","35.81932212","national-manifest","C:\xampp\htdocs\projectx\watanybot\packages\lebanese-administrative-authority\authority\sources\arabic\national-village-manifest-clean.csv","","source-reported"
"LB-LOC-26141","34.14850753","35.64171136","national-manifest","C:\xampp\htdocs\projectx\watanybot\packages\lebanese-administrative-authority\authority\sources\arabic\national-village-manifest-clean.csv","","source-reported"
"LB-LOC-26371","34.10229757","35.9608216","national-manifest","C:\xampp\htdocs\projectx\watanybot\packages\lebanese-administrative-authority\authority\sources\arabic\national-village-manifest-clean.csv","","source-reported"
"LB-LOC-26374","34.15295622","35.8955707","national-manifest","C:\xampp\htdocs\projectx\watanybot\packages\lebanese-administrative-authority\authority\sources\arabic\national-village-manifest-clean.csv","","source-reported"
"LB-LOC-26392","34.08229861","35.88098189","national-manifest","C:\xampp\htdocs\projectx\watanybot\packages\lebanese-administrative-authority\authority\sources\arabic\national-village-manifest-clean.csv","","source-reported"
"LB-LOC-26239","34.08167496","35.73171498","national-manifest","C:\xampp\htdocs\projectx\watanybot\packages\lebanese-administrative-authority\authority\sources\arabic\national-village-manifest-clean.csv","","source-reported"
"LB-LOC-26364","34.06508828","35.91855111","national-manifest","C:\xampp\htdocs\projectx\watanybot\packages\lebanese-administrative-authority\authority\sources\arabic\national-village-manifest-clean.csv","","source-reported"
"LB-LOC-26299","34.09462646","35.75359454","national-manifest","C:\xampp\htdocs\projectx\watanybot\packages\lebanese-administrative-authority\authority\sources\arabic\national-village-manifest-clean.csv","","source-reported"
"LB-LOC-26244","34.10368117","35.71257463","national-manifest","C:\xampp\htdocs\projectx\watanybot\packages\lebanese-administrative-authority\authority\sources\arabic\national-village-manifest-clean.csv","","source-reported"
"LB-LOC-26259","34.1488093","35.70846461","national-manifest","C:\xampp\htdocs\projectx\watanybot\packages\lebanese-administrative-authority\authority\sources\arabic\national-village-manifest-clean.csv","","source-reported"
"LB-LOC-26271","34.16288484","35.70528899","national-manifest","C:\xampp\htdocs\projectx\watanybot\packages\lebanese-administrative-authority\authority\sources\arabic\national-village-manifest-clean.csv","","source-reported"
"LB-LOC-26276","34.18309958","35.71560584","national-manifest","C:\xampp\htdocs\projectx\watanybot\packages\lebanese-administrative-authority\authority\sources\arabic\national-village-manifest-clean.csv","","source-reported"
"LB-LOC-26297","34.1886294","35.66418929","national-manifest","C:\xampp\htdocs\projectx\watanybot\packages\lebanese-administrative-authority\authority\sources\arabic\national-village-manifest-clean.csv","","source-reported"
"LB-LOC-26183","34.19553419","35.64490289","national-manifest","C:\xampp\htdocs\projectx\watanybot\packages\lebanese-administrative-authority\authority\sources\arabic\national-village-manifest-clean.csv","","source-reported"
"LB-LOC-26243","34.12921654","35.71198103","national-manifest","C:\xampp\htdocs\projectx\watanybot\packages\lebanese-administrative-authority\authority\sources\arabic\national-village-manifest-clean.csv","","source-reported"
"LB-LOC-26269","34.14088151","35.69857756","national-manifest","C:\xampp\htdocs\projectx\watanybot\packages\lebanese-administrative-authority\authority\sources\arabic\national-village-manifest-clean.csv","","source-reported"
"LB-LOC-26237","34.14724697","35.72861166","national-manifest","C:\xampp\htdocs\projectx\watanybot\packages\lebanese-administrative-authority\authority\sources\arabic\national-village-manifest-clean.csv","","source-reported"
"LB-LOC-26129","34.11052973","35.67812852","national-manifest","C:\xampp\htdocs\projectx\watanybot\packages\lebanese-administrative-authority\authority\sources\arabic\national-village-manifest-clean.csv","","source-reported"
"LB-LOC-26283","34.12181617","35.67859166","national-manifest","C:\xampp\htdocs\projectx\watanybot\packages\lebanese-administrative-authority\authority\sources\arabic\national-village-manifest-clean.csv","","source-reported"
"LB-LOC-26354","34.09529403","35.80644701","national-manifest","C:\xampp\htdocs\projectx\watanybot\packages\lebanese-administrative-authority\authority\sources\arabic\national-village-manifest-clean.csv","","source-reported"
"LB-LOC-26253","34.11888297","35.69992565","national-manifest","C:\xampp\htdocs\projectx\watanybot\packages\lebanese-administrative-authority\authority\sources\arabic\national-village-manifest-clean.csv","","source-reported"
"LB-LOC-26279","34.1650297","35.69881302","national-manifest","C:\xampp\htdocs\projectx\watanybot\packages\lebanese-administrative-authority\authority\sources\arabic\national-village-manifest-clean.csv","","source-reported"
"LB-LOC-26295","34.17334686","35.65935001","national-manifest","C:\xampp\htdocs\projectx\watanybot\packages\lebanese-administrative-authority\authority\sources\arabic\national-village-manifest-clean.csv","","source-reported"
"LB-LOC-26296","34.19746494","35.66763493","national-manifest","C:\xampp\htdocs\projectx\watanybot\packages\lebanese-administrative-authority\authority\sources\arabic\national-village-manifest-clean.csv","","source-reported"
"LB-LOC-26135","34.14156152","35.66625166","national-manifest","C:\xampp\htdocs\projectx\watanybot\packages\lebanese-administrative-authority\authority\sources\arabic\national-village-manifest-clean.csv","","source-reported"
"LB-LOC-26211","34.13007427","35.81536556","national-manifest","C:\xampp\htdocs\projectx\watanybot\packages\lebanese-administrative-authority\authority\sources\arabic\national-village-manifest-clean.csv","","source-reported"
"LB-LOC-26266","34.08590251","35.70466861","national-manifest","C:\xampp\htdocs\projectx\watanybot\packages\lebanese-administrative-authority\authority\sources\arabic\national-village-manifest-clean.csv","","source-reported"
"LB-LOC-26217","34.10044634","35.74290616","national-manifest","C:\xampp\htdocs\projectx\watanybot\packages\lebanese-administrative-authority\authority\sources\arabic\national-village-manifest-clean.csv","","source-reported"
"LB-LOC-26298","34.20670819","35.66367589","national-manifest","C:\xampp\htdocs\projectx\watanybot\packages\lebanese-administrative-authority\authority\sources\arabic\national-village-manifest-clean.csv","","source-reported"
"LB-LOC-26223","34.08725704","35.79213453","national-manifest","C:\xampp\htdocs\projectx\watanybot\packages\lebanese-administrative-authority\authority\sources\arabic\national-village-manifest-clean.csv","","source-reported"
"LB-LOC-26337","34.07877164","35.87072304","national-manifest","C:\xampp\htdocs\projectx\watanybot\packages\lebanese-administrative-authority\authority\sources\arabic\national-village-manifest-clean.csv","","source-reported"
"LB-LOC-26277","34.17496619","35.70242838","national-manifest","C:\xampp\htdocs\projectx\watanybot\packages\lebanese-administrative-authority\authority\sources\arabic\national-village-manifest-clean.csv","","source-reported"
"LB-LOC-26294","34.17944795","35.66861612","national-manifest","C:\xampp\htdocs\projectx\watanybot\packages\lebanese-administrative-authority\authority\sources\arabic\national-village-manifest-clean.csv","","source-reported"
"LB-LOC-26291","34.15573914","35.66266849","national-manifest","C:\xampp\htdocs\projectx\watanybot\packages\lebanese-administrative-authority\authority\sources\arabic\national-village-manifest-clean.csv","","source-reported"
"LB-LOC-26234","34.15103485","35.73809013","national-manifest","C:\xampp\htdocs\projectx\watanybot\packages\lebanese-administrative-authority\authority\sources\arabic\national-village-manifest-clean.csv","","source-reported"
"LB-LOC-26147","34.08630368","35.66747194","national-manifest","C:\xampp\htdocs\projectx\watanybot\packages\lebanese-administrative-authority\authority\sources\arabic\national-village-manifest-clean.csv","","source-reported"
"LB-LOC-26247","34.16755386","35.74458317","national-manifest","C:\xampp\htdocs\projectx\watanybot\packages\lebanese-administrative-authority\authority\sources\arabic\national-village-manifest-clean.csv","","source-reported"
"LB-LOC-26153","34.16423688","35.65963054","national-manifest","C:\xampp\htdocs\projectx\watanybot\packages\lebanese-administrative-authority\authority\sources\arabic\national-village-manifest-clean.csv","","source-reported"
"LB-LOC-26281","34.15889443","35.68612278","national-manifest","C:\xampp\htdocs\projectx\watanybot\packages\lebanese-administrative-authority\authority\sources\arabic\national-village-manifest-clean.csv","","source-reported"
"LB-LOC-26284","34.12768787","35.68781273","national-manifest","C:\xampp\htdocs\projectx\watanybot\packages\lebanese-administrative-authority\authority\sources\arabic\national-village-manifest-clean.csv","","source-reported"
"LB-LOC-26324","34.09229334","35.87059048","national-manifest","C:\xampp\htdocs\projectx\watanybot\packages\lebanese-administrative-authority\authority\sources\arabic\national-village-manifest-clean.csv","","source-reported"
"LB-LOC-26390","34.14635587","35.86129331","national-manifest","C:\xampp\htdocs\projectx\watanybot\packages\lebanese-administrative-authority\authority\sources\arabic\national-village-manifest-clean.csv","","source-reported"
"LB-LOC-26388","34.13241351","35.84931118","national-manifest","C:\xampp\htdocs\projectx\watanybot\packages\lebanese-administrative-authority\authority\sources\arabic\national-village-manifest-clean.csv","","source-reported"
"LB-LOC-26226","34.13258879","35.7417454","national-manifest","C:\xampp\htdocs\projectx\watanybot\packages\lebanese-administrative-authority\authority\sources\arabic\national-village-manifest-clean.csv","","source-reported"
"LB-LOC-26286","34.16859465","35.68244689","national-manifest","C:\xampp\htdocs\projectx\watanybot\packages\lebanese-administrative-authority\authority\sources\arabic\national-village-manifest-clean.csv","","source-reported"
"LB-LOC-26229","34.09438764","35.73761773","national-manifest","C:\xampp\htdocs\projectx\watanybot\packages\lebanese-administrative-authority\authority\sources\arabic\national-village-manifest-clean.csv","","source-reported"
"LB-LOC-26381","34.16139933","35.82556015","national-manifest","C:\xampp\htdocs\projectx\watanybot\packages\lebanese-administrative-authority\authority\sources\arabic\national-village-manifest-clean.csv","","source-reported"
"LB-LOC-26327","34.08100695","35.83098606","national-manifest","C:\xampp\htdocs\projectx\watanybot\packages\lebanese-administrative-authority\authority\sources\arabic\national-village-manifest-clean.csv","","source-reported"
"LB-LOC-26111","34.12337464","35.65575759","national-manifest","C:\xampp\htdocs\projectx\watanybot\packages\lebanese-administrative-authority\authority\sources\arabic\national-village-manifest-clean.csv","","source-reported"
"LB-LOC-26165","34.16306894","35.64630111","national-manifest","C:\xampp\htdocs\projectx\watanybot\packages\lebanese-administrative-authority\authority\sources\arabic\national-village-manifest-clean.csv","","source-reported"
"LB-LOC-26274","34.11359029","35.69425234","national-manifest","C:\xampp\htdocs\projectx\watanybot\packages\lebanese-administrative-authority\authority\sources\arabic\national-village-manifest-clean.csv","","source-reported"
"LB-LOC-26236","34.10452419","35.72786719","national-manifest","C:\xampp\htdocs\projectx\watanybot\packages\lebanese-administrative-authority\authority\sources\arabic\national-village-manifest-clean.csv","","source-reported"
"LB-LOC-26273","34.15320462","35.69577319","national-manifest","C:\xampp\htdocs\projectx\watanybot\packages\lebanese-administrative-authority\authority\sources\arabic\national-village-manifest-clean.csv","","source-reported"
"LB-LOC-26224","34.11350829","35.74938927","national-manifest","C:\xampp\htdocs\projectx\watanybot\packages\lebanese-administrative-authority\authority\sources\arabic\national-village-manifest-clean.csv","","source-reported"
"LB-LOC-26189","34.20044579","35.65622845","national-manifest","C:\xampp\htdocs\projectx\watanybot\packages\lebanese-administrative-authority\authority\sources\arabic\national-village-manifest-clean.csv","","source-reported"
"LB-LOC-26287","34.14703039","35.67846345","national-manifest","C:\xampp\htdocs\projectx\watanybot\packages\lebanese-administrative-authority\authority\sources\arabic\national-village-manifest-clean.csv","","source-reported"
"LB-LOC-26264","34.12338693","35.70056767","national-manifest","C:\xampp\htdocs\projectx\watanybot\packages\lebanese-administrative-authority\authority\sources\arabic\national-village-manifest-clean.csv","","source-reported"
"LB-LOC-26267","34.15515882","35.71239581","national-manifest","C:\xampp\htdocs\projectx\watanybot\packages\lebanese-administrative-authority\authority\sources\arabic\national-village-manifest-clean.csv","","source-reported"
"LB-LOC-26249","34.1768842","35.74562668","national-manifest","C:\xampp\htdocs\projectx\watanybot\packages\lebanese-administrative-authority\authority\sources\arabic\national-village-manifest-clean.csv","","source-reported"
"LB-LOC-26361","34.1336371","35.86577201","national-manifest","C:\xampp\htdocs\projectx\watanybot\packages\lebanese-administrative-authority\authority\sources\arabic\national-village-manifest-clean.csv","","source-reported"
"LB-LOC-26331","34.06771434","35.84825477","national-manifest","C:\xampp\htdocs\projectx\watanybot\packages\lebanese-administrative-authority\authority\sources\arabic\national-village-manifest-clean.csv","","source-reported"
"LB-LOC-26233","34.16437087","35.76984061","national-manifest","C:\xampp\htdocs\projectx\watanybot\packages\lebanese-administrative-authority\authority\sources\arabic\national-village-manifest-clean.csv","","source-reported"
"LB-LOC-26293","34.19107191","35.6807737","national-manifest","C:\xampp\htdocs\projectx\watanybot\packages\lebanese-administrative-authority\authority\sources\arabic\national-village-manifest-clean.csv","","source-reported"
"LB-LOC-26357","34.08721225","35.90333444","national-manifest","C:\xampp\htdocs\projectx\watanybot\packages\lebanese-administrative-authority\authority\sources\arabic\national-village-manifest-clean.csv","","source-reported"
"LB-LOC-26314","34.09642029","35.85899326","national-manifest","C:\xampp\htdocs\projectx\watanybot\packages\lebanese-administrative-authority\authority\sources\arabic\national-village-manifest-clean.csv","","source-reported"
"LB-LOC-26117","34.10455697","35.65689725","national-manifest","C:\xampp\htdocs\projectx\watanybot\packages\lebanese-administrative-authority\authority\sources\arabic\national-village-manifest-clean.csv","","source-reported"
"LB-LOC-26257","34.18416312","35.76408725","national-manifest","C:\xampp\htdocs\projectx\watanybot\packages\lebanese-administrative-authority\authority\sources\arabic\national-village-manifest-clean.csv","","source-reported"
"LB-LOC-26213","34.11789415","35.79623211","national-manifest","C:\xampp\htdocs\projectx\watanybot\packages\lebanese-administrative-authority\authority\sources\arabic\national-village-manifest-clean.csv","","source-reported"
"LB-LOC-26321","34.11674006","35.85739689","national-manifest","C:\xampp\htdocs\projectx\watanybot\packages\lebanese-administrative-authority\authority\sources\arabic\national-village-manifest-clean.csv","","source-reported"
"LB-LOC-26231","34.08101323","35.74901553","national-manifest","C:\xampp\htdocs\projectx\watanybot\packages\lebanese-administrative-authority\authority\sources\arabic\national-village-manifest-clean.csv","","source-reported"
"LB-LOC-26341","34.10865278","35.8808147","national-manifest","C:\xampp\htdocs\projectx\watanybot\packages\lebanese-administrative-authority\authority\sources\arabic\national-village-manifest-clean.csv","","source-reported"
"LB-LOC-26218","34.14124789","35.77568668","national-manifest","C:\xampp\htdocs\projectx\watanybot\packages\lebanese-administrative-authority\authority\sources\arabic\national-village-manifest-clean.csv","","source-reported"
"LB-LOC-26177","34.1805075","35.64347023","national-manifest","C:\xampp\htdocs\projectx\watanybot\packages\lebanese-administrative-authority\authority\sources\arabic\national-village-manifest-clean.csv","","source-reported"
"LB-LOC-26171","34.06743935","35.64971466","national-manifest","C:\xampp\htdocs\projectx\watanybot\packages\lebanese-administrative-authority\authority\sources\arabic\national-village-manifest-clean.csv","","source-reported"
"LB-LOC-26367","34.05987276","35.80973047","national-manifest","C:\xampp\htdocs\projectx\watanybot\packages\lebanese-administrative-authority\authority\sources\arabic\national-village-manifest-clean.csv","","source-reported"
"LB-LOC-26311","34.09827521","35.83726634","national-manifest","C:\xampp\htdocs\projectx\watanybot\packages\lebanese-administrative-authority\authority\sources\arabic\national-village-manifest-clean.csv","","source-reported"
"LB-LOC-26123","34.11043522","35.65550447","national-manifest","C:\xampp\htdocs\projectx\watanybot\packages\lebanese-administrative-authority\authority\sources\arabic\national-village-manifest-clean.csv","","source-reported"
"LB-LOC-26351","34.07830606","35.80481822","national-manifest","C:\xampp\htdocs\projectx\watanybot\packages\lebanese-administrative-authority\authority\sources\arabic\national-village-manifest-clean.csv","","source-reported"
"LB-LOC-26251","34.17824526","35.80106381","national-manifest","C:\xampp\htdocs\projectx\watanybot\packages\lebanese-administrative-authority\authority\sources\arabic\national-village-manifest-clean.csv","","source-reported"
"LB-LOC-26261","34.16602571","35.71255746","national-manifest","C:\xampp\htdocs\projectx\watanybot\packages\lebanese-administrative-authority\authority\sources\arabic\national-village-manifest-clean.csv","","source-reported"
"LB-LOC-26241","34.11807506","35.72617297","national-manifest","C:\xampp\htdocs\projectx\watanybot\packages\lebanese-administrative-authority\authority\sources\arabic\national-village-manifest-clean.csv","","source-reported"
"LB-LOC-26159","34.16839668","35.63582984","national-manifest","C:\xampp\htdocs\projectx\watanybot\packages\lebanese-administrative-authority\authority\sources\arabic\national-village-manifest-clean.csv","","source-reported"
"LB-LOC-26377","34.15216587","35.80407417","national-manifest","C:\xampp\htdocs\projectx\watanybot\packages\lebanese-administrative-authority\authority\sources\arabic\national-village-manifest-clean.csv","","source-reported"
"LB-LOC-26263","34.16175404","35.7148813","national-manifest","C:\xampp\htdocs\projectx\watanybot\packages\lebanese-administrative-authority\authority\sources\arabic\national-village-manifest-clean.csv","","source-reported"
"LB-LOC-26254","34.11099288","35.71120656","national-manifest","C:\xampp\htdocs\projectx\watanybot\packages\lebanese-administrative-authority\authority\sources\arabic\national-village-manifest-clean.csv","","source-reported"
"LB-LOC-26334","34.08376082","35.87016164","national-manifest","C:\xampp\htdocs\projectx\watanybot\packages\lebanese-administrative-authority\authority\sources\arabic\national-village-manifest-clean.csv","","source-reported"
"LB-LOC-26220","34.09461075","35.77122867","national-manifest","C:\xampp\htdocs\projectx\watanybot\packages\lebanese-administrative-authority\authority\sources\arabic\national-village-manifest-clean.csv","","source-reported"
"LB-LOC-26344","34.10444567","35.86834643","national-manifest","C:\xampp\htdocs\projectx\watanybot\packages\lebanese-administrative-authority\authority\sources\arabic\national-village-manifest-clean.csv","","source-reported"
"LB-LOC-26384","34.17514504","35.84211829","national-manifest","C:\xampp\htdocs\projectx\watanybot\packages\lebanese-administrative-authority\authority\sources\arabic\national-village-manifest-clean.csv","","source-reported"
"LB-LOC-26215","34.10969052","35.75655344","national-manifest","C:\xampp\htdocs\projectx\watanybot\packages\lebanese-administrative-authority\authority\sources\arabic\national-village-manifest-clean.csv","","source-reported"
"LB-LOC-26347","34.09706805","35.88218015","national-manifest","C:\xampp\htdocs\projectx\watanybot\packages\lebanese-administrative-authority\authority\sources\arabic\national-village-manifest-clean.csv","","source-reported"
"LB-LOC-26246","34.09499411","35.70842925","national-manifest","C:\xampp\htdocs\projectx\watanybot\packages\lebanese-administrative-authority\authority\sources\arabic\national-village-manifest-clean.csv","","source-reported"
"LB-LOC-25423","33.9911491","35.70584708","national-manifest","C:\xampp\htdocs\projectx\watanybot\packages\lebanese-administrative-authority\authority\sources\arabic\national-village-manifest-clean.csv","","source-reported"
"LB-LOC-25463","34.03926003","35.7661091","national-manifest","C:\xampp\htdocs\projectx\watanybot\packages\lebanese-administrative-authority\authority\sources\arabic\national-village-manifest-clean.csv","","source-reported"
"LB-LOC-25251","33.96246484","35.64477659","national-manifest","C:\xampp\htdocs\projectx\watanybot\packages\lebanese-administrative-authority\authority\sources\arabic\national-village-manifest-clean.csv","","source-reported"
"LB-LOC-25211","33.96081884","35.68548046","national-manifest","C:\xampp\htdocs\projectx\watanybot\packages\lebanese-administrative-authority\authority\sources\arabic\national-village-manifest-clean.csv","","source-reported"
"LB-LOC-25171","34.05351435","35.64349146","national-manifest","C:\xampp\htdocs\projectx\watanybot\packages\lebanese-administrative-authority\authority\sources\arabic\national-village-manifest-clean.csv","","source-reported"
"LB-LOC-25327","34.01871999","35.69912938","national-manifest","C:\xampp\htdocs\projectx\watanybot\packages\lebanese-administrative-authority\authority\sources\arabic\national-village-manifest-clean.csv","","source-reported"
"LB-LOC-25361","34.06274142","35.70349826","national-manifest","C:\xampp\htdocs\projectx\watanybot\packages\lebanese-administrative-authority\authority\sources\arabic\national-village-manifest-clean.csv","","source-reported"
"LB-LOC-25156","34.02284267","35.64715843","national-manifest","C:\xampp\htdocs\projectx\watanybot\packages\lebanese-administrative-authority\authority\sources\arabic\national-village-manifest-clean.csv","","source-reported"
"LB-LOC-25271","33.95968403","35.63510486","national-manifest","C:\xampp\htdocs\projectx\watanybot\packages\lebanese-administrative-authority\authority\sources\arabic\national-village-manifest-clean.csv","","source-reported"
"LB-LOC-25221","33.95190662","35.6722052","national-manifest","C:\xampp\htdocs\projectx\watanybot\packages\lebanese-administrative-authority\authority\sources\arabic\national-village-manifest-clean.csv","","source-reported"
"LB-LOC-25325","33.98957123","35.66306127","national-manifest","C:\xampp\htdocs\projectx\watanybot\packages\lebanese-administrative-authority\authority\sources\arabic\national-village-manifest-clean.csv","","source-reported"
"LB-LOC-25431","34.00558207","35.73236017","national-manifest","C:\xampp\htdocs\projectx\watanybot\packages\lebanese-administrative-authority\authority\sources\arabic\national-village-manifest-clean.csv","","source-reported"
"LB-LOC-25443","33.96421864","35.76193213","national-manifest","C:\xampp\htdocs\projectx\watanybot\packages\lebanese-administrative-authority\authority\sources\arabic\national-village-manifest-clean.csv","","source-reported"
"LB-LOC-25369","34.07777255","35.69477883","national-manifest","C:\xampp\htdocs\projectx\watanybot\packages\lebanese-administrative-authority\authority\sources\arabic\national-village-manifest-clean.csv","","source-reported"
"LB-LOC-25166","34.04366234","35.64307975","national-manifest","C:\xampp\htdocs\projectx\watanybot\packages\lebanese-administrative-authority\authority\sources\arabic\national-village-manifest-clean.csv","","source-reported"
"LB-LOC-25313","34.03406717","35.66542617","national-manifest","C:\xampp\htdocs\projectx\watanybot\packages\lebanese-administrative-authority\authority\sources\arabic\national-village-manifest-clean.csv","","source-reported"
"LB-LOC-25451","33.97406639","35.7814436","national-manifest","C:\xampp\htdocs\projectx\watanybot\packages\lebanese-administrative-authority\authority\sources\arabic\national-village-manifest-clean.csv","","source-reported"
"LB-LOC-25176","34.05939303","35.64720131","national-manifest","C:\xampp\htdocs\projectx\watanybot\packages\lebanese-administrative-authority\authority\sources\arabic\national-village-manifest-clean.csv","","source-reported"
"LB-LOC-25337","33.98620493","35.68403128","national-manifest","C:\xampp\htdocs\projectx\watanybot\packages\lebanese-administrative-authority\authority\sources\arabic\national-village-manifest-clean.csv","","source-reported"
"LB-LOC-25351","34.03395831","35.72544893","national-manifest","C:\xampp\htdocs\projectx\watanybot\packages\lebanese-administrative-authority\authority\sources\arabic\national-village-manifest-clean.csv","","source-reported"
"LB-LOC-25315","34.00440755","35.66407448","national-manifest","C:\xampp\htdocs\projectx\watanybot\packages\lebanese-administrative-authority\authority\sources\arabic\national-village-manifest-clean.csv","","source-reported"
"LB-LOC-25479","34.07294872","35.77489695","national-manifest","C:\xampp\htdocs\projectx\watanybot\packages\lebanese-administrative-authority\authority\sources\arabic\national-village-manifest-clean.csv","","source-reported"
"LB-LOC-25347","33.97482787","35.65335489","national-manifest","C:\xampp\htdocs\projectx\watanybot\packages\lebanese-administrative-authority\authority\sources\arabic\national-village-manifest-clean.csv","","source-reported"
"LB-LOC-25241","33.95274419","35.69839992","national-manifest","C:\xampp\htdocs\projectx\watanybot\packages\lebanese-administrative-authority\authority\sources\arabic\national-village-manifest-clean.csv","","source-reported"
"LB-LOC-25335","33.99019969","35.65819391","national-manifest","C:\xampp\htdocs\projectx\watanybot\packages\lebanese-administrative-authority\authority\sources\arabic\national-village-manifest-clean.csv","","source-reported"
"LB-LOC-25323","34.00801129","35.69279213","national-manifest","C:\xampp\htdocs\projectx\watanybot\packages\lebanese-administrative-authority\authority\sources\arabic\national-village-manifest-clean.csv","","source-reported"
"LB-LOC-25475","34.02518273","35.83897019","national-manifest","C:\xampp\htdocs\projectx\watanybot\packages\lebanese-administrative-authority\authority\sources\arabic\national-village-manifest-clean.csv","","source-reported"
"LB-LOC-25427","33.99532002","35.74070375","national-manifest","C:\xampp\htdocs\projectx\watanybot\packages\lebanese-administrative-authority\authority\sources\arabic\national-village-manifest-clean.csv","","source-reported"
"LB-LOC-25311","34.0167033","35.66854939","national-manifest","C:\xampp\htdocs\projectx\watanybot\packages\lebanese-administrative-authority\authority\sources\arabic\national-village-manifest-clean.csv","","source-reported"
"LB-LOC-25363","34.05458712","35.72056251","national-manifest","C:\xampp\htdocs\projectx\watanybot\packages\lebanese-administrative-authority\authority\sources\arabic\national-village-manifest-clean.csv","","source-reported"
"LB-LOC-25331","34.04694957","35.68215855","national-manifest","C:\xampp\htdocs\projectx\watanybot\packages\lebanese-administrative-authority\authority\sources\arabic\national-village-manifest-clean.csv","","source-reported"
"LB-LOC-25343","34.03925742","35.70858432","national-manifest","C:\xampp\htdocs\projectx\watanybot\packages\lebanese-administrative-authority\authority\sources\arabic\national-village-manifest-clean.csv","","source-reported"
"LB-LOC-25319","33.98649623","35.67145793","national-manifest","C:\xampp\htdocs\projectx\watanybot\packages\lebanese-administrative-authority\authority\sources\arabic\national-village-manifest-clean.csv","","source-reported"
"LB-LOC-25333","34.0286446","35.70339511","national-manifest","C:\xampp\htdocs\projectx\watanybot\packages\lebanese-administrative-authority\authority\sources\arabic\national-village-manifest-clean.csv","","source-reported"
"LB-LOC-25339","33.98119333","35.65008066","national-manifest","C:\xampp\htdocs\projectx\watanybot\packages\lebanese-administrative-authority\authority\sources\arabic\national-village-manifest-clean.csv","","source-reported"
"LB-LOC-25349","34.02437326","35.72237714","national-manifest","C:\xampp\htdocs\projectx\watanybot\packages\lebanese-administrative-authority\authority\sources\arabic\national-village-manifest-clean.csv","","source-reported"
"LB-LOC-25471","34.02880504","35.80651327","national-manifest","C:\xampp\htdocs\projectx\watanybot\packages\lebanese-administrative-authority\authority\sources\arabic\national-village-manifest-clean.csv","","source-reported"
"LB-LOC-25345","34.0507369","35.70952979","national-manifest","C:\xampp\htdocs\projectx\watanybot\packages\lebanese-administrative-authority\authority\sources\arabic\national-village-manifest-clean.csv","","source-reported"
"LB-LOC-25391","34.01360772","35.71021574","national-manifest","C:\xampp\htdocs\projectx\watanybot\packages\lebanese-administrative-authority\authority\sources\arabic\national-village-manifest-clean.csv","","source-reported"
"LB-LOC-25261","33.94911668","35.64249188","national-manifest","C:\xampp\htdocs\projectx\watanybot\packages\lebanese-administrative-authority\authority\sources\arabic\national-village-manifest-clean.csv","","source-reported"
"LB-LOC-25317","34.01887484","35.68979323","national-manifest","C:\xampp\htdocs\projectx\watanybot\packages\lebanese-administrative-authority\authority\sources\arabic\national-village-manifest-clean.csv","","source-reported"
"LB-LOC-25121","33.97557205","35.6355718","national-manifest","C:\xampp\htdocs\projectx\watanybot\packages\lebanese-administrative-authority\authority\sources\arabic\national-village-manifest-clean.csv","","source-reported"
"LB-LOC-25131","33.9904776","35.64291504","national-manifest","C:\xampp\htdocs\projectx\watanybot\packages\lebanese-administrative-authority\authority\sources\arabic\national-village-manifest-clean.csv","","source-reported"
"LB-LOC-25111","33.98037791","35.62061026","national-manifest","C:\xampp\htdocs\projectx\watanybot\packages\lebanese-administrative-authority\authority\sources\arabic\national-village-manifest-clean.csv","","source-reported"
"LB-LOC-25365","34.06461776","35.71748837","national-manifest","C:\xampp\htdocs\projectx\watanybot\packages\lebanese-administrative-authority\authority\sources\arabic\national-village-manifest-clean.csv","","source-reported"
"LB-LOC-25355","34.04646215","35.7195876","national-manifest","C:\xampp\htdocs\projectx\watanybot\packages\lebanese-administrative-authority\authority\sources\arabic\national-village-manifest-clean.csv","","source-reported"
"LB-LOC-25359","34.0362434","35.7380884","national-manifest","C:\xampp\htdocs\projectx\watanybot\packages\lebanese-administrative-authority\authority\sources\arabic\national-village-manifest-clean.csv","","source-reported"
"LB-LOC-25439","33.98311158","35.78252765","national-manifest","C:\xampp\htdocs\projectx\watanybot\packages\lebanese-administrative-authority\authority\sources\arabic\national-village-manifest-clean.csv","","source-reported"
"LB-LOC-25447","33.96248976","35.74696417","national-manifest","C:\xampp\htdocs\projectx\watanybot\packages\lebanese-administrative-authority\authority\sources\arabic\national-village-manifest-clean.csv","","source-reported"
"LB-LOC-25146","34.02135968","35.63453465","national-manifest","C:\xampp\htdocs\projectx\watanybot\packages\lebanese-administrative-authority\authority\sources\arabic\national-village-manifest-clean.csv","","source-reported"
"LB-LOC-25329","34.03386094","35.69057099","national-manifest","C:\xampp\htdocs\projectx\watanybot\packages\lebanese-administrative-authority\authority\sources\arabic\national-village-manifest-clean.csv","","source-reported"
"LB-LOC-25181","34.06901088","35.65786553","national-manifest","C:\xampp\htdocs\projectx\watanybot\packages\lebanese-administrative-authority\authority\sources\arabic\national-village-manifest-clean.csv","","source-reported"
"LB-LOC-25321","33.99934225","35.68416719","national-manifest","C:\xampp\htdocs\projectx\watanybot\packages\lebanese-administrative-authority\authority\sources\arabic\national-village-manifest-clean.csv","","source-reported"
"LB-LOC-25357","34.06903673","35.67418865","national-manifest","C:\xampp\htdocs\projectx\watanybot\packages\lebanese-administrative-authority\authority\sources\arabic\national-village-manifest-clean.csv","","source-reported"
"LB-LOC-25459","34.03000219","35.77828933","national-manifest","C:\xampp\htdocs\projectx\watanybot\packages\lebanese-administrative-authority\authority\sources\arabic\national-village-manifest-clean.csv","","source-reported"
"LB-LOC-25281","33.95315005","35.63290272","national-manifest","C:\xampp\htdocs\projectx\watanybot\packages\lebanese-administrative-authority\authority\sources\arabic\national-village-manifest-clean.csv","","source-reported"
"LB-LOC-25419","33.96293396","35.70116124","national-manifest","C:\xampp\htdocs\projectx\watanybot\packages\lebanese-administrative-authority\authority\sources\arabic\national-village-manifest-clean.csv","","source-reported"
"LB-LOC-25488","34.03860791","35.93273733","national-manifest","C:\xampp\htdocs\projectx\watanybot\packages\lebanese-administrative-authority\authority\sources\arabic\national-village-manifest-clean.csv","","source-reported"
"LB-LOC-25485","34.03677431","35.85843472","national-manifest","C:\xampp\htdocs\projectx\watanybot\packages\lebanese-administrative-authority\authority\sources\arabic\national-village-manifest-clean.csv","","source-reported"
"LB-LOC-25482","33.97991815","35.85995783","national-manifest","C:\xampp\htdocs\projectx\watanybot\packages\lebanese-administrative-authority\authority\sources\arabic\national-village-manifest-clean.csv","","source-reported"
"LB-LOC-25467","34.03893172","35.77076821","national-manifest","C:\xampp\htdocs\projectx\watanybot\packages\lebanese-administrative-authority\authority\sources\arabic\national-village-manifest-clean.csv","","source-reported"
"LB-LOC-25367","34.07229507","35.70950194","national-manifest","C:\xampp\htdocs\projectx\watanybot\packages\lebanese-administrative-authority\authority\sources\arabic\national-village-manifest-clean.csv","","source-reported"
"LB-LOC-25371","34.05497546","35.7563216","national-manifest","C:\xampp\htdocs\projectx\watanybot\packages\lebanese-administrative-authority\authority\sources\arabic\national-village-manifest-clean.csv","","source-reported"
"LB-LOC-25341","34.05237052","35.67063024","national-manifest","C:\xampp\htdocs\projectx\watanybot\packages\lebanese-administrative-authority\authority\sources\arabic\national-village-manifest-clean.csv","","source-reported"
"LB-LOC-25455","34.02830081","35.75271544","national-manifest","C:\xampp\htdocs\projectx\watanybot\packages\lebanese-administrative-authority\authority\sources\arabic\national-village-manifest-clean.csv","","source-reported"
"LB-LOC-25141","34.02253144","35.62652071","national-manifest","C:\xampp\htdocs\projectx\watanybot\packages\lebanese-administrative-authority\authority\sources\arabic\national-village-manifest-clean.csv","","source-reported"
"LB-LOC-25415","33.96679623","35.71562466","national-manifest","C:\xampp\htdocs\projectx\watanybot\packages\lebanese-administrative-authority\authority\sources\arabic\national-village-manifest-clean.csv","","source-reported"
"LB-LOC-25435","34.01438164","35.73008744","national-manifest","C:\xampp\htdocs\projectx\watanybot\packages\lebanese-administrative-authority\authority\sources\arabic\national-village-manifest-clean.csv","","source-reported"
"LB-LOC-25411","33.97786945","35.70100938","national-manifest","C:\xampp\htdocs\projectx\watanybot\packages\lebanese-administrative-authority\authority\sources\arabic\national-village-manifest-clean.csv","","source-reported"
"LB-LOC-25161","34.03601218","35.63905887","national-manifest","C:\xampp\htdocs\projectx\watanybot\packages\lebanese-administrative-authority\authority\sources\arabic\national-village-manifest-clean.csv","","source-reported"
"LB-LOC-25136","33.99307122","35.65419645","national-manifest","C:\xampp\htdocs\projectx\watanybot\packages\lebanese-administrative-authority\authority\sources\arabic\national-village-manifest-clean.csv","","source-reported"
"LB-LOC-25231","33.96105668","35.65949304","national-manifest","C:\xampp\htdocs\projectx\watanybot\packages\lebanese-administrative-authority\authority\sources\arabic\national-village-manifest-clean.csv","","source-reported"
"LB-LOC-25151","34.03017144","35.63435062","national-manifest","C:\xampp\htdocs\projectx\watanybot\packages\lebanese-administrative-authority\authority\sources\arabic\national-village-manifest-clean.csv","","source-reported"
"LB-LOC-25373","34.06860641","35.73988414","national-manifest","C:\xampp\htdocs\projectx\watanybot\packages\lebanese-administrative-authority\authority\sources\arabic\national-village-manifest-clean.csv","","source-reported"
"LB-LOC-25353","34.07022789","35.69791102","national-manifest","C:\xampp\htdocs\projectx\watanybot\packages\lebanese-administrative-authority\authority\sources\arabic\national-village-manifest-clean.csv","","source-reported"
"LB-LOC-25375","34.06167582","35.68550719","national-manifest","C:\xampp\htdocs\projectx\watanybot\packages\lebanese-administrative-authority\authority\sources\arabic\national-village-manifest-clean.csv","","source-reported"
"LB-LOC-25116","33.97013061","35.61472449","national-manifest","C:\xampp\htdocs\projectx\watanybot\packages\lebanese-administrative-authority\authority\sources\arabic\national-village-manifest-clean.csv","","source-reported"
"LB-LOC-25126","33.95676999","35.61207808","national-manifest","C:\xampp\htdocs\projectx\watanybot\packages\lebanese-administrative-authority\authority\sources\arabic\national-village-manifest-clean.csv","","source-reported"
"LB-LOC-36121","34.27685512","35.88752989","national-manifest","C:\xampp\htdocs\projectx\watanybot\packages\lebanese-administrative-authority\authority\sources\arabic\national-village-manifest-clean.csv","","source-reported"
"LB-LOC-36147","34.27231813","35.95985744","national-manifest","C:\xampp\htdocs\projectx\watanybot\packages\lebanese-administrative-authority\authority\sources\arabic\national-village-manifest-clean.csv","","source-reported"
"LB-LOC-36181","34.23019866","35.99191044","national-manifest","C:\xampp\htdocs\projectx\watanybot\packages\lebanese-administrative-authority\authority\sources\arabic\national-village-manifest-clean.csv","","source-reported"
"LB-LOC-36111","34.25827214","36.04710546","national-manifest","C:\xampp\htdocs\projectx\watanybot\packages\lebanese-administrative-authority\authority\sources\arabic\national-village-manifest-clean.csv","","source-reported"
"LB-LOC-36187","34.26391693","35.91311755","national-manifest","C:\xampp\htdocs\projectx\watanybot\packages\lebanese-administrative-authority\authority\sources\arabic\national-village-manifest-clean.csv","","source-reported"
"LB-LOC-36137","34.26617073","35.87044511","national-manifest","C:\xampp\htdocs\projectx\watanybot\packages\lebanese-administrative-authority\authority\sources\arabic\national-village-manifest-clean.csv","","source-reported"
"LB-LOC-36117","34.26530633","35.89057728","national-manifest","C:\xampp\htdocs\projectx\watanybot\packages\lebanese-administrative-authority\authority\sources\arabic\national-village-manifest-clean.csv","","source-reported"
"LB-LOC-36151","34.26223841","35.95433371","national-manifest","C:\xampp\htdocs\projectx\watanybot\packages\lebanese-administrative-authority\authority\sources\arabic\national-village-manifest-clean.csv","","source-reported"
"LB-LOC-36191","34.22624833","36.02027707","national-manifest","C:\xampp\htdocs\projectx\watanybot\packages\lebanese-administrative-authority\authority\sources\arabic\national-village-manifest-clean.csv","","source-reported"
"LB-LOC-36184","34.22831931","35.99965569","national-manifest","C:\xampp\htdocs\projectx\watanybot\packages\lebanese-administrative-authority\authority\sources\arabic\national-village-manifest-clean.csv","","source-reported"
"LB-LOC-36157","34.23862625","35.94225166","national-manifest","C:\xampp\htdocs\projectx\watanybot\packages\lebanese-administrative-authority\authority\sources\arabic\national-village-manifest-clean.csv","","source-reported"
"LB-LOC-36161","34.23683628","35.95393193","national-manifest","C:\xampp\htdocs\projectx\watanybot\packages\lebanese-administrative-authority\authority\sources\arabic\national-village-manifest-clean.csv","","source-reported"
"LB-LOC-36131","34.23633604","35.92870988","national-manifest","C:\xampp\htdocs\projectx\watanybot\packages\lebanese-administrative-authority\authority\sources\arabic\national-village-manifest-clean.csv","","source-reported"
"LB-LOC-36177","34.25657232","35.97728495","national-manifest","C:\xampp\htdocs\projectx\watanybot\packages\lebanese-administrative-authority\authority\sources\arabic\national-village-manifest-clean.csv","","source-reported"
"LB-LOC-36171","34.23054745","35.97379579","national-manifest","C:\xampp\htdocs\projectx\watanybot\packages\lebanese-administrative-authority\authority\sources\arabic\national-village-manifest-clean.csv","","source-reported"
"LB-LOC-36144","34.24780581","35.86971301","national-manifest","C:\xampp\htdocs\projectx\watanybot\packages\lebanese-administrative-authority\authority\sources\arabic\national-village-manifest-clean.csv","","source-reported"
"LB-LOC-36134","34.24420791","35.88725732","national-manifest","C:\xampp\htdocs\projectx\watanybot\packages\lebanese-administrative-authority\authority\sources\arabic\national-village-manifest-clean.csv","","source-reported"
"LB-LOC-36110","34.19453253","36.01485458","national-manifest","C:\xampp\htdocs\projectx\watanybot\packages\lebanese-administrative-authority\authority\sources\arabic\national-village-manifest-clean.csv","","source-reported"
"LB-LOC-36164","34.26380281","35.84151565","national-manifest","C:\xampp\htdocs\projectx\watanybot\packages\lebanese-administrative-authority\authority\sources\arabic\national-village-manifest-clean.csv","","source-reported"
"LB-LOC-36154","34.28905959","35.87762738","national-manifest","C:\xampp\htdocs\projectx\watanybot\packages\lebanese-administrative-authority\authority\sources\arabic\national-village-manifest-clean.csv","","source-reported"
"LB-LOC-36141","34.26278111","35.93833822","national-manifest","C:\xampp\htdocs\projectx\watanybot\packages\lebanese-administrative-authority\authority\sources\arabic\national-village-manifest-clean.csv","","source-reported"
"LB-LOC-36127","34.24424097","35.90871975","national-manifest","C:\xampp\htdocs\projectx\watanybot\packages\lebanese-administrative-authority\authority\sources\arabic\national-village-manifest-clean.csv","","source-reported"
"LB-LOC-36114","34.26672845","35.92407935","national-manifest","C:\xampp\htdocs\projectx\watanybot\packages\lebanese-administrative-authority\authority\sources\arabic\national-village-manifest-clean.csv","","source-reported"
"LB-LOC-36124","34.27468275","35.90353256","national-manifest","C:\xampp\htdocs\projectx\watanybot\packages\lebanese-administrative-authority\authority\sources\arabic\national-village-manifest-clean.csv","","source-reported"
"LB-LOC-34217","34.2073386","35.71703065","national-manifest","C:\xampp\htdocs\projectx\watanybot\packages\lebanese-administrative-authority\authority\sources\arabic\national-village-manifest-clean.csv","","source-reported"
"LB-LOC-34269","34.26086239","35.70205534","national-manifest","C:\xampp\htdocs\projectx\watanybot\packages\lebanese-administrative-authority\authority\sources\arabic\national-village-manifest-clean.csv","","source-reported"
"LB-LOC-34237","34.20797106","35.7845681","national-manifest","C:\xampp\htdocs\projectx\watanybot\packages\lebanese-administrative-authority\authority\sources\arabic\national-village-manifest-clean.csv","","source-reported"
"LB-LOC-34251","34.23472356","35.7510409","national-manifest","C:\xampp\htdocs\projectx\watanybot\packages\lebanese-administrative-authority\authority\sources\arabic\national-village-manifest-clean.csv","","source-reported"
"LB-LOC-34263","34.21902559","35.78111613","national-manifest","C:\xampp\htdocs\projectx\watanybot\packages\lebanese-administrative-authority\authority\sources\arabic\national-village-manifest-clean.csv","","source-reported"
"LB-LOC-34249","34.23647448","35.7080765","national-manifest","C:\xampp\htdocs\projectx\watanybot\packages\lebanese-administrative-authority\authority\sources\arabic\national-village-manifest-clean.csv","","source-reported"
"LB-LOC-34111","34.25745786","35.66766029","national-manifest","C:\xampp\htdocs\projectx\watanybot\packages\lebanese-administrative-authority\authority\sources\arabic\national-village-manifest-clean.csv","","source-reported"
"LB-LOC-34316","34.20234643","35.82039764","national-manifest","C:\xampp\htdocs\projectx\watanybot\packages\lebanese-administrative-authority\authority\sources\arabic\national-village-manifest-clean.csv","","source-reported"
"LB-LOC-34331","34.22752272","35.81425723","national-manifest","C:\xampp\htdocs\projectx\watanybot\packages\lebanese-administrative-authority\authority\sources\arabic\national-village-manifest-clean.csv","","source-reported"
"LB-LOC-34321","34.22460328","35.83380278","national-manifest","C:\xampp\htdocs\projectx\watanybot\packages\lebanese-administrative-authority\authority\sources\arabic\national-village-manifest-clean.csv","","source-reported"
"LB-LOC-34371","34.24668666","35.84720397","national-manifest","C:\xampp\htdocs\projectx\watanybot\packages\lebanese-administrative-authority\authority\sources\arabic\national-village-manifest-clean.csv","","source-reported"
"LB-LOC-34264","34.24789222","35.71561368","national-manifest","C:\xampp\htdocs\projectx\watanybot\packages\lebanese-administrative-authority\authority\sources\arabic\national-village-manifest-clean.csv","","source-reported"
"LB-LOC-34277","34.25433032","35.7658167","national-manifest","C:\xampp\htdocs\projectx\watanybot\packages\lebanese-administrative-authority\authority\sources\arabic\national-village-manifest-clean.csv","","source-reported"
"LB-LOC-34366","34.17738231","35.87377614","national-manifest","C:\xampp\htdocs\projectx\watanybot\packages\lebanese-administrative-authority\authority\sources\arabic\national-village-manifest-clean.csv","","source-reported"
"LB-LOC-34221","34.21179821","35.75107115","national-manifest","C:\xampp\htdocs\projectx\watanybot\packages\lebanese-administrative-authority\authority\sources\arabic\national-village-manifest-clean.csv","","source-reported"
"LB-LOC-34188","34.32406786","35.74205896","national-manifest","C:\xampp\htdocs\projectx\watanybot\packages\lebanese-administrative-authority\authority\sources\arabic\national-village-manifest-clean.csv","","source-reported"
"LB-LOC-34279","34.24111109","35.79714215","national-manifest","C:\xampp\htdocs\projectx\watanybot\packages\lebanese-administrative-authority\authority\sources\arabic\national-village-manifest-clean.csv","","source-reported"
"LB-LOC-34211","34.18877271","35.72963853","national-manifest","C:\xampp\htdocs\projectx\watanybot\packages\lebanese-administrative-authority\authority\sources\arabic\national-village-manifest-clean.csv","","source-reported"
"LB-LOC-34215","34.21341926","35.7310247","national-manifest","C:\xampp\htdocs\projectx\watanybot\packages\lebanese-administrative-authority\authority\sources\arabic\national-village-manifest-clean.csv","","source-reported"
"LB-LOC-34374","34.25310112","35.82220416","national-manifest","C:\xampp\htdocs\projectx\watanybot\packages\lebanese-administrative-authority\authority\sources\arabic\national-village-manifest-clean.csv","","source-reported"
"LB-LOC-34223","34.22551144","35.72888365","national-manifest","C:\xampp\htdocs\projectx\watanybot\packages\lebanese-administrative-authority\authority\sources\arabic\national-village-manifest-clean.csv","","source-reported"
"LB-LOC-34326","34.21888392","35.83375205","national-manifest","C:\xampp\htdocs\projectx\watanybot\packages\lebanese-administrative-authority\authority\sources\arabic\national-village-manifest-clean.csv","","source-reported"
"LB-LOC-34227","34.20920645","35.69733971","national-manifest","C:\xampp\htdocs\projectx\watanybot\packages\lebanese-administrative-authority\authority\sources\arabic\national-village-manifest-clean.csv","","source-reported"
"LB-LOC-34311","34.19602695","35.85761262","national-manifest","C:\xampp\htdocs\projectx\watanybot\packages\lebanese-administrative-authority\authority\sources\arabic\national-village-manifest-clean.csv","","source-reported"
"LB-LOC-34218","34.19739602","35.74760321","national-manifest","C:\xampp\htdocs\projectx\watanybot\packages\lebanese-administrative-authority\authority\sources\arabic\national-village-manifest-clean.csv","","source-reported"
"LB-LOC-34259","34.23530226","35.68383896","national-manifest","C:\xampp\htdocs\projectx\watanybot\packages\lebanese-administrative-authority\authority\sources\arabic\national-village-manifest-clean.csv","","source-reported"
"LB-LOC-34244","34.23150381","35.76165607","national-manifest","C:\xampp\htdocs\projectx\watanybot\packages\lebanese-administrative-authority\authority\sources\arabic\national-village-manifest-clean.csv","","source-reported"
"LB-LOC-34231","34.21404436","35.69063792","national-manifest","C:\xampp\htdocs\projectx\watanybot\packages\lebanese-administrative-authority\authority\sources\arabic\national-village-manifest-clean.csv","","source-reported"
"LB-LOC-34351","34.19554973","35.80208588","national-manifest","C:\xampp\htdocs\projectx\watanybot\packages\lebanese-administrative-authority\authority\sources\arabic\national-village-manifest-clean.csv","","source-reported"
"LB-LOC-34287","34.29345666","35.69072588","national-manifest","C:\xampp\htdocs\projectx\watanybot\packages\lebanese-administrative-authority\authority\sources\arabic\national-village-manifest-clean.csv","","source-reported"
"LB-LOC-34253","34.24107941","35.7451776","national-manifest","C:\xampp\htdocs\projectx\watanybot\packages\lebanese-administrative-authority\authority\sources\arabic\national-village-manifest-clean.csv","","source-reported"
"LB-LOC-34361","34.2387053","35.8563518","national-manifest","C:\xampp\htdocs\projectx\watanybot\packages\lebanese-administrative-authority\authority\sources\arabic\national-village-manifest-clean.csv","","source-reported"
"LB-LOC-34267","34.23864014","35.7826222","national-manifest","C:\xampp\htdocs\projectx\watanybot\packages\lebanese-administrative-authority\authority\sources\arabic\national-village-manifest-clean.csv","","source-reported"
"LB-LOC-34177","34.30900431","35.7184418","national-manifest","C:\xampp\htdocs\projectx\watanybot\packages\lebanese-administrative-authority\authority\sources\arabic\national-village-manifest-clean.csv","","source-reported"
"LB-LOC-34266","34.24615989","35.69187482","national-manifest","C:\xampp\htdocs\projectx\watanybot\packages\lebanese-administrative-authority\authority\sources\arabic\national-village-manifest-clean.csv","","source-reported"
"LB-LOC-34274","34.24634139","35.7814527","national-manifest","C:\xampp\htdocs\projectx\watanybot\packages\lebanese-administrative-authority\authority\sources\arabic\national-village-manifest-clean.csv","","source-reported"
"LB-LOC-34219","34.20128956","35.70673477","national-manifest","C:\xampp\htdocs\projectx\watanybot\packages\lebanese-administrative-authority\authority\sources\arabic\national-village-manifest-clean.csv","","source-reported"
"LB-LOC-34234","34.22517911","35.70781306","national-manifest","C:\xampp\htdocs\projectx\watanybot\packages\lebanese-administrative-authority\authority\sources\arabic\national-village-manifest-clean.csv","","source-reported"
"LB-LOC-34144","34.23090357","35.66536045","national-manifest","C:\xampp\htdocs\projectx\watanybot\packages\lebanese-administrative-authority\authority\sources\arabic\national-village-manifest-clean.csv","","source-reported"
"LB-LOC-34241","34.23124089","35.74624418","national-manifest","C:\xampp\htdocs\projectx\watanybot\packages\lebanese-administrative-authority\authority\sources\arabic\national-village-manifest-clean.csv","","source-reported"
"LB-LOC-34271","34.25404076","35.74196703","national-manifest","C:\xampp\htdocs\projectx\watanybot\packages\lebanese-administrative-authority\authority\sources\arabic\national-village-manifest-clean.csv","","source-reported"
"LB-LOC-34336","34.23208444","35.83893273","national-manifest","C:\xampp\htdocs\projectx\watanybot\packages\lebanese-administrative-authority\authority\sources\arabic\national-village-manifest-clean.csv","","source-reported"
"LB-LOC-34281","34.26407261","35.68212077","national-manifest","C:\xampp\htdocs\projectx\watanybot\packages\lebanese-administrative-authority\authority\sources\arabic\national-village-manifest-clean.csv","","source-reported"
"LB-LOC-34257","34.23042446","35.77568116","national-manifest","C:\xampp\htdocs\projectx\watanybot\packages\lebanese-administrative-authority\authority\sources\arabic\national-village-manifest-clean.csv","","source-reported"
"LB-LOC-34233","34.23310922","35.71906101","national-manifest","C:\xampp\htdocs\projectx\watanybot\packages\lebanese-administrative-authority\authority\sources\arabic\national-village-manifest-clean.csv","","source-reported"
"LB-LOC-34341","34.22188253","35.87152718","national-manifest","C:\xampp\htdocs\projectx\watanybot\packages\lebanese-administrative-authority\authority\sources\arabic\national-village-manifest-clean.csv","","source-reported"
"LB-LOC-34155","34.27101074","35.66833479","national-manifest","C:\xampp\htdocs\projectx\watanybot\packages\lebanese-administrative-authority\authority\sources\arabic\national-village-manifest-clean.csv","","source-reported"
"LB-LOC-34246","34.23778396","35.73490907","national-manifest","C:\xampp\htdocs\projectx\watanybot\packages\lebanese-administrative-authority\authority\sources\arabic\national-village-manifest-clean.csv","","source-reported"
"LB-LOC-34226","34.18882069","35.75667727","national-manifest","C:\xampp\htdocs\projectx\watanybot\packages\lebanese-administrative-authority\authority\sources\arabic\national-village-manifest-clean.csv","","source-reported"
"LB-LOC-34214","34.18756744","35.74254161","national-manifest","C:\xampp\htdocs\projectx\watanybot\packages\lebanese-administrative-authority\authority\sources\arabic\national-village-manifest-clean.csv","","source-reported"
"LB-LOC-34236","34.19809893","35.7647197","national-manifest","C:\xampp\htdocs\projectx\watanybot\packages\lebanese-administrative-authority\authority\sources\arabic\national-village-manifest-clean.csv","","source-reported"
"LB-LOC-34256","34.2263778","35.68603308","national-manifest","C:\xampp\htdocs\projectx\watanybot\packages\lebanese-administrative-authority\authority\sources\arabic\national-village-manifest-clean.csv","","source-reported"
"LB-LOC-34254","34.20964546","35.77807489","national-manifest","C:\xampp\htdocs\projectx\watanybot\packages\lebanese-administrative-authority\authority\sources\arabic\national-village-manifest-clean.csv","","source-reported"
"LB-LOC-34229","34.21808875","35.70403987","national-manifest","C:\xampp\htdocs\projectx\watanybot\packages\lebanese-administrative-authority\authority\sources\arabic\national-village-manifest-clean.csv","","source-reported"
"LB-LOC-34273","34.21622376","35.80541048","national-manifest","C:\xampp\htdocs\projectx\watanybot\packages\lebanese-administrative-authority\authority\sources\arabic\national-village-manifest-clean.csv","","source-reported"
"LB-LOC-34376","34.22894977","35.89173211","national-manifest","C:\xampp\htdocs\projectx\watanybot\packages\lebanese-administrative-authority\authority\sources\arabic\national-village-manifest-clean.csv","","source-reported"
"LB-LOC-34286","34.2823259","35.67569614","national-manifest","C:\xampp\htdocs\projectx\watanybot\packages\lebanese-administrative-authority\authority\sources\arabic\national-village-manifest-clean.csv","","source-reported"
"LB-LOC-34381","34.19609024","35.90243061","national-manifest","C:\xampp\htdocs\projectx\watanybot\packages\lebanese-administrative-authority\authority\sources\arabic\national-village-manifest-clean.csv","","source-reported"
"LB-LOC-34283","34.2721673","35.69250396","national-manifest","C:\xampp\htdocs\projectx\watanybot\packages\lebanese-administrative-authority\authority\sources\arabic\national-village-manifest-clean.csv","","source-reported"
"LB-LOC-34247","34.20109831","35.78555174","national-manifest","C:\xampp\htdocs\projectx\watanybot\packages\lebanese-administrative-authority\authority\sources\arabic\national-village-manifest-clean.csv","","source-reported"
"LB-LOC-34122","34.21552326","35.67181726","national-manifest","C:\xampp\htdocs\projectx\watanybot\packages\lebanese-administrative-authority\authority\sources\arabic\national-village-manifest-clean.csv","","source-reported"
"LB-LOC-34276","34.26744548","35.71772885","national-manifest","C:\xampp\htdocs\projectx\watanybot\packages\lebanese-administrative-authority\authority\sources\arabic\national-village-manifest-clean.csv","","source-reported"
"LB-LOC-34346","34.185878","35.79957124","national-manifest","C:\xampp\htdocs\projectx\watanybot\packages\lebanese-administrative-authority\authority\sources\arabic\national-village-manifest-clean.csv","","source-reported"
"LB-LOC-34284","34.28474237","35.71418073","national-manifest","C:\xampp\htdocs\projectx\watanybot\packages\lebanese-administrative-authority\authority\sources\arabic\national-village-manifest-clean.csv","","source-reported"
"LB-LOC-34166","34.28275759","35.66353779","national-manifest","C:\xampp\htdocs\projectx\watanybot\packages\lebanese-administrative-authority\authority\sources\arabic\national-village-manifest-clean.csv","","source-reported"
"LB-LOC-34224","34.20137854","35.69116811","national-manifest","C:\xampp\htdocs\projectx\watanybot\packages\lebanese-administrative-authority\authority\sources\arabic\national-village-manifest-clean.csv","","source-reported"
"LB-LOC-34239","34.22066847","35.68074122","national-manifest","C:\xampp\htdocs\projectx\watanybot\packages\lebanese-administrative-authority\authority\sources\arabic\national-village-manifest-clean.csv","","source-reported"
"LB-LOC-34261","34.24033111","35.75991188","national-manifest","C:\xampp\htdocs\projectx\watanybot\packages\lebanese-administrative-authority\authority\sources\arabic\national-village-manifest-clean.csv","","source-reported"
"LB-LOC-34386","34.1722735","35.94903003","national-manifest","C:\xampp\htdocs\projectx\watanybot\packages\lebanese-administrative-authority\authority\sources\arabic\national-village-manifest-clean.csv","","source-reported"
"LB-LOC-34356","34.2050272","35.90905901","national-manifest","C:\xampp\htdocs\projectx\watanybot\packages\lebanese-administrative-authority\authority\sources\arabic\national-village-manifest-clean.csv","","source-reported"
"LB-LOC-34133","34.21452443","35.65703682","national-manifest","C:\xampp\htdocs\projectx\watanybot\packages\lebanese-administrative-authority\authority\sources\arabic\national-village-manifest-clean.csv","","source-reported"
"LB-LOC-34212","34.20095729","35.73127136","national-manifest","C:\xampp\htdocs\projectx\watanybot\packages\lebanese-administrative-authority\authority\sources\arabic\national-village-manifest-clean.csv","","source-reported"
"LB-LOC-34243","34.22408562","35.75542711","national-manifest","C:\xampp\htdocs\projectx\watanybot\packages\lebanese-administrative-authority\authority\sources\arabic\national-village-manifest-clean.csv","","source-reported"
"LB-LOC-32143","34.34405389","35.83033241","national-manifest","C:\xampp\htdocs\projectx\watanybot\packages\lebanese-administrative-authority\authority\sources\arabic\national-village-manifest-clean.csv","","source-reported"
"LB-LOC-32127","34.33016801","35.78798588","national-manifest","C:\xampp\htdocs\projectx\watanybot\packages\lebanese-administrative-authority\authority\sources\arabic\national-village-manifest-clean.csv","","source-reported"
"LB-LOC-32135","34.28310558","35.84506915","national-manifest","C:\xampp\htdocs\projectx\watanybot\packages\lebanese-administrative-authority\authority\sources\arabic\national-village-manifest-clean.csv","","source-reported"
"LB-LOC-32111","34.30014034","35.80169881","national-manifest","C:\xampp\htdocs\projectx\watanybot\packages\lebanese-administrative-authority\authority\sources\arabic\national-village-manifest-clean.csv","","source-reported"
"LB-LOC-32161","34.33272938","35.76414025","national-manifest","C:\xampp\htdocs\projectx\watanybot\packages\lebanese-administrative-authority\authority\sources\arabic\national-village-manifest-clean.csv","","source-reported"
"LB-LOC-32163","34.34197381","35.7668947","national-manifest","C:\xampp\htdocs\projectx\watanybot\packages\lebanese-administrative-authority\authority\sources\arabic\national-village-manifest-clean.csv","","source-reported"
"LB-LOC-32187","34.38641001","35.82972167","national-manifest","C:\xampp\htdocs\projectx\watanybot\packages\lebanese-administrative-authority\authority\sources\arabic\national-village-manifest-clean.csv","","source-reported"
"LB-LOC-32159","34.36410971","35.80872415","national-manifest","C:\xampp\htdocs\projectx\watanybot\packages\lebanese-administrative-authority\authority\sources\arabic\national-village-manifest-clean.csv","","source-reported"
"LB-LOC-32145","34.3480782","35.8188674","national-manifest","C:\xampp\htdocs\projectx\watanybot\packages\lebanese-administrative-authority\authority\sources\arabic\national-village-manifest-clean.csv","","source-reported"
"LB-LOC-32117","34.32101796","35.79682892","national-manifest","C:\xampp\htdocs\projectx\watanybot\packages\lebanese-administrative-authority\authority\sources\arabic\national-village-manifest-clean.csv","","source-reported"
"LB-LOC-32165","34.2942513","35.73434144","national-manifest","C:\xampp\htdocs\projectx\watanybot\packages\lebanese-administrative-authority\authority\sources\arabic\national-village-manifest-clean.csv","","source-reported"
"LB-LOC-32133","34.27728363","35.83590022","national-manifest","C:\xampp\htdocs\projectx\watanybot\packages\lebanese-administrative-authority\authority\sources\arabic\national-village-manifest-clean.csv","","source-reported"
"LB-LOC-32189","34.38680546","35.8611264","national-manifest","C:\xampp\htdocs\projectx\watanybot\packages\lebanese-administrative-authority\authority\sources\arabic\national-village-manifest-clean.csv","","source-reported"
"LB-LOC-32141","34.27305975","35.85426893","national-manifest","C:\xampp\htdocs\projectx\watanybot\packages\lebanese-administrative-authority\authority\sources\arabic\national-village-manifest-clean.csv","","source-reported"
"LB-LOC-32193","34.37126193","35.8567569","national-manifest","C:\xampp\htdocs\projectx\watanybot\packages\lebanese-administrative-authority\authority\sources\arabic\national-village-manifest-clean.csv","","source-reported"
"LB-LOC-32125","34.33765289","35.84520766","national-manifest","C:\xampp\htdocs\projectx\watanybot\packages\lebanese-administrative-authority\authority\sources\arabic\national-village-manifest-clean.csv","","source-reported"
"LB-LOC-32153","34.27572753","35.76105146","national-manifest","C:\xampp\htdocs\projectx\watanybot\packages\lebanese-administrative-authority\authority\sources\arabic\national-village-manifest-clean.csv","","source-reported"
"LB-LOC-32119","34.3355711","35.81457619","national-manifest","C:\xampp\htdocs\projectx\watanybot\packages\lebanese-administrative-authority\authority\sources\arabic\national-village-manifest-clean.csv","","source-reported"
"LB-LOC-32169","34.36051839","35.83774182","national-manifest","C:\xampp\htdocs\projectx\watanybot\packages\lebanese-administrative-authority\authority\sources\arabic\national-village-manifest-clean.csv","","source-reported"
"LB-LOC-32121","34.27536569","35.81804027","national-manifest","C:\xampp\htdocs\projectx\watanybot\packages\lebanese-administrative-authority\authority\sources\arabic\national-village-manifest-clean.csv","","source-reported"
"LB-LOC-32131","34.27280982","35.79135511","national-manifest","C:\xampp\htdocs\projectx\watanybot\packages\lebanese-administrative-authority\authority\sources\arabic\national-village-manifest-clean.csv","","source-reported"
"LB-LOC-32129","34.28484051","35.77765851","national-manifest","C:\xampp\htdocs\projectx\watanybot\packages\lebanese-administrative-authority\authority\sources\arabic\national-village-manifest-clean.csv","","source-reported"
"LB-LOC-32179","34.3765504","35.79819076","national-manifest","C:\xampp\htdocs\projectx\watanybot\packages\lebanese-administrative-authority\authority\sources\arabic\national-village-manifest-clean.csv","","source-reported"
"LB-LOC-32173","34.3660607","35.78416859","national-manifest","C:\xampp\htdocs\projectx\watanybot\packages\lebanese-administrative-authority\authority\sources\arabic\national-village-manifest-clean.csv","","source-reported"
"LB-LOC-32181","34.35114493","35.73832123","national-manifest","C:\xampp\htdocs\projectx\watanybot\packages\lebanese-administrative-authority\authority\sources\arabic\national-village-manifest-clean.csv","","source-reported"
"LB-LOC-32147","34.34661467","35.7855122","national-manifest","C:\xampp\htdocs\projectx\watanybot\packages\lebanese-administrative-authority\authority\sources\arabic\national-village-manifest-clean.csv","","source-reported"
"LB-LOC-32183","34.37278924","35.75390279","national-manifest","C:\xampp\htdocs\projectx\watanybot\packages\lebanese-administrative-authority\authority\sources\arabic\national-village-manifest-clean.csv","","source-reported"
"LB-LOC-32157","34.27230282","35.74010037","national-manifest","C:\xampp\htdocs\projectx\watanybot\packages\lebanese-administrative-authority\authority\sources\arabic\national-village-manifest-clean.csv","","source-reported"
"LB-LOC-32177","34.29939009","35.71657726","national-manifest","C:\xampp\htdocs\projectx\watanybot\packages\lebanese-administrative-authority\authority\sources\arabic\national-village-manifest-clean.csv","","source-reported"
"LB-LOC-32151","34.2647888","35.76844433","national-manifest","C:\xampp\htdocs\projectx\watanybot\packages\lebanese-administrative-authority\authority\sources\arabic\national-village-manifest-clean.csv","","source-reported"
"LB-LOC-32113","34.31048186","35.830806","national-manifest","C:\xampp\htdocs\projectx\watanybot\packages\lebanese-administrative-authority\authority\sources\arabic\national-village-manifest-clean.csv","","source-reported"
"LB-LOC-32155","34.2866697","35.74688781","national-manifest","C:\xampp\htdocs\projectx\watanybot\packages\lebanese-administrative-authority\authority\sources\arabic\national-village-manifest-clean.csv","","source-reported"
"LB-LOC-32123","34.30817552","35.76310091","national-manifest","C:\xampp\htdocs\projectx\watanybot\packages\lebanese-administrative-authority\authority\sources\arabic\national-village-manifest-clean.csv","","source-reported"
"LB-LOC-32167","34.35372243","35.84861155","national-manifest","C:\xampp\htdocs\projectx\watanybot\packages\lebanese-administrative-authority\authority\sources\arabic\national-village-manifest-clean.csv","","source-reported"
"LB-LOC-32115","34.29689258","35.83020544","national-manifest","C:\xampp\htdocs\projectx\watanybot\packages\lebanese-administrative-authority\authority\sources\arabic\national-village-manifest-clean.csv","","source-reported"
"LB-LOC-32137","34.30779483","35.85298878","national-manifest","C:\xampp\htdocs\projectx\watanybot\packages\lebanese-administrative-authority\authority\sources\arabic\national-village-manifest-clean.csv","","source-reported"
"LB-LOC-32149","34.25512781","35.79582925","national-manifest","C:\xampp\htdocs\projectx\watanybot\packages\lebanese-administrative-authority\authority\sources\arabic\national-village-manifest-clean.csv","","source-reported"
"LB-LOC-32191","34.36913752","35.82866161","national-manifest","C:\xampp\htdocs\projectx\watanybot\packages\lebanese-administrative-authority\authority\sources\arabic\national-village-manifest-clean.csv","","source-reported"
"LB-LOC-32171","34.36064246","35.77101482","national-manifest","C:\xampp\htdocs\projectx\watanybot\packages\lebanese-administrative-authority\authority\sources\arabic\national-village-manifest-clean.csv","","source-reported"
"LB-LOC-32185","34.39727667","35.81889293","national-manifest","C:\xampp\htdocs\projectx\watanybot\packages\lebanese-administrative-authority\authority\sources\arabic\national-village-manifest-clean.csv","","source-reported"
"LB-LOC-32139","34.28870273","35.8546732","national-manifest","C:\xampp\htdocs\projectx\watanybot\packages\lebanese-administrative-authority\authority\sources\arabic\national-village-manifest-clean.csv","","source-reported"
"LB-LOC-32175","34.35351785","35.75421564","national-manifest","C:\xampp\htdocs\projectx\watanybot\packages\lebanese-administrative-authority\authority\sources\arabic\national-village-manifest-clean.csv","","source-reported"
"LB-LOC-32195","34.25496473","35.84058998","national-manifest","C:\xampp\htdocs\projectx\watanybot\packages\lebanese-administrative-authority\authority\sources\arabic\national-village-manifest-clean.csv","","source-reported"
"LB-LOC-37333","34.39266204","36.04570218","national-manifest","C:\xampp\htdocs\projectx\watanybot\packages\lebanese-administrative-authority\authority\sources\arabic\national-village-manifest-clean.csv","","source-reported"
"LB-LOC-37362","34.44005151","36.09819754","national-manifest","C:\xampp\htdocs\projectx\watanybot\packages\lebanese-administrative-authority\authority\sources\arabic\national-village-manifest-clean.csv","","source-reported"
"LB-LOC-37313","34.38395752","36.01138546","national-manifest","C:\xampp\htdocs\projectx\watanybot\packages\lebanese-administrative-authority\authority\sources\arabic\national-village-manifest-clean.csv","","source-reported"
"LB-LOC-37367","34.35348309","35.97270193","national-manifest","C:\xampp\htdocs\projectx\watanybot\packages\lebanese-administrative-authority\authority\sources\arabic\national-village-manifest-clean.csv","","source-reported"
"LB-LOC-37361","34.43615752","35.99233757","national-manifest","C:\xampp\htdocs\projectx\watanybot\packages\lebanese-administrative-authority\authority\sources\arabic\national-village-manifest-clean.csv","","source-reported"
"LB-LOC-37391","34.41517572","36.01331586","national-manifest","C:\xampp\htdocs\projectx\watanybot\packages\lebanese-administrative-authority\authority\sources\arabic\national-village-manifest-clean.csv","","source-reported"
"LB-LOC-37379","34.36028609","35.93606947","national-manifest","C:\xampp\htdocs\projectx\watanybot\packages\lebanese-administrative-authority\authority\sources\arabic\national-village-manifest-clean.csv","","source-reported"
"LB-LOC-37359","34.32257628","36.00463669","national-manifest","C:\xampp\htdocs\projectx\watanybot\packages\lebanese-administrative-authority\authority\sources\arabic\national-village-manifest-clean.csv","","source-reported"
"LB-LOC-37231","34.44931543","35.87223979","national-manifest","C:\xampp\htdocs\projectx\watanybot\packages\lebanese-administrative-authority\authority\sources\arabic\national-village-manifest-clean.csv","","source-reported"
"LB-LOC-37371","34.33561704","35.96743326","national-manifest","C:\xampp\htdocs\projectx\watanybot\packages\lebanese-administrative-authority\authority\sources\arabic\national-village-manifest-clean.csv","","source-reported"
"LB-LOC-37329","34.39406201","36.05096706","national-manifest","C:\xampp\htdocs\projectx\watanybot\packages\lebanese-administrative-authority\authority\sources\arabic\national-village-manifest-clean.csv","","source-reported"
"LB-LOC-37357","34.4243619","36.0731604","national-manifest","C:\xampp\htdocs\projectx\watanybot\packages\lebanese-administrative-authority\authority\sources\arabic\national-village-manifest-clean.csv","","source-reported"
"LB-LOC-37349","34.4059872","35.98396152","national-manifest","C:\xampp\htdocs\projectx\watanybot\packages\lebanese-administrative-authority\authority\sources\arabic\national-village-manifest-clean.csv","","source-reported"
"LB-LOC-37251","34.45868343","35.91478887","national-manifest","C:\xampp\htdocs\projectx\watanybot\packages\lebanese-administrative-authority\authority\sources\arabic\national-village-manifest-clean.csv","","source-reported"
"LB-LOC-37317","34.32654367","36.09889838","national-manifest","C:\xampp\htdocs\projectx\watanybot\packages\lebanese-administrative-authority\authority\sources\arabic\national-village-manifest-clean.csv","","source-reported"
"LB-LOC-37319","34.37357821","36.0455767","national-manifest","C:\xampp\htdocs\projectx\watanybot\packages\lebanese-administrative-authority\authority\sources\arabic\national-village-manifest-clean.csv","","source-reported"
"LB-LOC-37343","34.42923237","36.04000885","national-manifest","C:\xampp\htdocs\projectx\watanybot\packages\lebanese-administrative-authority\authority\sources\arabic\national-village-manifest-clean.csv","","source-reported"
"LB-LOC-37356","34.43407183","36.07082922","national-manifest","C:\xampp\htdocs\projectx\watanybot\packages\lebanese-administrative-authority\authority\sources\arabic\national-village-manifest-clean.csv","","source-reported"
"LB-LOC-37241","34.45801373","35.89932959","national-manifest","C:\xampp\htdocs\projectx\watanybot\packages\lebanese-administrative-authority\authority\sources\arabic\national-village-manifest-clean.csv","","source-reported"
"LB-LOC-37377","34.37806676","35.93462521","national-manifest","C:\xampp\htdocs\projectx\watanybot\packages\lebanese-administrative-authority\authority\sources\arabic\national-village-manifest-clean.csv","","source-reported"
"LB-LOC-37355","34.41915414","36.08108306","national-manifest","C:\xampp\htdocs\projectx\watanybot\packages\lebanese-administrative-authority\authority\sources\arabic\national-village-manifest-clean.csv","","source-reported"
"LB-LOC-37327","34.39824777","36.01732787","national-manifest","C:\xampp\htdocs\projectx\watanybot\packages\lebanese-administrative-authority\authority\sources\arabic\national-village-manifest-clean.csv","","source-reported"
"LB-LOC-37345","34.43217327","36.01158028","national-manifest","C:\xampp\htdocs\projectx\watanybot\packages\lebanese-administrative-authority\authority\sources\arabic\national-village-manifest-clean.csv","","source-reported"
"LB-LOC-37321","34.39194217","36.04036056","national-manifest","C:\xampp\htdocs\projectx\watanybot\packages\lebanese-administrative-authority\authority\sources\arabic\national-village-manifest-clean.csv","","source-reported"
"LB-LOC-37341","34.37624664","35.97309213","national-manifest","C:\xampp\htdocs\projectx\watanybot\packages\lebanese-administrative-authority\authority\sources\arabic\national-village-manifest-clean.csv","","source-reported"
"LB-LOC-37375","34.35419327","35.93740079","national-manifest","C:\xampp\htdocs\projectx\watanybot\packages\lebanese-administrative-authority\authority\sources\arabic\national-village-manifest-clean.csv","","source-reported"
"LB-LOC-37358","34.40899687","36.11641776","national-manifest","C:\xampp\htdocs\projectx\watanybot\packages\lebanese-administrative-authority\authority\sources\arabic\national-village-manifest-clean.csv","","source-reported"
"LB-LOC-37373","34.34648507","35.95310746","national-manifest","C:\xampp\htdocs\projectx\watanybot\packages\lebanese-administrative-authority\authority\sources\arabic\national-village-manifest-clean.csv","","source-reported"
"LB-LOC-37347","34.34764186","36.01641097","national-manifest","C:\xampp\htdocs\projectx\watanybot\packages\lebanese-administrative-authority\authority\sources\arabic\national-village-manifest-clean.csv","","source-reported"
"LB-LOC-37395","34.39975545","36.09043071","national-manifest","C:\xampp\htdocs\projectx\watanybot\packages\lebanese-administrative-authority\authority\sources\arabic\national-village-manifest-clean.csv","","source-reported"
"LB-LOC-37363","34.42419085","35.98124714","national-manifest","C:\xampp\htdocs\projectx\watanybot\packages\lebanese-administrative-authority\authority\sources\arabic\national-village-manifest-clean.csv","","source-reported"
"LB-LOC-37365","34.41149197","35.96588678","national-manifest","C:\xampp\htdocs\projectx\watanybot\packages\lebanese-administrative-authority\authority\sources\arabic\national-village-manifest-clean.csv","","source-reported"
"LB-LOC-37335","34.40331175","36.00115062","national-manifest","C:\xampp\htdocs\projectx\watanybot\packages\lebanese-administrative-authority\authority\sources\arabic\national-village-manifest-clean.csv","","source-reported"
"LB-LOC-37389","34.36163829","35.96346609","national-manifest","C:\xampp\htdocs\projectx\watanybot\packages\lebanese-administrative-authority\authority\sources\arabic\national-village-manifest-clean.csv","","source-reported"
"LB-LOC-37314","34.38387414","35.99994234","national-manifest","C:\xampp\htdocs\projectx\watanybot\packages\lebanese-administrative-authority\authority\sources\arabic\national-village-manifest-clean.csv","","source-reported"
"LB-LOC-37381","34.46805377","35.96426907","national-manifest","C:\xampp\htdocs\projectx\watanybot\packages\lebanese-administrative-authority\authority\sources\arabic\national-village-manifest-clean.csv","","source-reported"
"LB-LOC-37325","34.37643962","36.07742186","national-manifest","C:\xampp\htdocs\projectx\watanybot\packages\lebanese-administrative-authority\authority\sources\arabic\national-village-manifest-clean.csv","","source-reported"
"LB-LOC-37271","34.48038378","35.93693437","national-manifest","C:\xampp\htdocs\projectx\watanybot\packages\lebanese-administrative-authority\authority\sources\arabic\national-village-manifest-clean.csv","","source-reported"
"LB-LOC-37331","34.39821118","36.03666246","national-manifest","C:\xampp\htdocs\projectx\watanybot\packages\lebanese-administrative-authority\authority\sources\arabic\national-village-manifest-clean.csv","","source-reported"
"LB-LOC-37351","34.41875756","35.9897196","national-manifest","C:\xampp\htdocs\projectx\watanybot\packages\lebanese-administrative-authority\authority\sources\arabic\national-village-manifest-clean.csv","","source-reported"
"LB-LOC-37385","34.3698917","36.14702041","national-manifest","C:\xampp\htdocs\projectx\watanybot\packages\lebanese-administrative-authority\authority\sources\arabic\national-village-manifest-clean.csv","","source-reported"
"LB-LOC-37261","34.46164381","35.93190392","national-manifest","C:\xampp\htdocs\projectx\watanybot\packages\lebanese-administrative-authority\authority\sources\arabic\national-village-manifest-clean.csv","","source-reported"
"LB-LOC-37360","34.44089812","36.0822799","national-manifest","C:\xampp\htdocs\projectx\watanybot\packages\lebanese-administrative-authority\authority\sources\arabic\national-village-manifest-clean.csv","","source-reported"
"LB-LOC-37383","34.42933983","36.12591417","national-manifest","C:\xampp\htdocs\projectx\watanybot\packages\lebanese-administrative-authority\authority\sources\arabic\national-village-manifest-clean.csv","","source-reported"
"LB-LOC-37339","34.38702783","36.07171622","national-manifest","C:\xampp\htdocs\projectx\watanybot\packages\lebanese-administrative-authority\authority\sources\arabic\national-village-manifest-clean.csv","","source-reported"
"LB-LOC-37315","34.39489933","36.02641639","national-manifest","C:\xampp\htdocs\projectx\watanybot\packages\lebanese-administrative-authority\authority\sources\arabic\national-village-manifest-clean.csv","","source-reported"
"LB-LOC-37344","34.40916095","36.13963095","national-manifest","C:\xampp\htdocs\projectx\watanybot\packages\lebanese-administrative-authority\authority\sources\arabic\national-village-manifest-clean.csv","","source-reported"
"LB-LOC-37353","34.39644069","36.0339616","national-manifest","C:\xampp\htdocs\projectx\watanybot\packages\lebanese-administrative-authority\authority\sources\arabic\national-village-manifest-clean.csv","","source-reported"
"LB-LOC-37382","34.46437202","35.98370258","national-manifest","C:\xampp\htdocs\projectx\watanybot\packages\lebanese-administrative-authority\authority\sources\arabic\national-village-manifest-clean.csv","","source-reported"
"LB-LOC-37281","34.49211107","35.98216711","national-manifest","C:\xampp\htdocs\projectx\watanybot\packages\lebanese-administrative-authority\authority\sources\arabic\national-village-manifest-clean.csv","","source-reported"
"LB-LOC-37337","34.40569532","36.0547037","national-manifest","C:\xampp\htdocs\projectx\watanybot\packages\lebanese-administrative-authority\authority\sources\arabic\national-village-manifest-clean.csv","","source-reported"
"LB-LOC-37311","34.38145822","36.02780652","national-manifest","C:\xampp\htdocs\projectx\watanybot\packages\lebanese-administrative-authority\authority\sources\arabic\national-village-manifest-clean.csv","","source-reported"
"LB-LOC-37323","34.40795533","36.03250588","national-manifest","C:\xampp\htdocs\projectx\watanybot\packages\lebanese-administrative-authority\authority\sources\arabic\national-village-manifest-clean.csv","","source-reported"
"LB-LOC-37387","34.44586511","35.94384504","national-manifest","C:\xampp\htdocs\projectx\watanybot\packages\lebanese-administrative-authority\authority\sources\arabic\national-village-manifest-clean.csv","","source-reported"
"LB-LOC-37369","34.35813843","35.95335267","national-manifest","C:\xampp\htdocs\projectx\watanybot\packages\lebanese-administrative-authority\authority\sources\arabic\national-village-manifest-clean.csv","","source-reported"
"LB-LOC-37291","34.49587531","35.9587161","national-manifest","C:\xampp\htdocs\projectx\watanybot\packages\lebanese-administrative-authority\authority\sources\arabic\national-village-manifest-clean.csv","","source-reported"
"LB-LOC-31186","34.44307591","35.82101705","national-manifest","C:\xampp\htdocs\projectx\watanybot\packages\lebanese-administrative-authority\authority\sources\arabic\national-village-manifest-clean.csv","","source-reported"
"LB-LOC-31171","34.450342","35.81794557","national-manifest","C:\xampp\htdocs\projectx\watanybot\packages\lebanese-administrative-authority\authority\sources\arabic\national-village-manifest-clean.csv","","source-reported"
"LB-LOC-31176","34.44922116","35.81231022","national-manifest","C:\xampp\htdocs\projectx\watanybot\packages\lebanese-administrative-authority\authority\sources\arabic\national-village-manifest-clean.csv","","source-reported"
"LB-LOC-31181","34.45304711","35.81039002","national-manifest","C:\xampp\htdocs\projectx\watanybot\packages\lebanese-administrative-authority\authority\sources\arabic\national-village-manifest-clean.csv","","source-reported"
"LB-LOC-31221","34.38551649","35.78703126","national-manifest","C:\xampp\htdocs\projectx\watanybot\packages\lebanese-administrative-authority\authority\sources\arabic\national-village-manifest-clean.csv","","source-reported"
"LB-LOC-31146","34.43567087","35.84553636","national-manifest","C:\xampp\htdocs\projectx\watanybot\packages\lebanese-administrative-authority\authority\sources\arabic\national-village-manifest-clean.csv","","source-reported"
"LB-LOC-31131","34.43407912","35.8441673","national-manifest","C:\xampp\htdocs\projectx\watanybot\packages\lebanese-administrative-authority\authority\sources\arabic\national-village-manifest-clean.csv","","source-reported"
"LB-LOC-31116","34.4310012","35.84093924","national-manifest","C:\xampp\htdocs\projectx\watanybot\packages\lebanese-administrative-authority\authority\sources\arabic\national-village-manifest-clean.csv","","source-reported"
"LB-LOC-31151","34.43918485","35.85172314","national-manifest","C:\xampp\htdocs\projectx\watanybot\packages\lebanese-administrative-authority\authority\sources\arabic\national-village-manifest-clean.csv","","source-reported"
"LB-LOC-31126","34.43516775","35.84127237","national-manifest","C:\xampp\htdocs\projectx\watanybot\packages\lebanese-administrative-authority\authority\sources\arabic\national-village-manifest-clean.csv","","source-reported"
"LB-LOC-31136","34.43606729","35.84331155","national-manifest","C:\xampp\htdocs\projectx\watanybot\packages\lebanese-administrative-authority\authority\sources\arabic\national-village-manifest-clean.csv","","source-reported"
"LB-LOC-31141","34.43425164","35.8473932","national-manifest","C:\xampp\htdocs\projectx\watanybot\packages\lebanese-administrative-authority\authority\sources\arabic\national-village-manifest-clean.csv","","source-reported"
"LB-LOC-31161","34.44053583","35.84901728","national-manifest","C:\xampp\htdocs\projectx\watanybot\packages\lebanese-administrative-authority\authority\sources\arabic\national-village-manifest-clean.csv","","source-reported"
"LB-LOC-31121","34.4380894","35.83693445","national-manifest","C:\xampp\htdocs\projectx\watanybot\packages\lebanese-administrative-authority\authority\sources\arabic\national-village-manifest-clean.csv","","source-reported"
"LB-LOC-31156","34.43892356","35.84347972","national-manifest","C:\xampp\htdocs\projectx\watanybot\packages\lebanese-administrative-authority\authority\sources\arabic\national-village-manifest-clean.csv","","source-reported"
"LB-LOC-31111","34.41921501","35.84308298","national-manifest","C:\xampp\htdocs\projectx\watanybot\packages\lebanese-administrative-authority\authority\sources\arabic\national-village-manifest-clean.csv","","source-reported"
"LB-LOC-31166","34.438327","35.82744092","national-manifest","C:\xampp\htdocs\projectx\watanybot\packages\lebanese-administrative-authority\authority\sources\arabic\national-village-manifest-clean.csv","","source-reported"
"LB-LOC-33267","34.42022893","35.94111787","national-manifest","C:\xampp\htdocs\projectx\watanybot\packages\lebanese-administrative-authority\authority\sources\arabic\national-village-manifest-clean.csv","","source-reported"
"LB-LOC-33133","34.42580203","35.89825855","national-manifest","C:\xampp\htdocs\projectx\watanybot\packages\lebanese-administrative-authority\authority\sources\arabic\national-village-manifest-clean.csv","","source-reported"
"LB-LOC-33227","34.28320913","35.93507023","national-manifest","C:\xampp\htdocs\projectx\watanybot\packages\lebanese-administrative-authority\authority\sources\arabic\national-village-manifest-clean.csv","","source-reported"
"LB-LOC-33113","34.41331331","35.88931774","national-manifest","C:\xampp\htdocs\projectx\watanybot\packages\lebanese-administrative-authority\authority\sources\arabic\national-village-manifest-clean.csv","","source-reported"
"LB-LOC-33161","34.33703999","35.87930719","national-manifest","C:\xampp\htdocs\projectx\watanybot\packages\lebanese-administrative-authority\authority\sources\arabic\national-village-manifest-clean.csv","","source-reported"
"LB-LOC-33219","34.28839779","35.94352939","national-manifest","C:\xampp\htdocs\projectx\watanybot\packages\lebanese-administrative-authority\authority\sources\arabic\national-village-manifest-clean.csv","","source-reported"
"LB-LOC-33123","34.41716658","35.916798","national-manifest","C:\xampp\htdocs\projectx\watanybot\packages\lebanese-administrative-authority\authority\sources\arabic\national-village-manifest-clean.csv","","source-reported"
"LB-LOC-33125","34.38590982","35.8896413","national-manifest","C:\xampp\htdocs\projectx\watanybot\packages\lebanese-administrative-authority\authority\sources\arabic\national-village-manifest-clean.csv","","source-reported"
"LB-LOC-33243","34.31260769","35.9221089","national-manifest","C:\xampp\htdocs\projectx\watanybot\packages\lebanese-administrative-authority\authority\sources\arabic\national-village-manifest-clean.csv","","source-reported"
"LB-LOC-33157","34.34563933","35.86275021","national-manifest","C:\xampp\htdocs\projectx\watanybot\packages\lebanese-administrative-authority\authority\sources\arabic\national-village-manifest-clean.csv","","source-reported"
"LB-LOC-33215","34.30831489","35.96832348","national-manifest","C:\xampp\htdocs\projectx\watanybot\packages\lebanese-administrative-authority\authority\sources\arabic\national-village-manifest-clean.csv","","source-reported"
"LB-LOC-33239","34.32401063","35.97081831","national-manifest","C:\xampp\htdocs\projectx\watanybot\packages\lebanese-administrative-authority\authority\sources\arabic\national-village-manifest-clean.csv","","source-reported"
"LB-LOC-33159","34.33361474","35.89433315","national-manifest","C:\xampp\htdocs\projectx\watanybot\packages\lebanese-administrative-authority\authority\sources\arabic\national-village-manifest-clean.csv","","source-reported"
"LB-LOC-33279","34.44064024","35.92587265","national-manifest","C:\xampp\htdocs\projectx\watanybot\packages\lebanese-administrative-authority\authority\sources\arabic\national-village-manifest-clean.csv","","source-reported"
"LB-LOC-33149","34.35324481","35.87961419","national-manifest","C:\xampp\htdocs\projectx\watanybot\packages\lebanese-administrative-authority\authority\sources\arabic\national-village-manifest-clean.csv","","source-reported"
"LB-LOC-33263","34.39494233","35.93673594","national-manifest","C:\xampp\htdocs\projectx\watanybot\packages\lebanese-administrative-authority\authority\sources\arabic\national-village-manifest-clean.csv","","source-reported"
"LB-LOC-33163","34.33408334","35.86728429","national-manifest","C:\xampp\htdocs\projectx\watanybot\packages\lebanese-administrative-authority\authority\sources\arabic\national-village-manifest-clean.csv","","source-reported"
"LB-LOC-33137","34.36306021","35.89188696","national-manifest","C:\xampp\htdocs\projectx\watanybot\packages\lebanese-administrative-authority\authority\sources\arabic\national-village-manifest-clean.csv","","source-reported"
"LB-LOC-33211","34.2917142","35.98660579","national-manifest","C:\xampp\htdocs\projectx\watanybot\packages\lebanese-administrative-authority\authority\sources\arabic\national-village-manifest-clean.csv","","source-reported"
"LB-LOC-33275","34.43194597","35.95994022","national-manifest","C:\xampp\htdocs\projectx\watanybot\packages\lebanese-administrative-authority\authority\sources\arabic\national-village-manifest-clean.csv","","source-reported"
"LB-LOC-33131","34.37919251","35.9163397","national-manifest","C:\xampp\htdocs\projectx\watanybot\packages\lebanese-administrative-authority\authority\sources\arabic\national-village-manifest-clean.csv","","source-reported"
"LB-LOC-33152","34.36487261","35.93320675","national-manifest","C:\xampp\htdocs\projectx\watanybot\packages\lebanese-administrative-authority\authority\sources\arabic\national-village-manifest-clean.csv","","source-reported"
"LB-LOC-33287","34.45272105","35.92979751","national-manifest","C:\xampp\htdocs\projectx\watanybot\packages\lebanese-administrative-authority\authority\sources\arabic\national-village-manifest-clean.csv","","source-reported"
"LB-LOC-33141","34.35528801","35.91446301","national-manifest","C:\xampp\htdocs\projectx\watanybot\packages\lebanese-administrative-authority\authority\sources\arabic\national-village-manifest-clean.csv","","source-reported"
"LB-LOC-33291","34.31097343","35.94242495","national-manifest","C:\xampp\htdocs\projectx\watanybot\packages\lebanese-administrative-authority\authority\sources\arabic\national-village-manifest-clean.csv","","source-reported"
"LB-LOC-33169","34.30504153","35.88572259","national-manifest","C:\xampp\htdocs\projectx\watanybot\packages\lebanese-administrative-authority\authority\sources\arabic\national-village-manifest-clean.csv","","source-reported"
"LB-LOC-33147","34.36120882","35.86297087","national-manifest","C:\xampp\htdocs\projectx\watanybot\packages\lebanese-administrative-authority\authority\sources\arabic\national-village-manifest-clean.csv","","source-reported"
"LB-LOC-33115","34.39914322","35.90733588","national-manifest","C:\xampp\htdocs\projectx\watanybot\packages\lebanese-administrative-authority\authority\sources\arabic\national-village-manifest-clean.csv","","source-reported"
"LB-LOC-33165","34.32169376","35.88128541","national-manifest","C:\xampp\htdocs\projectx\watanybot\packages\lebanese-administrative-authority\authority\sources\arabic\national-village-manifest-clean.csv","","source-reported"
"LB-LOC-33121","34.38108368","35.90362017","national-manifest","C:\xampp\htdocs\projectx\watanybot\packages\lebanese-administrative-authority\authority\sources\arabic\national-village-manifest-clean.csv","","source-reported"
"LB-LOC-33143","34.38529729","35.87191058","national-manifest","C:\xampp\htdocs\projectx\watanybot\packages\lebanese-administrative-authority\authority\sources\arabic\national-village-manifest-clean.csv","","source-reported"
"LB-LOC-33223","34.27535631","35.97254751","national-manifest","C:\xampp\htdocs\projectx\watanybot\packages\lebanese-administrative-authority\authority\sources\arabic\national-village-manifest-clean.csv","","source-reported"
"LB-LOC-33153","34.35567489","35.89628436","national-manifest","C:\xampp\htdocs\projectx\watanybot\packages\lebanese-administrative-authority\authority\sources\arabic\national-village-manifest-clean.csv","","source-reported"
"LB-LOC-33145","34.37270221","35.88290896","national-manifest","C:\xampp\htdocs\projectx\watanybot\packages\lebanese-administrative-authority\authority\sources\arabic\national-village-manifest-clean.csv","","source-reported"
"LB-LOC-33139","34.37010158","35.91240441","national-manifest","C:\xampp\htdocs\projectx\watanybot\packages\lebanese-administrative-authority\authority\sources\arabic\national-village-manifest-clean.csv","","source-reported"
"LB-LOC-33127","34.38561136","35.88133798","national-manifest","C:\xampp\htdocs\projectx\watanybot\packages\lebanese-administrative-authority\authority\sources\arabic\national-village-manifest-clean.csv","","source-reported"
"LB-LOC-33235","34.32027288","35.94943941","national-manifest","C:\xampp\htdocs\projectx\watanybot\packages\lebanese-administrative-authority\authority\sources\arabic\national-village-manifest-clean.csv","","source-reported"
"LB-LOC-33135","34.37595952","35.89231099","national-manifest","C:\xampp\htdocs\projectx\watanybot\packages\lebanese-administrative-authority\authority\sources\arabic\national-village-manifest-clean.csv","","source-reported"
"LB-LOC-33129","34.43034243","35.87608899","national-manifest","C:\xampp\htdocs\projectx\watanybot\packages\lebanese-administrative-authority\authority\sources\arabic\national-village-manifest-clean.csv","","source-reported"
"LB-LOC-33271","34.41926175","35.93102807","national-manifest","C:\xampp\htdocs\projectx\watanybot\packages\lebanese-administrative-authority\authority\sources\arabic\national-village-manifest-clean.csv","","source-reported"
"LB-LOC-33251","34.33777163","35.93287572","national-manifest","C:\xampp\htdocs\projectx\watanybot\packages\lebanese-administrative-authority\authority\sources\arabic\national-village-manifest-clean.csv","","source-reported"
"LB-LOC-33155","34.35019501","35.90424521","national-manifest","C:\xampp\htdocs\projectx\watanybot\packages\lebanese-administrative-authority\authority\sources\arabic\national-village-manifest-clean.csv","","source-reported"
"LB-LOC-33283","34.44673973","35.96522497","national-manifest","C:\xampp\htdocs\projectx\watanybot\packages\lebanese-administrative-authority\authority\sources\arabic\national-village-manifest-clean.csv","","source-reported"
"LB-LOC-33119","34.38334772","35.89525373","national-manifest","C:\xampp\htdocs\projectx\watanybot\packages\lebanese-administrative-authority\authority\sources\arabic\national-village-manifest-clean.csv","","source-reported"
"LB-LOC-33117","34.39770842","35.91972131","national-manifest","C:\xampp\htdocs\projectx\watanybot\packages\lebanese-administrative-authority\authority\sources\arabic\national-village-manifest-clean.csv","","source-reported"
"LB-LOC-33167","34.31504742","35.86823302","national-manifest","C:\xampp\htdocs\projectx\watanybot\packages\lebanese-administrative-authority\authority\sources\arabic\national-village-manifest-clean.csv","","source-reported"
"LB-LOC-33151","34.36340973","35.92198672","national-manifest","C:\xampp\htdocs\projectx\watanybot\packages\lebanese-administrative-authority\authority\sources\arabic\national-village-manifest-clean.csv","","source-reported"
"LB-LOC-33259","34.31789133","35.90535212","national-manifest","C:\xampp\htdocs\projectx\watanybot\packages\lebanese-administrative-authority\authority\sources\arabic\national-village-manifest-clean.csv","","source-reported"
"LB-LOC-33255","34.29226639","35.90735174","national-manifest","C:\xampp\htdocs\projectx\watanybot\packages\lebanese-administrative-authority\authority\sources\arabic\national-village-manifest-clean.csv","","source-reported"
"LB-LOC-33171","34.39394374","35.87733827","national-manifest","C:\xampp\htdocs\projectx\watanybot\packages\lebanese-administrative-authority\authority\sources\arabic\national-village-manifest-clean.csv","","source-reported"
"LB-LOC-33231","34.32224246","35.9631111","national-manifest","C:\xampp\htdocs\projectx\watanybot\packages\lebanese-administrative-authority\authority\sources\arabic\national-village-manifest-clean.csv","","source-reported"
"LB-LOC-33111","34.39670935","35.88900368","national-manifest","C:\xampp\htdocs\projectx\watanybot\packages\lebanese-administrative-authority\authority\sources\arabic\national-village-manifest-clean.csv","","source-reported"
"LB-LOC-63214","33.53580889","35.46531527","national-manifest","C:\xampp\htdocs\projectx\watanybot\packages\lebanese-administrative-authority\authority\sources\arabic\national-village-manifest-clean.csv","","source-reported"
"LB-LOC-63311","33.45723226","35.57418258","national-manifest","C:\xampp\htdocs\projectx\watanybot\packages\lebanese-administrative-authority\authority\sources\arabic\national-village-manifest-clean.csv","","source-reported"
"LB-LOC-63131","33.56407716","35.59127659","national-manifest","C:\xampp\htdocs\projectx\watanybot\packages\lebanese-administrative-authority\authority\sources\arabic\national-village-manifest-clean.csv","","source-reported"
"LB-LOC-63355","33.4025988","35.56443408","national-manifest","C:\xampp\htdocs\projectx\watanybot\packages\lebanese-administrative-authority\authority\sources\arabic\national-village-manifest-clean.csv","","source-reported"
"LB-LOC-63184","33.56077108","35.53369159","national-manifest","C:\xampp\htdocs\projectx\watanybot\packages\lebanese-administrative-authority\authority\sources\arabic\national-village-manifest-clean.csv","","source-reported"
"LB-LOC-63274","33.56329209","35.51011718","national-manifest","C:\xampp\htdocs\projectx\watanybot\packages\lebanese-administrative-authority\authority\sources\arabic\national-village-manifest-clean.csv","","source-reported"
"LB-LOC-63221","33.53580889","35.44870041","national-manifest","C:\xampp\htdocs\projectx\watanybot\packages\lebanese-administrative-authority\authority\sources\arabic\national-village-manifest-clean.csv","","source-reported"
"LB-LOC-63174","33.56340637","35.54212152","national-manifest","C:\xampp\htdocs\projectx\watanybot\packages\lebanese-administrative-authority\authority\sources\arabic\national-village-manifest-clean.csv","","source-reported"
"LB-LOC-63144","33.57569355","35.57882721","national-manifest","C:\xampp\htdocs\projectx\watanybot\packages\lebanese-administrative-authority\authority\sources\arabic\national-village-manifest-clean.csv","","source-reported"
"LB-LOC-63181","33.58206142","35.59655136","national-manifest","C:\xampp\htdocs\projectx\watanybot\packages\lebanese-administrative-authority\authority\sources\arabic\national-village-manifest-clean.csv","","source-reported"
"LB-LOC-63191","33.5775665","35.53539206","national-manifest","C:\xampp\htdocs\projectx\watanybot\packages\lebanese-administrative-authority\authority\sources\arabic\national-village-manifest-clean.csv","","source-reported"
"LB-LOC-63124","33.56100359","35.57307719","national-manifest","C:\xampp\htdocs\projectx\watanybot\packages\lebanese-administrative-authority\authority\sources\arabic\national-village-manifest-clean.csv","","source-reported"
"LB-LOC-63385","33.50441084","35.51069498","national-manifest","C:\xampp\htdocs\projectx\watanybot\packages\lebanese-administrative-authority\authority\sources\arabic\national-village-manifest-clean.csv","","source-reported"
"LB-LOC-63151","33.56625168","35.55571238","national-manifest","C:\xampp\htdocs\projectx\watanybot\packages\lebanese-administrative-authority\authority\sources\arabic\national-village-manifest-clean.csv","","source-reported"
"LB-LOC-63347","33.41654654","35.59996961","national-manifest","C:\xampp\htdocs\projectx\watanybot\packages\lebanese-administrative-authority\authority\sources\arabic\national-village-manifest-clean.csv","","source-reported"
"LB-LOC-63247","33.55214467","35.44150083","national-manifest","C:\xampp\htdocs\projectx\watanybot\packages\lebanese-administrative-authority\authority\sources\arabic\national-village-manifest-clean.csv","","source-reported"
"LB-LOC-63257","33.52186629","35.50232513","national-manifest","C:\xampp\htdocs\projectx\watanybot\packages\lebanese-administrative-authority\authority\sources\arabic\national-village-manifest-clean.csv","","source-reported"
"LB-LOC-63284","33.53207821","35.53134524","national-manifest","C:\xampp\htdocs\projectx\watanybot\packages\lebanese-administrative-authority\authority\sources\arabic\national-village-manifest-clean.csv","","source-reported"
"LB-LOC-63379","33.36832063","35.54337935","national-manifest","C:\xampp\htdocs\projectx\watanybot\packages\lebanese-administrative-authority\authority\sources\arabic\national-village-manifest-clean.csv","","source-reported"
"LB-LOC-63141","33.58435395","35.58540409","national-manifest","C:\xampp\htdocs\projectx\watanybot\packages\lebanese-administrative-authority\authority\sources\arabic\national-village-manifest-clean.csv","","source-reported"
"LB-LOC-63171","33.57821282","35.5554534","national-manifest","C:\xampp\htdocs\projectx\watanybot\packages\lebanese-administrative-authority\authority\sources\arabic\national-village-manifest-clean.csv","","source-reported"
"LB-LOC-63241","33.51950459","35.4550044","national-manifest","C:\xampp\htdocs\projectx\watanybot\packages\lebanese-administrative-authority\authority\sources\arabic\national-village-manifest-clean.csv","","source-reported"
"LB-LOC-63224","33.52012021","35.46989557","national-manifest","C:\xampp\htdocs\projectx\watanybot\packages\lebanese-administrative-authority\authority\sources\arabic\national-village-manifest-clean.csv","","source-reported"
"LB-LOC-63137","33.51954501","35.54984088","national-manifest","C:\xampp\htdocs\projectx\watanybot\packages\lebanese-administrative-authority\authority\sources\arabic\national-village-manifest-clean.csv","","source-reported"
"LB-LOC-63281","33.52279311","35.5266667","national-manifest","C:\xampp\htdocs\projectx\watanybot\packages\lebanese-administrative-authority\authority\sources\arabic\national-village-manifest-clean.csv","","source-reported"
"LB-LOC-63127","33.54925475","35.55488328","national-manifest","C:\xampp\htdocs\projectx\watanybot\packages\lebanese-administrative-authority\authority\sources\arabic\national-village-manifest-clean.csv","","source-reported"
"LB-LOC-63164","33.50109372","35.56741468","national-manifest","C:\xampp\htdocs\projectx\watanybot\packages\lebanese-administrative-authority\authority\sources\arabic\national-village-manifest-clean.csv","","source-reported"
"LB-LOC-63375","33.38207723","35.53184474","national-manifest","C:\xampp\htdocs\projectx\watanybot\packages\lebanese-administrative-authority\authority\sources\arabic\national-village-manifest-clean.csv","","source-reported"
"LB-LOC-63261","33.53829232","35.43235132","national-manifest","C:\xampp\htdocs\projectx\watanybot\packages\lebanese-administrative-authority\authority\sources\arabic\national-village-manifest-clean.csv","","source-reported"
"LB-LOC-63294","33.48542989","35.47539549","national-manifest","C:\xampp\htdocs\projectx\watanybot\packages\lebanese-administrative-authority\authority\sources\arabic\national-village-manifest-clean.csv","","source-reported"
"LB-LOC-63111","33.53442013","35.58655182","national-manifest","C:\xampp\htdocs\projectx\watanybot\packages\lebanese-administrative-authority\authority\sources\arabic\national-village-manifest-clean.csv","","source-reported"
"LB-LOC-63244","33.5647412","35.44920782","national-manifest","C:\xampp\htdocs\projectx\watanybot\packages\lebanese-administrative-authority\authority\sources\arabic\national-village-manifest-clean.csv","","source-reported"
"LB-LOC-63211","33.54656465","35.47083398","national-manifest","C:\xampp\htdocs\projectx\watanybot\packages\lebanese-administrative-authority\authority\sources\arabic\national-village-manifest-clean.csv","","source-reported"
"LB-LOC-63167","33.48562615","35.58903544","national-manifest","C:\xampp\htdocs\projectx\watanybot\packages\lebanese-administrative-authority\authority\sources\arabic\national-village-manifest-clean.csv","","source-reported"
"LB-LOC-63267","33.54721811","35.4310565","national-manifest","C:\xampp\htdocs\projectx\watanybot\packages\lebanese-administrative-authority\authority\sources\arabic\national-village-manifest-clean.csv","","source-reported"
"LB-LOC-63227","33.54955871","35.45299619","national-manifest","C:\xampp\htdocs\projectx\watanybot\packages\lebanese-administrative-authority\authority\sources\arabic\national-village-manifest-clean.csv","","source-reported"
"LB-LOC-63331","33.46450847","35.5307641","national-manifest","C:\xampp\htdocs\projectx\watanybot\packages\lebanese-administrative-authority\authority\sources\arabic\national-village-manifest-clean.csv","","source-reported"
"LB-LOC-63157","33.57943063","35.56994718","national-manifest","C:\xampp\htdocs\projectx\watanybot\packages\lebanese-administrative-authority\authority\sources\arabic\national-village-manifest-clean.csv","","source-reported"
"LB-LOC-63371","33.38615545","35.55617123","national-manifest","C:\xampp\htdocs\projectx\watanybot\packages\lebanese-administrative-authority\authority\sources\arabic\national-village-manifest-clean.csv","","source-reported"
"LB-LOC-63147","33.5272797","35.54214984","national-manifest","C:\xampp\htdocs\projectx\watanybot\packages\lebanese-administrative-authority\authority\sources\arabic\national-village-manifest-clean.csv","","source-reported"
"LB-LOC-63359","33.39006039","35.56986234","national-manifest","C:\xampp\htdocs\projectx\watanybot\packages\lebanese-administrative-authority\authority\sources\arabic\national-village-manifest-clean.csv","","source-reported"
"LB-LOC-63323","33.45567405","35.54786807","national-manifest","C:\xampp\htdocs\projectx\watanybot\packages\lebanese-administrative-authority\authority\sources\arabic\national-village-manifest-clean.csv","","source-reported"
"LB-LOC-63378","33.46106555","35.59881919","national-manifest","C:\xampp\htdocs\projectx\watanybot\packages\lebanese-administrative-authority\authority\sources\arabic\national-village-manifest-clean.csv","","source-reported"
"LB-LOC-63367","33.40540994","35.53829825","national-manifest","C:\xampp\htdocs\projectx\watanybot\packages\lebanese-administrative-authority\authority\sources\arabic\national-village-manifest-clean.csv","","source-reported"
"LB-LOC-63297","33.57863394","35.52009708","national-manifest","C:\xampp\htdocs\projectx\watanybot\packages\lebanese-administrative-authority\authority\sources\arabic\national-village-manifest-clean.csv","","source-reported"
"LB-LOC-63194","33.4882205","35.54816863","national-manifest","C:\xampp\htdocs\projectx\watanybot\packages\lebanese-administrative-authority\authority\sources\arabic\national-village-manifest-clean.csv","","source-reported"
"LB-LOC-63335","33.42453095","35.58391169","national-manifest","C:\xampp\htdocs\projectx\watanybot\packages\lebanese-administrative-authority\authority\sources\arabic\national-village-manifest-clean.csv","","source-reported"
"LB-LOC-63348","33.41348136","35.5864684","national-manifest","C:\xampp\htdocs\projectx\watanybot\packages\lebanese-administrative-authority\authority\sources\arabic\national-village-manifest-clean.csv","","source-reported"
"LB-LOC-63339","33.42982888","35.57226984","national-manifest","C:\xampp\htdocs\projectx\watanybot\packages\lebanese-administrative-authority\authority\sources\arabic\national-village-manifest-clean.csv","","source-reported"
"LB-LOC-63383","33.35644331","35.54286575","national-manifest","C:\xampp\htdocs\projectx\watanybot\packages\lebanese-administrative-authority\authority\sources\arabic\national-village-manifest-clean.csv","","source-reported"
"LB-LOC-63343","33.422908","35.55508222","national-manifest","C:\xampp\htdocs\projectx\watanybot\packages\lebanese-administrative-authority\authority\sources\arabic\national-village-manifest-clean.csv","","source-reported"
"LB-LOC-63231","33.52821404","35.44675693","national-manifest","C:\xampp\htdocs\projectx\watanybot\packages\lebanese-administrative-authority\authority\sources\arabic\national-village-manifest-clean.csv","","source-reported"
"LB-LOC-63161","33.58705696","35.56836235","national-manifest","C:\xampp\htdocs\projectx\watanybot\packages\lebanese-administrative-authority\authority\sources\arabic\national-village-manifest-clean.csv","","source-reported"
"LB-LOC-63254","33.51981217","35.43493495","national-manifest","C:\xampp\htdocs\projectx\watanybot\packages\lebanese-administrative-authority\authority\sources\arabic\national-village-manifest-clean.csv","","source-reported"
"LB-LOC-63315","33.47156145","35.55515833","national-manifest","C:\xampp\htdocs\projectx\watanybot\packages\lebanese-administrative-authority\authority\sources\arabic\national-village-manifest-clean.csv","","source-reported"
"LB-LOC-63217","33.54907743","35.46283674","national-manifest","C:\xampp\htdocs\projectx\watanybot\packages\lebanese-administrative-authority\authority\sources\arabic\national-village-manifest-clean.csv","","source-reported"
"LB-LOC-63251","33.54309642","35.4368626","national-manifest","C:\xampp\htdocs\projectx\watanybot\packages\lebanese-administrative-authority\authority\sources\arabic\national-village-manifest-clean.csv","","source-reported"
"LB-LOC-63234","33.52621901","35.46620706","national-manifest","C:\xampp\htdocs\projectx\watanybot\packages\lebanese-administrative-authority\authority\sources\arabic\national-village-manifest-clean.csv","","source-reported"
"LB-LOC-63363","33.39376317","35.5898408","national-manifest","C:\xampp\htdocs\projectx\watanybot\packages\lebanese-administrative-authority\authority\sources\arabic\national-village-manifest-clean.csv","","source-reported"
"LB-LOC-63117","33.54296921","35.55861706","national-manifest","C:\xampp\htdocs\projectx\watanybot\packages\lebanese-administrative-authority\authority\sources\arabic\national-village-manifest-clean.csv","","source-reported"
"LB-LOC-63327","33.44152638","35.60203372","national-manifest","C:\xampp\htdocs\projectx\watanybot\packages\lebanese-administrative-authority\authority\sources\arabic\national-village-manifest-clean.csv","","source-reported"
"LB-LOC-63121","33.5366889","35.54896164","national-manifest","C:\xampp\htdocs\projectx\watanybot\packages\lebanese-administrative-authority\authority\sources\arabic\national-village-manifest-clean.csv","","source-reported"
"LB-LOC-63291","33.57252514","35.50063363","national-manifest","C:\xampp\htdocs\projectx\watanybot\packages\lebanese-administrative-authority\authority\sources\arabic\national-village-manifest-clean.csv","","source-reported"
"LB-LOC-63319","33.43640073","35.55805137","national-manifest","C:\xampp\htdocs\projectx\watanybot\packages\lebanese-administrative-authority\authority\sources\arabic\national-village-manifest-clean.csv","","source-reported"
"LB-LOC-63264","33.53013819","35.50206545","national-manifest","C:\xampp\htdocs\projectx\watanybot\packages\lebanese-administrative-authority\authority\sources\arabic\national-village-manifest-clean.csv","","source-reported"
"LB-LOC-63277","33.55066369","35.5262541","national-manifest","C:\xampp\htdocs\projectx\watanybot\packages\lebanese-administrative-authority\authority\sources\arabic\national-village-manifest-clean.csv","","source-reported"
"LB-LOC-63154","33.50696774","35.5550458","national-manifest","C:\xampp\htdocs\projectx\watanybot\packages\lebanese-administrative-authority\authority\sources\arabic\national-village-manifest-clean.csv","","source-reported"
"LB-LOC-63134","33.56684778","35.5665029","national-manifest","C:\xampp\htdocs\projectx\watanybot\packages\lebanese-administrative-authority\authority\sources\arabic\national-village-manifest-clean.csv","","source-reported"
"LB-LOC-63287","33.5127312","35.52816291","national-manifest","C:\xampp\htdocs\projectx\watanybot\packages\lebanese-administrative-authority\authority\sources\arabic\national-village-manifest-clean.csv","","source-reported"
"LB-LOC-63271","33.51961687","35.51128758","national-manifest","C:\xampp\htdocs\projectx\watanybot\packages\lebanese-administrative-authority\authority\sources\arabic\national-village-manifest-clean.csv","","source-reported"
"LB-LOC-63351","33.43413177","35.53503042","national-manifest","C:\xampp\htdocs\projectx\watanybot\packages\lebanese-administrative-authority\authority\sources\arabic\national-village-manifest-clean.csv","","source-reported"
"LB-LOC-63237","33.55361835","35.49570951","national-manifest","C:\xampp\htdocs\projectx\watanybot\packages\lebanese-administrative-authority\authority\sources\arabic\national-village-manifest-clean.csv","","source-reported"
"LB-LOC-63298","33.42934412","35.6197472","national-manifest","C:\xampp\htdocs\projectx\watanybot\packages\lebanese-administrative-authority\authority\sources\arabic\national-village-manifest-clean.csv","","source-reported"
"LB-LOC-63187","33.5727225","35.54602334","national-manifest","C:\xampp\htdocs\projectx\watanybot\packages\lebanese-administrative-authority\authority\sources\arabic\national-village-manifest-clean.csv","","source-reported"
"LB-LOC-63114","33.55095588","35.58106642","national-manifest","C:\xampp\htdocs\projectx\watanybot\packages\lebanese-administrative-authority\authority\sources\arabic\national-village-manifest-clean.csv","","source-reported"
"LB-LOC-63177","33.51045005","35.54522572","national-manifest","C:\xampp\htdocs\projectx\watanybot\packages\lebanese-administrative-authority\authority\sources\arabic\national-village-manifest-clean.csv","","source-reported"
"LB-LOC-61244","33.56768568","35.40471653","national-manifest","C:\xampp\htdocs\projectx\watanybot\packages\lebanese-administrative-authority\authority\sources\arabic\national-village-manifest-clean.csv","","source-reported"
"LB-LOC-61434","33.39845699","35.26621807","national-manifest","C:\xampp\htdocs\projectx\watanybot\packages\lebanese-administrative-authority\authority\sources\arabic\national-village-manifest-clean.csv","","source-reported"
"LB-LOC-61466","33.47251348","35.33700386","national-manifest","C:\xampp\htdocs\projectx\watanybot\packages\lebanese-administrative-authority\authority\sources\arabic\national-village-manifest-clean.csv","","source-reported"
"LB-LOC-61277","33.54521125","35.40676382","national-manifest","C:\xampp\htdocs\projectx\watanybot\packages\lebanese-administrative-authority\authority\sources\arabic\national-village-manifest-clean.csv","","source-reported"
"LB-LOC-61489","33.50015049","35.42521744","national-manifest","C:\xampp\htdocs\projectx\watanybot\packages\lebanese-administrative-authority\authority\sources\arabic\national-village-manifest-clean.csv","","source-reported"
"LB-LOC-61477","33.49217076","35.38783912","national-manifest","C:\xampp\htdocs\projectx\watanybot\packages\lebanese-administrative-authority\authority\sources\arabic\national-village-manifest-clean.csv","","source-reported"
"LB-LOC-61487","33.48058801","35.45441879","national-manifest","C:\xampp\htdocs\projectx\watanybot\packages\lebanese-administrative-authority\authority\sources\arabic\national-village-manifest-clean.csv","","source-reported"
"LB-LOC-61483","33.48677165","35.43990113","national-manifest","C:\xampp\htdocs\projectx\watanybot\packages\lebanese-administrative-authority\authority\sources\arabic\national-village-manifest-clean.csv","","source-reported"
"LB-LOC-61417","33.33457226","35.29856143","national-manifest","C:\xampp\htdocs\projectx\watanybot\packages\lebanese-administrative-authority\authority\sources\arabic\national-village-manifest-clean.csv","","source-reported"
"LB-LOC-61444","33.41238299","35.32943587","national-manifest","C:\xampp\htdocs\projectx\watanybot\packages\lebanese-administrative-authority\authority\sources\arabic\national-village-manifest-clean.csv","","source-reported"
"LB-LOC-61488","33.51982423","35.48780205","national-manifest","C:\xampp\htdocs\projectx\watanybot\packages\lebanese-administrative-authority\authority\sources\arabic\national-village-manifest-clean.csv","","source-reported"
"LB-LOC-61453","33.45681265","35.32211719","national-manifest","C:\xampp\htdocs\projectx\watanybot\packages\lebanese-administrative-authority\authority\sources\arabic\national-village-manifest-clean.csv","","source-reported"
"LB-LOC-61481","33.48486952","35.41610539","national-manifest","C:\xampp\htdocs\projectx\watanybot\packages\lebanese-administrative-authority\authority\sources\arabic\national-village-manifest-clean.csv","","source-reported"
"LB-LOC-61266","33.57467257","35.41211836","national-manifest","C:\xampp\htdocs\projectx\watanybot\packages\lebanese-administrative-authority\authority\sources\arabic\national-village-manifest-clean.csv","","source-reported"
"LB-LOC-61123","33.57401696","35.39254711","national-manifest","C:\xampp\htdocs\projectx\watanybot\packages\lebanese-administrative-authority\authority\sources\arabic\national-village-manifest-clean.csv","","source-reported"
"LB-LOC-61441","33.42694836","35.30155589","national-manifest","C:\xampp\htdocs\projectx\watanybot\packages\lebanese-administrative-authority\authority\sources\arabic\national-village-manifest-clean.csv","","source-reported"
"LB-LOC-61335","33.53333193","35.38306712","national-manifest","C:\xampp\htdocs\projectx\watanybot\packages\lebanese-administrative-authority\authority\sources\arabic\national-village-manifest-clean.csv","","source-reported"
"LB-LOC-61479","33.45995853","35.41316138","national-manifest","C:\xampp\htdocs\projectx\watanybot\packages\lebanese-administrative-authority\authority\sources\arabic\national-village-manifest-clean.csv","","source-reported"
"LB-LOC-61447","33.41399714","35.35527582","national-manifest","C:\xampp\htdocs\projectx\watanybot\packages\lebanese-administrative-authority\authority\sources\arabic\national-village-manifest-clean.csv","","source-reported"
"LB-LOC-61311","33.51122274","35.37496248","national-manifest","C:\xampp\htdocs\projectx\watanybot\packages\lebanese-administrative-authority\authority\sources\arabic\national-village-manifest-clean.csv","","source-reported"
"LB-LOC-61471","33.46903373","35.38836348","national-manifest","C:\xampp\htdocs\projectx\watanybot\packages\lebanese-administrative-authority\authority\sources\arabic\national-village-manifest-clean.csv","","source-reported"
"LB-LOC-61159","33.55584778","35.39600228","national-manifest","C:\xampp\htdocs\projectx\watanybot\packages\lebanese-administrative-authority\authority\sources\arabic\national-village-manifest-clean.csv","","source-reported"
"LB-LOC-61423","33.38138374","35.28025989","national-manifest","C:\xampp\htdocs\projectx\watanybot\packages\lebanese-administrative-authority\authority\sources\arabic\national-village-manifest-clean.csv","","source-reported"
"LB-LOC-61147","33.56521887","35.39114937","national-manifest","C:\xampp\htdocs\projectx\watanybot\packages\lebanese-administrative-authority\authority\sources\arabic\national-village-manifest-clean.csv","","source-reported"
"LB-LOC-61436","33.40566181","35.28382682","national-manifest","C:\xampp\htdocs\projectx\watanybot\packages\lebanese-administrative-authority\authority\sources\arabic\national-village-manifest-clean.csv","","source-reported"
"LB-LOC-61411","33.32933441","35.26267975","national-manifest","C:\xampp\htdocs\projectx\watanybot\packages\lebanese-administrative-authority\authority\sources\arabic\national-village-manifest-clean.csv","","source-reported"
"LB-LOC-61454","33.4163844","35.38224893","national-manifest","C:\xampp\htdocs\projectx\watanybot\packages\lebanese-administrative-authority\authority\sources\arabic\national-village-manifest-clean.csv","","source-reported"
"LB-LOC-61491","33.49701205","35.46254898","national-manifest","C:\xampp\htdocs\projectx\watanybot\packages\lebanese-administrative-authority\authority\sources\arabic\national-village-manifest-clean.csv","","source-reported"
"LB-LOC-61494","33.4910303","35.46350784","national-manifest","C:\xampp\htdocs\projectx\watanybot\packages\lebanese-administrative-authority\authority\sources\arabic\national-village-manifest-clean.csv","","source-reported"
"LB-LOC-61493","33.50541497","35.45248719","national-manifest","C:\xampp\htdocs\projectx\watanybot\packages\lebanese-administrative-authority\authority\sources\arabic\national-village-manifest-clean.csv","","source-reported"
"LB-LOC-61496","33.50133966","35.4815693","national-manifest","C:\xampp\htdocs\projectx\watanybot\packages\lebanese-administrative-authority\authority\sources\arabic\national-village-manifest-clean.csv","","source-reported"
"LB-LOC-61446","33.40327138","35.36874426","national-manifest","C:\xampp\htdocs\projectx\watanybot\packages\lebanese-administrative-authority\authority\sources\arabic\national-village-manifest-clean.csv","","source-reported"
"LB-LOC-61419","33.35416361","35.29532253","national-manifest","C:\xampp\htdocs\projectx\watanybot\packages\lebanese-administrative-authority\authority\sources\arabic\national-village-manifest-clean.csv","","source-reported"
"LB-LOC-61443","33.43371784","35.31795316","national-manifest","C:\xampp\htdocs\projectx\watanybot\packages\lebanese-administrative-authority\authority\sources\arabic\national-village-manifest-clean.csv","","source-reported"
"LB-LOC-61467","33.47158735","35.3643628","national-manifest","C:\xampp\htdocs\projectx\watanybot\packages\lebanese-administrative-authority\authority\sources\arabic\national-village-manifest-clean.csv","","source-reported"
"LB-LOC-61474","33.46854217","35.40144166","national-manifest","C:\xampp\htdocs\projectx\watanybot\packages\lebanese-administrative-authority\authority\sources\arabic\national-village-manifest-clean.csv","","source-reported"
"LB-LOC-61439","33.42727833","35.28467501","national-manifest","C:\xampp\htdocs\projectx\watanybot\packages\lebanese-administrative-authority\authority\sources\arabic\national-village-manifest-clean.csv","","source-reported"
"LB-LOC-61476","33.48669124","35.36876319","national-manifest","C:\xampp\htdocs\projectx\watanybot\packages\lebanese-administrative-authority\authority\sources\arabic\national-village-manifest-clean.csv","","source-reported"
"LB-LOC-61323","33.51693662","35.38547418","national-manifest","C:\xampp\htdocs\projectx\watanybot\packages\lebanese-administrative-authority\authority\sources\arabic\national-village-manifest-clean.csv","","source-reported"
"LB-LOC-61233","33.55542059","35.41704564","national-manifest","C:\xampp\htdocs\projectx\watanybot\packages\lebanese-administrative-authority\authority\sources\arabic\national-village-manifest-clean.csv","","source-reported"
"LB-LOC-61415","33.33531452","35.27375879","national-manifest","C:\xampp\htdocs\projectx\watanybot\packages\lebanese-administrative-authority\authority\sources\arabic\national-village-manifest-clean.csv","","source-reported"
"LB-LOC-61486","33.48266048","35.44528198","national-manifest","C:\xampp\htdocs\projectx\watanybot\packages\lebanese-administrative-authority\authority\sources\arabic\national-village-manifest-clean.csv","","source-reported"
"LB-LOC-61431","33.39815868","35.29363985","national-manifest","C:\xampp\htdocs\projectx\watanybot\packages\lebanese-administrative-authority\authority\sources\arabic\national-village-manifest-clean.csv","","source-reported"
"LB-LOC-61412","33.35554704","35.25070949","national-manifest","C:\xampp\htdocs\projectx\watanybot\packages\lebanese-administrative-authority\authority\sources\arabic\national-village-manifest-clean.csv","","source-reported"
"LB-LOC-61473","33.49269849","35.34977595","national-manifest","C:\xampp\htdocs\projectx\watanybot\packages\lebanese-administrative-authority\authority\sources\arabic\national-village-manifest-clean.csv","","source-reported"
"LB-LOC-61424","33.38394615","35.29347931","national-manifest","C:\xampp\htdocs\projectx\watanybot\packages\lebanese-administrative-authority\authority\sources\arabic\national-village-manifest-clean.csv","","source-reported"
"LB-LOC-61421","33.35838248","35.2751292","national-manifest","C:\xampp\htdocs\projectx\watanybot\packages\lebanese-administrative-authority\authority\sources\arabic\national-village-manifest-clean.csv","","source-reported"
"LB-LOC-61426","33.37354457","35.30501662","national-manifest","C:\xampp\htdocs\projectx\watanybot\packages\lebanese-administrative-authority\authority\sources\arabic\national-village-manifest-clean.csv","","source-reported"
"LB-LOC-61418","33.36638063","35.27070403","national-manifest","C:\xampp\htdocs\projectx\watanybot\packages\lebanese-administrative-authority\authority\sources\arabic\national-village-manifest-clean.csv","","source-reported"
"LB-LOC-61469","33.4812526","35.35586939","national-manifest","C:\xampp\htdocs\projectx\watanybot\packages\lebanese-administrative-authority\authority\sources\arabic\national-village-manifest-clean.csv","","source-reported"
"LB-LOC-61433","33.38848003","35.30800399","national-manifest","C:\xampp\htdocs\projectx\watanybot\packages\lebanese-administrative-authority\authority\sources\arabic\national-village-manifest-clean.csv","","source-reported"
"LB-LOC-61429","33.39153202","35.27860848","national-manifest","C:\xampp\htdocs\projectx\watanybot\packages\lebanese-administrative-authority\authority\sources\arabic\national-village-manifest-clean.csv","","source-reported"
"LB-LOC-61437","33.38973339","35.35946147","national-manifest","C:\xampp\htdocs\projectx\watanybot\packages\lebanese-administrative-authority\authority\sources\arabic\national-village-manifest-clean.csv","","source-reported"
"LB-LOC-61457","33.45860516","35.33143981","national-manifest","C:\xampp\htdocs\projectx\watanybot\packages\lebanese-administrative-authority\authority\sources\arabic\national-village-manifest-clean.csv","","source-reported"
"LB-LOC-61463","33.45189897","35.37951645","national-manifest","C:\xampp\htdocs\projectx\watanybot\packages\lebanese-administrative-authority\authority\sources\arabic\national-village-manifest-clean.csv","","source-reported"
"LB-LOC-61183","33.54246201","35.39182011","national-manifest","C:\xampp\htdocs\projectx\watanybot\packages\lebanese-administrative-authority\authority\sources\arabic\national-village-manifest-clean.csv","","source-reported"
"LB-LOC-61484","33.5141721","35.4031637","national-manifest","C:\xampp\htdocs\projectx\watanybot\packages\lebanese-administrative-authority\authority\sources\arabic\national-village-manifest-clean.csv","","source-reported"
"LB-LOC-61414","33.34890061","35.26453649","national-manifest","C:\xampp\htdocs\projectx\watanybot\packages\lebanese-administrative-authority\authority\sources\arabic\national-village-manifest-clean.csv","","source-reported"
"LB-LOC-61464","33.47912994","35.34360053","national-manifest","C:\xampp\htdocs\projectx\watanybot\packages\lebanese-administrative-authority\authority\sources\arabic\national-village-manifest-clean.csv","","source-reported"
"LB-LOC-61451","33.43907125","35.33470461","national-manifest","C:\xampp\htdocs\projectx\watanybot\packages\lebanese-administrative-authority\authority\sources\arabic\national-village-manifest-clean.csv","","source-reported"
"LB-LOC-61347","33.50259091","35.38388587","national-manifest","C:\xampp\htdocs\projectx\watanybot\packages\lebanese-administrative-authority\authority\sources\arabic\national-village-manifest-clean.csv","","source-reported"
"LB-LOC-61255","33.53733931","35.41513531","national-manifest","C:\xampp\htdocs\projectx\watanybot\packages\lebanese-administrative-authority\authority\sources\arabic\national-village-manifest-clean.csv","","source-reported"
"LB-LOC-61119","33.55095181","35.37248943","national-manifest","C:\xampp\htdocs\projectx\watanybot\packages\lebanese-administrative-authority\authority\sources\arabic\national-village-manifest-clean.csv","","source-reported"
"LB-LOC-61111","33.57646637","35.38594929","national-manifest","C:\xampp\htdocs\projectx\watanybot\packages\lebanese-administrative-authority\authority\sources\arabic\national-village-manifest-clean.csv","","source-reported"
"LB-LOC-61115","33.56403122","35.36924055","national-manifest","C:\xampp\htdocs\projectx\watanybot\packages\lebanese-administrative-authority\authority\sources\arabic\national-village-manifest-clean.csv","","source-reported"
"LB-LOC-61222","33.55677852","35.43817071","national-manifest","C:\xampp\htdocs\projectx\watanybot\packages\lebanese-administrative-authority\authority\sources\arabic\national-village-manifest-clean.csv","","source-reported"
"LB-LOC-61461","33.43575556","35.28631992","national-manifest","C:\xampp\htdocs\projectx\watanybot\packages\lebanese-administrative-authority\authority\sources\arabic\national-village-manifest-clean.csv","","source-reported"
"LB-LOC-61211","33.55890231","35.42626999","national-manifest","C:\xampp\htdocs\projectx\watanybot\packages\lebanese-administrative-authority\authority\sources\arabic\national-village-manifest-clean.csv","","source-reported"
"LB-LOC-61449","33.45169896","35.29870752","national-manifest","C:\xampp\htdocs\projectx\watanybot\packages\lebanese-administrative-authority\authority\sources\arabic\national-village-manifest-clean.csv","","source-reported"
"LB-LOC-61497","33.51127445","35.48273622","national-manifest","C:\xampp\htdocs\projectx\watanybot\packages\lebanese-administrative-authority\authority\sources\arabic\national-village-manifest-clean.csv","","source-reported"
"LB-LOC-61383","33.51800638","35.41345483","national-manifest","C:\xampp\htdocs\projectx\watanybot\packages\lebanese-administrative-authority\authority\sources\arabic\national-village-manifest-clean.csv","","source-reported"
"LB-LOC-61456","33.44644507","35.34426532","national-manifest","C:\xampp\htdocs\projectx\watanybot\packages\lebanese-administrative-authority\authority\sources\arabic\national-village-manifest-clean.csv","","source-reported"
"LB-LOC-61459","33.44001462","35.36283681","national-manifest","C:\xampp\htdocs\projectx\watanybot\packages\lebanese-administrative-authority\authority\sources\arabic\national-village-manifest-clean.csv","","source-reported"
"LB-LOC-61371","33.52948264","35.39731093","national-manifest","C:\xampp\htdocs\projectx\watanybot\packages\lebanese-administrative-authority\authority\sources\arabic\national-village-manifest-clean.csv","","source-reported"
"LB-LOC-61359","33.50545338","35.39432648","national-manifest","C:\xampp\htdocs\projectx\watanybot\packages\lebanese-administrative-authority\authority\sources\arabic\national-village-manifest-clean.csv","","source-reported"
"LB-LOC-61427","33.34382317","35.33582424","national-manifest","C:\xampp\htdocs\projectx\watanybot\packages\lebanese-administrative-authority\authority\sources\arabic\national-village-manifest-clean.csv","","source-reported"
"LB-LOC-62276","33.29420663","35.2702277","national-manifest","C:\xampp\htdocs\projectx\watanybot\packages\lebanese-administrative-authority\authority\sources\arabic\national-village-manifest-clean.csv","","source-reported"
"LB-LOC-62291","33.32442286","35.24877276","national-manifest","C:\xampp\htdocs\projectx\watanybot\packages\lebanese-administrative-authority\authority\sources\arabic\national-village-manifest-clean.csv","","source-reported"
"LB-LOC-62243","33.23912227","35.24972964","national-manifest","C:\xampp\htdocs\projectx\watanybot\packages\lebanese-administrative-authority\authority\sources\arabic\national-village-manifest-clean.csv","","source-reported"
"LB-LOC-62242","33.17924892","35.3066653","national-manifest","C:\xampp\htdocs\projectx\watanybot\packages\lebanese-administrative-authority\authority\sources\arabic\national-village-manifest-clean.csv","","source-reported"
"LB-LOC-62316","33.10662656","35.17954336","national-manifest","C:\xampp\htdocs\projectx\watanybot\packages\lebanese-administrative-authority\authority\sources\arabic\national-village-manifest-clean.csv","","source-reported"
"LB-LOC-62217","33.22915203","35.29991044","national-manifest","C:\xampp\htdocs\projectx\watanybot\packages\lebanese-administrative-authority\authority\sources\arabic\national-village-manifest-clean.csv","","source-reported"
"LB-LOC-62294","33.17353721","35.24211522","national-manifest","C:\xampp\htdocs\projectx\watanybot\packages\lebanese-administrative-authority\authority\sources\arabic\national-village-manifest-clean.csv","","source-reported"
"LB-LOC-62319","33.12767796","35.20713183","national-manifest","C:\xampp\htdocs\projectx\watanybot\packages\lebanese-administrative-authority\authority\sources\arabic\national-village-manifest-clean.csv","","source-reported"
"LB-LOC-62256","33.28196557","35.38346866","national-manifest","C:\xampp\htdocs\projectx\watanybot\packages\lebanese-administrative-authority\authority\sources\arabic\national-village-manifest-clean.csv","","source-reported"
"LB-LOC-62221","33.26068743","35.36542043","national-manifest","C:\xampp\htdocs\projectx\watanybot\packages\lebanese-administrative-authority\authority\sources\arabic\national-village-manifest-clean.csv","","source-reported"
"LB-LOC-62224","33.26866829","35.35210186","national-manifest","C:\xampp\htdocs\projectx\watanybot\packages\lebanese-administrative-authority\authority\sources\arabic\national-village-manifest-clean.csv","","source-reported"
"LB-LOC-62162","33.2305227","35.25085714","national-manifest","C:\xampp\htdocs\projectx\watanybot\packages\lebanese-administrative-authority\authority\sources\arabic\national-village-manifest-clean.csv","","source-reported"
"LB-LOC-62246","33.25335175","35.26686339","national-manifest","C:\xampp\htdocs\projectx\watanybot\packages\lebanese-administrative-authority\authority\sources\arabic\national-village-manifest-clean.csv","","source-reported"
"LB-LOC-62274","33.31453592","35.30152565","national-manifest","C:\xampp\htdocs\projectx\watanybot\packages\lebanese-administrative-authority\authority\sources\arabic\national-village-manifest-clean.csv","","source-reported"
"LB-LOC-62249","33.28364084","35.35986627","national-manifest","C:\xampp\htdocs\projectx\watanybot\packages\lebanese-administrative-authority\authority\sources\arabic\national-village-manifest-clean.csv","","source-reported"
"LB-LOC-62226","33.20551095","35.32580342","national-manifest","C:\xampp\htdocs\projectx\watanybot\packages\lebanese-administrative-authority\authority\sources\arabic\national-village-manifest-clean.csv","","source-reported"
"LB-LOC-62128","33.26072574","35.23218537","national-manifest","C:\xampp\htdocs\projectx\watanybot\packages\lebanese-administrative-authority\authority\sources\arabic\national-village-manifest-clean.csv","","source-reported"
"LB-LOC-62312","33.11053831","35.12259165","national-manifest","C:\xampp\htdocs\projectx\watanybot\packages\lebanese-administrative-authority\authority\sources\arabic\national-village-manifest-clean.csv","","source-reported"
"LB-LOC-62283","33.31175985","35.27911073","national-manifest","C:\xampp\htdocs\projectx\watanybot\packages\lebanese-administrative-authority\authority\sources\arabic\national-village-manifest-clean.csv","","source-reported"
"LB-LOC-62321","33.1011866","35.25926373","national-manifest","C:\xampp\htdocs\projectx\watanybot\packages\lebanese-administrative-authority\authority\sources\arabic\national-village-manifest-clean.csv","","source-reported"
"LB-LOC-62331","33.11000719","35.20731611","national-manifest","C:\xampp\htdocs\projectx\watanybot\packages\lebanese-administrative-authority\authority\sources\arabic\national-village-manifest-clean.csv","","source-reported"
"LB-LOC-62277","33.19987789","35.2522418","national-manifest","C:\xampp\htdocs\projectx\watanybot\packages\lebanese-administrative-authority\authority\sources\arabic\national-village-manifest-clean.csv","","source-reported"
"LB-LOC-62298","33.14593487","35.20523729","national-manifest","C:\xampp\htdocs\projectx\watanybot\packages\lebanese-administrative-authority\authority\sources\arabic\national-village-manifest-clean.csv","","source-reported"
"LB-LOC-62254","33.24009507","35.37515936","national-manifest","C:\xampp\htdocs\projectx\watanybot\packages\lebanese-administrative-authority\authority\sources\arabic\national-village-manifest-clean.csv","","source-reported"
"LB-LOC-62264","33.29763167","35.37681701","national-manifest","C:\xampp\htdocs\projectx\watanybot\packages\lebanese-administrative-authority\authority\sources\arabic\national-village-manifest-clean.csv","","source-reported"
"LB-LOC-62285","33.12868433","35.25897573","national-manifest","C:\xampp\htdocs\projectx\watanybot\packages\lebanese-administrative-authority\authority\sources\arabic\national-village-manifest-clean.csv","","source-reported"
"LB-LOC-62212","33.25246114","35.34767829","national-manifest","C:\xampp\htdocs\projectx\watanybot\packages\lebanese-administrative-authority\authority\sources\arabic\national-village-manifest-clean.csv","","source-reported"
"LB-LOC-62223","33.19403479","35.34327986","national-manifest","C:\xampp\htdocs\projectx\watanybot\packages\lebanese-administrative-authority\authority\sources\arabic\national-village-manifest-clean.csv","","source-reported"
"LB-LOC-62251","33.25373059","35.40248767","national-manifest","C:\xampp\htdocs\projectx\watanybot\packages\lebanese-administrative-authority\authority\sources\arabic\national-village-manifest-clean.csv","","source-reported"
"LB-LOC-62179","33.21412333","35.22445451","national-manifest","C:\xampp\htdocs\projectx\watanybot\packages\lebanese-administrative-authority\authority\sources\arabic\national-village-manifest-clean.csv","","source-reported"
"LB-LOC-62263","33.30254504","35.30686089","national-manifest","C:\xampp\htdocs\projectx\watanybot\packages\lebanese-administrative-authority\authority\sources\arabic\national-village-manifest-clean.csv","","source-reported"
"LB-LOC-62239","33.27955939","35.36873802","national-manifest","C:\xampp\htdocs\projectx\watanybot\packages\lebanese-administrative-authority\authority\sources\arabic\national-village-manifest-clean.csv","","source-reported"
"LB-LOC-62341","33.10689922","35.21999622","national-manifest","C:\xampp\htdocs\projectx\watanybot\packages\lebanese-administrative-authority\authority\sources\arabic\national-village-manifest-clean.csv","","source-reported"
"LB-LOC-62269","33.3087382","35.3252853","national-manifest","C:\xampp\htdocs\projectx\watanybot\packages\lebanese-administrative-authority\authority\sources\arabic\national-village-manifest-clean.csv","","source-reported"
"LB-LOC-62314","33.13587386","35.16831552","national-manifest","C:\xampp\htdocs\projectx\watanybot\packages\lebanese-administrative-authority\authority\sources\arabic\national-village-manifest-clean.csv","","source-reported"
"LB-LOC-62247","33.22016124","35.27191689","national-manifest","C:\xampp\htdocs\projectx\watanybot\packages\lebanese-administrative-authority\authority\sources\arabic\national-village-manifest-clean.csv","","source-reported"
"LB-LOC-62293","33.18890181","35.22034845","national-manifest","C:\xampp\htdocs\projectx\watanybot\packages\lebanese-administrative-authority\authority\sources\arabic\national-village-manifest-clean.csv","","source-reported"
"LB-LOC-62244","33.29618109","35.34876015","national-manifest","C:\xampp\htdocs\projectx\watanybot\packages\lebanese-administrative-authority\authority\sources\arabic\national-village-manifest-clean.csv","","source-reported"
"LB-LOC-62299","33.15367872","35.18215887","national-manifest","C:\xampp\htdocs\projectx\watanybot\packages\lebanese-administrative-authority\authority\sources\arabic\national-village-manifest-clean.csv","","source-reported"
"LB-LOC-62279","33.16806517","35.29912439","national-manifest","C:\xampp\htdocs\projectx\watanybot\packages\lebanese-administrative-authority\authority\sources\arabic\national-village-manifest-clean.csv","","source-reported"
"LB-LOC-62237","33.2866718","35.31945992","national-manifest","C:\xampp\htdocs\projectx\watanybot\packages\lebanese-administrative-authority\authority\sources\arabic\national-village-manifest-clean.csv","","source-reported"
"LB-LOC-62292","33.12986718","35.23721213","national-manifest","C:\xampp\htdocs\projectx\watanybot\packages\lebanese-administrative-authority\authority\sources\arabic\national-village-manifest-clean.csv","","source-reported"
"LB-LOC-62318","33.12746029","35.19005384","national-manifest","C:\xampp\htdocs\projectx\watanybot\packages\lebanese-administrative-authority\authority\sources\arabic\national-village-manifest-clean.csv","","source-reported"
"LB-LOC-62211","33.2441963","35.33028642","national-manifest","C:\xampp\htdocs\projectx\watanybot\packages\lebanese-administrative-authority\authority\sources\arabic\national-village-manifest-clean.csv","","source-reported"
"LB-LOC-62267","33.20539449","35.26242496","national-manifest","C:\xampp\htdocs\projectx\watanybot\packages\lebanese-administrative-authority\authority\sources\arabic\national-village-manifest-clean.csv","","source-reported"
"LB-LOC-62231","33.27221575","35.30952208","national-manifest","C:\xampp\htdocs\projectx\watanybot\packages\lebanese-administrative-authority\authority\sources\arabic\national-village-manifest-clean.csv","","source-reported"
"LB-LOC-62234","33.28391026","35.34199345","national-manifest","C:\xampp\htdocs\projectx\watanybot\packages\lebanese-administrative-authority\authority\sources\arabic\national-village-manifest-clean.csv","","source-reported"
"LB-LOC-62214","33.23246498","35.36362065","national-manifest","C:\xampp\htdocs\projectx\watanybot\packages\lebanese-administrative-authority\authority\sources\arabic\national-village-manifest-clean.csv","","source-reported"
"LB-LOC-62297","33.15463562","35.23362315","national-manifest","C:\xampp\htdocs\projectx\watanybot\packages\lebanese-administrative-authority\authority\sources\arabic\national-village-manifest-clean.csv","","source-reported"
"LB-LOC-62296","33.17390563","35.20586962","national-manifest","C:\xampp\htdocs\projectx\watanybot\packages\lebanese-administrative-authority\authority\sources\arabic\national-village-manifest-clean.csv","","source-reported"
"LB-LOC-62284","33.30384678","35.41474632","national-manifest","C:\xampp\htdocs\projectx\watanybot\packages\lebanese-administrative-authority\authority\sources\arabic\national-village-manifest-clean.csv","","source-reported"
"LB-LOC-62351","33.10989705","35.24735422","national-manifest","C:\xampp\htdocs\projectx\watanybot\packages\lebanese-administrative-authority\authority\sources\arabic\national-village-manifest-clean.csv","","source-reported"
"LB-LOC-62215","33.21556338","35.33688096","national-manifest","C:\xampp\htdocs\projectx\watanybot\packages\lebanese-administrative-authority\authority\sources\arabic\national-village-manifest-clean.csv","","source-reported"
"LB-LOC-62281","33.29636389","35.40116363","national-manifest","C:\xampp\htdocs\projectx\watanybot\packages\lebanese-administrative-authority\authority\sources\arabic\national-village-manifest-clean.csv","","source-reported"
"LB-LOC-62311","33.1155978","35.27494388","national-manifest","C:\xampp\htdocs\projectx\watanybot\packages\lebanese-administrative-authority\authority\sources\arabic\national-village-manifest-clean.csv","","source-reported"
"LB-LOC-62245","33.30740157","35.23792155","national-manifest","C:\xampp\htdocs\projectx\watanybot\packages\lebanese-administrative-authority\authority\sources\arabic\national-village-manifest-clean.csv","","source-reported"
"LB-LOC-62233","33.27029101","35.38634797","national-manifest","C:\xampp\htdocs\projectx\watanybot\packages\lebanese-administrative-authority\authority\sources\arabic\national-village-manifest-clean.csv","","source-reported"
"LB-LOC-62257","33.27399318","35.3998319","national-manifest","C:\xampp\htdocs\projectx\watanybot\packages\lebanese-administrative-authority\authority\sources\arabic\national-village-manifest-clean.csv","","source-reported"
"LB-LOC-62218","33.25108084","35.29361493","national-manifest","C:\xampp\htdocs\projectx\watanybot\packages\lebanese-administrative-authority\authority\sources\arabic\national-village-manifest-clean.csv","","source-reported"
"LB-LOC-62229","33.20596928","35.29999821","national-manifest","C:\xampp\htdocs\projectx\watanybot\packages\lebanese-administrative-authority\authority\sources\arabic\national-village-manifest-clean.csv","","source-reported"
"LB-LOC-62287","33.19689751","35.22468698","national-manifest","C:\xampp\htdocs\projectx\watanybot\packages\lebanese-administrative-authority\authority\sources\arabic\national-village-manifest-clean.csv","","source-reported"
"LB-LOC-62236","33.18678006","35.32879515","national-manifest","C:\xampp\htdocs\projectx\watanybot\packages\lebanese-administrative-authority\authority\sources\arabic\national-village-manifest-clean.csv","","source-reported"
"LB-LOC-62259","33.20235788","35.27667525","national-manifest","C:\xampp\htdocs\projectx\watanybot\packages\lebanese-administrative-authority\authority\sources\arabic\national-village-manifest-clean.csv","","source-reported"
"LB-LOC-62241","33.19138841","35.30644322","national-manifest","C:\xampp\htdocs\projectx\watanybot\packages\lebanese-administrative-authority\authority\sources\arabic\national-village-manifest-clean.csv","","source-reported"
"LB-LOC-62227","33.25691188","35.38244514","national-manifest","C:\xampp\htdocs\projectx\watanybot\packages\lebanese-administrative-authority\authority\sources\arabic\national-village-manifest-clean.csv","","source-reported"
"LB-LOC-62111","33.24902125","35.2158149","national-manifest","C:\xampp\htdocs\projectx\watanybot\packages\lebanese-administrative-authority\authority\sources\arabic\national-village-manifest-clean.csv","","source-reported"
"LB-LOC-62266","33.28160337","35.40200478","national-manifest","C:\xampp\htdocs\projectx\watanybot\packages\lebanese-administrative-authority\authority\sources\arabic\national-village-manifest-clean.csv","","source-reported"
"LB-LOC-62253","33.27805683","35.27240041","national-manifest","C:\xampp\htdocs\projectx\watanybot\packages\lebanese-administrative-authority\authority\sources\arabic\national-village-manifest-clean.csv","","source-reported"
"LB-LOC-62271","33.31200532","35.34490956","national-manifest","C:\xampp\htdocs\projectx\watanybot\packages\lebanese-administrative-authority\authority\sources\arabic\national-village-manifest-clean.csv","","source-reported"
"LB-LOC-62295","33.1335807","35.22433911","national-manifest","C:\xampp\htdocs\projectx\watanybot\packages\lebanese-administrative-authority\authority\sources\arabic\national-village-manifest-clean.csv","","source-reported"
"LB-LOC-62273","33.277367","35.42104839","national-manifest","C:\xampp\htdocs\projectx\watanybot\packages\lebanese-administrative-authority\authority\sources\arabic\national-village-manifest-clean.csv","","source-reported"
"LB-LOC-62261","33.29242953","35.30199696","national-manifest","C:\xampp\htdocs\projectx\watanybot\packages\lebanese-administrative-authority\authority\sources\arabic\national-village-manifest-clean.csv","","source-reported"
"LB-LOC-62219","33.25845691","35.3037002","national-manifest","C:\xampp\htdocs\projectx\watanybot\packages\lebanese-administrative-authority\authority\sources\arabic\national-village-manifest-clean.csv","","source-reported"
"LB-LOC-62308","33.10594114","35.23539261","national-manifest","C:\xampp\htdocs\projectx\watanybot\packages\lebanese-administrative-authority\authority\sources\arabic\national-village-manifest-clean.csv","","source-reported"
"LB-LOC-62286","33.15796413","35.2633899","national-manifest","C:\xampp\htdocs\projectx\watanybot\packages\lebanese-administrative-authority\authority\sources\arabic\national-village-manifest-clean.csv","","source-reported"
