"MUHAFAZA","CAZA","VILLAGE_NAME","VILLAGE_NAME_AR","VILLAGE_CODE","ADM3_PCODE","AREA_SQKM","CENTER_LAT","CENTER_LON","DWG_PATH","SOURCE_CRS","NOTES"
"Akkar","Akkar","Aabboudiyeh","العبودية","LB_Akka_Akka_Aabboudiyeh","35249","0.26126812","34.6358627","36.11869755","","22700",""
"Akkar","Akkar","Aain Ez-Zeit","عين الزيت","LB_Akka_Akka_Aain_Ez_Zeit","35427","1.60594302","34.5898834","36.19806475","","22700",""
"Akkar","Akkar","Aain Tinta","عين تنتا","LB_Akka_Akka_Aain_Tinta","35435","1.52249897","34.5865719","36.18302053","","22700",""
"Akkar","Akkar","Aain Yaaqoub","عين يعقوب","LB_Akka_Akka_Aain_Yaaqoub","35187","3.76203101","34.52149379","36.2033353","","22700",""
"Akkar","Akkar","Aaiyat","عيات","LB_Akka_Akka_Aaiyat","35185","2.78363567","34.5379369","36.19864908","","22700",""
"Akkar","Akkar","Aakkar El-Aatiqa","عكار العتيقة","LB_Akka_Akka_Aakkar_El_Aa","35191","28.16463121","34.53167704","36.24460095","","22700",""
"Akkar","Akkar","Aamaret Aakkar","عماره","LB_Akka_Akka_Aamaret_Aakk","35265","2.27833309","34.53128334","36.00705852","","22700",""
"Akkar","Akkar","Aamaret El-Baykat","عمار البيكات","LB_Akka_Akka_Aamaret_El_B","35449","3.82951373","34.61148895","36.16647835","","22700",""
"Akkar","Akkar","Aamayer","العماير","LB_Akka_Akka_Aamayer","35512","15.86869703","34.61926706","36.37144716","","22700",""
"Akkar","Akkar","Aamriyet Aakkar","العمارية","LB_Akka_Akka_Aamriyet_Aak","35421","3.15309702","34.60237408","36.23046383","","22700",""
"Akkar","Akkar","Aandqet","عندقت","LB_Akka_Akka_Aandqet","35498","27.16236608","34.568107","36.31161589","","22700",""
"Akkar","Akkar","Aaouaainat Aakkar","العوينات","LB_Akka_Akka_Aaouaainat_A","35420","2.71137911","34.62841075","36.30054491","","22700",""
"Akkar","Akkar","AAridet Cheikh Zennad","العريضة","LB_Akka_Akka_AAridet_Chei","35273","4.22461247","34.63536119","35.98615918","","22700",""
"Akkar","Akkar","Aarmeh","عرمه","LB_Akka_Akka_Aarmeh","35484","1.74809327","34.62753035","36.16445943","","22700",""
"Akkar","Akkar","Aarqa","عرقا","LB_Akka_Akka_Aarqa","35141","8.39979676","34.54432298","36.04291526","","22700",""
"Akkar","Akkar","Aayoun Aakkar","العيون","LB_Akka_Akka_Aayoun_Aakka","35177","0.50727936","34.53127615","36.17360872","","22700",""
"Akkar","Akkar","Aayoun El-Ghizlane","عيون الغزلان","LB_Akka_Akka_Aayoun_El_Gh","35347","1.03499788","34.4724024","36.01560496","","22700",""
"Akkar","Akkar","Baghdadi","دوسة بغدادي","LB_Akka_Akka_Baghdadi","35439","4.01770019","34.60424003","36.18298737","","22700",""
"Akkar","Akkar","Balde WaMazraatBaldeh","بلدي","LB_Akka_Akka_Balde_WaMazr","35158","1.81218041","34.56075783","36.14531445","","22700",""
"Akkar","Akkar","Barcha","برشا","LB_Akka_Akka_Barcha","35241","1.00206177","34.62651357","36.12083727","","22700",""
"Akkar","Akkar","Bardeh","بردي","LB_Akka_Akka_Bardeh","35408","1.81426488","34.59509775","36.25555102","","22700",""
"Akkar","Akkar","Bebnine","ببنين","LB_Akka_Akka_Bebnine","35275","6.77261615","34.50669367","35.99120282","","22700",""
"Akkar","Akkar","Beino","بينو","LB_Akka_Akka_Beino","35175","9.61267682","34.54779501","36.17623847","","22700",""
"Akkar","Akkar","Beit Ayoub","بيت ايوب","LB_Akka_Akka_Beit_Ayoub","35337","0.47042559","34.4724027","36.15807892","","22700",""
"Akkar","Akkar","Beit El-Haouch","بيت الحوش","LB_Akka_Akka_Beit_El_Haou","35367","3.31217593","34.47848866","35.99739508","","22700",""
"Akkar","Akkar","Beit Mellat","بيت ملات","LB_Akka_Akka_Beit_Mellat","35174","2.65739635","34.53323338","36.15777595","","22700",""
"Akkar","Akkar","Beit Younes","بيت يونس","LB_Akka_Akka_Beit_Younes","35321","1.16640233","34.47484675","36.14681425","","22700",""
"Akkar","Akkar","Berbara Aakkar","برباره","LB_Akka_Akka_Berbara_Aakk","35433","1.14655281","34.57402383","36.18761807","","22700",""
"Akkar","Akkar","Berqayel","برقايل","LB_Akka_Akka_Berqayel","35314","6.27891343","34.49043247","36.03035292","","22700",""
"Akkar","Akkar","Bezbina","بزبينا","LB_Akka_Akka_Bezbina","35189","5.92536499","34.51315875","36.19154409","","22700",""
"Akkar","Akkar","Biret Aakkar","البيره عكار","LB_Akka_Akka_Biret_Aakkar","35416","3.64423565","34.59199817","36.23805436","","22700",""
"Akkar","Akkar","Borj Aakkar","البرج عكار","LB_Akka_Akka_Borj_Aakkar","35183","0.24591562","34.53251213","36.18740557","","22700",""
"Akkar","Akkar","Bqerzla","بقرزلا","LB_Akka_Akka_Bqerzla","35147","8.17689949","34.51162099","36.06552146","","22700",""
"Akkar","Akkar","Bsatine Aakkar","فسقين و عين اشما","LB_Akka_Akka_Bsatine_Aakk","35425","1.3084415","34.57919095","36.20179217","","22700",""
"Akkar","Akkar","Bzal","بزال","LB_Akka_Akka_Bzal","35316","8.69922026","34.46448326","36.04661974","","22700",""
"Akkar","Akkar","Chane","شان","LB_Akka_Akka_Chane","35320","2.37960847","34.48495798","36.11117027","","22700",""
"Akkar","Akkar","Chaqdouf","الشقدوف","LB_Akka_Akka_Chaqdouf","35181","0.09398871","34.52887421","36.19149113","","22700",""
"Akkar","Akkar","Charbila","شربيلا","LB_Akka_Akka_Charbila","35457","5.17588362","34.58149992","36.14562121","","22700",""
"Akkar","Akkar","Cheikh Mohammad","الشيخ محمد","LB_Akka_Akka_Cheikh_Moham","35113","0.97184735","34.55413693","36.08262082","","22700",""
"Akkar","Akkar","Cheikh Taba","الشيخ طابا","LB_Akka_Akka_Cheikh_Taba","35123","1.73555622","34.53421683","36.08081822","","22700",""
"Akkar","Akkar","Cheikh Taba Es-Sahl","الشيخ طابا السهل","LB_Akka_Akka_Cheikh_Taba_","35121","1.25139473","34.55128354","36.06115666","","22700",""
"Akkar","Akkar","Cheikh Zennad","الشيخ زناد","LB_Akka_Akka_Cheikh_Zenna","35267","8.89828527","34.61133454","35.99717436","","22700",""
"Akkar","Akkar","Cheikhlar","شيخلار","LB_Akka_Akka_Cheikhlar","35402","2.65109388","34.61994607","36.27798376","","22700",""
"Akkar","Akkar","Chir Hmairine","شير حمارين","LB_Akka_Akka_Chir_Hmairin","35224","4.87358321","34.62333336","36.10150596","","22700",""
"Akkar","Akkar","Daghleh","الدغلة","LB_Akka_Akka_Daghleh","35419","1.00910397","34.5799263","36.21335808","","22700",""
"Akkar","Akkar","Dahr Laissine","ضهر ليسينه","LB_Akka_Akka_Dahr_Laissin","35155","3.0353316","34.53912922","36.13917067","","22700",""
"Akkar","Akkar","Daouret Aakkar","الدوره","LB_Akka_Akka_Daouret_Aakk","35126","7.01484775","34.54490924","36.22232754","","22700",""
"Akkar","Akkar","Darine","دارين","LB_Akka_Akka_Darine","35225","4.15916597","34.61041715","36.10402549","","22700",""
"Akkar","Akkar","Dayret Nahr El-Kabir","دائرة النهر الكبير","LB_Akka_Akka_Dayret_Nahr_","35511","11.58743743","34.67702765","36.33158004","","22700",""
"Akkar","Akkar","Deir Dalloum","دير دلوم","LB_Akka_Akka_Deir_Dalloum","35149","3.39250398","34.52567172","36.01840347","","22700",""
"Akkar","Akkar","Deir Jannine","دير جنين","LB_Akka_Akka_Deir_Jannine","35441","5.84435307","34.56660852","36.17642791","","22700",""
"Akkar","Akkar","Dibbabiyeh","دبابية","LB_Akka_Akka_Dibbabiyeh","35432","3.87769553","34.62704141","36.20866385","","22700",""
"Akkar","Akkar","Dinbou","دنبو عين الذهب","LB_Akka_Akka_Dinbou","35318","11.94283506","34.48903737","36.08430394","","22700",""
"Akkar","Akkar","Douair Aadouiyeh","دوير عدويه","LB_Akka_Akka_Douair_Aadou","35443","0.59576335","34.58020723","36.17220345","","22700",""
"Akkar","Akkar","Fnaydeq","النبي خالد","LB_Akka_Akka_Fnaydeq","35353","32.23113396","34.45923044","36.22006118","","22700",""
"Akkar","Akkar","Fraydes Aakkar","فريديس","LB_Akka_Akka_Fraydes_Aakk","35412","1.37845462","34.61736032","36.2272085","","22700",""
"Akkar","Akkar","Ghazayleh","الغزيله","LB_Akka_Akka_Ghazayleh","35475","2.91588144","34.59739042","36.10952871","","22700",""
"Akkar","Akkar","Habchit","حبشيت","LB_Akka_Akka_Habchit","35326","8.41681485","34.46770132","36.09094061","","22700",""
"Akkar","Akkar","Hakour","مشيلحة الحاكور","LB_Akka_Akka_Hakour","35131","0.72648001","34.52513775","36.05302755","","22700",""
"Akkar","Akkar","Halba","حلبا","LB_Akka_Akka_Halba","35111","4.99807828","34.55468929","36.07270725","","22700",""
"Akkar","Akkar","Haouchab","هوشب","LB_Akka_Akka_Haouchab","35219","1.4885306","34.58666969","36.10164105","","22700",""
"Akkar","Akkar","Hayssa","الحيصة","LB_Akka_Akka_Hayssa","35221","2.09628106","34.58882649","36.04973553","","22700",""
"Akkar","Akkar","Haytla","هيتلا","LB_Akka_Akka_Haytla","35463","2.40016731","34.60449682","36.13026137","","22700",""
"Akkar","Akkar","Hayzouq","حيزوق","LB_Akka_Akka_Hayzouq","35139","3.00166097","34.55119939","36.13692596","","22700",""
"Akkar","Akkar","Hedd","الهد","LB_Akka_Akka_Hedd","35169","1.23001947","34.56262393","36.15663073","","22700",""
"Akkar","Akkar","Hmaireh Aakkar","الحميرة","LB_Akka_Akka_Hmaireh_Aakk","35331","2.86103082","34.49549137","36.04730321","","22700",""
"Akkar","Akkar","Hmaiss Aakkar","حميص","LB_Akka_Akka_Hmaiss_Aakka","35470","1.71260152","34.57384863","36.12479393","","22700",""
"Akkar","Akkar","Hnaider","حنيدر","LB_Akka_Akka_Hnaider","35514","9.9599492","34.61546422","36.41891726","","22700",""
"Akkar","Akkar","Hokr Ed-Dahri","حكر الضاهري","LB_Akka_Akka_Hokr_Ed_Dahr","35253","0.36318438","34.63118811","36.02414921","","22700",""
"Akkar","Akkar","Hokr Etti","حكر قتة","LB_Akka_Akka_Hokr_Etti","35223","2.53107419","34.56866439","36.10969098","","22700",""
"Akkar","Akkar","Hokr Jouret Srar","حكر جورة سرار","LB_Akka_Akka_Hokr_Jouret_","35239","0.77735206","34.63062579","36.10886626","","22700",""
"Akkar","Akkar","Houaich","الحويش","LB_Akka_Akka_Houaich","35322","6.40209745","34.49288641","36.12002845","","22700",""
"Akkar","Akkar","Hrar","حرار","LB_Akka_Akka_Hrar","35328","7.66597128","34.45808591","36.12819689","","22700",""
"Akkar","Akkar","Idbil","عدبل","LB_Akka_Akka_Idbil","35117","1.92660854","34.53283077","36.10081511","","22700",""
"Akkar","Akkar","Ilat","ايلات","LB_Akka_Akka_Ilat","35145","4.01418107","34.52030063","36.10276255","","22700",""
"Akkar","Akkar","Janine","جنين","LB_Akka_Akka_Janine","35263","2.74300066","34.63227332","36.14076387","","22700",""
"Akkar","Akkar","Jdeidet El-Qaitaa","جديدة القيطع","LB_Akka_Akka_Jdeidet_El_Q","35344","6.19403749","34.46277824","36.00134845","","22700",""
"Akkar","Akkar","Jdidet Ej-Joumeh","جديدة الجومه","LB_Akka_Akka_Jdidet_Ej_Jo","35125","0.76299275","34.53920434","36.06437948","","22700",""
"Akkar","Akkar","Jebrayel","جبرائيل","LB_Akka_Akka_Jebrayel","35163","5.52921029","34.52356599","36.12793074","","22700",""
"Akkar","Akkar","Kafr","كفر الفتوح","LB_Akka_Akka_Kafr","35423","0.974463","34.59059059","36.21106325","","22700",""
"Akkar","Akkar","Karm Aasfour","كرم عصفور","LB_Akka_Akka_Karm_Aasfour","35133","0.74164676","34.52406131","36.0667888","","22700",""
"Akkar","Akkar","Kfar Harra","كفرحره","LB_Akka_Akka_Kfar_Harra","35157","1.64888155","34.56701124","36.13698481","","22700",""
"Akkar","Akkar","Kfar Melki Aakkar","كفرملكي","LB_Akka_Akka_Kfar_Melki_A","35234","4.18318893","34.5577676","36.01442703","","22700",""
"Akkar","Akkar","Kfar Noun","كفرنون","LB_Akka_Akka_Kfar_Noun","35406","1.81368545","34.62884994","36.24971561","","22700",""
"Akkar","Akkar","Khalsa","خالصة","LB_Akka_Akka_Khalsa","35430","0.99382106","34.63310158","36.31414353","","22700",""
"Akkar","Akkar","Kharnoubet Aakkar","الخرنوبه","LB_Akka_Akka_Kharnoubet_A","35257","1.51521625","34.62988863","36.12915451","","22700",""
"Akkar","Akkar","Khirbet Char","خربة شار","LB_Akka_Akka_Khirbet_Char","35431","0.74337826","34.57884808","36.19062043","","22700",""
"Akkar","Akkar","Khirbet Daoud Aakkar","خربة داوود","LB_Akka_Akka_Khirbet_Daou","35417","1.41628417","34.58739158","36.22008973","","22700",""
"Akkar","Akkar","Khirbet Er Remmane","خربة الرمان","LB_Akka_Akka_Khirbet_Er_R","35410","2.07132694","34.62676237","36.28270468","","22700",""
"Akkar","Akkar","Khreibet Aakkar","الخريبة","LB_Akka_Akka_Khreibet_Aak","35330","2.12171262","34.47808208","36.12595768","","22700",""
"Akkar","Akkar","Khreibet Ej-Jindi","خريبة الجندي","LB_Akka_Akka_Khreibet_Ej_","35216","4.83505738","34.56671303","36.09123023","","22700",""
"Akkar","Akkar","Kneisset Aakkar","الكنيسة","LB_Akka_Akka_Kneisset_Aak","35245","1.74449689","34.61587241","36.02623351","","22700",""
"Akkar","Akkar","Kneisset Hnaider","كنيسة هنيدر","LB_Akka_Akka_Kneisset_Hna","35515","2.8465712","34.59845057","36.44330855","","22700",""
"Akkar","Akkar","Knisseh","كنيسة","LB_Akka_Akka_Knisseh","35465","1.35861066","34.56557591","36.12476431","","22700",""
"Akkar","Akkar","Kouachra","الكواشرة","LB_Akka_Akka_Kouachra","35429","5.57737257","34.61014453","36.20752006","","22700",""
"Akkar","Akkar","Koueikhat","الكويخات","LB_Akka_Akka_Koueikhat","35215","1.16353983","34.58340237","36.08934058","","22700",""
"Akkar","Akkar","Kroum El-Aarab","كروم العرب","LB_Akka_Akka_Kroum_El_Aar","35119","0.56808712","34.55579667","36.09106642","","22700",""
"Akkar","Akkar","Machha","مشحة","LB_Akka_Akka_Machha","35137","5.71813996","34.54444692","36.10957743","","22700",""
"Akkar","Akkar","Machta Hammoud","مشتى حمود","LB_Akka_Akka_Machta_Hammo","35437","19.44071905","34.63243363","36.32508771","","22700",""
"Akkar","Akkar","Majdala","مجدلا","LB_Akka_Akka_Majdala","35354","1.09418046","34.50122443","36.03526286","","22700",""
"Akkar","Akkar","Majdel Akkar","المجدل عكار","LB_Akka_Akka_Majdel_Akkar","35128","4.02383417","34.57121938","36.21080501","","22700",""
"Akkar","Akkar","Mar Touma","مار توما","LB_Akka_Akka_Mar_Touma","35167","2.25648483","34.51409148","36.01805265","","22700",""
"Akkar","Akkar","Marlaya Melhem","مار ليا ملحم","LB_Akka_Akka_Marlaya_Melh","35255","1.37508475","34.54021086","36.0234886","","22700",""
"Akkar","Akkar","Massaaoudiyeh","المسعودية","LB_Akka_Akka_Massaaoudiye","35229","5.07226948","34.61371399","36.0443259","","22700",""
"Akkar","Akkar","Mazareaa Jabal Akroum","اكروم","LB_Akka_Akka_Mazareaa_Jab","35516","88.15781902","34.55626313","36.36628163","","22700",""
"Akkar","Akkar","Mazraat Beit Ghattas","بيت غطاس","LB_Akka_Akka_Mazraat_Beit","35134","0.0392831","34.52415406","36.06156324","","22700",""
"Akkar","Akkar","Mazraat En-Nahriyeh","النهريه","LB_Akka_Akka_Mazraat_En_N","35486","7.56947363","34.60015704","36.2803954","","22700",""
"Akkar","Akkar","Menneaa","ممنع","LB_Akka_Akka_Menneaa","35371","2.5213454","34.50402295","36.17769643","","22700",""
"Akkar","Akkar","Mhammaret","المحمرة","LB_Akka_Akka_Mhammaret","35277","3.85684041","34.50639105","35.96989341","","22700",""
"Akkar","Akkar","Michmich Aakkar","مشمش","LB_Akka_Akka_Michmich_Aak","35351","37.76709159","34.44585548","36.16766793","","22700",""
"Akkar","Akkar","Mighraq Aakkar","المغراق","LB_Akka_Akka_Mighraq_Aakk","35251","0.51582681","34.61282309","36.01519148","","22700",""
"Akkar","Akkar","Minyara","منيارة","LB_Akka_Akka_Minyara","35129","1.13337532","34.5368006","36.06067816","","22700",""
"Akkar","Akkar","Mounjez","منجز","LB_Akka_Akka_Mounjez","35414","5.91389981","34.61520692","36.24652757","","22700",""
"Akkar","Akkar","Mqaiteaa","المقيطع","LB_Akka_Akka_Mqaiteaa","35261","3.65532015","34.56268415","35.9977293","","22700",""
"Akkar","Akkar","Msalla","مصلا","LB_Akka_Akka_Msalla","35451","3.27620523","34.59346507","36.16987428","","22700",""
"Akkar","Akkar","Mzeihmeh","مزيحمة","LB_Akka_Akka_Mzeihmeh","35461","1.43090781","34.60953316","36.14247121","","22700",""
"Akkar","Akkar","Nfisseh","النفيسة","LB_Akka_Akka_Nfisseh","35115","0.74567585","34.54617468","36.08832207","","22700",""
"Akkar","Akkar","Noura Et-Tahta","نورا التحتا","LB_Akka_Akka_Noura_Et_Tah","35445","3.96728601","34.6243999","36.18691175","","22700",""
"Akkar","Akkar","Ouadi El-Haour","وادي الحور","LB_Akka_Akka_Ouadi_El_Hao","35455","0.73435042","34.60979018","36.15216545","","22700",""
"Akkar","Akkar","Ouadi El-Jamous","وادي الجاموس","LB_Akka_Akka_Ouadi_El_Jam","35364","3.42595694","34.50859292","36.00929557","","22700",""
"Akkar","Akkar","Qaabrine","قعبرين","LB_Akka_Akka_Qaabrine","35233","4.17753126","34.56889822","36.02799503","","22700",""
"Akkar","Akkar","Qabaait","قبعيت","LB_Akka_Akka_Qabaait","35325","7.74156351","34.45445851","36.08138796","","22700",""
"Akkar","Akkar","Qachlaq","قشلق","LB_Akka_Akka_Qachlaq","35453","1.97084723","34.61863745","36.14940727","","22700",""
"Akkar","Akkar","Qantarat Aakkar","القنطرة","LB_Akka_Akka_Qantarat_Aak","35135","1.90519193","34.52284899","36.0796148","","22700",""
"Akkar","Akkar","Qardaf","القرقف","LB_Akka_Akka_Qardaf","35341","2.82971771","34.4923719","36.01383391","","22700",""
"Akkar","Akkar","Qarha Aakkar","قرحه عكار","LB_Akka_Akka_Qarha_Aakkar","35518","5.79166261","34.62234064","36.44525065","","22700",""
"Akkar","Akkar","Qbaiyat Aakkar","القبيات","LB_Akka_Akka_Qbaiyat_Aakk","35487","30.92493877","34.54588242","36.27700307","","22700",""
"Akkar","Akkar","Qboula","قبولا","LB_Akka_Akka_Qboula","35179","0.85903877","34.53133045","36.17900233","","22700",""
"Akkar","Akkar","Qleiaat Aakkar","القليعات","LB_Akka_Akka_Qleiaat_Aakk","35243","6.54360108","34.59441641","36.00908278","","22700",""
"Akkar","Akkar","Qloud El-Baqieh","قلود الباقية","LB_Akka_Akka_Qloud_El_Baq","35317","0.48099336","34.49686204","36.05869474","","22700",""
"Akkar","Akkar","Qornet Aakkar","القرنة","LB_Akka_Akka_Qornet_Aakka","35352","2.23464482","34.48241957","36.16524192","","22700",""
"Akkar","Akkar","Qoubber Chamra","قبة شمرا","LB_Akka_Akka_Qoubber_Cham","35269","3.56679471","34.53756892","35.99751586","","22700",""
"Akkar","Akkar","Qraiyat","القريات","LB_Akka_Akka_Qraiyat","35334","1.96411221","34.4814929","36.15322397","","22700",""
"Akkar","Akkar","Qsair Aakkar","القصير","LB_Akka_Akka_Qsair_Aakkar","35415","0.90951651","34.60819476","36.23898936","","22700",""
"Akkar","Akkar","Rahbeh","رحبة","LB_Akka_Akka_Rahbeh","35357","11.50350688","34.50211586","36.14037285","","22700",""
"Akkar","Akkar","Rihaniyet Aakkar","الريحانية","LB_Akka_Akka_Rihaniyet_Aa","35467","2.96789929","34.58198328","36.11780745","","22700",""
"Akkar","Akkar","Rmah","رماح النهريه","LB_Akka_Akka_Rmah","35404","1.97609769","34.61831138","36.26282591","","22700",""
"Akkar","Akkar","Rmoul","رمول","LB_Akka_Akka_Rmoul","35281","2.40609759","34.57373196","36.00673388","","22700",""
"Akkar","Akkar","Saadine","سعدين","LB_Akka_Akka_Saadine","35217","2.96622934","34.60204434","36.08821627","","22700",""
"Akkar","Akkar","Sadaqa","صدقة","LB_Akka_Akka_Sadaqa","35327","1.13861817","34.46514678","36.14956122","","22700",""
"Akkar","Akkar","Saidnaya","السنديانة","LB_Akka_Akka_Saidnaya","35469","0.83640393","34.58947208","36.12514175","","22700",""
"Akkar","Akkar","Sammaqiyeh","السماقية","LB_Akka_Akka_Sammaqiyeh","35271","3.34897827","34.63456511","36.00897889","","22700",""
"Akkar","Akkar","Sammouniyeh","السمونيه","LB_Akka_Akka_Sammouniyeh","35227","7.33620645","34.56939305","36.05392336","","22700",""
"Akkar","Akkar","Sayssouq","سيسوق","LB_Akka_Akka_Sayssouq","35311","1.95007884","34.4864962","36.05830784","","22700",""
"Akkar","Akkar","Semmaqli","سمقالي","LB_Akka_Akka_Semmaqli","35259","0.44539344","34.54287011","36.01386741","","22700",""
"Akkar","Akkar","Sfaynet El-Qaitaa","سفينة القيطع","LB_Akka_Akka_Sfaynet_El_Q","35324","8.02681859","34.45634407","36.0250722","","22700",""
"Akkar","Akkar","Sfinet Ed-Draib","سفينة الدريب","LB_Akka_Akka_Sfinet_Ed_Dr","35447","1.80521838","34.57705874","36.16285224","","22700",""
"Akkar","Akkar","Sindianet Zeidane","سنديانة زيدان","LB_Akka_Akka_Sindianet_Ze","35411","3.21767513","34.57568746","36.23855307","","22700",""
"Akkar","Akkar","Souaisset Aakkar","السويسة","LB_Akka_Akka_Souaisset_Aa","35143","1.2159864","34.55574459","36.11919533","","22700",""
"Akkar","Akkar","Srar","سرار","LB_Akka_Akka_Srar","35471","1.94235234","34.6167551","36.13172368","","22700",""
"Akkar","Akkar","Tall Aabbas Ech-Charqi","تل عباس الشرقي","LB_Akka_Akka_Tall_Aabbas_","35213","3.73415673","34.59880849","36.07253433","","22700",""
"Akkar","Akkar","Tall Aabbas El-Gharbi","تلعباس غربي","LB_Akka_Akka_Tall_Aabbas_","35211","5.06349062","34.58437068","36.06715819","","22700",""
"Akkar","Akkar","Tall Bireh","تلبيرة","LB_Akka_Akka_Tall_Bireh","35235","5.07837368","34.6192999","36.05709754","","22700",""
"Akkar","Akkar","Tall Hmayra","تلحميرة","LB_Akka_Akka_Tall_Hmayra","35237","3.68262306","34.62156287","36.07799996","","22700",""
"Akkar","Akkar","Tall Meaayan Tall Kiri","تلمعيان","LB_Akka_Akka_Tall_Meaayan","35231","7.26145425","34.59945833","36.0357437","","22700",""
"Akkar","Akkar","Tall Sebaal","تل سبعل","LB_Akka_Akka_Tall_Sebaal","35247","0.94284974","34.55262777","36.02922733","","22700",""
"Akkar","Akkar","Tallet Chattaha","شطاحة","LB_Akka_Akka_Tallet_Chatt","35173","0.08026251","34.53292269","36.17074551","","22700",""
"Akkar","Akkar","Tikrit","تكريت","LB_Akka_Akka_Tikrit","35171","5.6468503","34.51526977","36.16358514","","22700",""
"Akkar","Akkar","Tleil","التليل","LB_Akka_Akka_Tleil","35459","3.0727586","34.59606861","36.13922764","","22700",""
"Akkar","Akkar","Tshea","تاشع","LB_Akka_Akka_Tshea","35356","3.78667116","34.49831863","36.19665293","","22700",""
"Akkar","Akkar","Zouarib","الزواريب","LB_Akka_Akka_Zouarib","35127","0.75345555","34.53374425","36.07029886","","22700",""
"Akkar","Akkar","Zouq El Hosniyeh","ذوق الحصينة","LB_Akka_Akka_Zouq_El_Hosn","35151","0.96676458","34.52177905","36.03965052","","22700",""
"Akkar","Akkar","Zouq El-Hadara","ذوق حدارة","LB_Akka_Akka_Zouq_El_Hada","35159","0.73242281","34.51215221","36.03527514","","22700",""
"Akkar","Akkar","Zouq El-Hbalsa","ذوق الحبالصة","LB_Akka_Akka_Zouq_El_Hbal","35153","0.55206635","34.51528773","36.03966955","","22700",""
"Akkar","Akkar","Zouq El-Moqachrine","ذوق المقشرين","LB_Akka_Akka_Zouq_El_Moqa","35161","0.25224387","34.51860345","36.02861205","","22700",""
"Baalbek-El Hermel","Baalbek","Aadous","عدّوس","LB_Baal_Baal_Aadous","53127","1.97888343","34.02197337","36.15066178","","22700",""
"Baalbek-El Hermel","Baalbek","Aain Baalbek","العين","LB_Baal_Baal_Aain_Baalbek","53217","8.78188316","34.22358","36.38539791","","22700",""
"Baalbek-El Hermel","Baalbek","Aain Bourday","عين بورداي","LB_Baal_Baal_Aain_Bourday","53115","18.97634118","33.97454041","36.21629237","","22700",""
"Baalbek-El Hermel","Baalbek","Aain Ej-Jaouz Baalbek","عين الجوزة","LB_Baal_Baal_Aain_Ej_Jaou","53473","25.96463393","33.85375463","36.30302343","","22700",""
"Baalbek-El Hermel","Baalbek","Aain El-Barnaya","عين البنية","LB_Baal_Baal_Aain_El_Barn","53465","17.6063331","33.88718376","36.25368819","","22700",""
"Baalbek-El Hermel","Baalbek","Aain Es-Siyaa Chadoura","حصن الشادورا","LB_Baal_Baal_Aain_Es_Siya","53163","24.48412782","33.95254571","36.27740025","","22700",""
"Baalbek-El Hermel","Baalbek","Aamchki","عمشكي","LB_Baal_Baal_Aamchki","53131","55.45878817","33.99182521","36.30352392","","22700",""
"Baalbek-El Hermel","Baalbek","Aarsal","عرسال","LB_Baal_Baal_Aarsal","53231","316.89695201","34.14183114","36.45730012","","22700",""
"Baalbek-El Hermel","Baalbek","Aaynata Baalbek","عيناتا","LB_Baal_Baal_Aaynata_Baal","53377","45.96328482","34.19496294","36.0769738","","22700",""
"Baalbek-El Hermel","Baalbek","Baalbek","بعلبك","LB_Baal_Baal_Baalbek","53111","37.42541076","34.01729491","36.20460033","","22700",""
"Baalbek-El Hermel","Baalbek","Bajjaje","بجاجة","LB_Baal_Baal_Bajjaje","53221","6.32181788","34.22548892","36.34290465","","22700",""
"Baalbek-El Hermel","Baalbek","Barqa","برقا","LB_Baal_Baal_Barqa","53344","19.52259426","34.18568872","36.14070679","","22700",""
"Baalbek-El Hermel","Baalbek","Bechouat","بشوات","LB_Baal_Baal_Bechouat","53333","14.32749495","34.15141942","36.1334637","","22700",""
"Baalbek-El Hermel","Baalbek","Bednayel Baalbak","بدنايل","LB_Baal_Baal_Bednayel_Baa","53411","50.27701486","33.92408732","35.94041131","","22700",""
"Baalbek-El Hermel","Baalbek","Beit Chama","بيت شاما","LB_Baal_Baal_Beit_Chama","53417","5.72160498","33.92478885","36.02585111","","22700",""
"Baalbek-El Hermel","Baalbek","Bouday","بوداي","LB_Baal_Baal_Bouday","53459","59.88698018","34.06116581","36.05390214","","22700",""
"Baalbek-El Hermel","Baalbek","Brital","بريتال","LB_Baal_Baal_Brital","53453","42.96885778","33.93200008","36.18491271","","22700",""
"Baalbek-El Hermel","Baalbek","Btedaai","بتدعي","LB_Baal_Baal_Btedaai","53375","12.98828192","34.10770594","36.09957226","","22700",""
"Baalbek-El Hermel","Baalbek","Chaaibeh","جبل الشعيبة","LB_Baal_Baal_Chaaibeh","53469","17.53874666","33.92060466","36.25743601","","22700",""
"Baalbek-El Hermel","Baalbek","Chaat","شعت","LB_Baal_Baal_Chaat","53274","27.48630369","34.13808863","36.26947092","","22700",""
"Baalbek-El Hermel","Baalbek","Chlifa","شليفا","LB_Baal_Baal_Chlifa","53467","17.25629049","34.08149825","36.10996825","","22700",""
"Baalbek-El Hermel","Baalbek","Chmistar","شمسطار","LB_Baal_Baal_Chmistar","53429","24.27202489","33.95892496","36.01441757","","22700",""
"Baalbek-El Hermel","Baalbek","Dar El-Ouassaa","دار الواسعة","LB_Baal_Baal_Dar_El_Ouass","53366","5.83422962","34.1091215","36.05364711","","22700",""
"Baalbek-El Hermel","Baalbek","Deir El-Ahmar","دير الاحمر","LB_Baal_Baal_Deir_El_Ahma","53311","41.46857021","34.11995846","36.13130665","","22700",""
"Baalbek-El Hermel","Baalbek","Deir Mar Maroun Baalbek","دير مار مارون بعلبك","LB_Baal_Baal_Deir_Mar_Mar","53244","6.17540781","34.3532709","36.39506045","","22700",""
"Baalbek-El Hermel","Baalbek","Douris","دوريس","LB_Baal_Baal_Douris","53119","19.27381943","33.98923209","36.17016081","","22700",""
"Baalbek-El Hermel","Baalbek","Fekehe","فاكهة","LB_Baal_Baal_Fekehe","53214","59.0443389","34.25016436","36.36706775","","22700",""
"Baalbek-El Hermel","Baalbek","Hadath Baalbek","حدت الهرمل","LB_Baal_Baal_Hadath_Baalb","53183","30.95291886","34.00589663","36.01095522","","22700",""
"Baalbek-El Hermel","Baalbek","Halbata","حلباتا","LB_Baal_Baal_Halbata","53247","16.51399458","34.2607895","36.22947537","","22700",""
"Baalbek-El Hermel","Baalbek","Ham","حام","LB_Baal_Baal_Ham","53463","15.40176254","33.86529344","36.21128676","","22700",""
"Baalbek-El Hermel","Baalbek","Haouch El-Dehab","حوش الدهب","LB_Baal_Baal_Haouch_El_De","53159","4.87502753","34.03663895","36.11970801","","22700",""
"Baalbek-El Hermel","Baalbek","Haouch En-Nabi","حوش النبي","LB_Baal_Baal_Haouch_En_Na","53431","1.76450619","33.9339398","36.06209359","","22700",""
"Baalbek-El Hermel","Baalbek","Haouch Er-Rafqa","حوش الرافقة","LB_Baal_Baal_Haouch_Er_Ra","53419","5.71150874","33.91076966","36.03743273","","22700",""
"Baalbek-El Hermel","Baalbek","Haouch Snaid","حوش سنيد","LB_Baal_Baal_Haouch_Snaid","53433","8.84677519","33.93327285","36.08626186","","22700",""
"Baalbek-El Hermel","Baalbek","Haouch Tall Safiyeh","حوش تل صفية","LB_Baal_Baal_Haouch_Tall_","53135","5.04879595","34.0244525","36.13551512","","22700",""
"Baalbek-El Hermel","Baalbek","Haouche Barada","حوش بردى","LB_Baal_Baal_Haouche_Bara","53151","6.09469187","34.00988702","36.11658901","","22700",""
"Baalbek-El Hermel","Baalbek","Haour Taala","حور تعلا","LB_Baal_Baal_Haour_Taala","53451","22.94273396","33.90969524","36.16301672","","22700",""
"Baalbek-El Hermel","Baalbek","Harabta","حربتا","LB_Baal_Baal_Harabta","53264","66.3357637","34.21230335","36.26612568","","22700",""
"Baalbek-El Hermel","Baalbek","Hizzine","حزين","LB_Baal_Baal_Hizzine","53441","4.4765243","33.9689175","36.09508413","","22700",""
"Baalbek-El Hermel","Baalbek","Iaat","ايعات","LB_Baal_Baal_Iaat","53123","28.45368569","34.05661509","36.15714976","","22700",""
"Baalbek-El Hermel","Baalbek","Jebaa","جبعا","LB_Baal_Baal_Jebaa","53171","6.64802835","34.02267796","36.02138445","","22700",""
"Baalbek-El Hermel","Baalbek","Jenta","جنتا","LB_Baal_Baal_Jenta","53447","12.95386836","33.83722266","36.09737448","","22700",""
"Baalbek-El Hermel","Baalbek","Kfar Dabach","كفر دبش","LB_Baal_Baal_Kfar_Dabach","53427","5.11504239","33.93932723","36.03857246","","22700",""
"Baalbek-El Hermel","Baalbek","Kfar Dane","كفر دان","LB_Baal_Baal_Kfar_Dane","53179","11.4208904","34.02067728","36.05140983","","22700",""
"Baalbek-El Hermel","Baalbek","Kharayeb El-Hermel","الخرائب","LB_Baal_Baal_Kharayeb_El_","54175","5.54951589","34.23731007","36.28872207","","22700",""
"Baalbek-El Hermel","Baalbek","Khodr Baalbek","خضر","LB_Baal_Baal_Khodr_Baalbe","53443","7.00682206","33.90822214","36.12021304","","22700",""
"Baalbek-El Hermel","Baalbek","Khreibet Baalbek","خريبة","LB_Baal_Baal_Khreibet_Baa","53455","22.21208714","33.87645226","36.16658683","","22700",""
"Baalbek-El Hermel","Baalbek","Kneisset Baalbek","كنيسة","LB_Baal_Baal_Kneisset_Baa","53322","17.52958771","34.12309887","36.18132516","","22700",""
"Baalbek-El Hermel","Baalbek","Laboueh","لبوة","LB_Baal_Baal_Laboueh","53234","22.81876896","34.19223997","36.34823387","","22700",""
"Baalbek-El Hermel","Baalbek","Maaraboun","معربون","LB_Baal_Baal_Maaraboun","53461","10.80387735","33.84926151","36.19283709","","22700",""
"Baalbek-El Hermel","Baalbek","Majdaloun","مجدلون","LB_Baal_Baal_Majdaloun","53147","10.38295615","33.99195023","36.11762781","","22700",""
"Baalbek-El Hermel","Baalbek","Maqneh","مقنة","LB_Baal_Baal_Maqneh","53155","28.7823152","34.07715217","36.20131272","","22700",""
"Baalbek-El Hermel","Baalbek","Mazraat beit Mchaik","مزرعة بيت مشيك","LB_Baal_Baal_Mazraat_beit","53457","12.97528316","34.05985733","35.98932628","","22700",""
"Baalbek-El Hermel","Baalbek","Moqraq","المقرق","LB_Baal_Baal_Moqraq","53251","14.92491058","34.15927612","36.33245241","","22700",""
"Baalbek-El Hermel","Baalbek","Mousrayeh","مطحنة مصراية","LB_Baal_Baal_Mousrayeh","53421","2.61141639","33.91236008","36.05393376","","22700",""
"Baalbek-El Hermel","Baalbek","Nabha Ed-Damdoum","نبحا","LB_Baal_Baal_Nabha_Ed_Dam","53271","92.0376912","34.22035977","36.14166246","","22700",""
"Baalbek-El Hermel","Baalbek","Nabi Chbay","النبي سباط","LB_Baal_Baal_Nabi_Chbay","53471","1.01821771","33.93470553","36.23411742","","22700",""
"Baalbek-El Hermel","Baalbek","Nabi Chit","نبي شيت","LB_Baal_Baal_Nabi_Chit","53445","17.72136905","33.89033426","36.11741514","","22700",""
"Baalbek-El Hermel","Baalbek","Nabi Osmane","نبي عثمان","LB_Baal_Baal_Nabi_Osmane","53224","10.67784483","34.21535147","36.3604347","","22700",""
"Baalbek-El Hermel","Baalbek","Nahleh baalbek","نحله","LB_Baal_Baal_Nahleh_baalb","53143","123.38353558","34.05600287","36.34726224","","22700",""
"Baalbek-El Hermel","Baalbek","Ouadi El-Aaoss","وادي القصص","LB_Baal_Baal_Ouadi_El_Aao","54183","12.75655805","34.24581411","36.24440451","","22700",""
"Baalbek-El Hermel","Baalbek","Qaa Baalbek","القاع","LB_Baal_Baal_Qaa_Baalbek","53241","12.91645437","34.33486368","36.45791599","","22700",""
"Baalbek-El Hermel","Baalbek","Qaa Baayoun","قاع بعيون","LB_Baal_Baal_Qaa_Baayoun","53257","70.77895265","34.3394112","36.51351308","","22700",""
"Baalbek-El Hermel","Baalbek","Qaa Jouar Maqiyé","قاع جوار مكية","LB_Baal_Baal_Qaa_Jouar_Ma","53267","24.66221677","34.38682098","36.51244986","","22700",""
"Baalbek-El Hermel","Baalbek","Qaa Ouadi El-Khanzir","قاع وادي الخنزير","LB_Baal_Baal_Qaa_Ouadi_El","53254","64.78264587","34.38609759","36.45880094","","22700",""
"Baalbek-El Hermel","Baalbek","Qarha Baalbek","قرحا","LB_Baal_Baal_Qarha_Baalbe","53277","4.15372257","34.16582549","36.20951401","","22700",""
"Baalbek-El Hermel","Baalbek","Qsarnaba","قصرنابا","LB_Baal_Baal_Qsarnaba","53413","6.51070083","33.90655847","35.99521716","","22700",""
"Baalbek-El Hermel","Baalbek","Ram Baalbek","الرام","LB_Baal_Baal_Ram_Baalbek","53281","7.01769274","34.17544673","36.17591599","","22700",""
"Baalbek-El Hermel","Baalbek","Ras Baalbek Ech-Charqi","راس بعلبك الشرقي","LB_Baal_Baal_Ras_Baalbek_","53227","57.90242573","34.2584902","36.49085496","","22700",""
"Baalbek-El Hermel","Baalbek","Ras Baalbek Es-Sahel","راس بعلبك","LB_Baal_Baal_Ras_Baalbek_","53211","67.64651675","34.29537446","36.41604014","","22700",""
"Baalbek-El Hermel","Baalbek","Riha","ريحا","LB_Baal_Baal_Riha","53355","13.40977781","34.13494946","36.22035049","","22700",""
"Baalbek-El Hermel","Baalbek","Saaideh","سعيدة","LB_Baal_Baal_Saaideh","53167","5.93088219","34.02493673","36.07601114","","22700",""
"Baalbek-El Hermel","Baalbek","Sbouba","صبوبا","LB_Baal_Baal_Sbouba","53261","5.74125275","34.22341866","36.28711619","","22700",""
"Baalbek-El Hermel","Baalbek","Serraaine Et-Tahta","سرعين التحتا","LB_Baal_Baal_Serraaine_Et","53437","23.55057076","33.89000391","36.06714548","","22700",""
"Baalbek-El Hermel","Baalbek","Slouqi","سلوقي","LB_Baal_Baal_Slouqi","53423","16.55026773","33.97271283","35.91916773","","22700",""
"Baalbek-El Hermel","Baalbek","Taibet Baalbek","طيبة بعلبك","LB_Baal_Baal_Taibet_Baalb","53139","17.5042682","33.9630524","36.13765317","","22700",""
"Baalbek-El Hermel","Baalbek","Talia","طليا","LB_Baal_Baal_Talia","53439","7.6897476","33.94230214","36.09460031","","22700",""
"Baalbek-El Hermel","Baalbek","Taraiya","طاريا","LB_Baal_Baal_Taraiya","53435","51.14885072","33.98920882","35.98362493","","22700",""
"Baalbek-El Hermel","Baalbek","Temnine El-Faouqa","تمنين الفوقا","LB_Baal_Baal_Temnine_El_F","53415","10.94420552","33.91106634","35.97128357","","22700",""
"Baalbek-El Hermel","Baalbek","Temnine Et-Tahta","تمنين التحتا","LB_Baal_Baal_Temnine_Et_T","53425","7.43232234","33.87607401","36.00387435","","22700",""
"Baalbek-El Hermel","Baalbek","Tfail","طفيل","LB_Baal_Baal_Tfail","53475","29.56652818","33.8582872","36.35905533","","22700",""
"Baalbek-El Hermel","Baalbek","Yahfoufa","يحفوفا","LB_Baal_Baal_Yahfoufa","53449","12.27091353","33.85397239","36.13091195","","22700",""
"Baalbek-El Hermel","Baalbek","Yammouneh","يمونة","LB_Baal_Baal_Yammouneh","53388","29.513954","34.12890059","36.04496027","","22700",""
"Baalbek-El Hermel","Baalbek","Youmine","يونين","LB_Baal_Baal_Youmine","53284","77.59704758","34.10841514","36.28235965","","22700",""
"Baalbek-El Hermel","Baalbek","Zabboud","زبود","LB_Baal_Baal_Zabboud","53237","7.87427923","34.23762429","36.31915295","","22700",""
"Baalbek-El Hermel","El Hermel","Charbine El-Hermel","شربين","LB_Baal_El_H_Charbine_El_","54127","69.74004797","34.45837539","36.32005843","","22700",""
"Baalbek-El Hermel","El Hermel","Hermel","هرمل","LB_Baal_El_H_Hermel","54111","131.12889006","34.4162615","36.41553835","","22700",""
"Baalbek-El Hermel","El Hermel","Hermel Jbab","هرمل جباب","LB_Baal_El_H_Hermel_Jbab","54159","74.98187811","34.34392032","36.22370122","","22700",""
"Baalbek-El Hermel","El Hermel","Maaysra El-Hermel","معيصرة","LB_Baal_El_H_Maaysra_El_H","54167","6.05081398","34.27216622","36.28847107","","22700",""
"Baalbek-El Hermel","El Hermel","Michaa Mrajhineh","سويدية","LB_Baal_El_H_Michaa_Mrajh","54114","52.45431762","34.41255486","36.19973875","","22700",""
"Baalbek-El Hermel","El Hermel","Ouadi Faara","وادي فعرا","LB_Baal_El_H_Ouadi_Faara","54151","26.93711423","34.28019456","36.25228688","","22700",""
"Baalbek-El Hermel","El Hermel","Ras Baalbek El Gharbi","راس بعلبك الغربي","LB_Baal_El_H_Ras_Baalbek_","54135","54.11173124","34.3097844","36.26480458","","22700",""
"Baalbek-El Hermel","El Hermel","Ras Baalbek Ouadi Faara","راس بعلبك وادي فعرا","LB_Baal_El_H_Ras_Baalbek_","54143","19.36791631","34.29938022","36.34744617","","22700",""
"Baalbek-El Hermel","El Hermel","Zighrine","زغرين","LB_Baal_El_H_Zighrine","54119","93.72572071","34.38611536","36.31204195","","22700",""
"Beirut","Beirut","Achrafieh","الاشرفية","LB_Beir_Beir_Achrafieh","10650","3.18209358","33.88426562","35.52113167","","22700",""
"Beirut","Beirut","Ain el-Mreisseh","عين المريسه","LB_Beir_Beir_Ain_el_Mreis","10110","0.99843651","33.89916066","35.47483536","","22700",""
"Beirut","Beirut","Bachoura","باشورة","LB_Beir_Beir_Bachoura","10350","0.52731419","33.89031715","35.50391804","","22700",""
"Beirut","Beirut","Beirut Central District","وسط بيروت","LB_Beir_Beir_Beirut_Centr","10999","0.61889853","33.90799262","35.52191979","","22700",""
"Beirut","Beirut","Marfaa","مرفأ","LB_Beir_Beir_Marfaa","10450","0.98217397","33.89950518","35.51162009","","22700",""
"Beirut","Beirut","Mazraa","المزرعة","LB_Beir_Beir_Mazraa","10310","3.80194123","33.87444831","35.50674399","","22700",""
"Beirut","Beirut","Medawar","مدور","LB_Beir_Beir_Medawar","10610","2.04035429","33.90192198","35.53029396","","22700",""
"Beirut","Beirut","Minet el-Hosn","مينا الحصن","LB_Beir_Beir_Minet_el_Hos","10250","0.59736651","33.90042644","35.49633758","","22700",""
"Beirut","Beirut","Moussaytbeh","مصيطبة","LB_Beir_Beir_Moussaytbeh","10210","4.06043804","33.88159006","35.48821684","","22700",""
"Beirut","Beirut","Ras Beyrouth","راس بيروت","LB_Beir_Beir_Ras_Beyrouth","10150","2.50815636","33.89083207","35.47784863","","22700",""
"Beirut","Beirut","Remeil","رميل","LB_Beir_Beir_Remeil","10550","1.04091958","33.89447514","35.52357541","","22700",""
"Beirut","Beirut","Saifeh","صيفي","LB_Beir_Beir_Saifeh","10510","0.42384937","33.89261907","35.50898343","","22700",""
"Beirut","Beirut","Zoukak el-Blatt","زقاق البلاط","LB_Beir_Beir_Zoukak_el_Bl","10410","0.46640434","33.8931518","35.49902581","","22700",""
"Bekaa","Rachaya","Aain Aarab Rachaiya","عين عرب","LB_Beka_Rach_Aain_Aarab_R","55167","11.05150118","33.57715063","35.88320812","","22700",""
"Bekaa","Rachaya","Aain Aata","عين عطا","LB_Beka_Rach_Aain_Aata","55171","15.78060154","33.43926878","35.78028383","","22700",""
"Bekaa","Rachaya","Aain Rouha","عين حرشة","LB_Beka_Rach_Aain_Rouha","55147","7.86920484","33.4615293","35.77972149","","22700",""
"Bekaa","Rachaya","Aaqabet Rachaya","عقبة راشيّا","LB_Beka_Rach_Aaqabet_Rach","55114","6.2935127","33.51184065","35.80893426","","22700",""
"Bekaa","Rachaya","Aayha","عيحا","LB_Beka_Rach_Aayha","55117","42.95742068","33.48438379","35.90597013","","22700",""
"Bekaa","Rachaya","Aayta El-Foukhar","عيتا الفخار","LB_Beka_Rach_Aayta_El_Fou","55194","25.82066943","33.65039064","35.92116813","","22700",""
"Bekaa","Rachaya","Bakka","بكا","LB_Beka_Rach_Bakka","55177","6.17472561","33.6007692","35.92597942","","22700",""
"Bekaa","Rachaya","Bakkifac Rachaya","بكيفا راشيا","LB_Beka_Rach_Bakkifac_Rac","55121","8.37221074","33.48865614","35.81785938","","22700",""
"Bekaa","Rachaya","Beit Lahia","بيت لهيا","LB_Beka_Rach_Beit_Lahia","55127","3.91828955","33.48578653","35.79068983","","22700",""
"Bekaa","Rachaya","Biret Rachaiya","بيرة راشّيا","LB_Beka_Rach_Biret_Rachai","55164","20.07486477","33.6024033","35.83931131","","22700",""
"Bekaa","Rachaya","Dahr El-Ahmar","ضهر الاحمر","LB_Beka_Rach_Dahr_El_Ahma","55124","9.98016256","33.53702153","35.8420335","","22700",""
"Bekaa","Rachaya","Deir El-Aachayer","دير العشاير","LB_Beka_Rach_Deir_El_Aach","55187","23.02637455","33.55839108","36.00644631","","22700",""
"Bekaa","Rachaya","Haouch El Qinnabeh Rachaiya","حوش القنعبة","LB_Beka_Rach_Haouch_El_Qi","55161","7.56439517","33.47649019","35.76364046","","22700",""
"Bekaa","Rachaya","Helouet Rachaiya","حلوة","LB_Beka_Rach_Helouet_Rach","55197","18.25566685","33.61173541","36.00265289","","22700",""
"Bekaa","Rachaya","Kaoukaba Bou Arab","كوكبا","LB_Beka_Rach_Kaoukaba_Bou","55144","5.07091471","33.53645513","35.77764059","","22700",""
"Bekaa","Rachaya","Kfar Denis","كفر دنيس","LB_Beka_Rach_Kfar_Denis","55137","7.01895843","33.55348338","35.85509493","","22700",""
"Bekaa","Rachaya","Kfar Lichki","كفر مشكي","LB_Beka_Rach_Kfar_Lichki","55154","17.92743412","33.50952517","35.76943452","","22700",""
"Bekaa","Rachaya","Kfar Qouq","كفرقوق","LB_Beka_Rach_Kfar_Qouq","55134","55.44450617","33.54815111","35.92118025","","22700",""
"Bekaa","Rachaya","Khirbet Rouha","خربة روحا","LB_Beka_Rach_Khirbet_Rouh","55151","14.3677219","33.57823286","35.84824708","","22700",""
"Bekaa","Rachaya","Majdel Balhis","مجدل بلهيص","LB_Beka_Rach_Majdel_Balhi","55174","20.0346832","33.53990692","35.73001881","","22700",""
"Bekaa","Rachaya","Mdoukha","مدوخا","LB_Beka_Rach_Mdoukha","55181","15.17597554","33.60670648","35.87838432","","22700",""
"Bekaa","Rachaya","Mhaiydseh Rachaiya","محيدثه","LB_Beka_Rach_Mhaiydseh_Ra","55141","14.23999031","33.56198466","35.79180167","","22700",""
"Bekaa","Rachaya","Nabi Safa","نبي صفا","LB_Beka_Rach_Nabi_Safa","55199","8.1312977","33.49673295","35.74211127","","22700",""
"Bekaa","Rachaya","Rachaiya","راشيّا الوادي","LB_Beka_Rach_Rachaiya","55111","61.26685125","33.48063185","35.84794667","","22700",""
"Bekaa","Rachaya","Rafid Rachaiya","الرافد راشيا","LB_Beka_Rach_Rafid_Rachai","55157","8.00219069","33.5763089","35.80374957","","22700",""
"Bekaa","Rachaya","Selsata (Mazraat Deir El-Aachaiyer)","مزرعة سلساتا","LB_Beka_Rach_Selsata__Maz","55191","2.53924313","33.58314677","35.98628736","","22700",""
"Bekaa","Rachaya","Tannoura","تنورة","LB_Beka_Rach_Tannoura","55131","4.28273099","33.47024865","35.80193136","","22700",""
"Bekaa","Rachaya","Yanta","ينطا","LB_Beka_Rach_Yanta","55184","33.75535462","33.60201688","35.96260621","","22700",""
"Bekaa","West Bekaa","Aain Et-Tineh BG","عين التينة بقاع الغربي","LB_Beka_West_Aain_Et_Tine","52116","6.75478985","33.49278219","35.63550787","","22700",""
"Bekaa","West Bekaa","Aain Zebdeh","عين زبدة","LB_Beka_West_Aain_Zebdeh","52146","5.23122543","33.62745411","35.70044567","","22700",""
"Bekaa","West Bekaa","Aammiq BG","عميق","LB_Beka_West_Aammiq_BG","52176","17.34005868","33.72442107","35.78903153","","22700",""
"Bekaa","West Bekaa","Aana","عانا","LB_Beka_West_Aana","52161","14.93610481","33.68133641","35.76800481","","22700",""
"Bekaa","West Bekaa","Aaytanit","عيتنيت","LB_Beka_West_Aaytanit","52121","13.80178456","33.56213806","35.66847457","","22700",""
"Bekaa","West Bekaa","Baaloul BG","بعلول","LB_Beka_West_Baaloul_BG","52224","12.50903199","33.58879302","35.75180732","","22700",""
"Bekaa","West Bekaa","Bab Mareaa","باب مارع","LB_Beka_West_Bab_Mareaa","52126","6.34470732","33.58906899","35.67598588","","22700",""
"Bekaa","West Bekaa","Chebrqiyet Aammiq","شبرقية عميق","LB_Beka_West_Chebrqiyet_A","52181","6.86356839","33.71663356","35.8155635","","22700",""
"Bekaa","West Bekaa","Dakoueh","دكوة","LB_Beka_West_Dakoueh","52251","7.99685531","33.69304304","35.87635213","","22700",""
"Bekaa","West Bekaa","Deir Aain Ej-Jaouzeh","دير عين الجوزة","LB_Beka_West_Deir_Aain_Ej","52131","3.08175451","33.59324767","35.70020465","","22700",""
"Bekaa","West Bekaa","Deir Tahniche","دير طحنيش","LB_Beka_West_Deir_Tahnich","52166","3.89184384","33.70009142","35.77079407","","22700",""
"Bekaa","West Bekaa","Ghazzeh","غزة","LB_Beka_West_Ghazzeh","52227","7.69109803","33.67536887","35.83002975","","22700",""
"Bekaa","West Bekaa","Haouch El-Harime","حوش الحريمة","LB_Beka_West_Haouch_El_Ha","52254","5.74820086","33.71662999","35.86125282","","22700",""
"Bekaa","West Bekaa","Harimeh Es-Soughra","حريمة الصغرى","LB_Beka_West_Harimeh_Es_S","52271","4.59127462","33.7335213","35.87549198","","22700",""
"Bekaa","West Bekaa","Jazira BG","الجزيرة","LB_Beka_West_Jazira_BG","52257","4.07162211","33.72658733","35.84327368","","22700",""
"Bekaa","West Bekaa","Joubb Jannine","جب جنين","LB_Beka_West_Joubb_Jannin","52211","15.74353476","33.63664492","35.79136049","","22700",""
"Bekaa","West Bekaa","Kafraiya BG","كفريا بقاع الغربي","LB_Beka_West_Kafraiya_BG","52156","17.44527951","33.65793904","35.73437331","","22700",""
"Bekaa","West Bekaa","Kamed El-Laouz","كامد اللوز","LB_Beka_West_Kamed_El_Lao","52217","15.49561608","33.62392929","35.8254101","","22700",""
"Bekaa","West Bekaa","Khiara","الخيارة","LB_Beka_West_Khiara","52234","9.16144337","33.68487933","35.84924616","","22700",""
"Bekaa","West Bekaa","Khiara El-Aatiqa","خيارة العتيقة","LB_Beka_West_Khiara_El_Aa","52247","2.35838798","33.71024011","35.83555503","","22700",""
"Bekaa","West Bekaa","Khirbet Qanafar","خربة قنافار","LB_Beka_West_Khirbet_Qana","52151","21.42649494","33.63984843","35.71002327","","22700",""
"Bekaa","West Bekaa","Lala","لالا","LB_Beka_West_Lala","52214","13.73844666","33.61149176","35.75739081","","22700",""
"Bekaa","West Bekaa","Libbaya BG","لبايا","LB_Beka_West_Libbaya_BG","52274","12.38634155","33.47838955","35.71408714","","22700",""
"Bekaa","West Bekaa","Loussa","لوسيا","LB_Beka_West_Loussa","52141","9.4025372","33.45927363","35.65285907","","22700",""
"Bekaa","West Bekaa","Machghara","مشغرة","LB_Beka_West_Machghara","52111","24.29222545","33.52185453","35.65685701","","22700",""
"Bekaa","West Bekaa","Manara (Hammara) BG","حمارة","LB_Beka_West_Manara__Hamm","52244","14.12410821","33.65585402","35.89322654","","22700",""
"Bekaa","West Bekaa","Mansoura BG","المنصورة","LB_Beka_West_Mansoura_BG","52171","7.80597743","33.68018896","35.80589037","","22700",""
"Bekaa","West Bekaa","Marj BG","المرج","LB_Beka_West_Marj_BG","52277","8.76254916","33.75781014","35.86935095","","22700",""
"Bekaa","West Bekaa","Maydoun","ميدون","LB_Beka_West_Maydoun","52287","10.52100881","33.45860921","35.62983696","","22700",""
"Bekaa","West Bekaa","Ouaqf BG","الوقف بقاع الغربي","LB_Beka_West_Ouaqf_BG","52261","2.71091946","33.73735555","35.84793497","","22700",""
"Bekaa","West Bekaa","Qaraaoun","القرعون","LB_Beka_West_Qaraaoun","52237","25.57983605","33.56542969","35.73045037","","22700",""
"Bekaa","West Bekaa","Qelaya","قلايا","LB_Beka_West_Qelaya","52291","5.57086712","33.43774814","35.6586375","","22700",""
"Bekaa","West Bekaa","Raouda (Istabel)","روضة إسطبل","LB_Beka_West_Raouda__Ista","52295","5.69970451","33.7444292","35.89334449","","22700",""
"Bekaa","West Bekaa","Saghbine","صغبين","LB_Beka_West_Saghbine","52136","14.6466762","33.61110924","35.69818752","","22700",""
"Bekaa","West Bekaa","Sohmor","سحمر","LB_Beka_West_Sohmor","52267","11.40903886","33.50864385","35.69465514","","22700",""
"Bekaa","West Bekaa","Soltan Yacoub el Aradi","سلطان يعقوب أراضي","LB_Beka_West_Soltan_Yacou","52241","1.70363714","33.67259468","35.86853328","","22700",""
"Bekaa","West Bekaa","Souairi","صويري","LB_Beka_West_Souairi","52264","14.09761352","33.68565653","35.91521832","","22700",""
"Bekaa","West Bekaa","Soultan Yaacoub Faouqa","سلطان يعقوب الفوقا","LB_Beka_West_Soultan_Yaac","52231","11.64820409","33.65579151","35.85089537","","22700",""
"Bekaa","West Bekaa","Tall Znoub","تل زنوب","LB_Beka_West_Tall_Znoub","52221","7.79376677","33.65903613","35.77719977","","22700",""
"Bekaa","West Bekaa","Yohmor BG","يحمر بقاع الغربي","LB_Beka_West_Yohmor_BG","52281","8.98087967","33.48057392","35.67666799","","22700",""
"Bekaa","West Bekaa","Zilaya","زلايا","LB_Beka_West_Zilaya","52284","2.71382633","33.45704105","35.67205482","","22700",""
"Bekaa","Zahle","Aain Kfar Zabad","عين كفر زبد","LB_Beka_Zahl_Aain_Kfar_Za","51377","4.97439297","33.78997111","36.01117394","","22700",""
"Bekaa","Zahle","Aali En-Nahri","علي النهري","LB_Beka_Zahl_Aali_En_Nahr","51323","4.19588217","33.86185688","36.03175462","","22700",""
"Bekaa","Zahle","Aanjar (Haouch Moussa)","عنجر","LB_Beka_Zahl_Aanjar__Haou","51281","16.21562617","33.74099824","35.93406454","","22700",""
"Bekaa","Zahle","Ablah","ابلح","LB_Beka_Zahl_Ablah","51163","5.98508482","33.86362288","35.97205493","","22700",""
"Bekaa","Zahle","Barr Elias","بر الياس","LB_Beka_Zahl_Barr_Elias","51267","24.18296559","33.78001349","35.93172132","","22700",""
"Bekaa","Zahle","Bouarej","بوارج","LB_Beka_Zahl_Bouarej","51244","3.46790712","33.81684784","35.81288473","","22700",""
"Bekaa","Zahle","Chebrqiyet Tabet","شبرقية تابت","LB_Beka_Zahl_Chebrqiyet_T","51247","1.00698861","33.77958424","35.86716437","","22700",""
"Bekaa","Zahle","Chtaura","شتورا","LB_Beka_Zahl_Chtaura","51211","1.53309657","33.81558892","35.85692578","","22700",""
"Bekaa","Zahle","Dalhamiyet Zahleh","دلهميه","LB_Beka_Zahl_Dalhamiyet_Z","51383","5.23471844","33.8159725","35.95838014","","22700",""
"Bekaa","Zahle","Deir El-Ghazal","دير الغزال","LB_Beka_Zahl_Deir_El_Ghaz","51347","6.95476443","33.82404986","36.04562763","","22700",""
"Bekaa","Zahle","Fourzol","فرزل","LB_Beka_Zahl_Fourzol","51139","16.95208835","33.86430866","35.94608588","","22700",""
"Bekaa","Zahle","Haouch El-Aamara","تل العمارة","LB_Beka_Zahl_Haouch_El_Aa","51335","0.95017384","33.85691681","35.98850531","","22700",""
"Bekaa","Zahle","Haouch El-Ghanam","حوش الغنم","LB_Beka_Zahl_Haouch_El_Gh","51329","2.7603155","33.87430902","36.02650908","","22700",""
"Bekaa","Zahle","Haouch Es-Siyadeh","حوش الصيادي","LB_Beka_Zahl_Haouch_Es_Si","51251","1.40134412","33.7674649","35.82389112","","22700",""
"Bekaa","Zahle","Haouch Hala","حوش حالا","LB_Beka_Zahl_Haouch_Hala","51317","5.71851795","33.84733242","35.99231503","","22700",""
"Bekaa","Zahle","Haouch Mandara","حوش مندره","LB_Beka_Zahl_Haouch_Manda","51237","3.98891365","33.77671564","35.86094282","","22700",""
"Bekaa","Zahle","Haouch Qayssar","قيصر","LB_Beka_Zahl_Haouch_Qayss","51264","1.30495781","33.7615358","35.81422825","","22700",""
"Bekaa","Zahle","Hazerta","حزرتا","LB_Beka_Zahl_Hazerta","51157","6.66280476","33.875389","35.86691585","","22700",""
"Bekaa","Zahle","Hoshmosh","حشمش","LB_Beka_Zahl_Hoshmosh","51341","7.06913093","33.82903513","36.01408329","","22700",""
"Bekaa","Zahle","Jdita","جديتا","LB_Beka_Zahl_Jdita","51224","6.18816238","33.81335729","35.84616393","","22700",""
"Bekaa","Zahle","Kfarzabad","كفر زبد","LB_Beka_Zahl_Kfarzabad","51389","24.64441727","33.76472315","35.98284372","","22700",""
"Bekaa","Zahle","Ksara","كسارة","LB_Beka_Zahl_Ksara","51184","0.22126384","33.82626808","35.89201022","","22700",""
"Bekaa","Zahle","Majdel Aanjar","مجدل عنجر","LB_Beka_Zahl_Majdel_Aanja","51284","25.32321709","33.70979827","35.91398783","","22700",""
"Bekaa","Zahle","Makseh","مكسة","LB_Beka_Zahl_Makseh","51217","4.45671988","33.79943002","35.8429013","","22700",""
"Bekaa","Zahle","Massa","مسا","LB_Beka_Zahl_Massa","51371","7.02604031","33.84419719","36.06681689","","22700",""
"Bekaa","Zahle","Mazraat Er-Remtaniyeh","الرمطانية","LB_Beka_Zahl_Mazraat_Er_R","51185","9.23336017","33.83624527","35.81743781","","22700",""
"Bekaa","Zahle","Mrayjat Zahleh","مريجات","LB_Beka_Zahl_Mrayjat_Zahl","51241","4.71554307","33.81099602","35.79845813","","22700",""
"Bekaa","Zahle","Mzaraat Zahleh","مزرعة زحلة","LB_Beka_Zahl_Mzaraat_Zahl","51271","0.8947808","33.76743881","35.80612111","","22700",""
"Bekaa","Zahle","Nabi Ayla","نبي ايلا","LB_Beka_Zahl_Nabi_Ayla","51151","4.15202938","33.86944666","35.98729351","","22700",""
"Bekaa","Zahle","Nasriyet Rizk","ناصرية رزق","LB_Beka_Zahl_Nasriyet_Riz","51354","7.24050683","33.85730008","36.07752026","","22700",""
"Bekaa","Zahle","Nasriyet Zahleh","ناصرية زحلة","LB_Beka_Zahl_Nasriyet_Zah","51287","1.7129686","33.75317501","35.85008336","","22700",""
"Bekaa","Zahle","Niha Zahleh","نيحا زحلة","LB_Beka_Zahl_Niha_Zahleh","51177","9.70537464","33.8953696","35.9642923","","22700",""
"Bekaa","Zahle","Ouadi Ed-Delm","وادي الدلم","LB_Beka_Zahl_Ouadi_Ed_Del","51257","6.42483622","33.80105405","35.78566356","","22700",""
"Bekaa","Zahle","Ouadi El-Aarayech","وادي العرايش","LB_Beka_Zahl_Ouadi_El_Aar","51189","6.55088948","33.87279258","35.90879997","","22700",""
"Bekaa","Zahle","Qaa Er-Rim","قاع الريم","LB_Beka_Zahl_Qaa_Er_Rim","51173","29.96099961","33.901626","35.89826886","","22700",""
"Bekaa","Zahle","Qabb Elias","قب الياس","LB_Beka_Zahl_Qabb_Elias","51234","13.0343016","33.77783607","35.83762321","","22700",""
"Bekaa","Zahle","Qoussaya","قوسايا","LB_Beka_Zahl_Qoussaya","51353","18.07654322","33.80082853","36.03467765","","22700",""
"Bekaa","Zahle","Raait","رعيت","LB_Beka_Zahl_Raait","51359","5.30679298","33.83889626","36.04099099","","22700",""
"Bekaa","Zahle","Riyaq","رياق","LB_Beka_Zahl_Riyaq","51311","3.32030806","33.85240828","36.01890248","","22700",""
"Bekaa","Zahle","Saadnayel","سعدنايل","LB_Beka_Zahl_Saadnayel","51231","5.46756984","33.81698434","35.88540492","","22700",""
"Bekaa","Zahle","Taalbaya","تعلبايا","LB_Beka_Zahl_Taalbaya","51221","5.03884748","33.81090657","35.872026","","22700",""
"Bekaa","Zahle","Taanayel","تعنايل","LB_Beka_Zahl_Taanayel","51227","5.98852912","33.78874337","35.8784204","","22700",""
"Bekaa","Zahle","Tcheflik Eddé Haouch","تشفلك اده حوش","LB_Beka_Zahl_Tcheflik_Edd","51274","2.8100782","33.75592324","35.80496779","","22700",""
"Bekaa","Zahle","Tcheflik Qiqano","تشفلك قيقانو","LB_Beka_Zahl_Tcheflik_Qiq","51261","1.98085556","33.75589252","35.82880911","","22700",""
"Bekaa","Zahle","Tell El-Akhdar","تل الاخضر","LB_Beka_Zahl_Tell_El_Akhd","51277","6.69761724","33.7320219","35.82435786","","22700",""
"Bekaa","Zahle","Terbol Zahleh","تربل","LB_Beka_Zahl_Terbol_Zahle","51365","16.71257386","33.81178636","35.99246387","","22700",""
"Bekaa","Zahle","Touaite Zahleh","تويتي","LB_Beka_Zahl_Touaite_Zahl","51145","16.33913215","33.85650902","35.8389924","","22700",""
"Bekaa","Zahle","Zahlé Haouch El-Oumara Aradi","زحلة حوش الامراء أراضي","LB_Beka_Zahl_Zahl__Haouch","51127","14.48215133","33.8041323","35.92046163","","22700",""
"Bekaa","Zahle","Zahlé Mar Antonios","زحلة مار أنطونيوس","LB_Beka_Zahl_Zahl__Mar_An","51123","0.03272483","33.84780593","35.89863931","","22700",""
"Bekaa","Zahle","Zahlé Mar Elias","مار الياس زحلة","LB_Beka_Zahl_Zahl__Mar_El","51135","0.18425729","33.84466321","35.89852975","","22700",""
"Bekaa","Zahle","Zahlé Mar Gerges","زحلة مار جرجس","LB_Beka_Zahl_Zahl__Mar_Ge","51115","0.19363499","33.84466602","35.90268484","","22700",""
"Bekaa","Zahle","Zahlé Saydet En-Najat","زحلة سيدة النجاة","LB_Beka_Zahl_Zahl__Saydet","51129","0.15611457","33.84584219","35.894299","","22700",""
"Bekaa","Zahle","Zahleh Aradi","زحلة أراضي","LB_Beka_Zahl_Zahleh_Aradi","51133","15.31879847","33.84529825","35.87485309","","22700",""
"Bekaa","Zahle","Zahleh El-Berbara","بربارة زحلة","LB_Beka_Zahl_Zahleh_El_Be","51119","0.21406719","33.85159304","35.89812315","","22700",""
"Bekaa","Zahle","Zahleh El-Maallaqa","زحلة معلقة أراضي","LB_Beka_Zahl_Zahleh_El_Ma","51121","0.61667795","33.8436432","35.91585702","","22700",""
"Bekaa","Zahle","Zahleh El-Midane","زحلة","LB_Beka_Zahl_Zahleh_El_Mi","51111","0.30226452","33.84729271","35.90417548","","22700",""
"Bekaa","Zahle","Zahleh Er-Rassiyeh","الراسية","LB_Beka_Zahl_Zahleh_Er_Ra","51117","0.10770562","33.84963838","35.89699694","","22700",""
"Bekaa","Zahle","Zahleh Haouch El-Oumara","تل شيحا","LB_Beka_Zahl_Zahleh_Haouc","51131","1.43214891","33.83270896","35.91304364","","22700",""
"Bekaa","Zahle","Zahleh Haouch Ez-Zaraane","حوش الزراعنة","LB_Beka_Zahl_Zahleh_Haouc","51113","0.24820363","33.84380931","35.91021092","","22700",""
"Bekaa","Zahle","Zahleh Maallaqa Aradi","مدينة الصناعية","LB_Beka_Zahl_Zahleh_Maall","51125","19.84289192","33.82860168","35.94092316","","22700",""
"Bekaa","Zahle","Zebdoul","زبدل","LB_Beka_Zahl_Zebdoul","51214","0.93141304","33.81247112","35.84024667","","22700",""
"El Nabatieh","Bent Jbeil","Aain Ibl","عين ابل","LB_El_N_Bent_Aain_Ibl","72143","11.54649397","33.10865028","35.40363784","","22700",""
"El Nabatieh","Bent Jbeil","Aaintaroun","عيترون","LB_El_N_Bent_Aaintaroun","72151","13.60663241","33.11185467","35.48264287","","22700",""
"El Nabatieh","Bent Jbeil","Aaita Ej-Jabal","عيتا الجبل الزط","LB_El_N_Bent_Aaita_Ej_Jab","72224","4.98278492","33.17439514","35.41005945","","22700",""
"El Nabatieh","Bent Jbeil","Aaynata Bent Jbayl","عيناتا بنت جبيل","LB_El_N_Bent_Aaynata_Bent","72119","4.3680386","33.13014077","35.45000046","","22700",""
"El Nabatieh","Bent Jbeil","Aayta Ech-Chaab","عيتا الشعب","LB_El_N_Bent_Aayta_Ech_Ch","72183","10.95972257","33.09393019","35.34153305","","22700",""
"El Nabatieh","Bent Jbeil","Baraachit","برعشيت","LB_El_N_Bent_Baraachit","72227","6.30253304","33.17869668","35.43873928","","22700",""
"El Nabatieh","Bent Jbeil","Beit Lif","بيت ليف","LB_El_N_Bent_Beit_Lif","72287","4.59537947","33.13287294","35.33559062","","22700",""
"El Nabatieh","Bent Jbeil","Beit Yahoun","بيت ياحون","LB_El_N_Bent_Beit_Yahoun","72237","4.85123539","33.15799611","35.42255213","","22700",""
"El Nabatieh","Bent Jbeil","Bent Jbayl","بنت جبيل","LB_El_N_Bent_Bent_Jbayl","72111","8.00981413","33.12075755","35.43842422","","22700",""
"El Nabatieh","Bent Jbeil","Borj qalaouiyeh","برج قلويه","LB_El_N_Bent_Borj_qalaoui","72264","1.54150486","33.25967974","35.42365055","","22700",""
"El Nabatieh","Bent Jbeil","Chaqra","شقرا","LB_El_N_Bent_Chaqra","72229","16.87559662","33.17633311","35.46863358","","22700",""
"El Nabatieh","Bent Jbeil","Debl","دبل امية","LB_El_N_Bent_Debl","72281","8.47392039","33.12217404","35.37745357","","22700",""
"El Nabatieh","Bent Jbeil","Deir Ntar","دير نطار","LB_El_N_Bent_Deir_Ntar","72244","4.55510937","33.21785244","35.37728332","","22700",""
"El Nabatieh","Bent Jbeil","Froun","فرون","LB_El_N_Bent_Froun","72276","5.2757351","33.29735878","35.42946787","","22700",""
"El Nabatieh","Bent Jbeil","Ghandouriyet Bent Jbayl","غندورية بنت جبيل","LB_El_N_Bent_Ghandouriyet","72274","5.05346774","33.27745318","35.43709405","","22700",""
"El Nabatieh","Bent Jbeil","Haddatha","حداثا","LB_El_N_Bent_Haddatha","72231","6.42430532","33.15629094","35.39220151","","22700",""
"El Nabatieh","Bent Jbeil","Hanine","حنين","LB_El_N_Bent_Hanine","72284","6.17187786","33.10344673","35.37469897","","22700",""
"El Nabatieh","Bent Jbeil","Haris","حاريص","LB_El_N_Bent_Haris","72241","8.0035823","33.1773403","35.3810485","","22700",""
"El Nabatieh","Bent Jbeil","Jmaijmeh","جميجمة","LB_El_N_Bent_Jmaijmeh","72221","5.1387547","33.20873859","35.43813286","","22700",""
"El Nabatieh","Bent Jbeil","Kafra Bant Jbayl","كفرا بنت جبيل","LB_El_N_Bent_Kafra_Bant_J","72257","10.67830492","33.18018617","35.35453449","","22700",""
"El Nabatieh","Bent Jbeil","Kfar Dounine","كفر دونين","LB_El_N_Bent_Kfar_Dounine","72247","7.62083809","33.23194532","35.39938334","","22700",""
"El Nabatieh","Bent Jbeil","Khirbet Selm","خربة سلم","LB_El_N_Bent_Khirbet_Selm","72234","3.78942386","33.23234175","35.41988782","","22700",""
"El Nabatieh","Bent Jbeil","Kounine","كونين","LB_El_N_Bent_Kounine","72251","12.92183232","33.14941212","35.44990373","","22700",""
"El Nabatieh","Bent Jbeil","Maroun Er-Ras","مارون الراس","LB_El_N_Bent_Maroun_Er_Ra","72127","7.52749255","33.10438126","35.44976692","","22700",""
"El Nabatieh","Bent Jbeil","Qalaouiyeh","قلويه","LB_El_N_Bent_Qalaouiyeh","72261","1.75742732","33.25093058","35.42036647","","22700",""
"El Nabatieh","Bent Jbeil","Qaouzah","قوزح","LB_El_N_Bent_Qaouzah","72291","5.40672925","33.12110777","35.34475244","","22700",""
"El Nabatieh","Bent Jbeil","Qatmoun","قطموم","LB_El_N_Bent_Qatmoun","72175","1.73798205","33.06194944","35.3658193","","22700",""
"El Nabatieh","Bent Jbeil","Rachaf","رشاف","LB_El_N_Bent_Rachaf","72271","3.48807421","33.14392119","35.36185633","","22700",""
"El Nabatieh","Bent Jbeil","Ramyet Bent Jbayl","رامية بنت جبيل","LB_El_N_Bent_Ramyet_Bent_","72191","6.11767593","33.11332148","35.31545022","","22700",""
"El Nabatieh","Bent Jbeil","Rmaich","رميش","LB_El_N_Bent_Rmaich","72167","14.90430151","33.0746782","35.36978916","","22700",""
"El Nabatieh","Bent Jbeil","Safad Al-Battikh","صفد البطيخ","LB_El_N_Bent_Safad_Al_Bat","72217","1.6899567","33.19613125","35.43336388","","22700",""
"El Nabatieh","Bent Jbeil","Salhani","الصلحاني","LB_El_N_Bent_Salhani","72135","1.81539508","33.13184565","35.30736827","","22700",""
"El Nabatieh","Bent Jbeil","Soultaniyet Bent Jbayl","سلطانية","LB_El_N_Bent_Soultaniyet_","72214","8.98485095","33.20570841","35.40290408","","22700",""
"El Nabatieh","Bent Jbeil","Srobbine","صربين","LB_El_N_Bent_Srobbine","72267","3.94769535","33.15369488","35.36093463","","22700",""
"El Nabatieh","Bent Jbeil","Tibnine","تبنين","LB_El_N_Bent_Tibnine","72211","7.90177483","33.19157728","35.40607103","","22700",""
"El Nabatieh","Bent Jbeil","Tiri","طيري","LB_El_N_Bent_Tiri","72254","7.61770562","33.14360029","35.40145474","","22700",""
"El Nabatieh","Bent Jbeil","Yaroun","يارون","LB_El_N_Bent_Yaroun","72159","15.38869809","33.08387446","35.41679984","","22700",""
"El Nabatieh","Bent Jbeil","Yater","ياطر","LB_El_N_Bent_Yater","72277","10.02692633","33.1476715","35.32461494","","22700",""
"El Nabatieh","El Nabatieh","Aabba","عبا","LB_El_N_El_N_Aabba","71351","7.41076196","33.35713193","35.39248319","","22700",""
"El Nabatieh","El Nabatieh","Aadchit Ech-Chqif","عدشيت الشقيف","LB_El_N_El_N_Aadchit_Ech_","71347","4.05274495","33.34635453","35.41642555","","22700",""
"El Nabatieh","El Nabatieh","Aain Bou Souar","مزرعة عين بوسوار","LB_El_N_El_N_Aain_Bou_Sou","71216","0.99726716","33.46951738","35.51936541","","22700",""
"El Nabatieh","El Nabatieh","Aain Qana","عين قانا","LB_El_N_El_N_Aain_Qana","71226","5.46291768","33.4676975","35.50040717","","22700",""
"El Nabatieh","El Nabatieh","Aali Et-Taher","علي الطاهر","LB_El_N_El_N_Aali_Et_Tahe","71115","1.44240967","33.36516945","35.5176766","","22700",""
"El Nabatieh","El Nabatieh","Aarab Salim","عرب صاليم","LB_El_N_El_N_Aarab_Salim","71256","6.27398566","33.42360507","35.50380053","","22700",""
"El Nabatieh","El Nabatieh","Aazzi","عزه","LB_El_N_El_N_Aazzi","71271","4.47889622","33.4520654","35.43521307","","22700",""
"El Nabatieh","El Nabatieh","Ansar","إنصار","LB_El_N_El_N_Ansar","71361","16.15185007","33.37895061","35.33968759","","22700",""
"El Nabatieh","El Nabatieh","Arnoun","أرنون","LB_El_N_El_N_Arnoun","71377","5.8678974","33.33380892","35.52708841","","22700",""
"El Nabatieh","El Nabatieh","Bfaroueh","كفروة أو بفروة","LB_El_N_El_N_Bfaroueh","71276","4.53574533","33.44174726","35.42380713","","22700",""
"El Nabatieh","El Nabatieh","Braiqeaa","بريقع","LB_El_N_El_N_Braiqeaa","71387","5.54292843","33.34082474","35.37751111","","22700",""
"El Nabatieh","El Nabatieh","Charqiyeh","شرقية","LB_El_N_El_N_Charqiyeh","71321","5.314289","33.40823079","35.42508874","","22700",""
"El Nabatieh","El Nabatieh","Choukine","شوكين","LB_El_N_El_N_Choukine","71144","2.51515949","33.35100815","35.45819986","","22700",""
"El Nabatieh","El Nabatieh","Deir Ez-Zahrani","دير الزهراني","LB_El_N_El_N_Deir_Ez_Zahr","71311","12.08698073","33.42813976","35.44780283","","22700",""
"El Nabatieh","El Nabatieh","Douair En-Nabatiyeh","الدوير النبطية","LB_El_N_El_N_Douair_En_Na","71334","9.42968206","33.38299728","35.41426841","","22700",""
"El Nabatieh","El Nabatieh","Habbouch En-Nabatiyeh","حبوش","LB_El_N_El_N_Habbouch_En_","71155","8.60481867","33.4068379","35.48646515","","22700",""
"El Nabatieh","El Nabatieh","Hamra En-Nabattiyeh","الحمرا النبطية","LB_El_N_El_N_Hamra_En_Nab","71371","3.97432328","33.32563706","35.49380944","","22700",""
"El Nabatieh","El Nabatieh","Harouf En-Nabatiyeh","حروف","LB_El_N_El_N_Harouf_En_Na","71331","6.6205436","33.36914739","35.44464353","","22700",""
"El Nabatieh","El Nabatieh","Hmaileh","حميلة","LB_El_N_El_N_Hmaileh","71251","2.88256816","33.44617043","35.4673848","","22700",""
"El Nabatieh","El Nabatieh","Houmine El-Faouqa","حومين الفوقا","LB_El_N_El_N_Houmine_El_F","71246","7.72988177","33.44123037","35.49038912","","22700",""
"El Nabatieh","El Nabatieh","Houmine Et-Tahta","حومين التحتا","LB_El_N_El_N_Houmine_Et_T","71266","4.65774689","33.47874468","35.43601072","","22700",""
"El Nabatieh","El Nabatieh","Jarjouaa","جرجوع","LB_El_N_El_N_Jarjouaa","71231","5.93141412","33.44907692","35.52520147","","22700",""
"El Nabatieh","El Nabatieh","Jbaa En-Nabatiyeh","جباع النبطية","LB_El_N_El_N_Jbaa_En_Naba","71211","11.55949346","33.48879983","35.52275496","","22700",""
"El Nabatieh","El Nabatieh","Jibchit","جبشيت","LB_El_N_El_N_Jibchit","71337","6.57884883","33.36138589","35.42805324","","22700",""
"El Nabatieh","El Nabatieh","Kfar Djal En-Nabatiyeh","كفردجال","LB_El_N_El_N_Kfar_Djal_En","71354","1.77363453","33.34347175","35.43986854","","22700",""
"El Nabatieh","El Nabatieh","Kfar Roummane","كفر رمان","LB_El_N_El_N_Kfar_Roumman","71133","14.08967926","33.39841848","35.51796377","","22700",""
"El Nabatieh","El Nabatieh","Kfar Sir","كفرصير","LB_El_N_El_N_Kfar_Sir","71391","9.30439062","33.31613862","35.39678815","","22700",""
"El Nabatieh","El Nabatieh","Kfar Tibnit","كفر تبنيت","LB_El_N_El_N_Kfar_Tibnit","71166","7.73033073","33.35094617","35.51920784","","22700",""
"El Nabatieh","El Nabatieh","Kfarfila","كفرفيلا","LB_El_N_El_N_Kfarfila","71221","4.64032721","33.48113","35.49763654","","22700",""
"El Nabatieh","El Nabatieh","Kfour En-Nabatieh","الكفور النبطية","LB_El_N_El_N_Kfour_En_Nab","71177","6.84621804","33.40426179","35.45161563","","22700",""
"El Nabatieh","El Nabatieh","Mayfadoun","ميفدون","LB_El_N_El_N_Mayfadoun","71344","6.34147049","33.34467741","35.47487465","","22700",""
"El Nabatieh","El Nabatieh","Mazraat Bsaffour","مزرعة بصفُور","LB_El_N_El_N_Mazraat_Bsaf","71386","2.47944235","33.391866","35.38100244","","22700",""
"El Nabatieh","El Nabatieh","Mazraat Chalbaal","مزرعة شلبعل","LB_El_N_El_N_Mazraat_Chal","71341","2.86718197","33.38565593","35.39112498","","22700",""
"El Nabatieh","El Nabatieh","Mazraat Dmoul","مزرعة دمول","LB_El_N_El_N_Mazraat_Dmou","71357","2.88792969","33.37005319","35.3798966","","22700",""
"El Nabatieh","El Nabatieh","Mazraat El-Bayad En-Nabatieh","مزرعة البياض","LB_El_N_El_N_Mazraat_El_B","71314","2.28649935","33.4275361","35.48088171","","22700",""
"El Nabatieh","El Nabatieh","Mazraat Kfarjaouz","مزرعة كفر جوز","LB_El_N_El_N_Mazraat_Kfar","71117","1.52438932","33.39477931","35.47470916","","22700",""
"El Nabatieh","El Nabatieh","Mazraat Qalaat El-Meis","مزرعة قلعة ميس","LB_El_N_El_N_Mazraat_Qala","71384","2.44298345","33.35787073","35.35959685","","22700",""
"El Nabatieh","El Nabatieh","Mzaraat El-Khreibeh","مزرعة الخريبة","LB_El_N_El_N_Mzaraat_El_K","71241","1.39976896","33.47231032","35.45958684","","22700",""
"El Nabatieh","El Nabatieh","Nabatieh Et-Tahta","نبطية التحتا","LB_El_N_El_N_Nabatieh_Et_","71111","6.96646226","33.37893488","35.4832614","","22700",""
"El Nabatieh","El Nabatieh","Nabatiyeh El-Faouka","نبطية الفوقا","LB_El_N_El_N_Nabatiyeh_El","71113","8.68809809","33.35485982","35.49267998","","22700",""
"El Nabatieh","El Nabatieh","Nmairiyeh","نميرية","LB_El_N_El_N_Nmairiyeh","71327","6.92714802","33.41831725","35.40908154","","22700",""
"El Nabatieh","El Nabatieh","Qaaqaaiyet Ej-Jisr","قعقعية الجسر","LB_El_N_El_N_Qaaqaaiyet_E","71381","8.24486975","33.32554985","35.42636543","","22700",""
"El Nabatieh","El Nabatieh","Qsaibet En-Nabatiyeh","قصيبة النبطية","LB_El_N_El_N_Qsaibet_En_N","71374","4.75887919","33.33496211","35.4033509","","22700",""
"El Nabatieh","El Nabatieh","Roumine","رومين","LB_El_N_El_N_Roumine","71261","5.44005498","33.45951339","35.4529906","","22700",""
"El Nabatieh","El Nabatieh","Sarba En-Nabatieh","صربا النبطية","LB_El_N_El_N_Sarba_En_Nab","71236","6.40544238","33.47066113","35.47563015","","22700",""
"El Nabatieh","El Nabatieh","Sir El-Gharbiyeh","صير الغربية","LB_El_N_El_N_Sir_El_Gharb","71397","6.23635888","33.32227119","35.36011536","","22700",""
"El Nabatieh","El Nabatieh","Toul","تول","LB_El_N_El_N_Toul","71324","3.05569363","33.39102058","35.44985458","","22700",""
"El Nabatieh","El Nabatieh","Yohmor En-Nabatiyeh","يحمر","LB_El_N_El_N_Yohmor_En_Na","71394","11.66084374","33.31443876","35.51333432","","22700",""
"El Nabatieh","El Nabatieh","Zaoutar Ech-Charqiyeh","زوطر الشرقية","LB_El_N_El_N_Zaoutar_Ech_","71367","4.18775522","33.32021833","35.47518275","","22700",""
"El Nabatieh","El Nabatieh","Zaoutar El-Gharbiyeh","زوطر الغربية","LB_El_N_El_N_Zaoutar_El_G","71364","5.84065135","33.32444272","35.45348927","","22700",""
"El Nabatieh","El Nabatieh","Zefta","زفتا","LB_El_N_El_N_Zefta","71281","4.61800525","33.44368638","35.40064722","","22700",""
"El Nabatieh","El Nabatieh","Zibdine En-Nabatiyeh","زبدين النبطية","LB_El_N_El_N_Zibdine_En_N","71122","4.24128334","33.3728811","35.46248964","","22700",""
"El Nabatieh","Hasbaya","Aain Jarfa","عين جرفا","LB_El_N_Hasb_Aain_Jarfa","74114","3.2260962","33.38202016","35.68403958","","22700",""
"El Nabatieh","Hasbaya","Aain Qinia","عين قنيا","LB_El_N_Hasb_Aain_Qinia","74126","3.71594354","33.39785601","35.70263292","","22700",""
"El Nabatieh","Hasbaya","Abou Qamha","أبو قمحة","LB_El_N_Hasb_Abou_Qamha","74112","2.12677268","33.38174567","35.6573549","","22700",""
"El Nabatieh","Hasbaya","Bourghos","برغز","LB_El_N_Hasb_Bourghos","74155","5.46721111","33.40960483","35.62493215","","22700",""
"El Nabatieh","Hasbaya","Chebaa","شبعا","LB_El_N_Hasb_Chebaa","74130","29.1643557","33.35408123","35.7488426","","22700",""
"El Nabatieh","Hasbaya","Chouaya Hasbaiya","شويّا","LB_El_N_Hasb_Chouaya_Hasb","74124","9.05364914","33.38762775","35.73653516","","22700",""
"El Nabatieh","Hasbaya","Dellafeh","دلافة","LB_El_N_Hasb_Dellafeh","74179","3.79918088","33.42535907","35.64380286","","22700",""
"El Nabatieh","Hasbaya","Fardis Hasbaiya","الفرديس","LB_El_N_Hasb_Fardis_Hasba","74116","4.51331306","33.36740924","35.65647695","","22700",""
"El Nabatieh","Hasbaya","Hasbaiya","حاصبيّا","LB_El_N_Hasb_Hasbaiya","74111","21.87910585","33.41981512","35.67206856","","22700",""
"El Nabatieh","Hasbaya","Hebbariyeh","هبّارية","LB_El_N_Hasb_Hebbariyeh","74122","16.894331","33.36088606","35.69955282","","22700",""
"El Nabatieh","Hasbaya","Kaoukaba Hasbaiya","كوكبا حاصبيّا","LB_El_N_Hasb_Kaoukaba_Has","74133","10.48996917","33.39252712","35.63399173","","22700",""
"El Nabatieh","Hasbaya","Kfar Chouba","كفر شوبا","LB_El_N_Hasb_Kfar_Chouba","74160","23.27944061","33.32106953","35.68472076","","22700",""
"El Nabatieh","Hasbaya","Kfar Hamam","كفرحمام","LB_El_N_Hasb_Kfar_Hamam","74120","5.32947613","33.34106439","35.67094792","","22700",""
"El Nabatieh","Hasbaya","Kfayr Ez-Zait","كفير الزيت","LB_El_N_Hasb_Kfayr_Ez_Zai","74175","18.87611702","33.44034832","35.73445038","","22700",""
"El Nabatieh","Hasbaya","Khalouet Hasbaiya","خلوات حاصبيّا","LB_El_N_Hasb_Khalouet_Has","74168","17.01316524","33.40426938","35.75242407","","22700",""
"El Nabatieh","Hasbaya","Khreibet Hasbaiya","خريبة حاصبيّا","LB_El_N_Hasb_Khreibet_Has","74181","2.59259073","33.33294027","35.64404543","","22700",""
"El Nabatieh","Hasbaya","Majidiyeh Hasbaiya","مجيدية حاصبيا","LB_El_N_Hasb_Majidiyeh_Ha","74177","10.38638288","33.28987248","35.65625521","","22700",""
"El Nabatieh","Hasbaya","Marj Ez-Zouhour (Haouch El-Qinnaabeh)","مرج الزهور الدنيبة","LB_El_N_Hasb_Marj_Ez_Zouh","74131","6.49201475","33.46562098","35.74074682","","22700",""
"El Nabatieh","Hasbaya","Meimes","ميمس","LB_El_N_Hasb_Meimes","74128","15.33970113","33.43526451","35.69814419","","22700",""
"El Nabatieh","Hasbaya","Meri","ماري","LB_El_N_Hasb_Meri","74158","4.91420194","33.31649867","35.64635066","","22700",""
"El Nabatieh","Hasbaya","Rachaiya El-Foukhar","راشيّا الفخار","LB_El_N_Hasb_Rachaiya_El_","74118","8.24934159","33.34953219","35.6516202","","22700",""
"El Nabatieh","Hasbaya","Salaiyeb","صلايب","LB_El_N_Hasb_Salaiyeb","74141","2.60872467","33.28388556","35.62934387","","22700",""
"El Nabatieh","Marjaayoun","Aadaysseh Marjaayoun","عديسة مرجعيون","LB_El_N_Marj_Aadaysseh_Ma","73211","5.22518672","33.24843608","35.53808597","","22700",""
"El Nabatieh","Marjaayoun","Aadchit El-Qoussair","عدشيت القصير","LB_El_N_Marj_Aadchit_El_Q","73256","15.2326276","33.26973381","35.48921737","","22700",""
"El Nabatieh","Marjaayoun","Aain Aarab Marjaayoun","عين عرب مرجعيون","LB_El_N_Marj_Aain_Aarab_M","73162","4.8188467","33.29878678","35.62279287","","22700",""
"El Nabatieh","Marjaayoun","Aalmane Marjaayoun","علمانة","LB_El_N_Marj_Aalmane_Marj","73293","6.86488475","33.30318602","35.46574991","","22700",""
"El Nabatieh","Marjaayoun","Aamra","عمرة","LB_El_N_Marj_Aamra","73191","12.73009501","33.26580686","35.60385959","","22700",""
"El Nabatieh","Marjaayoun","Bany haiyane","بني حيان","LB_El_N_Marj_Bany_haiyane","73226","2.88677453","33.24780761","35.48791513","","22700",""
"El Nabatieh","Marjaayoun","Blat Marjaayoun","بلاط مرجعيون","LB_El_N_Marj_Blat_Marjaay","73135","8.00713481","33.38414863","35.60516834","","22700",""
"El Nabatieh","Marjaayoun","Blida","بليدا","LB_El_N_Marj_Blida","73288","13.28866555","33.13683887","35.50411788","","22700",""
"El Nabatieh","Marjaayoun","Borj El-Moulouk","برج الملوك","LB_El_N_Marj_Borj_El_Moul","73146","6.16410757","33.31289812","35.56624765","","22700",""
"El Nabatieh","Marjaayoun","Boueyda Marjaayoun","بويضة مرجعيون","LB_El_N_Marj_Boueyda_Marj","73116","9.78186357","33.3647688","35.56624564","","22700",""
"El Nabatieh","Marjaayoun","Deir Mimas","دير ميماس","LB_El_N_Marj_Deir_Mimas","73167","4.37284275","33.30186442","35.5436247","","22700",""
"El Nabatieh","Marjaayoun","Deir Siriane","دير سريان","LB_El_N_Marj_Deir_Siriane","73230","5.87409102","33.29310161","35.49810578","","22700",""
"El Nabatieh","Marjaayoun","Dibbine","دبين","LB_El_N_Marj_Dibbine","73119","1.5649278","33.36875268","35.59987856","","22700",""
"El Nabatieh","Marjaayoun","Houla","حولا","LB_El_N_Marj_Houla","73234","14.69943929","33.20737879","35.5111617","","22700",""
"El Nabatieh","Marjaayoun","Houra","حوره","LB_El_N_Marj_Houra","73183","1.88058105","33.29696747","35.5577477","","22700",""
"El Nabatieh","Marjaayoun","Ibl Es-Saqi","إبل السقي","LB_El_N_Marj_Ibl_Es_Saqi","73127","7.98677117","33.35644133","35.62186278","","22700",""
"El Nabatieh","Marjaayoun","Kfar Kila","كفركيلا","LB_El_N_Marj_Kfar_Kila","73228","9.25972111","33.27418811","35.54834208","","22700",""
"El Nabatieh","Marjaayoun","Khiyam Marjaayoun","الخيام","LB_El_N_Marj_Khiyam_Marja","73159","22.16819606","33.31672913","35.61066056","","22700",""
"El Nabatieh","Marjaayoun","Majdel Selm","مجدل سلم","LB_El_N_Marj_Majdel_Selm","73279","12.04577437","33.22211227","35.46080514","","22700",""
"El Nabatieh","Marjaayoun","Marjaayoun","مرجعيون","LB_El_N_Marj_Marjaayoun","73111","7.87218052","33.35090655","35.59510141","","22700",""
"El Nabatieh","Marjaayoun","Markaba","مركبا","LB_El_N_Marj_Markaba","73245","8.08003063","33.23097551","35.51846334","","22700",""
"El Nabatieh","Marjaayoun","Mazraat Doumiat","مزرعة دمياط","LB_El_N_Marj_Mazraat_Doum","73143","1.35769677","33.34897735","35.54813031","","22700",""
"El Nabatieh","Marjaayoun","Mazraat Sarada","مزرعة سردة","LB_El_N_Marj_Mazraat_Sara","73175","3.50830357","33.2961222","35.60053561","","22700",""
"El Nabatieh","Marjaayoun","Meiss Ej-Jabal","ميس الجبل","LB_El_N_Marj_Meiss_Ej_Jab","73250","19.22317661","33.17658192","35.51113052","","22700",""
"El Nabatieh","Marjaayoun","Mhaibib","محيبيب","LB_El_N_Marj_Mhaibib","73248","4.75129072","33.15063421","35.49983517","","22700",""
"El Nabatieh","Marjaayoun","Qabrikha","قبريخا","LB_El_N_Marj_Qabrikha","73262","5.6074587","33.25147078","35.46781234","","22700",""
"El Nabatieh","Marjaayoun","Qantara","قنطرة","LB_El_N_Marj_Qantara","73276","5.24306949","33.2711742","35.4591219","","22700",""
"El Nabatieh","Marjaayoun","Qlaiaa","قليعة","LB_El_N_Marj_Qlaiaa","73151","11.84947546","33.33044066","35.56392523","","22700",""
"El Nabatieh","Marjaayoun","Rabb Et-Tlatine","رب التلاتين","LB_El_N_Marj_Rabb_Et_Tlat","73257","5.55703608","33.25396001","35.51535027","","22700",""
"El Nabatieh","Marjaayoun","Saouanet Marjayoun","صوانة مرجعيون","LB_El_N_Marj_Saouanet_Mar","73280","4.92791044","33.23256539","35.4438547","","22700",""
"El Nabatieh","Marjaayoun","Talloussa","طلوسة","LB_El_N_Marj_Talloussa","73244","4.54978509","33.22866838","35.48933461","","22700",""
"El Nabatieh","Marjaayoun","Taybet Matjaayoun","طيبة مرجعيون","LB_El_N_Marj_Taybet_Matja","73232","8.11595225","33.27890639","35.51709432","","22700",""
"El Nabatieh","Marjaayoun","Touline","تولين","LB_El_N_Marj_Touline","73282","5.797832","33.25380623","35.44064451","","22700",""
"Mount Lebanon","Aley","Aabey","عبيه","LB_Moun_Aley_Aabey","24375","4.25124225","33.73905788","35.52263964","","22700",""
"Mount Lebanon","Aley","Aain Aanoub","عين عنوب","LB_Moun_Aley_Aain_Aanoub","24259","4.07558983","33.79228607","35.53917193","","22700",""
"Mount Lebanon","Aley","Aain Dara","عين داره","LB_Moun_Aley_Aain_Dara","24477","25.85051266","33.7877411","35.76658909","","22700",""
"Mount Lebanon","Aley","Aain Drafil","عين درافيل","LB_Moun_Aley_Aain_Drafil","24219","2.74441861","33.75254598","35.49944234","","22700",""
"Mount Lebanon","Aley","Aain Ej-Jdideh Aaley","عين الجديدة","LB_Moun_Aley_Aain_Ej_Jdid","24325","1.33339445","33.80697717","35.63077944","","22700",""
"Mount Lebanon","Aley","Aain El Halazoun","عين الحلزون","LB_Moun_Aley_Aain_El_Hala","24431","0.50632484","33.77112231","35.64958794","","22700",""
"Mount Lebanon","Aley","Aain Er-Roummaneh Aaley","عين الرمانة","LB_Moun_Aley_Aain_Er_Roum","24317","0.42526664","33.80369895","35.58752938","","22700",""
"Mount Lebanon","Aley","Aain Ksour","عين كسور","LB_Moun_Aley_Aain_Ksour","24371","1.94023943","33.74692014","35.53386986","","22700",""
"Mount Lebanon","Aley","Aain Traz","عين تراز","LB_Moun_Aley_Aain_Traz","24361","2.7355612","33.7348058","35.58194455","","22700",""
"Mount Lebanon","Aley","Aaley","عاليه","LB_Moun_Aley_Aaley","24311","8.53194763","33.80805703","35.60745751","","22700",""
"Mount Lebanon","Aley","Aaley Bsatine","البساتين","LB_Moun_Aley_Aaley_Bsatin","24365","1.4979053","33.75381996","35.52518532","","22700",""
"Mount Lebanon","Aley","Aaramoun Aaley","عرمون","LB_Moun_Aley_Aaramoun_Aal","24211","11.66790784","33.76555083","35.50313681","","22700",""
"Mount Lebanon","Aley","Aaynab","عيناب","LB_Moun_Aley_Aaynab","24351","3.34713529","33.76458376","35.54529637","","22700",""
"Mount Lebanon","Aley","Aaytat","عيتات","LB_Moun_Aley_Aaytat","24329","2.39878023","33.79443743","35.55699912","","22700",""
"Mount Lebanon","Aley","Aazouniyeh","العزونيه","LB_Moun_Aley_Aazouniyeh","24454","1.58192197","33.78198147","35.71026827","","22700",""
"Mount Lebanon","Aley","Baaouerta","بعورته","LB_Moun_Aley_Baaouerta","24235","6.42853436","33.74089012","35.47619121","","22700",""
"Mount Lebanon","Aley","Bayssour Aaley","بيصور","LB_Moun_Aley_Bayssour_Aal","24343","6.28858676","33.76766108","35.56626045","","22700",""
"Mount Lebanon","Aley","Bchamoun","بشامون","LB_Moun_Aley_Bchamoun","24243","6.2478001","33.78612643","35.51228562","","22700",""
"Mount Lebanon","Aley","Bdadoun","بدادون","LB_Moun_Aley_Bdadoun","24283","1.43377891","33.80828255","35.56957054","","22700",""
"Mount Lebanon","Aley","Bedghan Oua Ouadi Bedghan","بدغان","LB_Moun_Aley_Bedghan_Oua_","24434","2.81228137","33.76459155","35.64787447","","22700",""
"Mount Lebanon","Aley","Behouara","بحوارا","LB_Moun_Aley_Behouara","24327","1.09709456","33.78908584","35.60105381","","22700",""
"Mount Lebanon","Aley","Bhamdoun Ed-Dayaa","بحمدون الضيعة","LB_Moun_Aley_Bhamdoun_Ed_","24414","5.06735638","33.79656026","35.65239463","","22700",""
"Mount Lebanon","Aley","Bhamdoun El-Mhatta","بحمدون المحطة","LB_Moun_Aley_Bhamdoun_El_","24411","1.89522154","33.80619522","35.66097082","","22700",""
"Mount Lebanon","Aley","Binnay","البينه","LB_Moun_Aley_Binnay","24369","2.99910008","33.73370244","35.55038433","","22700",""
"Mount Lebanon","Aley","Bkhichtay","بخشتيه","LB_Moun_Aley_Bkhichtay","24321","0.9356209","33.79937094","35.62007204","","22700",""
"Mount Lebanon","Aley","Blaybel","بليبل","LB_Moun_Aley_Blaybel","24267","1.10376154","33.8090133","35.55104576","","22700",""
"Mount Lebanon","Aley","Bmahray","بمهريه","LB_Moun_Aley_Bmahray","24484","23.59197027","33.75499863","35.74950676","","22700",""
"Mount Lebanon","Aley","Bmakine","بمكين","LB_Moun_Aley_Bmakine","24319","1.10615543","33.79962262","35.56981488","","22700",""
"Mount Lebanon","Aley","Bou Zrideh","بو زريده","LB_Moun_Aley_Bou_Zrideh","24355","0.49305243","33.74375665","35.57711117","","22700",""
"Mount Lebanon","Aley","Bserrine","بسرين","LB_Moun_Aley_Bserrine","24464","0.58777546","33.75696108","35.6384834","","22700",""
"Mount Lebanon","Aley","Bsous","بسوس","LB_Moun_Aley_Bsous","24291","2.45610915","33.81441985","35.57982939","","22700",""
"Mount Lebanon","Aley","Btalloun","بطلون","LB_Moun_Aley_Btalloun","24421","2.32088476","33.79084019","35.63285174","","22700",""
"Mount Lebanon","Aley","Btater","بتاتر","LB_Moun_Aley_Btater","24447","9.89469549","33.76664183","35.62204171","","22700",""
"Mount Lebanon","Aley","Chanay","شانيه","LB_Moun_Aley_Chanay","24417","2.39691267","33.78752069","35.66157041","","22700",""
"Mount Lebanon","Aley","Charoun","شارون","LB_Moun_Aley_Charoun","24444","9.47553963","33.77687768","35.69372079","","22700",""
"Mount Lebanon","Aley","Chartoun","شرتون","LB_Moun_Aley_Chartoun","24353","2.87352353","33.75546732","35.58878195","","22700",""
"Mount Lebanon","Aley","Chimlane","شملان","LB_Moun_Aley_Chimlane","24339","1.45922305","33.7798404","35.54770415","","22700",""
"Mount Lebanon","Aley","Choueifat El-Aamrousiyeh","عمروسية الشويفات","LB_Moun_Aley_Choueifat_El","24111","5.24540817","33.81467982","35.51501139","","22700",""
"Mount Lebanon","Aley","Choueifat El-Oumara","الشويفات الامراء","LB_Moun_Aley_Choueifat_El","24155","4.33391643","33.8118671","35.49857906","","22700",""
"Mount Lebanon","Aley","Choueifat El-Quoubbeh","قبة الشويفات","LB_Moun_Aley_Choueifat_El","24133","9.19974089","33.78640841","35.48396473","","22700",""
"Mount Lebanon","Aley","Daqqoun","دقون","LB_Moun_Aley_Daqqoun","24251","3.388136","33.72663323","35.50411087","","22700",""
"Mount Lebanon","Aley","Deir Qoubel","دير قوبل","LB_Moun_Aley_Deir_Qoubel","24177","2.66958258","33.79482667","35.51342899","","22700",""
"Mount Lebanon","Aley","Dfoun","دفون","LB_Moun_Aley_Dfoun","24357","1.12806868","33.75042143","35.55372534","","22700",""
"Mount Lebanon","Aley","Douair Er-Remmaneh","دوير الرمان","LB_Moun_Aley_Douair_Er_Re","24345","0.66379422","33.75470025","35.58081646","","22700",""
"Mount Lebanon","Aley","Ghaboune","الغابون","LB_Moun_Aley_Ghaboune","24323","2.12152542","33.78192962","35.59435804","","22700",""
"Mount Lebanon","Aley","Habramoun","حبرمون","LB_Moun_Aley_Habramoun","24461","0.39489456","33.75730794","35.64610421","","22700",""
"Mount Lebanon","Aley","Homs Oua Hama","حمص وحمى","LB_Moun_Aley_Homs_Oua_Ham","24437","0.04175013","33.76857854","35.65211512","","22700",""
"Mount Lebanon","Aley","Houmal","حومال","LB_Moun_Aley_Houmal","24275","0.78513382","33.809901","35.55976205","","22700",""
"Mount Lebanon","Aley","Ighmid","اغميد","LB_Moun_Aley_Ighmid","24451","3.02186991","33.75941199","35.69540755","","22700",""
"Mount Lebanon","Aley","Jisr El Qadi","جسر القاضي","LB_Moun_Aley_Jisr_El_Qadi","24373","0.34218848","33.72706898","35.56305253","","22700",""
"Mount Lebanon","Aley","Kahhaleh","الكحاله","LB_Moun_Aley_Kahhaleh","24313","1.93870304","33.82052501","35.58807438","","22700",""
"Mount Lebanon","Aley","Keyfoun","كيفون","LB_Moun_Aley_Keyfoun","24337","1.7343481","33.77945446","35.56079558","","22700",""
"Mount Lebanon","Aley","Kfar Aamay","كفرعميه","LB_Moun_Aley_Kfar_Aamay","24341","1.78927605","33.76980851","35.59401333","","22700",""
"Mount Lebanon","Aley","Kfar Matta","كفرمتى","LB_Moun_Aley_Kfar_Matta","24377","13.40633053","33.71668794","35.5121053","","22700",""
"Mount Lebanon","Aley","Maasrati","معصريتي","LB_Moun_Aley_Maasrati","24471","0.85993437","33.7489579","35.63305712","","22700",""
"Mount Lebanon","Aley","Majdel Baana","مجدل بعنا","LB_Moun_Aley_Majdel_Baana","24424","6.11118362","33.78378722","35.67869719","","22700",""
"Mount Lebanon","Aley","Mansouriyet Bhamdoun","منصورية بحمدون","LB_Moun_Aley_Mansouriyet_","24441","2.98871548","33.77816567","35.61790054","","22700",""
"Mount Lebanon","Aley","Mazraat En-Nahr Aaley","مزرعة النهر","LB_Moun_Aley_Mazraat_En_N","24474","0.13308992","33.75172853","35.64347918","","22700",""
"Mount Lebanon","Aley","Mchekhti","مشاقتي","LB_Moun_Aley_Mchekhti","24443","0.1795393","33.75814753","35.70431941","","22700",""
"Mount Lebanon","Aley","Mcherfeh","مشرفه","LB_Moun_Aley_Mcherfeh","24457","2.97402388","33.76068174","35.66203355","","22700",""
"Mount Lebanon","Aley","Mejdlaiya","مجدليا","LB_Moun_Aley_Mejdlaiya","24349","1.63282898","33.75927148","35.57491368","","22700",""
"Mount Lebanon","Aley","Mrayjat Aaley","مريجات عاليه","LB_Moun_Aley_Mrayjat_Aale","24481","2.57513836","33.74354204","35.67607455","","22700",""
"Mount Lebanon","Aley","Qmatiyeh","قماطية","LB_Moun_Aley_Qmatiyeh","24315","0.86543311","33.80177202","35.57758506","","22700",""
"Mount Lebanon","Aley","Ramlieh","رملية","LB_Moun_Aley_Ramlieh","24467","3.55712","33.7457705","35.65317683","","22700",""
"Mount Lebanon","Aley","Richmaiya","رشميا","LB_Moun_Aley_Richmaiya","24359","6.72649343","33.73863411","35.60741021","","22700",""
"Mount Lebanon","Aley","Rijmeh","رجمة","LB_Moun_Aley_Rijmeh","24335","1.0045542","33.78939111","35.61437046","","22700",""
"Mount Lebanon","Aley","Rimhala","رمحالا","LB_Moun_Aley_Rimhala","24367","3.65518808","33.74542374","35.569142","","22700",""
"Mount Lebanon","Aley","Rouayssat En-Naamane","رويسة النعمان","LB_Moun_Aley_Rouayssat_En","24347","2.71795009","33.75399938","35.60196688","","22700",""
"Mount Lebanon","Aley","Saoufar","صوفر","LB_Moun_Aley_Saoufar","24427","3.11998948","33.80153411","35.69125021","","22700",""
"Mount Lebanon","Aley","Selfaya","سلفايا","LB_Moun_Aley_Selfaya","24363","1.00792991","33.73354136","35.57005131","","22700",""
"Mount Lebanon","Aley","Sirhmoul","سرحمول","LB_Moun_Aley_Sirhmoul","24227","2.06389896","33.76721892","35.52939034","","22700",""
"Mount Lebanon","Aley","Souq El-Gharb","سوق الغرب","LB_Moun_Aley_Souq_El_Ghar","24331","2.51183873","33.78979952","35.57402599","","22700",""
"Mount Lebanon","Aley","Taazaniyeh","تعزانية","LB_Moun_Aley_Taazaniyeh","24333","0.98301236","33.7846719","35.62221244","","22700",""
"Mount Lebanon","Baabda","Aabadiyeh","عبادية","LB_Moun_Baab_Aabadiyeh","21341","9.15754517","33.83054014","35.62408017","","22700",""
"Mount Lebanon","Baabda","Aain Mouaffaq","عين موفق","LB_Moun_Baab_Aain_Mouaffa","21314","0.14462727","33.82141298","35.65403889","","22700",""
"Mount Lebanon","Baabda","Aaraiya","عاريا","LB_Moun_Baab_Aaraiya","21371","3.53600494","33.83171443","35.58546829","","22700",""
"Mount Lebanon","Baabda","Aarbaniyeh","عربانية","LB_Moun_Baab_Aarbaniyeh","21381","2.21458344","33.87329508","35.67052554","","22700",""
"Mount Lebanon","Baabda","Arsoun","ارصون","LB_Moun_Baab_Arsoun","21471","4.1725754","33.85704922","35.69020913","","22700",""
"Mount Lebanon","Baabda","Baabda","بعبدا","LB_Moun_Baab_Baabda","21211","8.72620858","33.84643582","35.54531972","","22700",""
"Mount Lebanon","Baabda","Baalchmay","بعلشميه","LB_Moun_Baab_Baalchmay","21311","2.35742577","33.81623863","35.64687182","","22700",""
"Mount Lebanon","Baabda","Bmaryam","بمريم","LB_Moun_Baab_Bmaryam","21436","1.78114335","33.8292809","35.71059061","","22700",""
"Mount Lebanon","Baabda","Bourj El-Brajneh","برج البراجنة","LB_Moun_Baab_Bourj_El_Bra","21177","3.32224355","33.84064232","35.5061387","","22700",""
"Mount Lebanon","Baabda","Boutchay","بطشيه","LB_Moun_Baab_Boutchay","21227","0.56889279","33.82604045","35.5419782","","22700",""
"Mount Lebanon","Baabda","Bsaba Baabda","بسابا وادي الدلب","LB_Moun_Baab_Bsaba_Baabda","21283","0.90067328","33.80517687","35.53826042","","22700",""
"Mount Lebanon","Baabda","Btekhnay","بتخناي","LB_Moun_Baab_Btekhnay","21441","2.62725746","33.84056857","35.71608951","","22700",""
"Mount Lebanon","Baabda","Btibyat","بتبيات","LB_Moun_Baab_Btibyat","21451","2.43961478","33.83666682","35.69788599","","22700",""
"Mount Lebanon","Baabda","Bzebdine","بزبدين","LB_Moun_Baab_Bzebdine","21466","4.81681172","33.87380593","35.74131339","","22700",""
"Mount Lebanon","Baabda","Chbaniyeh","شبانية","LB_Moun_Baab_Chbaniyeh","21426","4.85040469","33.81435815","35.71665228","","22700",""
"Mount Lebanon","Baabda","Chiyah","شياح","LB_Moun_Baab_Chiyah","21111","8.81129665","33.854971","35.49353746","","22700",""
"Mount Lebanon","Baabda","Chmeisset Baabda","شميسة","LB_Moun_Baab_Chmeisset_Ba","21347","0.83400363","33.8300624","35.68623875","","22700",""
"Mount Lebanon","Baabda","Chouit","شويت","LB_Moun_Baab_Chouit","21354","2.05451154","33.82996792","35.60810174","","22700",""
"Mount Lebanon","Baabda","Deir El-harf","دير الحرف","LB_Moun_Baab_Deir_El_harf","21367","2.33707615","33.84924972","35.69139897","","22700",""
"Mount Lebanon","Baabda","Deir Khouna","دير خونة","LB_Moun_Baab_Deir_Khouna","21337","0.45627651","33.83190243","35.66368019","","22700",""
"Mount Lebanon","Baabda","Dlaybeh","دليبه","LB_Moun_Baab_Dlaybeh","21391","0.73263572","33.87867452","35.69001448","","22700",""
"Mount Lebanon","Baabda","Falougha","فالوغا","LB_Moun_Baab_Falougha","21446","15.53067945","33.82854985","35.77223414","","22700",""
"Mount Lebanon","Baabda","Furn Ech-Chebbak","فرن الشباك","LB_Moun_Baab_Furn_Ech_Che","21133","1.04850612","33.87111842","35.52768153","","22700",""
"Mount Lebanon","Baabda","Hadath Beyrouth","حدث","LB_Moun_Baab_Hadath_Beyro","21219","5.51766244","33.84036062","35.52524011","","22700",""
"Mount Lebanon","Baabda","Hammana","حمانا","LB_Moun_Baab_Hammana","21411","8.82354005","33.81331033","35.74688425","","22700",""
"Mount Lebanon","Baabda","Haret Es-Sit","حارة الست","LB_Moun_Baab_Haret_Es_Sit","21275","0.94220019","33.82583637","35.56815624","","22700",""
"Mount Lebanon","Baabda","Haret Hamzeh","حارة حمزة","LB_Moun_Baab_Haret_Hamzeh","21327","2.0797397","33.82070821","35.66261171","","22700",""
"Mount Lebanon","Baabda","Haret Hreik","حارة حريك","LB_Moun_Baab_Haret_Hreik","21144","1.8186085","33.85238524","35.51325148","","22700",""
"Mount Lebanon","Baabda","Hasbaiya El-Matn","حاصبيّا المتن","LB_Moun_Baab_Hasbaiya_El_","21397","1.43859969","33.8758759","35.72121736","","22700",""
"Mount Lebanon","Baabda","Hlaliyeh Baabda","هلالية","LB_Moun_Baab_Hlaliyeh_Baa","21324","1.26593668","33.8303013","35.63904588","","22700",""
"Mount Lebanon","Baabda","Jouar El-Haouz","جوار الحوز","LB_Moun_Baab_Jouar_El_Hao","21461","3.76702373","33.86095347","35.75803798","","22700",""
"Mount Lebanon","Baabda","Jouret Arsoun","جورة ارصون","LB_Moun_Baab_Jouret_Arsou","21487","0.37403681","33.85291155","35.70953475","","22700",""
"Mount Lebanon","Baabda","Kfar Chima","كفرشيما","LB_Moun_Baab_Kfar_Chima","21251","2.83025138","33.81451391","35.53309799","","22700",""
"Mount Lebanon","Baabda","Kfar Selouane","كفرسلوان","LB_Moun_Baab_Kfar_Selouan","21476","17.99627835","33.85666838","35.79235298","","22700",""
"Mount Lebanon","Baabda","Khalouat Baabda","خلوات","LB_Moun_Baab_Khalouat_Baa","21421","0.10081527","33.8400915","35.7357618","","22700",""
"Mount Lebanon","Baabda","Khreibet Baabda","خريبة بعبدا","LB_Moun_Baab_Khreibet_Baa","21431","0.88430064","33.82321395","35.71842563","","22700",""
"Mount Lebanon","Baabda","Kneisset Baabda","كنيسة بعبدا","LB_Moun_Baab_Kneisset_Baa","21377","2.57673012","33.86466354","35.6670517","","22700",""
"Mount Lebanon","Baabda","Laylakeh","ليلكي","LB_Moun_Baab_Laylakeh","21166","0.35114659","33.83191984","35.51522367","","22700",""
"Mount Lebanon","Baabda","Louayzeh Baabda","لويزة","LB_Moun_Baab_Louayzeh_Baa","21243","1.78764007","33.83824429","35.5717599","","22700",""
"Mount Lebanon","Baabda","Merdache","مرداشة","LB_Moun_Baab_Merdache","21235","0.23044218","33.82317029","35.53922362","","22700",""
"Mount Lebanon","Baabda","Mzairaa Baabda","مزيرعة بعبدا","LB_Moun_Baab_Mzairaa_Baab","21321","0.58746682","33.82986246","35.65611657","","22700",""
"Mount Lebanon","Baabda","Ouadi Chahrour El Aaoulia","وادي شحرور العليا","LB_Moun_Baab_Ouadi_Chahro","21267","0.6788861","33.81833487","35.5646662","","22700",""
"Mount Lebanon","Baabda","Ouadi Chahrour Es-Soufla","وادي شحرور السفلى","LB_Moun_Baab_Ouadi_Chahro","21259","2.37382228","33.82203457","35.55384109","","22700",""
"Mount Lebanon","Baabda","Qalaat Baabda","القلعة","LB_Moun_Baab_Qalaat_Baabd","21416","1.17044767","33.83846474","35.72818973","","22700",""
"Mount Lebanon","Baabda","Qobbayaa","قبيع","LB_Moun_Baab_Qobbayaa","21357","3.45257703","33.81366974","35.69137324","","22700",""
"Mount Lebanon","Baabda","Qordata","قرطادة","LB_Moun_Baab_Qordata","21361","2.4200833","33.8598662","35.62503427","","22700",""
"Mount Lebanon","Baabda","Qornayel","قرنايل","LB_Moun_Baab_Qornayel","21456","8.47272751","33.85644998","35.72915345","","22700",""
"Mount Lebanon","Baabda","Qrayet Baabda","قرية","LB_Moun_Baab_Qrayet_Baabd","21344","0.88580651","33.80769591","35.67995312","","22700",""
"Mount Lebanon","Baabda","Qsaibeh Baabda","قصيبة","LB_Moun_Baab_Qsaibeh_Baab","21364","2.82835088","33.86439418","35.65045295","","22700",""
"Mount Lebanon","Baabda","Qtaleh Baabda","قتالة","LB_Moun_Baab_Qtaleh_Baabd","21331","1.59949879","33.82121711","35.67882716","","22700",""
"Mount Lebanon","Baabda","Ras El Matn","راس المتن","LB_Moun_Baab_Ras_El_Matn","21351","12.99114057","33.84584924","35.65751177","","22700",""
"Mount Lebanon","Baabda","Ras El-Href","راس الحرف","LB_Moun_Baab_Ras_El_Href","21334","1.59019536","33.81290591","35.66945286","","22700",""
"Mount Lebanon","Baabda","Rouayssrt El-Ballout","رويسة البلوط","LB_Moun_Baab_Rouayssrt_El","21317","1.31695566","33.82778826","35.6467993","","22700",""
"Mount Lebanon","Baabda","Salima Baabda","صليما بعبدا","LB_Moun_Baab_Salima_Baabd","21394","4.81156828","33.87291602","35.69697631","","22700",""
"Mount Lebanon","Baabda","Tahouitat El Ghadir","تحويطة الغدير","LB_Moun_Baab_Tahouitat_El","21188","2.53938697","33.82869769","35.49425142","","22700",""
"Mount Lebanon","Baabda","Tarchich","ترشيش","LB_Moun_Baab_Tarchich","21481","10.02442112","33.87383578","35.80529297","","22700",""
"Mount Lebanon","Baabda","Zandouqa","زندوقة","LB_Moun_Baab_Zandouqa","21374","1.07372911","33.86641203","35.63777843","","22700",""
"Mount Lebanon","Chouf","Aain Ouzain","عين وزين","LB_Moun_Chou_Aain_Ouzain","23627","4.89618993","33.67864088","35.62551803","","22700",""
"Mount Lebanon","Chouf","Aain Qania","عين قني","LB_Moun_Chou_Aain_Qania","23619","1.61696615","33.64477971","35.60082244","","22700",""
"Mount Lebanon","Chouf","Aain Zhalta","عين زحلتا","LB_Moun_Chou_Aain_Zhalta","23469","20.58271028","33.73712607","35.72507379","","22700",""
"Mount Lebanon","Chouf","Aainbal","عينبال","LB_Moun_Chou_Aainbal","23533","3.5906377","33.657752","35.55689555","","22700",""
"Mount Lebanon","Chouf","Aalmane Ech-Chouf","علمان الشوف","LB_Moun_Chou_Aalmane_Ech_","23311","3.98425844","33.591959","35.41226003","","22700",""
"Mount Lebanon","Chouf","Aammatour","عمّاطور","LB_Moun_Chou_Aammatour","23639","5.77364641","33.61505256","35.60068385","","22700",""
"Mount Lebanon","Chouf","Aammiq Ech-Chouf","عميق الشوف","LB_Moun_Chou_Aammiq_Ech_C","23427","1.97405943","33.71792964","35.59034699","","22700",""
"Mount Lebanon","Chouf","Aanout","عانوت","LB_Moun_Chou_Aanout","23239","7.88468747","33.62319538","35.51508443","","22700",""
"Mount Lebanon","Chouf","Aathrine","عترين","LB_Moun_Chou_Aathrine","23544","3.60474207","33.66234611","35.57464364","","22700",""
"Mount Lebanon","Chouf","Baadarane","بعدران","LB_Moun_Chou_Baadarane","23631","8.20249105","33.6323271","35.62832866","","22700",""
"Mount Lebanon","Chouf","Baaqline","بعقلين","LB_Moun_Chou_Baaqline","23511","12.41770823","33.66789652","35.54094037","","22700",""
"Mount Lebanon","Chouf","Baassir","بعاصير","LB_Moun_Chou_Baassir","23255","5.5624064","33.66220082","35.44388802","","22700",""
"Mount Lebanon","Chouf","Barja","برجا","LB_Moun_Chou_Barja","23251","7.28143241","33.64443281","35.4380436","","22700",""
"Mount Lebanon","Chouf","Barouk","الباروك","LB_Moun_Chou_Barouk","23679","18.83482972","33.69462616","35.70197793","","22700",""
"Mount Lebanon","Chouf","Bater","باتر","LB_Moun_Chou_Bater","23675","5.30602819","33.59064473","35.60103538","","22700",""
"Mount Lebanon","Chouf","Batloun","بتلون","LB_Moun_Chou_Batloun","23663","5.54812701","33.69323691","35.65259605","","22700",""
"Mount Lebanon","Chouf","Bayqoun","بيقون","LB_Moun_Chou_Bayqoun","23687","2.65794038","33.614208","35.5820016","","22700",""
"Mount Lebanon","Chouf","Bchtfine","بشتفين","LB_Moun_Chou_Bchtfine","23423","2.4992652","33.71230608","35.55124575","","22700",""
"Mount Lebanon","Chouf","Beit Ed-Dine","بيت الدين","LB_Moun_Chou_Beit_Ed_Dine","23411","2.44353563","33.69299357","35.5815856","","22700",""
"Mount Lebanon","Chouf","Benouati Ech-Chouf","بنواتي","LB_Moun_Chou_Benouati_Ech","23263","0.52261833","33.67662072","35.51371434","","22700",""
"Mount Lebanon","Chouf","Biret Ech-Chouf","بيرة","LB_Moun_Chou_Biret_Ech_Ch","23451","2.56141553","33.72619291","35.65206","","22700",""
"Mount Lebanon","Chouf","Bkechtine Ouel Mcheiaa","بكشتين","LB_Moun_Chou_Bkechtine_Ou","23253","1.21763354","33.67067712","35.4968529","","22700",""
"Mount Lebanon","Chouf","Bkifa Ech-Chouf","بكيفا","LB_Moun_Chou_Bkifa_Ech_Ch","23356","2.76650989","33.59058335","35.49613544","","22700",""
"Mount Lebanon","Chouf","Botmeh","بطمة","LB_Moun_Chou_Botmeh","23615","5.4900354","33.67120722","35.64175093","","22700",""
"Mount Lebanon","Chouf","Bourjein","البرجين","LB_Moun_Chou_Bourjein","23247","4.28283019","33.65190896","35.48112851","","22700",""
"Mount Lebanon","Chouf","Bqaiaa Ech-Chouf","بقيعة","LB_Moun_Chou_Bqaiaa_Ech_C","23457","0.64731529","33.68650995","35.49195532","","22700",""
"Mount Lebanon","Chouf","Brih","بريح","LB_Moun_Chou_Brih","23459","3.0520878","33.71548075","35.65394914","","22700",""
"Mount Lebanon","Chouf","Bsaba Ech-Chouf","بسابا","LB_Moun_Chou_Bsaba_Ech_Ch","23386","4.60695373","33.60301374","35.54823599","","22700",""
"Mount Lebanon","Chouf","Chammis Ech-Chouf","شميس","LB_Moun_Chou_Chammis_Ech_","23223","1.91396965","33.6396834","35.46177334","","22700",""
"Mount Lebanon","Chouf","Chhim","شحيم","LB_Moun_Chou_Chhim","23211","8.53561895","33.62743661","35.48822872","","22700",""
"Mount Lebanon","Chouf","Chmaarine","شمعرين","LB_Moun_Chou_Chmaarine","23275","0.77474494","33.67873261","35.5051001","","22700",""
"Mount Lebanon","Chouf","Chourit","شوريت","LB_Moun_Chou_Chourit","23453","1.00748287","33.74244714","35.63511752","","22700",""
"Mount Lebanon","Chouf","Dahr Ech-Chouf","ضهر المغارة","LB_Moun_Chou_Dahr_Ech_Cho","23279","2.17251451","33.68033323","35.44838124","","22700",""
"Mount Lebanon","Chouf","Dalhoun","دلهون","LB_Moun_Chou_Dalhoun","23219","2.96441518","33.62549222","35.46386438","","22700",""
"Mount Lebanon","Chouf","Damour","الدامور","LB_Moun_Chou_Damour","23111","10.00878648","33.71168384","35.45398321","","22700",""
"Mount Lebanon","Chouf","Daraiya Ech-Chouf","داريا الشوف","LB_Moun_Chou_Daraiya_Ech_","23227","4.71605137","33.64829283","35.51582733","","22700",""
"Mount Lebanon","Chouf","Deir Baba","دير بابا","LB_Moun_Chou_Deir_Baba","23435","2.01125087","33.69829891","35.5193418","","22700",""
"Mount Lebanon","Chouf","Deir Dourit","دير دوريت","LB_Moun_Chou_Deir_Dourit","23522","2.65684114","33.67725774","35.53577527","","22700",""
"Mount Lebanon","Chouf","Deir El-Moukhalles Ech-Chouf","دير المخلص الشوف","LB_Moun_Chou_Deir_El_Mouk","23346","4.33934791","33.58351167","35.48364463","","22700",""
"Mount Lebanon","Chouf","Deir El-Qamar","دير القمر","LB_Moun_Chou_Deir_El_Qama","23413","7.51305035","33.69746411","35.55755156","","22700",""
"Mount Lebanon","Chouf","Deir Koucheh","دير كوشه","LB_Moun_Chou_Deir_Koucheh","23429","1.46672172","33.71859072","35.56561317","","22700",""
"Mount Lebanon","Chouf","Dibbiyeh","دبية","LB_Moun_Chou_Dibbiyeh","23259","18.03709299","33.67559177","35.47286578","","22700",""
"Mount Lebanon","Chouf","Dmit","دميت","LB_Moun_Chou_Dmit","23447","3.57177837","33.6954014","35.50059782","","22700",""
"Mount Lebanon","Chouf","Faouarat Jaafar","فوارة جعفر","LB_Moun_Chou_Faouarat_Jaa","23449","0.59772738","33.71283651","35.63889725","","22700",""
"Mount Lebanon","Chouf","Fraudis Ech-Chouf","فريديس الشوف","LB_Moun_Chou_Fraudis_Ech_","23467","8.77190945","33.71314488","35.70533152","","22700",""
"Mount Lebanon","Chouf","GHabet Jaafar","غابة جعفر","LB_Moun_Chou_GHabet_Jaafa","23438","0.14692411","33.69296767","35.52749242","","22700",""
"Mount Lebanon","Chouf","Gharifeh","غريفة","LB_Moun_Chou_Gharifeh","23566","9.46569838","33.63080768","35.55800472","","22700",""
"Mount Lebanon","Chouf","Haret Jandal","حارة جندل","LB_Moun_Chou_Haret_Jandal","23647","2.94062138","33.62145207","35.61568501","","22700",""
"Mount Lebanon","Chouf","Hasrout","حصروت","LB_Moun_Chou_Hasrout","23588","3.74396844","33.62622936","35.53679701","","22700",""
"Mount Lebanon","Chouf","Jadra","جدرا","LB_Moun_Chou_Jadra","23271","3.17013121","33.63420025","35.40951922","","22700",""
"Mount Lebanon","Chouf","Jahliyeh","جاهلية","LB_Moun_Chou_Jahliyeh","23577","3.29618537","33.66195823","35.51176064","","22700",""
"Mount Lebanon","Chouf","Jbaa Ech-Chouf","جباع","LB_Moun_Chou_Jbaa_Ech_Cho","23671","5.72912833","33.6038459","35.64463633","","22700",""
"Mount Lebanon","Chouf","Jdeidet Ech-Chouf","جديدة الشوف","LB_Moun_Chou_Jdeidet_Ech_","23623","3.57764051","33.66916746","35.60562721","","22700",""
"Mount Lebanon","Chouf","Jiyeh","جية","LB_Moun_Chou_Jiyeh","23267","8.1207542","33.66546399","35.42536999","","22700",""
"Mount Lebanon","Chouf","Jleiliyeh","جليلية","LB_Moun_Chou_Jleiliyeh","23376","1.69280988","33.60655529","35.52630224","","22700",""
"Mount Lebanon","Chouf","Jmailiyeh","جميلية","LB_Moun_Chou_Jmailiyeh","23316","1.68473735","33.59750131","35.42921087","","22700",""
"Mount Lebanon","Chouf","Joun","جون","LB_Moun_Chou_Joun","23336","11.95410314","33.57886943","35.44852628","","22700",""
"Mount Lebanon","Chouf","Kahlouniet Ech-Chouf","كحلونية الشوف","LB_Moun_Chou_Kahlouniet_E","23643","3.37135713","33.64839185","35.59263339","","22700",""
"Mount Lebanon","Chouf","Ketermaya","كترمايا","LB_Moun_Chou_Ketermaya","23231","2.73739713","33.61519118","35.45414451","","22700",""
"Mount Lebanon","Chouf","Kfar Faqoud","كفرفاقود","LB_Moun_Chou_Kfar_Faqoud","23433","2.52180637","33.70284097","35.53701636","","22700",""
"Mount Lebanon","Chouf","Kfar Hamal","كفر حمل","LB_Moun_Chou_Kfar_Hamal","23415","1.29730698","33.70861027","35.56623787","","22700",""
"Mount Lebanon","Chouf","Kfar hay","كفر حي","LB_Moun_Chou_Kfar_hay","23454","0.18566957","33.74769824","35.63879719","","22700",""
"Mount Lebanon","Chouf","Kfar Him","كفرحيم","LB_Moun_Chou_Kfar_Him","23439","1.24706716","33.68846535","35.52524736","","22700",""
"Mount Lebanon","Chouf","Kfar Nabrakh","كفرنبرخ","LB_Moun_Chou_Kfar_Nabrakh","23655","9.40219434","33.69784778","35.63088956","","22700",""
"Mount Lebanon","Chouf","Kfar Niss","كفرنيس","LB_Moun_Chou_Kfar_Niss","23455","2.77527473","33.73530455","35.65335749","","22700",""
"Mount Lebanon","Chouf","Kfar Qatra","كفرقطرة","LB_Moun_Chou_Kfar_Qatra","23419","2.08250501","33.71021821","35.58899303","","22700",""
"Mount Lebanon","Chouf","Khereibet Ech-Chouf","خريبة الشوف","LB_Moun_Chou_Khereibet_Ec","23635","7.42225993","33.64513903","35.64676746","","22700",""
"Mount Lebanon","Chouf","Khirbet Bisri","خربة بسري","LB_Moun_Chou_Khirbet_Bisr","23371","1.69920271","33.58397742","35.52299559","","22700",""
"Mount Lebanon","Chouf","Kneisset Ech-Chouf","كنيسة الشوف","LB_Moun_Chou_Kneisset_Ech","23425","0.88630765","33.71960626","35.57524773","","22700",""
"Mount Lebanon","Chouf","Maaniyeh","معنيه","LB_Moun_Chou_Maaniyeh","23235","2.00041216","33.62964075","35.44533649","","22700",""
"Mount Lebanon","Chouf","Maasser Beit Ed-Dine","معاصر بيت الدين","LB_Moun_Chou_Maasser_Beit","23421","3.36415457","33.69729967","35.59994902","","22700",""
"Mount Lebanon","Chouf","Maasser Ech-Chouf","معاصر الشوف","LB_Moun_Chou_Maasser_Ech_","23667","18.43093928","33.66086018","35.66686143","","22700",""
"Mount Lebanon","Chouf","Majdalouna","مجدلونا","LB_Moun_Chou_Majdalouna","23326","1.77443057","33.59807315","35.44554589","","22700",""
"Mount Lebanon","Chouf","Majdel El-Meouch","مجدل المعوش","LB_Moun_Chou_Majdel_El_Me","23445","8.0316502","33.72622191","35.62212306","","22700",""
"Mount Lebanon","Chouf","Mazboud","مزبود","LB_Moun_Chou_Mazboud","23215","4.26314765","33.6081467","35.48111097","","22700",""
"Mount Lebanon","Chouf","Mazmoura","مزمورة","LB_Moun_Chou_Mazmoura","23361","0.65435753","33.59446247","35.50894185","","22700",""
"Mount Lebanon","Chouf","Mazraat Ech-Chouf","مزرعة","LB_Moun_Chou_Mazraat_Ech_","23651","13.58100551","33.62134923","35.57070145","","22700",""
"Mount Lebanon","Chouf","Mazraat Ed-Douair","مزرعة الدوير","LB_Moun_Chou_Mazraat_Ed_D","23431","0.99900299","33.70634081","35.60576888","","22700",""
"Mount Lebanon","Chouf","Mazraat Es-Dahr","مزرعة الضهر","LB_Moun_Chou_Mazraat_Es_D","23366","4.74158776","33.5918869","35.52993364","","22700",""
"Mount Lebanon","Chouf","Mechref","مشرف","LB_Moun_Chou_Mechref","23171","3.92719489","33.70793011","35.47647048","","22700",""
"Mount Lebanon","Chouf","Mghairiyeh Ech-Chouf","مغيرية الشوف","LB_Moun_Chou_Mghairiyeh_E","23341","4.68071289","33.60137391","35.45756165","","22700",""
"Mount Lebanon","Chouf","Moughayret Ech-Chouf","مغيره","LB_Moun_Chou_Moughayret_E","23461","1.10133323","33.69436162","35.48031788","","22700",""
"Mount Lebanon","Chouf","Moukhtara","مختارة","LB_Moun_Chou_Moukhtara","23611","2.59712023","33.65721361","35.61009669","","22700",""
"Mount Lebanon","Chouf","Mristi","مرستى","LB_Moun_Chou_Mristi","23659","6.50244105","33.62054838","35.65655233","","22700",""
"Mount Lebanon","Chouf","Mtolleh","مطله","LB_Moun_Chou_Mtolleh","23365","1.0496205","33.60803658","35.53744858","","22700",""
"Mount Lebanon","Chouf","Naameh","ناعمه","LB_Moun_Chou_Naameh","23141","6.69019857","33.74561025","35.46664357","","22700",""
"Mount Lebanon","Chouf","Niha El-Chouf","نيحا","LB_Moun_Chou_Niha_El_Chou","23625","37.41142764","33.54729443","35.62278524","","22700",""
"Mount Lebanon","Chouf","Ouadi Abou Youssef","وادي ابو يوسف","LB_Moun_Chou_Ouadi_Abou_Y","23237","0.59753961","33.67822205","35.49748084","","22700",""
"Mount Lebanon","Chouf","Ouadi bnehlay","وادي بنحليه","LB_Moun_Chou_Ouadi_bnehla","23555","0.88860903","33.67856407","35.52390453","","22700",""
"Mount Lebanon","Chouf","Ouadi Ed-Deir","وادي الدير","LB_Moun_Chou_Ouadi_Ed_Dei","23441","0.38494692","33.68495726","35.53109729","","22700",""
"Mount Lebanon","Chouf","Ouadi Es-Sitt","وادي الست","LB_Moun_Chou_Ouadi_Es_Sit","23443","1.17073133","33.71458546","35.62694305","","22700",""
"Mount Lebanon","Chouf","Ouardaniyeh","وردانيه","LB_Moun_Chou_Ouardaniyeh","23331","3.87714566","33.61091787","35.42594928","","22700",""
"Mount Lebanon","Chouf","Ouarhaniyeh","ورهانية","LB_Moun_Chou_Ouarhaniyeh","23463","1.78557301","33.71781145","35.67040409","","22700",""
"Mount Lebanon","Chouf","Qreiaa","قريعة","LB_Moun_Chou_Qreiaa","23351","1.96423317","33.59738511","35.48856616","","22700",""
"Mount Lebanon","Chouf","Rmeilet Ech-Chouf","رميلة","LB_Moun_Chou_Rmeilet_Ech_","23321","5.359522","33.60278102","35.39652757","","22700",""
"Mount Lebanon","Chouf","Semqaniyeh","سمقانية","LB_Moun_Chou_Semqaniyeh","23417","5.76834362","33.67609428","35.59062978","","22700",""
"Mount Lebanon","Chouf","Sibline","سبلين","LB_Moun_Chou_Sibline","23243","5.72090646","33.62494013","35.42057566","","22700",""
"Mount Lebanon","Chouf","Sirjbal","سرجبال","LB_Moun_Chou_Sirjbal","23437","1.49683685","33.68504316","35.50781775","","22700",""
"Mount Lebanon","Chouf","Zaarouriyeh","زعرورية","LB_Moun_Chou_Zaarouriyeh","23381","2.62466161","33.60896626","35.51515705","","22700",""
"Mount Lebanon","El Meten","Aain Aalaq","عين علق","LB_Moun_El_M_Aain_Aalaq","22551","0.80620444","33.91844002","35.65754827","","22700",""
"Mount Lebanon","El Meten","Aain Aar","عين عار","LB_Moun_El_M_Aain_Aar","22471","0.44028615","33.92288072","35.64406202","","22700",""
"Mount Lebanon","El Meten","Aain El-Kharroubeh","عين الخروبة","LB_Moun_El_M_Aain_El_Khar","22543","1.2685729","33.93286775","35.70124407","","22700",""
"Mount Lebanon","El Meten","Aain El-Qabu","عين القبو","LB_Moun_El_M_Aain_El_Qabu","22777","2.18198006","33.93858179","35.76916839","","22700",""
"Mount Lebanon","El Meten","Aain El-Qach","عين القش","LB_Moun_El_M_Aain_El_Qach","22523","0.4423696","33.92542374","35.70121648","","22700",""
"Mount Lebanon","El Meten","Aain Es-Sindiane","عين السنديانة","LB_Moun_El_M_Aain_Es_Sind","22737","0.64096179","33.90259836","35.7280294","","22700",""
"Mount Lebanon","El Meten","Aain es-Sofsaf El-Matn","عين الصفصاف المتن","LB_Moun_El_M_Aain_es_Sofs","22727","0.8299723","33.91171683","35.72802507","","22700",""
"Mount Lebanon","El Meten","Aain Et-Teffaha","عين التفاحة","LB_Moun_El_M_Aain_Et_Teff","22563","0.25489069","33.93427222","35.72648899","","22700",""
"Mount Lebanon","El Meten","Aain Ez-Zeitouneh","عين الزيتونة","LB_Moun_El_M_Aain_Ez_Zeit","22714","0.3562767","33.90497269","35.74316839","","22700",""
"Mount Lebanon","El Meten","Aain Saadeh","عين سعادة","LB_Moun_El_M_Aain_Saadeh","22423","5.46991011","33.8690109","35.58712566","","22700",""
"Mount Lebanon","El Meten","Aamaret Chalhoub","الوطى عمارة شلهوب","LB_Moun_El_M_Aamaret_Chal","22343","0.64025116","33.90072876","35.56885488","","22700",""
"Mount Lebanon","El Meten","Aatchaneh","عطشانة","LB_Moun_El_M_Aatchaneh","22555","1.04129127","33.91047866","35.64681735","","22700",""
"Mount Lebanon","El Meten","Aayoun El-Matn","عيون المتن","LB_Moun_El_M_Aayoun_El_Ma","22635","1.57500796","33.88086809","35.65829572","","22700",""
"Mount Lebanon","El Meten","Aayroun","عيرون","LB_Moun_El_M_Aayroun","22767","0.50201749","33.90551354","35.7055379","","22700",""
"Mount Lebanon","El Meten","Abou Mizane","أبو ميزان","LB_Moun_El_M_Abou_Mizane","22575","1.15139846","33.93857417","35.7215057","","22700",""
"Mount Lebanon","El Meten","Aintoura El-Matn","عينطورة المتن","LB_Moun_El_M_Aintoura_El_","22751","7.74809592","33.89543517","35.78850226","","22700",""
"Mount Lebanon","El Meten","Antelias","انطلياس","LB_Moun_El_M_Antelias","22311","1.99326612","33.91434045","35.59472258","","22700",""
"Mount Lebanon","El Meten","Baabdat","بعبدات","LB_Moun_El_M_Baabdat","22659","5.14080892","33.89316803","35.67610252","","22700",""
"Mount Lebanon","El Meten","Baouchriyeh","بوشرية","LB_Moun_El_M_Baouchriyeh","22228","3.92470833","33.88519073","35.55784911","","22700",""
"Mount Lebanon","El Meten","Baskinta","بسكنتا","LB_Moun_El_M_Baskinta","22797","34.49030246","33.94819549","35.80877044","","22700",""
"Mount Lebanon","El Meten","Beit Chabab","بيت شباب","LB_Moun_El_M_Beit_Chabab","22531","3.96447867","33.93039294","35.67293868","","22700",""
"Mount Lebanon","El Meten","Beit Ech-Chaar","مزرعة بيت الشعّار","LB_Moun_El_M_Beit_Ech_Cha","22459","0.62955167","33.92873226","35.61751993","","22700",""
"Mount Lebanon","El Meten","Beit El-Kekko","بيت الككو","LB_Moun_El_M_Beit_El_Kekk","22451","0.29605469","33.92442079","35.63711592","","22700",""
"Mount Lebanon","El Meten","Beit Meri","بيت مري","LB_Moun_El_M_Beit_Meri","22667","8.53463309","33.85758914","35.60183087","","22700",""
"Mount Lebanon","El Meten","Bhersaf","بحرصاف","LB_Moun_El_M_Bhersaf","22535","3.29715163","33.91339456","35.66834731","","22700",""
"Mount Lebanon","El Meten","Bikfaya","بكفيا","LB_Moun_El_M_Bikfaya","22511","3.97570222","33.91986436","35.68488267","","22700",""
"Mount Lebanon","El Meten","Bnabil","بنابيل","LB_Moun_El_M_Bnabil","22724","0.93822199","33.89970048","35.7373565","","22700",""
"Mount Lebanon","El Meten","Bourj Hammoud","برج حمّود","LB_Moun_El_M_Bourj_Hammou","22111","2.64383005","33.89225492","35.5416968","","22700",""
"Mount Lebanon","El Meten","Bqennaya","بقنايا","LB_Moun_El_M_Bqennaya","22431","0.6651571","33.90198301","35.58780535","","22700",""
"Mount Lebanon","El Meten","Broummana El-Matn","برمانا المتن","LB_Moun_El_M_Broummana_El","22611","3.89651813","33.87936925","35.62435466","","22700",""
"Mount Lebanon","El Meten","Bsalim","بصاليم","LB_Moun_El_M_Bsalim","22439","1.36538207","33.90055856","35.60455326","","22700",""
"Mount Lebanon","El Meten","Bsifrine","بسفرين","LB_Moun_El_M_Bsifrine","22691","1.12715151","33.88539833","35.70446395","","22700",""
"Mount Lebanon","El Meten","Bteghrine","بتغرين","LB_Moun_El_M_Bteghrine","22757","4.95667667","33.92762151","35.76168859","","22700",""
"Mount Lebanon","El Meten","Byaqout","بياقوت","LB_Moun_El_M_Byaqout","22359","0.99442708","33.8945596","35.58576049","","22700",""
"Mount Lebanon","El Meten","Chaouiyeh","شاوية","LB_Moun_El_M_Chaouiyeh","22559","0.6804047","33.93024613","35.65916798","","22700",""
"Mount Lebanon","El Meten","Chouaya El-Matn","شويا","LB_Moun_El_M_Chouaya_El_M","22764","1.49599146","33.92927131","35.71806164","","22700",""
"Mount Lebanon","El Meten","Choueir","شوير","LB_Moun_El_M_Choueir","22754","3.08331908","33.91539037","35.71556034","","22700",""
"Mount Lebanon","El Meten","Chrine","شرين","LB_Moun_El_M_Chrine","22591","0.83927894","33.93620071","35.73193089","","22700",""
"Mount Lebanon","El Meten","Dahr Es-Souane El-Matn","ضهر الصوان المتن","LB_Moun_El_M_Dahr_Es_Soua","22675","3.30547409","33.90059704","35.66110444","","22700",""
"Mount Lebanon","El Meten","Daychouniyeh","ديشونية","LB_Moun_El_M_Daychouniyeh","22415","1.29467499","33.84591389","35.57404714","","22700",""
"Mount Lebanon","El Meten","Dbayeh","ضبية","LB_Moun_El_M_Dbayeh","22375","1.79244901","33.93721744","35.58917492","","22700",""
"Mount Lebanon","El Meten","Deir Chamra","دير شمرا","LB_Moun_El_M_Deir_Chamra","22579","1.9586796","33.9486907","35.71687635","","22700",""
"Mount Lebanon","El Meten","Deir Mar Aabda el Mchammar","دير مار عبدا المشمر","LB_Moun_El_M_Deir_Mar_Aab","22487","0.42149954","33.94399031","35.62926491","","22700",""
"Mount Lebanon","El Meten","Deir mar Roukoz","مار روكز","LB_Moun_El_M_Deir_mar_Rou","22245","2.18216693","33.86971388","35.55851795","","22700",""
"Mount Lebanon","El Meten","Deir Tamich","دير طاميش","LB_Moun_El_M_Deir_Tamich","22479","0.83568381","33.94036633","35.6183277","","22700",""
"Mount Lebanon","El Meten","Dekouaneh","دكوانة","LB_Moun_El_M_Dekouaneh","22262","1.91549485","33.87661652","35.54608958","","22700",""
"Mount Lebanon","El Meten","Dik El-Mehdi","ديك المحدي","LB_Moun_El_M_Dik_El_Mehdi","22463","0.72688364","33.93198799","35.62134054","","22700",""
"Mount Lebanon","El Meten","Douar El-Matn","دوار","LB_Moun_El_M_Douar_El_Mat","22761","1.3167992","33.90141974","35.70051765","","22700",""
"Mount Lebanon","El Meten","Fanar","الفنار","LB_Moun_El_M_Fanar","22419","2.10189011","33.87786403","35.57536443","","22700",""
"Mount Lebanon","El Meten","Fraikeh","فريكه","LB_Moun_El_M_Fraikeh","22571","0.81375437","33.93702776","35.65979963","","22700",""
"Mount Lebanon","El Meten","Haret El-Ballane","حارة البلان","LB_Moun_El_M_Haret_El_Bal","22383","0.87450988","33.93794728","35.59766291","","22700",""
"Mount Lebanon","El Meten","Hbous","حبوس","LB_Moun_El_M_Hbous","22583","0.29590221","33.92783752","35.64343544","","22700",""
"Mount Lebanon","El Meten","Himlaya","حملايا","LB_Moun_El_M_Himlaya","22547","1.42679075","33.94112794","35.71067559","","22700",""
"Mount Lebanon","El Meten","Jall Ed-Did","جل الديب","LB_Moun_El_M_Jall_Ed_Did","22327","0.85466585","33.90586099","35.58037885","","22700",""
"Mount Lebanon","El Meten","Jdaidet El-Matn","جديدة المتن","LB_Moun_El_M_Jdaidet_El_M","22211","1.66932398","33.89008428","35.57089455","","22700",""
"Mount Lebanon","El Meten","Jouar El-Matn","جوار المتن","LB_Moun_El_M_Jouar_El_Mat","22587","0.79235161","33.92978515","35.73158396","","22700",""
"Mount Lebanon","El Meten","Jouret El-Ballout","جورة البلوط","LB_Moun_El_M_Jouret_El_Ba","22619","1.58814956","33.89585682","35.62769282","","22700",""
"Mount Lebanon","El Meten","Kfar Aaqab","كفرعقاب","LB_Moun_El_M_Kfar_Aaqab","22781","2.32037183","33.94180024","35.74508341","","22700",""
"Mount Lebanon","El Meten","Kfar Tay El-Matn","كفرتيه","LB_Moun_El_M_Kfar_Tay_El_","22799","1.74897593","33.97651688","35.80241054","","22700",""
"Mount Lebanon","El Meten","Khillet El-Mtain","خلة المتين","LB_Moun_El_M_Khillet_El_M","22722","0.40392484","33.89318099","35.72839191","","22700",""
"Mount Lebanon","El Meten","Khinchara","خنشارة","LB_Moun_El_M_Khinchara","22747","2.84375522","33.9211691","35.73891812","","22700",""
"Mount Lebanon","El Meten","Machraah El-Matn","مشرح","LB_Moun_El_M_Machraah_El_","22787","0.63789111","33.94364846","35.75549755","","22700",""
"Mount Lebanon","El Meten","Majdel tarchich","مجدل ترشيش","LB_Moun_El_M_Majdel_tarch","22774","4.30508689","33.89167584","35.80786137","","22700",""
"Mount Lebanon","El Meten","Majzoub","مجذوب","LB_Moun_El_M_Majzoub","22435","1.26957771","33.90140201","35.59561256","","22700",""
"Mount Lebanon","El Meten","Mansouriyet El-Matn","منصورية","LB_Moun_El_M_Mansouriyet_","22411","2.61942953","33.85350649","35.56710027","","22700",""
"Mount Lebanon","El Meten","Mar Boutros Karm Et-Tine","مار بطرس كرم التين","LB_Moun_El_M_Mar_Boutros_","22527","1.36699399","33.93570911","35.68699498","","22700",""
"Mount Lebanon","El Meten","Mar Moussa Ed-Douar","مار موسى الدوار","LB_Moun_El_M_Mar_Moussa_E","22784","2.09776516","33.89993793","35.68848904","","22700",""
"Mount Lebanon","El Meten","Marjaba","مرجبا","LB_Moun_El_M_Marjaba","22734","1.67055275","33.91753073","35.75704631","","22700",""
"Mount Lebanon","El Meten","Masqa","المسقى","LB_Moun_El_M_Masqa","22627","2.05893629","33.87868989","35.64170103","","22700",""
"Mount Lebanon","El Meten","Mayasseh","مياسة","LB_Moun_El_M_Mayasseh","22539","0.73140547","33.94153067","35.6919976","","22700",""
"Mount Lebanon","El Meten","Mazraat Deir Aaoukar","مزرعة دير عوكر","LB_Moun_El_M_Mazraat_Deir","22391","0.63238155","33.93387865","35.59826238","","22700",""
"Mount Lebanon","El Meten","Mazraat El-Hdaira","مزرعة الحضيرة","LB_Moun_El_M_Mazraat_El_H","22367","0.82431084","33.93203301","35.60665766","","22700",""
"Mount Lebanon","El Meten","Mazraat Yachouaa","مزرعة يشوع","LB_Moun_El_M_Mazraat_Yach","22475","1.73096646","33.93057802","35.63315375","","22700",""
"Mount Lebanon","El Meten","Mchikha","مشيخا","LB_Moun_El_M_Mchikha","22717","0.81126888","33.88426774","35.74490581","","22700",""
"Mount Lebanon","El Meten","Menqlet Mezher","مزهر","LB_Moun_El_M_Menqlet_Mezh","22319","0.69690725","33.90828381","35.59833635","","22700",""
"Mount Lebanon","El Meten","Mhaidset Matn","محيدثة المتن","LB_Moun_El_M_Mhaidset_Mat","22515","0.9228906","33.92197569","35.69431109","","22700",""
"Mount Lebanon","El Meten","Mkalles","مكلس","LB_Moun_El_M_Mkalles","22279","1.56129514","33.86062707","35.55679866","","22700",""
"Mount Lebanon","El Meten","Mrouj","المروج","LB_Moun_El_M_Mrouj","22733","1.30395221","33.90982828","35.75714311","","22700",""
"Mount Lebanon","El Meten","Mtain","المتين","LB_Moun_El_M_Mtain","22711","50.67148738","33.91957749","35.80698314","","22700",""
"Mount Lebanon","El Meten","Mtayleb","مطيلب","LB_Moun_El_M_Mtayleb","22447","1.39221291","33.92243935","35.61240732","","22700",""
"Mount Lebanon","El Meten","Mzakkeh","مزكة","LB_Moun_El_M_Mzakkeh","22651","2.17204307","33.89598863","35.64363299","","22700",""
"Mount Lebanon","El Meten","Nabay","نابيه","LB_Moun_El_M_Nabay","22443","3.87662897","33.90395988","35.62429684","","22700",""
"Mount Lebanon","El Meten","Naqqach","نقاش","LB_Moun_El_M_Naqqach","22335","2.51226061","33.92371817","35.59324614","","22700",""
"Mount Lebanon","El Meten","Ouadi Chahine","وادي شاهين","LB_Moun_El_M_Ouadi_Chahin","22519","0.22822075","33.93164556","35.69324683","","22700",""
"Mount Lebanon","El Meten","Ouadi El-Karm El-Matn","وادي الكرم المتن","LB_Moun_El_M_Ouadi_El_Kar","22791","1.57088081","33.95321649","35.75161788","","22700",""
"Mount Lebanon","El Meten","Ouata El-Mrouj","وطى المروج","LB_Moun_El_M_Ouata_El_Mro","22731","0.79883994","33.90864889","35.73574726","","22700",""
"Mount Lebanon","El Meten","Qaaqour","القعقور","LB_Moun_El_M_Qaaqour","22744","2.58665099","33.89487129","35.71981755","","22700",""
"Mount Lebanon","El Meten","Qannebet Salima","قنابة صليما","LB_Moun_El_M_Qannebet_Sal","22683","0.85797583","33.88622398","35.69272471","","22700",""
"Mount Lebanon","El Meten","Qennabet Broummana","قنابة برمانا","LB_Moun_El_M_Qennabet_Bro","22643","1.1105524","33.89217751","35.61847988","","22700",""
"Mount Lebanon","El Meten","Qornet Chehouane","قرنة شهوان","LB_Moun_El_M_Qornet_Cheho","22455","4.63279193","33.9162084","35.62666325","","22700",""
"Mount Lebanon","El Meten","Qornet El-Hamra","قرنة الحمرا","LB_Moun_El_M_Qornet_El_Ha","22595","2.28321002","33.93499638","35.64841046","","22700",""
"Mount Lebanon","El Meten","Roumieh","روميه المتن","LB_Moun_El_M_Roumieh","22427","5.05613795","33.88500561","35.60230581","","22700",""
"Mount Lebanon","El Meten","Sfeilet Bikfaya","سفيلة بكفيا","LB_Moun_El_M_Sfeilet_Bikf","22567","0.70008767","33.94337329","35.69841045","","22700",""
"Mount Lebanon","El Meten","Sinn El-Fil","سن الفيل","LB_Moun_El_M_Sinn_El_Fil","22155","2.30559062","33.8764007","35.5350559","","22700",""
"Mount Lebanon","El Meten","Zabbougha","زبوغا","LB_Moun_El_M_Zabbougha","22794","2.36599004","33.95220873","35.73545102","","22700",""
"Mount Lebanon","El Meten","Zakrit","زكريت","LB_Moun_El_M_Zakrit","22483","0.99656816","33.9384034","35.62941518","","22700",""
"Mount Lebanon","El Meten","Zalqa","الزلقا","LB_Moun_El_M_Zalqa","22351","0.89627982","33.89908924","35.57962534","","22700",""
"Mount Lebanon","El Meten","Zaraaoun","زرعون","LB_Moun_El_M_Zaraaoun","22741","1.15831373","33.89755702","35.70801122","","22700",""
"Mount Lebanon","El Meten","Zighrine El-Matn","زغرين المتن","LB_Moun_El_M_Zighrine_El_","22771","1.44522319","33.92253392","35.71451181","","22700",""
"Mount Lebanon","El Meten","Zouk El-Kharab","ذوق الخراب","LB_Moun_El_M_Zouk_El_Khar","22467","2.52536971","33.94830282","35.59989193","","22700",""
"Mount Lebanon","Jbeil","Aabaydat","عبيدات","LB_Moun_Jbei_Aabaydat","26256","2.63082362","34.1638069","35.72481355","","22700",""
"Mount Lebanon","Jbeil","Aain Ed-Delbeh Jbayl","عين الدلبة جبيل","LB_Moun_Jbei_Aain_Ed_Delb","26221","0.98690228","34.09100372","35.7646197","","22700",""
"Mount Lebanon","Jbeil","Aain El-Ghouaybeh","عين الغويبة","LB_Moun_Jbei_Aain_El_Ghou","26317","0.63707364","34.08353234","35.85866381","","22700",""
"Mount Lebanon","Jbeil","Aain Jrain","عين جرين","LB_Moun_Jbei_Aain_Jrain","26227","1.9672381","34.08390112","35.76677575","","22700",""
"Mount Lebanon","Jbeil","Aain Kfaa","عين كفاع","LB_Moun_Jbei_Aain_Kfaa","26289","2.14528866","34.18695016","35.6967108","","22700",""
"Mount Lebanon","Jbeil","Aalita","عاليتا","LB_Moun_Jbei_Aalita","26219","0.71705959","34.09046008","35.69252207","","22700",""
"Mount Lebanon","Jbeil","Aalmat Ech-Chamliyeh","علمات الشمالية","LB_Moun_Jbei_Aalmat_Ech_C","26212","3.92095571","34.11027156","35.7853085","","22700",""
"Mount Lebanon","Jbeil","Aalmat Ej-Jnoubiyeh","حصنا","LB_Moun_Jbei_Aalmat_Ej_Jn","26214","9.01325858","34.10729028","35.81932212","","22700",""
"Mount Lebanon","Jbeil","Aamchit","عمشيت","LB_Moun_Jbei_Aamchit","26141","5.81874917","34.14850753","35.64171136","","22700",""
"Mount Lebanon","Jbeil","Aaqoura","عاقورة","LB_Moun_Jbei_Aaqoura","26371","100.4867613","34.10229757","35.9608216","","22700",""
"Mount Lebanon","Jbeil","Aarab El-Lahib","عرب اللهيب","LB_Moun_Jbei_Aarab_El_Lah","26374","0.62389815","34.15295622","35.8955707","","22700",""
"Mount Lebanon","Jbeil","Aarasta","عرستا","LB_Moun_Jbei_Aarasta","26392","0.76666959","34.08229861","35.88098189","","22700",""
"Mount Lebanon","Jbeil","Adonis Jbayl","ادونيس","LB_Moun_Jbei_Adonis_Jbayl","26239","2.06120981","34.08167496","35.73171498","","22700",""
"Mount Lebanon","Jbeil","Afqa Jbayl","افقا","LB_Moun_Jbei_Afqa_Jbayl","26364","5.95047667","34.06508828","35.91855111","","22700",""
"Mount Lebanon","Jbeil","Bayzoun","بزيون","LB_Moun_Jbei_Bayzoun","26299","1.00212347","34.09462646","35.75359454","","22700",""
"Mount Lebanon","Jbeil","Bchille Jbayl","بشلّلي","LB_Moun_Jbei_Bchille_Jbay","26244","1.53186567","34.10368117","35.71257463","","22700",""
"Mount Lebanon","Jbeil","Behdaydat","بحديدات","LB_Moun_Jbei_Behdaydat","26259","1.1456777","34.1488093","35.70846461","","22700",""
"Mount Lebanon","Jbeil","Beit Habbaq","بيت حبّاق","LB_Moun_Jbei_Beit_Habbaq","26271","0.75482688","34.16288484","35.70528899","","22700",""
"Mount Lebanon","Jbeil","Bejjeh","بجه","LB_Moun_Jbei_Bejjeh","26276","5.02287093","34.18309958","35.71560584","","22700",""
"Mount Lebanon","Jbeil","Bekhaaz","بخعاز","LB_Moun_Jbei_Bekhaaz","26297","1.67303485","34.1886294","35.66418929","","22700",""
"Mount Lebanon","Jbeil","Berbara Jbayl","بربارة","LB_Moun_Jbei_Berbara_Jbay","26183","3.15350444","34.19553419","35.64490289","","22700",""
"Mount Lebanon","Jbeil","Bichtlida","بشتليدا","LB_Moun_Jbei_Bichtlida","26243","3.90363097","34.12921654","35.71198103","","22700",""
"Mount Lebanon","Jbeil","Bintaael","بنتاعل","LB_Moun_Jbei_Bintaael","26269","4.15993558","34.14088151","35.69857756","","22700",""
"Mount Lebanon","Jbeil","Birket Hjoula","بركة حجولا","LB_Moun_Jbei_Birket_Hjoul","26237","3.62147625","34.14724697","35.72861166","","22700",""
"Mount Lebanon","Jbeil","Blat Jbeil","بلاط","LB_Moun_Jbei_Blat_Jbeil","26129","6.82492205","34.11052973","35.67812852","","22700",""
"Mount Lebanon","Jbeil","Bmehrayn","بمهرين","LB_Moun_Jbei_Bmehrayn","26283","1.14715809","34.12181617","35.67859166","","22700",""
"Mount Lebanon","Jbeil","Boulhos","بلحص","LB_Moun_Jbei_Boulhos","26354","2.90452574","34.09529403","35.80644701","","22700",""
"Mount Lebanon","Jbeil","Brayj Jbayl","بريج","LB_Moun_Jbei_Brayj_Jbayl","26253","1.03219299","34.11888297","35.69992565","","22700",""
"Mount Lebanon","Jbeil","Chamate","شامات","LB_Moun_Jbei_Chamate","26279","1.07947445","34.1650297","35.69881302","","22700",""
"Mount Lebanon","Jbeil","Chikhane","شيخان","LB_Moun_Jbei_Chikhane","26295","1.45203908","34.17334686","35.65935001","","22700",""
"Mount Lebanon","Jbeil","Chmout","شموت","LB_Moun_Jbei_Chmout","26296","1.12288016","34.19746494","35.66763493","","22700",""
"Mount Lebanon","Jbeil","Eddeh Jbayl","إده","LB_Moun_Jbei_Eddeh_Jbayl","26135","3.97461582","34.14156152","35.66625166","","22700",""
"Mount Lebanon","Jbeil","Ehmej","اهمج","LB_Moun_Jbei_Ehmej","26211","17.41352913","34.13007427","35.81536556","","22700",""
"Mount Lebanon","Jbeil","Fatre","فتري","LB_Moun_Jbei_Fatre","26266","2.93618833","34.08590251","35.70466861","","22700",""
"Mount Lebanon","Jbeil","Ferhet","فرحت","LB_Moun_Jbei_Ferhet","26217","1.09231758","34.10044634","35.74290616","","22700",""
"Mount Lebanon","Jbeil","Fghal","فغال","LB_Moun_Jbei_Fghal","26298","2.1915646","34.20670819","35.66367589","","22700",""
"Mount Lebanon","Jbeil","Frat","فرات","LB_Moun_Jbei_Frat","26223","2.96073763","34.08725704","35.79213453","","22700",""
"Mount Lebanon","Jbeil","Ghabat","غابات","LB_Moun_Jbei_Ghabat","26337","0.61698019","34.07877164","35.87072304","","22700",""
"Mount Lebanon","Jbeil","Ghalboun","غلبون","LB_Moun_Jbei_Ghalboun","26277","2.37217866","34.17496619","35.70242838","","22700",""
"Mount Lebanon","Jbeil","Gharzouz","غرزوز","LB_Moun_Jbei_Gharzouz","26294","2.97541806","34.17944795","35.66861612","","22700",""
"Mount Lebanon","Jbeil","Ghofrine","غرفين","LB_Moun_Jbei_Ghofrine","26291","2.04527399","34.15573914","35.66266849","","22700",""
"Mount Lebanon","Jbeil","Habil","هابيل","LB_Moun_Jbei_Habil","26234","1.07816472","34.15103485","35.73809013","","22700",""
"Mount Lebanon","Jbeil","Halate","حالات","LB_Moun_Jbei_Halate","26147","9.60279016","34.08630368","35.66747194","","22700",""
"Mount Lebanon","Jbeil","Haqel","حقل","LB_Moun_Jbei_Haqel","26247","4.59948421","34.16755386","35.74458317","","22700",""
"Mount Lebanon","Jbeil","Hasrayel","حصرايل","LB_Moun_Jbei_Hasrayel","26153","2.5888434","34.16423688","35.65963054","","22700",""
"Mount Lebanon","Jbeil","Hbaline","حبالين","LB_Moun_Jbei_Hbaline","26281","1.73968178","34.15889443","35.68612278","","22700",""
"Mount Lebanon","Jbeil","Hboub","حبوب","LB_Moun_Jbei_Hboub","26284","2.39147475","34.12768787","35.68781273","","22700",""
"Mount Lebanon","Jbeil","Hdeine","هدينة","LB_Moun_Jbei_Hdeine","26324","1.14550148","34.09229334","35.87059048","","22700",""
"Mount Lebanon","Jbeil","Hema Er-Rehban","حمى الرهبان","LB_Moun_Jbei_Hema_Er_Rehb","26390","1.72521198","34.14635587","35.86129331","","22700",""
"Mount Lebanon","Jbeil","Hema Mar Maroun Aannaya","حمى مار مارون عنَايا","LB_Moun_Jbei_Hema_Mar_Mar","26388","0.15212199","34.13241351","35.84931118","","22700",""
"Mount Lebanon","Jbeil","Hjoula","حجولا","LB_Moun_Jbei_Hjoula","26226","5.28070652","34.13258879","35.7417454","","22700",""
"Mount Lebanon","Jbeil","Hsarat","حصارات","LB_Moun_Jbei_Hsarat","26286","2.51539607","34.16859465","35.68244689","","22700",""
"Mount Lebanon","Jbeil","Hsoun","حصون","LB_Moun_Jbei_Hsoun","26229","3.25759215","34.09438764","35.73761773","","22700",""
"Mount Lebanon","Jbeil","Jaj","جاج","LB_Moun_Jbei_Jaj","26381","11.73675924","34.16139933","35.82556015","","22700",""
"Mount Lebanon","Jbeil","Janneh","جنة","LB_Moun_Jbei_Janneh","26327","0.61255172","34.08100695","35.83098606","","22700",""
"Mount Lebanon","Jbeil","Jbayl","جبيل","LB_Moun_Jbei_Jbayl","26111","4.12139961","34.12337464","35.65575759","","22700",""
"Mount Lebanon","Jbeil","Jeoddayel Jbayl","جدايل","LB_Moun_Jbei_Jeoddayel_Jb","26165","1.0472589","34.16306894","35.64630111","","22700",""
"Mount Lebanon","Jbeil","Jlisseh","جليسه","LB_Moun_Jbei_Jlisseh","26274","1.3908878","34.11359029","35.69425234","","22700",""
"Mount Lebanon","Jbeil","Jouret El-Qattine","جورة القطين","LB_Moun_Jbei_Jouret_El_Qa","26236","1.59467762","34.10452419","35.72786719","","22700",""
"Mount Lebanon","Jbeil","Kafr","كفر الفتوح","LB_Moun_Jbei_Kafr","26273","0.97713512","34.15320462","35.69577319","","22700",""
"Mount Lebanon","Jbeil","Kfar Baal","كفر بعال","LB_Moun_Jbei_Kfar_Baal","26224","2.89179458","34.11350829","35.74938927","","22700",""
"Mount Lebanon","Jbeil","Kfar Kiddeh","كفر كده","LB_Moun_Jbei_Kfar_Kiddeh","26189","1.33999784","34.20044579","35.65622845","","22700",""
"Mount Lebanon","Jbeil","Kfar Mashoun","كفر مسحون","LB_Moun_Jbei_Kfar_Mashoun","26287","1.94546764","34.14703039","35.67846345","","22700",""
"Mount Lebanon","Jbeil","Kfar Qouas","كفر قواص","LB_Moun_Jbei_Kfar_Qouas","26264","0.47715214","34.12338693","35.70056767","","22700",""
"Mount Lebanon","Jbeil","Kfoun","كفون","LB_Moun_Jbei_Kfoun","26267","1.8600536","34.15515882","35.71239581","","22700",""
"Mount Lebanon","Jbeil","Kharbet Jbayl","خاربة جبيل","LB_Moun_Jbei_Kharbet_Jbay","26249","1.82562142","34.1768842","35.74562668","","22700",""
"Mount Lebanon","Jbeil","Laqlouq","اللقلوق","LB_Moun_Jbei_Laqlouq","26361","2.12986578","34.1336371","35.86577201","","22700",""
"Mount Lebanon","Jbeil","Lassa","لاسا","LB_Moun_Jbei_Lassa","26331","7.30889254","34.06771434","35.84825477","","22700",""
"Mount Lebanon","Jbeil","Lehfed","لحفد","LB_Moun_Jbei_Lehfed","26233","5.28490273","34.16437087","35.76984061","","22700",""
"Mount Lebanon","Jbeil","Maad","معاد","LB_Moun_Jbei_Maad","26293","3.33451667","34.19107191","35.6807737","","22700",""
"Mount Lebanon","Jbeil","Majdel El-Aqoura","المجدل","LB_Moun_Jbei_Majdel_El_Aq","26357","15.41054499","34.08721225","35.90333444","","22700",""
"Mount Lebanon","Jbeil","Mar Sarkis","دير مار سركيس","LB_Moun_Jbei_Mar_Sarkis","26314","0.98967518","34.09642029","35.85899326","","22700",""
"Mount Lebanon","Jbeil","Mastita","مستيتا","LB_Moun_Jbei_Mastita","26117","0.89581432","34.10455697","35.65689725","","22700",""
"Mount Lebanon","Jbeil","Mayfouq","ميفوق","LB_Moun_Jbei_Mayfouq","26257","5.88005569","34.18416312","35.76408725","","22700",""
"Mount Lebanon","Jbeil","Mazraat El-Maaden","مزرعة المعادن","LB_Moun_Jbei_Mazraat_El_M","26213","0.88500108","34.11789415","35.79623211","","22700",""
"Mount Lebanon","Jbeil","Mazraat Es Siyad","مزرعة السياد","LB_Moun_Jbei_Mazraat_Es_S","26321","7.91064938","34.11674006","35.85739689","","22700",""
"Mount Lebanon","Jbeil","Mchaneh","مشان","LB_Moun_Jbei_Mchaneh","26231","2.07601167","34.08101323","35.74901553","","22700",""
"Mount Lebanon","Jbeil","Mghayreh Jbeil","مغيره","LB_Moun_Jbei_Mghayreh_Jbe","26341","2.62806397","34.10865278","35.8808147","","22700",""
"Mount Lebanon","Jbeil","Michmich Jbayl","مشمش جبيل","LB_Moun_Jbei_Michmich_Jba","26218","13.71076396","34.14124789","35.77568668","","22700",""
"Mount Lebanon","Jbeil","Mounsef","المنصف","LB_Moun_Jbei_Mounsef","26177","3.40668975","34.1805075","35.64347023","","22700",""
"Mount Lebanon","Jbeil","Nahr Ibrahim","نهر ابراهيم","LB_Moun_Jbei_Nahr_Ibrahim","26171","1.461643","34.06743935","35.64971466","","22700",""
"Mount Lebanon","Jbeil","Qahmez","قهمز","LB_Moun_Jbei_Qahmez","26367","12.4203596","34.05987276","35.80973047","","22700",""
"Mount Lebanon","Jbeil","Qartaba","قرطبا","LB_Moun_Jbei_Qartaba","26311","8.49830466","34.09827521","35.83726634","","22700",""
"Mount Lebanon","Jbeil","Qartaboun","قرطبون","LB_Moun_Jbei_Qartaboun","26123","0.75351441","34.11043522","35.65550447","","22700",""
"Mount Lebanon","Jbeil","Qorqraiya","قرقريا","LB_Moun_Jbei_Qorqraiya","26351","3.27079023","34.07830606","35.80481822","","22700",""
"Mount Lebanon","Jbeil","Qottara Jbayl","قطارة","LB_Moun_Jbei_Qottara_Jbay","26251","2.23396784","34.17824526","35.80106381","","22700",""
"Mount Lebanon","Jbeil","Ramout","الراموط","LB_Moun_Jbei_Ramout","26261","0.14401605","34.16602571","35.71255746","","22700",""
"Mount Lebanon","Jbeil","Ras Osta","راس اسطا","LB_Moun_Jbei_Ras_Osta","26241","4.28475585","34.11807506","35.72617297","","22700",""
"Mount Lebanon","Jbeil","Rihanet Jbayl","ريحانة","LB_Moun_Jbei_Rihanet_Jbay","26159","1.01283847","34.16839668","35.63582984","","22700",""
"Mount Lebanon","Jbeil","Saqi Richmaya","سقي رشميا","LB_Moun_Jbei_Saqi_Richmay","26377","6.70892665","34.15216587","35.80407417","","22700",""
"Mount Lebanon","Jbeil","Saqiet El-Khayt","ساقية الخيط","LB_Moun_Jbei_Saqiet_El_Kh","26263","0.34249153","34.16175404","35.7148813","","22700",""
"Mount Lebanon","Jbeil","Sebrine","سربين","LB_Moun_Jbei_Sebrine","26254","0.95916279","34.11099288","35.71120656","","22700",""
"Mount Lebanon","Jbeil","Seraaiita","سرعيتا","LB_Moun_Jbei_Seraaiita","26334","1.10850086","34.08376082","35.87016164","","22700",""
"Mount Lebanon","Jbeil","Souanet Jbayl","صوانة","LB_Moun_Jbei_Souanet_Jbay","26220","0.76762149","34.09461075","35.77122867","","22700",""
"Mount Lebanon","Jbeil","Tadmor","تدمر","LB_Moun_Jbei_Tadmor","26344","0.39570996","34.10444567","35.86834643","","22700",""
"Mount Lebanon","Jbeil","Tartij","ترتج","LB_Moun_Jbei_Tartij","26384","11.28560162","34.17514504","35.84211829","","22700",""
"Mount Lebanon","Jbeil","Tourzaiya","طورزيا","LB_Moun_Jbei_Tourzaiya","26215","2.00708202","34.10969052","35.75655344","","22700",""
"Mount Lebanon","Jbeil","Yanouh Jbayl","يانوح","LB_Moun_Jbei_Yanouh_Jbayl","26347","1.47244465","34.09706805","35.88218015","","22700",""
"Mount Lebanon","Jbeil","Zibdine Jbayl","زبدين","LB_Moun_Jbei_Zibdine_Jbay","26246","3.05670156","34.09499411","35.70842925","","22700",""
"Mount Lebanon","Kesrwane","Aachqout","عشقوت","LB_Moun_Kesr_Aachqout","25423","5.88173314","33.9911491","35.70584708","","22700",""
"Mount Lebanon","Kesrwane","Aain Ed-Delbeh Kesrouane","عين الدلبة","LB_Moun_Kesr_Aain_Ed_Delb","25463","1.43847222","34.03926003","35.7661091","","22700",""
"Mount Lebanon","Kesrwane","Aain Er-Rihane","عين الريحان","LB_Moun_Kesr_Aain_Er_Riha","25251","2.04656351","33.96246484","35.64477659","","22700",""
"Mount Lebanon","Kesrwane","Aajaltoun","عجلتون","LB_Moun_Kesr_Aajaltoun","25211","6.41348381","33.96081884","35.68548046","","22700",""
"Mount Lebanon","Kesrwane","Aaqaibeh Kesrouane","عقيبة","LB_Moun_Kesr_Aaqaibeh_Kes","25171","1.51879109","34.05351435","35.64349146","","22700",""
"Mount Lebanon","Kesrwane","Aaramoun Kesrouane","عرمون كسروان","LB_Moun_Kesr_Aaramoun_Kes","25327","1.47969864","34.01871999","35.69912938","","22700",""
"Mount Lebanon","Kesrwane","Aazra ouel Aazr","عذره والعذر","LB_Moun_Kesr_Aazra_ouel_A","25361","1.12604367","34.06274142","35.70349826","","22700",""
"Mount Lebanon","Kesrwane","Adma Oua Dafine","أدما والدفنه","LB_Moun_Kesr_Adma_Oua_Daf","25156","2.79575077","34.02284267","35.64715843","","22700",""
"Mount Lebanon","Kesrwane","Aintoura Kesrouane","عينطورة","LB_Moun_Kesr_Aintoura_Kes","25271","0.71147415","33.95968403","35.63510486","","22700",""
"Mount Lebanon","Kesrwane","Balloune","بلونة","LB_Moun_Kesr_Balloune","25221","3.9306913","33.95190662","35.6722052","","22700",""
"Mount Lebanon","Kesrwane","Batha","بطحا","LB_Moun_Kesr_Batha","25325","0.63109187","33.98957123","35.66306127","","22700",""
"Mount Lebanon","Kesrwane","Beqaata Aachqout","بقعاتة عشقوت","LB_Moun_Kesr_Beqaata_Aach","25431","2.73392792","34.00558207","35.73236017","","22700",""
"Mount Lebanon","Kesrwane","Beqaata Kanaan","بقعاتة كنعان","LB_Moun_Kesr_Beqaata_Kana","25443","3.10607431","33.96421864","35.76193213","","22700",""
"Mount Lebanon","Kesrwane","Bizhel","بزحل","LB_Moun_Kesr_Bizhel","25369","2.63761501","34.07777255","35.69477883","","22700",""
"Mount Lebanon","Kesrwane","Bouar","بوار","LB_Moun_Kesr_Bouar","25166","2.01995855","34.04366234","35.64307975","","22700",""
"Mount Lebanon","Kesrwane","Bourj El-Ftouh","فتقا","LB_Moun_Kesr_Bourj_El_Fto","25313","4.1359524","34.03406717","35.66542617","","22700",""
"Mount Lebanon","Kesrwane","Bqaatouta","بقعتوتا","LB_Moun_Kesr_Bqaatouta","25451","5.15454978","33.97406639","35.7814436","","22700",""
"Mount Lebanon","Kesrwane","Bqaq Ed-Dine","بقاق الدين","LB_Moun_Kesr_Bqaq_Ed_Dine","25176","1.00104232","34.05939303","35.64720131","","22700",""
"Mount Lebanon","Kesrwane","Bzoummar","بزمار","LB_Moun_Kesr_Bzoummar","25337","0.94057288","33.98620493","35.68403128","","22700",""
"Mount Lebanon","Kesrwane","Chahtoul","شحتول","LB_Moun_Kesr_Chahtoul","25351","2.89849108","34.03395831","35.72544893","","22700",""
"Mount Lebanon","Kesrwane","Chnanaair","شننعير","LB_Moun_Kesr_Chnanaair","25315","2.28819617","34.00440755","35.66407448","","22700",""
"Mount Lebanon","Kesrwane","Chouane","شوان","LB_Moun_Kesr_Chouane","25479","4.12167952","34.07294872","35.77489695","","22700",""
"Mount Lebanon","Kesrwane","Daraaoun","درعون","LB_Moun_Kesr_Daraaoun","25347","3.81458594","33.97482787","35.65335489","","22700",""
"Mount Lebanon","Kesrwane","Daraiya Kesrouane","داريا كسروان","LB_Moun_Kesr_Daraiya_Kesr","25241","0.90572453","33.95274419","35.69839992","","22700",""
"Mount Lebanon","Kesrwane","Deir Baqlouch","دير بقلوش","LB_Moun_Kesr_Deir_Baqlouc","25335","0.29380819","33.99019969","35.65819391","","22700",""
"Mount Lebanon","Kesrwane","Dlebta","دلبتا","LB_Moun_Kesr_Dlebta","25323","3.2321089","34.00801129","35.69279213","","22700",""
"Mount Lebanon","Kesrwane","Faraya","فاريا","LB_Moun_Kesr_Faraya","25475","8.70012191","34.02518273","35.83897019","","22700",""
"Mount Lebanon","Kesrwane","Faytroun","فيطرون","LB_Moun_Kesr_Faytroun","25427","7.43279507","33.99532002","35.74070375","","22700",""
"Mount Lebanon","Kesrwane","Ghazir","غزير","LB_Moun_Kesr_Ghazir","25311","5.41341685","34.0167033","35.66854939","","22700",""
"Mount Lebanon","Kesrwane","Ghbaleh Kesrouane","غبالة","LB_Moun_Kesr_Ghbaleh_Kesr","25363","2.71052343","34.05458712","35.72056251","","22700",""
"Mount Lebanon","Kesrwane","Ghidras","غدراس","LB_Moun_Kesr_Ghidras","25331","3.0389139","34.04694957","35.68215855","","22700",""
"Mount Lebanon","Kesrwane","Ghineh","غينة","LB_Moun_Kesr_Ghineh","25343","1.98544061","34.03925742","35.70858432","","22700",""
"Mount Lebanon","Kesrwane","Ghosta","غوسطا","LB_Moun_Kesr_Ghosta","25319","4.60563261","33.98649623","35.67145793","","22700",""
"Mount Lebanon","Kesrwane","Harharaya","هرهريا","LB_Moun_Kesr_Harharaya","25333","1.66874953","34.0286446","35.70339511","","22700",""
"Mount Lebanon","Kesrwane","Harissa Kesrouane","حريصا","LB_Moun_Kesr_Harissa_Kesr","25339","0.52674826","33.98119333","35.65008066","","22700",""
"Mount Lebanon","Kesrwane","Hayata","حياطة","LB_Moun_Kesr_Hayata","25349","2.21235923","34.02437326","35.72237714","","22700",""
"Mount Lebanon","Kesrwane","Hrajel","حراجل","LB_Moun_Kesr_Hrajel","25471","12.29261989","34.02880504","35.80651327","","22700",""
"Mount Lebanon","Kesrwane","Hsayn","حصين","LB_Moun_Kesr_Hsayn","25345","1.36680335","34.0507369","35.70952979","","22700",""
"Mount Lebanon","Kesrwane","Ighbeh","إغبة","LB_Moun_Kesr_Ighbeh","25391","1.62579284","34.01360772","35.71021574","","22700",""
"Mount Lebanon","Kesrwane","Jaaita","جعيتا","LB_Moun_Kesr_Jaaita","25261","2.90543236","33.94911668","35.64249188","","22700",""
"Mount Lebanon","Kesrwane","Jdaidet Ghazir","جديدة غزير","LB_Moun_Kesr_Jdaidet_Ghaz","25317","0.51357679","34.01887484","35.68979323","","22700",""
"Mount Lebanon","Kesrwane","Jounie Ghadir","غادير","LB_Moun_Kesr_Jounie_Ghadi","25121","2.1372627","33.97557205","35.6355718","","22700",""
"Mount Lebanon","Kesrwane","Jounie Haret Sakhr","حارة صخر","LB_Moun_Kesr_Jounie_Haret","25131","1.70769286","33.9904776","35.64291504","","22700",""
"Mount Lebanon","Kesrwane","Jounieh Sarba","صربا","LB_Moun_Kesr_Jounieh_Sarb","25111","1.93678823","33.98037791","35.62061026","","22700",""
"Mount Lebanon","Kesrwane","Jouret Bedrane","جورة بدران","LB_Moun_Kesr_Jouret_Bedra","25365","1.20321486","34.06461776","35.71748837","","22700",""
"Mount Lebanon","Kesrwane","Jouret E-Tourmos","جورة الترمس","LB_Moun_Kesr_Jouret_E_Tou","25355","1.2219103","34.04646215","35.7195876","","22700",""
"Mount Lebanon","Kesrwane","Jouret Mhad","جورة مهاد","LB_Moun_Kesr_Jouret_Mhad","25359","1.11830345","34.0362434","35.7380884","","22700",""
"Mount Lebanon","Kesrwane","Kfar Dibiane","كفر دبيان","LB_Moun_Kesr_Kfar_Dibiane","25439","29.59081464","33.98311158","35.78252765","","22700",""
"Mount Lebanon","Kesrwane","Kfar Tay Kesrouane","دير زرعيا","LB_Moun_Kesr_Kfar_Tay_Kes","25447","0.70939879","33.96248976","35.74696417","","22700",""
"Mount Lebanon","Kesrwane","Kfar Yassine","كفر ياسين","LB_Moun_Kesr_Kfar_Yassine","25146","1.30469272","34.02135968","35.63453465","","22700",""
"Mount Lebanon","Kesrwane","Kfour Kesrouane","الكفور","LB_Moun_Kesr_Kfour_Kesrou","25329","4.25697463","34.03386094","35.69057099","","22700",""
"Mount Lebanon","Kesrwane","Kharayeb Nahr Ibrahim","زاير","LB_Moun_Kesr_Kharayeb_Nah","25181","0.34503663","34.06901088","35.65786553","","22700",""
"Mount Lebanon","Kesrwane","Maarab","معراب","LB_Moun_Kesr_Maarab","25321","1.11200309","33.99934225","35.68416719","","22700",""
"Mount Lebanon","Kesrwane","Maaysra Kesrouane","المعيصرة","LB_Moun_Kesr_Maaysra_Kesr","25357","4.11281384","34.06903673","35.67418865","","22700",""
"Mount Lebanon","Kesrwane","Mayrouba","ميروبا","LB_Moun_Kesr_Mayrouba","25459","8.22881617","34.03000219","35.77828933","","22700",""
"Mount Lebanon","Kesrwane","Mazraat Er-Ras","مزرعة الراس","LB_Moun_Kesr_Mazraat_Er_R","25281","1.08001545","33.95315005","35.63290272","","22700",""
"Mount Lebanon","Kesrwane","Mazraat Mrah El-Mir","مراح المير","LB_Moun_Kesr_Mazraat_Mrah","25419","0.97054493","33.96293396","35.70116124","","22700",""
"Mount Lebanon","Kesrwane","Mchaa El Ftouh","مشاع الفتوح","LB_Moun_Kesr_Mchaa_El_Fto","25488","32.3733948","34.03860791","35.93273733","","22700",""
"Mount Lebanon","Kesrwane","Mchaa Faraya","مشاع فاريا","LB_Moun_Kesr_Mchaa_Faraya","25485","8.19461925","34.03677431","35.85843472","","22700",""
"Mount Lebanon","Kesrwane","Mchaa Kfar Dibiane","مشاع كفر ذبيان","LB_Moun_Kesr_Mchaa_Kfar_D","25482","32.81569813","33.97991815","35.85995783","","22700",""
"Mount Lebanon","Kesrwane","Mghayer","المغاير","LB_Moun_Kesr_Mghayer","25467","0.94618938","34.03893172","35.77076821","","22700",""
"Mount Lebanon","Kesrwane","Mradiyeh","مرادية","LB_Moun_Kesr_Mradiyeh","25367","1.04252326","34.07229507","35.70950194","","22700",""
"Mount Lebanon","Kesrwane","Nahr Ed-Dahab","نهر الدهب","LB_Moun_Kesr_Nahr_Ed_Daha","25371","7.8987995","34.05497546","35.7563216","","22700",""
"Mount Lebanon","Kesrwane","Nammoura Kesrouane","نمورة","LB_Moun_Kesr_Nammoura_Kes","25341","2.91370542","34.05237052","35.67063024","","22700",""
"Mount Lebanon","Kesrwane","Ouata El-Jaouz","وطى الجوز","LB_Moun_Kesr_Ouata_El_Jao","25455","7.43166086","34.02830081","35.75271544","","22700",""
"Mount Lebanon","Kesrwane","Ouata Sillam","وطى سلام","LB_Moun_Kesr_Ouata_Sillam","25141","1.08315487","34.02253144","35.62652071","","22700",""
"Mount Lebanon","Kesrwane","Qleiaat Kesrouane","قليعات كسروان","LB_Moun_Kesr_Qleiaat_Kesr","25415","6.46170053","33.96679623","35.71562466","","22700",""
"Mount Lebanon","Kesrwane","Raachine","رعشين","LB_Moun_Kesr_Raachine","25435","4.36975942","34.01438164","35.73008744","","22700",""
"Mount Lebanon","Kesrwane","Rayfoun","ريفون","LB_Moun_Kesr_Rayfoun","25411","1.89349572","33.97786945","35.70100938","","22700",""
"Mount Lebanon","Kesrwane","Safra Kesrouane","صفرا كسروان","LB_Moun_Kesr_Safra_Kesrou","25161","3.03990584","34.03601218","35.63905887","","22700",""
"Mount Lebanon","Kesrwane","Sahel Aalma","ساحل علما","LB_Moun_Kesr_Sahel_Aalma","25136","2.09499193","33.99307122","35.65419645","","22700",""
"Mount Lebanon","Kesrwane","Shayleh Kesrouane","سهيلة","LB_Moun_Kesr_Shayleh_Kesr","25231","2.20648836","33.96105668","35.65949304","","22700",""
"Mount Lebanon","Kesrwane","Tabarja","طبرجا","LB_Moun_Kesr_Tabarja","25151","0.45617864","34.03017144","35.63435062","","22700",""
"Mount Lebanon","Kesrwane","Yahchouch","يحشوش","LB_Moun_Kesr_Yahchouch","25373","6.36168906","34.06860641","35.73988414","","22700",""
"Mount Lebanon","Kesrwane","Zaaitreh","زعيتره","LB_Moun_Kesr_Zaaitreh","25353","1.33925654","34.07022789","35.69791102","","22700",""
"Mount Lebanon","Kesrwane","Zaitoun","زيتون","LB_Moun_Kesr_Zaitoun","25375","2.39044821","34.06167582","35.68550719","","22700",""
"Mount Lebanon","Kesrwane","Zouk Mkayel","ذوق مكايل","LB_Moun_Kesr_Zouk_Mkayel","25116","3.23479569","33.97013061","35.61472449","","22700",""
"Mount Lebanon","Kesrwane","Zouk Mousbeh","ذوق مصبح","LB_Moun_Kesr_Zouk_Mousbeh","25126","4.67562115","33.95676999","35.61207808","","22700",""
"North","Bcharre","Aabdine","عبدين بشري","LB_Nort_Bcha_Aabdine","36121","2.67271392","34.27685512","35.88752989","","22700",""
"North","Bcharre","Bane","بان","LB_Nort_Bcha_Bane","36147","3.47260694","34.27231813","35.95985744","","22700",""
"North","Bcharre","Bazaaoun","بزعون","LB_Nort_Bcha_Bazaaoun","36181","2.26762","34.23019866","35.99191044","","22700",""
"North","Bcharre","Bcharreh","بشري","LB_Nort_Bcha_Bcharreh","36111","62.07117882","34.25827214","36.04710546","","22700",""
"North","Bcharre","Beit Menzer","بيت منذر","LB_Nort_Bcha_Beit_Menzer","36187","2.40595481","34.26391693","35.91311755","","22700",""
"North","Bcharre","Berhalioun","برحليون","LB_Nort_Bcha_Berhalioun","36137","6.67054285","34.26617073","35.87044511","","22700",""
"North","Bcharre","Billa","بلا","LB_Nort_Bcha_Billa","36117","1.26207239","34.26530633","35.89057728","","22700",""
"North","Bcharre","Blaouza","بلوزا","LB_Nort_Bcha_Blaouza","36151","1.39995198","34.26223841","35.95433371","","22700",""
"North","Bcharre","Bqaa Kafra","بقاع كفرا","LB_Nort_Bcha_Bqaa_Kafra","36191","6.96140605","34.22624833","36.02027707","","22700",""
"North","Bcharre","Bqerqacha","بقرقاشا","LB_Nort_Bcha_Bqerqacha","36184","4.8024664","34.22831931","35.99965569","","22700",""
"North","Bcharre","Breissat","بريسات","LB_Nort_Bcha_Breissat","36157","0.69423042","34.23862625","35.94225166","","22700",""
"North","Bcharre","Dimane","ديمان","LB_Nort_Bcha_Dimane","36161","4.12891321","34.23683628","35.95393193","","22700",""
"North","Bcharre","Hadath Ej-Jebbeh","حدث الجبه","LB_Nort_Bcha_Hadath_Ej_Je","36131","11.41907145","34.23633604","35.92870988","","22700",""
"North","Bcharre","Hadchit","حدشيت","LB_Nort_Bcha_Hadchit","36177","5.27491049","34.25657232","35.97728495","","22700",""
"North","Bcharre","Hasroun","حصرون","LB_Nort_Bcha_Hasroun","36171","10.07994978","34.23054745","35.97379579","","22700",""
"North","Bcharre","Mazraat Aassaf","مزرعة عساف","LB_Nort_Bcha_Mazraat_Aass","36144","1.37664191","34.24780581","35.86971301","","22700",""
"North","Bcharre","Mazraat Bani Saab","مزرعة بني صعب","LB_Nort_Bcha_Mazraat_Bani","36134","1.92147029","34.24420791","35.88725732","","22700",""
"North","Bcharre","Mchaa Ej-Jibbé","مشاع الجبه","LB_Nort_Bcha_Mchaa_Ej_Jib","36110","11.39787578","34.19453253","36.01485458","","22700",""
"North","Bcharre","Metrit","متريت","LB_Nort_Bcha_Metrit","36164","4.3302196","34.26380281","35.84151565","","22700",""
"North","Bcharre","Moghr El-Ahoual","مغر الاحول","LB_Nort_Bcha_Moghr_El_Aho","36154","1.19386673","34.28905959","35.87762738","","22700",""
"North","Bcharre","Ouadi Qannoubine","وادي قنوبين","LB_Nort_Bcha_Ouadi_Qannou","36141","3.95796168","34.26278111","35.93833822","","22700",""
"North","Bcharre","Qnat","قناة","LB_Nort_Bcha_Qnat","36127","6.62446558","34.24424097","35.90871975","","22700",""
"North","Bcharre","Qnayouer","قنيور","LB_Nort_Bcha_Qnayouer","36114","3.03881007","34.26672845","35.92407935","","22700",""
"North","Bcharre","Tourza","طورزا","LB_Nort_Bcha_Tourza","36124","4.53474666","34.27468275","35.90353256","","22700",""
"North","El Batroun","AAbdelli","عبدللي","LB_Nort_El_B_AAbdelli","34217","2.86371299","34.2073386","35.71703065","","22700",""
"North","El Batroun","Aabrine","عبرين","LB_Nort_El_B_Aabrine","34269","5.05309293","34.26086239","35.70205534","","22700",""
"North","El Batroun","Aalali","علالي","LB_Nort_El_B_Aalali","34237","1.35900133","34.20797106","35.7845681","","22700",""
"North","El Batroun","Aartiz","عرطز","LB_Nort_El_B_Aartiz","34251","0.57268353","34.23472356","35.7510409","","22700",""
"North","El Batroun","Assia","اسيا","LB_Nort_El_B_Assia","34263","9.35325641","34.21902559","35.78111613","","22700",""
"North","El Batroun","Basbina","بسبينا","LB_Nort_El_B_Basbina","34249","2.46313083","34.23647448","35.7080765","","22700",""
"North","El Batroun","Batroun","بترون","LB_Nort_El_B_Batroun","34111","4.67253056","34.25745786","35.66766029","","22700",""
"North","El Batroun","Bcheaali","بشعلة","LB_Nort_El_B_Bcheaali","34316","6.06778736","34.20234643","35.82039764","","22700",""
"North","El Batroun","Bechtoudar","بشتودار","LB_Nort_El_B_Bechtoudar","34331","5.72681896","34.22752272","35.81425723","","22700",""
"North","El Batroun","Beit Chlala","بيت شلالا","LB_Nort_El_B_Beit_Chlala","34321","2.44169085","34.22460328","35.83380278","","22700",""
"North","El Batroun","Beit Kassab","بيت كسّاب","LB_Nort_El_B_Beit_Kassab","34371","1.22525652","34.24668666","35.84720397","","22700",""
"North","El Batroun","Bijdarfil","بجدرفل","LB_Nort_El_B_Bijdarfil","34264","3.36911142","34.24789222","35.71561368","","22700",""
"North","El Batroun","Boqsmaiya","بقسميا","LB_Nort_El_B_Boqsmaiya","34277","2.63106558","34.25433032","35.7658167","","22700",""
"North","El Batroun","Chatine","شاتين","LB_Nort_El_B_Chatine","34366","6.39251849","34.17738231","35.87377614","","22700",""
"North","El Batroun","Chibtine","شبطين","LB_Nort_El_B_Chibtine","34221","5.25981097","34.21179821","35.75107115","","22700",""
"North","El Batroun","Chikka","شكَا","LB_Nort_El_B_Chikka","34188","8.03575775","34.32406786","35.74205896","","22700",""
"North","El Batroun","Daael","داعل","LB_Nort_El_B_Daael","34279","1.94234221","34.24111109","35.79714215","","22700",""
"North","El Batroun","Dahr Abi Yaghi","ضهر ابي ياغي","LB_Nort_El_B_Dahr_Abi_Yag","34211","0.78068317","34.18877271","35.72963853","","22700",""
"North","El Batroun","Daraya El-Batroun","دريا","LB_Nort_El_B_Daraya_El_Ba","34215","0.39261135","34.21341926","35.7310247","","22700",""
"North","El Batroun","Deir Billa","ديربلا","LB_Nort_El_B_Deir_Billa","34374","3.69304947","34.25310112","35.82220416","","22700",""
"North","El Batroun","Deir Kfifane","دير كفيفان","LB_Nort_El_B_Deir_Kfifane","34223","2.85849673","34.22551144","35.72888365","","22700",""
"North","El Batroun","Deir Mar Youhanna EL-Batroun","دير مار يوحنا دوما","LB_Nort_El_B_Deir_Mar_You","34326","0.55194675","34.21888392","35.83375205","","22700",""
"North","El Batroun","Deir Mar Youssef Jrabta","دير مار يوسف جربتا","LB_Nort_El_B_Deir_Mar_You","34227","1.11133512","34.20920645","35.69733971","","22700",""
"North","El Batroun","Douma","دوما","LB_Nort_El_B_Douma","34311","11.62835539","34.19602695","35.85761262","","22700",""
"North","El Batroun","Douq","دوق","LB_Nort_El_B_Douq","34218","1.74605555","34.19739602","35.74760321","","22700",""
"North","El Batroun","Edde El-Batroun","إده البترون","LB_Nort_El_B_Edde_El_Batr","34259","2.80776897","34.23530226","35.68383896","","22700",""
"North","El Batroun","Ftahat El-Batroun","فتاحات","LB_Nort_El_B_Ftahat_El_Ba","34244","0.41599334","34.23150381","35.76165607","","22700",""
"North","El Batroun","Ghouma","غوما","LB_Nort_El_B_Ghouma","34231","1.50237393","34.21404436","35.69063792","","22700",""
"North","El Batroun","Hadtoun","حدتون","LB_Nort_El_B_Hadtoun","34351","2.50847908","34.19554973","35.80208588","","22700",""
"North","El Batroun","Hamat","حامات","LB_Nort_El_B_Hamat","34287","9.92253024","34.29345666","35.69072588","","22700",""
"North","El Batroun","Harbouna","حربونا","LB_Nort_El_B_Harbouna","34253","0.7007503","34.24107941","35.7451776","","22700",""
"North","El Batroun","Hardine","حردين","LB_Nort_El_B_Hardine","34361","6.74194351","34.2387053","35.8563518","","22700",""
"North","El Batroun","Helta","حلتا","LB_Nort_El_B_Helta","34267","2.14395568","34.23864014","35.7826222","","22700",""
"North","El Batroun","Heri","هري","LB_Nort_El_B_Heri","34177","1.45378281","34.30900431","35.7184418","","22700",""
"North","El Batroun","Ijdabra","اجدبرا","LB_Nort_El_B_Ijdabra","34266","2.73203847","34.24615989","35.69187482","","22700",""
"North","El Batroun","Jebla","جبلا","LB_Nort_El_B_Jebla","34274","1.4840181","34.24634139","35.7814527","","22700",""
"North","El Batroun","Jrabta El-Batroun","جربتا","LB_Nort_El_B_Jrabta_El_Ba","34219","1.92010094","34.20128956","35.70673477","","22700",""
"North","El Batroun","Jrane El-Batroun","جران","LB_Nort_El_B_Jrane_El_Bat","34234","1.82240225","34.22517911","35.70781306","","22700",""
"North","El Batroun","Kfar Aabida","كفر عبيدا","LB_Nort_El_B_Kfar_Aabida","34144","3.58948232","34.23090357","35.66536045","","22700",""
"North","El Batroun","Kfar Hatna","كفرحتنا","LB_Nort_El_B_Kfar_Hatna","34241","0.77855065","34.23124089","35.74624418","","22700",""
"North","El Batroun","Kfar Hay","كفرحي","LB_Nort_El_B_Kfar_Hay","34271","4.95942038","34.25404076","35.74196703","","22700",""
"North","El Batroun","Kfar Hilda","كفر حلدا","LB_Nort_El_B_Kfar_Hilda","34336","3.32807447","34.23208444","35.83893273","","22700",""
"North","El Batroun","Kfar Khollos","كفر خلص","LB_Nort_El_B_Kfar_Khollos","34281","2.2077282","34.26407261","35.68212077","","22700",""
"North","El Batroun","Kfarb Shlaimane","كفر شليمان","LB_Nort_El_B_Kfarb_Shlaim","34257","0.93088476","34.23042446","35.77568116","","22700",""
"North","El Batroun","Kfifane","كفيفان","LB_Nort_El_B_Kfifane","34233","1.45485789","34.23310922","35.71906101","","22700",""
"North","El Batroun","Kfour El-Aarbi","كفور العربي","LB_Nort_El_B_Kfour_El_Aar","34341","7.21445443","34.22188253","35.87152718","","22700",""
"North","El Batroun","Koubba","كوبا","LB_Nort_El_B_Koubba","34155","1.14785239","34.27101074","35.66833479","","22700",""
"North","El Batroun","Kour","كور","LB_Nort_El_B_Kour","34246","2.85253173","34.23778396","35.73490907","","22700",""
"North","El Batroun","Mar Mama","مار ماما","LB_Nort_El_B_Mar_Mama","34226","0.95315472","34.18882069","35.75667727","","22700",""
"North","El Batroun","Masrah","مسرح","LB_Nort_El_B_Masrah","34214","1.47924695","34.18756744","35.74254161","","22700",""
"North","El Batroun","Mehmarch","محمرش","LB_Nort_El_B_Mehmarch","34236","1.70217208","34.19809893","35.7647197","","22700",""
"North","El Batroun","Mrah Chdid","مراح شديد","LB_Nort_El_B_Mrah_Chdid","34256","1.59711278","34.2263778","35.68603308","","22700",""
"North","El Batroun","Mrah El-Hajj","مراح الحاج","LB_Nort_El_B_Mrah_El_Hajj","34254","0.39278927","34.20964546","35.77807489","","22700",""
"North","El Batroun","Mrah Ez Ziyat","مراح الزيات","LB_Nort_El_B_Mrah_Ez_Ziya","34229","0.96469322","34.21808875","35.70403987","","22700",""
"North","El Batroun","Nahleh El-Batroun","نحلا البترون","LB_Nort_El_B_Nahleh_El_Ba","34273","0.61659661","34.21622376","35.80541048","","22700",""
"North","El Batroun","Niha El-Batroun","نيحا البترون","LB_Nort_El_B_Niha_El_Batr","34376","4.63773008","34.22894977","35.89173211","","22700",""
"North","El Batroun","Ouajh El-Hajjar","وجه الحجر","LB_Nort_El_B_Ouajh_El_Haj","34286","2.25622424","34.2823259","35.67569614","","22700",""
"North","El Batroun","Ouata Houb","وطى حوب","LB_Nort_El_B_Ouata_Houb","34381","3.97900906","34.19609024","35.90243061","","22700",""
"North","El Batroun","Qatnaaoun","قرنعون","LB_Nort_El_B_Qatnaaoun","34283","0.82287032","34.2721673","35.69250396","","22700",""
"North","El Batroun","Racha","راشا","LB_Nort_El_B_Racha","34247","1.93168016","34.20109831","35.78555174","","22700",""
"North","El Batroun","Rachana","راشانا","LB_Nort_El_B_Rachana","34122","1.25158642","34.21552326","35.67181726","","22700",""
"North","El Batroun","Rachkida","راشكيدا","LB_Nort_El_B_Rachkida","34276","3.64385851","34.26744548","35.71772885","","22700",""
"North","El Batroun","Ram El-Batroun","الرام البترون","LB_Nort_El_B_Ram_El_Batro","34346","1.30446792","34.185878","35.79957124","","22700",""
"North","El Batroun","Ras Nahhach","راس نحاش","LB_Nort_El_B_Ras_Nahhach","34284","3.83079966","34.28474237","35.71418073","","22700",""
"North","El Batroun","Selaata","سلعاتا","LB_Nort_El_B_Selaata","34166","2.02832073","34.28275759","35.66353779","","22700",""
"North","El Batroun","Sghar","صغار","LB_Nort_El_B_Sghar","34224","2.04092475","34.20137854","35.69116811","","22700",""
"North","El Batroun","Smar Jbayl","سمار جبيل","LB_Nort_El_B_Smar_Jbayl","34239","1.94415506","34.22066847","35.68074122","","22700",""
"North","El Batroun","Sourat El-Batroun","صورات","LB_Nort_El_B_Sourat_El_Ba","34261","2.35462851","34.24033111","35.75991188","","22700",""
"North","El Batroun","Tannourine El-Faouqa","تنورين الفوقا","LB_Nort_El_B_Tannourine_E","34386","67.32640002","34.1722735","35.94903003","","22700",""
"North","El Batroun","Tannourine Et-Tahta","تنورين التحتا","LB_Nort_El_B_Tannourine_E","34356","8.1143727","34.2050272","35.90905901","","22700",""
"North","El Batroun","Thoum","تحوم","LB_Nort_El_B_Thoum","34133","1.5429363","34.21452443","35.65703682","","22700",""
"North","El Batroun","Toula El-Batroun","تولا","LB_Nort_El_B_Toula_El_Bat","34212","2.69597287","34.20095729","35.73127136","","22700",""
"North","El Batroun","Zaneh","زان","LB_Nort_El_B_Zaneh","34243","2.70726801","34.22408562","35.75542711","","22700",""
"North","El Koura","Aaba","عبا الكورة","LB_Nort_El_K_Aaba","32143","1.59718026","34.34405389","35.83033241","","22700",""
"North","El Koura","Aafsdiq","عفصديق","LB_Nort_El_K_Aafsdiq","32127","2.74986353","34.33016801","35.78798588","","22700",""
"North","El Koura","Ain Aakrine","عين عكرين","LB_Nort_El_K_Ain_Aakrine","32135","1.16885832","34.28310558","35.84506915","","22700",""
"North","El Koura","Amioun","اميون","LB_Nort_El_K_Amioun","32111","11.40264525","34.30014034","35.80169881","","22700",""
"North","El Koura","Badbhoun","بدبهون","LB_Nort_El_K_Badbhoun","32161","4.39893543","34.33272938","35.76414025","","22700",""
"North","El Koura","Barghoun","برغون","LB_Nort_El_K_Barghoun","32163","1.40090328","34.34197381","35.7668947","","22700",""
"North","El Koura","Barsa","برصا","LB_Nort_El_K_Barsa","32187","3.42506639","34.38641001","35.82972167","","22700",""
"North","El Koura","Batroumine","بترومين","LB_Nort_El_K_Batroumine","32159","3.40462695","34.36410971","35.80872415","","22700",""
"North","El Koura","Bdebba","بدبا","LB_Nort_El_K_Bdebba","32145","1.89037113","34.3480782","35.8188674","","22700",""
"North","El Koura","Bechmizzine","بشمزين","LB_Nort_El_K_Bechmizzine","32117","5.46366277","34.32101796","35.79682892","","22700",""
"North","El Koura","Bednayel El-Koura","بدنايل الكورة","LB_Nort_El_K_Bednayel_El_","32165","1.74541672","34.2942513","35.73434144","","22700",""
"North","El Koura","Bhabbouch El-Koura","بحبوش","LB_Nort_El_K_Bhabbouch_El","32133","1.54261868","34.27728363","35.83590022","","22700",""
"North","El Koura","Bkeftine","بكفتين","LB_Nort_El_K_Bkeftine","32189","2.5602905","34.38680546","35.8611264","","22700",""
"North","El Koura","Bnehran","بنهران","LB_Nort_El_K_Bnehran","32141","2.7597366","34.27305975","35.85426893","","22700",""
"North","El Koura","Bqaiaa El-Koura","البقيعة","LB_Nort_El_K_Bqaiaa_El_Ko","32193","0.88707844","34.37126193","35.8567569","","22700",""
"North","El Koura","Bsarma","بصرما","LB_Nort_El_K_Bsarma","32125","4.63867959","34.33765289","35.84520766","","22700",""
"North","El Koura","Btaaboura","بتعبورة","LB_Nort_El_K_Btaaboura","32153","3.44541433","34.27572753","35.76105146","","22700",""
"North","El Koura","Bterram","بطرام","LB_Nort_El_K_Bterram","32119","5.5839728","34.3355711","35.81457619","","22700",""
"North","El Koura","Btouratij","بتوراتيج","LB_Nort_El_K_Btouratij","32169","3.16800811","34.36051839","35.83774182","","22700",""
"North","El Koura","Bziza","بزيزا","LB_Nort_El_K_Bziza","32121","4.71058465","34.27536569","35.81804027","","22700",""
"North","El Koura","Dar Baaechtar","دار بعشتار","LB_Nort_El_K_Dar_Baaechta","32131","5.64193375","34.27280982","35.79135511","","22700",""
"North","El Koura","Dar Chmizzine","دار شمزين","LB_Nort_El_K_Dar_Chmizzin","32129","3.43302563","34.28484051","35.77765851","","22700",""
"North","El Koura","Deddeh","دده","LB_Nort_El_K_Deddeh","32179","7.12386698","34.3765504","35.79819076","","22700",""
"North","El Koura","Deir El-Balamand","دير البلمند","LB_Nort_El_K_Deir_El_Bala","32173","1.93198308","34.3660607","35.78416859","","22700",""
"North","El Koura","Enfeh","أنفه","LB_Nort_El_K_Enfeh","32181","5.16773179","34.35114493","35.73832123","","22700",""
"North","El Koura","Fiaa","فيع","LB_Nort_El_K_Fiaa","32147","5.88506205","34.34661467","35.7855122","","22700",""
"North","El Koura","Hraiche","حريشه","LB_Nort_El_K_Hraiche","32183","4.99867097","34.37278924","35.75390279","","22700",""
"North","El Koura","Ijdaabrine","اجدعبرين","LB_Nort_El_K_Ijdaabrine","32157","2.73124639","34.27230282","35.74010037","","22700",""
"North","El Koura","Kafraya El-Koura","كفريا الكورة","LB_Nort_El_K_Kafraya_El_K","32177","3.28081022","34.29939009","35.71657726","","22700",""
"North","El Koura","Kaftoun","كفتون","LB_Nort_El_K_Kaftoun","32151","2.55762677","34.2647888","35.76844433","","22700",""
"North","El Koura","Kfar Aaqqa","كفر عقا","LB_Nort_El_K_Kfar_Aaqqa","32113","5.74937782","34.31048186","35.830806","","22700",""
"North","El Koura","Kfar Hata El-Koura","كفرحاتا","LB_Nort_El_K_Kfar_Hata_El","32155","4.93234465","34.2866697","35.74688781","","22700",""
"North","El Koura","Kfar Hazir","كفرحزير","LB_Nort_El_K_Kfar_Hazir","32123","12.14336036","34.30817552","35.76310091","","22700",""
"North","El Koura","Kfar Kahel","كفرقاهل","LB_Nort_El_K_Kfar_Kahel","32167","2.80018479","34.35372243","35.84861155","","22700",""
"North","El Koura","Kfar Saroun El-Koura","كفرصارون","LB_Nort_El_K_Kfar_Saroun_","32115","1.79798708","34.29689258","35.83020544","","22700",""
"North","El Koura","Kousba","كوسبا","LB_Nort_El_K_Kousba","32137","6.01756434","34.30779483","35.85298878","","22700",""
"North","El Koura","Majdel el-Koura","مجدل الكورة","LB_Nort_El_K_Majdel_el_Ko","32149","5.38392037","34.25512781","35.79582925","","22700",""
"North","El Koura","Nakhleh","نخلة","LB_Nort_El_K_Nakhleh","32191","5.90203106","34.36913752","35.82866161","","22700",""
"North","El Koura","Qalhat","قلحات","LB_Nort_El_K_Qalhat","32171","4.48018033","34.36064246","35.77101482","","22700",""
"North","El Koura","Ras Masqa","راس مسقا الجنوبية","LB_Nort_El_K_Ras_Masqa","32185","7.49919179","34.39727667","35.81889293","","22700",""
"North","El Koura","Rechdibbine","رشدبين","LB_Nort_El_K_Rechdibbine","32139","4.27570176","34.28870273","35.8546732","","22700",""
"North","El Koura","Zakroun","زكرون","LB_Nort_El_K_Zakroun","32175","2.24614569","34.35351785","35.75421564","","22700",""
"North","El Koura","Zgharta El-Mtaouile","زغرتا المتاولة","LB_Nort_El_K_Zgharta_El_M","32195","1.93837718","34.25496473","35.84058998","","22700",""
"North","El Minieh-Dennie","Aain Et-Tineh-Miniyeh","عين التينه المنيه","LB_Nort_El_M_Aain_Et_Tine","37333","0.37667977","34.39266204","36.04570218","","22700",""
"North","El Minieh-Dennie","Aasaymout","عصيموت","LB_Nort_El_M_Aasaymout","37362","1.48493953","34.44005151","36.09819754","","22700",""
"North","El Minieh-Dennie","Aassoun","عاصون","LB_Nort_El_M_Aassoun","37313","3.80474107","34.38395752","36.01138546","","22700",""
"North","El Minieh-Dennie","Aaymar","عيمر","LB_Nort_El_M_Aaymar","37367","3.08806512","34.35348309","35.97270193","","22700",""
"North","El Minieh-Dennie","Aazqai","عزقي","LB_Nort_El_M_Aazqai","37361","4.13508894","34.43615752","35.99233757","","22700",""
"North","El Minieh-Dennie","Bakhaaoun","بخعون","LB_Nort_El_M_Bakhaaoun","37391","7.96918457","34.41517572","36.01331586","","22700",""
"North","El Minieh-Dennie","Bechehhara","بشحارة","LB_Nort_El_M_Bechehhara","37379","1.11971719","34.36028609","35.93606947","","22700",""
"North","El Minieh-Dennie","Bechnnata","بشناتا","LB_Nort_El_M_Bechnnata","37359","18.50594973","34.32257628","36.00463669","","22700",""
"North","El Minieh-Dennie","Beddaoui","بداوي","LB_Nort_El_M_Beddaoui","37231","5.52801243","34.44931543","35.87223979","","22700",""
"North","El Minieh-Dennie","Behouaita","بحويتا","LB_Nort_El_M_Behouaita","37371","3.11434875","34.33561704","35.96743326","","22700",""
"North","El Minieh-Dennie","Beit El-Faqs","بيت الفقس","LB_Nort_El_M_Beit_El_Faqs","37329","0.66097047","34.39406201","36.05096706","","22700",""
"North","El Minieh-Dennie","Beit Haouik","بيت حاويك","LB_Nort_El_M_Beit_Haouik","37357","0.25314188","34.4243619","36.0731604","","22700",""
"North","El Minieh-Dennie","Beit Zoud","بيت زود","LB_Nort_El_M_Beit_Zoud","37349","1.43031277","34.4059872","35.98396152","","22700",""
"North","El Minieh-Dennie","Borj El-Yahoudiyeh","برج اليهودية","LB_Nort_El_M_Borj_El_Yaho","37251","2.10929487","34.45868343","35.91478887","","22700",""
"North","El Minieh-Dennie","Bqaa Sefrine","بقاع صفرين","LB_Nort_El_M_Bqaa_Sefrine","37317","77.82712772","34.32654367","36.09889838","","22700",""
"North","El Minieh-Dennie","Bqarsouna","بقرصونه","LB_Nort_El_M_Bqarsouna","37319","3.56653529","34.37357821","36.0455767","","22700",""
"North","El Minieh-Dennie","Btermaz","بطرماز","LB_Nort_El_M_Btermaz","37343","9.59910708","34.42923237","36.04000885","","22700",""
"North","El Minieh-Dennie","Debaael","دبعل المنيه","LB_Nort_El_M_Debaael","37356","6.14215036","34.43407183","36.07082922","","22700",""
"North","El Minieh-Dennie","Deir Aammar","دير عمار","LB_Nort_El_M_Deir_Aammar","37241","3.50593309","34.45801373","35.89932959","","22700",""
"North","El Minieh-Dennie","Deir Nbouh","دير نبوح","LB_Nort_El_M_Deir_Nbouh","37377","7.05020362","34.37806676","35.93462521","","22700",""
"North","El Minieh-Dennie","Haouaret-Miniyeh","حوارة","LB_Nort_El_M_Haouaret_Min","37355","4.33578551","34.41915414","36.08108306","","22700",""
"North","El Minieh-Dennie","Haql el Aazimeh","حقل العزيمة","LB_Nort_El_M_Haql_el_Aazi","37327","0.5487795","34.39824777","36.01732787","","22700",""
"North","El Minieh-Dennie","Harf Es-Sayad","حرف السياد","LB_Nort_El_M_Harf_Es_Saya","37345","1.29172563","34.43217327","36.01158028","","22700",""
"North","El Minieh-Dennie","Hazmiyet-Miniyeh","حازمية المنيه","LB_Nort_El_M_Hazmiyet_Min","37321","0.28450225","34.39194217","36.04036056","","22700",""
"North","El Minieh-Dennie","Izal","إيزال","LB_Nort_El_M_Izal","37341","18.20938713","34.37624664","35.97309213","","22700",""
"North","El Minieh-Dennie","Jarjour","جرجور","LB_Nort_El_M_Jarjour","37375","0.61415834","34.35419327","35.93740079","","22700",""
"North","El Minieh-Dennie","Jayroun","جيرون","LB_Nort_El_M_Jayroun","37358","12.99863359","34.40899687","36.11641776","","22700",""
"North","El Minieh-Dennie","Kahf El-Malloul","كفَ الملول","LB_Nort_El_M_Kahf_El_Mall","37373","2.17613843","34.34648507","35.95310746","","22700",""
"North","El Minieh-Dennie","Karm El-Mohr","كرم المهر","LB_Nort_El_M_Karm_El_Mohr","37347","8.44974803","34.34764186","36.01641097","","22700",""
"North","El Minieh-Dennie","Kfar Bibnine","كفر ببنين","LB_Nort_El_M_Kfar_Bibnine","37395","6.8296803","34.39975545","36.09043071","","22700",""
"North","El Minieh-Dennie","Kfar Chellane","كفر شلان","LB_Nort_El_M_Kfar_Chellan","37363","1.03641377","34.42419085","35.98124714","","22700",""
"North","El Minieh-Dennie","Kfar Habou","كفر حبو","LB_Nort_El_M_Kfar_Habou","37365","7.40864045","34.41149197","35.96588678","","22700",""
"North","El Minieh-Dennie","Kharroub-Miniyeh","خرنوب المنيه","LB_Nort_El_M_Kharroub_Min","37335","1.10089387","34.40331175","36.00115062","","22700",""
"North","El Minieh-Dennie","Mazraat El-Kreme","مزرعة الكريم","LB_Nort_El_M_Mazraat_El_K","37389","0.8138713","34.36163829","35.96346609","","22700",""
"North","El Minieh-Dennie","Mazraat Ketrane","مزرعة كتران","LB_Nort_El_M_Mazraat_Ketr","37314","1.21131954","34.38387414","35.99994234","","22700",""
"North","El Minieh-Dennie","Merkebta","مركبتا","LB_Nort_El_M_Merkebta","37381","7.00810519","34.46805377","35.96426907","","22700",""
"North","El Minieh-Dennie","Mimrine","نمرين","LB_Nort_El_M_Mimrine","37325","7.57305084","34.37643962","36.07742186","","22700",""
"North","El Minieh-Dennie","Minie","المنيه","LB_Nort_El_M_Minie","37271","9.9118322","34.48038378","35.93693437","","22700",""
"North","El Minieh-Dennie","Mrah Es-Sfire","مراح السفيرة","LB_Nort_El_M_Mrah_Es_Sfir","37331","0.48621658","34.39821118","36.03666246","","22700",""
"North","El Minieh-Dennie","Mrah Es-Srayj","مراح السريج","LB_Nort_El_M_Mrah_Es_Sray","37351","2.45186087","34.41875756","35.9897196","","22700",""
"North","El Minieh-Dennie","Mrebbine","مربين","LB_Nort_El_M_Mrebbine","37385","33.18668655","34.3698917","36.14702041","","22700",""
"North","El Minieh-Dennie","Nabi Youcheaa","النبي يوشع","LB_Nort_El_M_Nabi_Youchea","37261","3.59512438","34.46164381","35.93190392","","22700",""
"North","El Minieh-Dennie","Qarhaiya","قرحيا","LB_Nort_El_M_Qarhaiya","37360","1.61692929","34.44089812","36.0822799","","22700",""
"North","El Minieh-Dennie","Qarne","القرن","LB_Nort_El_M_Qarne","37383","7.62648023","34.42933983","36.12591417","","22700",""
"North","El Minieh-Dennie","Qarsaita","قرصيتا","LB_Nort_El_M_Qarsaita","37339","5.60410822","34.38702783","36.07171622","","22700",""
"North","El Minieh-Dennie","Qattineh-Miniyeh","القطين المنيه","LB_Nort_El_M_Qattineh_Min","37315","1.80129923","34.39489933","36.02641639","","22700",""
"North","El Minieh-Dennie","Qemmamine","قمامين","LB_Nort_El_M_Qemmamine","37344","3.74831437","34.40916095","36.13963095","","22700",""
"North","El Minieh-Dennie","Qraine","قرين","LB_Nort_El_M_Qraine","37353","0.28891656","34.39644069","36.0339616","","22700",""
"North","El Minieh-Dennie","Raouda-Aadoua","روضه المنيه","LB_Nort_El_M_Raouda_Aadou","37382","4.86629095","34.46437202","35.98370258","","22700",""
"North","El Minieh-Dennie","Rihaniyet-Miniyeh","ريحانيه المنيه","LB_Nort_El_M_Rihaniyet_Mi","37281","1.51644557","34.49211107","35.98216711","","22700",""
"North","El Minieh-Dennie","Sfireh","سفيرة","LB_Nort_El_M_Sfireh","37337","5.70828588","34.40569532","36.0547037","","22700",""
"North","El Minieh-Dennie","Sir Ed-Danniyeh","سير الضنية","LB_Nort_El_M_Sir_Ed_Danni","37311","2.66772179","34.38145822","36.02780652","","22700",""
"North","El Minieh-Dennie","Tarane","طاران","LB_Nort_El_M_Tarane","37323","2.04371858","34.40795533","36.03250588","","22700",""
"North","El Minieh-Dennie","Terbol-Miniyeh","تربل المنيه","LB_Nort_El_M_Terbol_Miniy","37387","3.45920953","34.44586511","35.94384504","","22700",""
"North","El Minieh-Dennie","Zaghartaghrine","زغرتغرين","LB_Nort_El_M_Zaghartaghri","37369","2.09206526","34.35813843","35.95335267","","22700",""
"North","El Minieh-Dennie","Zouq Bhannine","ذوق بحنين","LB_Nort_El_M_Zouq_Bhannin","37291","6.55724109","34.49587531","35.9587161","","22700",""
"North","Tripoli","Mina Jardin","بساتين المينا","LB_Nort_Trip_Mina_Jardin","31186","2.7152978","34.44307591","35.82101705","","22700",""
"North","Tripoli","Mina N:1","مينا طرابلس 1","LB_Nort_Trip_Mina_N_1","31171","0.25291482","34.450342","35.81794557","","22700",""
"North","Tripoli","Mina N:2","مينا طرابلس 2","LB_Nort_Trip_Mina_N_2","31176","0.40389795","34.44922116","35.81231022","","22700",""
"North","Tripoli","Mina N:3","المينا","LB_Nort_Trip_Mina_N_3","31181","0.45352479","34.45304711","35.81039002","","22700",""
"North","Tripoli","Qalamoun","القلمون","LB_Nort_Trip_Qalamoun","31221","3.15035693","34.38551649","35.78703126","","22700",""
"North","Tripoli","Trablous El Hadid","الحديد","LB_Nort_Trip_Trablous_El_","31146","0.05104665","34.43567087","35.84553636","","22700",""
"North","Tripoli","Trablous El Mhatra","المهاترة","LB_Nort_Trip_Trablous_El_","31131","0.05437162","34.43407912","35.8441673","","22700",""
"North","Tripoli","Trablous El-Haddadine, El-Hadid, El-Mharta","الحدادين","LB_Nort_Trip_Trablous_El_","31116","0.36933031","34.4310012","35.84093924","","22700",""
"North","Tripoli","Trablous El-Qobbe","القبة","LB_Nort_Trip_Trablous_El_","31151","0.38325195","34.43918485","35.85172314","","22700",""
"North","Tripoli","Trablous En-Nouri","النوري","LB_Nort_Trip_Trablous_En_","31126","0.07853442","34.43516775","35.84127237","","22700",""
"North","Tripoli","Trablous Er-Remmaneh","الرمانة","LB_Nort_Trip_Trablous_Er_","31136","0.03992362","34.43606729","35.84331155","","22700",""
"North","Tripoli","Trablous Es-Souayqa","السويقة","LB_Nort_Trip_Trablous_Es_","31141","0.14749506","34.43425164","35.8473932","","22700",""
"North","Tripoli","Trablous et Tabbaneh","التبانة","LB_Nort_Trip_Trablous_et_","31161","0.22194617","34.44053583","35.84901728","","22700",""
"North","Tripoli","Trablous Et-Tell","التل","LB_Nort_Trip_Trablous_Et_","31121","0.51283413","34.4380894","35.83693445","","22700",""
"North","Tripoli","Trablous Ez-Zahrieh","الزاهرية","LB_Nort_Trip_Trablous_Ez_","31156","0.13977908","34.43892356","35.84347972","","22700",""
"North","Tripoli","Trablous Ez-Zeitoun","طرابلس الزيتون","LB_Nort_Trip_Trablous_Ez_","31111","11.30507641","34.41921501","35.84308298","","22700",""
"North","Tripoli","Trablous jardins","بساتين طرابلس","LB_Nort_Trip_Trablous_jar","31166","6.94359164","34.438327","35.82744092","","22700",""
"North","Zgharta","Aachach","عشاش","LB_Nort_Zgha_Aachach","33267","4.1022415","34.42022893","35.94111787","","22700",""
"North","Zgharta","Aalma","علما","LB_Nort_Zgha_Aalma","33133","6.33603119","34.42580203","35.89825855","","22700",""
"North","Zgharta","Aarbet Qozhaiya","عربة قزحيا","LB_Nort_Zgha_Aarbet_Qozha","33227","6.47299919","34.28320913","35.93507023","","22700",""
"North","Zgharta","Aardat","عردات","LB_Nort_Zgha_Aardat","33113","2.98655203","34.41331331","35.88931774","","22700",""
"North","Zgharta","Aarjis","عرجس","LB_Nort_Zgha_Aarjis","33161","2.25462249","34.33703999","35.87930719","","22700",""
"North","Zgharta","Aintourine","عينطورين","LB_Nort_Zgha_Aintourine","33219","1.53129589","34.28839779","35.94352939","","22700",""
"North","Zgharta","Arde","أرده","LB_Nort_Zgha_Arde","33123","5.7592412","34.41716658","35.916798","","22700",""
"North","Zgharta","Asnoun","اصنون","LB_Nort_Zgha_Asnoun","33125","0.93274327","34.38590982","35.8896413","","22700",""
"North","Zgharta","Ayto","أيطو","LB_Nort_Zgha_Ayto","33243","7.01448631","34.31260769","35.9221089","","22700",""
"North","Zgharta","Bchannine","بشنين","LB_Nort_Zgha_Bchannine","33157","2.06874773","34.34563933","35.86275021","","22700",""
"North","Zgharta","Beslouqit","بسلوقيت","LB_Nort_Zgha_Beslouqit","33215","1.61672454","34.30831489","35.96832348","","22700",""
"North","Zgharta","Bhairet Toula","بحيرة تولا","LB_Nort_Zgha_Bhairet_Toul","33239","0.3758406","34.32401063","35.97081831","","22700",""
"North","Zgharta","Bnechaai","بنشعي","LB_Nort_Zgha_Bnechaai","33159","4.29162692","34.33361474","35.89433315","","22700",""
"North","Zgharta","Boussit","بوسيط","LB_Nort_Zgha_Boussit","33279","4.70228786","34.44064024","35.92587265","","22700",""
"North","Zgharta","Bsebaal","بسبعل","LB_Nort_Zgha_Bsebaal","33149","1.65959936","34.35324481","35.87961419","","22700",""
"North","Zgharta","Danha","دنها","LB_Nort_Zgha_Danha","33263","2.99360617","34.39494233","35.93673594","","22700",""
"North","Zgharta","Daraiya Zgharta","داريا","LB_Nort_Zgha_Daraiya_Zgha","33163","3.04442328","34.33408334","35.86728429","","22700",""
"North","Zgharta","Deir Jdeide","الجديدة زغرتا","LB_Nort_Zgha_Deir_Jdeide","33137","2.45683087","34.36306021","35.89188696","","22700",""
"North","Zgharta","Ehden","اهدن","LB_Nort_Zgha_Ehden","33211","24.14529034","34.2917142","35.98660579","","22700",""
"North","Zgharta","Hailan","حيلان زغرتا","LB_Nort_Zgha_Hailan","33275","4.92349104","34.43194597","35.95994022","","22700",""
"North","Zgharta","Hariq Zgharta","حريق زغرتا","LB_Nort_Zgha_Hariq_Zghart","33131","1.66068197","34.37919251","35.9163397","","22700",""
"North","Zgharta","Houakir","حواكير","LB_Nort_Zgha_Houakir","33152","0.36901142","34.36487261","35.93320675","","22700",""
"North","Zgharta","Hraiqis","حريقص","LB_Nort_Zgha_Hraiqis","33287","0.74312994","34.45272105","35.92979751","","22700",""
"North","Zgharta","Iaal","إيعال","LB_Nort_Zgha_Iaal","33141","2.88814057","34.35528801","35.91446301","","22700",""
"North","Zgharta","Ijbaa","اجبع","LB_Nort_Zgha_Ijbaa","33291","2.64022251","34.31097343","35.94242495","","22700",""
"North","Zgharta","Karm Saddeh","كرم سده","LB_Nort_Zgha_Karm_Saddeh","33169","7.10194652","34.30504153","35.88572259","","22700",""
"North","Zgharta","Kfarchakhna","كفر شخنا","LB_Nort_Zgha_Kfarchakhna","33147","2.68859109","34.36120882","35.86297087","","22700",""
"North","Zgharta","Kfardlaqous","كفردلاقوس","LB_Nort_Zgha_Kfardlaqous","33115","3.25448582","34.39914322","35.90733588","","22700",""
"North","Zgharta","Kfarfou","كفر فو","LB_Nort_Zgha_Kfarfou","33165","1.37844357","34.32169376","35.88128541","","22700",""
"North","Zgharta","Kfarhata Zgharta","كفر حاتا","LB_Nort_Zgha_Kfarhata_Zgh","33121","2.08176216","34.38108368","35.90362017","","22700",""
"North","Zgharta","Kfarhoura","كفر حورا","LB_Nort_Zgha_Kfarhoura","33143","3.08615426","34.38529729","35.87191058","","22700",""
"North","Zgharta","Kfarsghab","كفر صغاب","LB_Nort_Zgha_Kfarsghab","33223","2.03636919","34.27535631","35.97254751","","22700",""
"North","Zgharta","Kfaryachit","كفر ياشيت","LB_Nort_Zgha_Kfaryachit","33153","1.88443575","34.35567489","35.89628436","","22700",""
"North","Zgharta","Kfarzaina","كفر زينا","LB_Nort_Zgha_Kfarzaina","33145","2.49689039","34.37270221","35.88290896","","22700",""
"North","Zgharta","Khaldiyeh","خالدية","LB_Nort_Zgha_Khaldiyeh","33139","1.11431913","34.37010158","35.91240441","","22700",""
"North","Zgharta","Mazraat Ajbeaa","مزرعة إجبع","LB_Nort_Zgha_Mazraat_Ajbe","33127","1.05506638","34.38561136","35.88133798","","22700",""
"North","Zgharta","Mazraat Et-Teffah","مزرعة التفاح","LB_Nort_Zgha_Mazraat_Et_T","33235","3.17950493","34.32027288","35.94943941","","22700",""
"North","Zgharta","Mazraat Jnaid","مزرعة جنيد","LB_Nort_Zgha_Mazraat_Jnai","33135","0.35292098","34.37595952","35.89231099","","22700",""
"North","Zgharta","Mejdlaiya Zgharta","مجدليا زغرتا","LB_Nort_Zgha_Mejdlaiya_Zg","33129","10.72627736","34.43034243","35.87608899","","22700",""
"North","Zgharta","Miriata","مرياطا","LB_Nort_Zgha_Miriata","33271","1.13828323","34.41926175","35.93102807","","22700",""
"North","Zgharta","Miziara","مزيارة","LB_Nort_Zgha_Miziara","33251","9.54217517","34.33777163","35.93287572","","22700",""
"North","Zgharta","Morh Kfarsghab","كفرصغاب","LB_Nort_Zgha_Morh_Kfarsgh","33155","2.82764492","34.35019501","35.90424521","","22700",""
"North","Zgharta","Mzraat Kefraya","كفريا زغرتا","LB_Nort_Zgha_Mzraat_Kefra","33283","3.02253277","34.44673973","35.96522497","","22700",""
"North","Zgharta","Qarah Bach","قره باش","LB_Nort_Zgha_Qarah_Bach","33119","0.37462216","34.38334772","35.89525373","","22700",""
"North","Zgharta","Rachaaine","رشعين","LB_Nort_Zgha_Rachaaine","33117","2.45173773","34.39770842","35.91972131","","22700",""
"North","Zgharta","Ras Kifa","راس كيفا","LB_Nort_Zgha_Ras_Kifa","33167","2.96599384","34.31504742","35.86823302","","22700",""
"North","Zgharta","Sakhra","صخرة","LB_Nort_Zgha_Sakhra","33151","1.62354269","34.36340973","35.92198672","","22700",""
"North","Zgharta","Sebaal Zgharta","سبعل زغرتا","LB_Nort_Zgha_Sebaal_Zghar","33259","2.93439874","34.31789133","35.90535212","","22700",""
"North","Zgharta","Seraal","سرعيل","LB_Nort_Zgha_Seraal","33255","3.06337574","34.29226639","35.90735174","","22700",""
"North","Zgharta","Tallet Zgharta","تلة زغرتا","LB_Nort_Zgha_Tallet_Zghar","33171","0.42808238","34.39394374","35.87733827","","22700",""
"North","Zgharta","Toula Zgharta","تولا زغرتا","LB_Nort_Zgha_Toula_Zghart","33231","4.04362988","34.32224246","35.9631111","","22700",""
"North","Zgharta","Zgharta","زغرتا","LB_Nort_Zgha_Zgharta","33111","2.57785554","34.39670935","35.88900368","","22700",""
"South","Jezzine","A'ain El-Mir (El Establ)","عين المير إسطبل","LB_Sout_Jezz_A_ain_El_Mir","63214","1.94885447","33.53580889","35.46531527","","22700",""
"South","Jezzine","Aaramta","عرمتى","LB_Sout_Jezz_Aaramta","63311","7.00411584","33.45723226","35.57418258","","22700",""
"South","Jezzine","Aaray","عاريه","LB_Sout_Jezz_Aaray","63131","2.2553398","33.56407716","35.59127659","","22700",""
"South","Jezzine","Aaychiyeh","عيشية","LB_Sout_Jezz_Aaychiyeh","63355","11.17920316","33.4025988","35.56443408","","22700",""
"South","Jezzine","Aazour","عازور","LB_Sout_Jezz_Aazour","63184","2.63088031","33.56077108","35.53369159","","22700",""
"South","Jezzine","Anane","أنان","LB_Sout_Jezz_Anane","63274","3.42657306","33.56329209","35.51011718","","22700",""
"South","Jezzine","Bayssour Jezzine","بيصور جزين","LB_Sout_Jezz_Bayssour_Jez","63221","0.69940009","33.53580889","35.44870041","","22700",""
"South","Jezzine","Behbeh","بيبه","LB_Sout_Jezz_Behbeh","63174","0.51421019","33.56340637","35.54212152","","22700",""
"South","Jezzine","Benouati Jezzine","بنواتي جزين","LB_Sout_Jezz_Benouati_Jez","63144","1.67482821","33.57569355","35.57882721","","22700",""
"South","Jezzine","Bhannine","بحنين","LB_Sout_Jezz_Bhannine","63181","1.72077087","33.58206142","35.59655136","","22700",""
"South","Jezzine","Bisri","بسري","LB_Sout_Jezz_Bisri","63191","3.20792919","33.5775665","35.53539206","","22700",""
"South","Jezzine","Bkassine","بكاسين","LB_Sout_Jezz_Bkassine","63124","5.06418471","33.56100359","35.57307719","","22700",""
"South","Jezzine","Bouslaya","بوصلايا","LB_Sout_Jezz_Bouslaya","63385","2.95198482","33.50441084","35.51069498","","22700",""
"South","Jezzine","Btedine El-Leqch","بتدين اللقش","LB_Sout_Jezz_Btedine_El_L","63151","3.19886468","33.56625168","35.55571238","","22700",""
"South","Jezzine","Chbail","شبيل","LB_Sout_Jezz_Chbail","63347","5.80313347","33.41654654","35.59996961","","22700",""
"South","Jezzine","Choualiq Jezzine","شواليق جزين","LB_Sout_Jezz_Choualiq_Jez","63247","0.9504504","33.55214467","35.44150083","","22700",""
"South","Jezzine","Dahr Ed-Deir","ضهر الدير","LB_Sout_Jezz_Dahr_Ed_Deir","63257","0.50483257","33.52186629","35.50232513","","22700",""
"South","Jezzine","Deir El Qattine","دير قطِين","LB_Sout_Jezz_Deir_El_Qatt","63284","1.72231009","33.53207821","35.53134524","","22700",""
"South","Jezzine","Demachqiyeh","دمشقية","LB_Sout_Jezz_Demachqiyeh","63379","2.60564188","33.36832063","35.54337935","","22700",""
"South","Jezzine","Ghabbatiyeh","غبَاطية","LB_Sout_Jezz_Ghabbatiyeh","63141","0.97319016","33.58435395","35.58540409","","22700",""
"South","Jezzine","Harf Jezzine","الحرف","LB_Sout_Jezz_Harf_Jezzine","63171","2.07744953","33.57821282","35.5554534","","22700",""
"South","Jezzine","Hassaniyeh","حسانية","LB_Sout_Jezz_Hassaniyeh","63241","1.60073329","33.51950459","35.4550044","","22700",""
"South","Jezzine","Haytouleh","حيتوله","LB_Sout_Jezz_Haytouleh","63224","1.04568327","33.52012021","35.46989557","","22700",""
"South","Jezzine","Haytoura","حيطورة","LB_Sout_Jezz_Haytoura","63137","1.77138343","33.51954501","35.54984088","","22700",""
"South","Jezzine","Hidab","حيداب","LB_Sout_Jezz_Hidab","63281","0.54178781","33.52279311","35.5266667","","22700",""
"South","Jezzine","Homsiyeh","حمصية","LB_Sout_Jezz_Homsiyeh","63127","1.26792161","33.54925475","35.55488328","","22700",""
"South","Jezzine","Jabal Toura","جبل طوره","LB_Sout_Jezz_Jabal_Toura","63164","2.63490157","33.50109372","35.56741468","","22700",""
"South","Jezzine","Jarmaq","الجرمق","LB_Sout_Jezz_Jarmaq","63375","4.47346228","33.38207723","35.53184474","","22700",""
"South","Jezzine","Jensnaya","جنسنايا","LB_Sout_Jezz_Jensnaya","63261","2.02742246","33.53829232","35.43235132","","22700",""
"South","Jezzine","Jernaya","جرنايا","LB_Sout_Jezz_Jernaya","63294","2.30999192","33.48542989","35.47539549","","22700",""
"South","Jezzine","Jezzine","جزين","LB_Sout_Jezz_Jezzine","63111","22.56819068","33.53442013","35.58655182","","22700",""
"South","Jezzine","Karkha","كرخا","LB_Sout_Jezz_Karkha","63244","3.24652187","33.5647412","35.44920782","","22700",""
"South","Jezzine","Kfar Falous","كفرفالوس","LB_Sout_Jezz_Kfar_Falous","63211","7.0334634","33.54656465","35.47083398","","22700",""
"South","Jezzine","Kfar Houneh","كفرحون","LB_Sout_Jezz_Kfar_Houneh","63167","22.00299957","33.48562615","35.58903544","","22700",""
"South","Jezzine","Kfar Jarra","كفرجرا","LB_Sout_Jezz_Kfar_Jarra","63267","1.06677514","33.54721811","35.4310565","","22700",""
"South","Jezzine","Lebaa","لبعا","LB_Sout_Jezz_Lebaa","63227","2.77138001","33.54955871","35.45299619","","22700",""
"South","Jezzine","Louayzet Jezzine","لويزة جزين","LB_Sout_Jezz_Louayzet_Jez","63331","2.83310343","33.46450847","35.5307641","","22700",""
"South","Jezzine","Machmoucheh","مشموشة","LB_Sout_Jezz_Machmoucheh","63157","0.46999576","33.57943063","35.56994718","","22700",""
"South","Jezzine","Mahmoudiyeh Jezzine","محمودية جزين","LB_Sout_Jezz_Mahmoudiyeh_","63371","3.27129043","33.38615545","35.55617123","","22700",""
"South","Jezzine","Maknounet Jezzine","مكنونية","LB_Sout_Jezz_Maknounet_Je","63147","1.80062703","33.5272797","35.54214984","","22700",""
"South","Jezzine","Maraat Ouazaiyeh","اوزاعية","LB_Sout_Jezz_Maraat_Ouaza","63359","1.36745346","33.39006039","35.56986234","","22700",""
"South","Jezzine","Mazraat","مزرعة عقماتا","LB_Sout_Jezz_Mazraat","63323","1.75843684","33.45567405","35.54786807","","22700",""
"South","Jezzine","Mazraat Daraya","داريا جزين","LB_Sout_Jezz_Mazraat_Dara","63378","4.8850298","33.46106555","35.59881919","","22700",""
"South","Jezzine","Mazraat El-Aarqoub","مزرعة العرقوب","LB_Sout_Jezz_Mazraat_El_A","63367","1.80851287","33.40540994","35.53829825","","22700",""
"South","Jezzine","Mazraat El-Mathane","مزرعة المطحنة","LB_Sout_Jezz_Mazraat_El_M","63297","0.64557879","33.57863394","35.52009708","","22700",""
"South","Jezzine","Mazraat Er-Rouhbane","مزرعة الرهبان","LB_Sout_Jezz_Mazraat_Er_R","63194","1.69233414","33.4882205","35.54816863","","22700",""
"South","Jezzine","Mazraat Khallet Khazen","خلة خازن","LB_Sout_Jezz_Mazraat_Khal","63335","1.98685207","33.42453095","35.58391169","","22700",""
"South","Jezzine","Mazraat Louzid (Louayziyeh)","مزرعة لوزيد","LB_Sout_Jezz_Mazraat_Louz","63348","1.93136266","33.41348136","35.5864684","","22700",""
"South","Jezzine","Mazraat Qrouh","قروح","LB_Sout_Jezz_Mazraat_Qrou","63339","1.92904431","33.42982888","35.57226984","","22700",""
"South","Jezzine","Mazraat Tamra","مزرعة طمره","LB_Sout_Jezz_Mazraat_Tamr","63383","0.69223216","33.35644331","35.54286575","","22700",""
"South","Jezzine","Mazraat Zighrine Jezzine","زغرين جزين","LB_Sout_Jezz_Mazraat_Zigh","63343","2.13350743","33.422908","35.55508222","","22700",""
"South","Jezzine","Mharbiyeh","محاربية","LB_Sout_Jezz_Mharbiyeh","63231","1.90966357","33.52821404","35.44675693","","22700",""
"South","Jezzine","Midane Jezzine","ميدان","LB_Sout_Jezz_Midane_Jezzi","63161","2.73109954","33.58705696","35.56836235","","22700",""
"South","Jezzine","Mjaydel Jezzine","مجيدل","LB_Sout_Jezz_Mjaydel_Jezz","63254","3.49935764","33.51981217","35.43493495","","22700",""
"South","Jezzine","Mlikh","مليخ","LB_Sout_Jezz_Mlikh","63315","4.51395572","33.47156145","35.55515833","","22700",""
"South","Jezzine","Mrah El-Hbasse","مراح الحباس","LB_Sout_Jezz_Mrah_El_Hbas","63217","0.75097578","33.54907743","35.46283674","","22700",""
"South","Jezzine","Ouadi Baanqoudaine","وادي بعنقودين","LB_Sout_Jezz_Ouadi_Baanqo","63251","0.80872767","33.54309642","35.4368626","","22700",""
"South","Jezzine","Ouadi El-Laymoun","وادي الليمون","LB_Sout_Jezz_Ouadi_El_Lay","63234","1.3730508","33.52621901","35.46620706","","22700",""
"South","Jezzine","Ouardiyeh","وردية","LB_Sout_Jezz_Ouardiyeh","63363","3.38323803","33.39376317","35.5898408","","22700",""
"South","Jezzine","Qabaa Jezzine","قبع","LB_Sout_Jezz_Qabaa_Jezzin","63117","0.55171969","33.54296921","35.55861706","","22700",""
"South","Jezzine","Qatrani","قطراني","LB_Sout_Jezz_Qatrani","63327","3.24489491","33.44152638","35.60203372","","22700",""
"South","Jezzine","Qaytouleh","قيتولي","LB_Sout_Jezz_Qaytouleh","63121","3.1054007","33.5366889","35.54896164","","22700",""
"South","Jezzine","Qtaleh Jezzine","قتالة جزين","LB_Sout_Jezz_Qtaleh_Jezzi","63291","2.0907028","33.57252514","35.50063363","","22700",""
"South","Jezzine","Rihane Jezzine","ريحانة جزين","LB_Sout_Jezz_Rihane_Jezzi","63319","8.45202617","33.43640073","35.55805137","","22700",""
"South","Jezzine","Rimat","ريمات","LB_Sout_Jezz_Rimat","63264","3.49341823","33.53013819","35.50206545","","22700",""
"South","Jezzine","Roum","روم","LB_Sout_Jezz_Roum","63277","9.67072535","33.55066369","35.5262541","","22700",""
"South","Jezzine","Roummanet","رمانة","LB_Sout_Jezz_Roummanet","63154","1.56313067","33.50696774","35.5550458","","22700",""
"South","Jezzine","Sabbah","صّباح","LB_Sout_Jezz_Sabbah","63134","0.34474254","33.56684778","35.5665029","","22700",""
"South","Jezzine","Sanaya","سنيَا","LB_Sout_Jezz_Sanaya","63287","2.81728576","33.5127312","35.52816291","","22700",""
"South","Jezzine","Saydoun","صيدون","LB_Sout_Jezz_Saydoun","63271","1.92420839","33.51961687","35.51128758","","22700",""
"South","Jezzine","Sehjoud","سجد","LB_Sout_Jezz_Sehjoud","63351","4.19295137","33.43413177","35.53503042","","22700",""
"South","Jezzine","Sfaray","صفاريه","LB_Sout_Jezz_Sfaray","63237","4.61064791","33.55361835","35.49570951","","22700",""
"South","Jezzine","Srayri","سريرة","LB_Sout_Jezz_Srayri","63298","5.71607026","33.42934412","35.6197472","","22700",""
"South","Jezzine","Taaid","تعيد","LB_Sout_Jezz_Taaid","63187","0.22226915","33.5727225","35.54602334","","22700",""
"South","Jezzine","Wadi Jezzine","وادي جزين","LB_Sout_Jezz_Wadi_Jezzine","63114","1.09796388","33.55095588","35.58106642","","22700",""
"South","Jezzine","Zhilta","زحلتا","LB_Sout_Jezz_Zhilta","63177","0.957815","33.51045005","35.54522572","","22700",""
"South","Saida","AAbra Saida","عبرا","LB_Sout_Said_AAbra_Saida","61244","1.96057135","33.56768568","35.40471653","","22700",""
"South","Saida","Aadloun","عدلون","LB_Sout_Said_Aadloun","61434","8.87620594","33.39845699","35.26621807","","22700",""
"South","Saida","Aadoussiyeh","عدّوسية","LB_Sout_Said_Aadoussiyeh","61466","4.41983401","33.47251348","35.33700386","","22700",""
"South","Saida","Aain Ed-Delb","عين الدلب","LB_Sout_Said_Aain_Ed_Delb","61277","0.91841879","33.54521125","35.40676382","","22700",""
"South","Saida","Aanqoun","عنقون","LB_Sout_Said_Aanqoun","61489","9.69056011","33.50015049","35.42521744","","22700",""
"South","Saida","Aaqtanit","عقتنيت","LB_Sout_Said_Aaqtanit","61477","4.56651204","33.49217076","35.38783912","","22700",""
"South","Saida","Aarab Ej-Jall","مزرعة عرب الجل","LB_Sout_Said_Aarab_Ej_Jal","61487","0.77337197","33.48058801","35.45441879","","22700",""
"South","Saida","Aarab Tabbaya","مزرعة عرب طبَايا","LB_Sout_Said_Aarab_Tabbay","61483","0.71318006","33.48677165","35.43990113","","22700",""
"South","Saida","Arzai","أرزي","LB_Sout_Said_Arzai","61417","5.26299879","33.33457226","35.29856143","","22700",""
"South","Saida","Babliyeh","بابلية","LB_Sout_Said_Babliyeh","61444","12.72529999","33.41238299","35.32943587","","22700",""
"South","Saida","Berti","برتي","LB_Sout_Said_Berti","61488","3.96912262","33.51982423","35.48780205","","22700",""
"South","Saida","Bissariyeh","بيسارية","LB_Sout_Said_Bissariyeh","61453","5.84840752","33.45681265","35.32211719","","22700",""
"South","Saida","Bnaafoul","بنعفول","LB_Sout_Said_Bnaafoul","61481","4.08421339","33.48486952","35.41610539","","22700",""
"South","Saida","Bqosta","بقسطا","LB_Sout_Said_Bqosta","61266","5.33265613","33.57467257","35.41211836","","22700",""
"South","Saida","Bramiyeh","برامية","LB_Sout_Said_Bramiyeh","61123","0.51347475","33.57401696","35.39254711","","22700",""
"South","Saida","Daoudiyeh","الداودية","LB_Sout_Said_Daoudiyeh","61441","2.33119988","33.42694836","35.30155589","","22700",""
"South","Saida","Darb Es-Sim","درب السيم","LB_Sout_Said_Darb_Es_Sim","61335","3.20997612","33.53333193","35.38306712","","22700",""
"South","Saida","Erkay","اركي","LB_Sout_Said_Erkay","61479","4.15505132","33.45995853","35.41316138","","22700",""
"South","Saida","Ghassaniyeh","غسانية","LB_Sout_Said_Ghassaniyeh","61447","3.64193434","33.41399714","35.35527582","","22700",""
"South","Saida","Ghaziyeh","غازية","LB_Sout_Said_Ghaziyeh","61311","9.35142333","33.51122274","35.37496248","","22700",""
"South","Saida","Hajjeh","حجة","LB_Sout_Said_Hajjeh","61471","2.70002971","33.46903373","35.38836348","","22700",""
"South","Saida","Haret Saida","حارة صيدا","LB_Sout_Said_Haret_Saida","61159","3.25700187","33.55584778","35.39600228","","22700",""
"South","Saida","Hartiyeh","حارتية","LB_Sout_Said_Hartiyeh","61423","2.35378874","33.38138374","35.28025989","","22700",""
"South","Saida","Hlaliyeh Saida","هلالية صيدا","LB_Sout_Said_Hlaliyeh_Sai","61147","0.91253255","33.56521887","35.39114937","","22700",""
"South","Saida","Insariyeh","إنصارية","LB_Sout_Said_Insariyeh","61436","7.33478818","33.40566181","35.28382682","","22700",""
"South","Saida","Jazira Saida","جزيرة صيدا","LB_Sout_Said_Jazira_Saida","61411","2.02221301","33.32933441","35.26267975","","22700",""
"South","Saida","Kaoutariyet Es-Siyad","كوثرية السياد","LB_Sout_Said_Kaoutariyet_","61454","6.67840283","33.4163844","35.38224893","","22700",""
"South","Saida","Kfar Beit","كفربيت","LB_Sout_Said_Kfar_Beit","61491","1.16025444","33.49701205","35.46254898","","22700",""
"South","Saida","Kfar Chellal","كفر شلال","LB_Sout_Said_Kfar_Chellal","61494","0.6819083","33.4910303","35.46350784","","22700",""
"South","Saida","Kfar Hatta Saida","كفرحتى","LB_Sout_Said_Kfar_Hatta_S","61493","3.48894104","33.50541497","35.45248719","","22700",""
"South","Saida","Kfar Melki Saida","كفرملكي صيدا","LB_Sout_Said_Kfar_Melki_S","61496","6.72285784","33.50133966","35.4815693","","22700",""
"South","Saida","Khartoum","خرطوم","LB_Sout_Said_Khartoum","61446","4.81096683","33.40327138","35.36874426","","22700",""
"South","Saida","Khayayeb Saida","الخرائب صيدا","LB_Sout_Said_Khayayeb_Sai","61419","6.63420878","33.35416361","35.29532253","","22700",""
"South","Saida","Khirbet Ed-Douair Saida","خربة الدوير صيدا","LB_Sout_Said_Khirbet_Ed_D","61443","2.00468637","33.43371784","35.31795316","","22700",""
"South","Saida","Khirbet El-Bassal","خربة البصل","LB_Sout_Said_Khirbet_El_B","61467","1.0818625","33.47158735","35.3643628","","22700",""
"South","Saida","Khzaiz","خزيز","LB_Sout_Said_Khzaiz","61474","1.58137616","33.46854217","35.40144166","","22700",""
"South","Saida","Loubieh","لوبية","LB_Sout_Said_Loubieh","61439","2.23287294","33.42727833","35.28467501","","22700",""
"South","Saida","Maamriyeh","معمارية","LB_Sout_Said_Maamriyeh","61476","2.65389677","33.48669124","35.36876319","","22700",""
"South","Saida","Maghdoucheh","مغدوشة","LB_Sout_Said_Maghdoucheh","61323","3.32319408","33.51693662","35.38547418","","22700",""
"South","Saida","Majdelyoun","مجدليون","LB_Sout_Said_Majdelyoun","61233","1.62621007","33.55542059","35.41704564","","22700",""
"South","Saida","Matariyet Ech-Choumar","مطرية الشومر","LB_Sout_Said_Matariyet_Ec","61415","2.62768843","33.33531452","35.27375879","","22700",""
"South","Saida","Mazraat Aarab Soukkar","مزرعة عرب سكر","LB_Sout_Said_Mazraat_Aara","61486","0.37257078","33.48266048","35.44528198","","22700",""
"South","Saida","Mazraat Deir Taqla","دير تقلا","LB_Sout_Said_Mazraat_Deir","61431","1.44955986","33.39815868","35.29363985","","22700",""
"South","Saida","Mazraat El Yahoudiyeh (Aaitaniyeh)","مزرعة العيتانية","LB_Sout_Said_Mazraat_El_Y","61412","3.67006287","33.35554704","35.25070949","","22700",""
"South","Saida","Mazraat El-Houssainiyeh","مزرعة الحسينية","LB_Sout_Said_Mazraat_El_H","61473","1.70001184","33.49269849","35.34977595","","22700",""
"South","Saida","Mazraat El-Mhaydaleh","المحيدلة","LB_Sout_Said_Mazraat_El_M","61424","1.9356246","33.38394615","35.29347931","","22700",""
"South","Saida","Mazraat Jamjim","مزرعة جمجيم","LB_Sout_Said_Mazraat_Jamj","61421","2.53830224","33.35838248","35.2751292","","22700",""
"South","Saida","Mazraat Kaoutariyet Er-Riz","مزرعة كوثرية الرز","LB_Sout_Said_Mazraat_Kaou","61426","3.67513608","33.37354457","35.30501662","","22700",""
"South","Saida","Mazraat Kfar Beda","كفر بدَه","LB_Sout_Said_Mazraat_Kfar","61418","1.14982127","33.36638063","35.27070403","","22700",""
"South","Saida","Mazraat 'Mseileh","المصيلح","LB_Sout_Said_Mazraat__Mse","61469","1.50197954","33.4812526","35.35586939","","22700",""
"South","Saida","Mazraat Oussamiyat","الاوساميات","LB_Sout_Said_Mazraat_Ouss","61433","2.3948319","33.38848003","35.30800399","","22700",""
"South","Saida","Mazraat Sari","ساري","LB_Sout_Said_Mazraat_Sari","61429","0.7268317","33.39153202","35.27860848","","22700",""
"South","Saida","Mazraat Sinai","مزرعة سيناي","LB_Sout_Said_Mazraat_Sina","61437","4.24066897","33.38973339","35.35946147","","22700",""
"South","Saida","Mazraat 'Snaiber","مزرعة سنيبر","LB_Sout_Said_Mazraat__Sna","61457","0.676697","33.45860516","35.33143981","","22700",""
"South","Saida","Merouaniyeh","مروانية","LB_Sout_Said_Merouaniyeh","61463","11.71996938","33.45189897","35.37951645","","22700",""
"South","Saida","Miyeh ou Miyeh","مية ومية","LB_Sout_Said_Miyeh_ou_Miy","61183","2.29937354","33.54246201","35.39182011","","22700",""
"South","Saida","Mtayriyeh","مزرعة مطيرية جباع","LB_Sout_Said_Mtayriyeh","61484","0.81770964","33.5141721","35.4031637","","22700",""
"South","Saida","Mzaraat El-Ouasta","مزرعة الواسطة","LB_Sout_Said_Mzaraat_El_O","61414","3.77965866","33.34890061","35.26453649","","22700",""
"South","Saida","Najjariyeh","نجارية","LB_Sout_Said_Najjariyeh","61464","2.41790409","33.47912994","35.34360053","","22700",""
"South","Saida","Qaaqaiyet Es-Snaoubar","قعقعية الصنوبر","LB_Sout_Said_Qaaqaiyet_Es","61451","4.36636481","33.43907125","35.33470461","","22700",""
"South","Saida","Qennarit","قناريت","LB_Sout_Said_Qennarit","61347","3.04369094","33.50259091","35.38388587","","22700",""
"South","Saida","Qraiyet Saida","قرية صيدا","LB_Sout_Said_Qraiyet_Said","61255","4.68337968","33.53733931","35.41513531","","22700",""
"South","Saida","Saida Ed-Dekermane","صيدا الدكرمان","LB_Sout_Said_Saida_Ed_Dek","61119","5.12953048","33.55095181","35.37248943","","22700",""
"South","Saida","Saida El-Oustani","الوسطاني","LB_Sout_Said_Saida_El_Ous","61111","2.55607451","33.57646637","35.38594929","","22700",""
"South","Saida","Saida El-Qadimeh","صيدا","LB_Sout_Said_Saida_El_Qad","61115","0.31261741","33.56403122","35.36924055","","22700",""
"South","Saida","Saida Kefraya","كفريا","LB_Sout_Said_Saida_Kefray","61222","0.73601666","33.55677852","35.43817071","","22700",""
"South","Saida","Saksakiyeh","سكسكية","LB_Sout_Said_Saksakiyeh","61461","2.90199811","33.43575556","35.28631992","","22700",""
"South","Saida","Salhiyet Saida","صالحية","LB_Sout_Said_Salhiyet_Sai","61211","1.44559086","33.55890231","35.42626999","","22700",""
"South","Saida","Sarafand","صرفند","LB_Sout_Said_Sarafand","61449","9.72063353","33.45169896","35.29870752","","22700",""
"South","Saida","Sfenta","سفنتا","LB_Sout_Said_Sfenta","61497","0.77683158","33.51127445","35.48273622","","22700",""
"South","Saida","Tanbourit","طنبوريت","LB_Sout_Said_Tanbourit","61383","2.87180765","33.51800638","35.41345483","","22700",""
"South","Saida","Tebna","تبنا","LB_Sout_Said_Tebna","61456","1.57917768","33.44644507","35.34426532","","22700",""
"South","Saida","Teffahta","تفاحتا","LB_Sout_Said_Teffahta","61459","6.77512114","33.44001462","35.36283681","","22700",""
"South","Saida","Zaghdraiya","زغدرايا","LB_Sout_Said_Zaghdraiya","61371","1.36886266","33.52948264","35.39731093","","22700",""
"South","Saida","Zeita","زيتا","LB_Sout_Said_Zeita","61359","2.1816293","33.50545338","35.39432648","","22700",""
"South","Saida","Zrariyeh","زرارية","LB_Sout_Said_Zrariyeh","61427","18.15840386","33.34382317","35.33582424","","22700",""
"South","Sour","Aabbassiyet Sour","عباسية","LB_Sout_Sour_Aabbassiyet_","62276","17.66424997","33.29420663","35.2702277","","22700",""
"South","Sour","Aain Abou Abdallah","عين أبو عبدالله","LB_Sout_Sour_Aain_Abou_Ab","62291","6.88859969","33.32442286","35.24877276","","22700",""
"South","Sour","Aain Baal","عين بعل","LB_Sout_Sour_Aain_Baal","62243","6.94823227","33.23912227","35.24972964","","22700",""
"South","Sour","Aaiyeh","مزرعة عيا","LB_Sout_Sour_Aaiyeh","62242","1.43478588","33.17924892","35.3066653","","22700",""
"South","Sour","Aalma Ech-Chaab","علما الشعب","LB_Sout_Sour_Aalma_Ech_Ch","62316","19.59389268","33.10662656","35.17954336","","22700",""
"South","Sour","Aaytit","عيتيت","LB_Sout_Sour_Aaytit","62217","7.15925175","33.22915203","35.29991044","","22700",""
"South","Sour","Aaziyeh","عزِّيه","LB_Sout_Sour_Aaziyeh","62294","7.68100719","33.17353721","35.24211522","","22700",""
"South","Sour","Abou Chech","أبو شاش","LB_Sout_Sour_Abou_Chech","62319","2.51523174","33.12767796","35.20713183","","22700",""
"South","Sour","Arzoun","ارزون","LB_Sout_Sour_Arzoun","62256","1.00187968","33.28196557","35.38346866","","22700",""
"South","Sour","Bafliyeh","بافليه","LB_Sout_Sour_Bafliyeh","62221","3.44317149","33.26068743","35.36542043","","22700",""
"South","Sour","Barich","باريش","LB_Sout_Sour_Barich","62224","4.03339497","33.26866829","35.35210186","","22700",""
"South","Sour","Batoulay","باتوليه","LB_Sout_Sour_Batoulay","62162","4.38599491","33.2305227","35.25085714","","22700",""
"South","Sour","Bazouriyeh","بازورية","LB_Sout_Sour_Bazouriyeh","62246","9.93460373","33.25335175","35.26686339","","22700",""
"South","Sour","Bedias","بدياس","LB_Sout_Sour_Bedias","62274","4.03872771","33.31453592","35.30152565","","22700",""
"South","Sour","Bestiyat","بستيات","LB_Sout_Sour_Bestiyat","62249","1.21702967","33.28364084","35.35986627","","22700",""
"South","Sour","Biyad","البياض صور","LB_Sout_Sour_Biyad","62226","2.110342","33.20551095","35.32580342","","22700",""
"South","Sour","Borj Ech-Chemali","برج الشمالي","LB_Sout_Sour_Borj_Ech_Che","62128","10.67697316","33.26072574","35.23218537","","22700",""
"South","Sour","Borj En-Naqoura","الناقورة","LB_Sout_Sour_Borj_En_Naqo","62312","10.53672494","33.11053831","35.12259165","","22700",""
"South","Sour","Borj Rahhal","برج رحال","LB_Sout_Sour_Borj_Rahhal","62283","1.16864373","33.31175985","35.27911073","","22700",""
"South","Sour","Boustane","بستان صور","LB_Sout_Sour_Boustane","62321","1.97351221","33.1011866","35.25926373","","22700",""
"South","Sour","Btaychiyeh","بطيشية","LB_Sout_Sour_Btaychiyeh","62331","2.58751821","33.11000719","35.20731611","","22700",""
"South","Sour","Chaaitiyeh","شعيتية","LB_Sout_Sour_Chaaitiyeh","62277","4.81539413","33.19987789","35.2522418","","22700",""
"South","Sour","Chamaa","شمع","LB_Sout_Sour_Chamaa","62298","4.13358522","33.14593487","35.20523729","","22700",""
"South","Sour","Chehabiyeh","شهابية","LB_Sout_Sour_Chehabiyeh","62254","5.82470183","33.24009507","35.37515936","","22700",""
"South","Sour","Chehour","شحور","LB_Sout_Sour_Chehour","62264","7.80294256","33.29763167","35.37681701","","22700",""
"South","Sour","Chihine","شيحين","LB_Sout_Sour_Chihine","62285","5.48296056","33.12868433","35.25897573","","22700",""
"South","Sour","Debaal Sour","دبعل","LB_Sout_Sour_Debaal_Sour","62212","3.58276839","33.25246114","35.34767829","","22700",""
"South","Sour","Deir Aames","ديرعامص","LB_Sout_Sour_Deir_Aames","62223","1.64120082","33.19403479","35.34327986","","22700",""
"South","Sour","Deir Kifa","دير كيفا","LB_Sout_Sour_Deir_Kifa","62251","6.19639042","33.25373059","35.40248767","","22700",""
"South","Sour","Deir Qanoun El-Aain","دير قانون","LB_Sout_Sour_Deir_Qanoun_","62179","7.95710744","33.21412333","35.22445451","","22700",""
"South","Sour","Deir Qanoun En-Nahr","دير قانون النهر","LB_Sout_Sour_Deir_Qanoun_","62263","3.97878805","33.30254504","35.30686089","","22700",""
"South","Sour","Derdaghaiya","دردغايا","LB_Sout_Sour_Derdaghaiya","62239","3.75388848","33.27955939","35.36873802","","22700",""
"South","Sour","Dhayra","ظهيرة","LB_Sout_Sour_Dhayra","62341","3.71783971","33.10689922","35.21999622","","22700",""
"South","Sour","Halloussiyeh","حلوسية","LB_Sout_Sour_Halloussiyeh","62269","4.42802274","33.3087382","35.3252853","","22700",""
"South","Sour","Hamoul","حامول","LB_Sout_Sour_Hamoul","62314","7.65812743","33.13587386","35.16831552","","22700",""
"South","Sour","Hanaouay","حناوي","LB_Sout_Sour_Hanaouay","62247","4.64473723","33.22016124","35.27191689","","22700",""
"South","Sour","Henniyeh","حنية","LB_Sout_Sour_Henniyeh","62293","1.64425527","33.18890181","35.22034845","","22700",""
"South","Sour","Hmairi Sour","حميري","LB_Sout_Sour_Hmairi_Sour","62244","1.54802996","33.29618109","35.34876015","","22700",""
"South","Sour","Iskandarouna Sour","إسكندرونة","LB_Sout_Sour_Iskandarouna","62299","8.07902661","33.15367872","35.18215887","","22700",""
"South","Sour","Jbal El-Botm","جبال البطم","LB_Sout_Sour_Jbal_El_Botm","62279","14.46470871","33.16806517","35.29912439","","22700",""
"South","Sour","Jennata","جناتا","LB_Sout_Sour_Jennata","62237","2.55731276","33.2866718","35.31945992","","22700",""
"South","Sour","Jibbayn","جبين","LB_Sout_Sour_Jibbayn","62292","2.99417314","33.12986718","35.23721213","","22700",""
"South","Sour","Jijim","ججيم","LB_Sout_Sour_Jijim","62318","3.15860227","33.12746029","35.19005384","","22700",""
"South","Sour","Jouaiya","جويا","LB_Sout_Sour_Jouaiya","62211","9.77094686","33.2441963","35.33028642","","22700",""
"South","Sour","Kneisset Sour","كنيسة صور","LB_Sout_Sour_Kneisset_Sou","62267","1.15405174","33.20539449","35.26242496","","22700",""
"South","Sour","Maarakeh","معركة","LB_Sout_Sour_Maarakeh","62231","9.78403811","33.27221575","35.30952208","","22700",""
"South","Sour","Maaroub","معروب","LB_Sout_Sour_Maaroub","62234","5.41228848","33.28391026","35.34199345","","22700",""
"South","Sour","Majdel","المجادل","LB_Sout_Sour_Majdel","62214","2.24964844","33.23246498","35.36362065","","22700",""
"South","Sour","Majdelzoun","مجدل زون","LB_Sout_Sour_Majdelzoun","62297","10.85148923","33.15463562","35.23362315","","22700",""
"South","Sour","Mansouri Sour","المنصوري","LB_Sout_Sour_Mansouri_Sou","62296","7.45686268","33.17390563","35.20586962","","22700",""
"South","Sour","Marnba","مرنبا","LB_Sout_Sour_Marnba","62284","2.39967221","33.30384678","35.41474632","","22700",""
"South","Sour","Mazraat Ez-Zalloutiyeh","مزرعة الزلوطية","LB_Sout_Sour_Mazraat_Ez_Z","62351","2.10260956","33.10989705","35.24735422","","22700",""
"South","Sour","Mazraat Mechref","مزرعة المشرف","LB_Sout_Sour_Mazraat_Mech","62215","12.64323444","33.21556338","35.33688096","","22700",""
"South","Sour","Mazraat Tayr Semhat","طير سمحات","LB_Sout_Sour_Mazraat_Tayr","62281","2.64510921","33.29636389","35.40116363","","22700",""
"South","Sour","Merouahine","مروحين","LB_Sout_Sour_Merouahine","62311","9.99420631","33.1155978","35.27494388","","22700",""
"South","Sour","Mheilib","محيليب","LB_Sout_Sour_Mheilib","62245","6.30076455","33.30740157","35.23792155","","22700",""
"South","Sour","Neftakhiyeh","نفاخية","LB_Sout_Sour_Neftakhiyeh","62233","1.4047966","33.27029101","35.38634797","","22700",""
"South","Sour","Niha Sour","نيحا صور","LB_Sout_Sour_Niha_Sour","62257","1.27506953","33.27399318","35.3998319","","22700",""
"South","Sour","Ouadi Jilo","وادي جيلو","LB_Sout_Sour_Ouadi_Jilo","62218","4.33053129","33.25108084","35.29361493","","22700",""
"South","Sour","Qana","قانا","LB_Sout_Sour_Qana","62229","7.21879142","33.20596928","35.29999821","","22700",""
"South","Sour","Qlaileh Sour","قليلة","LB_Sout_Sour_Qlaileh_Sour","62287","10.62161233","33.19689751","35.22468698","","22700",""
"South","Sour","Recheknanay","رشكنانيه","LB_Sout_Sour_Recheknanay","62236","6.14937134","33.18678006","35.32879515","","22700",""
"South","Sour","Rmadiyeh","رمادية","LB_Sout_Sour_Rmadiyeh","62259","3.04356042","33.20235788","35.27667525","","22700",""
"South","Sour","Sadiqine","صديقين","LB_Sout_Sour_Sadiqine","62241","2.19534038","33.19138841","35.30644322","","22700",""
"South","Sour","Selaa Sour","سلعا","LB_Sout_Sour_Selaa_Sour","62227","2.19553927","33.25691188","35.38244514","","22700",""
"South","Sour","Sour","صور","LB_Sout_Sour_Sour","62111","6.55958222","33.24902125","35.2158149","","22700",""
"South","Sour","Srifa","صريفا","LB_Sout_Sour_Srifa","62266","2.60894838","33.28160337","35.40200478","","22700",""
"South","Sour","Tayr Debbeh","طير دبّه","LB_Sout_Sour_Tayr_Debbeh","62253","5.77255183","33.27805683","35.27240041","","22700",""
"South","Sour","Tayr Falsay","طير فلسيه","LB_Sout_Sour_Tayr_Falsay","62271","5.17878371","33.31200532","35.34490956","","22700",""
"South","Sour","Tayr Harfa","طير حرفا","LB_Sout_Sour_Tayr_Harfa","62295","4.46666798","33.1335807","35.22433911","","22700",""
"South","Sour","Touayri","طويري","LB_Sout_Sour_Touayri","62273","2.56650434","33.277367","35.42104839","","22700",""
"South","Sour","Toura","طورا","LB_Sout_Sour_Toura","62261","2.03326984","33.29242953","35.30199696","","22700",""
"South","Sour","Yanouh Sour","يانوح صور","LB_Sout_Sour_Yanouh_Sour","62219","3.0632718","33.25845691","35.3037002","","22700",""
"South","Sour","Yarine","يارين","LB_Sout_Sour_Yarine","62308","3.27791357","33.10594114","35.23539261","","22700",""
"South","Sour","Zebqine","زبقين","LB_Sout_Sour_Zebqine","62286","14.5606372","33.15796413","35.2633899","","22700",""
